{
"type": "FeatureCollection",
"name": "2604106",
"crs": { "type": "name", "properties": { "name": "urn:ogc:def:crs:OGC:1.3:CRS84" } },
"features": [
{ "type": "Feature", "properties": { "CD_MUN": "2604106", "NM_MUN": "Caruaru" }, "geometry": { "type": "MultiPolygon", "coordinates": [ [ [ [ -36.060683499999975, -8.347718499999946 ], [ -36.060519899999981, -8.348279099999957 ], [ -36.060702199999987, -8.348488 ], [ -36.060953299999944, -8.348520399999941 ], [ -36.061291399999966, -8.348406899999924 ], [ -36.06184, -8.348014099999951 ], [ -36.062198599999931, -8.347607699999962 ], [ -36.062428799999971, -8.3471575 ], [ -36.062745, -8.346683599999949 ], [ -36.062879599999981, -8.346478799999963 ], [ -36.062996099999957, -8.3464466 ], [ -36.063118399999951, -8.34650309999993 ], [ -36.063253699999969, -8.346617 ], [ -36.063484399999936, -8.344484299999966 ], [ -36.063486299999973, -8.344466699999948 ], [ -36.063751299999971, -8.342017599999963 ], [ -36.063912499999965, -8.340526299999954 ], [ -36.06189709999996, -8.340422499999924 ], [ -36.060909299999935, -8.340294199999972 ], [ -36.060689799999977, -8.340376499999921 ], [ -36.060589299999954, -8.340489099999967 ], [ -36.060531599999933, -8.340674599999936 ], [ -36.060570299999931, -8.341233899999962 ], [ -36.061784799999934, -8.343151899999933 ], [ -36.062144399999966, -8.343919 ], [ -36.062263399999956, -8.344521799999953 ], [ -36.062204799999968, -8.345140899999922 ], [ -36.062115899999981, -8.345543199999963 ], [ -36.061921899999952, -8.346073 ], [ -36.061581599999954, -8.346497899999973 ], [ -36.061112499999979, -8.346909599999936 ], [ -36.060683499999975, -8.347718499999946 ] ] ], [ [ [ -36.060722, -8.295048199999966 ], [ -36.06001519999996, -8.297474499999971 ], [ -36.063970299999937, -8.298269699999937 ], [ -36.064157199999954, -8.298575399999944 ], [ -36.064368099999975, -8.29875619999993 ], [ -36.064574799999946, -8.298889 ], [ -36.064765, -8.29898629999996 ], [ -36.064881199999952, -8.299030899999929 ], [ -36.065029599999946, -8.299060599999939 ], [ -36.065223699999933, -8.29908049999994 ], [ -36.065372299999986, -8.299078199999927 ], [ -36.065551599999935, -8.299042499999906 ], [ -36.065849499999956, -8.29895889999996 ], [ -36.066218299999946, -8.298874199999958 ], [ -36.066397599999959, -8.298841899999951 ], [ -36.066522599999985, -8.298834399999956 ], [ -36.066650799999934, -8.298853799999977 ], [ -36.066775599999964, -8.298878299999972 ], [ -36.066918899999969, -8.298918 ], [ -36.067061299999985, -8.298976899999968 ], [ -36.06766649999998, -8.2944363 ], [ -36.065922299999947, -8.294309799999946 ], [ -36.065983299999971, -8.29329779999996 ], [ -36.06610859999995, -8.293039499999944 ], [ -36.066327699999924, -8.292833599999955 ], [ -36.06664509999996, -8.2926184 ], [ -36.066750799999973, -8.292256699999932 ], [ -36.065901499999946, -8.291828499999962 ], [ -36.065654499999937, -8.291764699999945 ], [ -36.064459699999937, -8.291343199999964 ], [ -36.064515799999981, -8.291134499999927 ], [ -36.064562199999955, -8.290943899999947 ], [ -36.064651899999944, -8.290725699999934 ], [ -36.064711799999941, -8.290551399999973 ], [ -36.064339199999949, -8.290453699999922 ], [ -36.064196499999987, -8.290426299999968 ], [ -36.064053599999973, -8.29042 ], [ -36.063920899999978, -8.290455899999934 ], [ -36.063814699999966, -8.290505199999949 ], [ -36.06366079999998, -8.290543599999969 ], [ -36.063393299999973, -8.290560099999952 ], [ -36.063144899999941, -8.290500299999948 ], [ -36.062920299999973, -8.290451199999962 ], [ -36.06276169999996, -8.290421 ], [ -36.062494299999969, -8.290413699999931 ], [ -36.062368399999976, -8.291333099999973 ], [ -36.06241319999998, -8.292077 ], [ -36.062430399999982, -8.292609799999981 ], [ -36.062429599999966, -8.292888 ], [ -36.062409, -8.293168699999985 ], [ -36.062383, -8.293459899999981 ], [ -36.062342599999972, -8.294273099999932 ], [ -36.062345099999959, -8.29460229999993 ], [ -36.062345299999947, -8.294619899999923 ], [ -36.062368799999952, -8.294842899999917 ], [ -36.062370599999959, -8.294954899999944 ], [ -36.062377499999968, -8.2950921 ], [ -36.062474799999968, -8.295531899999951 ], [ -36.062484599999955, -8.295644 ], [ -36.062494099999981, -8.295795699999941 ], [ -36.062483599999958, -8.295952499999926 ], [ -36.062435499999928, -8.296378099999982 ], [ -36.061761099999963, -8.296229699999953 ], [ -36.061188, -8.295756499999912 ], [ -36.060722, -8.295048199999966 ] ] ], [ [ [ -36.058543, -8.293767099999984 ], [ -36.058694599999974, -8.293704099999964 ], [ -36.058824599999987, -8.293671699999935 ], [ -36.058952799999936, -8.29364579999997 ], [ -36.059038899999976, -8.293637799999935 ], [ -36.058924899999958, -8.293465699999965 ], [ -36.05894329999996, -8.293106499999952 ], [ -36.058965, -8.29274539999993 ], [ -36.058983, -8.292391599999979 ], [ -36.059021099999939, -8.291523199999981 ], [ -36.059033699999922, -8.291167599999959 ], [ -36.059052, -8.290804099999953 ], [ -36.059061, -8.290576299999948 ], [ -36.059122699999932, -8.290400699999974 ], [ -36.059159099999931, -8.28968959999998 ], [ -36.059177199999972, -8.289322 ], [ -36.059231699999941, -8.288300499999934 ], [ -36.060789299999954, -8.288279199999966 ], [ -36.061498899999947, -8.2882734 ], [ -36.062393399999962, -8.288267 ], [ -36.06250069999993, -8.28749639999994 ], [ -36.062606199999948, -8.287042 ], [ -36.0626008, -8.286614399999966 ], [ -36.062643199999975, -8.286551799999916 ], [ -36.062642699999969, -8.286184099999939 ], [ -36.062598799999932, -8.286142799999936 ], [ -36.062605799999972, -8.2851666 ], [ -36.061120599999981, -8.2851803 ], [ -36.059587099999924, -8.285190799999945 ], [ -36.0580437, -8.285188899999957 ], [ -36.057716499999977, -8.28518849999994 ], [ -36.057655499999953, -8.286596499999973 ], [ -36.057608799999969, -8.287524 ], [ -36.057488899999953, -8.289907099999914 ], [ -36.057317199999957, -8.2933715 ], [ -36.057235599999956, -8.295017599999948 ], [ -36.057264599999939, -8.295224899999916 ], [ -36.057282799999946, -8.295213799999942 ], [ -36.057362599999983, -8.295152099999916 ], [ -36.05748159999996, -8.295018399999924 ], [ -36.057613399999987, -8.294840599999924 ], [ -36.057683699999977, -8.294732699999944 ], [ -36.0578412, -8.294472399999963 ], [ -36.058005499999986, -8.294234899999937 ], [ -36.058103, -8.294114199999948 ], [ -36.058172699999943, -8.2940169 ], [ -36.058272699999982, -8.293922199999921 ], [ -36.058387799999927, -8.293846099999957 ], [ -36.058543, -8.293767099999984 ] ] ], [ [ [ -36.030714899999964, -8.274486299999982 ], [ -36.030390399999931, -8.27450179999995 ], [ -36.030296799999967, -8.274530599999917 ], [ -36.030237299999953, -8.274592699999976 ], [ -36.030072299999972, -8.274848099999941 ], [ -36.029979299999987, -8.274957199999973 ], [ -36.029689699999949, -8.275112599999938 ], [ -36.029304599999939, -8.275298699999961 ], [ -36.029104799999978, -8.275412399999919 ], [ -36.029220799999962, -8.275863699999963 ], [ -36.029314299999953, -8.276319 ], [ -36.029394699999955, -8.276768799999964 ], [ -36.02942789999998, -8.277190899999942 ], [ -36.029483699999957, -8.27762029999996 ], [ -36.029502299999933, -8.278079899999979 ], [ -36.030986199999973, -8.278066799999968 ], [ -36.031185599999965, -8.278145599999975 ], [ -36.031344199999978, -8.278275199999959 ], [ -36.031431499999947, -8.278397899999979 ], [ -36.031461899999961, -8.278453699999959 ], [ -36.03148119999998, -8.278520899999931 ], [ -36.03148079999994, -8.278967499999979 ], [ -36.03148809999994, -8.279423399999921 ], [ -36.031493399999938, -8.279873799999958 ], [ -36.033059399999964, -8.279861 ], [ -36.032917399999974, -8.279403299999963 ], [ -36.032841399999938, -8.279144699999971 ], [ -36.032784, -8.2789496 ], [ -36.032725399999954, -8.278724699999961 ], [ -36.032688599999965, -8.278502899999975 ], [ -36.032614799999983, -8.278053799999974 ], [ -36.032554199999943, -8.277598699999951 ], [ -36.032501499999967, -8.277201599999959 ], [ -36.032444099999964, -8.276746599999953 ], [ -36.032426299999941, -8.276301 ], [ -36.032433799999986, -8.275847199999935 ], [ -36.032425099999955, -8.275395 ], [ -36.032407299999939, -8.27477339999994 ], [ -36.032444799999951, -8.274553399999947 ], [ -36.032477399999948, -8.274406799999946 ], [ -36.03252509999993, -8.27430579999997 ], [ -36.032595199999946, -8.27419639999993 ], [ -36.032813199999964, -8.273787299999961 ], [ -36.032848399999978, -8.27372069999995 ], [ -36.032896099999959, -8.273640699999941 ], [ -36.032986299999948, -8.273517099999919 ], [ -36.033077299999945, -8.273402 ], [ -36.033138899999983, -8.273317 ], [ -36.033207699999942, -8.273208899999931 ], [ -36.033255499999946, -8.273126099999969 ], [ -36.033307199999975, -8.273023199999944 ], [ -36.033501399999977, -8.27261619999998 ], [ -36.033551199999977, -8.272507399999963 ], [ -36.033584499999961, -8.272441899999935 ], [ -36.033665399999961, -8.2723152 ], [ -36.033710499999984, -8.272232699999963 ], [ -36.03378639999994, -8.272094199999954 ], [ -36.033878099999974, -8.271959699999959 ], [ -36.034931199999953, -8.272576399999943 ], [ -36.03506949999997, -8.272349599999915 ], [ -36.035219799999943, -8.272083499999951 ], [ -36.036577199999954, -8.271917 ], [ -36.036636099999953, -8.271833099999988 ], [ -36.036703099999961, -8.271725399999971 ], [ -36.036751299999928, -8.271644099999961 ], [ -36.036759899999936, -8.271567699999951 ], [ -36.036736699999949, -8.271477799999966 ], [ -36.036633899999984, -8.271238299999926 ], [ -36.036757299999977, -8.271195799999941 ], [ -36.036805299999976, -8.271154 ], [ -36.036877799999971, -8.271012099999924 ], [ -36.03694, -8.270846499999941 ], [ -36.036978099999942, -8.270707 ], [ -36.036981699999956, -8.270580499999939 ], [ -36.036958399999946, -8.2705038 ], [ -36.036882899999966, -8.2703893 ], [ -36.03747919999995, -8.270225499999965 ], [ -36.037743399999954, -8.270159399999963 ], [ -36.037856899999959, -8.270121299999969 ], [ -36.037946699999964, -8.270085199999906 ], [ -36.038029699999989, -8.270033899999941 ], [ -36.038370599999951, -8.269816799999923 ], [ -36.038447699999949, -8.269778099999956 ], [ -36.038508499999978, -8.269759399999941 ], [ -36.038606099999981, -8.269736099999918 ], [ -36.038704499999938, -8.269721199999944 ], [ -36.038929399999972, -8.269819199999951 ], [ -36.039009699999951, -8.269692699999935 ], [ -36.039043199999981, -8.2696086 ], [ -36.039051799999982, -8.269537 ], [ -36.039047299999936, -8.269457099999954 ], [ -36.038963799999969, -8.268802899999981 ], [ -36.038696899999934, -8.26879849999996 ], [ -36.038700099999971, -8.268639699999957 ], [ -36.03870859999995, -8.268515199999971 ], [ -36.038724399999978, -8.268461099999952 ], [ -36.03875289999997, -8.268402299999941 ], [ -36.038859199999933, -8.268166299999972 ], [ -36.03908389999998, -8.267700699999976 ], [ -36.038421899999946, -8.267341099999943 ], [ -36.037942599999958, -8.267058399999947 ], [ -36.037377399999961, -8.266706199999923 ], [ -36.037254799999971, -8.266635599999951 ], [ -36.037132199999974, -8.266565 ], [ -36.037004699999962, -8.266501799999975 ], [ -36.03682619999995, -8.266442199999966 ], [ -36.036485799999973, -8.2663699 ], [ -36.036152, -8.266305699999972 ], [ -36.035989599999944, -8.266269799999971 ], [ -36.035893499999936, -8.266225899999922 ], [ -36.035749299999964, -8.266229199999945 ], [ -36.035648899999956, -8.2662746 ], [ -36.034909199999959, -8.266576599999963 ], [ -36.033706299999956, -8.266999599999982 ], [ -36.03352179999996, -8.2670583 ], [ -36.033423699999958, -8.267075399999964 ], [ -36.033187, -8.2671147 ], [ -36.032889, -8.267163 ], [ -36.032786699999974, -8.267187199999958 ], [ -36.032589599999945, -8.2672464 ], [ -36.032281499999954, -8.26735119999995 ], [ -36.032143399999939, -8.267399399999935 ], [ -36.032031, -8.267432399999977 ], [ -36.031843399999957, -8.26747459999997 ], [ -36.031573199999968, -8.267521899999982 ], [ -36.030898399999955, -8.26766779999995 ], [ -36.030729899999983, -8.267704699999952 ], [ -36.03058139999996, -8.267728899999961 ], [ -36.0304503, -8.267739499999939 ], [ -36.030347, -8.267743899999981 ], [ -36.030143099999975, -8.267727099999936 ], [ -36.029878599999961, -8.26770659999994 ], [ -36.029734399999938, -8.267697499999922 ], [ -36.029535, -8.2676946 ], [ -36.02939089999996, -8.267701199999962 ], [ -36.029254199999976, -8.267713199999962 ], [ -36.029132499999939, -8.267729699999951 ], [ -36.02868639999997, -8.267813399999985 ], [ -36.028555099999949, -8.267840699999963 ], [ -36.028567399999922, -8.267902899999983 ], [ -36.028581099999947, -8.268013099999953 ], [ -36.028604, -8.268256699999922 ], [ -36.0286182, -8.268370899999958 ], [ -36.028641099999959, -8.268520699999952 ], [ -36.028705399999986, -8.268882899999948 ], [ -36.028728599999965, -8.268992399999961 ], [ -36.02875679999994, -8.269199599999958 ], [ -36.028782399999962, -8.26949779999995 ], [ -36.028804299999933, -8.269597299999921 ], [ -36.028879199999956, -8.269920799999971 ], [ -36.028892, -8.270225499999986 ], [ -36.028875799999987, -8.270800399999933 ], [ -36.028848399999966, -8.271094299999977 ], [ -36.028859699999948, -8.271163699999942 ], [ -36.028840299999949, -8.271213799999938 ], [ -36.029957799999977, -8.271375799999918 ], [ -36.029955499999971, -8.271439199999975 ], [ -36.029941299999962, -8.271565699999954 ], [ -36.02991829999997, -8.27171469999996 ], [ -36.029915799999969, -8.2717767 ], [ -36.029927799999939, -8.271837 ], [ -36.029959499999968, -8.271913699999962 ], [ -36.030003699999959, -8.271976599999972 ], [ -36.030135899999955, -8.272129099999981 ], [ -36.03041039999993, -8.272484 ], [ -36.030681299999976, -8.272829199999956 ], [ -36.030917699999982, -8.273195299999946 ], [ -36.031046099999969, -8.273420499999931 ], [ -36.03109579999996, -8.273490699999954 ], [ -36.031162499999944, -8.273570299999962 ], [ -36.031075499999929, -8.273563199999936 ], [ -36.031071199999928, -8.274470499999962 ], [ -36.031007499999937, -8.274484099999915 ], [ -36.030714899999964, -8.274486299999982 ] ] ], [ [ [ -36.078379699999971, -8.207818599999944 ], [ -36.080777299999966, -8.207194799999964 ], [ -36.082734699999946, -8.207038799999966 ], [ -36.082828699999943, -8.205618 ], [ -36.081005499999954, -8.205384199999941 ], [ -36.079555699999958, -8.205407599999928 ], [ -36.07899249999997, -8.205502599999932 ], [ -36.077745799999938, -8.20584849999994 ], [ -36.077948799999945, -8.206711899999972 ], [ -36.078278499999961, -8.20784529999996 ], [ -36.078379699999971, -8.207818599999944 ] ] ], [ [ [ -36.061360799999939, -8.136614599999987 ], [ -36.062220799999984, -8.136233599999956 ], [ -36.062475799999959, -8.135951799999901 ], [ -36.062656699999934, -8.135507799999958 ], [ -36.062862099999961, -8.13525519999996 ], [ -36.063675799999942, -8.134964299999973 ], [ -36.062865799999933, -8.134070299999959 ], [ -36.062780799999985, -8.133911499999932 ], [ -36.062232499999944, -8.134445699999967 ], [ -36.061916599999968, -8.134663699999981 ], [ -36.061633, -8.134771799999962 ], [ -36.060565899999972, -8.133850599999969 ], [ -36.058992699999976, -8.132755299999946 ], [ -36.058797299999981, -8.132441799999963 ], [ -36.058474899999972, -8.131259199999915 ], [ -36.058209499999968, -8.1301736 ], [ -36.055870799999987, -8.130631199999936 ], [ -36.054154499999989, -8.13103219999995 ], [ -36.054411499999958, -8.138232 ], [ -36.05444939999996, -8.13837319999995 ], [ -36.054600199999989, -8.138675 ], [ -36.054655, -8.138842499999951 ], [ -36.054752399999984, -8.13910109999995 ], [ -36.054825099999952, -8.139276499999943 ], [ -36.054859399999941, -8.139425199999943 ], [ -36.05498289999997, -8.140154 ], [ -36.060189899999962, -8.137629199999935 ], [ -36.060110499999951, -8.13747089999992 ], [ -36.060076699999961, -8.137364599999964 ], [ -36.060078899999951, -8.137052199999973 ], [ -36.061360799999939, -8.136614599999987 ] ] ], [ [ [ -36.044501099999934, -8.082423 ], [ -36.044304199999935, -8.0822166 ], [ -36.044254799999976, -8.082163099999933 ], [ -36.0442336, -8.082128799999971 ], [ -36.044253699999956, -8.08203009999993 ], [ -36.044268, -8.08193349999995 ], [ -36.044259299999972, -8.081776299999932 ], [ -36.044266599999958, -8.081678899999948 ], [ -36.044317799999938, -8.081558899999933 ], [ -36.04450809999998, -8.081264899999942 ], [ -36.044711099999972, -8.080950399999978 ], [ -36.044894499999948, -8.080686699999955 ], [ -36.045184, -8.080058799999973 ], [ -36.045284799999934, -8.079893 ], [ -36.04537849999997, -8.079753 ], [ -36.045412799999959, -8.079670299999957 ], [ -36.045806899999945, -8.07974209999996 ], [ -36.047505199999939, -8.077794099999927 ], [ -36.047672599999949, -8.077489599999954 ], [ -36.048014199999955, -8.076825599999943 ], [ -36.048046299999946, -8.07673079999997 ], [ -36.048062699999953, -8.076733399999984 ], [ -36.048317899999972, -8.076557799999925 ], [ -36.048449599999969, -8.076387699999959 ], [ -36.046970699999974, -8.075817 ], [ -36.045869499999974, -8.075856 ], [ -36.044956799999959, -8.071917599999933 ], [ -36.044650599999962, -8.069181099999984 ], [ -36.044614099999919, -8.069041499999981 ], [ -36.0432608, -8.069445199999944 ], [ -36.042792499999969, -8.069584899999935 ], [ -36.042339199999965, -8.069720499999974 ], [ -36.041772899999948, -8.06988909999998 ], [ -36.042112599999939, -8.072073599999939 ], [ -36.041995299999947, -8.072936899999943 ], [ -36.040972799999963, -8.075454399999943 ], [ -36.038617199999983, -8.078298799999979 ], [ -36.040036399999963, -8.08071959999995 ], [ -36.040774899999974, -8.08197919999998 ], [ -36.041001, -8.082176499999923 ], [ -36.041250199999979, -8.082309399999927 ], [ -36.041369099999947, -8.082372799999959 ], [ -36.043758, -8.083099599999953 ], [ -36.043993499999949, -8.083171399999966 ], [ -36.044254199999955, -8.083251599999951 ], [ -36.044501099999934, -8.082423 ] ] ], [ [ [ -36.054547299999975, -8.02231579999996 ], [ -36.054562299999937, -8.022215 ], [ -36.054189199999939, -8.018313 ], [ -36.054003799999975, -8.018191199999936 ], [ -36.053851799999968, -8.018131499999969 ], [ -36.053540699999985, -8.018094499999934 ], [ -36.053280399999956, -8.018094799999981 ], [ -36.053034199999964, -8.018085599999962 ], [ -36.052786399999945, -8.018076499999971 ], [ -36.052735199999979, -8.017619399999935 ], [ -36.052703199999939, -8.01741819999997 ], [ -36.052654299999979, -8.017148199999951 ], [ -36.052599, -8.017008299999921 ], [ -36.05322589999998, -8.017048899999944 ], [ -36.053227399999976, -8.017000299999932 ], [ -36.053407199999988, -8.016742699999952 ], [ -36.053565399999968, -8.016449 ], [ -36.053755699999954, -8.016238499999934 ], [ -36.055122799999928, -8.015951799999918 ], [ -36.055757199999967, -8.015424199999945 ], [ -36.05678859999994, -8.01465019999997 ], [ -36.057184299999975, -8.01425049999995 ], [ -36.058248499999934, -8.014297499999968 ], [ -36.058368899999948, -8.013990199999981 ], [ -36.05752769999998, -8.013596 ], [ -36.058221799999956, -8.011937399999947 ], [ -36.05755129999995, -8.011723899999936 ], [ -36.057418, -8.011681399999942 ], [ -36.057338799999975, -8.011656199999976 ], [ -36.057148899999959, -8.011595699999955 ], [ -36.0544556, -8.010578599999969 ], [ -36.05384219999997, -8.010346899999963 ], [ -36.053762799999959, -8.010316899999976 ], [ -36.053659399999958, -8.010277899999926 ], [ -36.052379899999956, -8.009794699999928 ], [ -36.051170099999979, -8.0095234 ], [ -36.049544099999949, -8.008879199999949 ], [ -36.049198799999949, -8.008742399999971 ], [ -36.048948799999948, -8.00862149999992 ], [ -36.04782339999997, -8.008077 ], [ -36.046606899999965, -8.007488399999952 ], [ -36.044899299999948, -8.007338799999959 ], [ -36.044715, -8.007322699999968 ], [ -36.043766699999935, -8.007261099999937 ], [ -36.043523, -8.007672399999949 ], [ -36.043491299999978, -8.007730199999967 ], [ -36.043447299999968, -8.00809139999998 ], [ -36.043478899999961, -8.008524499999968 ], [ -36.043546599999964, -8.008886199999941 ], [ -36.043584299999964, -8.009184199999938 ], [ -36.043789799999956, -8.00954609999998 ], [ -36.044070799999929, -8.009988199999963 ], [ -36.044384499999978, -8.010248499999939 ], [ -36.04479089999996, -8.010454499999987 ], [ -36.044944399999963, -8.010596399999958 ], [ -36.045119099999972, -8.010868399999927 ], [ -36.045535199999968, -8.0114202 ], [ -36.046032099999927, -8.011855699999968 ], [ -36.046877499999944, -8.012202699999923 ], [ -36.047148, -8.012355199999938 ], [ -36.047352599999954, -8.012546899999972 ], [ -36.047655499999962, -8.01289559999997 ], [ -36.048277499999983, -8.013298 ], [ -36.04877659999994, -8.013814899999948 ], [ -36.049100099999983, -8.014617899999985 ], [ -36.0491459, -8.014906 ], [ -36.049072799999983, -8.015023799999947 ], [ -36.04903129999996, -8.01516339999994 ], [ -36.049004899999943, -8.015336899999953 ], [ -36.048971, -8.015574599999976 ], [ -36.048959599999932, -8.015927299999912 ], [ -36.0489181, -8.016108299999914 ], [ -36.048884199999982, -8.016372399999979 ], [ -36.048854, -8.016595 ], [ -36.048776699999962, -8.0169562 ], [ -36.049325499999952, -8.017099499999983 ], [ -36.049880099999939, -8.017186299999944 ], [ -36.050306299999932, -8.017224 ], [ -36.050577899999958, -8.017295699999982 ], [ -36.050834399999935, -8.017413499999977 ], [ -36.051121099999925, -8.017473899999956 ], [ -36.051317299999944, -8.017556899999924 ], [ -36.051494599999963, -8.017647399999904 ], [ -36.05160779999995, -8.017734199999976 ], [ -36.051785099999968, -8.017817199999969 ], [ -36.051845399999941, -8.017851099999948 ], [ -36.052005699999938, -8.017923699999917 ], [ -36.052216, -8.017996399999964 ], [ -36.052406499999968, -8.018220799999943 ], [ -36.052583799999987, -8.018471699999978 ], [ -36.052625299999924, -8.018739499999972 ], [ -36.0526546, -8.018807099999966 ], [ -36.052665099999963, -8.018945499999951 ], [ -36.052690899999966, -8.019437499999976 ], [ -36.052781399999958, -8.02056759999995 ], [ -36.052924799999964, -8.022436399999952 ], [ -36.053134899999975, -8.022480399999944 ], [ -36.053290499999946, -8.022623899999914 ], [ -36.053405599999962, -8.022824399999909 ], [ -36.053507699999955, -8.022974599999946 ], [ -36.053625, -8.023036599999942 ], [ -36.053990799999958, -8.02301189999997 ], [ -36.054213899999979, -8.022881299999936 ], [ -36.054433599999989, -8.022722399999953 ], [ -36.054536399999961, -8.022548599999949 ], [ -36.054547299999975, -8.02231579999996 ] ] ], [ [ [ -36.024138799999946, -8.31299869999998 ], [ -36.024166299999941, -8.312918199999947 ], [ -36.024220299999975, -8.312867699999959 ], [ -36.024328599999926, -8.312825399999946 ], [ -36.024617099999944, -8.3128361 ], [ -36.024773599999939, -8.3128331 ], [ -36.024911599999946, -8.312864199999964 ], [ -36.025148799999961, -8.312922 ], [ -36.025291199999963, -8.312931599999953 ], [ -36.025541299999929, -8.312998 ], [ -36.025679299999979, -8.313037799999973 ], [ -36.025756899999983, -8.313051299999925 ], [ -36.025851899999971, -8.313056299999984 ], [ -36.026020799999969, -8.313001599999936 ], [ -36.026163599999968, -8.312981199999966 ], [ -36.026293099999982, -8.312990799999945 ], [ -36.026685699999973, -8.313066799999946 ], [ -36.026867099999947, -8.313072499999956 ], [ -36.027121899999955, -8.313078699999938 ], [ -36.027316199999987, -8.313101699999935 ], [ -36.027518799999939, -8.313154799999937 ], [ -36.027729699999959, -8.31325969999993 ], [ -36.027871599999976, -8.31334679999998 ], [ -36.027934699999946, -8.313398899999969 ], [ -36.028644599999943, -8.313876399999959 ], [ -36.028659299999958, -8.313846499999956 ], [ -36.028716699999968, -8.313765 ], [ -36.028762299999983, -8.313656099999973 ], [ -36.028765, -8.313553699999966 ], [ -36.02877459999997, -8.313379599999946 ], [ -36.028801499999943, -8.313294299999937 ], [ -36.028851, -8.313220099999983 ], [ -36.028898799999986, -8.313188599999927 ], [ -36.028963699999963, -8.313177799999963 ], [ -36.029044499999934, -8.313195699999948 ], [ -36.029181699999988, -8.313264199999928 ], [ -36.029352, -8.31334829999996 ], [ -36.029601199999945, -8.313455799999907 ], [ -36.029842299999977, -8.313566099999969 ], [ -36.030003299999976, -8.313659299999925 ], [ -36.03021, -8.313768599999921 ], [ -36.030354399999965, -8.313834199999958 ], [ -36.030452299999972, -8.313863699999969 ], [ -36.030637, -8.313935599999983 ], [ -36.031146199999959, -8.314161099999986 ], [ -36.031348099999946, -8.314257399999956 ], [ -36.031468, -8.314323899999986 ], [ -36.031556799999976, -8.314383399999947 ], [ -36.031637699999983, -8.314431499999939 ], [ -36.031717499999957, -8.314466699999963 ], [ -36.032017699999983, -8.314574399999978 ], [ -36.032184299999976, -8.314643899999982 ], [ -36.032293599999953, -8.314674399999941 ], [ -36.032372899999984, -8.314674699999934 ], [ -36.032512299999951, -8.314662499999931 ], [ -36.032693899999977, -8.314640199999943 ], [ -36.033579399999958, -8.314552499999921 ], [ -36.032880299999938, -8.313224799999931 ], [ -36.032555299999949, -8.312783499999972 ], [ -36.032316699999967, -8.312342799999959 ], [ -36.032065799999934, -8.311767099999948 ], [ -36.031856299999966, -8.311125099999975 ], [ -36.031750399999964, -8.310678 ], [ -36.032060199999933, -8.31076409999997 ], [ -36.033012799999945, -8.311028799999988 ], [ -36.033376699999963, -8.311129899999967 ], [ -36.034001499999931, -8.31130509999997 ], [ -36.034840899999956, -8.311532799999966 ], [ -36.035493, -8.310597799999911 ], [ -36.035548499999948, -8.310493399999919 ], [ -36.035606499999979, -8.310202599999949 ], [ -36.035657, -8.309949299999959 ], [ -36.035778599999958, -8.309399799999955 ], [ -36.035781399999962, -8.309292699999972 ], [ -36.035776, -8.309230099999969 ], [ -36.035725099999986, -8.309116299999966 ], [ -36.035618099999958, -8.309004799999967 ], [ -36.035469599999942, -8.308868499999948 ], [ -36.034875599999971, -8.308354699999935 ], [ -36.0348097, -8.30830819999994 ], [ -36.034744799999942, -8.30828729999997 ], [ -36.034174499999956, -8.308226199999989 ], [ -36.033810899999942, -8.308188 ], [ -36.033595899999973, -8.308162 ], [ -36.032863199999944, -8.308027099999958 ], [ -36.032822599999974, -8.308018099999963 ], [ -36.03232579999996, -8.30790819999995 ], [ -36.031944099999976, -8.307781899999947 ], [ -36.031795699999968, -8.307728599999972 ], [ -36.03167909999997, -8.307693499999985 ], [ -36.031534699999952, -8.307660499999951 ], [ -36.030652599999939, -8.307449099999934 ], [ -36.030000499999971, -8.307309199999974 ], [ -36.029852499999954, -8.307268399999941 ], [ -36.029672699999935, -8.307246199999966 ], [ -36.02949289999998, -8.307224 ], [ -36.029347099999939, -8.307186399999985 ], [ -36.029201299999961, -8.307148899999964 ], [ -36.029060299999969, -8.307105599999947 ], [ -36.028882099999976, -8.307025899999932 ], [ -36.028816499999948, -8.306972599999918 ], [ -36.028749699999942, -8.306865699999927 ], [ -36.028681899999988, -8.306807299999942 ], [ -36.028609299999978, -8.306773799999959 ], [ -36.028501299999967, -8.306756899999909 ], [ -36.028418699999975, -8.306713799999939 ], [ -36.027855099999961, -8.306246899999946 ], [ -36.027627799999948, -8.30604679999994 ], [ -36.027523299999984, -8.30593959999992 ], [ -36.027454199999966, -8.305830899999942 ], [ -36.027379, -8.305621699999982 ], [ -36.027328699999948, -8.305478099999942 ], [ -36.027271399999975, -8.305391399999955 ], [ -36.027129199999941, -8.305212399999951 ], [ -36.027025099999953, -8.305044499999951 ], [ -36.026977699999989, -8.304912699999912 ], [ -36.026927199999939, -8.3046214 ], [ -36.026887299999942, -8.304364099999919 ], [ -36.02687149999997, -8.304186499999934 ], [ -36.026863399999975, -8.304048 ], [ -36.026892599999933, -8.303784299999968 ], [ -36.026901599999974, -8.303589 ], [ -36.026894099999929, -8.30342629999998 ], [ -36.026880299999952, -8.303288599999982 ], [ -36.026872299999987, -8.303168799999987 ], [ -36.02687119999996, -8.302864899999948 ], [ -36.026850799999984, -8.302566799999964 ], [ -36.026838699999985, -8.302194 ], [ -36.026813699999927, -8.301770699999958 ], [ -36.026784699999951, -8.301588099999933 ], [ -36.026887699999975, -8.300998299999941 ], [ -36.026925399999982, -8.300821499999918 ], [ -36.027011399999942, -8.300551699999971 ], [ -36.027096799999988, -8.300402199999935 ], [ -36.027169299999969, -8.300314899999945 ], [ -36.02748679999997, -8.299964499999945 ], [ -36.027540399999971, -8.299869499999934 ], [ -36.02757459999998, -8.299767599999937 ], [ -36.02759059999994, -8.299654799999917 ], [ -36.027588299999941, -8.299416399999929 ], [ -36.027599399999929, -8.299244099999941 ], [ -36.027619299999976, -8.299114299999905 ], [ -36.027661199999955, -8.299004499999953 ], [ -36.027719199999979, -8.298912599999937 ], [ -36.02802729999997, -8.298439499999969 ], [ -36.028203499999954, -8.298831099999974 ], [ -36.028373199999983, -8.299196099999959 ], [ -36.028779799999938, -8.299725899999951 ], [ -36.02907689999995, -8.299804199999919 ], [ -36.029226, -8.299843599999978 ], [ -36.029692, -8.299735599999941 ], [ -36.029954499999974, -8.299708699999959 ], [ -36.030217, -8.299681799999986 ], [ -36.031406899999979, -8.299809199999968 ], [ -36.032656199999963, -8.299907199999955 ], [ -36.034123599999937, -8.29986779999996 ], [ -36.034803699999941, -8.299730099999964 ], [ -36.034996099999944, -8.299691099999936 ], [ -36.035311, -8.29950949999996 ], [ -36.035502799999968, -8.299392 ], [ -36.035706599999969, -8.299268799999954 ], [ -36.035876799999983, -8.299110699999963 ], [ -36.036052299999938, -8.299050899999934 ], [ -36.036215599999942, -8.299006699999952 ], [ -36.036411299999948, -8.299010799999966 ], [ -36.036644799999976, -8.299070399999946 ], [ -36.036915599999936, -8.299095599999937 ], [ -36.037286, -8.299072399999956 ], [ -36.037570599999981, -8.299044299999954 ], [ -36.037963499999933, -8.299019299999925 ], [ -36.038502199999989, -8.298962899999928 ], [ -36.038868799999932, -8.298944399999927 ], [ -36.039105899999974, -8.298869 ], [ -36.039222199999983, -8.298859899999986 ], [ -36.039322199999958, -8.298878299999952 ], [ -36.039427899999964, -8.298907199999988 ], [ -36.039582899999978, -8.298978 ], [ -36.039742599999954, -8.299095399999928 ], [ -36.03991659999997, -8.299240899999962 ], [ -36.040120299999955, -8.299360199999981 ], [ -36.040346799999959, -8.299438599999963 ], [ -36.040519699999948, -8.29944689999996 ], [ -36.040667, -8.299500199999965 ], [ -36.040880199999947, -8.29974639999995 ], [ -36.041110699999933, -8.299871699999914 ], [ -36.041301799999935, -8.299912299999939 ], [ -36.041544599999959, -8.299913099999952 ], [ -36.041890699999961, -8.300024699999925 ], [ -36.04226019999993, -8.300217199999956 ], [ -36.042563, -8.300332099999938 ], [ -36.042832, -8.300434599999981 ], [ -36.043231599999963, -8.300689699999939 ], [ -36.043340199999932, -8.300870699999978 ], [ -36.043332199999959, -8.301036199999951 ], [ -36.043421399999936, -8.301123399999936 ], [ -36.043540099999973, -8.301134399999951 ], [ -36.043713, -8.301073 ], [ -36.043961799999984, -8.301037699999934 ], [ -36.044415499999957, -8.301108399999981 ], [ -36.045186199999932, -8.30136509999995 ], [ -36.045895099999946, -8.301572099999932 ], [ -36.046458399999949, -8.301655599999924 ], [ -36.047056799999957, -8.301584399999976 ], [ -36.047197899999965, -8.30152 ], [ -36.047377099999956, -8.301402699999938 ], [ -36.047575599999959, -8.301244499999946 ], [ -36.048017199999947, -8.300938699999969 ], [ -36.048426099999965, -8.300682599999968 ], [ -36.048742599999976, -8.300504 ], [ -36.048805199999947, -8.300474 ], [ -36.048960199999954, -8.300493399999951 ], [ -36.049086399999965, -8.300535199999949 ], [ -36.049321299999974, -8.3006172 ], [ -36.049875599999957, -8.30077839999996 ], [ -36.051401099999964, -8.300957399999954 ], [ -36.052399399999956, -8.301024599999955 ], [ -36.053038699999945, -8.301056099999911 ], [ -36.053345399999955, -8.301046699999981 ], [ -36.053636399999952, -8.3010045 ], [ -36.053915699999941, -8.300942799999975 ], [ -36.054166899999984, -8.300837099999958 ], [ -36.054458799999971, -8.300755 ], [ -36.054634, -8.300751099999973 ], [ -36.054770399999938, -8.300776399999958 ], [ -36.054881599999931, -8.300822 ], [ -36.054958099999972, -8.300887499999918 ], [ -36.055052899999964, -8.300989899999909 ], [ -36.055153899999937, -8.301063799999966 ], [ -36.055326099999945, -8.301113699999965 ], [ -36.055336899999929, -8.300911 ], [ -36.055294199999935, -8.300764599999956 ], [ -36.055173299999986, -8.30065529999996 ], [ -36.054912099999974, -8.300524199999909 ], [ -36.05478329999994, -8.300472 ], [ -36.054695899999956, -8.300388699999933 ], [ -36.05463, -8.300284899999971 ], [ -36.054603399999962, -8.300132599999912 ], [ -36.054623, -8.30001 ], [ -36.054682599999985, -8.299853099999945 ], [ -36.054697899999951, -8.299709299999945 ], [ -36.054653, -8.299571199999928 ], [ -36.054498, -8.29919689999995 ], [ -36.054489299999943, -8.299095899999948 ], [ -36.05449549999998, -8.297878199999937 ], [ -36.054470799999933, -8.297803699999987 ], [ -36.054448699999973, -8.297710899999954 ], [ -36.054462899999976, -8.297660299999949 ], [ -36.054550199999944, -8.297544599999966 ], [ -36.05461059999994, -8.297420499999919 ], [ -36.054638699999948, -8.297307699999964 ], [ -36.054637899999932, -8.297132799999922 ], [ -36.054603799999931, -8.296973899999966 ], [ -36.054556299999945, -8.296840599999932 ], [ -36.054545899999944, -8.296715 ], [ -36.05456229999993, -8.296599 ], [ -36.05457819999998, -8.29651019999995 ], [ -36.054575, -8.296324 ], [ -36.054596599999975, -8.296247099999952 ], [ -36.054660399999932, -8.296184499999974 ], [ -36.054789499999963, -8.296094799999912 ], [ -36.055135299999961, -8.295629499999968 ], [ -36.055157399999985, -8.295573099999942 ], [ -36.055157699999945, -8.295492899999958 ], [ -36.055145699999969, -8.295322 ], [ -36.055308, -8.295390099999944 ], [ -36.055498799999967, -8.295225499999962 ], [ -36.055340899999976, -8.295058599999958 ], [ -36.055139399999966, -8.2948474 ], [ -36.054818099999977, -8.29453049999997 ], [ -36.054241, -8.293947 ], [ -36.054025199999955, -8.293736699999961 ], [ -36.053750099999952, -8.293526099999957 ], [ -36.0535321, -8.293407699999939 ], [ -36.053250099999957, -8.293288799999964 ], [ -36.052930299999957, -8.293194599999959 ], [ -36.052692899999947, -8.29317409999995 ], [ -36.05232239999998, -8.293169799999918 ], [ -36.051805, -8.293170699999971 ], [ -36.051459399999949, -8.293179 ], [ -36.051292199999985, -8.293173099999937 ], [ -36.051173499999948, -8.293158199999949 ], [ -36.051056499999952, -8.293130899999928 ], [ -36.050892799999929, -8.293068899999989 ], [ -36.050741699999946, -8.292994599999917 ], [ -36.050558199999962, -8.292874899999969 ], [ -36.050395099999946, -8.292732 ], [ -36.050314, -8.292633699999941 ], [ -36.050221599999929, -8.292522099999914 ], [ -36.050064099999929, -8.292262499999927 ], [ -36.049847799999952, -8.291916699999955 ], [ -36.04974569999996, -8.291779 ], [ -36.04960959999994, -8.291589 ], [ -36.04949, -8.291473399999976 ], [ -36.049360899999968, -8.29139 ], [ -36.049241, -8.291328299999956 ], [ -36.049022699999966, -8.291253499999948 ], [ -36.048718399999984, -8.29118509999995 ], [ -36.048616, -8.291182799999962 ], [ -36.048438399999952, -8.291205599999969 ], [ -36.048202099999976, -8.291245899999975 ], [ -36.04784809999996, -8.291332 ], [ -36.047044599999936, -8.291545599999948 ], [ -36.046170499999967, -8.291785199999934 ], [ -36.045495599999988, -8.291946799999963 ], [ -36.044898899999971, -8.292090299999947 ], [ -36.044739299999939, -8.292114 ], [ -36.044562499999984, -8.292129799999968 ], [ -36.044390599999929, -8.292127 ], [ -36.044106399999976, -8.292081299999976 ], [ -36.043994199999922, -8.29204 ], [ -36.043857099999968, -8.291976699999969 ], [ -36.043669899999941, -8.291861399999945 ], [ -36.043434099999963, -8.291620599999945 ], [ -36.043358699999942, -8.291462 ], [ -36.043259599999942, -8.291286899999916 ], [ -36.043170699999962, -8.291078 ], [ -36.04292849999996, -8.2903259 ], [ -36.042741299999939, -8.289750399999939 ], [ -36.042612399999939, -8.289447499999927 ], [ -36.04246889999996, -8.28919729999995 ], [ -36.042258899999986, -8.288887799999959 ], [ -36.042214899999976, -8.288837 ], [ -36.042188499999959, -8.288821399999964 ], [ -36.042013299999951, -8.288717599999909 ], [ -36.041774699999962, -8.288538099999931 ], [ -36.041543, -8.288411899999975 ], [ -36.04104, -8.28819149999994 ], [ -36.04062209999995, -8.288034099999955 ], [ -36.040389399999988, -8.287904499999955 ], [ -36.040237, -8.287762499999909 ], [ -36.040077, -8.287583299999948 ], [ -36.039989799999951, -8.287461699999957 ], [ -36.039877899999972, -8.2872513 ], [ -36.039783899999975, -8.286969399999986 ], [ -36.039766099999945, -8.286803599999912 ], [ -36.039742599999954, -8.286714299999964 ], [ -36.039639399999949, -8.28652969999994 ], [ -36.039476799999932, -8.286343699999978 ], [ -36.039276399999949, -8.286164399999951 ], [ -36.039162599999941, -8.2860722 ], [ -36.039072699999963, -8.28601039999994 ], [ -36.038768, -8.286557299999981 ], [ -36.03865, -8.286867799999929 ], [ -36.038598299999933, -8.287094699999946 ], [ -36.038587, -8.287353099999969 ], [ -36.038641899999959, -8.287531 ], [ -36.039062199999933, -8.288185 ], [ -36.039489699999933, -8.288717599999941 ], [ -36.040336, -8.289673699999977 ], [ -36.040858499999956, -8.290459199999916 ], [ -36.040985, -8.290687499999956 ], [ -36.040999899999981, -8.290777899999958 ], [ -36.040974299999959, -8.290858699999946 ], [ -36.040851399999958, -8.29099479999994 ], [ -36.040775499999938, -8.291103199999963 ], [ -36.040668599999954, -8.291186499999972 ], [ -36.040555899999958, -8.291207499999921 ], [ -36.040390299999956, -8.291193799999977 ], [ -36.040318699999943, -8.291159 ], [ -36.040231899999988, -8.291061799999968 ], [ -36.040111199999949, -8.290895899999958 ], [ -36.039999199999954, -8.290820299999952 ], [ -36.03989009999998, -8.29076969999997 ], [ -36.039718199999982, -8.290762199999968 ], [ -36.039621099999977, -8.290792599999964 ], [ -36.039246299999945, -8.29095169999994 ], [ -36.039108099999964, -8.291041 ], [ -36.038974499999938, -8.291127199999943 ], [ -36.038886299999952, -8.291218399999957 ], [ -36.038859199999933, -8.2912899 ], [ -36.038867799999927, -8.291389599999938 ], [ -36.038910499999929, -8.29153469999993 ], [ -36.039040599999964, -8.291697599999965 ], [ -36.039148399999938, -8.291922599999948 ], [ -36.03922179999995, -8.292131799999934 ], [ -36.039261299999971, -8.292290899999958 ], [ -36.039266599999969, -8.292415499999965 ], [ -36.039253, -8.292561799999927 ], [ -36.039211699999953, -8.29264249999993 ], [ -36.039104899999984, -8.292814899999929 ], [ -36.038141199999984, -8.292760299999957 ], [ -36.037644, -8.292695799999912 ], [ -36.037124099999971, -8.292651299999944 ], [ -36.036375099999937, -8.292562199999962 ], [ -36.035381699999959, -8.292403 ], [ -36.035326499999933, -8.292397499999941 ], [ -36.035065599999939, -8.2914 ], [ -36.034941499999945, -8.290917599999949 ], [ -36.034885, -8.290692099999967 ], [ -36.034902799999948, -8.290586599999925 ], [ -36.034946699999971, -8.290496699999975 ], [ -36.035373399999962, -8.290430299999977 ], [ -36.035826799999938, -8.290382499999955 ], [ -36.035630299999973, -8.289631399999966 ], [ -36.035514, -8.289167599999917 ], [ -36.03551669999996, -8.288698099999959 ], [ -36.03551079999994, -8.288231899999953 ], [ -36.035508299999954, -8.287707899999944 ], [ -36.035504, -8.287148 ], [ -36.035506199999936, -8.286411899999953 ], [ -36.034712, -8.285950099999976 ], [ -36.034334399999977, -8.285706599999974 ], [ -36.034191399999948, -8.285642199999938 ], [ -36.034032899999943, -8.285587199999936 ], [ -36.033805499999971, -8.285542199999934 ], [ -36.033624499999981, -8.28552649999995 ], [ -36.033497099999984, -8.285045499999983 ], [ -36.033502499999948, -8.284967499999924 ], [ -36.033368, -8.284887199999966 ], [ -36.033166399999971, -8.284767599999952 ], [ -36.032967099999951, -8.284652599999946 ], [ -36.032807599999963, -8.284560399999975 ], [ -36.032658499999975, -8.284466299999966 ], [ -36.032407, -8.284322299999952 ], [ -36.03227209999995, -8.284249699999961 ], [ -36.032146299999965, -8.284181299999924 ], [ -36.032047099999936, -8.284134499999947 ], [ -36.03192329999996, -8.284079399999944 ], [ -36.031726799999952, -8.284003299999931 ], [ -36.031441099999938, -8.283902 ], [ -36.031150299999986, -8.283807799999966 ], [ -36.030714, -8.283671599999936 ], [ -36.030432399999938, -8.283585699999932 ], [ -36.030288899999967, -8.283548799999952 ], [ -36.030129, -8.283518 ], [ -36.029958799999982, -8.283495199999956 ], [ -36.029833599999954, -8.283484099999958 ], [ -36.02971969999993, -8.283480199999905 ], [ -36.029531299999967, -8.283483099999973 ], [ -36.029374699999948, -8.283496 ], [ -36.029186599999946, -8.283524199999942 ], [ -36.029027199999973, -8.283559399999966 ], [ -36.028892499999984, -8.283594099999974 ], [ -36.028758699999969, -8.283638099999953 ], [ -36.028609399999937, -8.283696299999962 ], [ -36.027510799999959, -8.284215299999977 ], [ -36.027185599999946, -8.284370899999949 ], [ -36.026586099999975, -8.284657799999922 ], [ -36.025856599999948, -8.285005099999958 ], [ -36.025846599999973, -8.285306 ], [ -36.025859199999942, -8.285637 ], [ -36.025714499999935, -8.285692299999912 ], [ -36.02555829999995, -8.285769399999943 ], [ -36.024451099999965, -8.286654699999904 ], [ -36.024121299999926, -8.286859199999979 ], [ -36.02359279999996, -8.287086799999944 ], [ -36.023315, -8.287140799999976 ], [ -36.022944699999982, -8.287106099999969 ], [ -36.022381499999938, -8.287023099999949 ], [ -36.022537699999937, -8.28598859999992 ], [ -36.021273199999939, -8.285822599999973 ], [ -36.021196, -8.285812599999904 ], [ -36.020663199999937, -8.285743699999932 ], [ -36.020692599999961, -8.285492699999969 ], [ -36.020728, -8.285356599999956 ], [ -36.020585499999989, -8.285327699999931 ], [ -36.020402899999965, -8.285313099999961 ], [ -36.020100299999967, -8.285305799999938 ], [ -36.019966199999949, -8.2852824 ], [ -36.01979589999997, -8.285254699999935 ], [ -36.019646899999934, -8.285244099999966 ], [ -36.019483, -8.285222799999927 ], [ -36.0193915, -8.285214299999934 ], [ -36.01924889999998, -8.285212199999917 ], [ -36.019138199999936, -8.285205799999947 ], [ -36.019070099999972, -8.285214299999943 ], [ -36.018993399999943, -8.285216399999975 ], [ -36.018806099999942, -8.285214299999938 ], [ -36.018659199999952, -8.2852058 ], [ -36.018586899999953, -8.285201499999983 ], [ -36.018348499999945, -8.285161099999936 ], [ -36.018178199999973, -8.285144 ], [ -36.0181037, -8.285150399999967 ], [ -36.018027, -8.285150399999962 ], [ -36.017933399999947, -8.285144 ], [ -36.017824799999971, -8.285125299999928 ], [ -36.017643899999932, -8.285089199999954 ], [ -36.01742669999993, -8.285089199999966 ], [ -36.017284099999983, -8.28511259999993 ], [ -36.017160699999977, -8.28511259999993 ], [ -36.017026599999959, -8.285093499999956 ], [ -36.016935, -8.285048799999984 ], [ -36.016832799999975, -8.284974299999934 ], [ -36.016734899999967, -8.284859299999921 ], [ -36.01669279999993, -8.284797099999954 ], [ -36.016522199999947, -8.28482849999997 ], [ -36.016392599999961, -8.284866399999945 ], [ -36.016293799999978, -8.284900399999975 ], [ -36.016219699999972, -8.284916199999925 ], [ -36.016174599999943, -8.284917899999927 ], [ -36.016094599999974, -8.284901 ], [ -36.016010599999959, -8.284875799999964 ], [ -36.015922499999931, -8.284862899999935 ], [ -36.015815699999955, -8.284864099999927 ], [ -36.015702699999963, -8.28487759999995 ], [ -36.015675399999978, -8.284686099999924 ], [ -36.015445699999937, -8.283852399999937 ], [ -36.015659199999952, -8.283798499999945 ], [ -36.01561339999995, -8.283637599999977 ], [ -36.016195699999969, -8.283475299999965 ], [ -36.01613059999994, -8.283302 ], [ -36.015163899999948, -8.282870099999984 ], [ -36.01974139999993, -8.2816645 ], [ -36.019772399999972, -8.281520099999984 ], [ -36.019967799999968, -8.281611599999982 ], [ -36.023890699999981, -8.280558199999964 ], [ -36.023430699999956, -8.27884709999995 ], [ -36.012518599999972, -8.28171769999993 ], [ -36.012433399999971, -8.281738399999938 ], [ -36.012412299999937, -8.281734799999972 ], [ -36.010045099999957, -8.280787699999946 ], [ -36.009979, -8.280764599999934 ], [ -36.009751399999971, -8.280744799999972 ], [ -36.009202899999934, -8.280717199999957 ], [ -36.008937199999941, -8.280674899999978 ], [ -36.008966499999936, -8.280612699999965 ], [ -36.008994899999948, -8.28054889999993 ], [ -36.009056399999963, -8.280432599999948 ], [ -36.009141199999931, -8.280298699999944 ], [ -36.009191599999959, -8.2801896 ], [ -36.009341199999945, -8.279841899999932 ], [ -36.009510699999964, -8.279442099999903 ], [ -36.00966139999997, -8.279149699999977 ], [ -36.009798599999961, -8.278952299999967 ], [ -36.009904599999977, -8.278831599999936 ], [ -36.010222399999989, -8.278587899999927 ], [ -36.010356699999939, -8.27850709999997 ], [ -36.010606499999945, -8.278333099999962 ], [ -36.010753, -8.278220799999943 ], [ -36.010829499999943, -8.278153499999975 ], [ -36.010932799999978, -8.278020699999965 ], [ -36.011048399999936, -8.277858399999953 ], [ -36.01147589999993, -8.277162599999933 ], [ -36.011486699999985, -8.277125199999933 ], [ -36.011487599999953, -8.277082599999975 ], [ -36.011472499999968, -8.277034399999932 ], [ -36.011762099999942, -8.276683699999975 ], [ -36.012025799999947, -8.276339399999936 ], [ -36.012304599999943, -8.275985399999964 ], [ -36.012565099999961, -8.275602699999972 ], [ -36.013546299999966, -8.274335 ], [ -36.013598799999954, -8.274326799999937 ], [ -36.013870899999965, -8.274012199999952 ], [ -36.01415019999996, -8.273719599999936 ], [ -36.014339899999989, -8.273539 ], [ -36.0145012, -8.273390399999915 ], [ -36.014607399999925, -8.273299899999945 ], [ -36.014706599999954, -8.273225699999944 ], [ -36.014863399999967, -8.273102799999936 ], [ -36.014992199999938, -8.273013099999947 ], [ -36.015095699999954, -8.272950299999955 ], [ -36.015297, -8.272836499999936 ], [ -36.015419799999961, -8.272776699999943 ], [ -36.015592899999952, -8.272698499999917 ], [ -36.015661799999975, -8.272667799999972 ], [ -36.015805599999965, -8.272616 ], [ -36.016059399999953, -8.272539099999978 ], [ -36.016369199999936, -8.272448499999962 ], [ -36.016570699999932, -8.272394899999947 ], [ -36.016939799999932, -8.2722977 ], [ -36.017397299999978, -8.272167899999941 ], [ -36.017692899999929, -8.272074799999942 ], [ -36.017984499999955, -8.271967799999972 ], [ -36.018271199999951, -8.271848499999987 ], [ -36.018389199999952, -8.271782399999955 ], [ -36.018487199999981, -8.271713 ], [ -36.018608599999943, -8.271620299999951 ], [ -36.018504599999972, -8.271313699999949 ], [ -36.018360099999938, -8.270887499999951 ], [ -36.01812, -8.269906799999957 ], [ -36.017986, -8.26947379999997 ], [ -36.017863399999946, -8.26904019999996 ], [ -36.017746399999972, -8.268612399999949 ], [ -36.017636899999957, -8.268196499999915 ], [ -36.017447599999969, -8.267413399999963 ], [ -36.017431899999963, -8.267158599999972 ], [ -36.017437399999949, -8.266923699999968 ], [ -36.014667899999949, -8.266967399999931 ], [ -36.014651899999933, -8.266323099999969 ], [ -36.013952399999937, -8.266293099999906 ], [ -36.013955, -8.26623 ], [ -36.013972, -8.265804699999949 ], [ -36.013998499999957, -8.265372799999966 ], [ -36.01401629999998, -8.265274099999958 ], [ -36.014042199999949, -8.2651749 ], [ -36.014075199999986, -8.26506659999993 ], [ -36.014126399999945, -8.264930599999971 ], [ -36.014259799999934, -8.264505399999974 ], [ -36.014380199999948, -8.264175099999923 ], [ -36.014412099999959, -8.264064399999956 ], [ -36.015081499999951, -8.264362299999936 ], [ -36.015923, -8.264350499999956 ], [ -36.016006899999987, -8.264327299999925 ], [ -36.016082099999956, -8.264291699999948 ], [ -36.01612659999995, -8.264245099999931 ], [ -36.016761199999962, -8.2637013 ], [ -36.017033199999965, -8.263454599999935 ], [ -36.016932, -8.262845699999943 ], [ -36.016773, -8.262018799999941 ], [ -36.016653899999937, -8.26131819999997 ], [ -36.016624, -8.26115089999996 ], [ -36.01656319999995, -8.261003099999902 ], [ -36.016258599999972, -8.260625299999967 ], [ -36.016308299999935, -8.260611 ], [ -36.016463399999971, -8.260532699999935 ], [ -36.016564, -8.260471099999947 ], [ -36.016811899999936, -8.260183099999942 ], [ -36.017116, -8.259834 ], [ -36.017347, -8.259460399999949 ], [ -36.017529099999933, -8.259018699999956 ], [ -36.017715599999974, -8.258567699999945 ], [ -36.017758699999952, -8.258463099999961 ], [ -36.017847299999971, -8.258281899999909 ], [ -36.017911399999946, -8.25816789999994 ], [ -36.018024799999978, -8.258034599999974 ], [ -36.0181669, -8.257904399999976 ], [ -36.018302199999944, -8.257771099999941 ], [ -36.018400899999961, -8.257661 ], [ -36.018472799999984, -8.257563899999962 ], [ -36.018785899999955, -8.25716109999996 ], [ -36.01893709999996, -8.256946699999972 ], [ -36.019244199999946, -8.256529499999926 ], [ -36.019347599999946, -8.256411599999971 ], [ -36.019435499999929, -8.256330299999931 ], [ -36.019579199999953, -8.256220899999947 ], [ -36.019956, -8.255996099999937 ], [ -36.020332099999962, -8.255767499999914 ], [ -36.020707299999977, -8.255541 ], [ -36.021099299999946, -8.2553258 ], [ -36.021329699999974, -8.255228599999951 ], [ -36.021503099999961, -8.255186599999954 ], [ -36.021640299999952, -8.255176299999968 ], [ -36.02175909999994, -8.255185599999933 ], [ -36.021942799999984, -8.255216699999963 ], [ -36.022103, -8.255249199999984 ], [ -36.02233759999995, -8.255307799999981 ], [ -36.02267389999998, -8.255395499999961 ], [ -36.022869099999973, -8.255417 ], [ -36.022961799999962, -8.255404599999942 ], [ -36.023031099999969, -8.255386699999951 ], [ -36.023210799999966, -8.255316199999964 ], [ -36.023165799999951, -8.254734299999958 ], [ -36.024103199999956, -8.254478899999972 ], [ -36.023951599999975, -8.254010199999943 ], [ -36.023802899999971, -8.253403899999968 ], [ -36.023839399999943, -8.253165399999933 ], [ -36.024148099999934, -8.253176599999959 ], [ -36.02412, -8.252671399999937 ], [ -36.024437199999966, -8.252702299999958 ], [ -36.024459599999936, -8.252256099999968 ], [ -36.024086399999923, -8.252225199999931 ], [ -36.02404139999993, -8.251369199999946 ], [ -36.023962899999958, -8.251027299999972 ], [ -36.023677799999966, -8.250351399999923 ], [ -36.023511599999949, -8.249957599999966 ], [ -36.023480499999955, -8.249777599999952 ], [ -36.024270399999985, -8.249489 ], [ -36.024277, -8.248629199999909 ], [ -36.024282, -8.247972 ], [ -36.022963899999979, -8.247923499999947 ], [ -36.022936799999961, -8.247613099999963 ], [ -36.022905699999967, -8.24737259999994 ], [ -36.022824299999961, -8.247392 ], [ -36.022607, -8.24741529999995 ], [ -36.0224712, -8.246476399999951 ], [ -36.022133699999983, -8.244967199999948 ], [ -36.022347099999941, -8.244175799999947 ], [ -36.022614799999936, -8.243194199999936 ], [ -36.021505199999979, -8.243031299999911 ], [ -36.021419799999933, -8.243008 ], [ -36.021357199999954, -8.242982699999985 ], [ -36.021366199999925, -8.24310679999995 ], [ -36.021291799999972, -8.243139899999978 ], [ -36.020931, -8.24322529999994 ], [ -36.020729199999941, -8.243353299999979 ], [ -36.020539099999958, -8.243430899999943 ], [ -36.020065799999941, -8.243628699999933 ], [ -36.019681699999985, -8.243838199999972 ], [ -36.019534299999968, -8.243958499999978 ], [ -36.019445099999977, -8.244090399999969 ], [ -36.019146299999932, -8.2446937 ], [ -36.018975599999976, -8.244957499999934 ], [ -36.018773899999921, -8.245213599999945 ], [ -36.018595399999981, -8.245539499999948 ], [ -36.018277299999973, -8.246206799999914 ], [ -36.017994099999953, -8.246885699999938 ], [ -36.017691499999955, -8.24765779999994 ], [ -36.017513599999972, -8.248036499999941 ], [ -36.017450899999972, -8.248169899999919 ], [ -36.017291899999968, -8.248445299999959 ], [ -36.017202, -8.248744199999981 ], [ -36.017116, -8.248947 ], [ -36.016970799999974, -8.249376499999945 ], [ -36.016867899999966, -8.249814699999961 ], [ -36.016819399999974, -8.249952299999965 ], [ -36.016777699999984, -8.250064399999916 ], [ -36.016728499999942, -8.250181 ], [ -36.016644699999972, -8.250335299999946 ], [ -36.016497299999969, -8.250569499999937 ], [ -36.0162481, -8.250946499999927 ], [ -36.016033499999935, -8.251197399999977 ], [ -36.015898, -8.251328099999979 ], [ -36.015420699999943, -8.251680199999962 ], [ -36.0148617, -8.252015399999953 ], [ -36.01433289999995, -8.252364599999984 ], [ -36.014192299999934, -8.252470099999941 ], [ -36.01403259999995, -8.252581299999978 ], [ -36.013912499999947, -8.252706 ], [ -36.013779, -8.252870899999955 ], [ -36.01365739999995, -8.253049 ], [ -36.013570099999988, -8.253190099999925 ], [ -36.013504599999983, -8.253300599999916 ], [ -36.013446599999959, -8.253404199999954 ], [ -36.013352399999974, -8.253532599999986 ], [ -36.01327839999994, -8.253656 ], [ -36.013248499999968, -8.253714899999977 ], [ -36.013226599999932, -8.253787 ], [ -36.013187599999981, -8.253854 ], [ -36.013145299999955, -8.253906899999945 ], [ -36.012966699999943, -8.254066899999934 ], [ -36.012810399999985, -8.254200199999962 ], [ -36.012659299999932, -8.254390199999932 ], [ -36.012479599999942, -8.25467409999991 ], [ -36.012325199999978, -8.254919799999936 ], [ -36.011258099999964, -8.256636399999932 ], [ -36.010524399999952, -8.257803199999957 ], [ -36.010492799999959, -8.2578536 ], [ -36.010478099999943, -8.257857 ], [ -36.008575099999973, -8.258305899999927 ], [ -36.008054599999987, -8.258455499999942 ], [ -36.007504699999977, -8.258549199999946 ], [ -36.006399499999922, -8.258769399999954 ], [ -36.005885899999953, -8.258914299999962 ], [ -36.005297799999937, -8.259038099999925 ], [ -36.004771799999965, -8.259199799999971 ], [ -36.00449569999995, -8.259246099999913 ], [ -36.003813499999985, -8.259548499999957 ], [ -36.003478, -8.259736499999958 ], [ -36.003282499999962, -8.259869299999963 ], [ -36.003105499999947, -8.260002 ], [ -36.00277369999997, -8.260315399999953 ], [ -36.00219419999997, -8.260917699999931 ], [ -36.002207399999975, -8.260650099999957 ], [ -36.00218109999998, -8.260379 ], [ -36.002114699999943, -8.26006279999997 ], [ -36.002054699999974, -8.25990149999997 ], [ -36.001986699999975, -8.259787499999952 ], [ -36.001903, -8.259715 ], [ -36.001386399999951, -8.259382599999977 ], [ -36.000986099999977, -8.2591404 ], [ -36.000711699999954, -8.258951299999959 ], [ -36.00043949999997, -8.258759799999957 ], [ -36.000333299999959, -8.258681199999954 ], [ -36.000257399999953, -8.258594899999952 ], [ -36.000068, -8.258377299999955 ], [ -35.999998499999954, -8.258315899999982 ], [ -35.999910599999971, -8.258261799999939 ], [ -35.999779399999966, -8.258254699999938 ], [ -35.999634099999987, -8.258229099999934 ], [ -35.999488299999946, -8.258179699999982 ], [ -35.999412099999972, -8.258129 ], [ -35.999168299999951, -8.257818599999938 ], [ -35.99899709999994, -8.257574 ], [ -35.998872399999982, -8.257373799999909 ], [ -35.998723199999972, -8.257103699999949 ], [ -35.998617799999984, -8.256908699999931 ], [ -35.998501199999964, -8.256731099999962 ], [ -35.998252099999945, -8.256410099999947 ], [ -35.998143299999981, -8.256255299999985 ], [ -35.998057499999959, -8.256111099999943 ], [ -35.99789329999993, -8.255862699999966 ], [ -35.99782909999994, -8.255745 ], [ -35.997768499999957, -8.255633799999918 ], [ -35.997744099999984, -8.255598899999944 ], [ -35.997718599999985, -8.255562499999957 ], [ -35.997612799999956, -8.255499 ], [ -35.997427199999954, -8.25571159999995 ], [ -35.996977799999968, -8.256097 ], [ -35.9967061, -8.256310399999952 ], [ -35.99575109999995, -8.256874299999911 ], [ -35.995057599999939, -8.257280099999949 ], [ -35.994611, -8.257553899999953 ], [ -35.994253, -8.25784179999992 ], [ -35.994155499999984, -8.257913799999908 ], [ -35.993665499999963, -8.258137699999979 ], [ -35.993591299999942, -8.256999699999925 ], [ -35.99355189999995, -8.256250799999954 ], [ -35.993840499999983, -8.256234699999952 ], [ -35.993867199999954, -8.25499449999994 ], [ -35.993496199999989, -8.255085499999929 ], [ -35.9930361, -8.255202099999948 ], [ -35.992582599999942, -8.255314899999954 ], [ -35.992137599999978, -8.255425 ], [ -35.991798299999978, -8.255510199999923 ], [ -35.991747699999969, -8.255062299999976 ], [ -35.991656699999957, -8.254604 ], [ -35.991713199999936, -8.254312099999936 ], [ -35.991689599999972, -8.254211599999966 ], [ -35.991374199999932, -8.251984599999968 ], [ -35.990765199999942, -8.250669399999945 ], [ -35.990385, -8.250701 ], [ -35.989548499999955, -8.250749599999967 ], [ -35.989095299999981, -8.249448399999929 ], [ -35.988222699999938, -8.249498599999987 ], [ -35.98812229999993, -8.252022299999938 ], [ -35.98812229999993, -8.253378299999952 ], [ -35.988627299999969, -8.256327399999988 ], [ -35.988550399999951, -8.256347899999977 ], [ -35.9881913, -8.256432699999948 ], [ -35.988132599999972, -8.256487399999948 ], [ -35.98810739999994, -8.256553099999953 ], [ -35.988157199999932, -8.257294199999924 ], [ -35.988185799999933, -8.257982199999953 ], [ -35.988384499999945, -8.258303499999958 ], [ -35.988683199999976, -8.258793199999943 ], [ -35.988770799999941, -8.25891979999993 ], [ -35.988859699999985, -8.259032799999938 ], [ -35.989016099999951, -8.2592079 ], [ -35.989175099999954, -8.259379 ], [ -35.989359399999962, -8.259600199999984 ], [ -35.989934299999959, -8.260175899999979 ], [ -35.990141599999959, -8.26038779999991 ], [ -35.9901948, -8.260482199999952 ], [ -35.990226799999959, -8.260602699999923 ], [ -35.990394099999953, -8.261262599999968 ], [ -35.990441299999929, -8.261365599999969 ], [ -35.990654, -8.261361299999988 ], [ -35.991105099999977, -8.261340099999906 ], [ -35.991483, -8.261326499999921 ], [ -35.991435599999924, -8.261390199999919 ], [ -35.99131529999994, -8.261580399999961 ], [ -35.99125429999998, -8.261659399999912 ], [ -35.9911173, -8.261795299999953 ], [ -35.990331099999935, -8.262364699999976 ], [ -35.988976899999955, -8.263392499999972 ], [ -35.988574899999939, -8.262245199999953 ], [ -35.987981, -8.262463099999916 ], [ -35.986417199999948, -8.263077299999983 ], [ -35.985154, -8.263078 ], [ -35.985138699999936, -8.263047299999931 ], [ -35.98513219999996, -8.263020599999933 ], [ -35.985139199999935, -8.262999199999975 ], [ -35.985140599999966, -8.262974799999931 ], [ -35.985125399999951, -8.262951199999982 ], [ -35.985058499999987, -8.262896499999957 ], [ -35.984960699999931, -8.262848399999948 ], [ -35.984757599999959, -8.262778099999919 ], [ -35.984651199999966, -8.262740299999965 ], [ -35.984591799999983, -8.262729699999964 ], [ -35.984489699999976, -8.262736 ], [ -35.984422399999971, -8.262729399999937 ], [ -35.984373199999936, -8.262716299999967 ], [ -35.984282599999972, -8.262671299999983 ], [ -35.984194199999926, -8.262603299999974 ], [ -35.984118599999938, -8.262547899999944 ], [ -35.984097199999951, -8.262541799999973 ], [ -35.984067099999947, -8.262542 ], [ -35.984041799999943, -8.262548499999973 ], [ -35.984021199999965, -8.262545499999943 ], [ -35.983997399999971, -8.262534599999979 ], [ -35.983936899999946, -8.262491 ], [ -35.98391619999996, -8.262476099999969 ], [ -35.983830099999977, -8.262389199999955 ], [ -35.983794099999955, -8.262341399999949 ], [ -35.983740699999942, -8.262289 ], [ -35.983687299999929, -8.262245199999928 ], [ -35.983646799999974, -8.262231299999945 ], [ -35.983613399999967, -8.262210299999921 ], [ -35.983580899999936, -8.262194699999963 ], [ -35.983532499999974, -8.26217879999996 ], [ -35.983476599999953, -8.262144299999942 ], [ -35.983425799999964, -8.262088199999921 ], [ -35.98334269999998, -8.261991499999974 ], [ -35.983290899999929, -8.261922299999965 ], [ -35.983248499999952, -8.261868499999929 ], [ -35.9832259, -8.261826 ], [ -35.983204699999938, -8.261743099999908 ], [ -35.983201799999961, -8.26167509999992 ], [ -35.983213099999944, -8.261583299999938 ], [ -35.983250199999937, -8.261515499999966 ], [ -35.983312899999937, -8.261465399999945 ], [ -35.983442, -8.261429299999975 ], [ -35.983633099999963, -8.261377 ], [ -35.983825, -8.261315199999975 ], [ -35.984082799999946, -8.261284599999973 ], [ -35.984156699999978, -8.261285699999958 ], [ -35.984226699999965, -8.261262499999917 ], [ -35.984261899999971, -8.261223099999942 ], [ -35.984356399999974, -8.261093299999967 ], [ -35.984429499999976, -8.260966799999943 ], [ -35.984490299999955, -8.260824799999968 ], [ -35.984552599999979, -8.260574899999934 ], [ -35.98458409999995, -8.260322299999945 ], [ -35.98459859999997, -8.260131 ], [ -35.984577499999943, -8.259931599999987 ], [ -35.984551599999982, -8.259794899999973 ], [ -35.984516299999946, -8.2596925 ], [ -35.984332599999952, -8.259444599999952 ], [ -35.984107599999966, -8.259262899999968 ], [ -35.984082299999955, -8.259185 ], [ -35.984081499999945, -8.259105399999939 ], [ -35.984121499999958, -8.259007599999951 ], [ -35.984304699999946, -8.25858249999995 ], [ -35.984329399999979, -8.2585276 ], [ -35.984380299999941, -8.258491699999988 ], [ -35.984455399999952, -8.258480199999948 ], [ -35.984513599999957, -8.25847209999996 ], [ -35.984551399999937, -8.258450699999978 ], [ -35.984558299999954, -8.258403299999925 ], [ -35.98456369999996, -8.258326799999955 ], [ -35.984548199999956, -8.258222399999978 ], [ -35.984501199999954, -8.258103699999944 ], [ -35.984530699999944, -8.257998499999911 ], [ -35.984636, -8.257937899999922 ], [ -35.984805799999954, -8.257865399999947 ], [ -35.985091199999935, -8.25775689999996 ], [ -35.985335299999981, -8.257646699999965 ], [ -35.985492599999937, -8.257539699999953 ], [ -35.985875499999963, -8.257357599999986 ], [ -35.986006799999984, -8.257287599999916 ], [ -35.986046399999971, -8.257260899999947 ], [ -35.986086099999966, -8.25725679999991 ], [ -35.986142899999955, -8.257263899999945 ], [ -35.986207099999937, -8.257235199999982 ], [ -35.986353799999968, -8.257103899999965 ], [ -35.986506499999969, -8.257016 ], [ -35.986629, -8.256932099999952 ], [ -35.986744, -8.256870899999972 ], [ -35.986779599999984, -8.256819699999932 ], [ -35.986794399999958, -8.256770499999959 ], [ -35.986791599999947, -8.256733499999937 ], [ -35.986728199999959, -8.256511299999946 ], [ -35.986649099999966, -8.256340899999925 ], [ -35.986432399999956, -8.2561216 ], [ -35.986285, -8.255988 ], [ -35.985804899999948, -8.255737 ], [ -35.985756799999933, -8.255685299999914 ], [ -35.985665599999955, -8.255435599999942 ], [ -35.985543899999989, -8.255269399999959 ], [ -35.985168799999947, -8.255173899999914 ], [ -35.985033299999948, -8.255017499999948 ], [ -35.985002, -8.254808899999954 ], [ -35.984927, -8.25466509999994 ], [ -35.984849499999939, -8.254606899999953 ], [ -35.984689199999934, -8.254579499999966 ], [ -35.984595599999977, -8.254551499999936 ], [ -35.984477399999939, -8.254552399999961 ], [ -35.984285399999976, -8.254584799999984 ], [ -35.984094799999973, -8.254569099999987 ], [ -35.983993, -8.254449499999948 ], [ -35.983953199999974, -8.254323 ], [ -35.983943899999922, -8.254215799999933 ], [ -35.983956799999923, -8.254062399999947 ], [ -35.983918699999954, -8.253990599999963 ], [ -35.983555099999919, -8.253720099999979 ], [ -35.983389199999976, -8.253591899999968 ], [ -35.983272499999941, -8.253427899999968 ], [ -35.982906599999978, -8.25295049999993 ], [ -35.982679299999972, -8.252541299999969 ], [ -35.982307399999968, -8.252052299999926 ], [ -35.981998499999975, -8.251584499999968 ], [ -35.981760599999973, -8.251207099999922 ], [ -35.981670499999957, -8.251114799999918 ], [ -35.981584399999974, -8.25105259999998 ], [ -35.981543599999959, -8.250323099999939 ], [ -35.98153729999995, -8.250054 ], [ -35.981548099999941, -8.249722299999958 ], [ -35.981569199999967, -8.249351 ], [ -35.981607099999955, -8.249164699999955 ], [ -35.98199469999998, -8.248086299999949 ], [ -35.982188599999972, -8.24764859999995 ], [ -35.982328499999937, -8.247349199999963 ], [ -35.98235729999994, -8.247260299999951 ], [ -35.982447399999948, -8.246965499999938 ], [ -35.982585599999929, -8.246438199999959 ], [ -35.982655299999983, -8.24620269999995 ], [ -35.982764899999957, -8.245879499999942 ], [ -35.982836499999969, -8.245901299999973 ], [ -35.982950699999954, -8.245976099999943 ], [ -35.983139699999981, -8.246114 ], [ -35.983320899999967, -8.246062799999935 ], [ -35.983543399999974, -8.245956499999963 ], [ -35.9850431, -8.246198699999967 ], [ -35.98643339999996, -8.24640939999996 ], [ -35.986407799999938, -8.245137699999921 ], [ -35.986411699999962, -8.244426299999938 ], [ -35.986392, -8.244215599999961 ], [ -35.986318199999971, -8.243987599999986 ], [ -35.986253199999965, -8.243869499999974 ], [ -35.986202, -8.243814299999944 ], [ -35.986091699999974, -8.243704099999938 ], [ -35.985985399999954, -8.243554399999951 ], [ -35.985932199999979, -8.243353499999969 ], [ -35.985270499999956, -8.24378089999994 ], [ -35.985179899999935, -8.243838 ], [ -35.984816599999938, -8.244118599999984 ], [ -35.984024899999952, -8.244640499999955 ], [ -35.983973399999975, -8.244588199999951 ], [ -35.984160899999942, -8.244337 ], [ -35.984278299999978, -8.244153 ], [ -35.984334599999961, -8.243943699999914 ], [ -35.984378899999967, -8.2437889 ], [ -35.984456499999965, -8.243609499999936 ], [ -35.984463799999958, -8.243513799999969 ], [ -35.984454599999943, -8.243200099999964 ], [ -35.98445549999996, -8.243077899999948 ], [ -35.984527699999944, -8.242740099999926 ], [ -35.984586399999955, -8.242426799999981 ], [ -35.984597, -8.242341099999971 ], [ -35.984609399999947, -8.2422405 ], [ -35.984694099999963, -8.241993499999984 ], [ -35.984855899999957, -8.241420199999947 ], [ -35.9849981, -8.241018399999982 ], [ -35.985192499999982, -8.240514699999933 ], [ -35.985232499999938, -8.240260799999922 ], [ -35.985273499999956, -8.240099299999933 ], [ -35.985305699999969, -8.240007099999959 ], [ -35.985409699999934, -8.239842799999954 ], [ -35.985468199999964, -8.239775899999927 ], [ -35.985520799999968, -8.239598599999951 ], [ -35.985551899999962, -8.239430399999939 ], [ -35.985584599999981, -8.238618399999929 ], [ -35.985623199999964, -8.238331499999978 ], [ -35.985689599999951, -8.237889499999939 ], [ -35.98571179999994, -8.23757929999994 ], [ -35.985731899999962, -8.237117299999959 ], [ -35.985746199999944, -8.236975399999942 ], [ -35.985825599999949, -8.236556699999939 ], [ -35.986505399999935, -8.235198099999927 ], [ -35.987089099999935, -8.234264799999961 ], [ -35.987474499999962, -8.233703099999961 ], [ -35.987538399999949, -8.233584699999914 ], [ -35.987575599999957, -8.2334827 ], [ -35.98766749999993, -8.233159799999964 ], [ -35.987765599999939, -8.232893099999941 ], [ -35.987837399999933, -8.232613 ], [ -35.987905799999972, -8.232326199999919 ], [ -35.988004099999955, -8.232033099999954 ], [ -35.988213599999945, -8.231506399999956 ], [ -35.988460399999944, -8.230864399999968 ], [ -35.988538299999966, -8.230640499999923 ], [ -35.98862019999995, -8.2303373 ], [ -35.988687799999987, -8.230159499999946 ], [ -35.988933899999957, -8.229606699999977 ], [ -35.988954499999984, -8.229517699999972 ], [ -35.988952, -8.229412 ], [ -35.988910899999951, -8.229147599999971 ], [ -35.988909899999953, -8.229055099999918 ], [ -35.988919199999934, -8.228919799999964 ], [ -35.988950299999949, -8.228755 ], [ -35.989061199999988, -8.228326599999924 ], [ -35.989169299999958, -8.227835399999957 ], [ -35.989200699999977, -8.227630899999951 ], [ -35.989214899999979, -8.227505599999974 ], [ -35.989202399999954, -8.227403099999941 ], [ -35.989004399999949, -8.226863499999981 ], [ -35.988952599999941, -8.226691399999948 ], [ -35.988917299999962, -8.226542499999955 ], [ -35.988903199999989, -8.22643179999992 ], [ -35.988909399999955, -8.226271699999911 ], [ -35.988914299999976, -8.226058799999951 ], [ -35.988908299999942, -8.225972899999922 ], [ -35.988884399999968, -8.225855499999973 ], [ -35.988813099999959, -8.225632099999919 ], [ -35.988715799999966, -8.2253532 ], [ -35.98850889999995, -8.2246699 ], [ -35.988506399999949, -8.224553499999937 ], [ -35.98837749999997, -8.2242037 ], [ -35.988126899999948, -8.223951599999969 ], [ -35.9870873, -8.223860499999946 ], [ -35.986492099999964, -8.223884699999918 ], [ -35.98596949999996, -8.223807799999975 ], [ -35.985428399999925, -8.223746599999982 ], [ -35.984921399999962, -8.223738 ], [ -35.984341799999989, -8.223743699999941 ], [ -35.984209399999941, -8.223783599999951 ], [ -35.983806399999935, -8.223827699999967 ], [ -35.983598199999967, -8.223874599999913 ], [ -35.983213599999942, -8.221752699999952 ], [ -35.981172299999983, -8.219615 ], [ -35.981254099999944, -8.219541399999985 ], [ -35.982935599999962, -8.219643 ], [ -35.9831789, -8.215659699999939 ], [ -35.983169599999947, -8.215609599999933 ], [ -35.983171199999965, -8.215605099999939 ], [ -35.983121499999982, -8.215589499999975 ], [ -35.980853699999962, -8.215448099999945 ], [ -35.977121, -8.215235499999949 ], [ -35.97636179999995, -8.217102699999927 ], [ -35.976351799999982, -8.2171418 ], [ -35.976313899999987, -8.217720599999954 ], [ -35.974591899999957, -8.217586799999932 ], [ -35.974664399999945, -8.217773599999955 ], [ -35.97501619999997, -8.218683399999977 ], [ -35.975080899999966, -8.218847399999961 ], [ -35.975178299999975, -8.219101 ], [ -35.97563, -8.220266399999971 ], [ -35.975317399999945, -8.220317799999981 ], [ -35.975185, -8.220323 ], [ -35.975038599999955, -8.220349 ], [ -35.974821499999955, -8.220375099999952 ], [ -35.974699799999939, -8.220392299999975 ], [ -35.974466499999949, -8.220425399999941 ], [ -35.974218599999979, -8.220465699999965 ], [ -35.97406889999997, -8.220501099999961 ], [ -35.973755599999947, -8.220589299999963 ], [ -35.973571, -8.220635299999964 ], [ -35.973109199999961, -8.220765499999963 ], [ -35.972827799999955, -8.220842199999922 ], [ -35.972711299999965, -8.220880799999964 ], [ -35.972608199999968, -8.220904499999971 ], [ -35.972485099999979, -8.220919299999954 ], [ -35.972307899999976, -8.22092029999992 ], [ -35.972156399999967, -8.220907599999972 ], [ -35.97223589999993, -8.221175 ], [ -35.972248699999973, -8.221272499999937 ], [ -35.972264099999961, -8.221398799999985 ], [ -35.972312, -8.221891399999935 ], [ -35.972373699999942, -8.222377799999935 ], [ -35.972403699999973, -8.222681299999961 ], [ -35.972448199999981, -8.222827199999934 ], [ -35.972460699999942, -8.222868 ], [ -35.972483799999964, -8.223163 ], [ -35.972506199999941, -8.223297299999929 ], [ -35.97258259999996, -8.223749299999954 ], [ -35.972637099999936, -8.224212499999981 ], [ -35.972650699999967, -8.224521899999974 ], [ -35.972678899999941, -8.224778 ], [ -35.972729099999988, -8.225126499999917 ], [ -35.972803699999936, -8.225519499999949 ], [ -35.972880799999984, -8.226041899999949 ], [ -35.972924599999942, -8.22637 ], [ -35.972934199999941, -8.226595899999966 ], [ -35.972935, -8.226722799999958 ], [ -35.972957399999977, -8.226884399999953 ], [ -35.973033599999944, -8.22715879999992 ], [ -35.973110399999939, -8.227736399999969 ], [ -35.973130799999979, -8.228125699999969 ], [ -35.973163899999967, -8.228289 ], [ -35.973203099999978, -8.228449099999956 ], [ -35.973239699999972, -8.228602099999922 ], [ -35.973273899999974, -8.228850099999924 ], [ -35.973305799999935, -8.229084899999947 ], [ -35.973393399999964, -8.22973449999993 ], [ -35.973408899999981, -8.230388699999933 ], [ -35.973396799999925, -8.23059079999995 ], [ -35.973412099999969, -8.230758499999986 ], [ -35.973459899999966, -8.231028299999929 ], [ -35.973490599999948, -8.231115 ], [ -35.973527, -8.231159499999936 ], [ -35.973574299999939, -8.231205399999968 ], [ -35.973594699999978, -8.231250399999968 ], [ -35.973602599999936, -8.231305299999988 ], [ -35.97359, -8.231444 ], [ -35.973597699999971, -8.231548599999943 ], [ -35.973630399999934, -8.231675199999945 ], [ -35.973770899999977, -8.23228969999996 ], [ -35.973818399999971, -8.232458899999941 ], [ -35.973846, -8.232665 ], [ -35.973861799999959, -8.232995499999964 ], [ -35.973859599999969, -8.233273 ], [ -35.973873399999945, -8.233449 ], [ -35.973918599999934, -8.233712699999939 ], [ -35.973957799999944, -8.233821 ], [ -35.973993899999982, -8.233911499999989 ], [ -35.974011699999942, -8.234058399999975 ], [ -35.974019399999968, -8.234242499999919 ], [ -35.974003399999958, -8.234400499999916 ], [ -35.974033399999939, -8.234593799999981 ], [ -35.974055, -8.234651899999967 ], [ -35.974095499999976, -8.234706399999931 ], [ -35.974172399999937, -8.234788299999948 ], [ -35.974194299999979, -8.235019799999964 ], [ -35.974267399999974, -8.23585 ], [ -35.972807, -8.236091899999973 ], [ -35.971262, -8.236331499999967 ], [ -35.971162, -8.236351499999948 ], [ -35.971099, -8.236385 ], [ -35.971076699999976, -8.236423 ], [ -35.971073199999978, -8.236469199999911 ], [ -35.971077399999949, -8.236522699999982 ], [ -35.97113729999996, -8.236659799999936 ], [ -35.971198, -8.236844099999937 ], [ -35.971265099999975, -8.237019099999914 ], [ -35.971294199999932, -8.2371894 ], [ -35.971363, -8.237551299999938 ], [ -35.971386499999944, -8.237661699999956 ], [ -35.971378899999934, -8.238134 ], [ -35.971389199999969, -8.238246199999935 ], [ -35.971412799999946, -8.2383187 ], [ -35.971435299999946, -8.238364899999977 ], [ -35.971475199999936, -8.2384097 ], [ -35.971517699999943, -8.238441499999963 ], [ -35.971677399999976, -8.238534799999959 ], [ -35.971688799999974, -8.238591099999969 ], [ -35.9716835, -8.238668499999946 ], [ -35.971640499999985, -8.238732799999969 ], [ -35.971559699999943, -8.238802399999946 ], [ -35.97151139999994, -8.238848899999917 ], [ -35.971470499999953, -8.238902 ], [ -35.97142249999996, -8.238981 ], [ -35.971384299999954, -8.239128 ], [ -35.971386199999984, -8.239264299999945 ], [ -35.971339499999942, -8.240815899999982 ], [ -35.971314, -8.242589899999933 ], [ -35.971289199999944, -8.244180199999967 ], [ -35.971019799999965, -8.246516799999927 ], [ -35.970780599999955, -8.246607599999965 ], [ -35.970174299999947, -8.246835599999947 ], [ -35.969559899999979, -8.247062899999957 ], [ -35.968939, -8.247279199999969 ], [ -35.968325899999968, -8.247509099999954 ], [ -35.967714299999948, -8.247735199999964 ], [ -35.967111399999965, -8.2479552 ], [ -35.966624, -8.248137699999985 ], [ -35.966403899999932, -8.247495199999953 ], [ -35.966187399999974, -8.246918099999956 ], [ -35.966159399999981, -8.246891499999956 ], [ -35.96613, -8.246874099999939 ], [ -35.966099599999957, -8.246863299999971 ], [ -35.966062699999959, -8.24686729999997 ], [ -35.965786199999975, -8.2469652 ], [ -35.965638499999969, -8.24701249999992 ], [ -35.965343899999937, -8.2470931 ], [ -35.965174499999939, -8.24714709999996 ], [ -35.965048699999961, -8.247204799999968 ], [ -35.964900599999964, -8.247274399999984 ], [ -35.964697499999936, -8.247345499999954 ], [ -35.964573499999972, -8.247378299999967 ], [ -35.9644517, -8.247395099999954 ], [ -35.964386299999944, -8.24740989999996 ], [ -35.964329199999952, -8.24743 ], [ -35.964269699999932, -8.247460699999975 ], [ -35.96421, -8.24749919999995 ], [ -35.964171599999929, -8.247539 ], [ -35.964127099999985, -8.247571099999968 ], [ -35.964024299999942, -8.2476263 ], [ -35.963892299999941, -8.247706899999967 ], [ -35.963812099999984, -8.247697899999945 ], [ -35.963733699999977, -8.247690699999989 ], [ -35.963633, -8.247690199999958 ], [ -35.963535799999931, -8.24769559999992 ], [ -35.963449199999957, -8.247705499999931 ], [ -35.963361, -8.247726099999989 ], [ -35.963130199999966, -8.247811 ], [ -35.962697199999987, -8.247956399999957 ], [ -35.962700699999971, -8.248051699999973 ], [ -35.962708, -8.248312499999924 ], [ -35.962701399999965, -8.248407 ], [ -35.962696299999955, -8.24857139999996 ], [ -35.962706199999957, -8.248741799999967 ], [ -35.962741599999966, -8.250342399999969 ], [ -35.962758899999983, -8.25058649999994 ], [ -35.96277079999993, -8.250724299999954 ], [ -35.962806199999939, -8.251128799999979 ], [ -35.962837099999945, -8.251616299999972 ], [ -35.962856199999969, -8.251819899999951 ], [ -35.96286629999998, -8.251887 ], [ -35.962898899999978, -8.251965099999941 ], [ -35.962991899999963, -8.252120899999955 ], [ -35.96302929999996, -8.252161199999948 ], [ -35.963087, -8.252208099999939 ], [ -35.96317989999995, -8.252267799999959 ], [ -35.963223599999935, -8.252298799999933 ], [ -35.9632544, -8.25234559999994 ], [ -35.963293299999975, -8.252393099999949 ], [ -35.963366399999984, -8.252452599999961 ], [ -35.963427499999966, -8.252477099999972 ], [ -35.963660799999964, -8.252756699999985 ], [ -35.963813799999969, -8.252924899999927 ], [ -35.963883299999964, -8.253017099999981 ], [ -35.96409, -8.25331489999998 ], [ -35.964145899999949, -8.253421899999951 ], [ -35.964188399999955, -8.253510699999916 ], [ -35.964209799999935, -8.253544699999974 ], [ -35.964228599999949, -8.253571099999917 ], [ -35.964528699999953, -8.253965399999975 ], [ -35.964607699999931, -8.254063299999927 ], [ -35.964644299999975, -8.254133799999979 ], [ -35.96477729999998, -8.254358099999925 ], [ -35.964801, -8.254396499999945 ], [ -35.964991299999959, -8.254708 ], [ -35.965171499999947, -8.255088599999961 ], [ -35.963204899999937, -8.255620399999957 ], [ -35.962400299999956, -8.255839899999975 ], [ -35.960381499999983, -8.256379899999972 ], [ -35.958399199999974, -8.256927099999931 ], [ -35.957860899999957, -8.257074899999944 ], [ -35.957725499999988, -8.2564149 ], [ -35.958069399999943, -8.252315 ], [ -35.958355299999944, -8.252078 ], [ -35.958319, -8.251633899999966 ], [ -35.958276599999976, -8.25165239999995 ], [ -35.95817969999996, -8.251695099999958 ], [ -35.958113399999938, -8.251728299999982 ], [ -35.958055499999951, -8.251758399999975 ], [ -35.958015299999943, -8.251770799999976 ], [ -35.957963199999945, -8.251784099999927 ], [ -35.95795789999994, -8.251612699999969 ], [ -35.958014399999968, -8.251598799999954 ], [ -35.958051599999969, -8.251495 ], [ -35.957998199999956, -8.251404299999919 ], [ -35.957734, -8.2512912 ], [ -35.956602599999947, -8.251218099999949 ], [ -35.956597399999971, -8.251023199999976 ], [ -35.956592, -8.2508994 ], [ -35.956586, -8.250807399999918 ], [ -35.95659049999994, -8.2506941 ], [ -35.95660479999998, -8.250458599999959 ], [ -35.956612299999968, -8.250042599999961 ], [ -35.956613599999969, -8.249731099999948 ], [ -35.956605399999951, -8.249356 ], [ -35.956623, -8.249083299999958 ], [ -35.956649399999954, -8.248821099999939 ], [ -35.956657599999964, -8.248729 ], [ -35.956655, -8.248516 ], [ -35.9567158, -8.247077499999918 ], [ -35.95673689999996, -8.246668499999926 ], [ -35.956736599999942, -8.246459899999943 ], [ -35.956733399999976, -8.246373 ], [ -35.956740899999943, -8.246301399999943 ], [ -35.956751499999939, -8.246213799999985 ], [ -35.956756099999957, -8.246109299999944 ], [ -35.956772, -8.245937099999923 ], [ -35.956781299999932, -8.245822 ], [ -35.956826899999953, -8.24527919999997 ], [ -35.956854699999958, -8.245049099999973 ], [ -35.95686569999998, -8.244809799999924 ], [ -35.956865799999953, -8.244708399999976 ], [ -35.956861, -8.24462669999998 ], [ -35.956861, -8.244529099999978 ], [ -35.956865799999946, -8.244405599999947 ], [ -35.956861799999963, -8.244330799999959 ], [ -35.956857599999978, -8.24407 ], [ -35.956847699999969, -8.243662 ], [ -35.956840699999937, -8.243579599999949 ], [ -35.956797699999974, -8.243295599999975 ], [ -35.956794399999986, -8.243233 ], [ -35.956806499999971, -8.24304549999993 ], [ -35.956829399999954, -8.242861099999983 ], [ -35.95684579999994, -8.242718699999957 ], [ -35.956885199999924, -8.242468799999941 ], [ -35.95694229999998, -8.242211499999927 ], [ -35.956974599999974, -8.242084399999968 ], [ -35.95706859999995, -8.241804499999931 ], [ -35.957129899999984, -8.241597499999948 ], [ -35.957219899999977, -8.241337399999955 ], [ -35.957254399999961, -8.241229399999929 ], [ -35.957276599999943, -8.241135 ], [ -35.957319, -8.240902 ], [ -35.957356499999953, -8.240600299999935 ], [ -35.957428199999981, -8.240124199999956 ], [ -35.957484399999949, -8.239787599999921 ], [ -35.957494599999961, -8.239658 ], [ -35.957505799999979, -8.239389699999943 ], [ -35.957518099999959, -8.239182399999947 ], [ -35.957528199999956, -8.238659299999918 ], [ -35.957551799999983, -8.238182099999944 ], [ -35.957566899999961, -8.237810099999914 ], [ -35.957596499999973, -8.237183099999958 ], [ -35.957661499999979, -8.236045899999979 ], [ -35.957681299999933, -8.235655599999987 ], [ -35.955066099999954, -8.235905699999945 ], [ -35.9544691, -8.23600259999994 ], [ -35.952836499999925, -8.236383699999976 ], [ -35.953111399999962, -8.237875 ], [ -35.95319939999996, -8.238392899999951 ], [ -35.953243, -8.238687599999926 ], [ -35.953284799999949, -8.239028 ], [ -35.953312299999943, -8.239435499999974 ], [ -35.95330789999997, -8.239609299999936 ], [ -35.953302, -8.239787699999969 ], [ -35.953277099999987, -8.240031499999928 ], [ -35.953228699999954, -8.240561899999941 ], [ -35.953129299999951, -8.241540299999935 ], [ -35.953061299999938, -8.242032399999976 ], [ -35.95301319999993, -8.242707599999944 ], [ -35.952991499999939, -8.243338899999967 ], [ -35.952984499999957, -8.243456299999915 ], [ -35.952967599999965, -8.243671199999957 ], [ -35.952954499999983, -8.24397919999994 ], [ -35.952898699999935, -8.244870899999968 ], [ -35.952907799999942, -8.245679299999946 ], [ -35.952773399999955, -8.245706099999946 ], [ -35.951740499999978, -8.2458789 ], [ -35.95134829999995, -8.245937599999928 ], [ -35.950971499999987, -8.245999599999928 ], [ -35.950083899999981, -8.246148199999936 ], [ -35.949783199999956, -8.246197 ], [ -35.949720199999952, -8.246216499999962 ], [ -35.949331399999956, -8.246246499999906 ], [ -35.948265, -8.246295599999961 ], [ -35.947994899999969, -8.247010899999944 ], [ -35.94777879999998, -8.247572899999978 ], [ -35.947698, -8.2478414 ], [ -35.947695899999928, -8.247965599999917 ], [ -35.947801899999938, -8.248286599999979 ], [ -35.947903099999969, -8.248563 ], [ -35.948099799999973, -8.249067299999975 ], [ -35.948290799999938, -8.249572799999953 ], [ -35.948389199999959, -8.249953499999966 ], [ -35.948422299999947, -8.250109399999921 ], [ -35.948418399999987, -8.250206399999978 ], [ -35.948378499999933, -8.250408699999975 ], [ -35.948307799999945, -8.250743 ], [ -35.9482849, -8.25097 ], [ -35.94859119999996, -8.250976699999979 ], [ -35.94858, -8.251205099999916 ], [ -35.949371799999945, -8.251221 ], [ -35.949462299999929, -8.251226299999926 ], [ -35.949234599999954, -8.252343099999946 ], [ -35.949190899999962, -8.252546 ], [ -35.949134699999945, -8.252723799999934 ], [ -35.948925899999956, -8.252549499999926 ], [ -35.948825099999972, -8.252467699999954 ], [ -35.948704599999985, -8.252384 ], [ -35.948529099999973, -8.252275599999965 ], [ -35.94838749999996, -8.252197 ], [ -35.948201899999958, -8.252097099999958 ], [ -35.948063, -8.252020599999973 ], [ -35.94797079999995, -8.251963899999964 ], [ -35.947860099999964, -8.2518899 ], [ -35.947796199999978, -8.25184009999996 ], [ -35.947669899999937, -8.251733899999989 ], [ -35.947138099999961, -8.251263599999962 ], [ -35.946937, -8.25108169999992 ], [ -35.946704299999979, -8.250875399999952 ], [ -35.946518299999987, -8.250715899999921 ], [ -35.946338099999927, -8.250572299999954 ], [ -35.946201899999949, -8.250470599999968 ], [ -35.946081, -8.250384499999923 ], [ -35.945884, -8.250262699999956 ], [ -35.945734899999934, -8.250179299999967 ], [ -35.945614699999972, -8.250118499999946 ], [ -35.945512499999957, -8.250072 ], [ -35.945387199999978, -8.250021599999947 ], [ -35.944988499999965, -8.249879699999953 ], [ -35.944387899999988, -8.249670399999976 ], [ -35.943965899999974, -8.249512799999906 ], [ -35.94377719999995, -8.249428699999962 ], [ -35.943624899999968, -8.249350399999965 ], [ -35.943446599999966, -8.249243499999958 ], [ -35.943148699999945, -8.249039799999931 ], [ -35.94271939999993, -8.248731799999954 ], [ -35.942396699999961, -8.248499099999934 ], [ -35.942144599999942, -8.248294299999937 ], [ -35.942022899999984, -8.248168599999927 ], [ -35.941950199999951, -8.248074199999946 ], [ -35.941898199999976, -8.248000799999945 ], [ -35.941808699999967, -8.247850099999924 ], [ -35.941464199999984, -8.2471849 ], [ -35.941291799999924, -8.2468527 ], [ -35.941270099999947, -8.246811 ], [ -35.940455099999959, -8.247253899999953 ], [ -35.940030099999944, -8.247642099999963 ], [ -35.939157499999965, -8.248483499999953 ], [ -35.93910649999998, -8.249203199999966 ], [ -35.939780799999944, -8.249387299999968 ], [ -35.940115099999957, -8.250724699999983 ], [ -35.935953099999956, -8.250605699999957 ], [ -35.935477099999964, -8.251365 ], [ -35.936287399999969, -8.252025099999983 ], [ -35.935644199999963, -8.253338299999932 ], [ -35.935312699999947, -8.254749299999952 ], [ -35.937460399999964, -8.255358799999939 ], [ -35.937514199999953, -8.255446599999956 ], [ -35.937508499999986, -8.255571299999941 ], [ -35.939013, -8.255571299999922 ], [ -35.938654599999964, -8.2555968 ], [ -35.938620599999979, -8.257231599999942 ], [ -35.940669, -8.257191899999963 ], [ -35.940683199999967, -8.257633899999984 ], [ -35.941096899999934, -8.257619799999913 ], [ -35.941167699999944, -8.258614199999949 ], [ -35.938895399999986, -8.258461199999948 ], [ -35.937654399999929, -8.258279899999934 ], [ -35.935093199999983, -8.25759989999993 ], [ -35.935155499999951, -8.258389 ], [ -35.935368, -8.259583199999966 ], [ -35.936793099999939, -8.260385 ], [ -35.936631199999965, -8.262148599999927 ], [ -35.936847099999966, -8.262178399999922 ], [ -35.937863799999946, -8.262351499999975 ], [ -35.938088899999968, -8.2624 ], [ -35.938439799999969, -8.262452 ], [ -35.939092599999988, -8.262550299999935 ], [ -35.939460599999968, -8.26258529999996 ], [ -35.939770499999952, -8.262614599999926 ], [ -35.940005499999984, -8.262628399999937 ], [ -35.940138199999978, -8.262616599999948 ], [ -35.940321199999971, -8.26260469999994 ], [ -35.940542799999939, -8.262595699999974 ], [ -35.940680099999959, -8.262590499999959 ], [ -35.940837399999971, -8.262577299999982 ], [ -35.940770499999935, -8.265665499999939 ], [ -35.942205899999976, -8.266993899999955 ], [ -35.945699499999932, -8.267026799999917 ], [ -35.945709, -8.26699659999997 ], [ -35.945739699999933, -8.266953399999988 ], [ -35.945872599999973, -8.267104899999916 ], [ -35.946374299999952, -8.268079199999924 ], [ -35.94661, -8.268509199999924 ], [ -35.946719299999984, -8.2689028 ], [ -35.946998699999938, -8.26992079999996 ], [ -35.946993899999939, -8.270120099999934 ], [ -35.947003599999967, -8.270214799999959 ], [ -35.946986599999946, -8.270516099999949 ], [ -35.946923399999939, -8.270997099999937 ], [ -35.946753299999955, -8.2716604 ], [ -35.946268099999941, -8.272496599999936 ], [ -35.94593059999994, -8.272845899999922 ], [ -35.946166, -8.273093099999937 ], [ -35.946408499999961, -8.2736035 ], [ -35.946375499999938, -8.274086399999939 ], [ -35.94581309999996, -8.274058399999923 ], [ -35.945734099999981, -8.27409 ], [ -35.945568899999962, -8.274193299999986 ], [ -35.945367299999937, -8.27428919999994 ], [ -35.944888599999956, -8.274560099999988 ], [ -35.944770799999958, -8.274597799999986 ], [ -35.944644499999981, -8.274667 ], [ -35.944450099999976, -8.274828599999978 ], [ -35.944294599999985, -8.27494639999998 ], [ -35.944199099999935, -8.275006499999972 ], [ -35.944181299999968, -8.275050799999972 ], [ -35.9441437, -8.275082399999979 ], [ -35.94411179999998, -8.275108199999979 ], [ -35.944066599999935, -8.275146299999944 ], [ -35.944045799999969, -8.275172599999967 ], [ -35.944009799999947, -8.275190299999981 ], [ -35.94398769999998, -8.275192199999948 ], [ -35.943966599999953, -8.275177199999989 ], [ -35.943942, -8.2751699 ], [ -35.94391939999997, -8.275177 ], [ -35.943910799999976, -8.2751974 ], [ -35.943915, -8.275216 ], [ -35.943901099999955, -8.275235199999939 ], [ -35.943869199999945, -8.275254599999942 ], [ -35.943809799999933, -8.275266699999976 ], [ -35.943723599999942, -8.275269599999941 ], [ -35.943348299999961, -8.275561099999933 ], [ -35.942742399999929, -8.276129 ], [ -35.942670899999939, -8.276089 ], [ -35.942523099999953, -8.2760299 ], [ -35.942409199999929, -8.275995 ], [ -35.942303, -8.275982199999939 ], [ -35.94225, -8.275982199999939 ], [ -35.942108899999937, -8.275982199999932 ], [ -35.94195209999998, -8.275999599999983 ], [ -35.941695299999935, -8.276046599999985 ], [ -35.941521699999953, -8.276090199999954 ], [ -35.941383499999972, -8.27613679999998 ], [ -35.941328699999929, -8.27617449999995 ], [ -35.941293, -8.276226099999962 ], [ -35.941224799999929, -8.276180199999928 ], [ -35.9411449, -8.276148799999932 ], [ -35.941092599999934, -8.276133499999965 ], [ -35.940984499999963, -8.276116099999944 ], [ -35.940839899999958, -8.276104799999933 ], [ -35.940681899999966, -8.276096899999976 ], [ -35.940553699999946, -8.276086899999944 ], [ -35.940440899999949, -8.276066 ], [ -35.940043899999978, -8.27596929999992 ], [ -35.9399107, -8.275927899999953 ], [ -35.939621499999944, -8.27583519999996 ], [ -35.93943279999997, -8.275767699999941 ], [ -35.939227599999981, -8.275694499999933 ], [ -35.938915799999968, -8.275593499999934 ], [ -35.938807299999951, -8.275559599999939 ], [ -35.938611399999964, -8.27546869999998 ], [ -35.938456499999972, -8.275382199999983 ], [ -35.93839509999998, -8.275341699999933 ], [ -35.938349899999942, -8.275311 ], [ -35.938160799999935, -8.275184199999941 ], [ -35.938044799999943, -8.275117499999984 ], [ -35.937797899999957, -8.275013899999967 ], [ -35.937359699999938, -8.274837899999975 ], [ -35.93698279999996, -8.274679899999976 ], [ -35.936820699999934, -8.27459079999996 ], [ -35.93670869999994, -8.274529 ], [ -35.936757399999976, -8.274331199999953 ], [ -35.936866799999962, -8.274009299999951 ], [ -35.937102899999964, -8.273519599999918 ], [ -35.93712079999996, -8.273446199999974 ], [ -35.937145399999963, -8.273392899999964 ], [ -35.93718, -8.273339599999938 ], [ -35.93723609999995, -8.273269499999945 ], [ -35.937315399999939, -8.273171 ], [ -35.93737949999997, -8.273066 ], [ -35.937410399999976, -8.272965099999961 ], [ -35.937480199999982, -8.272877399999958 ], [ -35.937532199999971, -8.272803 ], [ -35.937592799999948, -8.272740799999958 ], [ -35.937653499999961, -8.272683 ], [ -35.937707899999957, -8.272615399999932 ], [ -35.938344799999982, -8.27182259999994 ], [ -35.937529099999949, -8.271236099999967 ], [ -35.937512799999972, -8.271169099999959 ], [ -35.937440799999941, -8.271012699999966 ], [ -35.937214099999949, -8.270701799999909 ], [ -35.936937199999939, -8.270810499999907 ], [ -35.936932599999977, -8.270732399999927 ], [ -35.936919599999953, -8.270663599999985 ], [ -35.936889899999983, -8.270585099999948 ], [ -35.936855699999967, -8.270536099999967 ], [ -35.936815499999966, -8.27051419999996 ], [ -35.936765199999975, -8.270507799999967 ], [ -35.93670069999996, -8.2705028 ], [ -35.93665679999998, -8.270507799999956 ], [ -35.936614899999945, -8.2705157 ], [ -35.936623399999974, -8.270068 ], [ -35.936626499999932, -8.26994 ], [ -35.936636899999954, -8.269507899999942 ], [ -35.936676199999972, -8.268426599999948 ], [ -35.934343699999935, -8.268390499999946 ], [ -35.93234149999995, -8.268332 ], [ -35.931874, -8.272164899999936 ], [ -35.931427599999957, -8.272129399999935 ], [ -35.930875499999956, -8.272001199999972 ], [ -35.930429699999941, -8.271895299999928 ], [ -35.927718699999964, -8.271227799999977 ], [ -35.927536099999955, -8.271769799999941 ], [ -35.927388799999967, -8.272201299999949 ], [ -35.927236199999989, -8.272631 ], [ -35.926995199999965, -8.273318399999949 ], [ -35.926322599999935, -8.273286799999919 ], [ -35.926229099999951, -8.27328 ], [ -35.926123699999948, -8.2732693 ], [ -35.925936, -8.273231399999917 ], [ -35.925749799999949, -8.273173099999973 ], [ -35.92560519999995, -8.273116799999977 ], [ -35.925437599999952, -8.273023599999958 ], [ -35.92529, -8.2731828 ], [ -35.925166599999962, -8.273375199999977 ], [ -35.925133899999942, -8.273397799999941 ], [ -35.924772399999945, -8.273315399999918 ], [ -35.924470699999972, -8.273297299999976 ], [ -35.924360899999961, -8.273267099999948 ], [ -35.923677699999985, -8.27328639999994 ], [ -35.923246799999959, -8.273208 ], [ -35.92291129999996, -8.273053499999959 ], [ -35.922614399999922, -8.272588799999959 ], [ -35.922569699999947, -8.272540499999922 ], [ -35.922520199999958, -8.272492199999911 ], [ -35.922344, -8.272544099999935 ], [ -35.922331899999961, -8.272489799999953 ], [ -35.922125599999966, -8.272435499999961 ], [ -35.922031399999973, -8.272464499999966 ], [ -35.921910699999955, -8.27252 ], [ -35.920402199999963, -8.272674699999918 ], [ -35.920259299999941, -8.272983299999963 ], [ -35.920156799999965, -8.273162499999966 ], [ -35.920034199999968, -8.273448899999922 ], [ -35.920100399999967, -8.273643399999957 ], [ -35.920328599999955, -8.274078299999916 ], [ -35.920475899999921, -8.274461899999961 ], [ -35.920601699999963, -8.274796199999987 ], [ -35.920663199999986, -8.275103799999966 ], [ -35.920667399999957, -8.27535539999997 ], [ -35.920645799999932, -8.275466099999962 ], [ -35.920611099999974, -8.275555199999943 ], [ -35.920557399999957, -8.275611599999939 ], [ -35.920449699999956, -8.275637499999942 ], [ -35.92031089999994, -8.275697 ], [ -35.920073299999956, -8.275815899999944 ], [ -35.919926399999945, -8.27587079999995 ], [ -35.919843799999967, -8.275891899999966 ], [ -35.919792699999967, -8.275920299999942 ], [ -35.919762, -8.275940299999933 ], [ -35.919707199999948, -8.275954399999932 ], [ -35.919657599999937, -8.275978799999942 ], [ -35.919618699999944, -8.276019199999954 ], [ -35.919572399999943, -8.276022799999943 ], [ -35.919539799999939, -8.276016799999969 ], [ -35.919505199999954, -8.275996599999933 ], [ -35.919484, -8.275975 ], [ -35.919481199999957, -8.275936899999964 ], [ -35.919487299999957, -8.27586 ], [ -35.919519599999944, -8.275738799999926 ], [ -35.9195261, -8.275648599999963 ], [ -35.919497399999955, -8.275601499999961 ], [ -35.919445799999941, -8.275526 ], [ -35.919355, -8.275461599999986 ], [ -35.91929319999997, -8.27541439999994 ], [ -35.919231499999967, -8.275365299999969 ], [ -35.919187399999942, -8.275339799999927 ], [ -35.919133699999975, -8.275324199999933 ], [ -35.919113399999965, -8.275328499999935 ], [ -35.919063799999947, -8.275346399999938 ], [ -35.919005299999988, -8.275379399999949 ], [ -35.918960599999942, -8.275427 ], [ -35.918920199999945, -8.275487299999961 ], [ -35.918892799999988, -8.275509099999953 ], [ -35.918869899999947, -8.275520299999922 ], [ -35.918835099999967, -8.275515599999938 ], [ -35.918691499999966, -8.275488 ], [ -35.918638399999971, -8.275471199999975 ], [ -35.91860109999994, -8.275466499999911 ], [ -35.918565499999936, -8.275477599999949 ], [ -35.918531199999961, -8.275489899999966 ], [ -35.918489399999935, -8.275489 ], [ -35.91839059999996, -8.275485699999917 ], [ -35.918359399999943, -8.275500599999905 ], [ -35.918330099999942, -8.275521199999966 ], [ -35.918302, -8.275559499999925 ], [ -35.918287499999963, -8.275623099999967 ], [ -35.918283399999957, -8.275666599999976 ], [ -35.918266, -8.275699299999932 ], [ -35.918139, -8.275816899999933 ], [ -35.918052899999971, -8.275896399999953 ], [ -35.918016899999948, -8.275966799999924 ], [ -35.918014399999947, -8.275997599999934 ], [ -35.918011299999932, -8.27603739999995 ], [ -35.91801849999996, -8.27625329999996 ], [ -35.91802789999997, -8.276344299999938 ], [ -35.91804389999993, -8.276402399999927 ], [ -35.918076299999932, -8.2764759 ], [ -35.918140699999981, -8.276504199999989 ], [ -35.918234299999938, -8.276518799999986 ], [ -35.918307799999972, -8.276519299999977 ], [ -35.918375899999951, -8.27656019999994 ], [ -35.918575899999958, -8.276739699999927 ], [ -35.918714, -8.276915 ], [ -35.918808299999966, -8.277004699999958 ], [ -35.918858499999949, -8.277060599999979 ], [ -35.918884899999973, -8.277097399999947 ], [ -35.918893399999945, -8.277134099999946 ], [ -35.918888199999969, -8.277155499999928 ], [ -35.918886199999974, -8.277172499999933 ], [ -35.918884699999978, -8.277193299999961 ], [ -35.918878899999982, -8.277207199999969 ], [ -35.918867499999976, -8.277211499999961 ], [ -35.918847899999953, -8.27721069999993 ], [ -35.918801699999953, -8.277200899999988 ], [ -35.918780199999958, -8.277198199999905 ], [ -35.918762399999942, -8.277201799999931 ], [ -35.918744499999953, -8.277217499999971 ], [ -35.918710699999963, -8.277253199999977 ], [ -35.91869289999994, -8.277266299999937 ], [ -35.918675699999945, -8.277271199999966 ], [ -35.918645899999952, -8.277271599999969 ], [ -35.918600399999953, -8.277262399999907 ], [ -35.918578799999977, -8.277264799999978 ], [ -35.918504, -8.277269899999986 ], [ -35.918477499999938, -8.277267799999954 ], [ -35.91844709999998, -8.27726 ], [ -35.918411, -8.27725649999994 ], [ -35.918331099999939, -8.277274199999946 ], [ -35.918291099999976, -8.277282799999963 ], [ -35.918263899999943, -8.277277499999967 ], [ -35.918234199999979, -8.277264 ], [ -35.918190099999933, -8.277238399999941 ], [ -35.918164799999943, -8.277228799999939 ], [ -35.918132499999949, -8.277226 ], [ -35.918093099999972, -8.27723889999994 ], [ -35.918057499999975, -8.277262699999964 ], [ -35.918015499999967, -8.27728 ], [ -35.91796219999997, -8.277289699999942 ], [ -35.917904499999963, -8.277298699999985 ], [ -35.917812599999927, -8.277304899999914 ], [ -35.917730199999944, -8.27731 ], [ -35.917651099999951, -8.27730239999994 ], [ -35.91758979999998, -8.27728549999992 ], [ -35.917529799999954, -8.277264899999967 ], [ -35.917457199999951, -8.27723149999996 ], [ -35.91742689999996, -8.277215499999938 ], [ -35.91740039999997, -8.27720519999996 ], [ -35.917375099999965, -8.2772 ], [ -35.917346, -8.277189599999948 ], [ -35.917327099999966, -8.2771769 ], [ -35.917303199999942, -8.27715649999992 ], [ -35.917266599999948, -8.277134799999949 ], [ -35.91722359999995, -8.277123099999937 ], [ -35.917178, -8.277124 ], [ -35.917147, -8.277119299999965 ], [ -35.917074899999932, -8.277096 ], [ -35.917028199999947, -8.277080499999963 ], [ -35.91699159999996, -8.277063799999926 ], [ -35.91696509999997, -8.277040899999987 ], [ -35.916940199999949, -8.276992799999936 ], [ -35.916841, -8.276869599999918 ], [ -35.916774799999978, -8.276756699999968 ], [ -35.916738399999936, -8.276704699999915 ], [ -35.916674499999942, -8.276617099999934 ], [ -35.916580299999964, -8.276506599999978 ], [ -35.916539, -8.276439399999962 ], [ -35.916514199999945, -8.276372299999917 ], [ -35.916467599999976, -8.276180099999969 ], [ -35.916432599999951, -8.276121799999967 ], [ -35.916388499999989, -8.276081099999928 ], [ -35.916238299999982, -8.276016799999953 ], [ -35.916185299999945, -8.275987399999954 ], [ -35.91614629999998, -8.275954299999949 ], [ -35.916097499999978, -8.275874399999964 ], [ -35.916039699999949, -8.275802 ], [ -35.91597569999994, -8.275723199999966 ], [ -35.915925299999969, -8.27569 ], [ -35.915877299999977, -8.275674499999971 ], [ -35.915826599999953, -8.275674099999941 ], [ -35.915779599999951, -8.275691399999973 ], [ -35.915723599999986, -8.275730099999988 ], [ -35.915710599999947, -8.275771699999954 ], [ -35.915707099999963, -8.275890299999947 ], [ -35.915699, -8.275949499999955 ], [ -35.915612899999928, -8.276272 ], [ -35.915575699999977, -8.276336 ], [ -35.915457599999968, -8.276534499999974 ], [ -35.915412699999941, -8.276604899999915 ], [ -35.915376899999956, -8.276638699999975 ], [ -35.915333699999969, -8.276659799999969 ], [ -35.91530709999995, -8.276659599999958 ], [ -35.915288199999956, -8.276640499999939 ], [ -35.915278299999954, -8.276607599999979 ], [ -35.915245699999964, -8.276564499999942 ], [ -35.915190299999949, -8.27653 ], [ -35.915147599999955, -8.2764779 ], [ -35.915116199999943, -8.27643849999993 ], [ -35.915066899999957, -8.276429299999958 ], [ -35.914985699999932, -8.27644629999997 ], [ -35.914914299999964, -8.276495 ], [ -35.914847799999961, -8.276577799999938 ], [ -35.914757099999974, -8.276675499999961 ], [ -35.914664, -8.276756799999916 ], [ -35.914568599999939, -8.276796499999911 ], [ -35.914535599999965, -8.276801299999926 ], [ -35.914488799999965, -8.2767934 ], [ -35.914378699999929, -8.276773599999967 ], [ -35.914296299999933, -8.276779199999972 ], [ -35.914250599999953, -8.276802899999932 ], [ -35.914218899999987, -8.276803899999924 ], [ -35.914183599999944, -8.276782199999953 ], [ -35.91413279999994, -8.276793099999955 ], [ -35.914056699999954, -8.276803899999956 ], [ -35.914003399999963, -8.276812299999943 ], [ -35.913946499999952, -8.276805599999935 ], [ -35.913870599999939, -8.276781 ], [ -35.913816299999958, -8.276764199999919 ], [ -35.913779699999957, -8.276742399999927 ], [ -35.913745799999965, -8.276698 ], [ -35.913721, -8.276630899999926 ], [ -35.913705, -8.276572699999981 ], [ -35.913686599999956, -8.27648929999998 ], [ -35.913690799999983, -8.276445199999976 ], [ -35.913713899999948, -8.27640369999996 ], [ -35.913775199999975, -8.276365099999973 ], [ -35.913859599999974, -8.276314699999958 ], [ -35.914059, -8.276255699999988 ], [ -35.914125799999972, -8.276237799999905 ], [ -35.914192, -8.276198 ], [ -35.914288799999959, -8.276133099999988 ], [ -35.9143706, -8.276051699999899 ], [ -35.914415399999932, -8.275982599999974 ], [ -35.91447309999996, -8.275904799999987 ], [ -35.91449769999997, -8.275834299999909 ], [ -35.914504699999952, -8.275744799999925 ], [ -35.914502699999964, -8.275684199999935 ], [ -35.914479, -8.275627199999979 ], [ -35.914322799999972, -8.275511099999973 ], [ -35.91426, -8.275446299999926 ], [ -35.914217399999984, -8.275379099999933 ], [ -35.914165899999944, -8.275323099999987 ], [ -35.914075899999943, -8.275160899999953 ], [ -35.914025799999933, -8.275096099999953 ], [ -35.913984299999981, -8.275051699999951 ], [ -35.913927599999973, -8.275012099999969 ], [ -35.913827899999951, -8.274960799999961 ], [ -35.913742, -8.274924799999956 ], [ -35.913662199999976, -8.274920399999928 ], [ -35.91355949999997, -8.2749335 ], [ -35.913384099999973, -8.274993899999975 ], [ -35.913326899999959, -8.275009899999928 ], [ -35.91326219999997, -8.274983599999944 ], [ -35.913200599999975, -8.274926299999956 ], [ -35.913066799999974, -8.274862199999971 ], [ -35.912905099999939, -8.274800399999956 ], [ -35.9128305, -8.274777099999927 ], [ -35.912771, -8.274767799999941 ], [ -35.912729199999951, -8.274775 ], [ -35.912670699999985, -8.274796 ], [ -35.912572599999976, -8.274863399999955 ], [ -35.912491, -8.274929699999957 ], [ -35.912365199999954, -8.274979199999965 ], [ -35.912260799999956, -8.275049099999924 ], [ -35.91218159999994, -8.275129199999963 ], [ -35.911897199999942, -8.275370599999961 ], [ -35.911788799999947, -8.275451799999912 ], [ -35.911679399999969, -8.27551909999992 ], [ -35.911624199999956, -8.275550599999974 ], [ -35.911557799999962, -8.275587 ], [ -35.911487799999975, -8.275626799999953 ], [ -35.911389899999968, -8.275672799999935 ], [ -35.911290799999961, -8.275712399999962 ], [ -35.911188099999947, -8.275723 ], [ -35.911104699999953, -8.275697099999944 ], [ -35.911063099999978, -8.275663899999934 ], [ -35.911033099999941, -8.275610699999982 ], [ -35.911019599999975, -8.275558899999973 ], [ -35.9110295, -8.275418799999931 ], [ -35.91107889999995, -8.275260199999952 ], [ -35.911113699999937, -8.275144199999939 ], [ -35.911119199999973, -8.275079499999942 ], [ -35.911116799999945, -8.275015599999985 ], [ -35.911148799999971, -8.274964099999984 ], [ -35.911268599999971, -8.274822499999964 ], [ -35.91128539999994, -8.274773399999981 ], [ -35.911286199999957, -8.27467869999998 ], [ -35.911303699999962, -8.274639599999933 ], [ -35.911315499999944, -8.274591699999974 ], [ -35.911288099999979, -8.274530899999963 ], [ -35.911254199999973, -8.274496599999948 ], [ -35.911252099999956, -8.274436 ], [ -35.911289499999953, -8.274358 ], [ -35.911301099999946, -8.274280899999924 ], [ -35.91129379999996, -8.274236099999923 ], [ -35.911271899999974, -8.274205 ], [ -35.911232799999937, -8.274181299999951 ], [ -35.911146899999949, -8.274124099999934 ], [ -35.911108, -8.274067 ], [ -35.911081899999935, -8.274004899999969 ], [ -35.911054299999932, -8.273968099999937 ], [ -35.91102149999994, -8.27395649999996 ], [ -35.910992599999936, -8.273924699999968 ], [ -35.910942599999942, -8.273839799999941 ], [ -35.91091119999993, -8.273801699999968 ], [ -35.910880899999938, -8.2737888 ], [ -35.910826499999985, -8.273770699999959 ], [ -35.91077839999997, -8.273772899999909 ], [ -35.910704799999969, -8.273782399999954 ], [ -35.91064259999996, -8.273803399999963 ], [ -35.910604299999932, -8.273829599999917 ], [ -35.910587599999921, -8.27386349999996 ], [ -35.910588499999967, -8.273906499999962 ], [ -35.910613599999984, -8.273939499999923 ], [ -35.910638599999977, -8.27398 ], [ -35.91063819999993, -8.274033 ], [ -35.910659499999952, -8.274071099999949 ], [ -35.91068579999996, -8.274102799999977 ], [ -35.910691899999961, -8.274142 ], [ -35.910690199999969, -8.274192499999968 ], [ -35.910678399999938, -8.274246599999975 ], [ -35.910652699999957, -8.274290599999972 ], [ -35.910581099999945, -8.274370799999907 ], [ -35.91052, -8.274413299999951 ], [ -35.910431, -8.27444539999996 ], [ -35.910261, -8.274479399999953 ], [ -35.910139299999962, -8.2744936 ], [ -35.910040199999969, -8.274520599999947 ], [ -35.909973, -8.27455169999997 ], [ -35.909929499999969, -8.274604399999928 ], [ -35.909860199999969, -8.27471739999992 ], [ -35.909791099999957, -8.274802699999961 ], [ -35.909696899999979, -8.274862499999935 ], [ -35.909587599999945, -8.274904599999964 ], [ -35.909491099999975, -8.274929099999977 ], [ -35.909410299999934, -8.274903199999954 ], [ -35.909322, -8.274847 ], [ -35.909087599999971, -8.274683699999976 ], [ -35.909053299999989, -8.274661199999967 ], [ -35.909044799999947, -8.27465559999998 ], [ -35.908927499999947, -8.274577699999949 ], [ -35.908604299999986, -8.27440209999995 ], [ -35.908046, -8.275337099999962 ], [ -35.907606199999975, -8.275781499999921 ], [ -35.907195699999946, -8.27641859999993 ], [ -35.906696799999963, -8.277176799999934 ], [ -35.906553799999976, -8.277689399999945 ], [ -35.906440299999922, -8.27883839999992 ], [ -35.90637269999997, -8.279280299999927 ], [ -35.906286799999975, -8.27976509999997 ], [ -35.906289, -8.280174799999944 ], [ -35.906253499999934, -8.280335099999931 ], [ -35.906047199999925, -8.28098179999996 ], [ -35.90589509999996, -8.28155759999993 ], [ -35.90574789999993, -8.281975199999986 ], [ -35.905751899999977, -8.28235709999994 ], [ -35.905711099999962, -8.282493499999907 ], [ -35.905524099999987, -8.282632499999979 ], [ -35.905185399999937, -8.282731 ], [ -35.904863899999953, -8.282821599999975 ], [ -35.904546799999942, -8.2828011 ], [ -35.90419349999997, -8.282753099999971 ], [ -35.903950299999956, -8.282725899999949 ], [ -35.9038, -8.282753 ], [ -35.903686499999928, -8.282895 ], [ -35.903645399999959, -8.282991799999957 ], [ -35.903659399999981, -8.283105199999985 ], [ -35.903707099999963, -8.283253099999971 ], [ -35.903838199999946, -8.283419399999955 ], [ -35.903889299999946, -8.283579499999963 ], [ -35.90432629999998, -8.283834299999945 ], [ -35.905013899999972, -8.284242 ], [ -35.905486099999969, -8.284495599999968 ], [ -35.906170699999961, -8.284863099999932 ], [ -35.906543899999981, -8.28513529999997 ], [ -35.907197099999962, -8.285706899999965 ], [ -35.908607799999977, -8.286631299999941 ], [ -35.909017899999981, -8.286808899999906 ], [ -35.909526299999989, -8.287001899999979 ], [ -35.910137199999944, -8.287231 ], [ -35.910569399999929, -8.287323 ], [ -35.910725099999979, -8.2873754 ], [ -35.910845, -8.287451099999934 ], [ -35.910976499999947, -8.287576199999924 ], [ -35.911104799999976, -8.287842899999925 ], [ -35.911546899999955, -8.288681099999959 ], [ -35.911597399999948, -8.288795599999952 ], [ -35.911613899999963, -8.288963099999947 ], [ -35.911637599999949, -8.289227099999955 ], [ -35.911636499999929, -8.289364899999931 ], [ -35.911570799999936, -8.289673499999934 ], [ -35.911519299999959, -8.289930099999941 ], [ -35.911577099999931, -8.289959799999961 ], [ -35.91162769999994, -8.289970499999983 ], [ -35.911721, -8.289966099999964 ], [ -35.911794599999951, -8.289959399999924 ], [ -35.911891099999934, -8.289937499999928 ], [ -35.911950299999937, -8.289919399999986 ], [ -35.91198659999997, -8.289913499999965 ], [ -35.912021799999934, -8.289913699999939 ], [ -35.91208179999996, -8.289923499999905 ], [ -35.912142799999984, -8.289940499999927 ], [ -35.912188299999976, -8.289947 ], [ -35.912224599999938, -8.289948299999931 ], [ -35.912255699999953, -8.289944399999969 ], [ -35.912318, -8.289928399999944 ], [ -35.912429599999939, -8.289891099999961 ], [ -35.912534499999943, -8.289859899999966 ], [ -35.912696699999969, -8.289777599999974 ], [ -35.912783, -8.289732899999931 ], [ -35.912869399999977, -8.289688099999976 ], [ -35.913073099999963, -8.2896115 ], [ -35.913416599999955, -8.2898767 ], [ -35.913519099999974, -8.289971699999986 ], [ -35.913567899999975, -8.290036599999967 ], [ -35.913615, -8.290090199999963 ], [ -35.913668799999975, -8.290125799999956 ], [ -35.914051499999971, -8.290321899999959 ], [ -35.914141899999947, -8.29033639999995 ], [ -35.914264199999941, -8.290338899999929 ], [ -35.914418099999978, -8.290337299999965 ], [ -35.914490399999984, -8.290343399999909 ], [ -35.91457029999998, -8.29033629999997 ], [ -35.914641, -8.29031659999993 ], [ -35.91478479999995, -8.290275299999953 ], [ -35.914882899999952, -8.2902587 ], [ -35.914984299999958, -8.2902592 ], [ -35.915139, -8.290216799999964 ], [ -35.915353399999965, -8.290193099999938 ], [ -35.915612799999963, -8.290178299999987 ], [ -35.915919099999947, -8.290125599999941 ], [ -35.916349799999978, -8.290040399999961 ], [ -35.916453299999944, -8.290018599999948 ], [ -35.916817599999938, -8.289847199999944 ], [ -35.917285799999938, -8.2896244 ], [ -35.917385599999939, -8.289584799999963 ], [ -35.917504, -8.289546 ], [ -35.917801, -8.289404699999984 ], [ -35.917888599999969, -8.289364099999961 ], [ -35.917987399999951, -8.289342499999975 ], [ -35.918244399999935, -8.289225199999967 ], [ -35.918488199999963, -8.289112 ], [ -35.918587699999932, -8.289046299999917 ], [ -35.91874119999995, -8.2889329 ], [ -35.918858399999976, -8.288829199999968 ], [ -35.918927699999983, -8.288745099999954 ], [ -35.91903259999998, -8.288578599999916 ], [ -35.919172, -8.28832089999996 ], [ -35.919234299999971, -8.28821789999996 ], [ -35.919345199999952, -8.288062399999962 ], [ -35.919485199999947, -8.287905699999952 ], [ -35.919684599999975, -8.287716499999942 ], [ -35.919861699999963, -8.287520099999963 ], [ -35.9199657, -8.28742509999994 ], [ -35.920083899999945, -8.287361499999976 ], [ -35.920240799999931, -8.287304499999962 ], [ -35.920478699999933, -8.287242599999946 ], [ -35.920632099999985, -8.287201899999953 ], [ -35.920815599999969, -8.28717 ], [ -35.921053599999937, -8.287118899999935 ], [ -35.921201099999955, -8.287076299999962 ], [ -35.921431199999965, -8.286968399999983 ], [ -35.921542399999971, -8.286905099999933 ], [ -35.921632299999942, -8.286841199999962 ], [ -35.921726199999966, -8.286768299999963 ], [ -35.921802699999951, -8.286688799999961 ], [ -35.921871899999928, -8.286594 ], [ -35.921953899999949, -8.286464 ], [ -35.922086899999954, -8.286272399999987 ], [ -35.922137599999985, -8.286208 ], [ -35.922186299999964, -8.28615769999991 ], [ -35.92224559999994, -8.286116299999943 ], [ -35.922420799999941, -8.286032899999967 ], [ -35.922654799999975, -8.285938199999981 ], [ -35.922904, -8.285792499999973 ], [ -35.92318, -8.285619399999957 ], [ -35.923353, -8.285486899999965 ], [ -35.923750099999957, -8.285247799999981 ], [ -35.924035099999976, -8.285071599999961 ], [ -35.924123599999973, -8.285048599999907 ], [ -35.924273699999951, -8.28499729999993 ], [ -35.924448099999957, -8.284952299999924 ], [ -35.925245699999948, -8.284922099999971 ], [ -35.925403799999962, -8.284892899999933 ], [ -35.92557179999995, -8.284870799999977 ], [ -35.925681, -8.284861299999957 ], [ -35.925779499999969, -8.284855799999956 ], [ -35.925881899999986, -8.284853899999966 ], [ -35.925986499999972, -8.284856 ], [ -35.926079799999968, -8.284872499999972 ], [ -35.926209099999937, -8.28486389999993 ], [ -35.926434199999953, -8.284864899999949 ], [ -35.926508, -8.284885 ], [ -35.926641399999937, -8.284891799999981 ], [ -35.926897799999949, -8.28489959999996 ], [ -35.927063399999945, -8.28491439999994 ], [ -35.927341499999962, -8.284977399999942 ], [ -35.927566699999943, -8.285028799999967 ], [ -35.927696499999968, -8.285049499999964 ], [ -35.927887699999928, -8.285056699999908 ], [ -35.928357499999947, -8.285062899999962 ], [ -35.928489499999962, -8.285062799999958 ], [ -35.928801299999975, -8.285061 ], [ -35.928900499999941, -8.28506849999996 ], [ -35.929066199999966, -8.285081899999982 ], [ -35.929336, -8.285111599999956 ], [ -35.929925499999968, -8.285200199999975 ], [ -35.930178099999978, -8.285208199999953 ], [ -35.930285699999956, -8.285220399999957 ], [ -35.930371399999963, -8.285238499999926 ], [ -35.930473399999983, -8.285278799999968 ], [ -35.930734499999971, -8.285406299999968 ], [ -35.931105899999977, -8.285582 ], [ -35.931352499999946, -8.285711799999948 ], [ -35.931589699999961, -8.285868799999927 ], [ -35.931993, -8.28609249999994 ], [ -35.932128699999957, -8.2861566 ], [ -35.932220399999956, -8.286184399999954 ], [ -35.932298299999957, -8.286193 ], [ -35.932410299999958, -8.286187099999946 ], [ -35.932709599999953, -8.28620229999996 ], [ -35.932825099999953, -8.2861976 ], [ -35.93298139999996, -8.286156299999959 ], [ -35.933076799999974, -8.286123099999928 ], [ -35.933172699999943, -8.286064299999971 ], [ -35.933348799999983, -8.285939199999975 ], [ -35.933440099999977, -8.285829099999937 ], [ -35.933545599999952, -8.28564569999997 ], [ -35.933578699999948, -8.285549599999948 ], [ -35.933584599999961, -8.285467199999987 ], [ -35.933579499999944, -8.285163599999967 ], [ -35.933655, -8.285159499999969 ], [ -35.93374549999993, -8.285127099999961 ], [ -35.933809099999962, -8.285056799999964 ], [ -35.933992699999983, -8.284774099999908 ], [ -35.934390299999961, -8.284196599999966 ], [ -35.934423399999957, -8.284137 ], [ -35.934428299999979, -8.284056 ], [ -35.934420399999965, -8.283651099999922 ], [ -35.934918699999976, -8.283515399999947 ], [ -35.935016299999972, -8.283489699999961 ], [ -35.935089399999988, -8.283487399999974 ], [ -35.935138799999947, -8.283491899999966 ], [ -35.935181299999961, -8.283512599999948 ], [ -35.935094499999941, -8.283676799999956 ], [ -35.935039499999966, -8.283813499999949 ], [ -35.934979699999928, -8.283993899999937 ], [ -35.934931499999948, -8.284257099999937 ], [ -35.934918299999943, -8.284532799999969 ], [ -35.934934099999957, -8.284719 ], [ -35.934990299999981, -8.284960799999959 ], [ -35.93505, -8.285132599999937 ], [ -35.935161899999976, -8.285386299999942 ], [ -35.935615799999937, -8.286343499999921 ], [ -35.935759899999937, -8.286645099999939 ], [ -35.935848199999953, -8.286839899999951 ], [ -35.936036699999939, -8.287200399999946 ], [ -35.936078799999962, -8.287279799999965 ], [ -35.936119699999963, -8.287349799999962 ], [ -35.936291199999978, -8.287609899999936 ], [ -35.936440799999957, -8.287818 ], [ -35.936555899999981, -8.287965499999903 ], [ -35.936721299999931, -8.288159499999946 ], [ -35.936844199999939, -8.288295299999962 ], [ -35.936994399999939, -8.288438199999977 ], [ -35.937364299999956, -8.28881259999998 ], [ -35.938687599999987, -8.290129599999936 ], [ -35.938973099999941, -8.290412 ], [ -35.939108, -8.290545499999959 ], [ -35.939198099999942, -8.290654899999955 ], [ -35.939309699999967, -8.290767 ], [ -35.939498799999967, -8.290957499999935 ], [ -35.939738299999931, -8.291179099999985 ], [ -35.9398432, -8.291280599999947 ], [ -35.939950699999955, -8.291382899999972 ], [ -35.940053499999983, -8.291484899999928 ], [ -35.940153799999969, -8.291587299999973 ], [ -35.940254799999934, -8.291694399999923 ], [ -35.940351199999959, -8.291802 ], [ -35.940443199999955, -8.291914199999942 ], [ -35.940529299999987, -8.292030699999923 ], [ -35.94061419999997, -8.29215149999991 ], [ -35.940766099999962, -8.29239679999994 ], [ -35.940835, -8.29252539999993 ], [ -35.940899799999961, -8.292657099999921 ], [ -35.940961299999969, -8.292786499999977 ], [ -35.941017, -8.292921299999939 ], [ -35.941068599999937, -8.293057799999938 ], [ -35.941117399999946, -8.293202599999978 ], [ -35.941157199999964, -8.293353099999948 ], [ -35.941166099999975, -8.293393699999967 ], [ -35.941229599999929, -8.293588599999962 ], [ -35.941266699999971, -8.293816699999971 ], [ -35.941288699999973, -8.294020199999972 ], [ -35.941295499999974, -8.294132299999921 ], [ -35.941291399999962, -8.294275199999955 ], [ -35.941287, -8.294479099999927 ], [ -35.941280699999936, -8.294622499999926 ], [ -35.941267399999965, -8.294769199999982 ], [ -35.941251599999937, -8.294913799999943 ], [ -35.941230299999972, -8.295060099999933 ], [ -35.941206299999969, -8.295199699999941 ], [ -35.941174499999931, -8.295343099999949 ], [ -35.941138599999924, -8.295482499999945 ], [ -35.941097699999936, -8.295618399999976 ], [ -35.941048299999984, -8.295757599999948 ], [ -35.940996299999938, -8.295891299999939 ], [ -35.940957399999945, -8.296117099999957 ], [ -35.940079899999944, -8.297734499999954 ], [ -35.939975599999968, -8.297945099999927 ], [ -35.940084099999979, -8.2980143 ], [ -35.940359699999931, -8.298188 ], [ -35.940498899999966, -8.298215 ], [ -35.940618699999966, -8.298193199999966 ], [ -35.94072969999997, -8.298133 ], [ -35.940857499999936, -8.298131499999945 ], [ -35.941007799999959, -8.298131399999921 ], [ -35.94120559999994, -8.298213 ], [ -35.941318599999938, -8.298318899999961 ], [ -35.941463899999981, -8.298496699999935 ], [ -35.941500599999983, -8.298578799999952 ], [ -35.941525299999967, -8.298726399999973 ], [ -35.941543399999937, -8.2988966 ], [ -35.941618799999951, -8.299052799999975 ], [ -35.941774699999939, -8.299225399999955 ], [ -35.94218979999993, -8.299545899999961 ], [ -35.942310199999959, -8.299663399999913 ], [ -35.942497799999948, -8.299928299999957 ], [ -35.942565699999939, -8.300012799999914 ], [ -35.942688399999959, -8.300095899999949 ], [ -35.942838299999949, -8.300160799999967 ], [ -35.943030699999959, -8.30019539999995 ], [ -35.943179799999946, -8.30019939999994 ], [ -35.943285099999962, -8.300209499999941 ], [ -35.943378399999972, -8.300236499999903 ], [ -35.943455899999954, -8.300311599999921 ], [ -35.943511199999932, -8.300402 ], [ -35.943625399999966, -8.300608899999913 ], [ -35.94364319999994, -8.300730899999984 ], [ -35.943646799999961, -8.300785799999948 ], [ -35.943605799999943, -8.300903499999961 ], [ -35.943532799999957, -8.301021599999986 ], [ -35.943483599999986, -8.301075 ], [ -35.943408299999923, -8.301139499999968 ], [ -35.94331439999997, -8.301165299999974 ], [ -35.943226299999935, -8.301185899999945 ], [ -35.943123499999963, -8.301237799999972 ], [ -35.943112099999944, -8.301248899999942 ], [ -35.943054399999944, -8.3013051 ], [ -35.943026699999962, -8.301363399999953 ], [ -35.943009599999982, -8.301426399999954 ], [ -35.942952799999944, -8.301482899999931 ], [ -35.94288349999993, -8.301474 ], [ -35.942811099999972, -8.301454499999981 ], [ -35.942701499999934, -8.301482799999977 ], [ -35.942519699999941, -8.301577699999946 ], [ -35.942402799999968, -8.301628799999936 ], [ -35.942326899999955, -8.301696499999951 ], [ -35.94225519999997, -8.301840699999962 ], [ -35.94221, -8.30203629999995 ], [ -35.942216, -8.30211879999996 ], [ -35.942189699999965, -8.3022288 ], [ -35.942146299999948, -8.302340899999951 ], [ -35.942149499999978, -8.302419199999962 ], [ -35.942157499999951, -8.302619399999978 ], [ -35.942159199999935, -8.30266089999996 ], [ -35.942193199999963, -8.30279309999996 ], [ -35.942237, -8.302893199999961 ], [ -35.942285, -8.302964 ], [ -35.94234629999994, -8.302997699999921 ], [ -35.942413199999983, -8.303032299999925 ], [ -35.942426899999937, -8.303069399999957 ], [ -35.94243119999993, -8.303138399999941 ], [ -35.942465499999969, -8.303206799999934 ], [ -35.942515899999933, -8.303227099999967 ], [ -35.942606599999976, -8.30324 ], [ -35.942680099999961, -8.303270499999947 ], [ -35.942705299999943, -8.303330899999944 ], [ -35.942696, -8.303386099999951 ], [ -35.942677799999949, -8.303447699999946 ], [ -35.94271539999994, -8.303589799999939 ], [ -35.942759, -8.303689599999943 ], [ -35.942839, -8.303768299999959 ], [ -35.942972599999976, -8.303823799999961 ], [ -35.943325399999935, -8.303995699999978 ], [ -35.943973799999981, -8.304372199999912 ], [ -35.944320399999988, -8.304452799999957 ], [ -35.944546199999934, -8.304482199999947 ], [ -35.94472, -8.3045299 ], [ -35.944873899999948, -8.304582699999974 ], [ -35.944953599999963, -8.304641799999953 ], [ -35.944984399999946, -8.304736099999957 ], [ -35.945017499999942, -8.304862299999957 ], [ -35.945078, -8.305044699999959 ], [ -35.94515, -8.305130799999958 ], [ -35.945218, -8.30515329999996 ], [ -35.945291499999932, -8.305140099999962 ], [ -35.945354699999939, -8.305111299999973 ], [ -35.945445799999952, -8.305056699999973 ], [ -35.945555499999962, -8.304901099999917 ], [ -35.94576909999995, -8.304837399999936 ], [ -35.945861799999932, -8.304751399999946 ], [ -35.945950499999981, -8.304687899999971 ], [ -35.945971699999973, -8.304502899999934 ], [ -35.946034599999955, -8.304302599999986 ], [ -35.946167299999949, -8.304129399999974 ], [ -35.94637129999996, -8.30414629999995 ], [ -35.946487, -8.30423 ], [ -35.946569599999975, -8.304342899999927 ], [ -35.946671199999969, -8.304572399999913 ], [ -35.946789899999949, -8.304722599999927 ], [ -35.947132299999964, -8.305032399999975 ], [ -35.94725949999998, -8.305167899999962 ], [ -35.947563199999941, -8.305491499999956 ], [ -35.947799199999963, -8.305735899999942 ], [ -35.948117599999939, -8.305943099999972 ], [ -35.94827249999998, -8.305992 ], [ -35.948653299999926, -8.306027099999927 ], [ -35.948954899999933, -8.306062099999963 ], [ -35.949290399999938, -8.30600339999995 ], [ -35.949621, -8.305932299999959 ], [ -35.949870899999951, -8.306016499999947 ], [ -35.950185199999972, -8.306258599999971 ], [ -35.95044, -8.306443399999981 ], [ -35.950580199999926, -8.306517 ], [ -35.950683799999979, -8.306568299999984 ], [ -35.950910699999959, -8.306624499999934 ], [ -35.951071899999931, -8.306723499999984 ], [ -35.951156599999941, -8.306849199999926 ], [ -35.951155699999966, -8.30705739999997 ], [ -35.951171799999948, -8.307269 ], [ -35.951371199999983, -8.307609 ], [ -35.951461, -8.307742099999928 ], [ -35.95156419999995, -8.307785499999955 ], [ -35.95173889999996, -8.307791399999946 ], [ -35.952083, -8.307684899999973 ], [ -35.952346499999976, -8.307537099999953 ], [ -35.952692299999967, -8.307252699999923 ], [ -35.952840299999941, -8.307155199999967 ], [ -35.952987599999972, -8.307186499999958 ], [ -35.953239099999969, -8.307268899999928 ], [ -35.953409499999964, -8.307247599999911 ], [ -35.953571799999963, -8.307214499999914 ], [ -35.953763599999945, -8.307126499999988 ], [ -35.953928899999944, -8.30689689999995 ], [ -35.954062199999953, -8.306861 ], [ -35.954228699999938, -8.306956199999933 ], [ -35.954353399999945, -8.307106299999932 ], [ -35.954523799999947, -8.307125899999944 ], [ -35.954633699999924, -8.307239399999981 ], [ -35.954800499999976, -8.30735259999993 ], [ -35.954975499999946, -8.307473 ], [ -35.955601199999933, -8.308079 ], [ -35.956149699999976, -8.307951499999954 ], [ -35.956638799999958, -8.307827299999914 ], [ -35.956735399999964, -8.307892599999951 ], [ -35.956767899999932, -8.30790919999993 ], [ -35.956701399999936, -8.308165299999949 ], [ -35.956698199999956, -8.308405499999919 ], [ -35.957053799999983, -8.309022099999922 ], [ -35.957162699999976, -8.309316799999989 ], [ -35.957291899999973, -8.3097741 ], [ -35.957230699999968, -8.310187599999967 ], [ -35.95719269999995, -8.310517599999947 ], [ -35.957163599999944, -8.310715299999954 ], [ -35.957119899999952, -8.310904799999966 ], [ -35.957103099999983, -8.3110265 ], [ -35.957083599999983, -8.311159699999946 ], [ -35.957068, -8.311233 ], [ -35.957034899999947, -8.311358099999936 ], [ -35.956979899999965, -8.311618699999951 ], [ -35.956905499999955, -8.31200749999994 ], [ -35.9568, -8.312618499999914 ], [ -35.956745299999959, -8.313058699999944 ], [ -35.956711699999971, -8.313324199999936 ], [ -35.956660599999957, -8.313842399999949 ], [ -35.956620899999969, -8.314110399999933 ], [ -35.956579599999934, -8.314325499999946 ], [ -35.956539099999929, -8.314574099999952 ], [ -35.956448899999948, -8.314919699999962 ], [ -35.95638, -8.315195499999946 ], [ -35.956298799999949, -8.3154704 ], [ -35.9562385, -8.315621 ], [ -35.956151899999952, -8.315827699999923 ], [ -35.956092399999939, -8.316022599999927 ], [ -35.956077199999982, -8.316089 ], [ -35.956057799999932, -8.316194 ], [ -35.95603239999997, -8.316394699999925 ], [ -35.956011699999983, -8.316504799999972 ], [ -35.955977699999949, -8.316654199999952 ], [ -35.955924399999958, -8.316822799999954 ], [ -35.955702099999939, -8.317296499999923 ], [ -35.955264399999976, -8.318261199999954 ], [ -35.955858399999961, -8.318486199999938 ], [ -35.955739799999947, -8.318793799999955 ], [ -35.958957799999951, -8.322049799999949 ], [ -35.960693599999956, -8.32175679999996 ], [ -35.960672499999937, -8.320980399999961 ], [ -35.960679299999981, -8.320124199999942 ], [ -35.961882399999979, -8.32017779999995 ], [ -35.961883899999975, -8.319621399999953 ], [ -35.961878499999962, -8.319274399999923 ], [ -35.961867699999964, -8.318903499999967 ], [ -35.961867199999979, -8.318828799999945 ], [ -35.961872499999977, -8.318709299999975 ], [ -35.961883199999932, -8.318517199999976 ], [ -35.961887899999972, -8.3184009 ], [ -35.961883199999932, -8.318166199999927 ], [ -35.961877199999947, -8.317844899999969 ], [ -35.961113, -8.315121899999944 ], [ -35.960971299999983, -8.31228249999997 ], [ -35.959151799999979, -8.312578199999967 ], [ -35.959073899999957, -8.312465 ], [ -35.957830699999938, -8.311807 ], [ -35.957621399999944, -8.311463399999989 ], [ -35.957607, -8.309535299999931 ], [ -35.957871199999943, -8.308534899999906 ], [ -35.958055499999944, -8.308166099999934 ], [ -35.958170499999945, -8.307919099999928 ], [ -35.958178299999936, -8.3078834 ], [ -35.958184, -8.30785309999993 ], [ -35.958192399999973, -8.307825599999928 ], [ -35.958216099999959, -8.307774299999959 ], [ -35.95826, -8.307684399999957 ], [ -35.958412199999941, -8.307640599999983 ], [ -35.958784199999961, -8.307537 ], [ -35.959163099999948, -8.307458099999977 ], [ -35.959174299999972, -8.307534299999924 ], [ -35.959213, -8.307604299999987 ], [ -35.959600799999983, -8.308110099999979 ], [ -35.959587, -8.308124499999979 ], [ -35.959580799999976, -8.308145 ], [ -35.959581499999963, -8.308164699999951 ], [ -35.962071699999974, -8.311247699999967 ], [ -35.962165, -8.311357899999976 ], [ -35.962155, -8.31132179999995 ], [ -35.962156099999959, -8.311288 ], [ -35.962164099999946, -8.3112513 ], [ -35.962179299999946, -8.31122439999996 ], [ -35.96221, -8.311197699999958 ], [ -35.962248, -8.311179199999975 ], [ -35.962291, -8.311170899999979 ], [ -35.962334, -8.311173 ], [ -35.962370899999939, -8.311183499999968 ], [ -35.96239179999997, -8.311199099999939 ], [ -35.963453, -8.310613899999987 ], [ -35.96356609999998, -8.310548899999977 ], [ -35.96363179999998, -8.310500599999955 ], [ -35.963668199999979, -8.310461499999962 ], [ -35.9637039, -8.310408699999929 ], [ -35.963814199999952, -8.31023 ], [ -35.963811, -8.310265499999964 ], [ -35.963814199999945, -8.310301699999979 ], [ -35.963820399999982, -8.310338499999961 ], [ -35.96383179999998, -8.310380599999988 ], [ -35.963842699999923, -8.310404699999946 ], [ -35.963863599999975, -8.310428199999938 ], [ -35.963894499999981, -8.310454599999973 ], [ -35.96393709999996, -8.310476599999978 ], [ -35.964072299999941, -8.310586699999948 ], [ -35.964107099999985, -8.310627299999943 ], [ -35.964155199999944, -8.310697699999958 ], [ -35.964190399999957, -8.31076789999997 ], [ -35.964478199999974, -8.311354199999913 ], [ -35.964579299999976, -8.31154 ], [ -35.964715899999938, -8.311761599999947 ], [ -35.964864299999938, -8.311965799999927 ], [ -35.96498959999996, -8.312119599999962 ], [ -35.965133099999953, -8.312278199999982 ], [ -35.965434899999941, -8.31256759999998 ], [ -35.965501799999977, -8.312638199999979 ], [ -35.965580199999977, -8.312725099999978 ], [ -35.965675399999952, -8.312840199999945 ], [ -35.965788499999981, -8.312987499999977 ], [ -35.965902599999936, -8.313157599999945 ], [ -35.966217899999947, -8.31363149999995 ], [ -35.966480899999965, -8.314018099999947 ], [ -35.966498899999976, -8.314040399999971 ], [ -35.966530899999952, -8.3140663 ], [ -35.966568, -8.314078899999974 ], [ -35.966687099999945, -8.314198199999954 ], [ -35.966806099999935, -8.314344599999952 ], [ -35.966874, -8.314476 ], [ -35.966950599999969, -8.314636199999923 ], [ -35.967044299999948, -8.314905799999956 ], [ -35.967094599999939, -8.315029299999942 ], [ -35.969180799999954, -8.314136299999982 ], [ -35.969192, -8.313517 ], [ -35.969205399999964, -8.312974499999951 ], [ -35.969254, -8.312987099999955 ], [ -35.969309, -8.31302639999994 ], [ -35.969305899999938, -8.313057299999972 ], [ -35.969306799999977, -8.313089899999953 ], [ -35.969309499999952, -8.313121499999973 ], [ -35.969320399999965, -8.313149 ], [ -35.969336, -8.313171899999933 ], [ -35.96936229999995, -8.313191299999964 ], [ -35.969388499999987, -8.313204899999942 ], [ -35.96941309999994, -8.313212699999964 ], [ -35.96944169999994, -8.313214699999961 ], [ -35.969465199999945, -8.313211399999936 ], [ -35.969486899999936, -8.313204499999925 ], [ -35.969506299999978, -8.313196499999925 ], [ -35.969525799999928, -8.31318379999993 ], [ -35.969548699999969, -8.313165299999973 ], [ -35.969563, -8.313138599999956 ], [ -35.969570799999929, -8.3131112 ], [ -35.969575699999957, -8.313088499999916 ], [ -35.9695776, -8.313066899999956 ], [ -35.969574899999941, -8.313041799999953 ], [ -35.969568, -8.313017199999942 ], [ -35.969556499999953, -8.312995 ], [ -35.969540799999947, -8.312976799999941 ], [ -35.969521, -8.312960899999954 ], [ -35.969498899999955, -8.312948399999918 ], [ -35.969486799999977, -8.312944099999962 ], [ -35.969762799999963, -8.312880099999974 ], [ -35.97014379999996, -8.312710599999923 ], [ -35.970284199999988, -8.312609099999959 ], [ -35.970310199999965, -8.31257679999994 ], [ -35.971303499999983, -8.310421099999914 ], [ -35.9726017, -8.311026 ], [ -35.972732699999938, -8.311083099999948 ], [ -35.972984799999949, -8.311199499999931 ], [ -35.973229199999942, -8.311318299999943 ], [ -35.973396299999941, -8.311399499999924 ], [ -35.973449899999942, -8.311432799999968 ], [ -35.97356369999995, -8.311525399999933 ], [ -35.973676599999976, -8.311639099999963 ], [ -35.97378029999993, -8.311778099999986 ], [ -35.973867699999971, -8.311924199999979 ], [ -35.973918499999975, -8.312008699999975 ], [ -35.974455099999943, -8.31293459999995 ], [ -35.974906799999928, -8.3137058 ], [ -35.975837099999985, -8.315303499999976 ], [ -35.976008699999973, -8.315591299999946 ], [ -35.976048199999987, -8.315658499999923 ], [ -35.976102799999985, -8.315737 ], [ -35.976243199999949, -8.315902599999946 ], [ -35.976337099999967, -8.315990499999955 ], [ -35.97642849999994, -8.316059199999906 ], [ -35.976578699999941, -8.316155 ], [ -35.976800799999978, -8.316273 ], [ -35.977255199999938, -8.316502699999955 ], [ -35.978538499999964, -8.317158299999946 ], [ -35.97884339999996, -8.317308699999952 ], [ -35.979267899999968, -8.317530099999946 ], [ -35.97936389999996, -8.317593699999989 ], [ -35.979479199999957, -8.317685599999949 ], [ -35.979594299999981, -8.317791399999965 ], [ -35.979694599999966, -8.317918099999934 ], [ -35.979789699999969, -8.3180639 ], [ -35.979861699999958, -8.318207899999946 ], [ -35.98109709999995, -8.321429499999947 ], [ -35.981140799999935, -8.32157869999997 ], [ -35.981167899999946, -8.321683899999918 ], [ -35.981214799999975, -8.321922799999967 ], [ -35.981248599999972, -8.322138599999965 ], [ -35.981364499999984, -8.322761699999946 ], [ -35.981554199999955, -8.323792699999954 ], [ -35.981783099999973, -8.3251405 ], [ -35.981687899999947, -8.325131499999937 ], [ -35.98162259999998, -8.32510959999998 ], [ -35.981544199999966, -8.325075799999968 ], [ -35.981498, -8.325050499999964 ], [ -35.981454, -8.325038299999944 ], [ -35.981331399999938, -8.325025499999972 ], [ -35.980411799999956, -8.324885699999985 ], [ -35.980308199999968, -8.324884899999972 ], [ -35.980218699999959, -8.324898499999964 ], [ -35.98009339999993, -8.324931899999983 ], [ -35.979884499999976, -8.324999099999973 ], [ -35.97959909999998, -8.325090699999953 ], [ -35.979466599999974, -8.32513 ], [ -35.979379499999936, -8.325149499999947 ], [ -35.97930439999994, -8.325159599999958 ], [ -35.979150699999927, -8.325167899999947 ], [ -35.978989799999965, -8.325172599999989 ], [ -35.978796899999963, -8.32517 ], [ -35.978695699999953, -8.325168 ], [ -35.978614599999965, -8.325174499999957 ], [ -35.978540599999981, -8.325203599999963 ], [ -35.97846519999996, -8.325250499999976 ], [ -35.978403, -8.325282 ], [ -35.978334799999971, -8.325315899999961 ], [ -35.978311, -8.326716699999977 ], [ -35.978259399999963, -8.327231199999975 ], [ -35.97684559999994, -8.329098299999963 ], [ -35.976658199999974, -8.328985399999953 ], [ -35.976428299999952, -8.328838899999941 ], [ -35.976295399999977, -8.32877149999994 ], [ -35.976171699999952, -8.328749199999946 ], [ -35.976002499999943, -8.328764499999963 ], [ -35.975909399999971, -8.328789899999945 ], [ -35.975711, -8.328869 ], [ -35.975347799999959, -8.329015699999966 ], [ -35.975099299999954, -8.329120599999939 ], [ -35.974913, -8.329188 ], [ -35.974783899999977, -8.329205699999939 ], [ -35.974850399999973, -8.329324199999986 ], [ -35.97489649999995, -8.329398199999941 ], [ -35.974963499999951, -8.32945069999993 ], [ -35.975049099999978, -8.3294903 ], [ -35.975165099999977, -8.329530099999953 ], [ -35.975362499999967, -8.329582499999969 ], [ -35.975533799999944, -8.329643399999936 ], [ -35.975608599999937, -8.329660199999973 ], [ -35.975797299999954, -8.329713599999934 ], [ -35.975879699999957, -8.329745599999987 ], [ -35.975944599999927, -8.329787199999956 ], [ -35.975998499999939, -8.329839599999971 ], [ -35.976024099999961, -8.329902599999974 ], [ -35.97603, -8.329982699999977 ], [ -35.976024599999953, -8.330127799999945 ], [ -35.976006, -8.330279199999946 ], [ -35.975962099999947, -8.330623099999983 ], [ -35.97595, -8.330783199999948 ], [ -35.975970699999941, -8.330917599999948 ], [ -35.976012699999956, -8.331101899999952 ], [ -35.976053299999926, -8.331193199999969 ], [ -35.976106, -8.331276899999963 ], [ -35.97614039999997, -8.331317299999977 ], [ -35.976186899999966, -8.331356599999923 ], [ -35.976253399999962, -8.331461 ], [ -35.976359599999967, -8.331646899999948 ], [ -35.976429499999945, -8.331742699999928 ], [ -35.97647239999997, -8.331823199999963 ], [ -35.976542799999947, -8.331994699999928 ], [ -35.976575699999955, -8.332096799999931 ], [ -35.97661549999998, -8.332299499999964 ], [ -35.976698799999951, -8.332622699999925 ], [ -35.976771599999957, -8.332917699999955 ], [ -35.976800899999944, -8.333066299999906 ], [ -35.976820399999951, -8.333210399999937 ], [ -35.976830799999952, -8.33327539999992 ], [ -35.976876299999958, -8.333428399999944 ], [ -35.976923899999974, -8.333599799999941 ], [ -35.976959, -8.333698599999925 ], [ -35.976982499999963, -8.333763699999981 ], [ -35.977009799999962, -8.333877599999949 ], [ -35.977047099999936, -8.333986099999967 ], [ -35.977117199999945, -8.334196699999964 ], [ -35.977310299999942, -8.334664699999943 ], [ -35.977547199999947, -8.335237 ], [ -35.977648499999937, -8.335492199999976 ], [ -35.977743099999941, -8.335771099999917 ], [ -35.977758899999969, -8.335830799999933 ], [ -35.977760499999938, -8.335905499999958 ], [ -35.977797099999982, -8.336097399999971 ], [ -35.977823699999938, -8.336310899999924 ], [ -35.977856399999951, -8.336588199999932 ], [ -35.977934399999981, -8.337038099999976 ], [ -35.977959399999975, -8.337186599999956 ], [ -35.977977299999964, -8.33739889999991 ], [ -35.978002099999976, -8.337506899999932 ], [ -35.97973559999997, -8.33713489999997 ], [ -35.980349499999932, -8.336949899999984 ], [ -35.980492, -8.336881099999969 ], [ -35.980663899999968, -8.336794499999959 ], [ -35.980553699999966, -8.336486499999969 ], [ -35.980478199999943, -8.336231899999982 ], [ -35.98042879999997, -8.336016499999955 ], [ -35.98041859999995, -8.335780599999945 ], [ -35.980430699999935, -8.335632 ], [ -35.98046759999994, -8.335452599999959 ], [ -35.980505, -8.33533 ], [ -35.98054609999997, -8.335227799999913 ], [ -35.981082699999945, -8.334018899999933 ], [ -35.981183399999964, -8.333800099999975 ], [ -35.981509699999947, -8.333068399999933 ], [ -35.981677499999932, -8.332686499999985 ], [ -35.98198089999994, -8.331975 ], [ -35.982392, -8.330744 ], [ -35.98255, -8.330335099999951 ], [ -35.982754099999973, -8.329897699999945 ], [ -35.983163399999974, -8.329081599999927 ], [ -35.983428499999945, -8.32851609999997 ], [ -35.983530399999957, -8.328371699999909 ], [ -35.98358269999995, -8.328298799999951 ], [ -35.983658599999963, -8.328205499999978 ], [ -35.983716399999942, -8.32813739999995 ], [ -35.984016399999973, -8.32784649999995 ], [ -35.985023199999951, -8.326918399999942 ], [ -35.98663739999995, -8.325533399999937 ], [ -35.987127499999929, -8.325086 ], [ -35.987912699999974, -8.324343799999943 ], [ -35.98945, -8.322892 ], [ -35.989978099999966, -8.322393199999961 ], [ -35.990613499999931, -8.321805 ], [ -35.990908399999967, -8.32144289999998 ], [ -35.991051399999947, -8.321187399999909 ], [ -35.991111399999973, -8.321048 ], [ -35.991271699999984, -8.321110399999929 ], [ -35.991416, -8.321168399999955 ], [ -35.991498599999936, -8.321217499999943 ], [ -35.991555899999987, -8.321274399999945 ], [ -35.991622599999964, -8.321346 ], [ -35.991676099999957, -8.321382399999958 ], [ -35.991988699999986, -8.321560899999948 ], [ -35.992066499999964, -8.321590099999964 ], [ -35.992169499999939, -8.32161849999995 ], [ -35.992227799999974, -8.32163649999997 ], [ -35.992282, -8.321666199999967 ], [ -35.992363, -8.32172959999996 ], [ -35.992432199999939, -8.32177609999996 ], [ -35.992472, -8.321784 ], [ -35.992516299999984, -8.321776699999944 ], [ -35.992551, -8.321753499999931 ], [ -35.992571199999929, -8.321722699999944 ], [ -35.992585099999928, -8.321650299999911 ], [ -35.992583399999951, -8.321556799999939 ], [ -35.992592699999939, -8.321496899999946 ], [ -35.992610399999933, -8.321449499999977 ], [ -35.992644399999961, -8.321376699999981 ], [ -35.99266989999996, -8.321339699999944 ], [ -35.992710699999975, -8.321303599999947 ], [ -35.992775899999963, -8.321259199999911 ], [ -35.992819199999936, -8.321224899999937 ], [ -35.99284229999995, -8.321203499999989 ], [ -35.992972399999935, -8.321048099999949 ], [ -35.993142299999938, -8.320858199999959 ], [ -35.99327, -8.3207 ], [ -35.993522599999942, -8.320415899999954 ], [ -35.993771099999947, -8.320150499999963 ], [ -35.993971199999983, -8.319926 ], [ -35.994166199999931, -8.31973949999996 ], [ -35.994235099999962, -8.319660799999937 ], [ -35.99426949999998, -8.319602799999924 ], [ -35.994311299999943, -8.319527499999944 ], [ -35.994364299999972, -8.319471299999973 ], [ -35.9944048, -8.319449599999926 ], [ -35.994439, -8.319444299999919 ], [ -35.994476, -8.319448399999937 ], [ -35.994533199999978, -8.319470099999952 ], [ -35.994659499999955, -8.319545 ], [ -35.994689899999976, -8.319551199999967 ], [ -35.994727399999931, -8.319551399999975 ], [ -35.994882799999978, -8.319531 ], [ -35.994964899999964, -8.319531 ], [ -35.994998699999947, -8.31953829999998 ], [ -35.995039099999921, -8.3195595 ], [ -35.995090199999936, -8.319591099999986 ], [ -35.995149899999944, -8.319616399999974 ], [ -35.995213199999974, -8.319631199999922 ], [ -35.995406199999934, -8.319661899999987 ], [ -35.995513699999954, -8.319687399999962 ], [ -35.995592, -8.319688899999949 ], [ -35.995678099999971, -8.319680499999949 ], [ -35.995832, -8.3196508 ], [ -35.995924099999975, -8.319625399999957 ], [ -35.995954499999982, -8.319605099999919 ], [ -35.996028699999954, -8.3194665 ], [ -35.996086099999964, -8.319340199999948 ], [ -35.996069299999931, -8.319254299999951 ], [ -35.996027199999958, -8.3191884 ], [ -35.995960799999978, -8.3191113 ], [ -35.99586179999995, -8.3190241 ], [ -35.995802299999973, -8.318943799999962 ], [ -35.995709099999949, -8.318729499999977 ], [ -35.995649199999953, -8.318582299999951 ], [ -35.995641599999949, -8.318519199999976 ], [ -35.995643299999983, -8.318453099999926 ], [ -35.995626, -8.318403 ], [ -35.995529899999958, -8.318220199999946 ], [ -35.9955351, -8.318175699999902 ], [ -35.995564299999955, -8.318125799999978 ], [ -35.995590699999987, -8.318104699999955 ], [ -35.995611699999984, -8.31806689999998 ], [ -35.995646099999931, -8.317992099999945 ], [ -35.995733499999965, -8.317845199999976 ], [ -35.995762599999985, -8.317806499999969 ], [ -35.99578409999998, -8.317785899999921 ], [ -35.995707299999928, -8.317643599999936 ], [ -35.995685, -8.317593599999965 ], [ -35.995670499999967, -8.317540299999969 ], [ -35.995668099999939, -8.317480599999957 ], [ -35.995668599999938, -8.317379399999947 ], [ -35.99569189999994, -8.317252899999955 ], [ -35.99571009999994, -8.317112199999958 ], [ -35.995709699999971, -8.317019499999947 ], [ -35.995686099999944, -8.316864399999945 ], [ -35.99566139999996, -8.316775099999964 ], [ -35.995584599999965, -8.316538299999932 ], [ -35.995544499999944, -8.316439799999948 ], [ -35.995499699999989, -8.3163461 ], [ -35.995198099999982, -8.315818399999952 ], [ -35.995059399999946, -8.315540899999981 ], [ -35.995261899999946, -8.315677699999959 ], [ -35.995401499999957, -8.315787199999921 ], [ -35.995666399999955, -8.31603 ], [ -35.995762, -8.316096199999967 ], [ -35.995806099999989, -8.316051599999978 ], [ -35.99587, -8.315973 ], [ -35.995966199999948, -8.315824499999962 ], [ -35.996069499999983, -8.315688599999923 ], [ -35.996194899999985, -8.315561899999969 ], [ -35.996335299999942, -8.315423399999933 ], [ -35.996503, -8.315230499999936 ], [ -35.996572599999986, -8.315127099999922 ], [ -35.996660299999967, -8.315025 ], [ -35.996733799999959, -8.31494359999995 ], [ -35.996842299999976, -8.3148735 ], [ -35.997038499999981, -8.3147681 ], [ -35.997207199999941, -8.31469989999993 ], [ -35.997320599999959, -8.314671299999922 ], [ -35.997609899999937, -8.314611399999912 ], [ -35.997769499999947, -8.314552499999907 ], [ -35.997917099999952, -8.314463599999948 ], [ -35.998426599999959, -8.314088 ], [ -35.998599599999977, -8.313969 ], [ -35.998668599999974, -8.313896899999973 ], [ -35.998732499999953, -8.313760199999946 ], [ -35.998755099999983, -8.313695299999935 ], [ -35.998756899999933, -8.313616799999975 ], [ -35.998746099999956, -8.313572199999966 ], [ -35.999196599999948, -8.313498 ], [ -35.999769699999952, -8.313468099999952 ], [ -35.999969399999948, -8.313278699999946 ], [ -36.000054, -8.313052399999945 ], [ -36.000133799999965, -8.312833399999931 ], [ -35.999947099999929, -8.312439599999967 ], [ -35.999676399999942, -8.312090399999921 ], [ -35.999495399999944, -8.311688699999928 ], [ -35.999321099999982, -8.31140349999993 ], [ -35.999066, -8.311207799999977 ], [ -35.998789399999964, -8.311112899999967 ], [ -35.998521399999973, -8.311113199999964 ], [ -35.998277699999967, -8.311105899999969 ], [ -35.997936899999964, -8.311032199999946 ], [ -35.997718399999947, -8.310958599999919 ], [ -35.99753069999997, -8.31083229999995 ], [ -35.996951399999944, -8.310742599999971 ], [ -35.996914199999942, -8.310492199999922 ], [ -35.996775399999933, -8.310281499999983 ], [ -35.996795199999944, -8.309984 ], [ -35.996844799999955, -8.309785599999946 ], [ -35.99674559999994, -8.30961949999995 ], [ -35.996678699999954, -8.309584799999902 ], [ -35.996366299999977, -8.309297199999936 ], [ -35.996195199999931, -8.309096399999948 ], [ -35.996344, -8.308853399999975 ], [ -35.9964308, -8.308692199999932 ], [ -35.996463, -8.308528599999933 ], [ -35.996411199999955, -8.308369099999965 ], [ -35.996301699999954, -8.308245 ], [ -35.996344799999974, -8.308041099999983 ], [ -35.996350699999937, -8.30774309999992 ], [ -35.996284099999968, -8.307333399999957 ], [ -35.996236199999949, -8.306961499999931 ], [ -35.996169199999947, -8.306381199999954 ], [ -35.996206499999971, -8.306177399999985 ], [ -35.99676159999995, -8.306056599999977 ], [ -35.997172, -8.305901899999965 ], [ -35.997338599999971, -8.305813699999929 ], [ -35.997470499999963, -8.305376099999922 ], [ -35.99797539999998, -8.305620099999945 ], [ -35.99789879999998, -8.30576259999998 ], [ -35.997908099999968, -8.305772799999938 ], [ -35.998510599999975, -8.306107499999928 ], [ -35.999653599999938, -8.306697599999936 ], [ -36.00009, -8.306910799999974 ], [ -36.000318099999959, -8.306102599999967 ], [ -36.00040979999995, -8.305626499999974 ], [ -36.00038, -8.305485199999984 ], [ -36.000266, -8.305358799999976 ], [ -35.999623799999931, -8.30504879999997 ], [ -35.99949989999994, -8.305006699999957 ], [ -35.999214799999955, -8.305024099999974 ], [ -35.998954399999938, -8.305078599999957 ], [ -35.998716099999967, -8.305036099999933 ], [ -35.998859599999939, -8.305005199999936 ], [ -35.998942199999931, -8.304945599999948 ], [ -35.999029199999946, -8.304866599999976 ], [ -35.999114299999974, -8.304753199999949 ], [ -35.999154, -8.304635199999938 ], [ -35.9992046, -8.304521499999979 ], [ -35.999253099999983, -8.304397099999955 ], [ -35.999273099999982, -8.304324099999967 ], [ -35.999273699999947, -8.3042402 ], [ -35.999272499999968, -8.304117599999914 ], [ -35.999238499999926, -8.304035599999967 ], [ -35.999191699999983, -8.30394269999992 ], [ -35.999198799999931, -8.30385669999993 ], [ -35.999227799999964, -8.303740699999929 ], [ -35.999274, -8.303624899999937 ], [ -35.999387799999965, -8.303440699999941 ], [ -35.999407699999942, -8.303378499999942 ], [ -35.999423399999955, -8.3032947 ], [ -35.999430699999948, -8.303189299999937 ], [ -35.999414299999955, -8.303073 ], [ -35.999395799999938, -8.302954499999942 ], [ -35.999403, -8.302851299999958 ], [ -35.999466699999971, -8.302722699999945 ], [ -35.999525799999951, -8.302617699999942 ], [ -35.999634399999934, -8.302541099999914 ], [ -35.99980069999998, -8.302538099999916 ], [ -35.999960499999943, -8.3025479 ], [ -36.000183299999946, -8.302504399999988 ], [ -36.000294599999968, -8.302397099999931 ], [ -36.000360399999977, -8.302219599999937 ], [ -36.000477499999938, -8.301827899999987 ], [ -36.000818799999934, -8.301927899999953 ], [ -36.003192299999967, -8.302593899999964 ], [ -36.005140399999959, -8.30314559999993 ], [ -36.007905599999958, -8.30392259999995 ], [ -36.009142699999977, -8.304272699999958 ], [ -36.011100299999953, -8.304829599999952 ], [ -36.01651719999996, -8.306365 ], [ -36.017867899999942, -8.30674669999995 ], [ -36.018066399999952, -8.306803899999986 ], [ -36.018098, -8.306813599999961 ], [ -36.020759199999937, -8.307572899999956 ], [ -36.022408199999973, -8.308040199999953 ], [ -36.023235799999959, -8.308274699999961 ], [ -36.023209899999983, -8.308564299999961 ], [ -36.023122399999977, -8.309034399999945 ], [ -36.023113699999953, -8.309132699999964 ], [ -36.023099199999933, -8.309244499999989 ], [ -36.023078499999947, -8.309411599999983 ], [ -36.02306109999995, -8.309478299999947 ], [ -36.02302949999995, -8.309574099999985 ], [ -36.023024199999952, -8.309627499999957 ], [ -36.023025699999948, -8.3096993 ], [ -36.023015599999951, -8.30974029999992 ], [ -36.023002499999961, -8.30977579999996 ], [ -36.022976199999967, -8.309842699999921 ], [ -36.022964899999984, -8.309881 ], [ -36.022960299999966, -8.309948199999962 ], [ -36.022953099999938, -8.310031699999971 ], [ -36.02292929999993, -8.310096699999985 ], [ -36.022878399999975, -8.310173699999948 ], [ -36.022814699999969, -8.310271 ], [ -36.022785099999965, -8.310338799999959 ], [ -36.022766499999932, -8.310416799999933 ], [ -36.022756299999969, -8.310514399999935 ], [ -36.0224128, -8.310458599999935 ], [ -36.022256099999936, -8.3104061 ], [ -36.022156699999982, -8.310385699999932 ], [ -36.022027499999986, -8.310377199999943 ], [ -36.021681599999958, -8.310281099999957 ], [ -36.021570099999956, -8.310262799999983 ], [ -36.021367199999929, -8.310782099999912 ], [ -36.021369199999974, -8.311112799999947 ], [ -36.02140779999997, -8.311354199999927 ], [ -36.021334699999954, -8.312179799999976 ], [ -36.021284, -8.312932499999922 ], [ -36.021367199999936, -8.3129913 ], [ -36.021734599999945, -8.313202599999961 ], [ -36.022929199999965, -8.313699299999959 ], [ -36.022925399999963, -8.313359599999965 ], [ -36.022970899999954, -8.313336699999972 ], [ -36.022975299999985, -8.313261499999953 ], [ -36.023395199999982, -8.313354499999946 ], [ -36.023399899999966, -8.313285499999923 ], [ -36.023704099999975, -8.313396799999939 ], [ -36.023877099999929, -8.3134608 ], [ -36.024116899999974, -8.313588799999922 ], [ -36.024162399999966, -8.313474899999941 ], [ -36.024172499999963, -8.31337569999995 ], [ -36.024148899999958, -8.313172699999935 ], [ -36.024138799999946, -8.31299869999998 ] ] ], [ [ [ -35.919528299999975, -8.267440099999943 ], [ -35.916234799999984, -8.266879199999931 ], [ -35.915805599999942, -8.268471099999955 ], [ -35.915395699999976, -8.269468299999959 ], [ -35.914958199999944, -8.270656699999982 ], [ -35.916293099999962, -8.271603699999957 ], [ -35.916919199999946, -8.271763499999967 ], [ -35.917736699999985, -8.271775899999959 ], [ -35.91856869999998, -8.271404899999927 ], [ -35.918686699999974, -8.269961599999908 ], [ -35.919351699999929, -8.268520699999961 ], [ -35.919520899999952, -8.267492499999944 ], [ -35.919528299999975, -8.267440099999943 ] ] ], [ [ [ -35.878787899999963, -8.254738699999953 ], [ -35.878783599999963, -8.259540899999942 ], [ -35.881578499999939, -8.259586899999933 ], [ -35.882633, -8.259754899999946 ], [ -35.884655, -8.259477699999907 ], [ -35.885632899999955, -8.259181699999962 ], [ -35.885905099999945, -8.256517799999934 ], [ -35.88385349999993, -8.256069499999978 ], [ -35.882698399999988, -8.256008 ], [ -35.881933099999969, -8.256121699999925 ], [ -35.881118499999964, -8.255764 ], [ -35.880386299999948, -8.255061399999947 ], [ -35.879579799999938, -8.254667099999944 ], [ -35.878787899999963, -8.254738699999953 ] ] ], [ [ [ -35.96262379999996, -8.242461399999957 ], [ -35.963736099999949, -8.242438 ], [ -35.963698699999952, -8.239413099999989 ], [ -35.963647199999969, -8.235162399999989 ], [ -35.963033199999984, -8.235155399999945 ], [ -35.962766399999964, -8.234838899999954 ], [ -35.962571199999957, -8.234773799999964 ], [ -35.961901599999969, -8.234550299999977 ], [ -35.958992499999972, -8.233579199999964 ], [ -35.959278799999936, -8.234172799999961 ], [ -35.959589099999967, -8.234675799999923 ], [ -35.959687699999968, -8.234813399999947 ], [ -35.959811499999944, -8.234953099999942 ], [ -35.959918499999958, -8.235051699999929 ], [ -35.960136499999969, -8.235199099999907 ], [ -35.960368499999959, -8.235353099999926 ], [ -35.960631599999942, -8.235560599999909 ], [ -35.961055199999969, -8.235916899999967 ], [ -35.961090299999974, -8.235975 ], [ -35.961297499999944, -8.236182199999989 ], [ -35.961537899999946, -8.236424499999936 ], [ -35.961695399999947, -8.236615699999941 ], [ -35.961917199999959, -8.236901399999965 ], [ -35.962186199999955, -8.237316099999939 ], [ -35.962278599999934, -8.237462599999974 ], [ -35.962344399999949, -8.237570099999983 ], [ -35.962369799999976, -8.237627 ], [ -35.962384499999985, -8.2376816 ], [ -35.962391399999944, -8.237757799999942 ], [ -35.962383399999965, -8.23784849999992 ], [ -35.962346399999944, -8.238123099999914 ], [ -35.962334799999951, -8.238186099999949 ], [ -35.962286499999948, -8.23859069999998 ], [ -35.962228499999974, -8.239034699999925 ], [ -35.962217299999963, -8.2391373 ], [ -35.962192399999935, -8.239469499999917 ], [ -35.962191899999944, -8.239798599999972 ], [ -35.962202599999955, -8.239888 ], [ -35.962219599999969, -8.240031699999975 ], [ -35.962253599999947, -8.240225899999936 ], [ -35.962275699999964, -8.24031209999993 ], [ -35.962292099999956, -8.240441699999971 ], [ -35.962304199999949, -8.240612299999938 ], [ -35.962330199999947, -8.240744899999971 ], [ -35.9624123, -8.24116319999994 ], [ -35.96247939999995, -8.241586099999941 ], [ -35.962545499999976, -8.241990699999983 ], [ -35.962614699999953, -8.242410499999947 ], [ -35.96262379999996, -8.242461399999957 ] ] ], [ [ [ -35.973415799999941, -8.213799399999989 ], [ -35.973694799999983, -8.213712399999952 ], [ -35.974144699999954, -8.213600199999984 ], [ -35.974418699999944, -8.213521399999925 ], [ -35.974596299999973, -8.213483099999952 ], [ -35.974661, -8.213480299999954 ], [ -35.97535519999996, -8.213487099999931 ], [ -35.976112299999961, -8.213515899999946 ], [ -35.976113399999981, -8.213369 ], [ -35.976104299999975, -8.213255099999968 ], [ -35.976098699999973, -8.213114699999947 ], [ -35.97610119999996, -8.213002399999919 ], [ -35.976112799999953, -8.212787899999968 ], [ -35.976110799999958, -8.21261789999993 ], [ -35.976110099999978, -8.212487399999908 ], [ -35.976120599999938, -8.212197 ], [ -35.976133199999936, -8.212069899999975 ], [ -35.976127099999914, -8.211988199999938 ], [ -35.976131599999974, -8.21194859999996 ], [ -35.976151, -8.211903299999937 ], [ -35.976175299999973, -8.211865599999943 ], [ -35.976128799999977, -8.211767799999979 ], [ -35.976005799999939, -8.211380599999941 ], [ -35.975869299999943, -8.211026299999954 ], [ -35.975692799999941, -8.210704699999951 ], [ -35.975498699999946, -8.210508399999968 ], [ -35.975205199999955, -8.210318 ], [ -35.974749899999956, -8.210047199999979 ], [ -35.974251399999957, -8.209799099999927 ], [ -35.974005199999965, -8.209708099999945 ], [ -35.973887799999936, -8.209682399999956 ], [ -35.973714199999961, -8.209623299999983 ], [ -35.973608599999977, -8.209568899999967 ], [ -35.973545199999933, -8.209514799999965 ], [ -35.973519099999976, -8.209461699999963 ], [ -35.973486599999944, -8.209372399999955 ], [ -35.973465799999936, -8.209276399999965 ], [ -35.973484699999965, -8.209184099999973 ], [ -35.973515399999933, -8.209077099999956 ], [ -35.973509199999974, -8.209020899999926 ], [ -35.973473399999932, -8.208934799999943 ], [ -35.973430699999938, -8.208876699999962 ], [ -35.97333, -8.208824699999976 ], [ -35.973247299999969, -8.208809299999935 ], [ -35.973159599999974, -8.20880029999995 ], [ -35.973079899999959, -8.208817899999955 ], [ -35.973011899999968, -8.208817399999914 ], [ -35.972947499999975, -8.208800399999985 ], [ -35.972931399999943, -8.2087342 ], [ -35.972876, -8.208615 ], [ -35.972833299999941, -8.20855519999998 ], [ -35.972687699999952, -8.208526099999967 ], [ -35.972542, -8.208515099999943 ], [ -35.972439299999969, -8.208515899999954 ], [ -35.9723135, -8.208486899999984 ], [ -35.972222099999954, -8.208525899999927 ], [ -35.972064099999955, -8.208602299999956 ], [ -35.971956199999973, -8.208624599999954 ], [ -35.971833799999956, -8.208595599999974 ], [ -35.971789799999961, -8.208591 ], [ -35.971762399999939, -8.208733699999913 ], [ -35.971733499999971, -8.208821 ], [ -35.971719899999982, -8.208875399999943 ], [ -35.971711699999965, -8.20896859999992 ], [ -35.97169429999996, -8.209079 ], [ -35.971683, -8.209146599999949 ], [ -35.971670699999947, -8.209237399999942 ], [ -35.97166859999993, -8.2093058 ], [ -35.971673, -8.209372699999951 ], [ -35.971671, -8.209418099999919 ], [ -35.971585199999929, -8.209482699999954 ], [ -35.97159929999998, -8.209589299999942 ], [ -35.971611899999978, -8.209672699999924 ], [ -35.971613099999963, -8.209736299999971 ], [ -35.971612499999942, -8.209814699999981 ], [ -35.971607899999981, -8.209875799999969 ], [ -35.971594399999958, -8.209909499999966 ], [ -35.971523699999977, -8.209985399999953 ], [ -35.971495699999942, -8.209922 ], [ -35.971394399999959, -8.209731399999949 ], [ -35.971309399999939, -8.2095821 ], [ -35.97112409999994, -8.209324899999952 ], [ -35.970955199999942, -8.209095799999931 ], [ -35.970786299999929, -8.208860099999967 ], [ -35.970512499999977, -8.208605 ], [ -35.968530699999981, -8.205890799999951 ], [ -35.968284499999989, -8.20553949999992 ], [ -35.968265799999983, -8.205957899999916 ], [ -35.968245199999956, -8.206510199999959 ], [ -35.968258099999964, -8.206961599999921 ], [ -35.968324299999956, -8.207840599999919 ], [ -35.968286499999977, -8.208662099999987 ], [ -35.968297899999982, -8.209411499999957 ], [ -35.96825929999995, -8.210020499999933 ], [ -35.968244799999979, -8.210484599999987 ], [ -35.968331, -8.210464299999968 ], [ -35.968630499999968, -8.210447399999966 ], [ -35.969121299999983, -8.21043259999993 ], [ -35.969848099999986, -8.210426199999953 ], [ -35.970080299999957, -8.210417799999947 ], [ -35.97038949999996, -8.210422199999945 ], [ -35.970895299999931, -8.210429099999951 ], [ -35.971015799999975, -8.210424799999929 ], [ -35.971117, -8.210406399999965 ], [ -35.97129039999993, -8.210358499999936 ], [ -35.971466899999939, -8.210334499999924 ], [ -35.971652099999979, -8.210276399999925 ], [ -35.971777599999939, -8.210549799999978 ], [ -35.972033899999936, -8.211058499999957 ], [ -35.972200199999982, -8.211409699999921 ], [ -35.972270299999941, -8.211567099999955 ], [ -35.972496799999931, -8.212067399999963 ], [ -35.972656499999971, -8.212425099999953 ], [ -35.972793499999966, -8.21272 ], [ -35.972952799999973, -8.21312729999995 ], [ -35.97310559999994, -8.213514799999922 ], [ -35.973261699999966, -8.213908899999975 ], [ -35.973377399999947, -8.2138371 ], [ -35.973415799999941, -8.213799399999989 ] ] ], [ [ [ -35.97493019999996, -8.183274499999944 ], [ -35.974920599999962, -8.183073 ], [ -35.974938499999951, -8.182794799999945 ], [ -35.974965199999922, -8.182550599999942 ], [ -35.974995699999965, -8.182436899999947 ], [ -35.975045, -8.182367 ], [ -35.975120199999935, -8.182336699999968 ], [ -35.975211199999933, -8.182323199999942 ], [ -35.975339399999939, -8.182320899999976 ], [ -35.975778, -8.182338899999928 ], [ -35.976055699999975, -8.182339699999961 ], [ -35.976371699999959, -8.182326 ], [ -35.976525399999964, -8.182323499999947 ], [ -35.976749, -8.182333199999944 ], [ -35.977090899999951, -8.182350499999952 ], [ -35.977372899999985, -8.1823697 ], [ -35.977565299999974, -8.182396699999984 ], [ -35.977923099999948, -8.182449299999959 ], [ -35.978443399999946, -8.18252779999993 ], [ -35.978594499999936, -8.182552199999964 ], [ -35.978880899999979, -8.182579899999965 ], [ -35.979198599999961, -8.182611599999984 ], [ -35.979644, -8.182664299999953 ], [ -35.979678399999955, -8.182673599999918 ], [ -35.98047239999994, -8.181197499999945 ], [ -35.977863199999945, -8.181407699999975 ], [ -35.977065499999988, -8.181432099999915 ], [ -35.977069299999989, -8.181355099999966 ], [ -35.977103199999931, -8.180149699999964 ], [ -35.977129199999979, -8.179803299999968 ], [ -35.977169499999953, -8.179256 ], [ -35.977146099999977, -8.178858099999971 ], [ -35.976686, -8.179006599999958 ], [ -35.976557499999963, -8.179055499999956 ], [ -35.976405399999976, -8.179132699999975 ], [ -35.976130799999964, -8.179244199999989 ], [ -35.975925799999963, -8.179323199999947 ], [ -35.975415, -8.17948 ], [ -35.975204, -8.179541899999959 ], [ -35.975345599999976, -8.179413499999955 ], [ -35.975469799999978, -8.179300899999951 ], [ -35.975665099999958, -8.179114599999929 ], [ -35.975921599999928, -8.178775199999977 ], [ -35.97600319999998, -8.178531299999959 ], [ -35.976022599999965, -8.178120399999951 ], [ -35.976035199999956, -8.177924399999961 ], [ -35.976099899999952, -8.177775099999986 ], [ -35.976223, -8.17759349999994 ], [ -35.976396899999941, -8.177451699999958 ], [ -35.976522299999949, -8.177333899999951 ], [ -35.976584899999985, -8.177275 ], [ -35.976636699999965, -8.177111699999973 ], [ -35.976662399999945, -8.176930699999959 ], [ -35.972473599999944, -8.17468569999996 ], [ -35.964235899999949, -8.174905599999914 ], [ -35.963982199999982, -8.175078199999954 ], [ -35.964006099999949, -8.17510819999997 ], [ -35.96402889999996, -8.175136599999963 ], [ -35.964097199999969, -8.175176499999973 ], [ -35.964196699999945, -8.175213399999972 ], [ -35.964270699999929, -8.175290299999952 ], [ -35.964296299999944, -8.175395499999977 ], [ -35.964336199999927, -8.175537799999979 ], [ -35.964356099999975, -8.175643099999933 ], [ -35.964373099999925, -8.175725599999984 ], [ -35.964401599999974, -8.175810899999917 ], [ -35.964401599999974, -8.175902 ], [ -35.964378799999963, -8.176032899999957 ], [ -35.964410099999959, -8.176143799999959 ], [ -35.964461299999982, -8.176203599999965 ], [ -35.964529599999935, -8.176257599999946 ], [ -35.964583699999942, -8.176294599999933 ], [ -35.964640599999939, -8.176385699999962 ], [ -35.964723099999958, -8.176587699999965 ], [ -35.964745899999969, -8.176772599999945 ], [ -35.964762899999982, -8.176852299999934 ], [ -35.964834099999955, -8.176917699999921 ], [ -35.964913699999954, -8.17699739999995 ], [ -35.965075899999938, -8.177099799999951 ], [ -35.96513, -8.177173799999949 ], [ -35.965147, -8.177222099999961 ], [ -35.965127099999954, -8.177301799999974 ], [ -35.965061699999978, -8.177415599999973 ], [ -35.964956699999959, -8.177547899999972 ], [ -35.964862899999957, -8.1777059 ], [ -35.964777699999956, -8.177924099999926 ], [ -35.96467679999995, -8.178159899999976 ], [ -35.964600899999944, -8.178342199999975 ], [ -35.964526899999953, -8.178561299999938 ], [ -35.964475599999957, -8.178844 ], [ -35.964419799999973, -8.179232 ], [ -35.964346599999949, -8.1793471 ], [ -35.964295499999928, -8.179462199999939 ], [ -35.964299799999935, -8.179585 ], [ -35.964223399999987, -8.17968519999992 ], [ -35.964225099999979, -8.17979 ], [ -35.964308799999969, -8.179900299999929 ], [ -35.964301399999954, -8.179988699999978 ], [ -35.96427209999996, -8.180089 ], [ -35.964168399999949, -8.180227699999939 ], [ -35.964122199999963, -8.180363699999921 ], [ -35.964086799999968, -8.180525699999977 ], [ -35.964119299999936, -8.180671599999942 ], [ -35.964225099999965, -8.180816899999956 ], [ -35.964263199999955, -8.181020099999973 ], [ -35.964217699999949, -8.181229099999939 ], [ -35.964078899999947, -8.181590099999928 ], [ -35.964028399999968, -8.181835699999942 ], [ -35.964025, -8.182086099999957 ], [ -35.963989899999952, -8.18230029999995 ], [ -35.963755899999974, -8.182521199999945 ], [ -35.963564099999928, -8.182778199999984 ], [ -35.963623099999964, -8.182965599999914 ], [ -35.963776399999972, -8.183157499999941 ], [ -35.963783299999932, -8.183392299999973 ], [ -35.963700599999989, -8.183528499999968 ], [ -35.963603, -8.183790099999959 ], [ -35.963625299999926, -8.183977799999964 ], [ -35.963710899999974, -8.184217099999968 ], [ -35.963811799999974, -8.184486 ], [ -35.964178299999951, -8.184401499999982 ], [ -35.964596899999954, -8.184361899999944 ], [ -35.964884799999943, -8.184344199999934 ], [ -35.965335399999965, -8.184382599999921 ], [ -35.965795799999974, -8.184394399999954 ], [ -35.966141899999968, -8.184397499999932 ], [ -35.966314899999936, -8.184417099999953 ], [ -35.966623099999929, -8.184429 ], [ -35.966714499999973, -8.18441979999996 ], [ -35.966802899999955, -8.184384899999925 ], [ -35.967099399999938, -8.184260299999931 ], [ -35.96723, -8.183398699999954 ], [ -35.967393699999946, -8.182610299999961 ], [ -35.967458299999969, -8.18231529999996 ], [ -35.967893099999976, -8.182417599999946 ], [ -35.97027379999998, -8.183029 ], [ -35.971803399999942, -8.183017899999967 ], [ -35.972490199999989, -8.183012899999914 ], [ -35.974709299999965, -8.18321 ], [ -35.97493019999996, -8.183274499999944 ] ] ], [ [ [ -36.02529, -8.1188749 ], [ -36.025394899999981, -8.118868199999966 ], [ -36.025659, -8.118876799999946 ], [ -36.02605, -8.118879099999948 ], [ -36.026297299999953, -8.118884199999989 ], [ -36.026668299999983, -8.118856799999948 ], [ -36.026959799999929, -8.118804699999933 ], [ -36.02713069999993, -8.118776699999939 ], [ -36.027313299999953, -8.118811499999955 ], [ -36.027777699999945, -8.118987899999954 ], [ -36.027768499999979, -8.118364799999949 ], [ -36.027659599999943, -8.117652199999947 ], [ -36.027517299999943, -8.117159099999986 ], [ -36.027552499999956, -8.116620299999967 ], [ -36.027570599999933, -8.116140899999957 ], [ -36.026946799999962, -8.115088799999986 ], [ -36.02661889999996, -8.114557499999918 ], [ -36.026453899999986, -8.114228899999926 ], [ -36.026430399999981, -8.114061499999936 ], [ -36.026360399999938, -8.113893699999942 ], [ -36.02622219999995, -8.113693699999949 ], [ -36.026087199999942, -8.113555 ], [ -36.025971499999976, -8.113383799999943 ], [ -36.025879, -8.113203399999966 ], [ -36.025813099999944, -8.113014599999945 ], [ -36.025829499999929, -8.112870699999982 ], [ -36.025841099999973, -8.112732799999938 ], [ -36.02586649999995, -8.112575899999982 ], [ -36.026068599999974, -8.112650199999983 ], [ -36.02626609999993, -8.112712 ], [ -36.026686399999967, -8.110644299999946 ], [ -36.026955699999981, -8.110725599999958 ], [ -36.02856259999993, -8.111186499999986 ], [ -36.028704799999957, -8.110935899999957 ], [ -36.028790799999967, -8.110684099999979 ], [ -36.028822699999985, -8.110283 ], [ -36.028387699999932, -8.110109899999953 ], [ -36.028083299999935, -8.109817499999956 ], [ -36.027809099999956, -8.109232599999942 ], [ -36.027706099999946, -8.108392099999953 ], [ -36.027031199999961, -8.107541599999955 ], [ -36.025303899999983, -8.107245099999931 ], [ -36.023217399999965, -8.105770499999958 ], [ -36.021103, -8.104253899999938 ], [ -36.018911899999985, -8.103451499999954 ], [ -36.018373399999973, -8.1046469 ], [ -36.017821399999946, -8.105992399999925 ], [ -36.020158599999952, -8.108626399999924 ], [ -36.019466099999939, -8.10936739999995 ], [ -36.018599699999982, -8.110263899999939 ], [ -36.017701199999976, -8.111193699999946 ], [ -36.01754039999998, -8.111319199999976 ], [ -36.01811249999998, -8.111819299999977 ], [ -36.020375, -8.1133819 ], [ -36.020324599999981, -8.113487 ], [ -36.020169299999964, -8.113699299999944 ], [ -36.019958499999973, -8.113944399999976 ], [ -36.019901499999939, -8.114079699999939 ], [ -36.019889099999951, -8.114203399999962 ], [ -36.019898699999949, -8.114307399999966 ], [ -36.020070299999929, -8.114588599999934 ], [ -36.020204199999974, -8.114878499999971 ], [ -36.020199599999955, -8.115063199999941 ], [ -36.020104699999933, -8.115381 ], [ -36.019948499999948, -8.115767199999938 ], [ -36.019887499999989, -8.116084299999976 ], [ -36.019772599999961, -8.116450599999952 ], [ -36.019477299999949, -8.117085899999939 ], [ -36.019297, -8.117375599999958 ], [ -36.019237799999978, -8.117590099999981 ], [ -36.019202899999989, -8.117798499999953 ], [ -36.019209699999976, -8.118107399999925 ], [ -36.019177, -8.118268199999948 ], [ -36.019115799999952, -8.118388699999979 ], [ -36.019006099999956, -8.118582299999966 ], [ -36.018975499999954, -8.11892959999996 ], [ -36.018966599999935, -8.119049299999986 ], [ -36.01892079999994, -8.119140799999956 ], [ -36.018852199999969, -8.119232299999954 ], [ -36.018783599999956, -8.119280099999983 ], [ -36.018550699999949, -8.119413199999947 ], [ -36.018338599999943, -8.119492299999944 ], [ -36.01814719999993, -8.119542199999961 ], [ -36.0178, -8.119700199999947 ], [ -36.01773129999998, -8.119812499999972 ], [ -36.017702199999981, -8.11989359999995 ], [ -36.017708499999969, -8.119999699999953 ], [ -36.017727199999975, -8.120184699999982 ], [ -36.017837399999962, -8.120517499999943 ], [ -36.017863399999953, -8.120681699999986 ], [ -36.018134799999984, -8.120685899999936 ], [ -36.018965499999979, -8.120914599999924 ], [ -36.019061199999946, -8.120949 ], [ -36.019132899999931, -8.120956199999956 ], [ -36.019174499999963, -8.120942699999933 ], [ -36.01983789999997, -8.121014499999951 ], [ -36.020369199999941, -8.120949 ], [ -36.02079759999998, -8.120790899999987 ], [ -36.021571199999983, -8.120621399999935 ], [ -36.022491799999962, -8.120314299999968 ], [ -36.022842, -8.120092599999959 ], [ -36.023233499999947, -8.119774 ], [ -36.023737499999974, -8.119423799999943 ], [ -36.023800799999947, -8.119377399999976 ], [ -36.023999, -8.119277299999958 ], [ -36.024239499999972, -8.119186599999981 ], [ -36.024399, -8.119128899999941 ], [ -36.024589399999968, -8.119050499999974 ], [ -36.02507739999993, -8.118913499999968 ], [ -36.02529, -8.1188749 ] ] ] ] } }
]
}
