{
"type": "FeatureCollection",
"name": "2906501",
"crs": { "type": "name", "properties": { "name": "urn:ogc:def:crs:OGC:1.3:CRS84" } },
"features": [
{ "type": "Feature", "properties": { "CD_MUN": "2906501", "NM_MUN": "Candeias" }, "geometry": { "type": "MultiPolygon", "coordinates": [ [ [ [ -38.495194199999965, -12.776675499999953 ], [ -38.495079299999936, -12.776693499999952 ], [ -38.494923, -12.776738 ], [ -38.494701099999929, -12.776789099999972 ], [ -38.494499099999985, -12.776808099999917 ], [ -38.494327299999952, -12.77680979999996 ], [ -38.494055299999957, -12.776812599999971 ], [ -38.49381859999994, -12.776783499999969 ], [ -38.493624599999968, -12.776740499999974 ], [ -38.493399499999953, -12.776691699999949 ], [ -38.493155599999966, -12.776609 ], [ -38.492975499999943, -12.776547 ], [ -38.492802799999929, -12.776472199999951 ], [ -38.492593799999952, -12.776346 ], [ -38.49234389999998, -12.776187 ], [ -38.492014199999979, -12.775915099999953 ], [ -38.491799499999956, -12.775704099999931 ], [ -38.491613, -12.775484 ], [ -38.491429599999947, -12.775261499999958 ], [ -38.491185799999982, -12.774952099999956 ], [ -38.490994299999954, -12.7746883 ], [ -38.490712599999938, -12.774204099999956 ], [ -38.490449199999944, -12.773681299999975 ], [ -38.490372299999933, -12.773445199999982 ], [ -38.490300599999962, -12.773248399999947 ], [ -38.49019729999997, -12.772882899999965 ], [ -38.490048799999954, -12.772429799999957 ], [ -38.489910099999967, -12.772007 ], [ -38.481741599999964, -12.772796399999953 ], [ -38.474528199999959, -12.773493599999938 ], [ -38.454853899999932, -12.770609699999948 ], [ -38.45477, -12.770899 ], [ -38.454746099999966, -12.771411 ], [ -38.454998699999983, -12.771704399999955 ], [ -38.45528, -12.771950499999946 ], [ -38.455397199999936, -12.772167699999939 ], [ -38.455592099999933, -12.772431399999951 ], [ -38.455902, -12.772635599999944 ], [ -38.456356799999988, -12.772681899999961 ], [ -38.456482, -12.772778399999922 ], [ -38.456633699999941, -12.772998 ], [ -38.456724599999973, -12.77312 ], [ -38.456831599999937, -12.773295099999936 ], [ -38.457017599999965, -12.773513 ], [ -38.457137399999965, -12.77349319999996 ], [ -38.457315699999981, -12.773406799999966 ], [ -38.457447499999944, -12.773498699999951 ], [ -38.457590299999936, -12.773524199999944 ], [ -38.45785489999998, -12.773541 ], [ -38.458101599999971, -12.773552299999952 ], [ -38.458275, -12.773563899999928 ], [ -38.458425199999965, -12.773604 ], [ -38.458393, -12.773658499999954 ], [ -38.457934799999975, -12.773608699999954 ], [ -38.457654399999967, -12.773597499999926 ], [ -38.457303699999962, -12.77353839999995 ], [ -38.457168199999956, -12.773674 ], [ -38.457307499999963, -12.773845399999972 ], [ -38.457096499999984, -12.774171399999929 ], [ -38.457122299999988, -12.774261599999926 ], [ -38.457006, -12.774358699999945 ], [ -38.456961, -12.7744873 ], [ -38.456744499999964, -12.774586799999966 ], [ -38.456744199999946, -12.774588799999945 ], [ -38.456525699999936, -12.774713199999946 ], [ -38.456462399999971, -12.774902399999963 ], [ -38.456418799999938, -12.775029299999977 ], [ -38.456431699999946, -12.775089799999934 ], [ -38.456560099999926, -12.775170799999957 ], [ -38.456519299999975, -12.775319099999942 ], [ -38.456517199999951, -12.775472499999973 ], [ -38.456595299999954, -12.775517599999946 ], [ -38.456596299999944, -12.775656299999975 ], [ -38.45673979999998, -12.776030499999953 ], [ -38.456798, -12.776186799999946 ], [ -38.457110699999937, -12.776418599999936 ], [ -38.457139899999966, -12.776575799999929 ], [ -38.457285299999967, -12.776674599999966 ], [ -38.457315699999988, -12.776797599999947 ], [ -38.457405399999971, -12.776910599999942 ], [ -38.457699699999985, -12.777124199999939 ], [ -38.457973599999946, -12.777344299999983 ], [ -38.458047299999976, -12.777423399999972 ], [ -38.458069399999943, -12.777527499999966 ], [ -38.458127699999984, -12.77761439999996 ], [ -38.458246799999984, -12.777665 ], [ -38.45855069999994, -12.777853499999926 ], [ -38.458651399999965, -12.778000699999945 ], [ -38.458743099999936, -12.777961599999957 ], [ -38.458906199999952, -12.778144499999931 ], [ -38.459317399999982, -12.778326 ], [ -38.459511699999958, -12.778482299999949 ], [ -38.459756099999943, -12.778564199999936 ], [ -38.459984, -12.778701299999975 ], [ -38.460063099999957, -12.778812799999962 ], [ -38.46022929999998, -12.778916799999944 ], [ -38.460398099999964, -12.779131 ], [ -38.460377799999961, -12.779284 ], [ -38.46044779999994, -12.779506099999928 ], [ -38.460494499999982, -12.779826 ], [ -38.460600699999929, -12.779949299999942 ], [ -38.460749299999975, -12.779887699999946 ], [ -38.460721399999962, -12.77997039999998 ], [ -38.460580399999969, -12.780074 ], [ -38.46041909999996, -12.780318099999946 ], [ -38.460385199999962, -12.780466 ], [ -38.460360499999986, -12.780723499999965 ], [ -38.460369799999967, -12.780883299999958 ], [ -38.460490099999951, -12.780921099999947 ], [ -38.460544799999987, -12.781162099999952 ], [ -38.460517199999963, -12.781296899999985 ], [ -38.460801599999961, -12.781606199999935 ], [ -38.460830499999929, -12.78176039999992 ], [ -38.460936499999953, -12.781819399999964 ], [ -38.461092099999973, -12.782038299999966 ], [ -38.461235099999953, -12.78219019999994 ], [ -38.461442099999942, -12.782447299999946 ], [ -38.461724499999946, -12.78278239999997 ], [ -38.461828599999926, -12.782913699999932 ], [ -38.462011, -12.782954099999943 ], [ -38.462193399999933, -12.783033599999955 ], [ -38.462408399999958, -12.782989799999946 ], [ -38.462573299999974, -12.783006299999945 ], [ -38.462720499999932, -12.782967199999984 ], [ -38.462817799999982, -12.783056899999963 ], [ -38.462981, -12.783045399999933 ], [ -38.463182099999983, -12.782993199999964 ], [ -38.463289, -12.783163799999938 ], [ -38.463399599999946, -12.783159799999957 ], [ -38.463407899999936, -12.783260499999917 ], [ -38.463362599999982, -12.78346479999994 ], [ -38.463359199999957, -12.783568 ], [ -38.463440699999978, -12.783572099999947 ], [ -38.463337899999956, -12.783818199999914 ], [ -38.463332, -12.784024799999941 ], [ -38.463381699999957, -12.784326099999932 ], [ -38.463470699999966, -12.784533299999955 ], [ -38.463591299999962, -12.784723199999959 ], [ -38.463808, -12.784940799999939 ], [ -38.464211499999976, -12.784790299999935 ], [ -38.464594, -12.784800399999918 ], [ -38.464930299999942, -12.784758799999967 ], [ -38.465154199999979, -12.784609899999971 ], [ -38.465389399999935, -12.784681899999958 ], [ -38.465826499999935, -12.784617299999988 ], [ -38.466137799999956, -12.784599099999982 ], [ -38.466463699999963, -12.78454 ], [ -38.466618199999971, -12.784645 ], [ -38.466839, -12.784701799999933 ], [ -38.467102499999953, -12.784577799999978 ], [ -38.467268599999962, -12.784413699999961 ], [ -38.467476199999979, -12.784139299999934 ], [ -38.467598799999962, -12.783896699999961 ], [ -38.467663199999954, -12.783509699999968 ], [ -38.467716499999938, -12.783207899999981 ], [ -38.467897099999952, -12.7829993 ], [ -38.46801929999998, -12.782646499999935 ], [ -38.468048199999934, -12.782507 ], [ -38.468182, -12.78240439999996 ], [ -38.468394599999947, -12.782348 ], [ -38.468599, -12.782388699999956 ], [ -38.469162599999947, -12.782663299999969 ], [ -38.469697199999977, -12.782914 ], [ -38.470241399999964, -12.783085399999933 ], [ -38.470807399999948, -12.783037099999936 ], [ -38.471243399999935, -12.783079599999954 ], [ -38.471825699999947, -12.783275299999964 ], [ -38.471980699999961, -12.783392299999937 ], [ -38.47206939999996, -12.783293399999923 ], [ -38.472271299999925, -12.783161199999938 ], [ -38.472367499999969, -12.782943 ], [ -38.472368099999976, -12.7826502 ], [ -38.472395599999977, -12.782274799999975 ], [ -38.472832399999952, -12.781919499999953 ], [ -38.473135699999951, -12.781651699999943 ], [ -38.473426099999983, -12.781416499999983 ], [ -38.47369539999994, -12.781300099999951 ], [ -38.473836699999929, -12.781304699999968 ], [ -38.474400399999979, -12.781368 ], [ -38.474832099999958, -12.781331499999952 ], [ -38.475247499999973, -12.781358 ], [ -38.47552409999998, -12.781433799999927 ], [ -38.475763499999971, -12.781556 ], [ -38.475875799999983, -12.78175419999997 ], [ -38.476299699999977, -12.782503899999947 ], [ -38.476162199999976, -12.782979499999954 ], [ -38.475889699999989, -12.782889499999966 ], [ -38.475844099999961, -12.782994299999929 ], [ -38.476708499999972, -12.783258599999957 ], [ -38.476761199999935, -12.783123599999946 ], [ -38.476303899999948, -12.783 ], [ -38.476424599999966, -12.782554599999978 ], [ -38.476856499999947, -12.782442899999973 ], [ -38.477204, -12.782244499999937 ], [ -38.477888599999979, -12.782276399999954 ], [ -38.478409199999938, -12.78197 ], [ -38.478825399999948, -12.781553799999923 ], [ -38.479254499999968, -12.781110499999972 ], [ -38.479379, -12.780901699999974 ], [ -38.4794687, -12.780720099999943 ], [ -38.479548799999975, -12.78054839999993 ], [ -38.479546299999981, -12.78037809999995 ], [ -38.479593399999942, -12.77991539999992 ], [ -38.479558299999958, -12.779728699999975 ], [ -38.479562599999952, -12.779601299999971 ], [ -38.479536, -12.779437899999952 ], [ -38.479628299999945, -12.779106199999937 ], [ -38.479617799999978, -12.77888369999992 ], [ -38.479538499999933, -12.778741599999918 ], [ -38.4796128, -12.778470699999968 ], [ -38.479591699999951, -12.778397799999944 ], [ -38.479651399999959, -12.778236699999985 ], [ -38.479601599999974, -12.778113299999976 ], [ -38.479687799999965, -12.778018 ], [ -38.479731299999969, -12.777898099999952 ], [ -38.479677299999935, -12.77753559999997 ], [ -38.479777199999944, -12.7775 ], [ -38.479882599999939, -12.777349399999924 ], [ -38.479903599999943, -12.777197199999947 ], [ -38.479811499999975, -12.777126199999939 ], [ -38.479840299999971, -12.777040099999974 ], [ -38.479855799999939, -12.77675339999996 ], [ -38.479847699999937, -12.776550899999972 ], [ -38.479803699999927, -12.776482699999972 ], [ -38.479844199999945, -12.776312599999939 ], [ -38.479855099999952, -12.776212299999937 ], [ -38.479884299999981, -12.776041299999962 ], [ -38.479857399999958, -12.775906399999938 ], [ -38.479811799999936, -12.775771799999978 ], [ -38.47973, -12.775617299999954 ], [ -38.479736099999968, -12.775538899999974 ], [ -38.479673899999973, -12.775437899999927 ], [ -38.479810499999985, -12.775322699999933 ], [ -38.479970199999961, -12.775316199999976 ], [ -38.480221799999981, -12.775173199999919 ], [ -38.480490399999958, -12.775045799999921 ], [ -38.480728699999936, -12.774897899999925 ], [ -38.480868, -12.774837 ], [ -38.481080499999955, -12.774774299999931 ], [ -38.481151899999922, -12.774699 ], [ -38.481294199999972, -12.774741499999958 ], [ -38.48149669999998, -12.774687499999962 ], [ -38.481597799999975, -12.774735199999933 ], [ -38.481749199999975, -12.774636399999977 ], [ -38.4820309, -12.774659099999949 ], [ -38.482195899999979, -12.774691 ], [ -38.482353499999938, -12.774627199999932 ], [ -38.48238189999995, -12.774696699999936 ], [ -38.482501, -12.774669499999952 ], [ -38.482638299999955, -12.774773899999939 ], [ -38.482795899999985, -12.774742 ], [ -38.482846399999971, -12.774722 ], [ -38.483084299999973, -12.774564899999971 ], [ -38.483270699999935, -12.774610499999932 ], [ -38.48344869999994, -12.774738699999951 ], [ -38.483531, -12.774817099999947 ], [ -38.483556899999947, -12.774938299999981 ], [ -38.483725499999935, -12.775116799999978 ], [ -38.483585199999943, -12.775232199999937 ], [ -38.483579299999981, -12.775310499999936 ], [ -38.483634899999977, -12.775360799999927 ], [ -38.483562399999975, -12.775409699999962 ], [ -38.483437199999969, -12.775638899999947 ], [ -38.483500199999988, -12.775936699999924 ], [ -38.483739799999967, -12.776141899999972 ], [ -38.483730299999941, -12.77635249999998 ], [ -38.483482799999933, -12.776823399999959 ], [ -38.483329299999973, -12.777046199999981 ], [ -38.483269199999945, -12.777266599999964 ], [ -38.483274199999975, -12.777390299999983 ], [ -38.483330799999976, -12.777580199999916 ], [ -38.483473699999941, -12.77791229999996 ], [ -38.483464099999935, -12.778045799999973 ], [ -38.4835528, -12.778304599999952 ], [ -38.483614899999971, -12.778363099999975 ], [ -38.483782699999956, -12.778676899999937 ], [ -38.484239299999956, -12.779313099999962 ], [ -38.48449659999995, -12.779739699999952 ], [ -38.48499709999993, -12.780382599999934 ], [ -38.48510959999993, -12.780706299999959 ], [ -38.485272699999946, -12.781116299999949 ], [ -38.485519, -12.781725899999984 ], [ -38.485512099999944, -12.781903699999946 ], [ -38.485743299999967, -12.782115799999932 ], [ -38.485893299999937, -12.782083099999966 ], [ -38.485953499999937, -12.782128899999977 ], [ -38.485927899999979, -12.782225 ], [ -38.485991299999966, -12.782388499999964 ], [ -38.486104099999977, -12.782444 ], [ -38.486512199999929, -12.782520299999915 ], [ -38.486641899999938, -12.782522199999965 ], [ -38.486821699999943, -12.782570599999939 ], [ -38.486906199999957, -12.782677299999921 ], [ -38.487033099999955, -12.782734599999975 ], [ -38.487264899999957, -12.782956399999936 ], [ -38.487606499999977, -12.7831179 ], [ -38.487613799999963, -12.783228199999934 ], [ -38.487820899999981, -12.783483 ], [ -38.487913, -12.783480399999979 ], [ -38.487940199999969, -12.783853899999944 ], [ -38.487787599999933, -12.783938599999944 ], [ -38.487662899999975, -12.784051899999941 ], [ -38.487613099999969, -12.784316299999947 ], [ -38.487475499999967, -12.784443699999951 ], [ -38.487512699999968, -12.784825899999932 ], [ -38.485851, -12.78491849999995 ], [ -38.485705799999948, -12.785022699999969 ], [ -38.4856923, -12.786450199999916 ], [ -38.485641599999951, -12.78668329999994 ], [ -38.485502899999965, -12.786690099999941 ], [ -38.485504699999979, -12.78717959999995 ], [ -38.485616299999947, -12.787183699999959 ], [ -38.485690399999953, -12.787429399999944 ], [ -38.485669299999984, -12.787598099999981 ], [ -38.483694399999941, -12.786587199999913 ], [ -38.483570099999952, -12.786814599999952 ], [ -38.485155299999981, -12.787653199999962 ], [ -38.4852145, -12.787537899999972 ], [ -38.48564139999997, -12.787754899999973 ], [ -38.485685, -12.788113199999954 ], [ -38.485929499999948, -12.788293699999928 ], [ -38.486863599999943, -12.78871569999996 ], [ -38.487247, -12.789057099999969 ], [ -38.487162699999942, -12.789184099999945 ], [ -38.487576499999932, -12.78943309999992 ], [ -38.487669299999943, -12.789322199999944 ], [ -38.488439899999953, -12.78952389999993 ], [ -38.4887624, -12.789569099999945 ], [ -38.489113099999948, -12.789483699999932 ], [ -38.48983949999996, -12.789044899999965 ], [ -38.490425799999969, -12.788611599999964 ], [ -38.490712, -12.788310199999938 ], [ -38.490982499999966, -12.78800719999998 ], [ -38.491143799999975, -12.787708299999963 ], [ -38.49142, -12.787303699999933 ], [ -38.492067499999962, -12.786617399999956 ], [ -38.492787399999941, -12.785614799999957 ], [ -38.493051, -12.785383799999968 ], [ -38.49378059999998, -12.784781899999935 ], [ -38.494179599999946, -12.784712899999915 ], [ -38.494707799999965, -12.784763799999956 ], [ -38.495055599999951, -12.784973699999972 ], [ -38.495392199999969, -12.785244399999961 ], [ -38.495593399999962, -12.785172399999961 ], [ -38.495925499999949, -12.785241099999945 ], [ -38.49634709999998, -12.784929899999964 ], [ -38.496484, -12.784725199999965 ], [ -38.496947599999949, -12.785031 ], [ -38.497171, -12.785099499999953 ], [ -38.497540699999945, -12.784892699999963 ], [ -38.498190199999954, -12.784543499999934 ], [ -38.498719199999989, -12.784078699999952 ], [ -38.498654099999953, -12.78397649999995 ], [ -38.497977799999944, -12.784504299999989 ], [ -38.497485599999955, -12.783587099999977 ], [ -38.497336199999957, -12.783327499999947 ], [ -38.49838879999993, -12.7816041 ], [ -38.498205199999965, -12.781122899999961 ], [ -38.49901569999998, -12.781295899999961 ], [ -38.499003299999977, -12.781364699999916 ], [ -38.499109199999964, -12.781482399999977 ], [ -38.499270399999936, -12.7817578 ], [ -38.499364199999945, -12.781696799999954 ], [ -38.499791299999977, -12.782324499999946 ], [ -38.499670199999969, -12.782402499999931 ], [ -38.499908599999962, -12.782787699999982 ], [ -38.500321699999979, -12.782534499999944 ], [ -38.500053799999932, -12.782161099999936 ], [ -38.499923799999983, -12.782243199999977 ], [ -38.499314, -12.781316899999979 ], [ -38.499388499999945, -12.781284299999987 ], [ -38.499302899999975, -12.781113299999948 ], [ -38.499066899999946, -12.781055199999983 ], [ -38.499044499999968, -12.781126899999942 ], [ -38.4981193, -12.780943699999959 ], [ -38.497977199999987, -12.780559899999943 ], [ -38.497325099999955, -12.779993299999939 ], [ -38.496031599999988, -12.779410299999956 ], [ -38.496075199999957, -12.778745199999928 ], [ -38.49625159999993, -12.77824589999994 ], [ -38.49643, -12.778009199999937 ], [ -38.496305, -12.777902899999958 ], [ -38.495797699999976, -12.777780399999935 ], [ -38.495696599999981, -12.777596899999933 ], [ -38.495635399999976, -12.777360399999951 ], [ -38.495573799999931, -12.777164899999965 ], [ -38.495535199999956, -12.776982399999945 ], [ -38.49544359999993, -12.776773 ], [ -38.495387, -12.776710099999955 ], [ -38.495299, -12.776671699999961 ], [ -38.495194199999965, -12.776675499999953 ] ] ], [ [ [ -38.502685199999966, -12.753458599999949 ], [ -38.502594699999975, -12.753385499999982 ], [ -38.502573, -12.753246599999953 ], [ -38.502426499999963, -12.753045099999941 ], [ -38.502354499999967, -12.752939 ], [ -38.502322399999969, -12.752648099999938 ], [ -38.50219739999995, -12.752508199999973 ], [ -38.501964499999929, -12.75246029999993 ], [ -38.501825899999972, -12.752407 ], [ -38.501804499999935, -12.75227809999995 ], [ -38.501798799999968, -12.751981099999952 ], [ -38.501843699999938, -12.751540199999974 ], [ -38.50173719999998, -12.75139369999995 ], [ -38.50140829999998, -12.751327499999952 ], [ -38.500752, -12.7512278 ], [ -38.500554199999954, -12.751164899999942 ], [ -38.500607299999956, -12.750969 ], [ -38.500371199999968, -12.750867199999959 ], [ -38.500215299999979, -12.750828299999966 ], [ -38.499914899999972, -12.750850799999959 ], [ -38.499534399999952, -12.75064619999994 ], [ -38.499468299999933, -12.750600499999962 ], [ -38.499399099999948, -12.750584 ], [ -38.499212, -12.750550099999939 ], [ -38.499149799999934, -12.750519799999953 ], [ -38.498935, -12.75047829999995 ], [ -38.49885, -12.750419799999959 ], [ -38.498750099999938, -12.750334699999927 ], [ -38.498517899999968, -12.750174399999938 ], [ -38.498564299999948, -12.750037 ], [ -38.49858629999995, -12.749985299999933 ], [ -38.4985023, -12.749920499999957 ], [ -38.498465399999937, -12.74985409999994 ], [ -38.49838619999997, -12.749745399999933 ], [ -38.498345699999966, -12.749660199999918 ], [ -38.498268799999948, -12.749601599999934 ], [ -38.498184299999934, -12.749523399999934 ], [ -38.498065199999985, -12.749417 ], [ -38.497912399999962, -12.749364099999989 ], [ -38.49780949999996, -12.749318299999961 ], [ -38.497736899999957, -12.749259699999971 ], [ -38.497677499999945, -12.749223799999969 ], [ -38.497622499999984, -12.74915 ], [ -38.497563899999932, -12.7490721 ], [ -38.497502099999963, -12.749026799999983 ], [ -38.497455699999939, -12.748969199999982 ], [ -38.497378199999957, -12.748939299999961 ], [ -38.497338499999955, -12.748895499999955 ], [ -38.497237799999944, -12.748858399999966 ], [ -38.497165, -12.748805099999968 ], [ -38.497093799999959, -12.748720899999958 ], [ -38.497010799999956, -12.748679199999971 ], [ -38.496924499999984, -12.748647599999956 ], [ -38.496864199999948, -12.748512499999945 ], [ -38.496797499999957, -12.748518299999942 ], [ -38.496756899999987, -12.748451899999965 ], [ -38.496665699999937, -12.7484401 ], [ -38.496602, -12.748382199999972 ], [ -38.496542499999975, -12.748346499999951 ], [ -38.496457399999947, -12.748256599999927 ], [ -38.496378899999968, -12.748218599999966 ], [ -38.496281899999929, -12.748189499999969 ], [ -38.496191699999947, -12.748171399999944 ], [ -38.496106199999936, -12.748144599999941 ], [ -38.496078699999941, -12.748066599999975 ], [ -38.49601349999994, -12.748058699999955 ], [ -38.495968299999966, -12.747981599999965 ], [ -38.4960119, -12.74791979999997 ], [ -38.495973599999949, -12.747822199999979 ], [ -38.495969699999932, -12.747682099999952 ], [ -38.494893299999951, -12.748108899999986 ], [ -38.493201599999971, -12.748912199999948 ], [ -38.489887499999959, -12.750688499999965 ], [ -38.490074399999969, -12.750822699999953 ], [ -38.490903199999941, -12.751417699999932 ], [ -38.491268, -12.751659 ], [ -38.491429199999978, -12.751758399999959 ], [ -38.491725799999983, -12.751935 ], [ -38.49311, -12.752694199999938 ], [ -38.493721699999973, -12.753056299999965 ], [ -38.494173399999973, -12.753316499999933 ], [ -38.494847499999935, -12.753665199999945 ], [ -38.495053399999961, -12.753801499999952 ], [ -38.495133699999947, -12.753886399999956 ], [ -38.495238, -12.754023 ], [ -38.495297399999977, -12.75416679999994 ], [ -38.495325599999944, -12.754310099999955 ], [ -38.495434499999931, -12.754641399999981 ], [ -38.495486, -12.7547284 ], [ -38.495564799999947, -12.754855299999964 ], [ -38.495683, -12.754944299999957 ], [ -38.495841699999971, -12.755034299999981 ], [ -38.496031399999929, -12.755077099999925 ], [ -38.496796299999978, -12.755123099999935 ], [ -38.496933499999955, -12.755140099999931 ], [ -38.497020399999947, -12.755159399999974 ], [ -38.497116599999977, -12.755196399999924 ], [ -38.497277099999963, -12.755313699999927 ], [ -38.4975075, -12.755535899999931 ], [ -38.497637599999962, -12.755642799999983 ], [ -38.497772399999974, -12.755728499999977 ], [ -38.49784749999997, -12.755758899999922 ], [ -38.497954199999988, -12.755756699999948 ], [ -38.498115399999961, -12.755736699999948 ], [ -38.498270099999957, -12.755719599999948 ], [ -38.49840119999994, -12.755731 ], [ -38.498541099999954, -12.755772299999929 ], [ -38.498780299999979, -12.755848399999939 ], [ -38.498933799999975, -12.755877699999942 ], [ -38.499038399999968, -12.7558827 ], [ -38.499260299999953, -12.755844399999933 ], [ -38.499443299999939, -12.755766699999961 ], [ -38.499528, -12.755675799999949 ], [ -38.49963269999995, -12.755506 ], [ -38.499980199999982, -12.755531699999954 ], [ -38.500094299999951, -12.755437699999943 ], [ -38.500255899999964, -12.755493 ], [ -38.500393, -12.755539399999968 ], [ -38.500437099999942, -12.755627199999919 ], [ -38.500532299999982, -12.755704199999968 ], [ -38.500600799999972, -12.755769299999931 ], [ -38.50069869999993, -12.755791299999936 ], [ -38.500802799999981, -12.755840599999948 ], [ -38.50089069999995, -12.755901399999983 ], [ -38.500939699999954, -12.755950199999951 ], [ -38.501029499999959, -12.756002599999917 ], [ -38.501121699999942, -12.756071699999953 ], [ -38.501224599999951, -12.756040199999971 ], [ -38.501369199999949, -12.756082799999941 ], [ -38.501478399999932, -12.756074 ], [ -38.501539199999968, -12.756132299999935 ], [ -38.501653699999963, -12.756119599999986 ], [ -38.501771, -12.756135199999957 ], [ -38.501875799999937, -12.756125599999981 ], [ -38.501986299999942, -12.756180899999956 ], [ -38.502085899999948, -12.756204299999977 ], [ -38.502222599999989, -12.756145599999968 ], [ -38.502304899999963, -12.756122299999953 ], [ -38.502392699999973, -12.756065 ], [ -38.502478499999945, -12.755966499999946 ], [ -38.502531199999979, -12.755824099999941 ], [ -38.502626799999966, -12.755801899999934 ], [ -38.502739, -12.755811 ], [ -38.502944599999978, -12.755848699999953 ], [ -38.503426699999977, -12.755502399999965 ], [ -38.503804599999967, -12.754984799999946 ], [ -38.503842299999981, -12.754897099999914 ], [ -38.503872399999977, -12.754777399999977 ], [ -38.503808299999946, -12.754615499999943 ], [ -38.503621399999929, -12.754229499999971 ], [ -38.50336759999994, -12.754165499999933 ], [ -38.503079899999925, -12.754082099999936 ], [ -38.50281949999993, -12.753601299999941 ], [ -38.502685199999966, -12.753458599999949 ] ] ], [ [ [ -38.442506599999945, -12.746251 ], [ -38.442685099999956, -12.746155799999919 ], [ -38.442911099999947, -12.746060699999939 ], [ -38.443074399999944, -12.745928499999943 ], [ -38.44313539999996, -12.74588309999997 ], [ -38.4432025, -12.745884299999936 ], [ -38.443249299999941, -12.74591909999997 ], [ -38.443279199999957, -12.745912199999983 ], [ -38.443335299999944, -12.745869199999941 ], [ -38.443452599999944, -12.74572829999993 ], [ -38.443484599999977, -12.745596799999936 ], [ -38.443500099999945, -12.745489699999961 ], [ -38.443582699999979, -12.745368199999984 ], [ -38.443713, -12.745296 ], [ -38.443748599999935, -12.745281699999948 ], [ -38.443838699999951, -12.745265 ], [ -38.44392239999997, -12.745275499999927 ], [ -38.444017599999945, -12.745281499999972 ], [ -38.444231799999955, -12.745329 ], [ -38.444416099999955, -12.745329 ], [ -38.444658499999946, -12.745422699999956 ], [ -38.444718299999984, -12.745403199999943 ], [ -38.444755, -12.745345799999949 ], [ -38.444767099999979, -12.745281499999981 ], [ -38.444840699999922, -12.745169 ], [ -38.444838399999988, -12.745085199999943 ], [ -38.444814799999968, -12.745019699999933 ], [ -38.444823, -12.744973 ], [ -38.444864699999982, -12.744915699999972 ], [ -38.444926599999974, -12.744877299999919 ], [ -38.444972899999982, -12.744875 ], [ -38.44503549999996, -12.744940799999943 ], [ -38.44514189999996, -12.744995799999954 ], [ -38.445269899999964, -12.745022 ], [ -38.445361399999967, -12.744978 ], [ -38.44556259999996, -12.744940099999937 ], [ -38.445697799999941, -12.744965499999974 ], [ -38.44590809999994, -12.745064799999962 ], [ -38.446143599999978, -12.745136299999936 ], [ -38.446439899999973, -12.74526479999996 ], [ -38.446814599999982, -12.745439699999976 ], [ -38.446831799999984, -12.745454799999949 ], [ -38.44692119999997, -12.745533499999981 ], [ -38.447062099999982, -12.7458273 ], [ -38.447167599999943, -12.746056899999926 ], [ -38.447189199999968, -12.746197199999921 ], [ -38.447152, -12.746363299999915 ], [ -38.447053399999952, -12.746466 ], [ -38.447043399999984, -12.746554299999937 ], [ -38.447082199999947, -12.746652699999961 ], [ -38.447171199999957, -12.746650199999966 ], [ -38.447279, -12.7465579 ], [ -38.447433399999966, -12.746493299999932 ], [ -38.447455099999964, -12.746338699999965 ], [ -38.447319199999981, -12.746023899999956 ], [ -38.447208499999931, -12.745767599999956 ], [ -38.447204599999964, -12.745661799999931 ], [ -38.446913299999956, -12.745381599999963 ], [ -38.446909399999981, -12.7452 ], [ -38.446951299999967, -12.745122199999978 ], [ -38.447070099999962, -12.745048 ], [ -38.447102099999938, -12.74500269999993 ], [ -38.447185699999977, -12.744858599999933 ], [ -38.447319399999976, -12.744817399999937 ], [ -38.44757739999995, -12.744676899999948 ], [ -38.447708899999952, -12.744584199999958 ], [ -38.44775389999996, -12.744507 ], [ -38.447772199999974, -12.744451599999925 ], [ -38.447701, -12.744357499999982 ], [ -38.447467299999978, -12.744304 ], [ -38.447311499999962, -12.744290399999967 ], [ -38.447190499999977, -12.744252699999944 ], [ -38.447022699999927, -12.744233399999912 ], [ -38.446819099999971, -12.744205199999957 ], [ -38.446689799999945, -12.744208699999946 ], [ -38.446577599999955, -12.744164299999968 ], [ -38.446500399999934, -12.744014 ], [ -38.446500699999952, -12.743848099999987 ], [ -38.446573599999958, -12.743762399999989 ], [ -38.446715599999948, -12.743740599999972 ], [ -38.4468538, -12.743757199999937 ], [ -38.446942899999954, -12.743674 ], [ -38.446930699999939, -12.743581399999933 ], [ -38.446824, -12.74346779999996 ], [ -38.44676369999997, -12.743366399999953 ], [ -38.446703499999956, -12.743300899999962 ], [ -38.446668, -12.743267899999983 ], [ -38.446638099999973, -12.743189699999958 ], [ -38.446632099999924, -12.743125499999975 ], [ -38.446658899999939, -12.743077299999969 ], [ -38.446650199999965, -12.742996 ], [ -38.446681599999984, -12.742937899999969 ], [ -38.446652699999959, -12.742902299999953 ], [ -38.446745, -12.742922399999935 ], [ -38.446741899999957, -12.742859599999967 ], [ -38.446819699999942, -12.742789099999985 ], [ -38.446887699999941, -12.742733399999953 ], [ -38.446989599999938, -12.742732099999952 ], [ -38.447086499999948, -12.742670899999951 ], [ -38.447222699999941, -12.742651199999942 ], [ -38.447328199999966, -12.742517599999916 ], [ -38.447415599999943, -12.742454299999952 ], [ -38.447518299999956, -12.742413799999962 ], [ -38.447699199999931, -12.742378899999958 ], [ -38.447800299999983, -12.742394899999955 ], [ -38.447878099999969, -12.742348199999972 ], [ -38.447941599999979, -12.742311899999963 ], [ -38.4480114, -12.742267599999947 ], [ -38.44808809999995, -12.742231799999949 ], [ -38.448190299999965, -12.742120699999926 ], [ -38.448201099999949, -12.742052199999934 ], [ -38.448274699999956, -12.741986899999979 ], [ -38.448347499999954, -12.741965399999959 ], [ -38.44846449999995, -12.741994199999969 ], [ -38.448544199999958, -12.742048099999979 ], [ -38.448641599999966, -12.74216 ], [ -38.448715099999959, -12.742211799999952 ], [ -38.448798099999983, -12.742236299999943 ], [ -38.448927099999928, -12.742227899999934 ], [ -38.44910189999996, -12.742091499999946 ], [ -38.449118099999964, -12.741959899999921 ], [ -38.449145399999956, -12.7418039 ], [ -38.449158299999958, -12.741745599999931 ], [ -38.449239, -12.741706199999967 ], [ -38.449374, -12.741693 ], [ -38.449612099999975, -12.741765099999956 ], [ -38.449762599999936, -12.741828399999958 ], [ -38.449884199999929, -12.74184719999994 ], [ -38.449975799999947, -12.741836399999949 ], [ -38.4500872, -12.741773199999949 ], [ -38.450186599999945, -12.7416909 ], [ -38.450286499999947, -12.741565699999978 ], [ -38.450324599999931, -12.741454599999933 ], [ -38.4503438, -12.741334399999968 ], [ -38.450268199999989, -12.741224699999961 ], [ -38.450212499999964, -12.741113 ], [ -38.450135099999947, -12.741054199999938 ], [ -38.450060899999976, -12.740987 ], [ -38.450044299999938, -12.740928799999956 ], [ -38.450099199999954, -12.740853099999971 ], [ -38.450128, -12.74079809999996 ], [ -38.45025169999996, -12.74072149999995 ], [ -38.450268899999962, -12.740628899999948 ], [ -38.450311699999929, -12.740523899999967 ], [ -38.45039259999993, -12.740463199999972 ], [ -38.450434, -12.740416199999968 ], [ -38.450529699999947, -12.740374 ], [ -38.450681699999969, -12.740357399999949 ], [ -38.450863899999945, -12.740359 ], [ -38.451140399999929, -12.740309199999961 ], [ -38.451146899999969, -12.740255799999947 ], [ -38.451124099999966, -12.740204599999968 ], [ -38.451125299999937, -12.740084299999964 ], [ -38.451195099999964, -12.740037 ], [ -38.451458399999979, -12.739889499999927 ], [ -38.451480399999987, -12.739826299999951 ], [ -38.451469199999977, -12.739756899999959 ], [ -38.451403299999981, -12.739676799999932 ], [ -38.45144259999995, -12.739581 ], [ -38.4514162, -12.739416599999979 ], [ -38.451346899999976, -12.739343799999979 ], [ -38.45134, -12.739247099999918 ], [ -38.451421499999981, -12.739200699999964 ], [ -38.451469, -12.739139499999963 ], [ -38.451473, -12.739076299999962 ], [ -38.451542499999967, -12.739051899999943 ], [ -38.451632699999948, -12.738985799999966 ], [ -38.451685399999974, -12.73894319999993 ], [ -38.4517896, -12.738859799999943 ], [ -38.451872099999946, -12.738765799999957 ], [ -38.451885299999965, -12.738695399999926 ], [ -38.451881599999979, -12.738594 ], [ -38.451844699999974, -12.738491499999952 ], [ -38.451806499999968, -12.73839459999993 ], [ -38.451823099999956, -12.738328199999962 ], [ -38.451877499999966, -12.738292299999967 ], [ -38.452017299999966, -12.738215299999984 ], [ -38.452103799999975, -12.738222699999934 ], [ -38.452245199999929, -12.738170499999955 ], [ -38.452311499999958, -12.738050699999979 ], [ -38.452267899999981, -12.737980299999961 ], [ -38.452221099999981, -12.737884199999929 ], [ -38.452185899999961, -12.737832299999983 ], [ -38.452159499999937, -12.73774909999997 ], [ -38.452155, -12.737673799999982 ], [ -38.452092199999981, -12.737612799999953 ], [ -38.452067, -12.737527499999942 ], [ -38.45204479999996, -12.7374632 ], [ -38.452108499999952, -12.737434799999958 ], [ -38.452183599999955, -12.737437599999947 ], [ -38.452245499999947, -12.737455099999977 ], [ -38.452313599999968, -12.737506799999943 ], [ -38.452402799999952, -12.737525299999945 ], [ -38.452451, -12.737470799999924 ], [ -38.452516099999976, -12.737411199999929 ], [ -38.452484799999986, -12.737322299999974 ], [ -38.452519799999955, -12.737304 ], [ -38.452536099999975, -12.737237599999949 ], [ -38.452519, -12.737153 ], [ -38.452579799999967, -12.737066 ], [ -38.452557099999986, -12.736924799999942 ], [ -38.452592199999977, -12.736813099999956 ], [ -38.452629899999984, -12.736688599999972 ], [ -38.452530699999954, -12.736655699999972 ], [ -38.452462099999934, -12.736645299999964 ], [ -38.452409599999953, -12.73659309999992 ], [ -38.4523746, -12.736543199999982 ], [ -38.45235629999997, -12.736484199999953 ], [ -38.452345799999939, -12.736433499999974 ], [ -38.452359599999966, -12.736395399999934 ], [ -38.45239609999993, -12.736303399999954 ], [ -38.452285, -12.7362424 ], [ -38.452123499999978, -12.736307199999922 ], [ -38.452037099999984, -12.736282 ], [ -38.451925, -12.73631739999996 ], [ -38.451876799999987, -12.736298899999966 ], [ -38.451803299999945, -12.736242399999977 ], [ -38.451740099999931, -12.736218099999972 ], [ -38.451778099999956, -12.736132799999945 ], [ -38.451844799999947, -12.736091899999966 ], [ -38.451955899999973, -12.736107499999948 ], [ -38.452081, -12.735997099999976 ], [ -38.452260799999969, -12.735794799999953 ], [ -38.452245, -12.735688 ], [ -38.452112399999976, -12.735718199999967 ], [ -38.451969799999979, -12.735816199999929 ], [ -38.451882399999938, -12.735871599999941 ], [ -38.451804899999956, -12.735894 ], [ -38.451798499999931, -12.735830099999935 ], [ -38.451748499999958, -12.735776699999979 ], [ -38.451749699999937, -12.735723799999953 ], [ -38.451715299999933, -12.735671199999961 ], [ -38.451777399999969, -12.735620699999977 ], [ -38.451836299999961, -12.735560199999954 ], [ -38.45182879999993, -12.735508399999958 ], [ -38.451853599999936, -12.73545839999996 ], [ -38.451937, -12.735399199999977 ], [ -38.452025299999953, -12.735431099999973 ], [ -38.45201789999993, -12.735504499999941 ], [ -38.452087699999929, -12.735547399999961 ], [ -38.452166699999964, -12.735512399999932 ], [ -38.452235099999939, -12.735471699999939 ], [ -38.452294699999982, -12.735296599999963 ], [ -38.452275099999945, -12.735193899999965 ], [ -38.452131, -12.735105699999943 ], [ -38.452108399999929, -12.734989599999954 ], [ -38.452139099999954, -12.7349245 ], [ -38.452224699999938, -12.734870499999934 ], [ -38.452327099999941, -12.73485669999997 ], [ -38.452416599999935, -12.734911099999959 ], [ -38.452499499999938, -12.734909399999932 ], [ -38.4525771, -12.734765199999959 ], [ -38.452515499999947, -12.734713599999967 ], [ -38.452526199999973, -12.734583 ], [ -38.45249809999995, -12.734452399999958 ], [ -38.452484899999945, -12.734364 ], [ -38.452493599999976, -12.734228 ], [ -38.452564099999968, -12.734225299999936 ], [ -38.452597699999956, -12.73414339999993 ], [ -38.452512399999932, -12.734078699999955 ], [ -38.452487699999949, -12.733993299999968 ], [ -38.452566899999972, -12.733933199999969 ], [ -38.452478299999939, -12.733850499999967 ], [ -38.452319599999953, -12.733827299999984 ], [ -38.452278799999945, -12.733871299999979 ], [ -38.44708449999996, -12.730847399999959 ], [ -38.442259099999951, -12.734331299999944 ], [ -38.442221699999948, -12.734284199999941 ], [ -38.441949599999937, -12.734459699999929 ], [ -38.441742199999965, -12.734616499999957 ], [ -38.4413785, -12.734877799999939 ], [ -38.441084099999955, -12.735128799999934 ], [ -38.44072749999998, -12.735467699999939 ], [ -38.440424499999949, -12.735830799999956 ], [ -38.439967499999959, -12.736493099999963 ], [ -38.439899, -12.736607799999943 ], [ -38.439749599999978, -12.736947199999957 ], [ -38.43962049999994, -12.737369 ], [ -38.439442399999962, -12.738032599999935 ], [ -38.43938669999995, -12.7385073 ], [ -38.439298599999979, -12.739379899999964 ], [ -38.439189899999981, -12.740292299999957 ], [ -38.439359499999973, -12.74100109999994 ], [ -38.440446299999962, -12.745545099999967 ], [ -38.441150499999935, -12.746854499999941 ], [ -38.441157599999947, -12.74687019999994 ], [ -38.441293099999946, -12.746857799999923 ], [ -38.441554899999979, -12.746727 ], [ -38.441673899999955, -12.746584199999962 ], [ -38.441876099999945, -12.746477199999942 ], [ -38.44207839999995, -12.746441299999946 ], [ -38.442506599999945, -12.746251 ] ] ], [ [ [ -38.510929399999959, -12.735604499999962 ], [ -38.510980599999982, -12.735623499999976 ], [ -38.510864699999964, -12.735896599999936 ], [ -38.510768499999983, -12.736065199999945 ], [ -38.510689399999926, -12.736379899999976 ], [ -38.510677599999951, -12.736428499999944 ], [ -38.510801, -12.736551699999946 ], [ -38.510952599999932, -12.736661699999958 ], [ -38.511073099999976, -12.736721699999956 ], [ -38.511171599999955, -12.736728699999967 ], [ -38.511242899999949, -12.736776499999969 ], [ -38.511423699999966, -12.736805099999978 ], [ -38.511567899999925, -12.736842499999968 ], [ -38.511637499999949, -12.736864199999976 ], [ -38.511762, -12.736823199999966 ], [ -38.511851399999955, -12.736818599999935 ], [ -38.511941499999971, -12.73680549999996 ], [ -38.51195979999995, -12.736763399999955 ], [ -38.511949299999962, -12.7366795 ], [ -38.512107199999953, -12.736617799999966 ], [ -38.512062299999961, -12.736570299999938 ], [ -38.512149599999923, -12.736491699999942 ], [ -38.512202799999947, -12.736406799999937 ], [ -38.512044599999967, -12.736351499999968 ], [ -38.511982899999964, -12.736276299999922 ], [ -38.51198949999997, -12.736196299999959 ], [ -38.512002699999989, -12.736091699999978 ], [ -38.512023899999981, -12.735987299999989 ], [ -38.512095099999947, -12.735932 ], [ -38.512233499999979, -12.735856799999974 ], [ -38.512349299999983, -12.735734599999946 ], [ -38.512554099999932, -12.735743399999944 ], [ -38.512713, -12.735650399999921 ], [ -38.512798499999974, -12.735527799999939 ], [ -38.512928399999964, -12.735187299999946 ], [ -38.513014, -12.735122599999945 ], [ -38.513087899999967, -12.735112799999968 ], [ -38.513134499999985, -12.735030099999959 ], [ -38.513248499999982, -12.734948299999925 ], [ -38.513319699999961, -12.734869699999932 ], [ -38.513414799999964, -12.734913899999981 ], [ -38.51354809999998, -12.734846499999948 ], [ -38.513611899999944, -12.734832899999954 ], [ -38.513807899999968, -12.734871899999986 ], [ -38.514413099999963, -12.735068 ], [ -38.514663299999945, -12.735249299999966 ], [ -38.515022599999959, -12.735553499999982 ], [ -38.515409499999976, -12.735917699999966 ], [ -38.515504299999982, -12.735967599999984 ], [ -38.515590399999951, -12.736058199999954 ], [ -38.515620199999944, -12.736124599999938 ], [ -38.515512899999983, -12.7363564 ], [ -38.51537349999996, -12.736491199999932 ], [ -38.515311099999963, -12.736626899999978 ], [ -38.515300599999932, -12.736684899999954 ], [ -38.515290199999974, -12.736742899999978 ], [ -38.515323899999942, -12.736842099999937 ], [ -38.515321, -12.736984199999927 ], [ -38.515244899999971, -12.737211299999947 ], [ -38.5153524, -12.73731219999997 ], [ -38.515470299999947, -12.737358899999931 ], [ -38.51558979999993, -12.737347 ], [ -38.515614699999951, -12.737257099999979 ], [ -38.515674799999942, -12.737314199999959 ], [ -38.515738299999953, -12.737317499999966 ], [ -38.515816599999937, -12.7373239 ], [ -38.515918599999964, -12.737292099999941 ], [ -38.516016599999944, -12.737199199999976 ], [ -38.51604819999995, -12.737276799999975 ], [ -38.516105699999962, -12.737304599999966 ], [ -38.516164, -12.73728669999997 ], [ -38.516265499999975, -12.737235199999935 ], [ -38.516294799999969, -12.737256899999984 ], [ -38.516347199999984, -12.737314799999986 ], [ -38.516500099999973, -12.737318099999969 ], [ -38.516539599999938, -12.737266099999941 ], [ -38.516632, -12.737300099999963 ], [ -38.516707599999961, -12.737234299999951 ], [ -38.516809, -12.737209599999964 ], [ -38.516837599999974, -12.737156899999945 ], [ -38.51697009999998, -12.737121799999962 ], [ -38.517021499999949, -12.737168499999946 ], [ -38.517116899999962, -12.737137599999913 ], [ -38.517221499999948, -12.737127099999944 ], [ -38.517319099999952, -12.737128199999987 ], [ -38.517459699999968, -12.737113799999983 ], [ -38.517559499999955, -12.737107399999948 ], [ -38.517681599999946, -12.737107899999961 ], [ -38.517789599999958, -12.73715919999996 ], [ -38.517943899999985, -12.737142699999952 ], [ -38.518013, -12.737093299999966 ], [ -38.518063499999982, -12.737158299999971 ], [ -38.518146099999974, -12.7371338 ], [ -38.518253, -12.737133299999982 ], [ -38.518374399999978, -12.737096599999965 ], [ -38.518605299999933, -12.737056399999958 ], [ -38.5187021, -12.737045899999934 ], [ -38.518751799999961, -12.737127 ], [ -38.518730799999965, -12.737222099999927 ], [ -38.518674299999923, -12.737295799999966 ], [ -38.5185853, -12.73738979999996 ], [ -38.518686199999934, -12.737397599999955 ], [ -38.518639, -12.73743779999997 ], [ -38.518540599999938, -12.737494599999945 ], [ -38.518578299999945, -12.73757379999995 ], [ -38.518683, -12.737703 ], [ -38.51880019999993, -12.737801899999962 ], [ -38.518799, -12.737902699999943 ], [ -38.518794299999968, -12.738002 ], [ -38.51883909999998, -12.738136399999989 ], [ -38.51897369999994, -12.738143699999977 ], [ -38.519048799999958, -12.738262499999964 ], [ -38.519151799999975, -12.738306499999965 ], [ -38.519195799999977, -12.738270299999963 ], [ -38.5192287, -12.7383288 ], [ -38.519332899999938, -12.738377699999946 ], [ -38.519408399999975, -12.738332099999976 ], [ -38.51947609999997, -12.738404 ], [ -38.519543, -12.738345499999983 ], [ -38.519591499999933, -12.738462 ], [ -38.519687699999963, -12.73849049999995 ], [ -38.519812299999955, -12.738504799999919 ], [ -38.519929599999962, -12.738526199999981 ], [ -38.520036699999935, -12.738514299999974 ], [ -38.520028099999926, -12.738458599999955 ], [ -38.520145599999985, -12.738567099999951 ], [ -38.520169399999915, -12.738652899999977 ], [ -38.520281399999931, -12.738689799999973 ], [ -38.520351, -12.738711599999927 ], [ -38.520394399999944, -12.738619399999942 ], [ -38.520509499999946, -12.738672699999935 ], [ -38.520534499999947, -12.738737199999944 ], [ -38.520599199999943, -12.738818 ], [ -38.520698299999935, -12.738932 ], [ -38.520763199999983, -12.739000899999944 ], [ -38.520856299999927, -12.738941499999939 ], [ -38.520849899999973, -12.738897699999937 ], [ -38.52089849999993, -12.738845399999946 ], [ -38.520893699999924, -12.73879329999993 ], [ -38.520903799999985, -12.738747299999938 ], [ -38.520946599999952, -12.738770899999956 ], [ -38.520995099999936, -12.738752299999929 ], [ -38.52098449999994, -12.738699099999977 ], [ -38.521026699999929, -12.738632699999922 ], [ -38.5210479, -12.738557099999966 ], [ -38.521108799999986, -12.738507199999974 ], [ -38.521176199999957, -12.73848129999992 ], [ -38.521285699999972, -12.738483799999925 ], [ -38.521359499999953, -12.738495499999933 ], [ -38.521409699999943, -12.738453199999983 ], [ -38.521453199999932, -12.73842829999996 ], [ -38.521461699999975, -12.738322099999962 ], [ -38.521503699999982, -12.738244399999918 ], [ -38.521500899999978, -12.738210599999933 ], [ -38.521504399999969, -12.738170799999983 ], [ -38.521480899999979, -12.73813939999995 ], [ -38.521474, -12.73808089999994 ], [ -38.521503699999982, -12.738014599999932 ], [ -38.521548899999971, -12.738114299999953 ], [ -38.521639499999942, -12.738205499999953 ], [ -38.521739199999956, -12.738317399999968 ], [ -38.521827499999972, -12.738374199999964 ], [ -38.521853299999975, -12.738495399999987 ], [ -38.521931599999959, -12.738475599999957 ], [ -38.52194, -12.738548299999925 ], [ -38.521938299999931, -12.738607799999951 ], [ -38.521985599999937, -12.738659899999952 ], [ -38.522059, -12.738691199999948 ], [ -38.522141099999949, -12.73871869999992 ], [ -38.522183199999972, -12.738632699999929 ], [ -38.522251199999971, -12.738585399999964 ], [ -38.522306599999979, -12.738555199999951 ], [ -38.522350099999983, -12.738547599999942 ], [ -38.522481299999988, -12.738547499999983 ], [ -38.522516899999978, -12.738606899999972 ], [ -38.522452899999962, -12.738681799999927 ], [ -38.522447499999942, -12.738751399999973 ], [ -38.522439099999929, -12.73886509999994 ], [ -38.522467699999936, -12.738937199999961 ], [ -38.522522399999957, -12.738953099999938 ], [ -38.522602, -12.73898839999991 ], [ -38.5226383, -12.739039699999982 ], [ -38.522707699999962, -12.739009199999934 ], [ -38.522761799999955, -12.738980299999971 ], [ -38.522805, -12.739033399999919 ], [ -38.522867499999961, -12.739011699999946 ], [ -38.522909, -12.738933899999957 ], [ -38.522896299999957, -12.73886669999996 ], [ -38.522906599999942, -12.738785399999909 ], [ -38.522944799999948, -12.738727599999951 ], [ -38.52303569999998, -12.738836399999961 ], [ -38.523122499999936, -12.738873 ], [ -38.523152599999953, -12.738794899999963 ], [ -38.523153399999956, -12.738792499999924 ], [ -38.523149499999931, -12.738788899999959 ], [ -38.523183699999947, -12.736807599999956 ], [ -38.523203699999961, -12.73609449999997 ], [ -38.523394499999945, -12.73277879999994 ], [ -38.522503599999943, -12.732752299999945 ], [ -38.52123609999996, -12.732706199999919 ], [ -38.519582, -12.732656499999958 ], [ -38.51885139999996, -12.732646599999974 ], [ -38.51742489999998, -12.732590199999944 ], [ -38.514328099999943, -12.732473899999937 ], [ -38.511256499999938, -12.732244499999975 ], [ -38.511391299999957, -12.732508599999965 ], [ -38.511542099999929, -12.732673199999963 ], [ -38.511552599999959, -12.732845599999957 ], [ -38.511580199999969, -12.73311149999993 ], [ -38.511630599999926, -12.733257599999947 ], [ -38.51188169999994, -12.733446599999983 ], [ -38.511976299999951, -12.733653 ], [ -38.512042099999974, -12.733839 ], [ -38.512004899999965, -12.733995899999963 ], [ -38.511799399999973, -12.73440089999997 ], [ -38.511798199999937, -12.734401699999989 ], [ -38.510752099999927, -12.734497499999966 ], [ -38.510741299999957, -12.734661799999966 ], [ -38.510532, -12.734812199999965 ], [ -38.510565099999944, -12.7349996 ], [ -38.51081389999996, -12.734950399999958 ], [ -38.510877099999959, -12.735048599999972 ], [ -38.510967799999946, -12.735164899999978 ], [ -38.510996899999952, -12.735297 ], [ -38.510974, -12.735403899999937 ], [ -38.5109576, -12.735513799999971 ], [ -38.510929399999959, -12.735604499999962 ] ] ], [ [ [ -38.523788399999951, -12.730788399999941 ], [ -38.523752399999978, -12.731734299999983 ], [ -38.524110599999972, -12.732222899999964 ], [ -38.52500729999997, -12.732805699999963 ], [ -38.532350199999939, -12.733135599999956 ], [ -38.532315499999989, -12.733048699999907 ], [ -38.532278, -12.732963699999976 ], [ -38.532304799999963, -12.73287639999994 ], [ -38.532262799999955, -12.732765499999982 ], [ -38.532316099999946, -12.73268159999998 ], [ -38.532362699999972, -12.732531 ], [ -38.532346099999984, -12.73248329999995 ], [ -38.532278399999939, -12.732444199999977 ], [ -38.532295599999934, -12.732300499999942 ], [ -38.532214299999964, -12.731976799999922 ], [ -38.53211669999996, -12.731738099999978 ], [ -38.532194499999953, -12.73167029999995 ], [ -38.532061799999958, -12.731449899999976 ], [ -38.532004699999959, -12.731476899999949 ], [ -38.531879099999969, -12.731213499999955 ], [ -38.531790799999953, -12.73108579999996 ], [ -38.531775299999936, -12.730969699999964 ], [ -38.531839799999943, -12.730725599999976 ], [ -38.531929499999933, -12.730563499999947 ], [ -38.532047399999954, -12.73025579999995 ], [ -38.532133199999976, -12.730271699999962 ], [ -38.532275699999957, -12.729895 ], [ -38.532151, -12.729854899999975 ], [ -38.532163799999978, -12.729732499999956 ], [ -38.532161099999939, -12.72966639999993 ], [ -38.532101599999983, -12.729646499999953 ], [ -38.53211, -12.729579 ], [ -38.532023799999934, -12.729526399999937 ], [ -38.531989399999937, -12.729403699999981 ], [ -38.53191529999998, -12.729433599999952 ], [ -38.531880399999977, -12.729392399999945 ], [ -38.531866099999952, -12.72925969999995 ], [ -38.53178349999996, -12.729200299999958 ], [ -38.531712399999947, -12.729126799999955 ], [ -38.53164129999994, -12.729061699999924 ], [ -38.531579799999975, -12.729004299999932 ], [ -38.531542299999948, -12.728935899999957 ], [ -38.531441899999948, -12.72889269999996 ], [ -38.531408799999959, -12.728825599999929 ], [ -38.531344099999956, -12.72875239999996 ], [ -38.531246299999964, -12.7287416 ], [ -38.5312575, -12.728697199999932 ], [ -38.531370099999954, -12.728577799999909 ], [ -38.531291299999964, -12.728503 ], [ -38.531150499999974, -12.728524499999937 ], [ -38.531191, -12.728399199999956 ], [ -38.531238799999983, -12.728322699999985 ], [ -38.531131199999948, -12.728267199999957 ], [ -38.53098139999998, -12.728275499999938 ], [ -38.531041399999943, -12.728095199999938 ], [ -38.530992199999957, -12.728066399999939 ], [ -38.531064, -12.728001 ], [ -38.531096499999933, -12.727931099999974 ], [ -38.531023699999942, -12.72781129999993 ], [ -38.530869699999982, -12.72784069999995 ], [ -38.530503099999969, -12.727913 ], [ -38.530436799999968, -12.727915199999916 ], [ -38.530405499999972, -12.727841099999972 ], [ -38.530700699999954, -12.727719 ], [ -38.531030899999962, -12.727690199999927 ], [ -38.531120299999941, -12.727570499999965 ], [ -38.531086899999941, -12.727449499999985 ], [ -38.531005699999987, -12.727326099999976 ], [ -38.531008099999951, -12.727200299999954 ], [ -38.53096659999995, -12.727124599999966 ], [ -38.531014899999953, -12.726924 ], [ -38.530996399999935, -12.7268127 ], [ -38.530988499999985, -12.726725099999951 ], [ -38.530960099999959, -12.726673099999955 ], [ -38.530885299999966, -12.726711199999954 ], [ -38.530831399999954, -12.726626599999982 ], [ -38.530882499999962, -12.726521599999966 ], [ -38.530972199999951, -12.72641139999995 ], [ -38.530972399999932, -12.726353199999931 ], [ -38.530993699999961, -12.72626139999994 ], [ -38.53094109999995, -12.726169699999957 ], [ -38.531018899999943, -12.726112199999935 ], [ -38.53109829999994, -12.725996799999971 ], [ -38.531114699999932, -12.725878 ], [ -38.531093599999963, -12.72578529999994 ], [ -38.531007, -12.725734399999963 ], [ -38.531065399999939, -12.725628399999946 ], [ -38.531130199999957, -12.725548099999955 ], [ -38.531203899999987, -12.725467099999946 ], [ -38.531390299999948, -12.725482299999939 ], [ -38.531429, -12.725424399999955 ], [ -38.531468199999949, -12.725380299999916 ], [ -38.531557399999947, -12.725337599999929 ], [ -38.531600799999978, -12.725279299999949 ], [ -38.531672499999964, -12.725318 ], [ -38.531739, -12.725288499999975 ], [ -38.531782499999963, -12.725345799999955 ], [ -38.531853799999965, -12.725245099999951 ], [ -38.531922899999984, -12.725188899999976 ], [ -38.531937199999966, -12.724927 ], [ -38.532034899999985, -12.724745899999951 ], [ -38.532127199999927, -12.724643799999964 ], [ -38.531958299999985, -12.72463 ], [ -38.532041299999953, -12.724508599999982 ], [ -38.532033399999946, -12.724392599999925 ], [ -38.532055299999975, -12.7242985 ], [ -38.532086499999934, -12.724231899999939 ], [ -38.532133299999941, -12.724166499999958 ], [ -38.532191, -12.724148699999937 ], [ -38.53231819999997, -12.724123199999953 ], [ -38.532352199999934, -12.724074299999938 ], [ -38.53239659999997, -12.72405659999993 ], [ -38.532516699999981, -12.724055599999911 ], [ -38.532477799999988, -12.723980799999937 ], [ -38.532546599999932, -12.723927 ], [ -38.53252439999995, -12.723854499999966 ], [ -38.532530199999933, -12.723777599999961 ], [ -38.532601099999965, -12.723740899999932 ], [ -38.532631899999963, -12.723779099999941 ], [ -38.532737, -12.724057099999968 ], [ -38.53287179999996, -12.72403679999997 ], [ -38.532999399999937, -12.724024899999961 ], [ -38.533093799999968, -12.724016699999931 ], [ -38.533161399999976, -12.723963899999955 ], [ -38.533225899999927, -12.723929799999954 ], [ -38.533340099999982, -12.723894599999914 ], [ -38.533421299999929, -12.723876 ], [ -38.533526899999963, -12.723896 ], [ -38.533631, -12.723837099999979 ], [ -38.533731899999964, -12.72376019999996 ], [ -38.53379579999995, -12.723729699999968 ], [ -38.533885299999959, -12.723671899999941 ], [ -38.533994899999982, -12.723577599999922 ], [ -38.534048599999949, -12.723483199999984 ], [ -38.533984499999981, -12.723458599999963 ], [ -38.53393489999997, -12.723306799999929 ], [ -38.533949099999973, -12.723212399999966 ], [ -38.531052699999982, -12.722525399999952 ], [ -38.530436, -12.724271499999936 ], [ -38.530322, -12.724610699999978 ], [ -38.530324499999942, -12.724849599999976 ], [ -38.530174499999937, -12.725004099999964 ], [ -38.530134699999962, -12.725196799999917 ], [ -38.53006019999998, -12.725361199999943 ], [ -38.529979699999956, -12.725531599999961 ], [ -38.529918299999963, -12.726143099999929 ], [ -38.529477899999968, -12.726077099999952 ], [ -38.528618, -12.726102599999939 ], [ -38.527870699999937, -12.7261953 ], [ -38.5260062, -12.725360399999937 ], [ -38.52580839999996, -12.725532899999962 ], [ -38.524939699999941, -12.725101 ], [ -38.524175099999979, -12.726588499999933 ], [ -38.523830499999974, -12.728921399999937 ], [ -38.523843199999931, -12.730008 ], [ -38.523788399999951, -12.730788399999941 ] ] ], [ [ [ -38.519617199999963, -12.7249553 ], [ -38.525733599999967, -12.723856099999988 ], [ -38.525851799999941, -12.723758599999949 ], [ -38.525871199999976, -12.723673099999937 ], [ -38.525850199999979, -12.723534 ], [ -38.525602099999965, -12.722962899999949 ], [ -38.525524799999978, -12.722608899999958 ], [ -38.525461199999945, -12.722555299999955 ], [ -38.525405299999932, -12.722518499999975 ], [ -38.524974199999974, -12.722601099999956 ], [ -38.524757099999924, -12.722270799999931 ], [ -38.524508799999985, -12.722012299999971 ], [ -38.52438269999994, -12.721903899999976 ], [ -38.524016499999959, -12.721947 ], [ -38.523717099999942, -12.721889499999975 ], [ -38.523487499999931, -12.721790199999917 ], [ -38.523198, -12.72160629999996 ], [ -38.523053399999988, -12.721441399999946 ], [ -38.522989699999982, -12.721295299999953 ], [ -38.523009899999977, -12.72096649999998 ], [ -38.523015599999958, -12.717652 ], [ -38.522912499999961, -12.714825499999964 ], [ -38.522879099999955, -12.712632399999952 ], [ -38.521596799999941, -12.713500599999975 ], [ -38.521470499999964, -12.713582599999926 ], [ -38.521336099999985, -12.713671299999936 ], [ -38.521297599999968, -12.71372089999995 ], [ -38.521167, -12.713825 ], [ -38.520791299999985, -12.71391889999996 ], [ -38.520402799999943, -12.714123799999989 ], [ -38.520210699999957, -12.714217799999968 ], [ -38.518276599999986, -12.723375599999944 ], [ -38.518174199999969, -12.724007499999974 ], [ -38.518678, -12.725015099999954 ], [ -38.519617199999963, -12.7249553 ] ] ], [ [ [ -38.452903, -12.714980899999951 ], [ -38.453007299999967, -12.71481679999993 ], [ -38.453155399999957, -12.714579399999939 ], [ -38.453408, -12.714208799999934 ], [ -38.453722899999953, -12.713789699999957 ], [ -38.454219599999931, -12.713233499999946 ], [ -38.454406, -12.713037299999943 ], [ -38.454567599999969, -12.712895599999978 ], [ -38.4547755, -12.712711399999938 ], [ -38.454986399999939, -12.712534 ], [ -38.455064299999947, -12.712483799999974 ], [ -38.455253199999959, -12.712341699999957 ], [ -38.455391899999938, -12.712256499999963 ], [ -38.45567079999995, -12.712072599999953 ], [ -38.455617699999955, -12.711992 ], [ -38.455513599999954, -12.7118341 ], [ -38.45530179999998, -12.711512899999944 ], [ -38.455209099999934, -12.71151069999997 ], [ -38.455099799999978, -12.711456399999964 ], [ -38.455008899999939, -12.711429099999974 ], [ -38.454962899999941, -12.711363899999975 ], [ -38.454904399999975, -12.711298599999969 ], [ -38.454805699999952, -12.711241 ], [ -38.454698699999938, -12.711196199999959 ], [ -38.454594799999946, -12.7111475 ], [ -38.4545232, -12.71110649999998 ], [ -38.454468899999931, -12.711073 ], [ -38.454374, -12.711044399999942 ], [ -38.454301499999922, -12.711052799999941 ], [ -38.454227599999982, -12.711060099999925 ], [ -38.454161399999968, -12.711055799999947 ], [ -38.454037499999984, -12.711104 ], [ -38.453974199999948, -12.711136899999923 ], [ -38.453826199999988, -12.711125799999927 ], [ -38.453692799999942, -12.711105 ], [ -38.453493199999976, -12.711039899999964 ], [ -38.453255199999951, -12.710922499999986 ], [ -38.453023399999957, -12.710838699999952 ], [ -38.452853399999974, -12.710720199999969 ], [ -38.452707399999959, -12.71073639999997 ], [ -38.452528099999945, -12.710659 ], [ -38.452223699999934, -12.710688899999967 ], [ -38.452093, -12.710596799999955 ], [ -38.451934, -12.71057129999998 ], [ -38.451794599999971, -12.710463799999969 ], [ -38.45162, -12.710210099999916 ], [ -38.451240899999966, -12.710419499999942 ], [ -38.450724899999955, -12.710591699999936 ], [ -38.450273099999947, -12.710699 ], [ -38.449697199999946, -12.710745599999937 ], [ -38.449039599999942, -12.710691 ], [ -38.448423499999933, -12.710516499999914 ], [ -38.447957299999985, -12.710339199999966 ], [ -38.447251399999978, -12.713310199999961 ], [ -38.447041299999974, -12.714368299999943 ], [ -38.44957339999997, -12.71637389999996 ], [ -38.450421699999943, -12.716997299999951 ], [ -38.45203539999995, -12.717456699999964 ], [ -38.45231519999993, -12.716474299999939 ], [ -38.452583899999979, -12.715707799999954 ], [ -38.45271, -12.715413 ], [ -38.452903, -12.714980899999951 ] ] ], [ [ [ -38.479073, -12.703624 ], [ -38.479849399999978, -12.70446519999998 ], [ -38.480226599999973, -12.703890099999974 ], [ -38.480552299999935, -12.703356099999956 ], [ -38.481298299999935, -12.703181799999978 ], [ -38.481627899999985, -12.702719399999957 ], [ -38.481781499999961, -12.70263719999997 ], [ -38.481836199999975, -12.702080699999948 ], [ -38.481873199999946, -12.701813699999951 ], [ -38.481929799999925, -12.701092899999919 ], [ -38.481916399999932, -12.700094699999969 ], [ -38.481892499999965, -12.699763099999913 ], [ -38.481825199999946, -12.699400099999945 ], [ -38.481672299999964, -12.698896599999955 ], [ -38.483217399999951, -12.698108399999976 ], [ -38.484330799999952, -12.697395199999967 ], [ -38.484032799999966, -12.696956599999945 ], [ -38.483218499999964, -12.695708599999945 ], [ -38.483065599999975, -12.695510499999969 ], [ -38.482812799999977, -12.695502299999943 ], [ -38.482715299999946, -12.695349599999918 ], [ -38.482843199999934, -12.695282 ], [ -38.481679299999939, -12.693547799999964 ], [ -38.480981599999957, -12.692498699999916 ], [ -38.480011499999939, -12.691071299999981 ], [ -38.479902, -12.691104599999955 ], [ -38.479256499999956, -12.691592799999979 ], [ -38.478308699999957, -12.692238 ], [ -38.476353199999949, -12.693500499999979 ], [ -38.474907599999938, -12.694486099999956 ], [ -38.474192399999936, -12.694963099999942 ], [ -38.473183599999977, -12.695649499999941 ], [ -38.470115599999929, -12.697705 ], [ -38.470159499999966, -12.697909699999983 ], [ -38.46921459999993, -12.69954619999994 ], [ -38.468872899999958, -12.700098799999985 ], [ -38.469432199999972, -12.7 ], [ -38.469630399999978, -12.699967399999935 ], [ -38.469898499999942, -12.699958899999945 ], [ -38.470288, -12.699956699999957 ], [ -38.470650399999954, -12.699980199999985 ], [ -38.470908299999969, -12.700016899999975 ], [ -38.471126699999964, -12.700060699999948 ], [ -38.47131509999997, -12.700101699999941 ], [ -38.471594499999981, -12.700205199999958 ], [ -38.471885, -12.700330699999935 ], [ -38.472197, -12.700451799999948 ], [ -38.472942099999948, -12.700759599999969 ], [ -38.473948599999972, -12.70116929999994 ], [ -38.474324, -12.701313699999966 ], [ -38.475124099999967, -12.701643199999966 ], [ -38.47585, -12.701928799999955 ], [ -38.476383799999951, -12.7021387 ], [ -38.477078799999965, -12.702411899999944 ], [ -38.477825, -12.702740599999968 ], [ -38.478401499999961, -12.703107599999933 ], [ -38.479073, -12.703624 ] ] ], [ [ [ -38.543454899999972, -12.694428899999922 ], [ -38.544555, -12.694409199999926 ], [ -38.546712399999933, -12.69437629999994 ], [ -38.549798199999941, -12.694259899999976 ], [ -38.551051299999983, -12.694217399999957 ], [ -38.55383409999996, -12.694122799999958 ], [ -38.557305, -12.694033299999941 ], [ -38.557798299999952, -12.694049799999958 ], [ -38.558398799999964, -12.694069799999964 ], [ -38.558223799999958, -12.693796699999957 ], [ -38.558121899999946, -12.6935597 ], [ -38.558151699999939, -12.69325109999995 ], [ -38.558407899999963, -12.693072099999945 ], [ -38.558685899999951, -12.692929 ], [ -38.558832299999949, -12.692792899999963 ], [ -38.558832799999955, -12.692505799999942 ], [ -38.558730899999937, -12.692254399999959 ], [ -38.558512, -12.692038699999946 ], [ -38.558190699999962, -12.691815599999941 ], [ -38.557979, -12.691635799999952 ], [ -38.557869799999949, -12.69136289999993 ], [ -38.557811799999975, -12.691090099999924 ], [ -38.55778319999996, -12.690731099999947 ], [ -38.55785659999998, -12.690537499999962 ], [ -38.558054499999969, -12.690265 ], [ -38.558296, -12.690100399999951 ], [ -38.558576499999951, -12.689964399999941 ], [ -38.558917899999976, -12.689821499999958 ], [ -38.559249499999964, -12.689678499999932 ], [ -38.559571399999982, -12.689535399999954 ], [ -38.559854499999965, -12.689296699999941 ], [ -38.559926099999984, -12.689023099999938 ], [ -38.559912, -12.688721599999948 ], [ -38.559737399999975, -12.688261899999928 ], [ -38.55956249999997, -12.687931499999936 ], [ -38.559317099999937, -12.68745379999995 ], [ -38.55933349999998, -12.687020699999939 ], [ -38.559305499999944, -12.686753 ], [ -38.559112399999947, -12.686568199999961 ], [ -38.558818, -12.686338899999944 ], [ -38.558629799999949, -12.686020299999935 ], [ -38.558318899999968, -12.685757599999937 ], [ -38.558036699999938, -12.685480399999975 ], [ -38.557934099999954, -12.68516009999996 ], [ -38.557815799999958, -12.684839799999954 ], [ -38.557691699999957, -12.684726499999947 ], [ -38.557683699999977, -12.684533899999959 ], [ -38.557595, -12.684198299999927 ], [ -38.557461099999955, -12.68386349999996 ], [ -38.557195599999943, -12.683498599999952 ], [ -38.557181199999953, -12.683266199999917 ], [ -38.557136399999926, -12.683076199999965 ], [ -38.55681, -12.682799899999965 ], [ -38.556735599999968, -12.682668599999927 ], [ -38.556722, -12.682507699999981 ], [ -38.556857199999968, -12.682085599999919 ], [ -38.556858, -12.681662399999938 ], [ -38.556754299999973, -12.681458799999955 ], [ -38.556579099999965, -12.681049699999972 ], [ -38.556579599999964, -12.680728699999966 ], [ -38.556638899999939, -12.68051 ], [ -38.556859699999961, -12.680113399999977 ], [ -38.557039, -12.679792699999938 ], [ -38.557074099999959, -12.679708599999964 ], [ -38.557044399999938, -12.679318799999979 ], [ -38.557074099999959, -12.679172399999983 ], [ -38.557087499999966, -12.679141699999926 ], [ -38.557100899999973, -12.67911089999995 ], [ -38.557157199999949, -12.679045899999938 ], [ -38.557387799999965, -12.678861799999947 ], [ -38.557462799999932, -12.678627799999942 ], [ -38.557509499999981, -12.678248 ], [ -38.557421699999963, -12.67788349999995 ], [ -38.557421699999971, -12.677869 ], [ -38.557510599999944, -12.677619599999952 ], [ -38.557749399999977, -12.677415599999952 ], [ -38.558002899999963, -12.677314699999949 ], [ -38.558330099999978, -12.677153399999964 ], [ -38.558584799999949, -12.676832799999939 ], [ -38.558599799999968, -12.676700799999924 ], [ -38.558513299999959, -12.676116499999981 ], [ -38.558538899999974, -12.675687899999968 ], [ -38.558472899999977, -12.675486199999961 ], [ -38.558366499999984, -12.67526169999997 ], [ -38.558081399999942, -12.675037899999937 ], [ -38.557929, -12.674893599999974 ], [ -38.557697099999984, -12.674673799999937 ], [ -38.557388199999934, -12.674363099999944 ], [ -38.557343299999964, -12.674225599999936 ], [ -38.557225099999982, -12.673873599999972 ], [ -38.557107099999939, -12.673405899999977 ], [ -38.557109799999985, -12.672923 ], [ -38.557006799999954, -12.672262699999971 ], [ -38.556873, -12.671925199999974 ], [ -38.556622199999943, -12.671529599999916 ], [ -38.556250699999971, -12.671220699999925 ], [ -38.555910499999989, -12.670927099999961 ], [ -38.555717599999987, -12.670632899999928 ], [ -38.555525899999964, -12.670178599999906 ], [ -38.555406699999942, -12.669870099999967 ], [ -38.555211199999981, -12.669510699999917 ], [ -38.554929, -12.669162099999935 ], [ -38.554655899999943, -12.668972699999923 ], [ -38.554500299999972, -12.668916399999953 ], [ -38.554000599999945, -12.668698499999934 ], [ -38.553509499999969, -12.668325099999953 ], [ -38.553207699999973, -12.668198899999929 ], [ -38.552602899999954, -12.668027899999968 ], [ -38.552080899999964, -12.667923 ], [ -38.551875699999989, -12.667862099999967 ], [ -38.551724899999954, -12.667701799999984 ], [ -38.551644, -12.667605799999945 ], [ -38.551623199999945, -12.667409499999952 ], [ -38.551594099999939, -12.667186099999974 ], [ -38.551573099999978, -12.667085699999987 ], [ -38.551544, -12.66690119999992 ], [ -38.551379399999973, -12.666758899999941 ], [ -38.551194599999967, -12.666545199999979 ], [ -38.551184799999938, -12.666377 ], [ -38.551210199999964, -12.66605969999995 ], [ -38.551226099999951, -12.665943 ], [ -38.551138, -12.665737599999941 ], [ -38.550929, -12.66573729999992 ], [ -38.550779699999964, -12.66582379999994 ], [ -38.550631299999964, -12.665882299999957 ], [ -38.550542, -12.665852399999952 ], [ -38.550482199999976, -12.66579439999998 ], [ -38.550468699999946, -12.665618 ], [ -38.550528899999954, -12.665441799999931 ], [ -38.550649299999975, -12.665063099999957 ], [ -38.550708399999962, -12.664461899999933 ], [ -38.550710099999947, -12.663993499999952 ], [ -38.550786399999936, -12.6635396 ], [ -38.550920499999954, -12.663203499999939 ], [ -38.55092, -12.662970199999972 ], [ -38.550831899999935, -12.662808199999976 ], [ -38.55052, -12.662660199999948 ], [ -38.550297399999984, -12.662514299999939 ], [ -38.550238699999973, -12.662337799999927 ], [ -38.550267799999972, -12.662031299999969 ], [ -38.550372399999958, -12.66173849999995 ], [ -38.550418, -12.661475499999941 ], [ -38.550405, -12.660994399999948 ], [ -38.550360499999954, -12.660657 ], [ -38.550554499999976, -12.660277499999964 ], [ -38.550621799999938, -12.659832099999955 ], [ -38.550644, -12.659685299999982 ], [ -38.550644899999952, -12.659679099999943 ], [ -38.550867199999971, -12.65896319999997 ], [ -38.550866899999967, -12.658569 ], [ -38.550880299999953, -12.658321199999927 ], [ -38.550999399999966, -12.658117099999959 ], [ -38.551178199999988, -12.658016099999948 ], [ -38.551430599999946, -12.657986699999967 ], [ -38.551637799999973, -12.657987899999952 ], [ -38.552070599999986, -12.658032099999955 ], [ -38.55230819999997, -12.658018 ], [ -38.552440099999956, -12.657888 ], [ -38.552589799999971, -12.657597099999958 ], [ -38.552604099999947, -12.6572897 ], [ -38.552632299999978, -12.656953299999937 ], [ -38.552781399999958, -12.656501399999977 ], [ -38.55307659999994, -12.655656399999947 ], [ -38.553193699999959, -12.655043499999978 ], [ -38.553296199999977, -12.65437269999995 ], [ -38.553354199999944, -12.653833899999954 ], [ -38.553473, -12.653293299999984 ], [ -38.553576599999985, -12.653017699999953 ], [ -38.553798, -12.652813699999978 ], [ -38.554020899999962, -12.652771599999936 ], [ -38.554052299999981, -12.652770499999958 ], [ -38.554437199999938, -12.65275779999997 ], [ -38.554808399999956, -12.652714099999971 ], [ -38.555403399999939, -12.652629199999989 ], [ -38.555907199999979, -12.652586599999957 ], [ -38.556545599999943, -12.652442099999972 ], [ -38.556822899999929, -12.652360299999952 ], [ -38.55730449999993, -12.652361099999947 ], [ -38.557569699999931, -12.652386799999933 ], [ -38.558031299999982, -12.652247399999974 ], [ -38.551381, -12.645929099999943 ], [ -38.541951699999977, -12.640604499999922 ], [ -38.541930899999947, -12.64059269999996 ], [ -38.541574299999986, -12.640391399999928 ], [ -38.540845299999944, -12.639979699999964 ], [ -38.540886099999959, -12.63991939999992 ], [ -38.54094079999993, -12.639852499999964 ], [ -38.541001299999948, -12.639808499999962 ], [ -38.541061799999959, -12.639758899999954 ], [ -38.541128199999946, -12.639693899999937 ], [ -38.541190699999959, -12.639638499999938 ], [ -38.541255099999944, -12.639577399999936 ], [ -38.541315599999962, -12.639512399999942 ], [ -38.541405399999967, -12.639437899999971 ], [ -38.541460099999938, -12.639399699999961 ], [ -38.541532199999949, -12.639355799999969 ], [ -38.54162, -12.639304299999937 ], [ -38.541725399999962, -12.639241299999972 ], [ -38.541834599999966, -12.639189799999944 ], [ -38.541924399999971, -12.639144099999948 ], [ -38.542018, -12.639094399999989 ], [ -38.54208049999994, -12.639063899999954 ], [ -38.542082499999935, -12.639021799999959 ], [ -38.542051399999941, -12.638968199999967 ], [ -38.542028699999946, -12.638908899999915 ], [ -38.542014299999948, -12.638772499999959 ], [ -38.542017, -12.638669599999957 ], [ -38.54203, -12.638561499999973 ], [ -38.54204169999997, -12.638534699999987 ], [ -38.542047699999955, -12.638500299999988 ], [ -38.542057499999942, -12.638463699999914 ], [ -38.542060399999976, -12.638432099999937 ], [ -38.542073199999955, -12.638408199999958 ], [ -38.542091699999958, -12.638386199999951 ], [ -38.542100599999962, -12.638339299999942 ], [ -38.542094799999973, -12.638309699999988 ], [ -38.542090899999941, -12.63828 ], [ -38.542077399999989, -12.638238799999963 ], [ -38.542076499999951, -12.638192899999984 ], [ -38.542077499999948, -12.63816029999998 ], [ -38.542083399999967, -12.638128799999947 ], [ -38.542084399999972, -12.638084699999975 ], [ -38.542092299999979, -12.638039799999952 ], [ -38.542112899999957, -12.638005399999951 ], [ -38.542136299999974, -12.637982399999959 ], [ -38.542143099999983, -12.637957599999929 ], [ -38.542139299999974, -12.637926899999972 ], [ -38.542110099999945, -12.637902899999967 ], [ -38.542085799999946, -12.637888599999943 ], [ -38.542065299999933, -12.637876099999961 ], [ -38.542064399999958, -12.637851199999954 ], [ -38.542074199999938, -12.637822499999979 ], [ -38.542083, -12.637799499999971 ], [ -38.542081199999984, -12.637747899999956 ], [ -38.542073399999936, -12.6377 ], [ -38.542069599999934, -12.63766549999997 ], [ -38.542061899999972, -12.637629199999932 ], [ -38.542035599999963, -12.63759939999993 ], [ -38.542001499999969, -12.637579299999958 ], [ -38.541971399999966, -12.637565799999946 ], [ -38.541948, -12.63755339999995 ], [ -38.541939299999981, -12.637528499999954 ], [ -38.54193539999995, -12.637499699999974 ], [ -38.54192379999995, -12.637464299999982 ], [ -38.541917299999959, -12.637432 ], [ -38.541906399999959, -12.637390099999946 ], [ -38.54188819999996, -12.637347 ], [ -38.541867499999974, -12.637326599999923 ], [ -38.541852899999981, -12.637302699999973 ], [ -38.541835899999967, -12.637265599999969 ], [ -38.541817699999974, -12.637246399999968 ], [ -38.541787299999953, -12.637222399999912 ], [ -38.541764199999932, -12.637210399999947 ], [ -38.541738599999981, -12.637192399999954 ], [ -38.541710599999931, -12.637168499999976 ], [ -38.54169, -12.637140899999961 ], [ -38.541673, -12.63710979999995 ], [ -38.541663299999982, -12.637075099999944 ], [ -38.54165, -12.637034399999955 ], [ -38.541639099999941, -12.636996099999971 ], [ -38.541644, -12.636959 ], [ -38.541656299999943, -12.636911199999936 ], [ -38.541668499999965, -12.636870499999928 ], [ -38.541675899999973, -12.636827499999983 ], [ -38.541682099999953, -12.63679159999997 ], [ -38.541683399999961, -12.636754499999938 ], [ -38.541681199999971, -12.636707599999978 ], [ -38.541666499999955, -12.636664799999949 ], [ -38.541647, -12.636640799999954 ], [ -38.541626399999984, -12.63660969999995 ], [ -38.541594699999969, -12.636580899999938 ], [ -38.54157529999997, -12.636556899999958 ], [ -38.541558299999963, -12.636535399999957 ], [ -38.541542499999935, -12.636510199999961 ], [ -38.541529099999941, -12.636483899999961 ], [ -38.541509699999942, -12.636453899999943 ], [ -38.541498799999943, -12.636426399999936 ], [ -38.541490299999964, -12.636394099999961 ], [ -38.541478199999979, -12.636354599999951 ], [ -38.54146, -12.636325899999978 ], [ -38.541436899999951, -12.636298299999961 ], [ -38.541415, -12.636269599999931 ], [ -38.541395599999937, -12.636251599999976 ], [ -38.541378499999951, -12.63623 ], [ -38.541366399999959, -12.636196499999912 ], [ -38.541347, -12.636166599999965 ], [ -38.541314099999965, -12.636140199999938 ], [ -38.541286199999945, -12.636116199999945 ], [ -38.541252099999959, -12.636091 ], [ -38.541221699999937, -12.636065899999943 ], [ -38.541199799999958, -12.636033499999954 ], [ -38.541191399999946, -12.635984499999941 ], [ -38.541167099999946, -12.635965299999938 ], [ -38.541135399999973, -12.635949699999969 ], [ -38.541103799999973, -12.635926899999957 ], [ -38.541077, -12.635893299999953 ], [ -38.541055199999967, -12.635861 ], [ -38.541026, -12.635835799999956 ], [ -38.540996799999959, -12.635818699999959 ], [ -38.540976099999966, -12.635784299999949 ], [ -38.540951799999974, -12.635760299999973 ], [ -38.540922599999924, -12.635736399999933 ], [ -38.540916599999946, -12.635712399999951 ], [ -38.54091539999996, -12.635681299999924 ], [ -38.540909399999983, -12.635639399999938 ], [ -38.540898499999983, -12.635608299999932 ], [ -38.540879, -12.635580799999955 ], [ -38.540852299999983, -12.635556799999961 ], [ -38.540826699999968, -12.635537599999967 ], [ -38.540801199999976, -12.635520799999947 ], [ -38.540772, -12.635498 ], [ -38.540741599999933, -12.635440599999978 ], [ -38.540714899999948, -12.635381899999986 ], [ -38.540704099999971, -12.635326899999933 ], [ -38.540682299999965, -12.63526309999998 ], [ -38.54065669999995, -12.635238299999964 ], [ -38.540621, -12.635234699999966 ], [ -38.540583699999956, -12.635227399999948 ], [ -38.540548399999977, -12.635201 ], [ -38.540509399999962, -12.635175799999946 ], [ -38.540476599999984, -12.635165 ], [ -38.540448599999934, -12.635153 ], [ -38.540438899999977, -12.635136199999982 ], [ -38.54045229999997, -12.635103899999931 ], [ -38.540481599999971, -12.63507169999996 ], [ -38.540449699999954, -12.634993299999955 ], [ -38.540357799999988, -12.634849 ], [ -38.540328699999982, -12.634746 ], [ -38.540311899999942, -12.634621599999946 ], [ -38.54028779999993, -12.634463599999957 ], [ -38.540278599999972, -12.634361199999924 ], [ -38.540265599999948, -12.634288499999972 ], [ -38.5402572, -12.634240699999966 ], [ -38.540255699999925, -12.634211499999937 ], [ -38.540246699999962, -12.634195899999966 ], [ -38.540238, -12.63418369999993 ], [ -38.54023, -12.634166499999944 ], [ -38.5402256, -12.634145699999964 ], [ -38.540218299999943, -12.634129099999937 ], [ -38.540215499999945, -12.634111899999922 ], [ -38.540211099999965, -12.634092499999971 ], [ -38.540206699999949, -12.634080299999932 ], [ -38.540201599999939, -12.63406589999995 ], [ -38.540195799999935, -12.634055899999964 ], [ -38.540192199999971, -12.634046599999959 ], [ -38.540187099999969, -12.634027899999987 ], [ -38.540186399999989, -12.634012099999946 ], [ -38.5401864, -12.633994899999941 ], [ -38.540190099999961, -12.633982 ], [ -38.540196, -12.633964699999989 ], [ -38.54019889999995, -12.633955399999923 ], [ -38.54020479999997, -12.63394319999996 ], [ -38.540206299999966, -12.633920299999955 ], [ -38.540204899999942, -12.633905199999965 ], [ -38.540194699999972, -12.633881499999971 ], [ -38.540191799999945, -12.633867099999968 ], [ -38.540187399999979, -12.633852699999981 ], [ -38.540180799999973, -12.633841299999968 ], [ -38.540164499999953, -12.633849799999931 ], [ -38.540141899999988, -12.633852 ], [ -38.540116299999966, -12.633851899999961 ], [ -38.540095099999974, -12.633851199999976 ], [ -38.540072399999929, -12.633846799999954 ], [ -38.540053399999977, -12.633840299999957 ], [ -38.5400418, -12.633827399999971 ], [ -38.540022, -12.633820199999935 ], [ -38.540006, -12.633813699999955 ], [ -38.539990599999953, -12.6338072 ], [ -38.539978199999958, -12.63379929999997 ], [ -38.539959199999942, -12.633789199999962 ], [ -38.539946799999939, -12.633780599999969 ], [ -38.539939499999946, -12.633770499999962 ], [ -38.539933699999949, -12.633759699999921 ], [ -38.539927899999967, -12.633745399999947 ], [ -38.539917, -12.633733799999963 ], [ -38.539903099999954, -12.633726599999925 ], [ -38.539887, -12.63371439999997 ], [ -38.539869499999959, -12.633715799999935 ], [ -38.539854099999957, -12.633708599999975 ], [ -38.539847599999973, -12.633697799999943 ], [ -38.53984029999998, -12.633677699999954 ], [ -38.539834499999984, -12.633656899999941 ], [ -38.539814799999938, -12.63363959999997 ], [ -38.539790699999976, -12.633630299999933 ], [ -38.539768799999926, -12.633628099999948 ], [ -38.539754899999934, -12.63362379999996 ], [ -38.539744199999966, -12.633614199999961 ], [ -38.539733299999966, -12.633599799999947 ], [ -38.539722299999944, -12.633593799999973 ], [ -38.539701599999944, -12.633581799999945 ], [ -38.53967849999998, -12.633565 ], [ -38.539657799999929, -12.633551799999967 ], [ -38.539642, -12.633544599999937 ], [ -38.539623699999936, -12.633535 ], [ -38.539600599999979, -12.633523 ], [ -38.539581199999937, -12.633505 ], [ -38.53956409999995, -12.633490599999954 ], [ -38.539542199999978, -12.633473899999945 ], [ -38.539527799999981, -12.633464099999975 ], [ -38.539509599999974, -12.633441099999969 ], [ -38.539487399999985, -12.633429599999946 ], [ -38.539468899999981, -12.633428599999931 ], [ -38.539456799999975, -12.63331529999995 ], [ -38.539455399999959, -12.633265799999931 ], [ -38.539445399999977, -12.633153099999955 ], [ -38.539434699999966, -12.632993 ], [ -38.53942109999997, -12.632868099999955 ], [ -38.539403799999945, -12.632730199999971 ], [ -38.539386499999985, -12.632572299999918 ], [ -38.539367899999952, -12.632379199999946 ], [ -38.539351299999971, -12.632217 ], [ -38.539335499999936, -12.632088399999935 ], [ -38.539313199999981, -12.631911799999948 ], [ -38.539297399999953, -12.6317395 ], [ -38.539274399999968, -12.631515599999938 ], [ -38.539250699999975, -12.631303099999952 ], [ -38.539231299999983, -12.631076199999951 ], [ -38.539219899999978, -12.630919 ], [ -38.539204199999972, -12.630723699999979 ], [ -38.539196299999958, -12.630653399999987 ], [ -38.539189799999974, -12.630598799999964 ], [ -38.53918989999994, -12.630523499999965 ], [ -38.539182799999935, -12.630428699999971 ], [ -38.539177099999961, -12.630318899999962 ], [ -38.539171399999937, -12.630234199999961 ], [ -38.539165, -12.630165299999915 ], [ -38.539156399999968, -12.630072599999952 ], [ -38.539144099999938, -12.629976399999988 ], [ -38.539122099999929, -12.629879099999924 ], [ -38.539109499999945, -12.62980769999996 ], [ -38.539096199999967, -12.629737 ], [ -38.539086599999962, -12.629680799999955 ], [ -38.539075699999962, -12.629634099999974 ], [ -38.539062399999985, -12.629575499999934 ], [ -38.539056399999929, -12.62953 ], [ -38.539045599999952, -12.629449899999944 ], [ -38.539035899999938, -12.62937449999991 ], [ -38.539022699999983, -12.629288299999919 ], [ -38.539013199999943, -12.629166299999937 ], [ -38.539001199999973, -12.629035899999964 ], [ -38.538989299999976, -12.628903099999942 ], [ -38.53897859999995, -12.628749899999946 ], [ -38.538969, -12.628639799999979 ], [ -38.538960699999961, -12.628566899999965 ], [ -38.538955899999962, -12.628495099999968 ], [ -38.53895, -12.628419699999924 ], [ -38.538944, -12.628365899999951 ], [ -38.538941299999983, -12.628314899999962 ], [ -38.547862099999982, -12.62680109999995 ], [ -38.548531299999979, -12.626949 ], [ -38.548556499999975, -12.626954499999959 ], [ -38.560733299999981, -12.630233299999951 ], [ -38.560859299999947, -12.630144799999929 ], [ -38.560971099999961, -12.630081799999983 ], [ -38.561006799999973, -12.629989 ], [ -38.561004399999945, -12.629889 ], [ -38.561014699999937, -12.629707 ], [ -38.560214699999968, -12.62898289999994 ], [ -38.560176799999958, -12.628786699999983 ], [ -38.560094499999934, -12.628476499999982 ], [ -38.559974199999942, -12.628293 ], [ -38.559657699999946, -12.628134699999979 ], [ -38.559157699999965, -12.628020799999927 ], [ -38.558651299999958, -12.627672699999938 ], [ -38.557944199999945, -12.626896599999974 ], [ -38.557671, -12.626629799999938 ], [ -38.557498199999941, -12.626411599999923 ], [ -38.55740279999997, -12.626238899999954 ], [ -38.557334599999933, -12.626057099999985 ], [ -38.557316399999934, -12.625834299999934 ], [ -38.557284599999939, -12.625693399999935 ], [ -38.557243699999958, -12.625529799999985 ], [ -38.557207299999959, -12.625407 ], [ -38.557193699999971, -12.625275199999964 ], [ -38.557178699999952, -12.625071899999968 ], [ -38.557099499999936, -12.624777899999957 ], [ -38.556933299999969, -12.62437129999995 ], [ -38.556825899999978, -12.624059399999949 ], [ -38.55665579999993, -12.623506599999917 ], [ -38.556176899999969, -12.622772 ], [ -38.555842899999966, -12.622190099999937 ], [ -38.555753, -12.621037199999941 ], [ -38.555748699999988, -12.620599899999954 ], [ -38.555624299999977, -12.620248199999944 ], [ -38.555088299999973, -12.619570699999942 ], [ -38.554676699999966, -12.619171899999966 ], [ -38.554157799999977, -12.618721699999977 ], [ -38.553578899999934, -12.618331499999945 ], [ -38.552867099999965, -12.618009899999961 ], [ -38.552043799999979, -12.617825499999986 ], [ -38.551345099999928, -12.617647099999942 ], [ -38.550491299999983, -12.617456499999935 ], [ -38.549801399999971, -12.617158799999988 ], [ -38.549015399999981, -12.616088099999937 ], [ -38.548378399999926, -12.61524789999994 ], [ -38.547836299999972, -12.61490909999997 ], [ -38.547483899999968, -12.614502499999958 ], [ -38.546454, -12.613852 ], [ -38.546108, -12.613845599999928 ], [ -38.545894499999967, -12.613777 ], [ -38.545703899999978, -12.613601699999938 ], [ -38.545437099999965, -12.613616899999963 ], [ -38.545002599999975, -12.613738899999939 ], [ -38.544552799999963, -12.613845599999932 ], [ -38.54411829999998, -12.613746499999957 ], [ -38.543127299999981, -12.613723699999975 ], [ -38.542921499999984, -12.613838 ], [ -38.541252, -12.613525499999971 ], [ -38.54085079999993, -12.613335799999961 ], [ -38.539713099999979, -12.613118599999954 ], [ -38.539278899999942, -12.612972799999966 ], [ -38.538780799999977, -12.612657699999954 ], [ -38.538140499999948, -12.612352799999941 ], [ -38.537408599999935, -12.611600599999964 ], [ -38.537169799999965, -12.61138719999996 ], [ -38.536930899999959, -12.611173699999938 ], [ -38.536534499999952, -12.611133 ], [ -38.536688499999968, -12.611561299999941 ], [ -38.537008499999956, -12.612273199999942 ], [ -38.536938899999946, -12.612691299999952 ], [ -38.536896499999955, -12.613071699999983 ], [ -38.536906799999933, -12.61347219999994 ], [ -38.536927099999957, -12.61403249999996 ], [ -38.537290699999971, -12.617973299999962 ], [ -38.533733099999942, -12.618863699999956 ], [ -38.530348699999934, -12.619581399999969 ], [ -38.525811799999929, -12.61970789999997 ], [ -38.525500699999952, -12.622024099999985 ], [ -38.52587989999995, -12.625089399999974 ], [ -38.52580039999998, -12.626259699999936 ], [ -38.525572699999941, -12.628111899999974 ], [ -38.52553249999994, -12.629224899999921 ], [ -38.525564599999946, -12.629967499999958 ], [ -38.52538629999998, -12.632034499999989 ], [ -38.525472099999952, -12.632993899999976 ], [ -38.52543529999997, -12.634441699999968 ], [ -38.525557299999946, -12.636073299999969 ], [ -38.525574499999955, -12.636528799999946 ], [ -38.525661, -12.637564899999962 ], [ -38.525694499999929, -12.63830349999995 ], [ -38.525611799999979, -12.638853199999961 ], [ -38.525997799999971, -12.638935299999964 ], [ -38.52590749999996, -12.640017399999971 ], [ -38.525829299999941, -12.641356599999936 ], [ -38.52575, -12.642281399999952 ], [ -38.525660799999969, -12.643561899999948 ], [ -38.525612299999977, -12.645018499999939 ], [ -38.525419399999976, -12.652435799999969 ], [ -38.525322399999936, -12.652542799999937 ], [ -38.525198499999938, -12.652614799999984 ], [ -38.52515949999998, -12.652687899999938 ], [ -38.525115, -12.65279419999996 ], [ -38.52513279999993, -12.652908499999961 ], [ -38.525154699999973, -12.653005099999966 ], [ -38.525111099999947, -12.653030699999929 ], [ -38.525036499999935, -12.65314639999997 ], [ -38.525003, -12.653211099999956 ], [ -38.525078299999961, -12.653297499999931 ], [ -38.525046, -12.653388699999942 ], [ -38.525069399999957, -12.653472099999949 ], [ -38.525090399999947, -12.65356829999995 ], [ -38.525024499999979, -12.653655399999936 ], [ -38.524989499999954, -12.65372819999992 ], [ -38.524852799999962, -12.653780899999974 ], [ -38.524782499999965, -12.653862 ], [ -38.524731799999984, -12.654020099999959 ], [ -38.524702899999966, -12.654188 ], [ -38.524634599999963, -12.654196899999917 ], [ -38.524543499999943, -12.654190599999943 ], [ -38.524463199999964, -12.654236099999922 ], [ -38.524484299999983, -12.654266899999985 ], [ -38.524415599999934, -12.65437049999997 ], [ -38.524287099999981, -12.654410799999939 ], [ -38.524207899999965, -12.654374399999934 ], [ -38.524160399999971, -12.654299499999988 ], [ -38.524143299999935, -12.654224199999945 ], [ -38.524149899999948, -12.654141799999936 ], [ -38.523966299999984, -12.6541445 ], [ -38.523798399999983, -12.654210299999942 ], [ -38.523734099999956, -12.654295099999944 ], [ -38.523694099999943, -12.654335799999956 ], [ -38.523663399999968, -12.654332899999917 ], [ -38.523630799999978, -12.654296799999935 ], [ -38.52358, -12.654256199999942 ], [ -38.523519799999988, -12.654241799999964 ], [ -38.523466799999944, -12.654239299999968 ], [ -38.52339969999997, -12.654227399999959 ], [ -38.523343599999968, -12.654157099999962 ], [ -38.523331599999949, -12.654110899999983 ], [ -38.523289299999931, -12.654003599999958 ], [ -38.523212499999943, -12.654071899999957 ], [ -38.523177399999952, -12.65414679999998 ], [ -38.523188699999935, -12.654186899999969 ], [ -38.52326249999993, -12.65423659999991 ], [ -38.523261299999938, -12.65429559999995 ], [ -38.523217899999977, -12.654353099999982 ], [ -38.523110799999984, -12.654369 ], [ -38.523051599999981, -12.654371699999949 ], [ -38.523025099999984, -12.65423639999994 ], [ -38.522984199999939, -12.654115399999959 ], [ -38.522955099999933, -12.653990599999933 ], [ -38.522926899999966, -12.653921399999948 ], [ -38.522850899999973, -12.653938399999976 ], [ -38.522772799999984, -12.653848199999963 ], [ -38.522692399999983, -12.653820599999953 ], [ -38.522663299999969, -12.653764199999953 ], [ -38.522594699999956, -12.653849399999952 ], [ -38.522598, -12.653938499999985 ], [ -38.522615299999984, -12.654006399999943 ], [ -38.522518299999945, -12.654047299999934 ], [ -38.522377199999944, -12.654097599999936 ], [ -38.522255699999967, -12.65398269999997 ], [ -38.522193299999969, -12.653963499999978 ], [ -38.522131399999978, -12.654009899999947 ], [ -38.522053099999944, -12.654083699999946 ], [ -38.521972099999964, -12.6541306 ], [ -38.521905099999962, -12.654165 ], [ -38.5217934, -12.654194599999919 ], [ -38.521723699999939, -12.654155799999957 ], [ -38.521567, -12.654203099999956 ], [ -38.521502399999974, -12.65427119999992 ], [ -38.521479, -12.654358399999975 ], [ -38.521418599999954, -12.654365299999927 ], [ -38.521304799999946, -12.654327599999913 ], [ -38.521258499999931, -12.654349199999956 ], [ -38.521275599999974, -12.654452 ], [ -38.521271899999938, -12.654519699999982 ], [ -38.521201, -12.65463 ], [ -38.52110689999995, -12.654738299999961 ], [ -38.521086099999934, -12.654811199999925 ], [ -38.521081299999935, -12.654921099999953 ], [ -38.521007, -12.654903 ], [ -38.520913699999937, -12.654878599999972 ], [ -38.520864199999949, -12.654923299999957 ], [ -38.520819499999966, -12.65500729999995 ], [ -38.520744299999926, -12.655058299999956 ], [ -38.520717, -12.655118299999955 ], [ -38.520763399999971, -12.655172 ], [ -38.520734599999969, -12.655217899999974 ], [ -38.520676599999945, -12.655200599999946 ], [ -38.520632, -12.655174799999932 ], [ -38.520620699999938, -12.655122299999951 ], [ -38.520552899999984, -12.655083499999927 ], [ -38.520493199999976, -12.655095799999961 ], [ -38.520417599999973, -12.655047299999975 ], [ -38.520384, -12.655051199999953 ], [ -38.520151199999937, -12.654913499999967 ], [ -38.520127899999977, -12.654943299999953 ], [ -38.520113199999969, -12.655079399999961 ], [ -38.520138799999984, -12.655181899999956 ], [ -38.520104099999969, -12.655248 ], [ -38.520020399999964, -12.655242599999951 ], [ -38.519943799999965, -12.655195 ], [ -38.519875499999962, -12.655250699999936 ], [ -38.519798799999933, -12.655313399999942 ], [ -38.519776899999954, -12.655371399999982 ], [ -38.519754199999966, -12.655384599999943 ], [ -38.519711399999956, -12.655409399999936 ], [ -38.51954029999996, -12.655494099999929 ], [ -38.519481699999979, -12.655580199999971 ], [ -38.519469399999934, -12.655682299999949 ], [ -38.51944409999993, -12.655755199999929 ], [ -38.519414799999936, -12.655824599999942 ], [ -38.519387, -12.65587519999997 ], [ -38.519363899999973, -12.655994199999936 ], [ -38.519321199999979, -12.655951899999943 ], [ -38.519256899999966, -12.655927599999929 ], [ -38.519236699999972, -12.655884599999974 ], [ -38.519175099999977, -12.655891699999918 ], [ -38.519156599999981, -12.65596269999997 ], [ -38.51910189999996, -12.655934699999918 ], [ -38.519053799999938, -12.656009499999964 ], [ -38.518992299999979, -12.656048099999957 ], [ -38.518878399999956, -12.655999 ], [ -38.518730499999954, -12.655967099999922 ], [ -38.518732, -12.656046 ], [ -38.518736499999939, -12.656119699999968 ], [ -38.518751799999976, -12.656195 ], [ -38.518617599999978, -12.656249599999953 ], [ -38.518625299999933, -12.656331799999974 ], [ -38.51855709999996, -12.656380599999967 ], [ -38.518474, -12.656428099999955 ], [ -38.518371799999962, -12.656487599999924 ], [ -38.518305299999952, -12.656536199999938 ], [ -38.518261199999984, -12.65652529999994 ], [ -38.518203499999977, -12.656487 ], [ -38.51813609999995, -12.656455 ], [ -38.518015799999951, -12.656458499999912 ], [ -38.517966099999967, -12.656423099999923 ], [ -38.517903899999965, -12.65632489999995 ], [ -38.517819699999968, -12.656287299999972 ], [ -38.517801499999955, -12.656224899999938 ], [ -38.517786699999931, -12.65616169999992 ], [ -38.517794599999952, -12.656088 ], [ -38.517775299999983, -12.656034699999978 ], [ -38.517732599999931, -12.656004 ], [ -38.51766989999993, -12.656066199999946 ], [ -38.517619699999955, -12.656020399999948 ], [ -38.517642299999977, -12.65594749999997 ], [ -38.517614899999955, -12.655906099999976 ], [ -38.517530799999967, -12.655845199999927 ], [ -38.517447, -12.655819399999912 ], [ -38.517369899999949, -12.655845699999917 ], [ -38.517325199999959, -12.65587829999992 ], [ -38.517329399999944, -12.655937799999947 ], [ -38.517334599999977, -12.656008 ], [ -38.517324799999983, -12.656051 ], [ -38.517327299999977, -12.656099399999963 ], [ -38.517341599999952, -12.656203899999971 ], [ -38.517314, -12.656266799999964 ], [ -38.517251199999976, -12.656304199999967 ], [ -38.517192, -12.65631119999995 ], [ -38.517110399999972, -12.656289399999936 ], [ -38.517019599999976, -12.656253499999927 ], [ -38.517018299999968, -12.656169499999983 ], [ -38.517009599999938, -12.656107699999948 ], [ -38.516981499999929, -12.656058699999969 ], [ -38.516917299999932, -12.656029899999952 ], [ -38.516887199999978, -12.656068 ], [ -38.516848799999934, -12.656126499999964 ], [ -38.516823599999967, -12.65620039999992 ], [ -38.516810599999978, -12.65626449999997 ], [ -38.516825399999966, -12.656350299999914 ], [ -38.516719499999965, -12.65633259999991 ], [ -38.516639099999971, -12.656261099999929 ], [ -38.5165181, -12.656259199999955 ], [ -38.516419199999966, -12.656230199999985 ], [ -38.516304499999926, -12.656227399999976 ], [ -38.516169099999964, -12.656272299999946 ], [ -38.516062299999923, -12.65632 ], [ -38.515941299999945, -12.656359599999977 ], [ -38.515844399999928, -12.656373799999914 ], [ -38.515738799999951, -12.656363899999965 ], [ -38.515628299999939, -12.656342799999955 ], [ -38.515553099999984, -12.656365 ], [ -38.515475799999933, -12.656373599999929 ], [ -38.515319299999938, -12.656361 ], [ -38.515367099999942, -12.656438299999941 ], [ -38.515226, -12.656410899999971 ], [ -38.515185899999956, -12.656460599999946 ], [ -38.515123099999983, -12.656534399999948 ], [ -38.51510879999995, -12.656584299999972 ], [ -38.515101399999942, -12.656668699999972 ], [ -38.515050299999984, -12.656575599999943 ], [ -38.515037199999945, -12.656498699999913 ], [ -38.515002099999947, -12.656475799999942 ], [ -38.514928699999984, -12.656467199999952 ], [ -38.514881199999941, -12.656532 ], [ -38.514832599999977, -12.656599899999945 ], [ -38.514737699999969, -12.656605899999919 ], [ -38.51461079999995, -12.656589799999949 ], [ -38.514533399999948, -12.656582099999971 ], [ -38.514455599999962, -12.656559299999955 ], [ -38.514356499999963, -12.656577599999929 ], [ -38.514344599999959, -12.656641299999936 ], [ -38.514281399999966, -12.656689199999969 ], [ -38.514237599999944, -12.65685739999998 ], [ -38.514149899999957, -12.656968399999926 ], [ -38.514104799999984, -12.657015699999922 ], [ -38.51401709999994, -12.656993099999953 ], [ -38.513953499999964, -12.656958 ], [ -38.513879299999985, -12.656939599999941 ], [ -38.51382, -12.656926399999969 ], [ -38.513819099999978, -12.65697559999994 ], [ -38.513733499999951, -12.656988799999958 ], [ -38.513746, -12.657043 ], [ -38.513766899999951, -12.657106499999932 ], [ -38.513731299999961, -12.657179899999948 ], [ -38.513757099999964, -12.657257599999964 ], [ -38.513775899999985, -12.657302599999964 ], [ -38.513757899999973, -12.657340799999941 ], [ -38.513640299999956, -12.657339799999926 ], [ -38.513559, -12.657390399999953 ], [ -38.513576299999954, -12.657478899999939 ], [ -38.513615299999969, -12.657602699999927 ], [ -38.513662299999964, -12.657685499999962 ], [ -38.513628, -12.657767399999969 ], [ -38.5135643, -12.657818099999927 ], [ -38.513439199999944, -12.657840299999975 ], [ -38.513338, -12.65783 ], [ -38.513247899999961, -12.657900599999959 ], [ -38.5130918, -12.657983199999913 ], [ -38.51301859999996, -12.657938599999969 ], [ -38.512967199999935, -12.657961 ], [ -38.512913799999986, -12.658004199999928 ], [ -38.512853199999938, -12.658060899999958 ], [ -38.512893299999966, -12.658107099999944 ], [ -38.512851399999938, -12.658194699999973 ], [ -38.512781699999948, -12.65818829999996 ], [ -38.512768, -12.65824229999992 ], [ -38.512727399999953, -12.658294499999954 ], [ -38.512737399999942, -12.658217099999941 ], [ -38.512704399999969, -12.658192 ], [ -38.51269139999993, -12.658158899999943 ], [ -38.512621799999984, -12.65818519999994 ], [ -38.512618599999932, -12.658225399999939 ], [ -38.512596399999957, -12.658257799999937 ], [ -38.512562699999933, -12.658277499999947 ], [ -38.512525499999988, -12.658308499999984 ], [ -38.512518599999964, -12.65825119999994 ], [ -38.512516299999952, -12.658205499999957 ], [ -38.512482799999937, -12.658222299999972 ], [ -38.512453099999959, -12.658256499999942 ], [ -38.512452399999972, -12.658300499999946 ], [ -38.512450099999967, -12.658357699999957 ], [ -38.51238, -12.658407699999938 ], [ -38.512355299999975, -12.658438399999971 ], [ -38.512375, -12.658489599999941 ], [ -38.51234919999996, -12.658533499999979 ], [ -38.512303299999985, -12.658518099999975 ], [ -38.512273799999946, -12.658470399999938 ], [ -38.512231399999962, -12.658530499999925 ], [ -38.512273599999951, -12.658584099999933 ], [ -38.512244199999948, -12.658625799999989 ], [ -38.51220189999998, -12.658667499999959 ], [ -38.512233399999957, -12.658724599999962 ], [ -38.512209199999972, -12.658781399999954 ], [ -38.512167199999958, -12.658813899999943 ], [ -38.512263799999971, -12.658895399999944 ], [ -38.512215399999953, -12.658940099999946 ], [ -38.512131299999965, -12.659026 ], [ -38.512180699999938, -12.659147599999923 ], [ -38.51219709999998, -12.659202899999979 ], [ -38.512156199999943, -12.6592937 ], [ -38.51200989999996, -12.659322599999932 ], [ -38.511894299999945, -12.659344399999958 ], [ -38.511697099999935, -12.659335299999942 ], [ -38.511528799999958, -12.659323699999963 ], [ -38.511461799999957, -12.659298099999944 ], [ -38.511225799999977, -12.659288499999949 ], [ -38.511117299999967, -12.65930379999997 ], [ -38.511056599999961, -12.659283099999984 ], [ -38.510995199999968, -12.659284 ], [ -38.510890199999949, -12.65930769999995 ], [ -38.510812799999947, -12.659260899999936 ], [ -38.510721399999966, -12.659262 ], [ -38.510646799999961, -12.659257599999934 ], [ -38.510544099999954, -12.659229099999951 ], [ -38.510506199999945, -12.659160199999985 ], [ -38.510469399999984, -12.65912749999994 ], [ -38.510388799999937, -12.659146499999979 ], [ -38.510313799999949, -12.659188299999911 ], [ -38.510279199999957, -12.659144199999963 ], [ -38.510219899999981, -12.659070699999971 ], [ -38.510113599999954, -12.659031499999964 ], [ -38.510044799999946, -12.659031399999956 ], [ -38.509977, -12.659008099999951 ], [ -38.509909599999958, -12.658972899999982 ], [ -38.509859699999936, -12.659014799999957 ], [ -38.509850399999955, -12.659083799999957 ], [ -38.509808499999963, -12.659156599999969 ], [ -38.509790299999963, -12.659202 ], [ -38.509732199999974, -12.659182899999943 ], [ -38.509666599999946, -12.659151499999936 ], [ -38.50963789999998, -12.659201799999936 ], [ -38.50962619999995, -12.659275399999947 ], [ -38.50956919999993, -12.659332199999938 ], [ -38.509511599999946, -12.659306099999986 ], [ -38.509478499999943, -12.659260499999956 ], [ -38.509446099999934, -12.659235199999944 ], [ -38.509397699999965, -12.659246099999974 ], [ -38.5093088, -12.659249499999929 ], [ -38.509261399999957, -12.659253199999958 ], [ -38.509206399999989, -12.659316899999959 ], [ -38.509190899999965, -12.659384899999951 ], [ -38.509179899999936, -12.659436699999951 ], [ -38.509199499999973, -12.659503 ], [ -38.509153499999968, -12.659573099999925 ], [ -38.509096899999975, -12.659579299999971 ], [ -38.509058099999947, -12.659594499999965 ], [ -38.509026199999944, -12.659634499999981 ], [ -38.50899869999995, -12.65966409999994 ], [ -38.509031899999975, -12.659736599999984 ], [ -38.509068899999939, -12.659779399999945 ], [ -38.509087799999975, -12.659833 ], [ -38.5090216, -12.659830099999963 ], [ -38.508934599999968, -12.659794799999913 ], [ -38.508851099999966, -12.659792099999944 ], [ -38.508844499999945, -12.659728199999959 ], [ -38.50879869999995, -12.659749 ], [ -38.508726699999954, -12.659725399999948 ], [ -38.508683699999949, -12.659685099999928 ], [ -38.508630299999943, -12.65969949999994 ], [ -38.508570199999959, -12.659694199999915 ], [ -38.508508799999959, -12.659659499999972 ], [ -38.508476, -12.659624499999955 ], [ -38.508467499999945, -12.659593399999963 ], [ -38.508422499999938, -12.659553599999981 ], [ -38.508358499999929, -12.659592099999928 ], [ -38.50830289999994, -12.659536799999962 ], [ -38.508257499999964, -12.659574199999952 ], [ -38.508199599999948, -12.659557199999934 ], [ -38.508184399999955, -12.659492299999961 ], [ -38.508150899999983, -12.659466099999978 ], [ -38.508090299999942, -12.659497899999952 ], [ -38.508037599999973, -12.659421299999952 ], [ -38.507928599999957, -12.659431199999981 ], [ -38.507875599999984, -12.659488299999961 ], [ -38.507783299999979, -12.659544799999916 ], [ -38.507679099999962, -12.659615299999937 ], [ -38.507617299999943, -12.659593899999951 ], [ -38.507539899999976, -12.659624099999972 ], [ -38.507499099999968, -12.659667299999972 ], [ -38.507414699999977, -12.659666599999973 ], [ -38.507307499999975, -12.659678499999945 ], [ -38.507225699999935, -12.659669599999981 ], [ -38.507145199999968, -12.659674299999956 ], [ -38.507046899999978, -12.659661 ], [ -38.507003699999977, -12.659607699999988 ], [ -38.506980199999937, -12.659581699999924 ], [ -38.506881099999923, -12.659573499999956 ], [ -38.506827699999974, -12.659557 ], [ -38.50673, -12.659578199999935 ], [ -38.506646, -12.6596886 ], [ -38.506528499999945, -12.659731799999975 ], [ -38.506503799999955, -12.659777599999934 ], [ -38.506435499999952, -12.659844399999956 ], [ -38.506429499999975, -12.659927199999968 ], [ -38.506358, -12.659992399999947 ], [ -38.506317499999973, -12.66008239999997 ], [ -38.506208599999987, -12.660140799999965 ], [ -38.506135, -12.660144099999965 ], [ -38.506108799999936, -12.660220399999973 ], [ -38.506032199999936, -12.660241699999961 ], [ -38.505931299999929, -12.660303299999953 ], [ -38.505954599999939, -12.660340199999958 ], [ -38.505899199999931, -12.660376699999977 ], [ -38.505824399999945, -12.660393799999948 ], [ -38.505849699999942, -12.660462 ], [ -38.505749799999926, -12.660513199999974 ], [ -38.5057786, -12.660582 ], [ -38.505711899999937, -12.66063069999997 ], [ -38.505610899999972, -12.660680299999969 ], [ -38.505535899999984, -12.660624499999919 ], [ -38.505485499999963, -12.660687899999976 ], [ -38.505435199999958, -12.660724299999977 ], [ -38.505312199999928, -12.660736299999945 ], [ -38.505267, -12.660708299999941 ], [ -38.505234, -12.660593599999965 ], [ -38.505182399999967, -12.660528099999954 ], [ -38.505085099999974, -12.660508699999987 ], [ -38.504965099999936, -12.660469299999937 ], [ -38.504868399999964, -12.660392099999955 ], [ -38.504777299999944, -12.660408199999956 ], [ -38.504646699999967, -12.660363299999974 ], [ -38.504620799999948, -12.660314199999952 ], [ -38.504521399999938, -12.660350899999962 ], [ -38.504368199999938, -12.660388799999959 ], [ -38.50429429999997, -12.660512499999966 ], [ -38.504035499999937, -12.660535799999941 ], [ -38.503975099999934, -12.660574799999935 ], [ -38.503880599999945, -12.660587699999962 ], [ -38.503841199999954, -12.660645399999972 ], [ -38.503686699999939, -12.660876899999945 ], [ -38.503665799999965, -12.660960299999953 ], [ -38.503597899999939, -12.661074199999982 ], [ -38.503551199999947, -12.661071 ], [ -38.503438499999966, -12.661204399999958 ], [ -38.503342199999963, -12.661307499999957 ], [ -38.503235799999977, -12.661392799999915 ], [ -38.503137699999968, -12.661393099999957 ], [ -38.503053299999976, -12.66136119999995 ], [ -38.50299659999996, -12.661427899999975 ], [ -38.502969899999989, -12.661461899999937 ], [ -38.502990899999929, -12.661523099999945 ], [ -38.502982199999963, -12.661595699999964 ], [ -38.502921199999953, -12.66170309999994 ], [ -38.502790599999976, -12.661778899999927 ], [ -38.502719899999931, -12.661751699999961 ], [ -38.502651199999953, -12.661705299999925 ], [ -38.502608299999956, -12.661752199999979 ], [ -38.502598799999937, -12.661828599999986 ], [ -38.502468799999967, -12.661804099999918 ], [ -38.502375899999954, -12.661783299999961 ], [ -38.502308, -12.661737099999987 ], [ -38.502281499999981, -12.661674499999963 ], [ -38.502188099999955, -12.66172119999993 ], [ -38.502084599999932, -12.661771199999988 ], [ -38.502079399999957, -12.661875499999956 ], [ -38.502033, -12.6619492 ], [ -38.501999299999966, -12.661916299999961 ], [ -38.501925099999937, -12.661944599999961 ], [ -38.501806299999949, -12.662050599999924 ], [ -38.501696499999987, -12.662141 ], [ -38.501622, -12.662149799999963 ], [ -38.50149, -12.662138699999966 ], [ -38.501434299999971, -12.66207649999996 ], [ -38.501373, -12.662037399999972 ], [ -38.501310199999978, -12.662014599999964 ], [ -38.501286799999946, -12.6619866 ], [ -38.501270199999972, -12.661943099999974 ], [ -38.501219, -12.661919699999958 ], [ -38.501176499999929, -12.661934099999954 ], [ -38.501122299999963, -12.661876399999931 ], [ -38.50113239999996, -12.661829499999955 ], [ -38.501128299999948, -12.661772099999943 ], [ -38.501107799999936, -12.661737499999967 ], [ -38.501070799999972, -12.661691499999963 ], [ -38.501005699999951, -12.66168039999997 ], [ -38.500888, -12.661677799999955 ], [ -38.500838499999929, -12.661751299999946 ], [ -38.500760299999975, -12.661750699999981 ], [ -38.500708499999973, -12.661691899999955 ], [ -38.500645799999972, -12.661816 ], [ -38.500617799999937, -12.66165239999998 ], [ -38.50051939999998, -12.661593899999945 ], [ -38.500414199999973, -12.661694799999955 ], [ -38.500427199999933, -12.661564399999969 ], [ -38.50019089999995, -12.661394599999936 ], [ -38.500086599999982, -12.661453099999955 ], [ -38.504870899999958, -12.673863899999972 ], [ -38.505712799999969, -12.674394799999957 ], [ -38.507784, -12.675709 ], [ -38.507622399999953, -12.675845699999959 ], [ -38.511285499999929, -12.678271399999971 ], [ -38.511206799999975, -12.678460299999921 ], [ -38.511129099999948, -12.678820199999947 ], [ -38.511387099999979, -12.679385899999939 ], [ -38.511555899999969, -12.679947799999967 ], [ -38.51231259999998, -12.682100299999947 ], [ -38.512640599999941, -12.682530799999933 ], [ -38.514059899999957, -12.683430899999955 ], [ -38.515991899999968, -12.684603599999949 ], [ -38.521542899999929, -12.689619299999947 ], [ -38.524609299999945, -12.692510299999979 ], [ -38.529420199999947, -12.693565899999953 ], [ -38.534069199999976, -12.693842699999943 ], [ -38.536021099999971, -12.693958899999922 ], [ -38.53828249999998, -12.694158 ], [ -38.53905709999998, -12.694240799999914 ], [ -38.541130199999941, -12.694408499999962 ], [ -38.542141799999968, -12.694436899999973 ], [ -38.543454899999972, -12.694428899999922 ] ] ] ] } }
]
}
