{
"type": "FeatureCollection",
"name": "2927408",
"crs": { "type": "name", "properties": { "name": "urn:ogc:def:crs:OGC:1.3:CRS84" } },
"features": [
{ "type": "Feature", "properties": { "CD_MUN": "2927408", "NM_MUN": "Salvador" }, "geometry": { "type": "MultiPolygon", "coordinates": [ [ [ [ -38.515990499999923, -13.010308499999933 ], [ -38.515995599999947, -13.010405899999972 ], [ -38.516086699999953, -13.010443099999968 ], [ -38.516170499999944, -13.010476699999966 ], [ -38.516333, -13.010472499999942 ], [ -38.516384699999946, -13.010423599999966 ], [ -38.516470699999964, -13.010382299999955 ], [ -38.516491399999943, -13.010475899999978 ], [ -38.516599399999961, -13.010483099999918 ], [ -38.516772599999967, -13.010542899999963 ], [ -38.516900099999937, -13.010569 ], [ -38.51704669999998, -13.010497599999963 ], [ -38.517055599999942, -13.010493299999943 ], [ -38.517206, -13.01050039999995 ], [ -38.517292599999962, -13.010507699999957 ], [ -38.517326299999986, -13.010510499999953 ], [ -38.517379499999954, -13.010515 ], [ -38.517440399999941, -13.010451199999963 ], [ -38.517501, -13.010395299999963 ], [ -38.517562799999958, -13.010424799999948 ], [ -38.517598699999951, -13.010491899999987 ], [ -38.517611799999948, -13.01057079999997 ], [ -38.517689, -13.010566899999962 ], [ -38.517708599999928, -13.01059 ], [ -38.51773919999993, -13.010626 ], [ -38.517756199999958, -13.010646099999985 ], [ -38.51789569999994, -13.010645699999939 ], [ -38.517913399999934, -13.0105996 ], [ -38.517924799999953, -13.01057 ], [ -38.51795309999995, -13.010592899999944 ], [ -38.517976099999942, -13.010611399999952 ], [ -38.518083199999978, -13.010569599999958 ], [ -38.518124499999942, -13.010552 ], [ -38.51813089999996, -13.010550199999946 ], [ -38.518138799999967, -13.010546899999948 ], [ -38.518199799999934, -13.010562899999981 ], [ -38.518252299999965, -13.010576699999945 ], [ -38.518362499999959, -13.010535 ], [ -38.518391799999961, -13.010472599999959 ], [ -38.51841, -13.010433799999934 ], [ -38.5184078, -13.010477799999919 ], [ -38.518405, -13.0105349 ], [ -38.518450499999972, -13.010539499999929 ], [ -38.518553899999979, -13.010549899999949 ], [ -38.518623499999933, -13.01055689999993 ], [ -38.518668699999978, -13.010492899999972 ], [ -38.518692, -13.010429199999983 ], [ -38.518761599999955, -13.010418899999914 ], [ -38.51876969999995, -13.010417699999962 ], [ -38.518870099999951, -13.010366299999928 ], [ -38.518892199999975, -13.010355 ], [ -38.518973399999936, -13.010324499999962 ], [ -38.519074299999943, -13.010256199999967 ], [ -38.519129, -13.010151099999963 ], [ -38.519148599999944, -13.010087699999929 ], [ -38.51921729999998, -13.009992099999977 ], [ -38.519425799999965, -13.010008199999971 ], [ -38.519721, -13.010034799999978 ], [ -38.519906499999934, -13.01007949999997 ], [ -38.520275099999935, -13.010239899999933 ], [ -38.520552099999975, -13.010381099999966 ], [ -38.520735299999956, -13.010390599999942 ], [ -38.520927099999945, -13.01045059999996 ], [ -38.521203299999975, -13.01059589999995 ], [ -38.521617299999946, -13.010879 ], [ -38.522359699999981, -13.011124099999959 ], [ -38.52269519999993, -13.011159799999987 ], [ -38.522849899999983, -13.011181199999939 ], [ -38.523051899999984, -13.011245099999952 ], [ -38.523076099999969, -13.01132949999994 ], [ -38.523233099999963, -13.011371499999953 ], [ -38.523241199999973, -13.011386899999943 ], [ -38.523252599999978, -13.01140249999998 ], [ -38.523334299999938, -13.011494799999975 ], [ -38.523432599999985, -13.011502299999956 ], [ -38.523512099999955, -13.011560199999964 ], [ -38.523656399999936, -13.011680799999978 ], [ -38.52371729999993, -13.011755099999938 ], [ -38.52389519999997, -13.011735599999948 ], [ -38.523883699999935, -13.011591199999952 ], [ -38.523822099999961, -13.01148649999992 ], [ -38.523861699999941, -13.011471299999926 ], [ -38.523994399999928, -13.01152989999998 ], [ -38.52404, -13.011538 ], [ -38.524044599999961, -13.011539399999961 ], [ -38.52406579999996, -13.01154349999995 ], [ -38.524098899999956, -13.011549799999967 ], [ -38.524214299999983, -13.011496199999964 ], [ -38.524235099999949, -13.011473499999953 ], [ -38.52426939999998, -13.011436199999931 ], [ -38.524292399999979, -13.011411099999973 ], [ -38.524298699999981, -13.011329899999959 ], [ -38.524370399999952, -13.011322699999939 ], [ -38.524464699999953, -13.01135059999995 ], [ -38.524477, -13.011268599999932 ], [ -38.524480299999944, -13.011246399999951 ], [ -38.52446249999997, -13.011108799999928 ], [ -38.524461599999938, -13.011101299999945 ], [ -38.524455399999958, -13.01109 ], [ -38.524422899999934, -13.011030799999945 ], [ -38.524501399999963, -13.010980599999987 ], [ -38.524492499999951, -13.0108557 ], [ -38.524490599999986, -13.010829399999979 ], [ -38.524486599999939, -13.01081009999997 ], [ -38.52445239999998, -13.01064489999994 ], [ -38.524449199999935, -13.010492199999923 ], [ -38.524488299999973, -13.010381899999977 ], [ -38.524495499999951, -13.010378699999922 ], [ -38.524763599999972, -13.010263899999941 ], [ -38.525009399999924, -13.010147499999954 ], [ -38.525299, -13.010106299999952 ], [ -38.525697799999932, -13.010038299999961 ], [ -38.525917599999957, -13.009968899999935 ], [ -38.526337699999942, -13.009997899999959 ], [ -38.526731, -13.0100007 ], [ -38.527162099999941, -13.009954 ], [ -38.527357399999978, -13.009948899999937 ], [ -38.527470299999948, -13.009946 ], [ -38.527828899999975, -13.009945399999928 ], [ -38.527999499999972, -13.009981 ], [ -38.528296399999931, -13.010043 ], [ -38.528397, -13.010064 ], [ -38.528670299999931, -13.010063899999988 ], [ -38.528865599999961, -13.010063899999958 ], [ -38.529424899999974, -13.010136299999942 ], [ -38.529882799999946, -13.010232499999969 ], [ -38.529939799999966, -13.01024449999994 ], [ -38.530064799999934, -13.010270799999942 ], [ -38.530471, -13.010286599999974 ], [ -38.530783099999951, -13.01035689999998 ], [ -38.531311, -13.010377499999949 ], [ -38.531591099999964, -13.010392 ], [ -38.531916399999943, -13.010545 ], [ -38.532082199999941, -13.010688299999988 ], [ -38.532157699999971, -13.01078679999995 ], [ -38.532025199999971, -13.0108595 ], [ -38.532003, -13.010869499999957 ], [ -38.531924099999969, -13.010905399999972 ], [ -38.531882099999955, -13.010993099999929 ], [ -38.531996899999974, -13.01109209999993 ], [ -38.532006599999924, -13.011109099999924 ], [ -38.532024299999939, -13.01114029999996 ], [ -38.53205319999995, -13.011191399999969 ], [ -38.532191599999983, -13.01126 ], [ -38.532225, -13.011382899999939 ], [ -38.532282099999982, -13.01151 ], [ -38.532378099999967, -13.011594699999932 ], [ -38.532556899999982, -13.011648499999989 ], [ -38.532577899999971, -13.011643899999983 ], [ -38.53265719999996, -13.011626499999986 ], [ -38.532714099999971, -13.011614 ], [ -38.532805599999953, -13.011594 ], [ -38.532911899999938, -13.01158019999996 ], [ -38.53295339999994, -13.011574799999959 ], [ -38.533013799999942, -13.011468399999952 ], [ -38.533029, -13.011391499999956 ], [ -38.533083899999951, -13.011299099999972 ], [ -38.5329986, -13.011215599999948 ], [ -38.532971299999929, -13.011188799999953 ], [ -38.533075299999958, -13.011202699999936 ], [ -38.533106899999957, -13.011206899999928 ], [ -38.533208, -13.011355899999939 ], [ -38.533379, -13.011332 ], [ -38.533401399999946, -13.01132049999994 ], [ -38.533514599999933, -13.011261799999946 ], [ -38.533634499999948, -13.011226399999936 ], [ -38.533560499999965, -13.011158499999967 ], [ -38.533521, -13.011122299999954 ], [ -38.533511399999945, -13.011113499999974 ], [ -38.533460699999985, -13.0110865 ], [ -38.533395599999956, -13.011051799999953 ], [ -38.5331968, -13.011017199999968 ], [ -38.533057599999943, -13.010955599999916 ], [ -38.533088899999939, -13.010867099999908 ], [ -38.53316319999994, -13.010877799999928 ], [ -38.533247699999947, -13.01089 ], [ -38.533383399999934, -13.010909 ], [ -38.533391099999967, -13.010910099999926 ], [ -38.533466399999945, -13.010920599999967 ], [ -38.533476399999984, -13.0109093 ], [ -38.533517899999929, -13.010862699999976 ], [ -38.53359149999995, -13.010879099999965 ], [ -38.533637899999981, -13.010889499999973 ], [ -38.533765799999976, -13.010823699999937 ], [ -38.533834, -13.010812 ], [ -38.533962799999983, -13.010841599999917 ], [ -38.533980599999943, -13.010764899999971 ], [ -38.533996599999973, -13.010695899999973 ], [ -38.534005899999954, -13.010655799999931 ], [ -38.533863, -13.010605799999949 ], [ -38.533756299999936, -13.010606 ], [ -38.533775799999944, -13.010536399999969 ], [ -38.533827599999938, -13.010482499999972 ], [ -38.533842799999952, -13.010466699999933 ], [ -38.533808799999981, -13.010360799999926 ], [ -38.533798299999951, -13.010305899999924 ], [ -38.53379469999993, -13.01030569999995 ], [ -38.533794099999973, -13.010273799999936 ], [ -38.533803699999964, -13.010245899999957 ], [ -38.533792299999959, -13.010203 ], [ -38.53375049999994, -13.010150099999972 ], [ -38.533714399999951, -13.010097899999963 ], [ -38.533667, -13.010049399999943 ], [ -38.533627099999933, -13.010015799999959 ], [ -38.533591, -13.009991499999956 ], [ -38.533551099999961, -13.00996339999994 ], [ -38.533528399999966, -13.009937299999951 ], [ -38.533505599999955, -13.009905599999966 ], [ -38.533465699999965, -13.009879499999954 ], [ -38.533423899999946, -13.009849599999946 ], [ -38.533383399999941, -13.00983 ], [ -38.533347299999953, -13.009807599999927 ], [ -38.533313099999937, -13.009785199999948 ], [ -38.533275099999969, -13.009768299999962 ], [ -38.533225699999946, -13.009757099999961 ], [ -38.533185799999963, -13.009747699999931 ], [ -38.533117399999981, -13.009732699999969 ], [ -38.533092699999941, -13.009719599999919 ], [ -38.533079399999963, -13.009706499999943 ], [ -38.533085099999937, -13.009686 ], [ -38.533111799999965, -13.009654399999922 ], [ -38.533142299999952, -13.009624599999926 ], [ -38.533154299999978, -13.009612699999945 ], [ -38.533159599999976, -13.00960489999995 ], [ -38.533161, -13.009593099999959 ], [ -38.533149, -13.00958 ], [ -38.53310369999997, -13.009566899999987 ], [ -38.533022299999963, -13.009556299999943 ], [ -38.532855499999989, -13.009560899999947 ], [ -38.532764499999985, -13.009560799999962 ], [ -38.532716599999958, -13.009560699999957 ], [ -38.532661499999961, -13.009553499999978 ], [ -38.532637599999923, -13.009546399999989 ], [ -38.532601699999937, -13.00952529999994 ], [ -38.5325802, -13.009506399999948 ], [ -38.532558599999959, -13.009480599999961 ], [ -38.532553899999982, -13.009457099999974 ], [ -38.532553899999982, -13.009436 ], [ -38.532556399999976, -13.00942429999998 ], [ -38.532568399999953, -13.009403199999934 ], [ -38.532560099999955, -13.009366 ], [ -38.532553299999968, -13.009340599999964 ], [ -38.532536099999959, -13.00930509999996 ], [ -38.53251889999995, -13.009271299999961 ], [ -38.532486299999967, -13.009230699999932 ], [ -38.532455299999974, -13.0091935 ], [ -38.532445, -13.009163099999963 ], [ -38.53244049999995, -13.009145499999926 ], [ -38.532424499999941, -13.009083699999975 ], [ -38.532421099999965, -13.009054899999974 ], [ -38.532422899999972, -13.009014399999948 ], [ -38.53243329999998, -13.008989099999962 ], [ -38.532441899999981, -13.008975599999919 ], [ -38.532452299999932, -13.008952 ], [ -38.532459299999978, -13.008924899999972 ], [ -38.532449, -13.008901299999931 ], [ -38.532426599999958, -13.008882699999951 ], [ -38.532381799999939, -13.00887079999994 ], [ -38.532362799999923, -13.008853799999953 ], [ -38.53235589999997, -13.008807599999967 ], [ -38.532349099999969, -13.008760299999954 ], [ -38.532349199999942, -13.008694499999937 ], [ -38.532364899999948, -13.008640399999942 ], [ -38.532382199999972, -13.008584699999959 ], [ -38.53241, -13.008474199999961 ], [ -38.532421, -13.008468599999947 ], [ -38.532444299999945, -13.008455399999946 ], [ -38.532479099999932, -13.00845169999995 ], [ -38.53251, -13.008465 ], [ -38.532564199999975, -13.008482199999937 ], [ -38.532604799999945, -13.008482199999939 ], [ -38.532691899999968, -13.00848429999998 ], [ -38.532736399999976, -13.00847679999994 ], [ -38.532771299999979, -13.008457899999945 ], [ -38.532792599999937, -13.008431399999946 ], [ -38.532814, -13.00839539999993 ], [ -38.532862399999942, -13.008355699999978 ], [ -38.532905899999946, -13.008333799999951 ], [ -38.532943599999953, -13.008302 ], [ -38.532962499999947, -13.008260199999935 ], [ -38.532993399999953, -13.008215 ], [ -38.533015699999979, -13.008156399999955 ], [ -38.533023599999979, -13.008033 ], [ -38.533023699999951, -13.007971399999953 ], [ -38.533056699999975, -13.00789909999998 ], [ -38.533141699999938, -13.007773299999936 ], [ -38.533163699999939, -13.0077358 ], [ -38.533189599999957, -13.007715899999921 ], [ -38.53321209999995, -13.007698699999944 ], [ -38.533237699999965, -13.007679 ], [ -38.533262, -13.00765 ], [ -38.533290299999976, -13.007610499999938 ], [ -38.533313299999975, -13.007581499999958 ], [ -38.533343, -13.007548599999968 ], [ -38.533424099999934, -13.007474099999955 ], [ -38.533452499999946, -13.007434599999964 ], [ -38.533487499999978, -13.007401699999958 ], [ -38.533542799999964, -13.007358199999942 ], [ -38.53356249999996, -13.007343899999954 ], [ -38.533571099999968, -13.007344 ], [ -38.533603399999947, -13.007348199999974 ], [ -38.533631399999933, -13.00735879999997 ], [ -38.533657199999936, -13.007363099999962 ], [ -38.533678699999946, -13.007375799999961 ], [ -38.533734699999968, -13.007369599999947 ], [ -38.533760599999937, -13.007361199999938 ], [ -38.533812299999973, -13.007344399999978 ], [ -38.533825299999933, -13.007331799999974 ], [ -38.533829599999933, -13.007314899999933 ], [ -38.533823199999965, -13.007285299999987 ], [ -38.533806, -13.007268399999928 ], [ -38.533778099999942, -13.00724089999996 ], [ -38.533748, -13.007213399999957 ], [ -38.533705, -13.007169099999947 ], [ -38.533677, -13.007135199999926 ], [ -38.533646899999951, -13.007101399999966 ], [ -38.533629799999972, -13.007076099999969 ], [ -38.533606099999936, -13.007035899999945 ], [ -38.533595399999967, -13.006997899999938 ], [ -38.53364739999995, -13.006815699999944 ], [ -38.533647499999979, -13.006758699999969 ], [ -38.533662699999979, -13.006706 ], [ -38.533673499999963, -13.006680699999958 ], [ -38.533699399999932, -13.006668099999958 ], [ -38.533718799999974, -13.006668099999946 ], [ -38.533744599999977, -13.006668199999975 ], [ -38.533764, -13.006683 ], [ -38.533774699999981, -13.006683 ], [ -38.533794099999973, -13.006683 ], [ -38.533796299999949, -13.006666199999916 ], [ -38.533768399999929, -13.006632299999985 ], [ -38.533742599999982, -13.006598499999948 ], [ -38.533727599999963, -13.006569 ], [ -38.533719, -13.006533099999967 ], [ -38.533693199999959, -13.006503499999942 ], [ -38.533648, -13.00648019999994 ], [ -38.533609099999978, -13.006468899999962 ], [ -38.533585499999958, -13.00644559999993 ], [ -38.533553199999972, -13.006411799999981 ], [ -38.533523099999968, -13.006371699999921 ], [ -38.533493099999937, -13.006327299999953 ], [ -38.533454399999982, -13.006285 ], [ -38.533413499999938, -13.006255399999917 ], [ -38.533364, -13.00623 ], [ -38.533321, -13.006213 ], [ -38.533271499999955, -13.006191799999955 ], [ -38.533204599999983, -13.00615759999995 ], [ -38.533172399999962, -13.006125899999976 ], [ -38.533161699999937, -13.006087899999971 ], [ -38.533157499999959, -13.006041399999949 ], [ -38.533157499999959, -13.00600979999995 ], [ -38.533161899999982, -13.005967599999957 ], [ -38.533188099999954, -13.005838599999965 ], [ -38.533207499999939, -13.005813299999954 ], [ -38.533227, -13.005788 ], [ -38.533242099999939, -13.005773299999948 ], [ -38.5332605, -13.005744899999984 ], [ -38.533278899999971, -13.005726299999925 ], [ -38.533302599999963, -13.005726399999959 ], [ -38.533328399999967, -13.005730699999948 ], [ -38.533384399999939, -13.005732899999934 ], [ -38.533410299999964, -13.005722399999977 ], [ -38.533438299999943, -13.005709699999953 ], [ -38.533477099999963, -13.005695 ], [ -38.533485699999979, -13.005692899999923 ], [ -38.533505099999957, -13.005697199999929 ], [ -38.533529499999929, -13.00569649999993 ], [ -38.533546099999974, -13.00568669999997 ], [ -38.533548799999963, -13.005672099999956 ], [ -38.533539699999942, -13.005659299999939 ], [ -38.533528899999972, -13.005648699999947 ], [ -38.533509599999945, -13.005629699999927 ], [ -38.533505299999945, -13.005604399999978 ], [ -38.533518299999969, -13.005560099999958 ], [ -38.533524799999952, -13.005513599999974 ], [ -38.533505599999962, -13.005465099999974 ], [ -38.53348619999997, -13.005431299999936 ], [ -38.533462699999973, -13.00531 ], [ -38.533469199999963, -13.00527629999994 ], [ -38.533488599999941, -13.005251 ], [ -38.533536, -13.005226599999947 ], [ -38.533576599999947, -13.00523839999993 ], [ -38.533600299999939, -13.005256699999945 ], [ -38.533681799999954, -13.00526179999996 ], [ -38.533734299999935, -13.005253599999941 ], [ -38.53377509999995, -13.005245399999987 ], [ -38.533824299999935, -13.005247099999961 ], [ -38.533873399999955, -13.005247199999927 ], [ -38.533912399999956, -13.005257199999965 ], [ -38.533936199999971, -13.005257299999935 ], [ -38.533975199999929, -13.005259 ], [ -38.53397849999994, -13.0052583 ], [ -38.534014199999945, -13.005250799999928 ], [ -38.534024399999964, -13.005235799999973 ], [ -38.534027899999955, -13.005199299999944 ], [ -38.534022899999968, -13.005159399999949 ], [ -38.534014399999933, -13.005137799999934 ], [ -38.533989, -13.005117799999924 ], [ -38.533967, -13.005097799999941 ], [ -38.533948399999922, -13.005074499999989 ], [ -38.533938299999939, -13.005049599999957 ], [ -38.53391629999993, -13.005019599999967 ], [ -38.53389089999996, -13.005001299999943 ], [ -38.533858699999939, -13.004986299999919 ], [ -38.533818, -13.004966299999987 ], [ -38.533789199999944, -13.004959599999957 ], [ -38.5337671, -13.004956199999961 ], [ -38.533733199999979, -13.004942899999952 ], [ -38.533719699999949, -13.004924499999955 ], [ -38.533718, -13.00490629999995 ], [ -38.533735, -13.004879699999949 ], [ -38.533752099999958, -13.004848199999977 ], [ -38.533774299999948, -13.004789199999937 ], [ -38.533793, -13.004782499999976 ], [ -38.53382519999996, -13.004794199999946 ], [ -38.533848899999953, -13.004809199999954 ], [ -38.533898, -13.004842599999963 ], [ -38.533933599999962, -13.00485429999997 ], [ -38.533976, -13.004866 ], [ -38.53400819999996, -13.004871 ], [ -38.534040399999988, -13.004872699999964 ], [ -38.534064199999939, -13.004866099999948 ], [ -38.534076499999969, -13.004844499999948 ], [ -38.5340528, -13.004821199999983 ], [ -38.534049499999988, -13.004807899999943 ], [ -38.5340614, -13.004792899999924 ], [ -38.534066499999945, -13.004793 ], [ -38.534097, -13.004811299999977 ], [ -38.534117299999927, -13.004832899999942 ], [ -38.534130799999957, -13.004846199999974 ], [ -38.53414609999993, -13.004849599999922 ], [ -38.534173199999941, -13.004848 ], [ -38.534185099999952, -13.004831399999954 ], [ -38.534192, -13.004804799999949 ], [ -38.534192, -13.004774899999958 ], [ -38.534183599999942, -13.00475 ], [ -38.534178499999946, -13.004723399999923 ], [ -38.534178599999962, -13.004706699999936 ], [ -38.534195499999953, -13.004700099999962 ], [ -38.534227699999988, -13.004715099999935 ], [ -38.534253199999966, -13.004723499999969 ], [ -38.534282, -13.004731899999973 ], [ -38.534310799999957, -13.004736899999962 ], [ -38.534334599999973, -13.004736899999969 ], [ -38.534346399999947, -13.004737 ], [ -38.53435149999995, -13.004725299999965 ], [ -38.534351599999987, -13.004715399999951 ], [ -38.53434139999996, -13.004703699999933 ], [ -38.5343228, -13.004692 ], [ -38.534292199999989, -13.004690299999947 ], [ -38.534275299999941, -13.004685299999958 ], [ -38.534265099999971, -13.004677 ], [ -38.534265099999978, -13.004667 ], [ -38.534277, -13.004655399999937 ], [ -38.534285499999953, -13.004643799999943 ], [ -38.534285599999983, -13.004630499999966 ], [ -38.534268599999962, -13.004617199999938 ], [ -38.534248299999952, -13.004600499999983 ], [ -38.534221199999941, -13.004583899999945 ], [ -38.534197499999948, -13.004568899999969 ], [ -38.534175499999947, -13.004550499999938 ], [ -38.534172799999972, -13.004531599999941 ], [ -38.534178, -13.004517399999958 ], [ -38.534193499999958, -13.00450429999994 ], [ -38.534205899999961, -13.004492099999927 ], [ -38.534209099999941, -13.00448 ], [ -38.534207, -13.004454599999965 ], [ -38.534198799999963, -13.00443029999996 ], [ -38.534191599999929, -13.004411 ], [ -38.534189599999934, -13.004385699999959 ], [ -38.534191699999951, -13.004360299999961 ], [ -38.534199, -13.0043512 ], [ -38.534217599999977, -13.004336 ], [ -38.534242499999955, -13.00433 ], [ -38.534283899999942, -13.00431789999994 ], [ -38.534304599999977, -13.004302699999936 ], [ -38.534331499999958, -13.004290599999928 ], [ -38.534359599999959, -13.004283899999967 ], [ -38.534379299999948, -13.004282699999973 ], [ -38.534403799999943, -13.004282399999971 ], [ -38.534422599999971, -13.004284699999962 ], [ -38.534431599999941, -13.004289099999939 ], [ -38.534434499999975, -13.004292899999946 ], [ -38.534434499999975, -13.004299299999943 ], [ -38.534432799999934, -13.004302799999953 ], [ -38.534428, -13.004306599999941 ], [ -38.534423099999977, -13.004309799999923 ], [ -38.534419499999963, -13.004313599999932 ], [ -38.53441719999995, -13.004317699999936 ], [ -38.534415599999939, -13.004322199999921 ], [ -38.534414, -13.004329199999983 ], [ -38.534416899999933, -13.004338099999925 ], [ -38.534420099999977, -13.004341599999975 ], [ -38.534423699999934, -13.00434409999996 ], [ -38.534425599999963, -13.004347 ], [ -38.534425899999974, -13.004351799999942 ], [ -38.534424599999966, -13.004355599999936 ], [ -38.534421299999977, -13.004372099999962 ], [ -38.534420499999946, -13.004383799999973 ], [ -38.534422499999948, -13.004392699999917 ], [ -38.534424599999966, -13.004398 ], [ -38.53442739999997, -13.004402799999989 ], [ -38.53443069999998, -13.004407299999952 ], [ -38.5344315, -13.004412899999982 ], [ -38.5344315, -13.004417 ], [ -38.534428199999979, -13.004430699999938 ], [ -38.534427799999946, -13.004436 ], [ -38.534427799999946, -13.004442399999959 ], [ -38.534427799999953, -13.004448899999948 ], [ -38.534428599999963, -13.004454199999957 ], [ -38.534432699999961, -13.004460199999931 ], [ -38.534435199999962, -13.004463099999947 ], [ -38.534445, -13.004467099999943 ], [ -38.534455399999963, -13.004470799999964 ], [ -38.534468499999953, -13.004473599999914 ], [ -38.534481699999951, -13.004475699999947 ], [ -38.534496199999978, -13.004476899999919 ], [ -38.534507699999949, -13.004476099999987 ], [ -38.534528799999983, -13.004472099999926 ], [ -38.534538299999959, -13.004466899999947 ], [ -38.53455519999995, -13.004453599999984 ], [ -38.534564299999943, -13.004442299999925 ], [ -38.534570899999956, -13.004429399999923 ], [ -38.534575899999936, -13.00441 ], [ -38.534577199999944, -13.004380299999978 ], [ -38.534573099999932, -13.004364899999935 ], [ -38.534560699999929, -13.004342299999964 ], [ -38.534554199999945, -13.004335799999984 ], [ -38.534549599999941, -13.004326899999949 ], [ -38.534545899999955, -13.00432 ], [ -38.534543499999984, -13.004312699999948 ], [ -38.53454389999996, -13.004302599999967 ], [ -38.534543299999932, -13.004277599999968 ], [ -38.534533399999937, -13.004254899999971 ], [ -38.534511899999977, -13.004235399999965 ], [ -38.534493699999985, -13.004220699999966 ], [ -38.53448549999996, -13.004201299999975 ], [ -38.53448549999996, -13.004180199999963 ], [ -38.534457399999951, -13.00416069999995 ], [ -38.534409399999966, -13.004160599999986 ], [ -38.534351499999957, -13.004168599999971 ], [ -38.534315, -13.004186399999977 ], [ -38.534291899999971, -13.004187899999977 ], [ -38.534257099999927, -13.004181399999933 ], [ -38.534227399999963, -13.004142399999969 ], [ -38.534217499999961, -13.004123 ], [ -38.534204299999942, -13.004097 ], [ -38.53419439999994, -13.004075899999966 ], [ -38.534199399999984, -13.00406619999994 ], [ -38.534211, -13.004058099999954 ], [ -38.53422919999997, -13.004046799999967 ], [ -38.534240899999936, -13.004029 ], [ -38.53424259999997, -13.004006299999942 ], [ -38.534232699999968, -13.003986799999959 ], [ -38.534207799999933, -13.003988399999967 ], [ -38.534189599999934, -13.00397859999998 ], [ -38.534176399999971, -13.003959099999973 ], [ -38.534169799999972, -13.003946099999965 ], [ -38.534148199999954, -13.003945399999969 ], [ -38.534110099999964, -13.003945299999934 ], [ -38.534078599999923, -13.003961499999935 ], [ -38.53406039999993, -13.003963099999947 ], [ -38.534037299999973, -13.00396789999995 ], [ -38.534025599999957, -13.003997099999943 ], [ -38.534000699999986, -13.00402779999995 ], [ -38.533967599999983, -13.004053699999945 ], [ -38.533957599999951, -13.004056899999975 ], [ -38.533932799999945, -13.004061699999969 ], [ -38.533893099999943, -13.004047099999989 ], [ -38.533881599999972, -13.004032499999923 ], [ -38.533866799999942, -13.003983799999947 ], [ -38.533855499999959, -13.003950599999941 ], [ -38.533844199999976, -13.003942199999939 ], [ -38.533829899999944, -13.003943799999952 ], [ -38.533808799999981, -13.003967499999932 ], [ -38.533812099999977, -13.003991199999973 ], [ -38.533819599999966, -13.004188499999918 ], [ -38.533815899999979, -13.004201199999949 ], [ -38.533808399999941, -13.004210299999949 ], [ -38.533776799999941, -13.004213899999968 ], [ -38.533734099999947, -13.004215599999956 ], [ -38.533698799999982, -13.004215499999926 ], [ -38.53365979999996, -13.004204499999949 ], [ -38.533622699999967, -13.004193599999953 ], [ -38.533535499999978, -13.004137 ], [ -38.533502099999971, -13.0041133 ], [ -38.533457599999963, -13.004075 ], [ -38.533427899999936, -13.004047599999961 ], [ -38.533388099999968, -13.004007399999963 ], [ -38.533338699999945, -13.003951099999949 ], [ -38.53330619999997, -13.003905099999956 ], [ -38.533265799999988, -13.003831899999973 ], [ -38.533226799999966, -13.003756499999939 ], [ -38.533178699999951, -13.003645 ], [ -38.533161899999982, -13.003581099999952 ], [ -38.53314249999994, -13.003503199999962 ], [ -38.53311709999997, -13.003363299999942 ], [ -38.533096499999942, -13.003238699999928 ], [ -38.533078, -13.00311 ], [ -38.533065699999952, -13.002976799999947 ], [ -38.533059099999939, -13.002884699999989 ], [ -38.533047399999923, -13.002718799999984 ], [ -38.533045499999957, -13.002584 ], [ -38.533041699999956, -13.002464299999939 ], [ -38.533041899999951, -13.002371099999955 ], [ -38.53304629999996, -13.00232389999996 ], [ -38.533062499999964, -13.002278 ], [ -38.533086, -13.002223599999981 ], [ -38.533124299999947, -13.002132799999956 ], [ -38.533140399999979, -13.002108399999921 ], [ -38.533162399999981, -13.002087 ], [ -38.533188799999948, -13.002082699999965 ], [ -38.533203399999934, -13.002077 ], [ -38.533225399999928, -13.002062699999948 ], [ -38.533226799999973, -13.002051299999948 ], [ -38.533215199999965, -13.002035499999979 ], [ -38.53320059999993, -13.002022599999973 ], [ -38.533198499999969, -13.002011599999955 ], [ -38.533199199999956, -13.001997499999954 ], [ -38.533206499999949, -13.001983399999974 ], [ -38.533218, -13.001966499999973 ], [ -38.53322669999995, -13.001947499999977 ], [ -38.533231699999931, -13.001925799999979 ], [ -38.533231699999931, -13.001913199999931 ], [ -38.533218799999936, -13.00189159999996 ], [ -38.533212399999975, -13.001863699999955 ], [ -38.533193099999956, -13.001842199999938 ], [ -38.533175, -13.001825699999916 ], [ -38.533163399999985, -13.001806699999975 ], [ -38.533160899999977, -13.001788899999951 ], [ -38.533141499999942, -13.00176859999994 ], [ -38.533132499999965, -13.001753399999947 ], [ -38.533141599999958, -13.001728099999978 ], [ -38.533144199999981, -13.001702799999983 ], [ -38.533136499999955, -13.001674899999957 ], [ -38.533113299999968, -13.001645699999919 ], [ -38.53305249999994, -13.001595699999928 ], [ -38.533040899999946, -13.001590599999918 ], [ -38.533033099999948, -13.001581699999965 ], [ -38.533037, -13.001572899999912 ], [ -38.533055099999949, -13.001567899999943 ], [ -38.533073299999963, -13.001555199999922 ], [ -38.533099099999959, -13.001541299999928 ], [ -38.533118599999973, -13.00152619999993 ], [ -38.533132799999983, -13.001513499999925 ], [ -38.5331341, -13.001498299999978 ], [ -38.533131599999948, -13.001474299999916 ], [ -38.533136799999966, -13.001449 ], [ -38.53312909999994, -13.001428699999963 ], [ -38.5330886, -13.001371699999947 ], [ -38.533081799999941, -13.001359399999947 ], [ -38.533068099999973, -13.001344799999956 ], [ -38.533051, -13.001332399999958 ], [ -38.533041899999944, -13.001322399999941 ], [ -38.53302929999996, -13.001311099999963 ], [ -38.533008799999948, -13.001297699999927 ], [ -38.532991699999968, -13.001280899999919 ], [ -38.532990599999948, -13.001248399999943 ], [ -38.532992899999954, -13.001217099999964 ], [ -38.533010099999963, -13.001192499999942 ], [ -38.533018, -13.001150399999984 ], [ -38.533009399999976, -13.00112779999996 ], [ -38.533012299999939, -13.001106699999978 ], [ -38.533023799999967, -13.001088299999928 ], [ -38.533038299999937, -13.001078499999966 ], [ -38.5330671, -13.00106159999997 ], [ -38.533082899999961, -13.001047599999952 ], [ -38.533082899999961, -13.001032099999959 ], [ -38.53307719999998, -13.001008099999968 ], [ -38.533070099999982, -13.000985499999961 ], [ -38.53305, -13.000960099999922 ], [ -38.533029899999981, -13.000943199999947 ], [ -38.533005399999972, -13.000930399999975 ], [ -38.532982399999987, -13.000898899999962 ], [ -38.532981, -13.000873599999979 ], [ -38.532978099999973, -13.000851 ], [ -38.532959499999954, -13.000836899999967 ], [ -38.532937899999972, -13.000835399999989 ], [ -38.53290329999993, -13.000843799999931 ], [ -38.5328904, -13.000835299999959 ], [ -38.5328904, -13.00081 ], [ -38.532903399999952, -13.000784599999974 ], [ -38.532917899999973, -13.000762099999969 ], [ -38.532942399999968, -13.000748 ], [ -38.532987, -13.00073779999996 ], [ -38.533002899999936, -13.000722299999936 ], [ -38.533004299999959, -13.000713899999916 ], [ -38.532988499999931, -13.000699799999946 ], [ -38.532958299999969, -13.000674299999949 ], [ -38.532939699999922, -13.000648899999911 ], [ -38.532883599999941, -13.000622 ], [ -38.532844799999964, -13.000612599999936 ], [ -38.532823599999972, -13.000595699999968 ], [ -38.53281769999996, -13.000570499999963 ], [ -38.532817699999953, -13.000564399999982 ], [ -38.53282239999993, -13.000544699999969 ], [ -38.532823899999983, -13.000532499999977 ], [ -38.532831699999981, -13.000503699999975 ], [ -38.532827099999963, -13.000482499999974 ], [ -38.532814799999983, -13.000452099999961 ], [ -38.53277879999996, -13.000422699999953 ], [ -38.53270919999995, -13.000366499999934 ], [ -38.53267829999993, -13.000343599999953 ], [ -38.532625699999976, -13.000299499999919 ], [ -38.532596299999966, -13.000255499999984 ], [ -38.53255919999998, -13.000229599999953 ], [ -38.53253449999994, -13.000217399999952 ], [ -38.532508199999945, -13.000217399999929 ], [ -38.532492599999955, -13.000228 ], [ -38.532452, -13.000246199999928 ], [ -38.532382199999972, -13.000287 ], [ -38.532355799999948, -13.00031429999995 ], [ -38.532334099999957, -13.000335499999929 ], [ -38.532315499999989, -13.000346099999952 ], [ -38.53230769999994, -13.000378 ], [ -38.532310699999989, -13.000396199999958 ], [ -38.532312299999944, -13.000411399999969 ], [ -38.532310699999989, -13.000418899999945 ], [ -38.532299899999941, -13.000423499999936 ], [ -38.532267299999944, -13.000418899999929 ], [ -38.532241, -13.000420299999963 ], [ -38.532211599999982, -13.000437 ], [ -38.532182099999943, -13.000464199999961 ], [ -38.532155799999941, -13.000470299999954 ], [ -38.532075199999952, -13.000470099999976 ], [ -38.53194179999997, -13.000452599999974 ], [ -38.531852, -13.000389699999976 ], [ -38.531770799999954, -13.000347199999954 ], [ -38.531650899999939, -13.000303099999929 ], [ -38.531565499999942, -13.000277599999931 ], [ -38.531515899999931, -13.000246399999989 ], [ -38.531492199999946, -13.000176199999945 ], [ -38.531450699999937, -13.000057299999973 ], [ -38.531447899999932, -13.000051499999929 ], [ -38.531445599999984, -13.000046699999931 ], [ -38.531405099999979, -12.999961799999943 ], [ -38.531299699999977, -12.999859699999945 ], [ -38.531186199999986, -12.999789 ], [ -38.531028899999967, -12.999700399999947 ], [ -38.530979599999974, -12.999683 ], [ -38.530914099999961, -12.999677199999946 ], [ -38.53083479999998, -12.999673599999923 ], [ -38.530607699999962, -12.999581699999972 ], [ -38.530384099999935, -12.999417099999963 ], [ -38.530084199999976, -12.999175399999952 ], [ -38.530009799999959, -12.999091499999956 ], [ -38.529923499999946, -12.998927499999972 ], [ -38.529804399999939, -12.998693099999961 ], [ -38.529782499999953, -12.998648299999953 ], [ -38.529769499999929, -12.998562299999955 ], [ -38.529764599999965, -12.998413599999923 ], [ -38.529764399999983, -12.998408799999947 ], [ -38.529745499999933, -12.998002399999958 ], [ -38.529748, -12.997828499999972 ], [ -38.529745699999978, -12.99776139999995 ], [ -38.529744599999965, -12.997705 ], [ -38.529768699999977, -12.997634499999942 ], [ -38.529797299999984, -12.997572699999987 ], [ -38.529814099999946, -12.997510399999955 ], [ -38.529833899999964, -12.997473399999937 ], [ -38.529882399999963, -12.997433399999966 ], [ -38.529909799999984, -12.997374 ], [ -38.529900899999987, -12.997295399999933 ], [ -38.529890899999941, -12.997257699999976 ], [ -38.529896299999962, -12.997238 ], [ -38.529911099999936, -12.997211699999978 ], [ -38.529912599999939, -12.997151199999962 ], [ -38.529902099999958, -12.997042 ], [ -38.529911699999957, -12.996939399999986 ], [ -38.529899699999937, -12.996848099999946 ], [ -38.529832399999968, -12.996746899999941 ], [ -38.529789199999982, -12.996683099999915 ], [ -38.529732399999943, -12.996606 ], [ -38.5297298, -12.9965582 ], [ -38.52972989999995, -12.996494399999943 ], [ -38.529732099999933, -12.996489599999949 ], [ -38.529749, -12.996452 ], [ -38.529781499999956, -12.996433399999944 ], [ -38.529827599999983, -12.996438799999966 ], [ -38.529859499999937, -12.996445099999958 ], [ -38.529881799999941, -12.99644959999994 ], [ -38.52990079999995, -12.996439 ], [ -38.529904, -12.996429599999935 ], [ -38.52991709999997, -12.996391199999954 ], [ -38.529914599999984, -12.996311499999932 ], [ -38.529876699999932, -12.996230599999928 ], [ -38.529809199999939, -12.996087099999968 ], [ -38.529747299999947, -12.995858599999952 ], [ -38.529731099999935, -12.995775199999949 ], [ -38.529660799999938, -12.995645 ], [ -38.529547299999933, -12.995488099999926 ], [ -38.529431, -12.995357699999959 ], [ -38.529259699999962, -12.995174899999935 ], [ -38.529100699999958, -12.995053 ], [ -38.528974, -12.994976099999979 ], [ -38.528901499999968, -12.994909899999969 ], [ -38.528851399999951, -12.994864099999967 ], [ -38.52880609999994, -12.994777299999962 ], [ -38.52880389999995, -12.994681199999949 ], [ -38.528835399999934, -12.994427199999963 ], [ -38.528835599999979, -12.994326399999967 ], [ -38.52879279999997, -12.994218499999933 ], [ -38.528730199999984, -12.994135199999972 ], [ -38.528594799999951, -12.993962199999951 ], [ -38.528550899999971, -12.993892399999933 ], [ -38.528551199999988, -12.993732899999937 ], [ -38.528558199999964, -12.993620599999925 ], [ -38.52852269999994, -12.993527199999974 ], [ -38.528468, -12.993475699999976 ], [ -38.528365599999979, -12.993374799999989 ], [ -38.528144399999974, -12.993199399999982 ], [ -38.527942199999984, -12.993054299999921 ], [ -38.52767589999997, -12.992770299999957 ], [ -38.527643, -12.992718899999934 ], [ -38.527508799999964, -12.992509 ], [ -38.527465099999972, -12.992410199999936 ], [ -38.527422899999983, -12.992285199999971 ], [ -38.52742539999997, -12.992183399999933 ], [ -38.527428, -12.992053899999972 ], [ -38.527390399999945, -12.991984399999971 ], [ -38.527307, -12.991963699999928 ], [ -38.527141699999959, -12.991934699999925 ], [ -38.527062199999932, -12.991905899999947 ], [ -38.52702249999993, -12.991866799999961 ], [ -38.527026799999938, -12.991842199999937 ], [ -38.527056099999982, -12.991809499999922 ], [ -38.527114799999943, -12.991787 ], [ -38.527234099999937, -12.991785199999976 ], [ -38.527296899999953, -12.991762799999954 ], [ -38.527328399999931, -12.991707499999938 ], [ -38.527328499999953, -12.99165619999995 ], [ -38.527302799999973, -12.991548 ], [ -38.527209299999981, -12.991406799999954 ], [ -38.527119099999943, -12.991324699999954 ], [ -38.527035599999977, -12.991199899999964 ], [ -38.526915, -12.99102109999996 ], [ -38.526913899999961, -12.991019499999926 ], [ -38.526811499999944, -12.99087 ], [ -38.526744799999967, -12.990758399999944 ], [ -38.52648379999993, -12.99049819999993 ], [ -38.526370299999947, -12.990337299999968 ], [ -38.526303599999949, -12.990235499999914 ], [ -38.526274799999953, -12.990213199999975 ], [ -38.52621, -12.990163099999963 ], [ -38.526129, -12.990079699999953 ], [ -38.526015399999942, -12.989984399999965 ], [ -38.525972, -12.989895699999986 ], [ -38.525952199999949, -12.989741499999981 ], [ -38.5259425, -12.989527299999954 ], [ -38.525882499999959, -12.98938279999993 ], [ -38.525758799999949, -12.989161799999986 ], [ -38.525688799999962, -12.989023899999946 ], [ -38.525575199999935, -12.988872799999978 ], [ -38.525535899999966, -12.988853899999969 ], [ -38.525516599999946, -12.988843699999972 ], [ -38.52548429999996, -12.988847399999941 ], [ -38.525440599999968, -12.988849599999984 ], [ -38.525435199999954, -12.98884989999992 ], [ -38.525392599999982, -12.98885359999997 ], [ -38.525339599999938, -12.988851 ], [ -38.525299599999983, -12.988831899999978 ], [ -38.525215799999962, -12.988685799999914 ], [ -38.525186499999968, -12.988660699999967 ], [ -38.525131699999974, -12.988624699999949 ], [ -38.525098799999974, -12.988595899999947 ], [ -38.525072399999942, -12.988538799999953 ], [ -38.525063899999957, -12.988520299999957 ], [ -38.525040199999978, -12.988446699999937 ], [ -38.525033199999946, -12.988290599999988 ], [ -38.524993, -12.988171799999961 ], [ -38.524923599999958, -12.988053 ], [ -38.524782699999946, -12.987881899999923 ], [ -38.524724599999963, -12.987852299999927 ], [ -38.524677599999968, -12.987820399999968 ], [ -38.524655, -12.987774299999954 ], [ -38.524652599999968, -12.987759299999944 ], [ -38.524643799999986, -12.987704299999965 ], [ -38.5246097, -12.987686699999934 ], [ -38.524564299999952, -12.987701 ], [ -38.524522, -12.987743799999972 ], [ -38.524495899999977, -12.987813699999942 ], [ -38.524476399999962, -12.987836 ], [ -38.524442299999976, -12.987835899999926 ], [ -38.524406599999971, -12.987815199999938 ], [ -38.524398599999984, -12.987802399999968 ], [ -38.524395399999946, -12.987772199999933 ], [ -38.524395399999946, -12.987740399999966 ], [ -38.524405199999926, -12.98770229999997 ], [ -38.524473499999949, -12.98764179999996 ], [ -38.524504499999985, -12.987570299999957 ], [ -38.524504599999943, -12.987513099999942 ], [ -38.524496599999964, -12.987470099999952 ], [ -38.524411799999939, -12.987332799999937 ], [ -38.524341899999968, -12.987284099999947 ], [ -38.52424, -12.987215299999937 ], [ -38.524152699999945, -12.987126599999947 ], [ -38.524135299999955, -12.987063699999958 ], [ -38.52411509999996, -12.986952199999964 ], [ -38.524077299999924, -12.986831199999941 ], [ -38.523995799999966, -12.986742499999947 ], [ -38.523905299999967, -12.986690199999929 ], [ -38.523788799999984, -12.986612799999934 ], [ -38.523736499999984, -12.986515599999958 ], [ -38.523655399999939, -12.986392899999929 ], [ -38.523562499999969, -12.986311699999924 ], [ -38.523467, -12.986248199999975 ], [ -38.523399899999959, -12.986177199999926 ], [ -38.523317299999974, -12.986113699999963 ], [ -38.523239699999976, -12.986027099999946 ], [ -38.523165, -12.985913 ], [ -38.523156899999947, -12.985884799999965 ], [ -38.523105899999962, -12.985707699999969 ], [ -38.523024299999975, -12.985463199999973 ], [ -38.522910699999947, -12.985188099999956 ], [ -38.522738399999987, -12.984881 ], [ -38.522650199999937, -12.984790699999973 ], [ -38.52256239999997, -12.984688299999947 ], [ -38.522474599999953, -12.984518799999945 ], [ -38.522406299999943, -12.984429099999941 ], [ -38.522276, -12.984317 ], [ -38.522150899999936, -12.984254899999954 ], [ -38.522012399999937, -12.984159499999985 ], [ -38.521823, -12.984023199999971 ], [ -38.521693699999958, -12.983950499999915 ], [ -38.521541099999979, -12.983932099999935 ], [ -38.521430799999962, -12.983926299999956 ], [ -38.521352399999948, -12.983916199999952 ], [ -38.521286699999969, -12.983886399999948 ], [ -38.521216, -12.983826699999947 ], [ -38.521201, -12.983725099999949 ], [ -38.521198599999941, -12.983673099999971 ], [ -38.521208699999939, -12.983665599999945 ], [ -38.521226399999932, -12.983663199999961 ], [ -38.521264299999984, -12.983675699999941 ], [ -38.521340199999941, -12.983690699999949 ], [ -38.521398399999953, -12.98369079999998 ], [ -38.521428699999952, -12.983680899999976 ], [ -38.521449, -12.983646299999981 ], [ -38.521451599999985, -12.983611599999952 ], [ -38.521441599999953, -12.983566899999968 ], [ -38.52139109999996, -12.983519699999929 ], [ -38.521340599999974, -12.983460199999966 ], [ -38.521310399999948, -12.983395699999944 ], [ -38.521244599999925, -12.983260899999955 ], [ -38.521138699999938, -12.982822299999942 ], [ -38.521121099999952, -12.982791799999978 ], [ -38.520925699999957, -12.982452699999961 ], [ -38.52056539999996, -12.982092599999914 ], [ -38.520334599999956, -12.981923499999933 ], [ -38.520306499999947, -12.981902899999982 ], [ -38.520118399999944, -12.981721899999961 ], [ -38.519991599999976, -12.9816021 ], [ -38.519900299999961, -12.981457499999985 ], [ -38.519875199999944, -12.981308 ], [ -38.519926299999952, -12.98116859999994 ], [ -38.519967099999981, -12.981123799999974 ], [ -38.520036299999958, -12.981106199999941 ], [ -38.520146199999949, -12.981103899999919 ], [ -38.520216099999971, -12.981086899999987 ], [ -38.522442699999942, -12.979388699999939 ], [ -38.522998199999954, -12.978965499999955 ], [ -38.523036599999962, -12.978911 ], [ -38.523040199999976, -12.978859899999961 ], [ -38.523009099999982, -12.978767799999948 ], [ -38.521147599999949, -12.976461099999938 ], [ -38.52113079999998, -12.976454 ], [ -38.521112799999962, -12.976458699999977 ], [ -38.521075699999983, -12.976482499999982 ], [ -38.521066099999985, -12.976494199999916 ], [ -38.521058899999964, -12.976509499999947 ], [ -38.521061299999978, -12.976522399999977 ], [ -38.521072, -12.976541299999958 ], [ -38.522802599999984, -12.978741 ], [ -38.522819499999969, -12.978788099999962 ], [ -38.522825, -12.978838 ], [ -38.522810799999945, -12.978869399999937 ], [ -38.522789099999954, -12.978896099999917 ], [ -38.520498499999981, -12.980699499999956 ], [ -38.520471399999963, -12.980721399999938 ], [ -38.520454899999955, -12.980721399999936 ], [ -38.520434799999975, -12.98071669999997 ], [ -38.520399499999947, -12.980687799999945 ], [ -38.520149, -12.980345199999919 ], [ -38.520142399999948, -12.980327199999977 ], [ -38.520145799999966, -12.980312499999956 ], [ -38.520154199999979, -12.980291199999943 ], [ -38.520160899999951, -12.980251899999931 ], [ -38.52015769999997, -12.9802109 ], [ -38.520134299999938, -12.980169899999973 ], [ -38.51966, -12.97961079999992 ], [ -38.519625899999944, -12.979580199999921 ], [ -38.51958, -12.979571399999942 ], [ -38.519440699999969, -12.979569699999947 ], [ -38.519413899999961, -12.979571899999939 ], [ -38.519408799999951, -12.979573599999984 ], [ -38.519375099999934, -12.979584699999984 ], [ -38.519213199999975, -12.97971939999997 ], [ -38.51917229999998, -12.979747899999957 ], [ -38.51916, -12.979749299999973 ], [ -38.51914689999996, -12.979748599999935 ], [ -38.5191258, -12.979736399999965 ], [ -38.518467199999975, -12.978914499999968 ], [ -38.518459199999938, -12.978910299999942 ], [ -38.5184455, -12.97890759999995 ], [ -38.518428199999967, -12.97891119999997 ], [ -38.518403599999942, -12.97893249999994 ], [ -38.518377199999975, -12.978945899999944 ], [ -38.518341699999958, -12.978942199999956 ], [ -38.518287099999952, -12.978923399999937 ], [ -38.518188799999962, -12.978887499999923 ], [ -38.517886899999951, -12.978766799999974 ], [ -38.517793299999937, -12.97872159999997 ], [ -38.517605199999934, -12.978594899999973 ], [ -38.517438599999942, -12.978409099999967 ], [ -38.517190699999951, -12.978012299999945 ], [ -38.516971699999949, -12.977653899999943 ], [ -38.516890399999973, -12.977468299999925 ], [ -38.516801699999974, -12.977293599999935 ], [ -38.51678249999997, -12.977227699999963 ], [ -38.516771599999963, -12.977179299999939 ], [ -38.51677889999997, -12.977156 ], [ -38.516824699999965, -12.977134599999941 ], [ -38.517611199999983, -12.976762499999934 ], [ -38.51762569999994, -12.976741199999946 ], [ -38.517624, -12.976712699999956 ], [ -38.517528199999965, -12.976522299999949 ], [ -38.517499199999975, -12.976493799999961 ], [ -38.517477399999962, -12.976488399999937 ], [ -38.517453799999949, -12.976488399999926 ], [ -38.517410299999938, -12.976504299999913 ], [ -38.517290899999985, -12.976560799999955 ], [ -38.517275099999949, -12.976567399999963 ], [ -38.517261599999983, -12.976566299999922 ], [ -38.517235599999943, -12.976546299999946 ], [ -38.516417599999947, -12.975591599999978 ], [ -38.516275799999967, -12.975379099999927 ], [ -38.516253099999972, -12.975345599999958 ], [ -38.516254099999969, -12.975333899999947 ], [ -38.516305299999949, -12.975300299999956 ], [ -38.516515199999958, -12.975163599999973 ], [ -38.516544899999985, -12.97512609999996 ], [ -38.516641599999957, -12.974999099999934 ], [ -38.51724779999995, -12.974167899999937 ], [ -38.51834439999994, -12.97259759999997 ], [ -38.5192249, -12.971326299999937 ], [ -38.51953529999998, -12.970808099999928 ], [ -38.51982959999998, -12.970159599999912 ], [ -38.519985, -12.96971589999993 ], [ -38.520114499999977, -12.969307 ], [ -38.520261599999962, -12.968576199999987 ], [ -38.520312399999973, -12.968090099999914 ], [ -38.520324399999943, -12.967930399999929 ], [ -38.520321299999978, -12.967899299999962 ], [ -38.520306499999954, -12.967886799999969 ], [ -38.520284299999965, -12.967884699999956 ], [ -38.520274799999974, -12.967887799999968 ], [ -38.520264099999956, -12.967901199999989 ], [ -38.52025869999995, -12.967957199999942 ], [ -38.520243099999966, -12.968251399999946 ], [ -38.520174199999929, -12.968763099999951 ], [ -38.520147, -12.968914399999955 ], [ -38.520042799999942, -12.969360899999955 ], [ -38.519984399999949, -12.969554599999976 ], [ -38.519782899999939, -12.970127399999964 ], [ -38.519707799999935, -12.970285599999965 ], [ -38.519403799999957, -12.970913099999969 ], [ -38.519089799999961, -12.971373899999945 ], [ -38.518499899999945, -12.972210099999918 ], [ -38.517725899999959, -12.973305399999948 ], [ -38.517309299999965, -12.973906499999936 ], [ -38.516488499999973, -12.975076 ], [ -38.514844, -12.973425799999976 ], [ -38.514831399999927, -12.9734223 ], [ -38.514823699999965, -12.973425099999929 ], [ -38.514820099999952, -12.973431299999945 ], [ -38.514801699999971, -12.973529 ], [ -38.514802099999947, -12.973543 ], [ -38.514805099999926, -12.973549699999976 ], [ -38.514895399999951, -12.973643 ], [ -38.514899299999968, -12.973653099999968 ], [ -38.514892199999963, -12.97366 ], [ -38.514693699999953, -12.973857099999979 ], [ -38.514482099999952, -12.973664199999977 ], [ -38.514464399999952, -12.973657699999929 ], [ -38.514447699999941, -12.973659799999938 ], [ -38.514425499999966, -12.973677199999932 ], [ -38.514402, -12.973688 ], [ -38.514381499999956, -12.973684899999965 ], [ -38.514238599999935, -12.973514699999962 ], [ -38.514232299999954, -12.97349459999997 ], [ -38.514232299999954, -12.973483899999971 ], [ -38.514475099999977, -12.973237599999935 ], [ -38.51448, -12.973233599999956 ], [ -38.514482299999941, -12.973233599999954 ], [ -38.5144916, -12.973236699999967 ], [ -38.514571399999959, -12.973321199999933 ], [ -38.51458149999997, -12.973328099999936 ], [ -38.514591499999938, -12.973326599999945 ], [ -38.514596199999971, -12.973316699999959 ], [ -38.51460789999993, -12.973290599999924 ], [ -38.514608699999933, -12.973272399999914 ], [ -38.514601899999953, -12.973181799999978 ], [ -38.514594199999976, -12.973168899999953 ], [ -38.514419, -12.972992099999933 ], [ -38.514414099999946, -12.972978699999953 ], [ -38.514468199999946, -12.972843499999941 ], [ -38.514492199999943, -12.972806599999966 ], [ -38.514747299999954, -12.972551499999936 ], [ -38.515444399999971, -12.971857299999945 ], [ -38.515467099999974, -12.971835299999952 ], [ -38.515474, -12.971824799999977 ], [ -38.515474099999949, -12.971814299999942 ], [ -38.515466399999973, -12.971801499999975 ], [ -38.51267809999996, -12.9690917 ], [ -38.512674399999987, -12.969086399999961 ], [ -38.512672799999962, -12.969082199999947 ], [ -38.512672099999975, -12.969077599999951 ], [ -38.512675799999961, -12.969072 ], [ -38.51272229999995, -12.969029599999946 ], [ -38.512729599999943, -12.96902169999993 ], [ -38.51273029999993, -12.969015899999928 ], [ -38.512728599999939, -12.969007699999962 ], [ -38.512547599999955, -12.968831899999934 ], [ -38.511424699999964, -12.967741 ], [ -38.510784199999932, -12.967122099999933 ], [ -38.510769, -12.967104699999926 ], [ -38.510727699999961, -12.967038299999942 ], [ -38.51050349999997, -12.966657099999964 ], [ -38.510497499999929, -12.966651199999944 ], [ -38.510490899999979, -12.966648 ], [ -38.510479699999955, -12.966648 ], [ -38.510426699999982, -12.966674399999921 ], [ -38.510419399999932, -12.966677699999918 ], [ -38.510411499999975, -12.966677699999934 ], [ -38.510403499999939, -12.966672499999953 ], [ -38.509568499999936, -12.965240299999959 ], [ -38.509021699999956, -12.96430679999998 ], [ -38.507841, -12.962301499999963 ], [ -38.507128299999977, -12.961094499999959 ], [ -38.507116599999961, -12.961068 ], [ -38.507114299999955, -12.961045 ], [ -38.507140199999981, -12.961003599999962 ], [ -38.508490599999952, -12.95938 ], [ -38.508498599999932, -12.959361499999966 ], [ -38.508495699999969, -12.959337399999969 ], [ -38.508295699999969, -12.958784699999974 ], [ -38.508150099999973, -12.958378799999943 ], [ -38.507738099999983, -12.957231099999929 ], [ -38.507351799999988, -12.956154899999941 ], [ -38.505742299999959, -12.956071199999942 ], [ -38.505704099999953, -12.956055599999953 ], [ -38.505669799999964, -12.956014099999953 ], [ -38.505635699999971, -12.955926299999938 ], [ -38.50563029999995, -12.95584929999997 ], [ -38.505624699999942, -12.955805299999962 ], [ -38.505581899999981, -12.955728199999962 ], [ -38.505347299999976, -12.955477699999973 ], [ -38.505217499999965, -12.955405699999988 ], [ -38.505144399999949, -12.955387099999939 ], [ -38.505071199999968, -12.95539389999993 ], [ -38.505007399999954, -12.955433099999949 ], [ -38.50487089999995, -12.955187599999944 ], [ -38.504762699999965, -12.954950499999935 ], [ -38.504729899999973, -12.954876599999974 ], [ -38.504700899999925, -12.95482289999994 ], [ -38.504674199999947, -12.954749799999957 ], [ -38.504655699999944, -12.954680099999958 ], [ -38.504645399999966, -12.954602 ], [ -38.504643199999975, -12.954543499999939 ], [ -38.504647, -12.954536299999976 ], [ -38.504704799999963, -12.954505099999942 ], [ -38.504642299999951, -12.954356799999957 ], [ -38.504575, -12.954378599999927 ], [ -38.504567399999985, -12.954378 ], [ -38.504556499999978, -12.954371699999971 ], [ -38.504537399999954, -12.954335299999963 ], [ -38.504508, -12.954305199999956 ], [ -38.504469599999929, -12.954262 ], [ -38.504390499999943, -12.954152499999964 ], [ -38.504286799999932, -12.953912399999972 ], [ -38.504203399999945, -12.953776 ], [ -38.50415049999998, -12.953725899999945 ], [ -38.504127099999941, -12.953691899999967 ], [ -38.504118, -12.953657 ], [ -38.504119099999969, -12.953615 ], [ -38.504194399999953, -12.953380599999944 ], [ -38.504278199999938, -12.953181499999962 ], [ -38.504409199999934, -12.952889499999964 ], [ -38.5045042, -12.952661399999949 ], [ -38.504544799999962, -12.952525099999947 ], [ -38.504592699999939, -12.952390199999973 ], [ -38.504620299999935, -12.95230589999994 ], [ -38.504646, -12.952268299999959 ], [ -38.504728499999942, -12.952181399999956 ], [ -38.504778299999941, -12.952108 ], [ -38.504789499999966, -12.952056699999945 ], [ -38.504786299999985, -12.952015299999971 ], [ -38.504765299999974, -12.95197549999995 ], [ -38.504728, -12.951954799999944 ], [ -38.504676099999983, -12.951949899999926 ], [ -38.504624099999958, -12.951959399999975 ], [ -38.504581899999948, -12.951987899999953 ], [ -38.504558199999963, -12.952033 ], [ -38.504353599999945, -12.952571899999946 ], [ -38.504309199999966, -12.952645799999971 ], [ -38.504285, -12.952666399999941 ], [ -38.504242899999959, -12.952669499999958 ], [ -38.5041945, -12.952667799999958 ], [ -38.50416539999997, -12.952656699999981 ], [ -38.504146, -12.952640799999934 ], [ -38.504146099999964, -12.952618599999923 ], [ -38.504147699999983, -12.952601199999938 ], [ -38.504168799999945, -12.952588599999959 ], [ -38.504193, -12.952585499999952 ], [ -38.504223699999955, -12.952576 ], [ -38.504241599999943, -12.952552299999986 ], [ -38.504261, -12.952520699999987 ], [ -38.504264199999973, -12.952506599999943 ], [ -38.504260199999983, -12.952499599999946 ], [ -38.504200499999975, -12.952458799999938 ], [ -38.5041806, -12.952454099999937 ], [ -38.504169499999932, -12.95245719999998 ], [ -38.504156699999946, -12.952468899999943 ], [ -38.504147899999957, -12.952482199999963 ], [ -38.504143099999965, -12.952488399999918 ], [ -38.504129599999935, -12.952492299999967 ], [ -38.504119199999934, -12.952486 ], [ -38.504112099999936, -12.952468099999985 ], [ -38.504095799999966, -12.952445399999927 ], [ -38.504072, -12.952429399999961 ], [ -38.504055799999946, -12.952422599999979 ], [ -38.504044499999971, -12.95242319999994 ], [ -38.504033199999981, -12.952436099999947 ], [ -38.5040188, -12.952454399999972 ], [ -38.504001199999948, -12.95246549999996 ], [ -38.503986199999929, -12.95246539999995 ], [ -38.503966199999986, -12.952456799999943 ], [ -38.503951799999982, -12.952431 ], [ -38.50394, -12.952387399999971 ], [ -38.503935699999943, -12.952345099999937 ], [ -38.503951599999937, -12.95229 ], [ -38.50397879999997, -12.952222799999973 ], [ -38.503996799999982, -12.952218399999936 ], [ -38.50401259999996, -12.952201899999963 ], [ -38.504027199999946, -12.952174399999931 ], [ -38.504037399999959, -12.952144599999926 ], [ -38.50408489999996, -12.952043 ], [ -38.504090399999939, -12.952018199999936 ], [ -38.504088799999984, -12.951995899999941 ], [ -38.504078799999945, -12.951975699999945 ], [ -38.504061099999944, -12.951963199999971 ], [ -38.504047799999967, -12.951960399999969 ], [ -38.504025899999938, -12.951958199999979 ], [ -38.504007799999961, -12.951962099999944 ], [ -38.503992899999965, -12.951975099999961 ], [ -38.503969, -12.952018 ], [ -38.50392659999995, -12.952134399999963 ], [ -38.503923799999939, -12.952154199999939 ], [ -38.503924499999989, -12.952172699999934 ], [ -38.503927899999958, -12.95218429999993 ], [ -38.503928599999938, -12.952196599999976 ], [ -38.50392439999996, -12.952215 ], [ -38.503856, -12.952363599999952 ], [ -38.503841099999939, -12.952369599999935 ], [ -38.503796199999954, -12.952373799999986 ], [ -38.503772399999946, -12.952372 ], [ -38.503747799999985, -12.952360799999935 ], [ -38.503729399999948, -12.952336599999965 ], [ -38.503714499999937, -12.952299499999981 ], [ -38.503704299999981, -12.952247399999981 ], [ -38.503705499999967, -12.952226699999935 ], [ -38.50373, -12.952201699999925 ], [ -38.503743299999947, -12.952183299999952 ], [ -38.503742299999949, -12.952156099999975 ], [ -38.503727899999944, -12.952143 ], [ -38.50371789999997, -12.952138599999952 ], [ -38.503710099999978, -12.952135299999961 ], [ -38.503702299999937, -12.952132 ], [ -38.503701199999966, -12.952126599999939 ], [ -38.503716499999939, -12.9520406 ], [ -38.503718799999952, -12.952036799999963 ], [ -38.503727399999953, -12.952037599999921 ], [ -38.503749199999959, -12.952038399999918 ], [ -38.503771099999931, -12.952033799999986 ], [ -38.503780499999948, -12.952020799999961 ], [ -38.503784399999972, -12.951991799999975 ], [ -38.503782899999976, -12.951967299999968 ], [ -38.503774399999948, -12.951950499999942 ], [ -38.503763499999934, -12.951945899999945 ], [ -38.503751799999975, -12.95194209999994 ], [ -38.50373929999995, -12.951942 ], [ -38.503728399999943, -12.951939699999985 ], [ -38.5037167, -12.95193509999997 ], [ -38.503713599999969, -12.951930499999959 ], [ -38.503714399999978, -12.951910699999928 ], [ -38.503738399999975, -12.95181049999996 ], [ -38.503738499999933, -12.951782499999977 ], [ -38.503727699999949, -12.951765099999943 ], [ -38.503715899999975, -12.95175929999994 ], [ -38.503700099999953, -12.951759299999937 ], [ -38.503684399999941, -12.951764099999922 ], [ -38.503661699999967, -12.951764 ], [ -38.503641099999989, -12.951759199999957 ], [ -38.503625399999983, -12.951748499999962 ], [ -38.503610599999945, -12.951740799999968 ], [ -38.503601799999956, -12.951740799999982 ], [ -38.503586, -12.951744599999932 ], [ -38.503569199999959, -12.9517552 ], [ -38.503564299999937, -12.951775399999976 ], [ -38.50349109999997, -12.952134399999961 ], [ -38.503475299999927, -12.952186299999935 ], [ -38.503461199999947, -12.952217 ], [ -38.503456, -12.952218799999976 ], [ -38.503439199999939, -12.952224699999933 ], [ -38.503422, -12.95221689999995 ], [ -38.503411, -12.9522 ], [ -38.503408799999931, -12.952194299999976 ], [ -38.503361099999957, -12.952072399999976 ], [ -38.503197, -12.951736299999919 ], [ -38.503086499999938, -12.951560899999931 ], [ -38.503079599999971, -12.951549799999949 ], [ -38.503039799999961, -12.951466 ], [ -38.502978, -12.951335799999972 ], [ -38.502941699999958, -12.951266899999942 ], [ -38.5028685, -12.95112779999994 ], [ -38.502803, -12.951 ], [ -38.502764599999985, -12.950904899999955 ], [ -38.502758299999982, -12.950888899999949 ], [ -38.502724499999943, -12.950803799999964 ], [ -38.502696299999975, -12.950633899999948 ], [ -38.502679299999954, -12.950373699999933 ], [ -38.502663599999956, -12.950243899999968 ], [ -38.502660599999956, -12.950234899999943 ], [ -38.50265, -12.950227499999936 ], [ -38.502634, -12.950225199999974 ], [ -38.502573199999979, -12.950229199999956 ], [ -38.502565499999939, -12.950234799999977 ], [ -38.502562599999969, -12.950250799999946 ], [ -38.502558099999931, -12.950345399999964 ], [ -38.5025457, -12.950607199999972 ], [ -38.502540899999936, -12.95061559999993 ], [ -38.50252659999996, -12.950620199999967 ], [ -38.502516499999963, -12.950625199999934 ], [ -38.502511299999981, -12.950627699999925 ], [ -38.502506499999981, -12.950645499999959 ], [ -38.5025007, -12.950681 ], [ -38.502493, -12.950709099999933 ], [ -38.502486199999964, -12.95072589999997 ], [ -38.502471899999932, -12.950737099999953 ], [ -38.502425099999989, -12.950738899999971 ], [ -38.50205109999996, -12.950718499999939 ], [ -38.502016399999945, -12.950710899999924 ], [ -38.501967599999951, -12.950700399999937 ], [ -38.501896899999956, -12.950685099999927 ], [ -38.501856199999963, -12.950667399999938 ], [ -38.501809299999941, -12.950647099999985 ], [ -38.501782, -12.950621899999941 ], [ -38.501757499999947, -12.950613899999954 ], [ -38.501741, -12.950608499999944 ], [ -38.501691499999936, -12.950603299999962 ], [ -38.501687599999961, -12.950603 ], [ -38.50165219999996, -12.950599899999924 ], [ -38.501636399999946, -12.95059059999994 ], [ -38.50163509999993, -12.950589799999939 ], [ -38.501634299999978, -12.950587899999956 ], [ -38.501616399999939, -12.950544599999942 ], [ -38.501579199999988, -12.950360299999931 ], [ -38.501574399999988, -12.950325599999935 ], [ -38.501565599999935, -12.950262599999979 ], [ -38.501569099999983, -12.950199 ], [ -38.501570899999933, -12.95018079999994 ], [ -38.501573099999973, -12.950159799999934 ], [ -38.501574299999966, -12.9501471 ], [ -38.50159489999993, -12.950122 ], [ -38.5016189, -12.950095199999957 ], [ -38.501634299999985, -12.950073499999963 ], [ -38.50163509999993, -12.950070299999933 ], [ -38.501635399999941, -12.950068699999989 ], [ -38.501639499999953, -12.95005169999996 ], [ -38.50164419999993, -12.950025 ], [ -38.501653699999963, -12.950016799999958 ], [ -38.50167289999996, -12.950014499999929 ], [ -38.502458499999932, -12.950054699999949 ], [ -38.502487199999962, -12.950051199999978 ], [ -38.502566099999974, -12.950020899999975 ], [ -38.50265, -12.949999899999975 ], [ -38.502709799999934, -12.95 ], [ -38.50285439999994, -12.94999669999992 ], [ -38.50292879999995, -12.949982799999937 ], [ -38.502958699999965, -12.949966399999935 ], [ -38.502964699999957, -12.949937199999967 ], [ -38.50296479999998, -12.949900899999928 ], [ -38.502949299999948, -12.949885599999964 ], [ -38.50289429999998, -12.949877299999971 ], [ -38.502833399999929, -12.949856099999987 ], [ -38.502798799999937, -12.949833799999981 ], [ -38.502771299999957, -12.94979869999997 ], [ -38.502764099999986, -12.94976559999998 ], [ -38.502783699999959, -12.949612 ], [ -38.50286489999997, -12.948600399999954 ], [ -38.502882199999931, -12.948113899999948 ], [ -38.502890399999956, -12.948071599999938 ], [ -38.502920199999949, -12.948037299999948 ], [ -38.502931099999955, -12.947992399999958 ], [ -38.502942099999984, -12.947884 ], [ -38.502926099999961, -12.947750899999972 ], [ -38.502920899999936, -12.947676899999967 ], [ -38.502926399999978, -12.947634599999958 ], [ -38.50294, -12.947576399999946 ], [ -38.502940199999962, -12.947491799999961 ], [ -38.502924199999939, -12.947353199999963 ], [ -38.502913599999935, -12.947273799999943 ], [ -38.502877, -12.947232199999981 ], [ -38.502846199999965, -12.947212 ], [ -38.502786399999941, -12.947201799999956 ], [ -38.502762099999984, -12.94720629999996 ], [ -38.502724699999924, -12.947230099999956 ], [ -38.502700299999965, -12.947256599999937 ], [ -38.502697499999954, -12.94728589999994 ], [ -38.5026946, -12.94730879999997 ], [ -38.502707899999962, -12.947342099999963 ], [ -38.502719099999979, -12.9473594 ], [ -38.502750699999979, -12.947370399999951 ], [ -38.502769299999947, -12.947385099999963 ], [ -38.502772, -12.947411499999919 ], [ -38.502772799999946, -12.94746259999992 ], [ -38.502758899999954, -12.947605599999982 ], [ -38.502715899999934, -12.947656899999977 ], [ -38.502642, -12.947705699999974 ], [ -38.502606299999968, -12.947715 ], [ -38.502586199999939, -12.947709 ], [ -38.50224819999994, -12.947321099999938 ], [ -38.502239799999984, -12.947294799999959 ], [ -38.50223989999995, -12.947250899999986 ], [ -38.502297499999941, -12.946977099999978 ], [ -38.50230339999996, -12.946957 ], [ -38.502325499999984, -12.946939699999978 ], [ -38.502368099999956, -12.946915399999989 ], [ -38.502438899999959, -12.946827199999959 ], [ -38.502462499999986, -12.946776799999951 ], [ -38.502462599999951, -12.946723499999974 ], [ -38.502442099999946, -12.946668799999937 ], [ -38.50242309999993, -12.946563099999938 ], [ -38.502412099999965, -12.946442 ], [ -38.502453499999952, -12.946313699999962 ], [ -38.50265329999997, -12.945689499999943 ], [ -38.502977, -12.944888599999961 ], [ -38.50340939999996, -12.943733699999921 ], [ -38.503431399999954, -12.943693 ], [ -38.503615499999967, -12.943352099999979 ], [ -38.504024399999935, -12.942605699999946 ], [ -38.504404099999938, -12.94185479999993 ], [ -38.504536899999941, -12.941585099999942 ], [ -38.504678399999939, -12.94135889999996 ], [ -38.504961699999967, -12.940937199999958 ], [ -38.505235199999966, -12.940601499999959 ], [ -38.505314, -12.940509799999981 ], [ -38.505532599999988, -12.94025559999994 ], [ -38.505795899999953, -12.939913 ], [ -38.506301399999984, -12.939258 ], [ -38.506495299999983, -12.939030599999972 ], [ -38.506597299999953, -12.938877699999967 ], [ -38.506717499999979, -12.938703599999924 ], [ -38.506833099999938, -12.938514799999959 ], [ -38.506968899999947, -12.938205899999977 ], [ -38.507075499999985, -12.938032599999945 ], [ -38.507177799999972, -12.937934199999971 ], [ -38.507685499999987, -12.937470299999967 ], [ -38.508076099999982, -12.937089 ], [ -38.50823319999995, -12.936900399999942 ], [ -38.508423, -12.936690699999927 ], [ -38.508531199999936, -12.936582799999927 ], [ -38.50861069999997, -12.936505299999947 ], [ -38.508641699999941, -12.936474899999947 ], [ -38.509074799999958, -12.936061499999935 ], [ -38.509337199999955, -12.935724399999971 ], [ -38.509445399999954, -12.935574299999942 ], [ -38.509483499999924, -12.935539299999943 ], [ -38.509667699999973, -12.935384799999948 ], [ -38.509723099999967, -12.935338299999955 ], [ -38.509964699999955, -12.935166299999953 ], [ -38.510054199999956, -12.935079 ], [ -38.510586799999942, -12.93456169999995 ], [ -38.510921, -12.934248299999981 ], [ -38.511025499999967, -12.934161399999924 ], [ -38.511509799999942, -12.933808699999936 ], [ -38.511880399999946, -12.933556599999967 ], [ -38.512428899999982, -12.933172499999941 ], [ -38.512882899999973, -12.932911899999967 ], [ -38.513255899999933, -12.932725599999973 ], [ -38.513373699999931, -12.932672 ], [ -38.513452199999954, -12.932618299999952 ], [ -38.513718, -12.932452899999936 ], [ -38.513829899999962, -12.932385799999967 ], [ -38.513896699999968, -12.93233219999996 ], [ -38.513959, -12.932267399999947 ], [ -38.513965699999972, -12.932263 ], [ -38.514030399999967, -12.932219799999922 ], [ -38.514102199999968, -12.932167 ], [ -38.514176299999967, -12.932109699999947 ], [ -38.514247199999943, -12.932073599999962 ], [ -38.514562499999961, -12.931911099999976 ], [ -38.514906099999969, -12.931713699999932 ], [ -38.515394699999952, -12.931437 ], [ -38.515630199999976, -12.931312599999943 ], [ -38.515970199999963, -12.931114899999965 ], [ -38.516040699999955, -12.931073899999936 ], [ -38.516176499999965, -12.9309982 ], [ -38.516483899999976, -12.930806199999957 ], [ -38.516611399999931, -12.930706499999937 ], [ -38.516752899999972, -12.930636599999952 ], [ -38.516920399999954, -12.930567 ], [ -38.51710989999998, -12.930505499999981 ], [ -38.5173483, -12.930432899999964 ], [ -38.517436499999967, -12.930430199999927 ], [ -38.51753089999994, -12.930437499999975 ], [ -38.517568699999977, -12.930440699999965 ], [ -38.517615699999965, -12.930444799999979 ], [ -38.517797299999984, -12.93042609999998 ], [ -38.51786519999996, -12.93039539999994 ], [ -38.517940299999971, -12.930345699999965 ], [ -38.518161299999967, -12.930208 ], [ -38.518197699999973, -12.930160599999978 ], [ -38.518224499999974, -12.930091799999948 ], [ -38.518258499999952, -12.930049199999923 ], [ -38.518299799999959, -12.92998039999998 ], [ -38.518312, -12.929902099999939 ], [ -38.518329299999948, -12.929760799999954 ], [ -38.518348799999963, -12.92956089999994 ], [ -38.518363299999983, -12.929509099999967 ], [ -38.518425799999932, -12.929464499999945 ], [ -38.51862529999994, -12.929335499999976 ], [ -38.518849499999924, -12.92922 ], [ -38.518897599999939, -12.929187099999988 ], [ -38.518912099999973, -12.929166 ], [ -38.518933699999934, -12.929147199999939 ], [ -38.518952899999924, -12.929147199999939 ], [ -38.518974499999956, -12.929156699999965 ], [ -38.519010499999979, -12.92918029999991 ], [ -38.519041699999946, -12.929168599999979 ], [ -38.519073, -12.929145099999975 ], [ -38.519118599999956, -12.92914519999994 ], [ -38.519154499999956, -12.929168799999967 ], [ -38.519241099999931, -12.929268 ], [ -38.519286499999964, -12.929283 ], [ -38.519362299999962, -12.929255299999975 ], [ -38.519400299999973, -12.929220099999949 ], [ -38.51944009999994, -12.929175599999942 ], [ -38.519477299999942, -12.929133899999949 ], [ -38.51949239999994, -12.929121 ], [ -38.519502899999964, -12.929117799999979 ], [ -38.51952, -12.929118499999966 ], [ -38.519555099999941, -12.929117199999956 ], [ -38.519574299999931, -12.929107 ], [ -38.519599399999954, -12.929081399999975 ], [ -38.519607, -12.929062599999948 ], [ -38.51961109999997, -12.929040899999976 ], [ -38.519614599999954, -12.929011099999956 ], [ -38.51962489999994, -12.928996699999979 ], [ -38.519639699999978, -12.928973799999923 ], [ -38.519645599999926, -12.928952899999949 ], [ -38.519675, -12.928917699999943 ], [ -38.519698499999947, -12.928904799999955 ], [ -38.519715499999968, -12.928872399999911 ], [ -38.519722099999974, -12.928847899999944 ], [ -38.51971929999997, -12.92881519999996 ], [ -38.519692099999929, -12.928703 ], [ -38.519681599999956, -12.928625 ], [ -38.5196658, -12.928575599999913 ], [ -38.519623399999944, -12.928541799999943 ], [ -38.51959439999996, -12.928502799999922 ], [ -38.51959979999998, -12.928435199999974 ], [ -38.519605299999967, -12.928349499999959 ], [ -38.519619, -12.928326499999963 ], [ -38.519629099999975, -12.928322 ], [ -38.519640099999954, -12.928322899999946 ], [ -38.51965759999996, -12.928330199999937 ], [ -38.519677799999947, -12.928330199999955 ], [ -38.519692499999962, -12.928326599999915 ], [ -38.519715499999968, -12.928312299999961 ], [ -38.519734799999981, -12.928277199999977 ], [ -38.519735799999971, -12.928239399999939 ], [ -38.519696699999947, -12.928152699999936 ], [ -38.519639699999978, -12.928097199999961 ], [ -38.519608699999935, -12.928069299999956 ], [ -38.519572599999947, -12.928066699999926 ], [ -38.519531199999967, -12.928089399999978 ], [ -38.51947169999994, -12.928134799999951 ], [ -38.519425, -12.928241099999987 ], [ -38.519388599999957, -12.928387799999928 ], [ -38.519383299999966, -12.928441 ], [ -38.519365099999952, -12.928476399999971 ], [ -38.519303099999945, -12.928501599999942 ], [ -38.519234199999978, -12.928519099999972 ], [ -38.519181599999975, -12.928525299999944 ], [ -38.51911529999996, -12.928522699999956 ], [ -38.519075699999981, -12.928513799999962 ], [ -38.519062499999968, -12.928507 ], [ -38.519056899999946, -12.928492199999935 ], [ -38.519011499999984, -12.928294099999976 ], [ -38.519014299999981, -12.928272299999946 ], [ -38.519026599999961, -12.928248799999958 ], [ -38.519210799999932, -12.92796529999991 ], [ -38.519216099999937, -12.927959499999922 ], [ -38.519225899999988, -12.9279572 ], [ -38.519248399999981, -12.927953199999942 ], [ -38.519252299999948, -12.927950199999929 ], [ -38.519252699999988, -12.927943699999965 ], [ -38.519241799999968, -12.927886 ], [ -38.519239899999945, -12.927881799999959 ], [ -38.51923689999996, -12.92788089999992 ], [ -38.519231, -12.927880899999941 ], [ -38.519216699999966, -12.9278821 ], [ -38.519209899999964, -12.927881499999966 ], [ -38.519206599999961, -12.92788 ], [ -38.519204099999975, -12.927872199999971 ], [ -38.519190699999967, -12.927808299999974 ], [ -38.519190699999967, -12.927803 ], [ -38.519191499999984, -12.9278 ], [ -38.519194899999945, -12.927797699999935 ], [ -38.519233699999972, -12.927791599999965 ], [ -38.519235399999957, -12.927789399999947 ], [ -38.519236599999942, -12.927785 ], [ -38.519230899999968, -12.92774659999996 ], [ -38.519229099999961, -12.927741099999919 ], [ -38.519224799999968, -12.927739399999957 ], [ -38.519113299999965, -12.92775919999996 ], [ -38.519106799999982, -12.927761699999962 ], [ -38.519103799999982, -12.927766799999972 ], [ -38.519103399999949, -12.927771799999965 ], [ -38.51910469999995, -12.9277858 ], [ -38.519109799999974, -12.927807299999923 ], [ -38.519113299999965, -12.927814199999942 ], [ -38.519117399999971, -12.927818099999962 ], [ -38.519124899999959, -12.927818099999982 ], [ -38.519134299999962, -12.927817099999981 ], [ -38.519152899999945, -12.927812099999914 ], [ -38.519161499999939, -12.927811599999908 ], [ -38.519165799999939, -12.927814299999953 ], [ -38.519180499999948, -12.927869399999963 ], [ -38.519182499999943, -12.92788329999996 ], [ -38.519182199999932, -12.927887299999947 ], [ -38.519178199999942, -12.927891299999951 ], [ -38.519167099999954, -12.927892899999966 ], [ -38.519162799999947, -12.927894599999936 ], [ -38.519161499999939, -12.927899199999974 ], [ -38.519162699999988, -12.927911 ], [ -38.519165299999941, -12.927926099999967 ], [ -38.519165699999974, -12.927933199999929 ], [ -38.519160099999965, -12.927943299999971 ], [ -38.518970099999926, -12.928233299999924 ], [ -38.518960299999947, -12.928246499999952 ], [ -38.518957599999965, -12.928257599999935 ], [ -38.518957099999966, -12.928268199999929 ], [ -38.518956499999938, -12.928282499999971 ], [ -38.518952699999943, -12.928288299999959 ], [ -38.518941299999938, -12.928293099999948 ], [ -38.518799499999943, -12.928342399999952 ], [ -38.518795899999944, -12.92834779999993 ], [ -38.51879589999993, -12.928353599999964 ], [ -38.51880339999996, -12.928375899999928 ], [ -38.518807099999947, -12.928392499999967 ], [ -38.518807099999947, -12.928399 ], [ -38.518802899999969, -12.928405899999957 ], [ -38.518727499999962, -12.928433499999917 ], [ -38.518061599999953, -12.928650299999969 ], [ -38.518049499999961, -12.928647899999927 ], [ -38.518041799999942, -12.928638 ], [ -38.51803589999998, -12.928613099999945 ], [ -38.518021199999957, -12.9285864 ], [ -38.517989299999954, -12.928559699999928 ], [ -38.517954499999973, -12.928534099999977 ], [ -38.517906499999988, -12.928500799999936 ], [ -38.517851, -12.928444399999936 ], [ -38.517764399999976, -12.928340299999945 ], [ -38.517741099999967, -12.928308 ], [ -38.517723099999948, -12.928247499999934 ], [ -38.517709399999951, -12.928198499999944 ], [ -38.517683899999952, -12.928159399999986 ], [ -38.517645099999982, -12.928124399999939 ], [ -38.517584399999976, -12.928085199999932 ], [ -38.51753089999994, -12.928037799999963 ], [ -38.517466, -12.927955399999968 ], [ -38.517004399999948, -12.927410499999953 ], [ -38.516980399999973, -12.927401599999937 ], [ -38.516946799999971, -12.927415699999939 ], [ -38.516535299999937, -12.927756 ], [ -38.516485099999954, -12.927789099999938 ], [ -38.516412799999962, -12.927799099999945 ], [ -38.516361199999956, -12.927810599999923 ], [ -38.516306499999985, -12.927843699999913 ], [ -38.516290199999965, -12.927879799999978 ], [ -38.516288699999969, -12.927923199999945 ], [ -38.516275299999961, -12.927963599999952 ], [ -38.516253199999937, -12.92798669999995 ], [ -38.516219199999973, -12.927991 ], [ -38.516174599999943, -12.927980299999943 ], [ -38.516142, -12.927976799999973 ], [ -38.516108299999985, -12.927985899999948 ], [ -38.51607329999996, -12.928002899999965 ], [ -38.516066799999969, -12.928011799999979 ], [ -38.51603329999994, -12.928058099999932 ], [ -38.515989399999974, -12.928071599999962 ], [ -38.515832599999953, -12.928065699999937 ], [ -38.515497299999943, -12.928048 ], [ -38.515328899999929, -12.928007599999951 ], [ -38.515208, -12.927932 ], [ -38.51504319999998, -12.927773099999973 ], [ -38.514776399999967, -12.927443099999968 ], [ -38.514589699999931, -12.927185099999967 ], [ -38.514519299999968, -12.927060899999955 ], [ -38.5144337, -12.926892199999942 ], [ -38.51441479999994, -12.926811099999949 ], [ -38.514402799999978, -12.926759499999932 ], [ -38.514325899999967, -12.926372099999979 ], [ -38.51422279999997, -12.925925699999949 ], [ -38.514217, -12.925863199999977 ], [ -38.514221899999939, -12.925831399999939 ], [ -38.514244699999949, -12.925806 ], [ -38.514269, -12.925777499999969 ], [ -38.514274, -12.925734599999958 ], [ -38.514269299999974, -12.925644 ], [ -38.514215499999978, -12.92531339999994 ], [ -38.514199, -12.925237799999946 ], [ -38.514174899999944, -12.925146299999946 ], [ -38.514139299999954, -12.924967799999921 ], [ -38.514142799999945, -12.924844399999923 ], [ -38.514120399999968, -12.924726599999927 ], [ -38.514112599999976, -12.924619 ], [ -38.514096599999959, -12.924544599999923 ], [ -38.514033699999978, -12.924232799999961 ], [ -38.513976, -12.924073499999958 ], [ -38.513915299999951, -12.923842399999957 ], [ -38.513904199999963, -12.923736599999925 ], [ -38.513902, -12.923715799999984 ], [ -38.513889799999966, -12.92366389999995 ], [ -38.513861399999939, -12.923615899999961 ], [ -38.513847299999959, -12.923548 ], [ -38.513848399999972, -12.923502599999946 ], [ -38.513839899999944, -12.923484499999962 ], [ -38.513817199999949, -12.923474699999918 ], [ -38.513773199999946, -12.923471799999955 ], [ -38.513729299999966, -12.923464799999969 ], [ -38.513669799999946, -12.923432699999973 ], [ -38.513633, -12.923363099999959 ], [ -38.513590499999971, -12.923161199999978 ], [ -38.513598699999932, -12.923068799999955 ], [ -38.513614799999978, -12.9230004 ], [ -38.513686599999978, -12.922925399999933 ], [ -38.513716399999964, -12.922874799999931 ], [ -38.513716499999937, -12.922835899999935 ], [ -38.513702699999953, -12.922802799999946 ], [ -38.513671, -12.922787199999973 ], [ -38.513616, -12.922789599999938 ], [ -38.513463099999967, -12.922804 ], [ -38.513287699999978, -12.9228037 ], [ -38.513084899999967, -12.922776299999938 ], [ -38.512997299999945, -12.922736799999932 ], [ -38.512914699999953, -12.922665499999939 ], [ -38.512817599999948, -12.922425199999944 ], [ -38.512726399999963, -12.922198899999971 ], [ -38.512558799999965, -12.922021299999923 ], [ -38.51218259999996, -12.921694599999984 ], [ -38.511863699999935, -12.921505 ], [ -38.51179, -12.921495199999983 ], [ -38.511669899999958, -12.921496899999966 ], [ -38.511667, -12.921497299999954 ], [ -38.511577399999965, -12.921512099999978 ], [ -38.511463199999987, -12.921552399999937 ], [ -38.511392299999955, -12.921588899999971 ], [ -38.511297799999966, -12.921617699999963 ], [ -38.511223, -12.921621399999928 ], [ -38.5111108, -12.92160189999993 ], [ -38.51104509999994, -12.921579199999947 ], [ -38.511021899999946, -12.921571099999946 ], [ -38.510998699999952, -12.921563099999974 ], [ -38.510919399999985, -12.921555099999964 ], [ -38.510713299999971, -12.921562 ], [ -38.510546799999929, -12.921612899999959 ], [ -38.510343, -12.921685499999976 ], [ -38.510092099999959, -12.921711799999953 ], [ -38.509729399999969, -12.921730599999915 ], [ -38.509378299999987, -12.921769499999964 ], [ -38.509264099999932, -12.921781099999965 ], [ -38.508909799999969, -12.921817 ], [ -38.508649199999979, -12.921875099999971 ], [ -38.508462499999958, -12.9218782 ], [ -38.508159799999923, -12.921832799999946 ], [ -38.507615499999929, -12.921694099999986 ], [ -38.507153799999962, -12.921563 ], [ -38.507052599999952, -12.921544199999968 ], [ -38.506945, -12.921575 ], [ -38.506913199999936, -12.921649299999968 ], [ -38.506742299999978, -12.921704799999937 ], [ -38.506666299999949, -12.921710899999937 ], [ -38.506582099999946, -12.921683199999956 ], [ -38.506552499999941, -12.921673499999947 ], [ -38.506426, -12.921636 ], [ -38.50627419999995, -12.921635699999959 ], [ -38.50552579999993, -12.921731199999959 ], [ -38.505433699999976, -12.921776599999932 ], [ -38.505247899999972, -12.921813899999965 ], [ -38.505040699999938, -12.921783599999959 ], [ -38.504838899999974, -12.921711699999962 ], [ -38.5045947, -12.921580799999946 ], [ -38.503969199999972, -12.921172599999968 ], [ -38.503748899999948, -12.921004499999974 ], [ -38.503338, -12.92065 ], [ -38.503322599999933, -12.92063679999996 ], [ -38.50315309999997, -12.92047049999996 ], [ -38.502887699999974, -12.920185099999976 ], [ -38.501990099999936, -12.919096199999965 ], [ -38.501908299999968, -12.919011699999958 ], [ -38.501817699999954, -12.918927799999938 ], [ -38.50173639999997, -12.918810399999934 ], [ -38.501666, -12.91864239999995 ], [ -38.501619599999977, -12.918553399999935 ], [ -38.501527399999929, -12.91843329999994 ], [ -38.501394299999966, -12.918358399999923 ], [ -38.501220599999961, -12.918238199999973 ], [ -38.501059299999952, -12.918086 ], [ -38.500884799999938, -12.917877099999943 ], [ -38.500607499999944, -12.917520099999926 ], [ -38.500266699999933, -12.917117 ], [ -38.500192199999958, -12.917016799999951 ], [ -38.500121499999985, -12.916928899999968 ], [ -38.500057099999928, -12.916847099999934 ], [ -38.499998099999971, -12.916783 ], [ -38.49999679999997, -12.916781599999966 ], [ -38.499955399999976, -12.916711199999956 ], [ -38.499853299999984, -12.916537599999984 ], [ -38.499842199999932, -12.916514099999979 ], [ -38.499789, -12.916400699999938 ], [ -38.499703799999963, -12.916251499999936 ], [ -38.499640499999948, -12.916152499999937 ], [ -38.499541099999931, -12.91601 ], [ -38.499432499999955, -12.915836299999953 ], [ -38.499412199999931, -12.91581629999995 ], [ -38.499393299999944, -12.915816299999962 ], [ -38.499367499999948, -12.915832099999943 ], [ -38.499329499999924, -12.915842699999923 ], [ -38.499306499999939, -12.91583869999994 ], [ -38.499183499999965, -12.915672399999943 ], [ -38.499094799999959, -12.915531099999958 ], [ -38.499015699999973, -12.915390599999972 ], [ -38.498854899999976, -12.915057 ], [ -38.49883269999998, -12.915016599999944 ], [ -38.498774199999964, -12.914910199999943 ], [ -38.498710399999936, -12.914762599999946 ], [ -38.498665199999955, -12.914628899999958 ], [ -38.498635699999966, -12.914529399999928 ], [ -38.498591599999941, -12.914398099999984 ], [ -38.49854339999996, -12.914286499999944 ], [ -38.498481199999965, -12.914146699999934 ], [ -38.49842069999994, -12.914021299999959 ], [ -38.498358499999931, -12.913847899999951 ], [ -38.498297899999962, -12.913737699999947 ], [ -38.498207699999966, -12.91348919999996 ], [ -38.49816119999997, -12.913380599999975 ], [ -38.498131599999965, -12.913271399999916 ], [ -38.498128699999938, -12.913188899999964 ], [ -38.498100899999947, -12.913052799999953 ], [ -38.498068299999943, -12.912961 ], [ -38.498043399999972, -12.912864 ], [ -38.498015599999974, -12.912753899999933 ], [ -38.497976899999962, -12.912575899999981 ], [ -38.497953699999982, -12.912461199999942 ], [ -38.497935199999972, -12.912363299999974 ], [ -38.497900799999975, -12.9122288 ], [ -38.497899499999967, -12.912223599999933 ], [ -38.497873199999951, -12.912131899999965 ], [ -38.497825, -12.911967699999938 ], [ -38.497808, -12.911898799999937 ], [ -38.497784799999984, -12.911777499999967 ], [ -38.497780299999931, -12.911688799999977 ], [ -38.497777399999976, -12.911583399999914 ], [ -38.497782499999971, -12.911405299999963 ], [ -38.497784, -12.9112216 ], [ -38.497755899999966, -12.910810399999951 ], [ -38.497763299999974, -12.910447099999942 ], [ -38.497766099999978, -12.91016779999995 ], [ -38.497754499999985, -12.90992969999995 ], [ -38.497744899999937, -12.909854699999922 ], [ -38.49772, -12.909798699999946 ], [ -38.497700499999951, -12.909761899999966 ], [ -38.49767559999998, -12.909729099999934 ], [ -38.497639499999941, -12.909686799999978 ], [ -38.497581, -12.909637299999929 ], [ -38.497550499999932, -12.909612699999974 ], [ -38.497504599999949, -12.909592099999925 ], [ -38.497455899999977, -12.909574299999971 ], [ -38.497400299999988, -12.90956189999997 ], [ -38.497302899999973, -12.909559 ], [ -38.497251099999978, -12.909561699999928 ], [ -38.497155099999929, -12.909587399999959 ], [ -38.49707849999993, -12.909607699999961 ], [ -38.497020099999929, -12.909613 ], [ -38.496974299999984, -12.909586599999955 ], [ -38.496937, -12.90958409999997 ], [ -38.49684759999996, -12.909521599999964 ], [ -38.496785599999953, -12.909483699999951 ], [ -38.496690099999974, -12.909451899999967 ], [ -38.49660159999997, -12.909429499999927 ], [ -38.49646759999996, -12.909403699999915 ], [ -38.496440299999961, -12.9093708 ], [ -38.496370899999938, -12.909357299999957 ], [ -38.496338599999945, -12.909368199999975 ], [ -38.496199199999978, -12.909334799999957 ], [ -38.496050299999979, -12.909292 ], [ -38.49599569999998, -12.9092846 ], [ -38.495958499999972, -12.909289299999948 ], [ -38.49592, -12.909311199999941 ], [ -38.495833, -12.909379299999966 ], [ -38.495751299999931, -12.909450299999934 ], [ -38.495737099999985, -12.909450299999936 ], [ -38.495705299999941, -12.9094398 ], [ -38.495648599999981, -12.909408499999927 ], [ -38.495605899999937, -12.90937659999997 ], [ -38.495565199999938, -12.909350499999967 ], [ -38.495522699999981, -12.90932959999998 ], [ -38.495480199999982, -12.9093104 ], [ -38.495423599999988, -12.90928949999995 ], [ -38.495356299999976, -12.909275399999945 ], [ -38.495304899999958, -12.909275299999921 ], [ -38.49523929999998, -12.909277 ], [ -38.495180899999987, -12.909289 ], [ -38.49511739999997, -12.909309399999934 ], [ -38.495060899999935, -12.909322299999939 ], [ -38.495017699999948, -12.909322299999918 ], [ -38.494975599999975, -12.909321099999952 ], [ -38.494935699999978, -12.90931229999995 ], [ -38.494908099999975, -12.909300299999929 ], [ -38.494884899999931, -12.909287299999962 ], [ -38.494851599999947, -12.909287199999934 ], [ -38.494833899999946, -12.909296899999969 ], [ -38.494812799999977, -12.909312099999978 ], [ -38.494713299999951, -12.909503499999975 ], [ -38.494691599999946, -12.909498599999957 ], [ -38.494682499999961, -12.909505599999926 ], [ -38.494606, -12.909692 ], [ -38.494631399999946, -12.90970719999995 ], [ -38.49464739999997, -12.909724099999947 ], [ -38.494661399999984, -12.909739899999979 ], [ -38.494683499999951, -12.90976559999995 ], [ -38.494695499999978, -12.909807 ], [ -38.494695399999955, -12.909854399999979 ], [ -38.494703299999976, -12.909943099999968 ], [ -38.494756399999972, -12.910065599999943 ], [ -38.494774399999983, -12.910107399999944 ], [ -38.494780299999945, -12.910129 ], [ -38.494802299999954, -12.910142699999934 ], [ -38.49482, -12.910153799999936 ], [ -38.49483209999994, -12.910199799999942 ], [ -38.494834, -12.91026179999996 ], [ -38.494831699999963, -12.910401699999955 ], [ -38.494824599999966, -12.910428099999928 ], [ -38.494825699999978, -12.910541799999978 ], [ -38.494824199999982, -12.910649299999942 ], [ -38.494804799999933, -12.910784799999941 ], [ -38.494780299999945, -12.91090089999993 ], [ -38.494726299999975, -12.911148399999947 ], [ -38.49471089999998, -12.911174599999971 ], [ -38.494654799999985, -12.911198199999927 ], [ -38.494606799999936, -12.911204799999931 ], [ -38.494593899999984, -12.911206 ], [ -38.494556399999965, -12.911226199999914 ], [ -38.49452789999998, -12.911273 ], [ -38.494519099999941, -12.911308799999963 ], [ -38.49452359999998, -12.911584699999949 ], [ -38.494525599999974, -12.911598 ], [ -38.494542299999985, -12.911609299999936 ], [ -38.494581799999935, -12.91161339999997 ], [ -38.49463489999993, -12.911618699999968 ], [ -38.494653699999958, -12.911628899999931 ], [ -38.494655699999953, -12.911637099999947 ], [ -38.494649399999965, -12.911667699999947 ], [ -38.494644899999969, -12.911692199999942 ], [ -38.494644799999946, -12.911724099999956 ], [ -38.494649399999965, -12.911754199999974 ], [ -38.494660499999952, -12.911774199999954 ], [ -38.494683799999962, -12.911783399999935 ], [ -38.49475149999995, -12.911812299999948 ], [ -38.494637499999961, -12.911932499999976 ], [ -38.494645899999973, -12.911946399999978 ], [ -38.49462589999996, -12.911961899999943 ], [ -38.494613699999945, -12.91195749999998 ], [ -38.494558099999949, -12.912011799999968 ], [ -38.4945039, -12.912053799999981 ], [ -38.494476499999969, -12.912075 ], [ -38.494425199999966, -12.912123199999934 ], [ -38.494361399999953, -12.912039 ], [ -38.494225, -12.912105499999948 ], [ -38.49426839999996, -12.91218329999997 ], [ -38.494243799999936, -12.912209899999931 ], [ -38.494220599999956, -12.912233899999931 ], [ -38.494174199999982, -12.912260499999936 ], [ -38.49411559999993, -12.9122844 ], [ -38.493958, -12.912327499999936 ], [ -38.493887399999956, -12.912338499999979 ], [ -38.493822099999932, -12.91234359999992 ], [ -38.493803599999978, -12.912339899999948 ], [ -38.493754299999978, -12.912328599999963 ], [ -38.493717099999969, -12.912323299999978 ], [ -38.493679099999959, -12.912321699999955 ], [ -38.493637299999946, -12.912322399999924 ], [ -38.493563499999944, -12.912331199999917 ], [ -38.493522499999983, -12.912328899999975 ], [ -38.493467, -12.912328799999969 ], [ -38.493427499999939, -12.912332399999972 ], [ -38.4933645, -12.912353899999973 ], [ -38.493315799999955, -12.912377599999949 ], [ -38.493289499999953, -12.912393 ], [ -38.493196499999954, -12.912396699999936 ], [ -38.492952899999985, -12.912406399999947 ], [ -38.492663199999981, -12.912416699999925 ], [ -38.49243, -12.912426799999933 ], [ -38.49235409999995, -12.912429699999963 ], [ -38.492294299999976, -12.912442099999977 ], [ -38.492253199999936, -12.912453499999975 ], [ -38.492202199999959, -12.912473599999931 ], [ -38.492146199999979, -12.912502299999954 ], [ -38.492095, -12.912537099999964 ], [ -38.492050799999959, -12.912568699999932 ], [ -38.492002699999944, -12.912612799999971 ], [ -38.491969299999937, -12.912663599999965 ], [ -38.491944599999961, -12.912706099999985 ], [ -38.491925, -12.912707899999932 ], [ -38.491897499999929, -12.912708799999972 ], [ -38.491873, -12.912708799999958 ], [ -38.491843599999982, -12.912711599999955 ], [ -38.49181619999996, -12.91271639999996 ], [ -38.491800499999954, -12.912729799999951 ], [ -38.49179259999994, -12.912747099999949 ], [ -38.491792499999974, -12.912773 ], [ -38.491788599999957, -12.912806599999948 ], [ -38.491766199999965, -12.912873099999972 ], [ -38.49174429999993, -12.912905899999959 ], [ -38.491724, -12.912928 ], [ -38.491706, -12.912953199999945 ], [ -38.491696599999955, -12.912976899999931 ], [ -38.491699, -12.913033299999944 ], [ -38.491720599999951, -12.913182199999937 ], [ -38.491801899999984, -12.913170899999976 ], [ -38.491803799999957, -12.913228099999962 ], [ -38.491805699999929, -12.913272499999957 ], [ -38.491828699999985, -12.913346499999914 ], [ -38.491848199999936, -12.913396 ], [ -38.49193159999993, -12.913584199999946 ], [ -38.491915599999963, -12.913591199999923 ], [ -38.49190039999997, -12.913576299999933 ], [ -38.491888399999937, -12.913562099999982 ], [ -38.491874899999971, -12.9135472 ], [ -38.491857299999936, -12.913539299999984 ], [ -38.491841199999961, -12.913537699999964 ], [ -38.491827599999972, -12.913538499999962 ], [ -38.491813199999967, -12.913544699999948 ], [ -38.491802, -12.91355489999995 ], [ -38.491791499999977, -12.913569799999946 ], [ -38.491778699999941, -12.913590899999967 ], [ -38.491777, -12.913611399999978 ], [ -38.491783399999989, -12.913635199999931 ], [ -38.491974199999959, -12.913974199999927 ], [ -38.492034299999943, -12.913952299999943 ], [ -38.49204119999996, -12.913964199999956 ], [ -38.492092199999945, -12.914089799999937 ], [ -38.49221069999993, -12.914256699999939 ], [ -38.492352599999947, -12.914476699999961 ], [ -38.492415299999948, -12.91452709999993 ], [ -38.492485099999961, -12.914568299999916 ], [ -38.492545599999971, -12.914616299999965 ], [ -38.49262669999996, -12.914753699999959 ], [ -38.492681799999957, -12.914859399999967 ], [ -38.492747899999976, -12.914970599999943 ], [ -38.492768199999951, -12.914997899999939 ], [ -38.49280159999995, -12.914999799999965 ], [ -38.4928331, -12.914996199999967 ], [ -38.492884899999986, -12.915014499999925 ], [ -38.492934899999966, -12.915043599999922 ], [ -38.492986699999967, -12.915081899999944 ], [ -38.493042199999934, -12.915138299999965 ], [ -38.493068099999952, -12.915176499999983 ], [ -38.493095799999942, -12.915211 ], [ -38.493172699999946, -12.915321799999957 ], [ -38.493255099999942, -12.915439899999972 ], [ -38.493339799999944, -12.915569599999973 ], [ -38.49338819999997, -12.915630399999948 ], [ -38.493459799999982, -12.915720199999949 ], [ -38.493533299999967, -12.915820899999966 ], [ -38.493670899999984, -12.916124499999967 ], [ -38.493752599999937, -12.916322899999932 ], [ -38.493799399999951, -12.916381899999983 ], [ -38.493820599999935, -12.916393699999965 ], [ -38.493898799999954, -12.916437299999926 ], [ -38.493994099999952, -12.916540099999979 ], [ -38.493996299999928, -12.916542399999976 ], [ -38.493785399999979, -12.916697199999932 ], [ -38.493794099999946, -12.916711799999966 ], [ -38.49389959999997, -12.916888899999956 ], [ -38.493899499999948, -12.916933099999937 ], [ -38.493910199999959, -12.917025399999948 ], [ -38.493688499999969, -12.917105499999943 ], [ -38.493683, -12.917114199999943 ], [ -38.493682, -12.917121899999927 ], [ -38.493673799999961, -12.917165 ], [ -38.493673599999966, -12.917387299999962 ], [ -38.493661699999954, -12.917559699999963 ], [ -38.49366079999993, -12.917574099999968 ], [ -38.493621799999971, -12.917746599999912 ], [ -38.493587699999978, -12.9179286 ], [ -38.493570799999937, -12.918177499999961 ], [ -38.493579799999964, -12.918460299999929 ], [ -38.493586, -12.91868379999995 ], [ -38.493636699999975, -12.918955299999931 ], [ -38.493705899999959, -12.919156899999958 ], [ -38.493715399999985, -12.91922269999997 ], [ -38.493714099999984, -12.919280599999963 ], [ -38.49374389999997, -12.919475299999936 ], [ -38.493776099999934, -12.919557599999955 ], [ -38.493808299999955, -12.919611799999917 ], [ -38.493849, -12.919656499999968 ], [ -38.49393909999997, -12.919711099999976 ], [ -38.49403729999996, -12.91981 ], [ -38.494150199999986, -12.919866899999921 ], [ -38.494220899999959, -12.91988939999993 ], [ -38.494321699999936, -12.919887199999959 ], [ -38.494416499999943, -12.919879199999956 ], [ -38.494504, -12.919881699999971 ], [ -38.494558, -12.919903 ], [ -38.494608699999958, -12.919931499999967 ], [ -38.494619399999976, -12.919949099999958 ], [ -38.494628899999945, -12.919984 ], [ -38.494637199999943, -12.91999159999995 ], [ -38.494684, -12.91999749999998 ], [ -38.494717299999941, -12.920009699999978 ], [ -38.494733499999946, -12.920017099999944 ], [ -38.494760499999977, -12.92003989999994 ], [ -38.494797199999944, -12.920047599999977 ], [ -38.494845599999962, -12.920061 ], [ -38.494888099999969, -12.920059099999952 ], [ -38.494909399999983, -12.920049699999927 ], [ -38.494926899999946, -12.920027 ], [ -38.494959799999947, -12.920004299999958 ], [ -38.495000399999974, -12.920002499999958 ], [ -38.49506619999994, -12.92000829999996 ], [ -38.495145399999963, -12.920035 ], [ -38.495174399999932, -12.920055899999982 ], [ -38.495195599999931, -12.920086299999983 ], [ -38.495230399999969, -12.920097699999943 ], [ -38.4952962, -12.920105399999963 ], [ -38.495321299999944, -12.920103599999951 ], [ -38.49539859999993, -12.920136 ], [ -38.495433399999968, -12.920149299999951 ], [ -38.495458599999949, -12.920143699999924 ], [ -38.495468299999978, -12.920128499999979 ], [ -38.495573199999967, -12.919979499999961 ], [ -38.495599199999958, -12.919956 ], [ -38.495610699999936, -12.919955099999964 ], [ -38.495628, -12.919960799999954 ], [ -38.495722199999932, -12.920006199999944 ], [ -38.495894199999952, -12.920093199999949 ], [ -38.495929299999943, -12.920095599999961 ], [ -38.495945299999967, -12.920083599999941 ], [ -38.496049599999942, -12.919932199999952 ], [ -38.496181499999977, -12.919999299999979 ], [ -38.496139499999963, -12.920076799999942 ], [ -38.496097599999985, -12.920139199999941 ], [ -38.496099699999945, -12.920173699999959 ], [ -38.496132899999964, -12.920226599999987 ], [ -38.496170099999965, -12.920256399999964 ], [ -38.496189399999942, -12.920279499999928 ], [ -38.496191899999985, -12.920304399999969 ], [ -38.496118099999947, -12.920460499999921 ], [ -38.496107, -12.920479499999935 ], [ -38.496095899999943, -12.920504399999954 ], [ -38.496085599999965, -12.920522 ], [ -38.496073099999926, -12.920530899999955 ], [ -38.496065, -12.920538099999936 ], [ -38.496044799999936, -12.920573199999982 ], [ -38.496043199999981, -12.920576699999984 ], [ -38.49604359999995, -12.920581 ], [ -38.496045799999941, -12.920586799999972 ], [ -38.496164599999929, -12.920643899999977 ], [ -38.496170499999955, -12.920643899999964 ], [ -38.496180799999934, -12.920640299999935 ], [ -38.496192599999979, -12.920626799999969 ], [ -38.49620089999997, -12.920610699999932 ], [ -38.496201899999967, -12.920595099999959 ], [ -38.496198899999968, -12.920586399999923 ], [ -38.496180199999962, -12.920577699999964 ], [ -38.496150799999945, -12.920561199999934 ], [ -38.496141699999953, -12.920550099999945 ], [ -38.496138899999949, -12.920537199999959 ], [ -38.496145899999931, -12.920516499999954 ], [ -38.496197, -12.920368 ], [ -38.496223099999952, -12.920354299999916 ], [ -38.49626319999993, -12.920378 ], [ -38.496309199999978, -12.920423299999978 ], [ -38.496359199999972, -12.92047649999995 ], [ -38.496411299999984, -12.92051 ], [ -38.496453299999985, -12.920545399999968 ], [ -38.49645929999997, -12.920580799999978 ], [ -38.496447099999955, -12.920639799999952 ], [ -38.496455, -12.920720299999966 ], [ -38.496451899999954, -12.920774499999942 ], [ -38.496450399999965, -12.920802899999952 ], [ -38.496446799999944, -12.920869799999938 ], [ -38.496370299999967, -12.920926599999975 ], [ -38.49632349999996, -12.920961299999936 ], [ -38.496264899999971, -12.921004799999952 ], [ -38.496219599999961, -12.921067199999985 ], [ -38.496169299999956, -12.921136399999968 ], [ -38.496114399999954, -12.921211799999959 ], [ -38.496052499999962, -12.921281699999945 ], [ -38.495974, -12.921366899999954 ], [ -38.495610299999953, -12.9218 ], [ -38.495454099999968, -12.922042699999949 ], [ -38.495435899999968, -12.922254299999956 ], [ -38.495484199999972, -12.922372899999971 ], [ -38.495589099999961, -12.922630299999973 ], [ -38.495701299999965, -12.922874199999971 ], [ -38.495771399999974, -12.923041699999946 ], [ -38.496019, -12.923148 ], [ -38.496339399999954, -12.92325419999996 ], [ -38.496507, -12.923381799999962 ], [ -38.496521599999937, -12.923456299999941 ], [ -38.496532499999951, -12.923512399999954 ], [ -38.49654349999998, -12.923568699999979 ], [ -38.496558299999954, -12.923767399999967 ], [ -38.4965074, -12.923966099999957 ], [ -38.496520499999967, -12.92409579999997 ], [ -38.496528499999954, -12.924174799999941 ], [ -38.496536799999951, -12.924257099999959 ], [ -38.496488899999981, -12.924551599999972 ], [ -38.496449799999937, -12.924739699999979 ], [ -38.495867, -12.924222099999932 ], [ -38.495369499999981, -12.923950499999934 ], [ -38.494978199999935, -12.923562799999962 ], [ -38.494686699999924, -12.923222399999936 ], [ -38.494386899999945, -12.922998299999966 ], [ -38.494088699999963, -12.922986699999974 ], [ -38.494041699999968, -12.922969699999937 ], [ -38.49399759999995, -12.922953799999975 ], [ -38.493898599999966, -12.922946099999935 ], [ -38.493839299999941, -12.922952 ], [ -38.49376029999997, -12.922950299999977 ], [ -38.493649, -12.922936699999978 ], [ -38.493629399999975, -12.922940499999982 ], [ -38.493611, -12.922944099999926 ], [ -38.493560799999948, -12.922966299999917 ], [ -38.493504399999949, -12.923039199999964 ], [ -38.493428099999967, -12.923179499999934 ], [ -38.493407899999958, -12.923213799999941 ], [ -38.493319699999972, -12.923363199999926 ], [ -38.493286099999985, -12.923458399999959 ], [ -38.493277, -12.923484899999947 ], [ -38.49326439999993, -12.923521699999988 ], [ -38.493254, -12.923552199999948 ], [ -38.493181799999945, -12.923660599999943 ], [ -38.493098399999951, -12.923778199999955 ], [ -38.493067499999938, -12.92383859999995 ], [ -38.493051699999974, -12.923939099999917 ], [ -38.493058399999931, -12.924050899999955 ], [ -38.493041, -12.924116899999941 ], [ -38.493014499999958, -12.924182 ], [ -38.492991399999944, -12.924238599999962 ], [ -38.492936299999947, -12.924403499999917 ], [ -38.492910199999983, -12.924580199999983 ], [ -38.492795, -12.924882099999939 ], [ -38.492715399999952, -12.925037599999955 ], [ -38.492521899999936, -12.925268899999919 ], [ -38.49239869999996, -12.925439099999931 ], [ -38.492212099999961, -12.925862599999963 ], [ -38.492167399999971, -12.926068899999958 ], [ -38.49216389999998, -12.926155399999974 ], [ -38.492162699999945, -12.926184899999967 ], [ -38.492204599999987, -12.926284899999922 ], [ -38.492248399999944, -12.926393799999953 ], [ -38.492250899999931, -12.926400199999929 ], [ -38.492255199999938, -12.926463199999938 ], [ -38.492245699999955, -12.926568599999928 ], [ -38.492196199999967, -12.92675209999992 ], [ -38.492132599999941, -12.926866499999957 ], [ -38.492027399999984, -12.926967199999959 ], [ -38.491935299999973, -12.92702 ], [ -38.491902499999988, -12.927038799999934 ], [ -38.491777599999978, -12.927059899999954 ], [ -38.491518699999979, -12.927057799999934 ], [ -38.491408799999938, -12.92703779999993 ], [ -38.491210299999977, -12.926997799999983 ], [ -38.490995299999945, -12.926954399999953 ], [ -38.490734299999929, -12.926894799999943 ], [ -38.490514799999964, -12.926811399999972 ], [ -38.490418599999934, -12.926772399999944 ], [ -38.490370399999961, -12.926752899999927 ], [ -38.490319599999971, -12.926711099999979 ], [ -38.490285599999943, -12.9267 ], [ -38.490234599999951, -12.926713799999959 ], [ -38.490180699999939, -12.926749699999943 ], [ -38.490135299999963, -12.92679129999992 ], [ -38.490087099999982, -12.926832799999946 ], [ -38.490021799999965, -12.926896499999927 ], [ -38.489953799999959, -12.92693249999996 ], [ -38.489877199999967, -12.926974 ], [ -38.489806399999964, -12.927004399999937 ], [ -38.48967219999998, -12.927083299999943 ], [ -38.489649599999957, -12.927091499999971 ], [ -38.4896098, -12.927130299999924 ], [ -38.489604599999943, -12.927162199999941 ], [ -38.489601199999981, -12.927183 ], [ -38.48959259999998, -12.9272635 ], [ -38.489564099999939, -12.927307899999951 ], [ -38.489561199999969, -12.927366199999938 ], [ -38.489561099999953, -12.927432799999947 ], [ -38.489583699999969, -12.927466099999959 ], [ -38.489589299999977, -12.927493899999959 ], [ -38.489574099999977, -12.927564699999966 ], [ -38.489511199999981, -12.927619599999948 ], [ -38.489461799999958, -12.927632699999958 ], [ -38.489381, -12.927632499999943 ], [ -38.489331699999987, -12.927630199999969 ], [ -38.489300299999968, -12.927630199999955 ], [ -38.489268799999941, -12.927660899999982 ], [ -38.489248499999981, -12.927720199999948 ], [ -38.489223699999968, -12.927777299999942 ], [ -38.489174299999952, -12.927803599999942 ], [ -38.489115899999952, -12.927801299999944 ], [ -38.48906889999995, -12.927772599999978 ], [ -38.489017399999973, -12.927693399999955 ], [ -38.488965499999956, -12.927593099999966 ], [ -38.488951399999969, -12.927533799999939 ], [ -38.488935399999953, -12.927505899999968 ], [ -38.48890349999995, -12.927483199999937 ], [ -38.488873299999973, -12.927465699999964 ], [ -38.488844899999947, -12.927429099999928 ], [ -38.488832599999959, -12.927399399999947 ], [ -38.488820099999948, -12.927387199999954 ], [ -38.48880239999994, -12.927376699999972 ], [ -38.488765099999966, -12.927369699999936 ], [ -38.488722399999972, -12.92738179999998 ], [ -38.488685, -12.927400899999958 ], [ -38.488637, -12.927413 ], [ -38.488576499999965, -12.927428499999955 ], [ -38.488526699999973, -12.927451099999928 ], [ -38.488476899999974, -12.927496299999973 ], [ -38.48842929999995, -12.927610499999973 ], [ -38.48835279999998, -12.927995299999965 ], [ -38.488348599999938, -12.928299 ], [ -38.488432499999931, -12.928495099999981 ], [ -38.488523799999946, -12.928587399999973 ], [ -38.488714099999989, -12.928712299999974 ], [ -38.488884299999931, -12.928767399999964 ], [ -38.489035399999977, -12.928766299999955 ], [ -38.489147299999949, -12.928734099999932 ], [ -38.489261699999922, -12.928684499999971 ], [ -38.489358399999958, -12.928632399999966 ], [ -38.489404099999945, -12.928622599999928 ], [ -38.489452399999941, -12.928622599999926 ], [ -38.489472699999972, -12.928645099999915 ], [ -38.489477599999937, -12.92874469999998 ], [ -38.489438799999959, -12.928896799999949 ], [ -38.489388, -12.929173499999928 ], [ -38.489402799999944, -12.92940059999995 ], [ -38.489359299999933, -12.929712899999975 ], [ -38.489374, -12.929892099999964 ], [ -38.489250499999962, -12.930247 ], [ -38.489344199999955, -12.930451 ], [ -38.489425899999958, -12.930633899999966 ], [ -38.489475599999942, -12.930766399999973 ], [ -38.489534899999974, -12.930935199999972 ], [ -38.489709699999942, -12.931006 ], [ -38.489810299999938, -12.931169699999939 ], [ -38.489875899999966, -12.931303099999989 ], [ -38.48991, -12.931404099999964 ], [ -38.489996499999968, -12.93152159999992 ], [ -38.490021699999936, -12.931565899999946 ], [ -38.490021599999977, -12.931608399999961 ], [ -38.490017899999941, -12.931649099999937 ], [ -38.490008799999949, -12.931663299999954 ], [ -38.4899832, -12.931658499999971 ], [ -38.489979899999987, -12.931657899999928 ], [ -38.48993669999993, -12.9315994 ], [ -38.489884799999977, -12.931488399999964 ], [ -38.489718599999939, -12.931307299999951 ], [ -38.489591399999938, -12.931168799999957 ], [ -38.489374799999958, -12.93102039999998 ], [ -38.489087599999948, -12.930860799999936 ], [ -38.488850299999967, -12.930623399999943 ], [ -38.48877049999993, -12.930501299999953 ], [ -38.48869609999997, -12.930327699999962 ], [ -38.488671299999965, -12.930301199999967 ], [ -38.488613399999963, -12.930248 ], [ -38.488560699999937, -12.930189799999933 ], [ -38.488528599999938, -12.930141099999972 ], [ -38.488520899999969, -12.9301005 ], [ -38.488484699999958, -12.930068699999946 ], [ -38.488442099999929, -12.930045799999945 ], [ -38.488424, -12.93001789999995 ], [ -38.488406499999947, -12.92996 ], [ -38.488397899999939, -12.929909899999934 ], [ -38.488390599999946, -12.929889799999966 ], [ -38.488355599999984, -12.929866899999986 ], [ -38.488306, -12.929833899999958 ], [ -38.48829, -12.929809499999987 ], [ -38.488283, -12.929767399999946 ], [ -38.488278399999949, -12.92973 ], [ -38.488258799999983, -12.929705 ], [ -38.488209199999972, -12.9296596 ], [ -38.488172199999944, -12.929628899999946 ], [ -38.488101799999988, -12.929571 ], [ -38.488077099999948, -12.929522499999965 ], [ -38.488048799999945, -12.929478399999931 ], [ -38.488027799999941, -12.929456799999949 ], [ -38.488000399999969, -12.929446399999966 ], [ -38.487983699999972, -12.92943709999998 ], [ -38.487971399999942, -12.929412199999947 ], [ -38.487972199999952, -12.929385199999949 ], [ -38.487939599999947, -12.929340299999987 ], [ -38.487923799999976, -12.929309 ], [ -38.487919799999929, -12.929288699999978 ], [ -38.487919199999965, -12.929266199999979 ], [ -38.487912399999978, -12.929243599999948 ], [ -38.487902399999939, -12.929220399999956 ], [ -38.487890499999935, -12.929189599999955 ], [ -38.487876699999966, -12.929167799999954 ], [ -38.487877699999963, -12.929140699999961 ], [ -38.487875899999956, -12.92911709999993 ], [ -38.487865699999929, -12.929101699999922 ], [ -38.487859299999961, -12.929088099999948 ], [ -38.487861199999948, -12.929076399999923 ], [ -38.487865299999953, -12.929046099999928 ], [ -38.487850899999955, -12.928996099999948 ], [ -38.487843599999962, -12.928964399999938 ], [ -38.487826, -12.928922499999951 ], [ -38.487806299999932, -12.928862199999978 ], [ -38.487788699999953, -12.928837699999971 ], [ -38.487653, -12.928742599999961 ], [ -38.487606, -12.92870609999993 ], [ -38.487595299999946, -12.92868259999995 ], [ -38.487592099999965, -12.928653499999932 ], [ -38.487597899999969, -12.928626 ], [ -38.487611899999933, -12.928596899999953 ], [ -38.487619099999961, -12.928580199999963 ], [ -38.487616499999945, -12.928566099999951 ], [ -38.487606099999944, -12.928548199999955 ], [ -38.487603499999985, -12.92851869999992 ], [ -38.487594399999978, -12.928498199999979 ], [ -38.487573599999955, -12.928493199999931 ], [ -38.487517899999951, -12.928494299999961 ], [ -38.487494, -12.928494299999953 ], [ -38.487475499999967, -12.928490399999918 ], [ -38.487475499999952, -12.928472199999936 ], [ -38.487487499999936, -12.928450099999964 ], [ -38.487548499999946, -12.928426799999938 ], [ -38.487637499999948, -12.928377599999973 ], [ -38.487682599999978, -12.928324499999965 ], [ -38.4877, -12.928260799999986 ], [ -38.487692899999963, -12.928210399999941 ], [ -38.487662499999956, -12.928179499999938 ], [ -38.487627899999957, -12.928166099999938 ], [ -38.487600599999951, -12.928150599999988 ], [ -38.487591099999975, -12.928109099999981 ], [ -38.487547099999979, -12.928061699999953 ], [ -38.48753459999994, -12.928016399999931 ], [ -38.487550599999963, -12.927916599999945 ], [ -38.487578599999964, -12.927832299999965 ], [ -38.487592799999966, -12.927797499999942 ], [ -38.487592899999974, -12.927763899999958 ], [ -38.487594199999933, -12.92773369999998 ], [ -38.487577699999967, -12.9276872 ], [ -38.48757879999993, -12.927644499999934 ], [ -38.487607099999934, -12.927603699999958 ], [ -38.487648699999966, -12.927569599999968 ], [ -38.487671599999949, -12.927534199999963 ], [ -38.4876819, -12.927481899999981 ], [ -38.487675599999932, -12.92741729999995 ], [ -38.487685299999953, -12.927368299999943 ], [ -38.487701, -12.927329699999971 ], [ -38.487703199999942, -12.927289199999969 ], [ -38.487703299999964, -12.927261499999936 ], [ -38.487688199999987, -12.92720189999994 ], [ -38.487688299999945, -12.927155 ], [ -38.487690599999951, -12.927093299999971 ], [ -38.487692899999963, -12.927048599999976 ], [ -38.487716799999937, -12.927025199999962 ], [ -38.48773639999996, -12.92701669999996 ], [ -38.487760299999941, -12.926995499999986 ], [ -38.487780499999985, -12.926952899999964 ], [ -38.487781599999948, -12.926950699999948 ], [ -38.487826399999967, -12.926878399999955 ], [ -38.487878799999983, -12.926851899999978 ], [ -38.487958399999968, -12.926850199999938 ], [ -38.488051599999942, -12.926867499999958 ], [ -38.488166699999958, -12.92692529999994 ], [ -38.488240299999973, -12.926992 ], [ -38.488325699999962, -12.927034099999966 ], [ -38.488442, -12.927114199999947 ], [ -38.488561, -12.927156499999951 ], [ -38.48863479999995, -12.927158599999943 ], [ -38.488720199999932, -12.927162499999946 ], [ -38.48885219999994, -12.927183699999929 ], [ -38.488929799999944, -12.927206699999946 ], [ -38.4890152, -12.927233499999959 ], [ -38.489081099999964, -12.927245099999936 ], [ -38.489127699999983, -12.927247 ], [ -38.48917439999996, -12.927224299999988 ], [ -38.489232699999945, -12.927184499999955 ], [ -38.48932259999998, -12.927158799999965 ], [ -38.489513099999954, -12.9270787 ], [ -38.489671899999962, -12.926948799999931 ], [ -38.489732799999956, -12.926857499999931 ], [ -38.4897893, -12.926786399999955 ], [ -38.489851199999976, -12.926743 ], [ -38.48986929999996, -12.9267197 ], [ -38.489884899999943, -12.926635399999936 ], [ -38.489884399999937, -12.926630599999948 ], [ -38.489871899999976, -12.92650549999995 ], [ -38.489821399999983, -12.926401599999972 ], [ -38.489733199999932, -12.926304 ], [ -38.489637799999969, -12.926258099999938 ], [ -38.489502399999942, -12.92622729999993 ], [ -38.489426199999976, -12.926189 ], [ -38.48924889999995, -12.926023399999952 ], [ -38.489140199999959, -12.925898 ], [ -38.489079699999941, -12.925804899999934 ], [ -38.489056499999947, -12.925733099999929 ], [ -38.4890549, -12.925664299999928 ], [ -38.489053099999978, -12.925586199999946 ], [ -38.489072599999929, -12.925484799999948 ], [ -38.489125499999936, -12.925383299999952 ], [ -38.489173, -12.925345599999963 ], [ -38.48923149999996, -12.925330299999928 ], [ -38.489254399999936, -12.925316499999941 ], [ -38.489259799999964, -12.925302699999978 ], [ -38.489261599999963, -12.925276799999942 ], [ -38.489261599999963, -12.92525429999994 ], [ -38.489265199999977, -12.925237 ], [ -38.489279299999964, -12.925226699999934 ], [ -38.489307499999946, -12.925209499999946 ], [ -38.489327, -12.925199199999955 ], [ -38.489337499999984, -12.925194 ], [ -38.489344599999981, -12.925195699999943 ], [ -38.489349899999979, -12.925207799999965 ], [ -38.489349799999957, -12.925245899999931 ], [ -38.489335599999947, -12.925280399999956 ], [ -38.489339099999938, -12.925289 ], [ -38.489358499999987, -12.925287299999974 ], [ -38.48938319999997, -12.925277 ], [ -38.48943259999993, -12.925246 ], [ -38.489497899999947, -12.925211599999971 ], [ -38.489567199999961, -12.92519259999994 ], [ -38.489669399999968, -12.925191099999948 ], [ -38.48974, -12.925194699999953 ], [ -38.489817499999965, -12.92521209999995 ], [ -38.489923199999971, -12.925233099999975 ], [ -38.489988299999936, -12.925234299999945 ], [ -38.49003079999995, -12.925235 ], [ -38.490228, -12.925214199999964 ], [ -38.490388, -12.925173099999933 ], [ -38.490495, -12.925113699999955 ], [ -38.490570199999979, -12.925038599999938 ], [ -38.490638, -12.924932899999925 ], [ -38.490674499999962, -12.924853899999949 ], [ -38.490748899999971, -12.924684199999941 ], [ -38.490785399999943, -12.924537599999933 ], [ -38.490818599999962, -12.924471299999936 ], [ -38.4908976, -12.924361599999937 ], [ -38.491022799999939, -12.924184899999934 ], [ -38.491031899999939, -12.924158499999967 ], [ -38.491048, -12.924115299999929 ], [ -38.491078099999982, -12.924080099999976 ], [ -38.49111719999997, -12.924042899999964 ], [ -38.491178099999956, -12.923936399999951 ], [ -38.491216599999987, -12.923873399999934 ], [ -38.491263, -12.9238104 ], [ -38.491317299999935, -12.923777299999921 ], [ -38.491384399999951, -12.923751699999952 ], [ -38.49142269999993, -12.923731799999928 ], [ -38.491462399999932, -12.923711099999935 ], [ -38.491587199999969, -12.923630299999976 ], [ -38.491643899999922, -12.923615899999959 ], [ -38.491700599999952, -12.92360379999996 ], [ -38.491746, -12.923580099999979 ], [ -38.492086399999948, -12.923398399999956 ], [ -38.492184599999973, -12.923366699999969 ], [ -38.49239149999994, -12.92328429999997 ], [ -38.492476099999976, -12.923236 ], [ -38.492505299999955, -12.923178899999989 ], [ -38.492525899999976, -12.923070499999952 ], [ -38.492532, -12.922962099999964 ], [ -38.492514599999943, -12.922916399999973 ], [ -38.492483, -12.922884499999942 ], [ -38.492422499999982, -12.922852 ], [ -38.492373, -12.922803399999973 ], [ -38.492316299999978, -12.922733099999954 ], [ -38.492254099999975, -12.922648499999982 ], [ -38.492093399999931, -12.922497399999928 ], [ -38.492021099999938, -12.922440199999919 ], [ -38.491997799999979, -12.922421099999955 ], [ -38.491983599999976, -12.922412199999926 ], [ -38.491979699999945, -12.922390699999939 ], [ -38.491986199999985, -12.922380499999989 ], [ -38.492010799999946, -12.922375499999925 ], [ -38.492039299999938, -12.922378099999946 ], [ -38.4920949, -12.92239849999994 ], [ -38.492200299999986, -12.922451799999982 ], [ -38.492331599999943, -12.922557699999988 ], [ -38.492359799999974, -12.922598 ], [ -38.492387099999981, -12.922631099999927 ], [ -38.492410799999952, -12.92263919999994 ], [ -38.49243359999997, -12.922638399999926 ], [ -38.492446099999931, -12.922623099999967 ], [ -38.492462799999942, -12.922592299999955 ], [ -38.492461, -12.922556 ], [ -38.492424199999959, -12.922485199999922 ], [ -38.492333699999961, -12.922389 ], [ -38.492235699999988, -12.922297799999972 ], [ -38.492087199999951, -12.922228299999954 ], [ -38.491944299999943, -12.922182499999963 ], [ -38.491855499999936, -12.922143599999966 ], [ -38.491835, -12.922121899999974 ], [ -38.491833599999957, -12.922088699999966 ], [ -38.491854199999977, -12.922081499999916 ], [ -38.491874799999948, -12.922087399999965 ], [ -38.491899799999942, -12.922091699999967 ], [ -38.49191019999995, -12.92206 ], [ -38.491923499999984, -12.922032699999917 ], [ -38.491998499999958, -12.922015499999926 ], [ -38.492023599999975, -12.921993899999967 ], [ -38.492026599999981, -12.921976599999935 ], [ -38.491989799999942, -12.921972199999971 ], [ -38.491920599999958, -12.921967799999962 ], [ -38.491820599999983, -12.921948799999944 ], [ -38.49168839999993, -12.921886599999938 ], [ -38.491518299999939, -12.921788799999934 ], [ -38.491501099999944, -12.921778899999934 ], [ -38.491448099999957, -12.921738099999963 ], [ -38.491406599999955, -12.921728299999929 ], [ -38.491356799999949, -12.921729799999971 ], [ -38.491325299999978, -12.921729699999947 ], [ -38.491312, -12.921716699999916 ], [ -38.491315399999962, -12.921702099999935 ], [ -38.491327, -12.921690699999946 ], [ -38.491338599999942, -12.921676099999955 ], [ -38.491356899999971, -12.921676099999962 ], [ -38.491383499999984, -12.921676199999972 ], [ -38.491405, -12.92168269999995 ], [ -38.491421599999967, -12.921689299999972 ], [ -38.49145469999997, -12.921712099999965 ], [ -38.491492899999962, -12.921739799999941 ], [ -38.491532599999971, -12.921775699999964 ], [ -38.491560799999945, -12.921787099999957 ], [ -38.491595699999955, -12.921782299999967 ], [ -38.491618899999942, -12.921779099999982 ], [ -38.491640499999967, -12.921785699999941 ], [ -38.491683499999965, -12.921816399999967 ], [ -38.491697399999971, -12.921822099999932 ], [ -38.49172219999997, -12.921826699999947 ], [ -38.491767799999934, -12.92182849999994 ], [ -38.491788, -12.921829099999966 ], [ -38.491801199999941, -12.921836499999928 ], [ -38.49181219999997, -12.92185059999998 ], [ -38.491823699999941, -12.921862 ], [ -38.491832899999963, -12.921863099999927 ], [ -38.491856599999949, -12.9218552 ], [ -38.491865299999979, -12.921838299999921 ], [ -38.491867099999972, -12.921823 ], [ -38.491861299999982, -12.921805499999955 ], [ -38.491856399999961, -12.921800899999955 ], [ -38.491835299999941, -12.921789399999966 ], [ -38.491796299999976, -12.921772899999953 ], [ -38.491682399999945, -12.921716299999964 ], [ -38.491336499999925, -12.921481099999937 ], [ -38.491012, -12.921327199999961 ], [ -38.490964799999972, -12.921291399999964 ], [ -38.490956599999947, -12.921276 ], [ -38.490956599999954, -12.921257299999983 ], [ -38.491033, -12.921164899999964 ], [ -38.491060599999962, -12.921139899999957 ], [ -38.491063899999972, -12.921129599999965 ], [ -38.49105969999993, -12.921122199999969 ], [ -38.490884699999988, -12.921004199999985 ], [ -38.490748199999985, -12.920944399999938 ], [ -38.490706299999943, -12.92092 ], [ -38.490696699999951, -12.920910599999949 ], [ -38.490702599999963, -12.920874199999954 ], [ -38.490729099999953, -12.920824899999941 ], [ -38.490736399999946, -12.92078029999994 ], [ -38.490734, -12.920763799999968 ], [ -38.490720899999985, -12.920753199999979 ], [ -38.490700199999949, -12.920742499999969 ], [ -38.489546299999979, -12.919954899999935 ], [ -38.489296199999963, -12.919800699999946 ], [ -38.489249399999949, -12.919792499999986 ], [ -38.489213599999978, -12.919789699999962 ], [ -38.489175, -12.919811199999986 ], [ -38.489125399999978, -12.919843499999965 ], [ -38.489070199999965, -12.919918899999965 ], [ -38.489023299999985, -12.91999439999995 ], [ -38.488990899999976, -12.920001499999961 ], [ -38.488800199999964, -12.920006599999963 ], [ -38.488651, -12.920006299999963 ], [ -38.488515699999937, -12.919954599999915 ], [ -38.488366399999961, -12.919951599999937 ], [ -38.488094, -12.919967899999977 ], [ -38.487539899999945, -12.920005099999956 ], [ -38.487407399999938, -12.920031499999924 ], [ -38.487170499999927, -12.920131699999972 ], [ -38.486581199999932, -12.920440399999956 ], [ -38.485805099999936, -12.920853799999987 ], [ -38.485595599999954, -12.920915399999949 ], [ -38.485500699999939, -12.920915199999982 ], [ -38.485304299999946, -12.920864499999952 ], [ -38.485124499999984, -12.920783599999934 ], [ -38.48488569999995, -12.920665899999952 ], [ -38.484762599999961, -12.920588899999926 ], [ -38.484551, -12.920478799999961 ], [ -38.484422099999961, -12.920398 ], [ -38.484171899999978, -12.920138199999947 ], [ -38.484047, -12.920009399999968 ], [ -38.483947399999977, -12.919926799999931 ], [ -38.483798499999978, -12.919833499999971 ], [ -38.483760899999936, -12.91981 ], [ -38.48366029999994, -12.919762499999951 ], [ -38.483614799999934, -12.919738099999964 ], [ -38.483588699999984, -12.919705599999924 ], [ -38.483540499999954, -12.91966489999993 ], [ -38.483501299999951, -12.919641699999934 ], [ -38.483478399999967, -12.919623399999967 ], [ -38.483476199999984, -12.919607299999933 ], [ -38.48348169999997, -12.919594499999969 ], [ -38.483510199999955, -12.91958919999996 ], [ -38.483535299999971, -12.919588199999959 ], [ -38.483572399999964, -12.9196 ], [ -38.483599699999964, -12.919614 ], [ -38.483618299999939, -12.919619399999943 ], [ -38.483635799999945, -12.919611899999961 ], [ -38.483647899999944, -12.919585199999966 ], [ -38.483632299999961, -12.919476099999928 ], [ -38.483604599999971, -12.919413299999974 ], [ -38.483557399999938, -12.919369599999985 ], [ -38.48349079999997, -12.919334 ], [ -38.483372299999985, -12.919287699999931 ], [ -38.483340799999958, -12.919270099999942 ], [ -38.483326199999965, -12.919251899999965 ], [ -38.483317399999976, -12.91923 ], [ -38.483319799999954, -12.919159799999919 ], [ -38.483306699999957, -12.919097199999952 ], [ -38.483289099999986, -12.919063699999983 ], [ -38.483261899999953, -12.919045 ], [ -38.483222699999935, -12.919022699999973 ], [ -38.483193099999937, -12.918996099999969 ], [ -38.483184399999971, -12.918973 ], [ -38.483166199999971, -12.918919899999926 ], [ -38.483140899999967, -12.918803899999951 ], [ -38.483140899999967, -12.918783099999938 ], [ -38.483160399999981, -12.9187727 ], [ -38.483235799999939, -12.918756499999967 ], [ -38.483335699999941, -12.918737099999934 ], [ -38.483360699999935, -12.918713899999934 ], [ -38.483374499999968, -12.918693199999952 ], [ -38.483375799999976, -12.918666199999965 ], [ -38.483343499999933, -12.918549299999945 ], [ -38.48325349999994, -12.918317 ], [ -38.48323849999997, -12.918087499999944 ], [ -38.483246599999973, -12.917941299999937 ], [ -38.483283299999982, -12.917581899999977 ], [ -38.483314299999968, -12.917498799999963 ], [ -38.483363399999966, -12.917408099999923 ], [ -38.483400899999936, -12.917234499999951 ], [ -38.483396099999929, -12.917142499999958 ], [ -38.483393599999943, -12.917109799999924 ], [ -38.48338119999994, -12.917063399999948 ], [ -38.483364, -12.917013199999932 ], [ -38.483304199999964, -12.916882099999969 ], [ -38.483282299999978, -12.916777599999946 ], [ -38.483272, -12.916712599999926 ], [ -38.483271299999956, -12.916708 ], [ -38.483287, -12.91661009999997 ], [ -38.483305, -12.916518699999916 ], [ -38.483314099999973, -12.916404499999931 ], [ -38.483314499999949, -12.916221699999939 ], [ -38.483321499999938, -12.91604769999997 ], [ -38.483359799999967, -12.915905199999928 ], [ -38.483373199999967, -12.915876899999954 ], [ -38.483388799999943, -12.91582469999998 ], [ -38.483393299999932, -12.915787699999964 ], [ -38.483371299999938, -12.915711599999963 ], [ -38.483369199999977, -12.915626699999956 ], [ -38.483371699999964, -12.915531 ], [ -38.483387299999947, -12.915489699999961 ], [ -38.48344069999996, -12.915413599999964 ], [ -38.483511899999947, -12.915359 ], [ -38.483523199999979, -12.915274099999978 ], [ -38.483514499999963, -12.915171899999972 ], [ -38.483479299999942, -12.915020799999988 ], [ -38.483448399999936, -12.914940199999929 ], [ -38.483386499999938, -12.914798699999945 ], [ -38.483309099999936, -12.914619499999951 ], [ -38.483271499999951, -12.914506299999983 ], [ -38.483242799999978, -12.914436599999917 ], [ -38.483220899999935, -12.914303899999938 ], [ -38.483214499999974, -12.914174799999961 ], [ -38.483208099999956, -12.914048599999964 ], [ -38.483197299999972, -12.913865799999936 ], [ -38.483191399999953, -12.913785399999933 ], [ -38.483140899999967, -12.913689 ], [ -38.483084, -12.913605099999923 ], [ -38.483039799999972, -12.913539799999954 ], [ -38.482986099999948, -12.913477499999937 ], [ -38.482910199999935, -12.913378 ], [ -38.482767, -12.913232199999978 ], [ -38.48270169999995, -12.91317779999998 ], [ -38.4825891, -12.913063 ], [ -38.482527899999987, -12.912977499999947 ], [ -38.482436799999967, -12.912805799999946 ], [ -38.482389299999973, -12.912743599999963 ], [ -38.482351899999976, -12.912638699999956 ], [ -38.482336299999929, -12.91254939999993 ], [ -38.482300799999962, -12.912424499999915 ], [ -38.482291199999956, -12.912278899999936 ], [ -38.482277599999975, -12.912152699999979 ], [ -38.482244199999961, -12.912025799999981 ], [ -38.482226499999967, -12.911967499999937 ], [ -38.482204799999984, -12.911917 ], [ -38.482175199999965, -12.911868399999936 ], [ -38.482135699999951, -12.9118276 ], [ -38.482060599999947, -12.911767299999966 ], [ -38.481953499999975, -12.911721899999979 ], [ -38.481860799999936, -12.91166239999996 ], [ -38.481691599999976, -12.911539499999952 ], [ -38.481582199999927, -12.911379699999951 ], [ -38.4815622, -12.911280599999927 ], [ -38.481557, -12.911130199999944 ], [ -38.481560899999977, -12.911023899999979 ], [ -38.48157029999993, -12.91092839999995 ], [ -38.481574099999932, -12.910863499999943 ], [ -38.481637099999944, -12.91069719999995 ], [ -38.481655699999976, -12.91060719999996 ], [ -38.481703699999969, -12.910517199999965 ], [ -38.481731399999937, -12.910457799999964 ], [ -38.48182369999995, -12.910341899999933 ], [ -38.481860599999948, -12.910260899999964 ], [ -38.481881, -12.910194299999947 ], [ -38.48189949999994, -12.910138499999952 ], [ -38.481899699999936, -12.91004119999995 ], [ -38.481918399999984, -12.909918099999981 ], [ -38.481933299999987, -12.909833399999968 ], [ -38.481937199999955, -12.90975959999998 ], [ -38.481957499999972, -12.909693 ], [ -38.481994399999962, -12.90961909999994 ], [ -38.482029699999941, -12.909530099999925 ], [ -38.482029799999971, -12.909474299999939 ], [ -38.482063099999948, -12.909398699999944 ], [ -38.482151599999952, -12.909297899999959 ], [ -38.48224369999997, -12.909193599999982 ], [ -38.482289799999933, -12.909137799999939 ], [ -38.482416299999954, -12.909049399999958 ], [ -38.482591699999936, -12.908938299999935 ], [ -38.482878199999959, -12.908751099999956 ], [ -38.48293069999994, -12.908713399999952 ], [ -38.4829329, -12.908709099999937 ], [ -38.482924899999936, -12.908692 ], [ -38.482949, -12.90867419999995 ], [ -38.482920699999966, -12.908627799999978 ], [ -38.482893099999963, -12.90859419999998 ], [ -38.482880699999953, -12.9085871 ], [ -38.482861799999974, -12.908586299999971 ], [ -38.482850199999966, -12.908586299999957 ], [ -38.482781599999953, -12.908606 ], [ -38.482713299999944, -12.908646499999969 ], [ -38.482652399999957, -12.908684199999984 ], [ -38.482606399999959, -12.908707299999959 ], [ -38.482539699999961, -12.908720299999977 ], [ -38.482471, -12.908740499999974 ], [ -38.482429899999943, -12.9087527 ], [ -38.482379099999939, -12.908760899999944 ], [ -38.482294399999951, -12.908771099999983 ], [ -38.482243599999947, -12.908793799999957 ], [ -38.482203299999988, -12.90881239999992 ], [ -38.48216309999998, -12.908833 ], [ -38.482105899999972, -12.908849499999956 ], [ -38.482021299999928, -12.90885549999995 ], [ -38.481972599999949, -12.908861699999918 ], [ -38.481909099999946, -12.908853299999974 ], [ -38.481843499999975, -12.908849 ], [ -38.481773699999962, -12.908832199999958 ], [ -38.481706099999947, -12.908790599999987 ], [ -38.481638599999933, -12.908754199999967 ], [ -38.481559599999969, -12.908686399999953 ], [ -38.481443599999984, -12.908580499999967 ], [ -38.481312099999968, -12.908477399999981 ], [ -38.481164199999967, -12.908351699999963 ], [ -38.48105019999997, -12.908236499999935 ], [ -38.480889399999981, -12.908031099999981 ], [ -38.480753799999945, -12.907799199999957 ], [ -38.480649, -12.907658099999944 ], [ -38.48054, -12.907475099999942 ], [ -38.480417699999968, -12.907271 ], [ -38.480388699999935, -12.907250899999944 ], [ -38.480375099999947, -12.907250899999953 ], [ -38.480347699999982, -12.907259199999929 ], [ -38.480334099999936, -12.907230699999941 ], [ -38.480344399999986, -12.907227399999952 ], [ -38.480354599999934, -12.907217399999988 ], [ -38.480363199999942, -12.907197299999954 ], [ -38.480370799999953, -12.907171499999947 ], [ -38.480377, -12.907150499999947 ], [ -38.480378699999967, -12.907117099999928 ], [ -38.480349899999958, -12.907026199999969 ], [ -38.480315899999937, -12.906934199999974 ], [ -38.48027, -12.906843799999935 ], [ -38.480254, -12.906820499999981 ], [ -38.480222199999965, -12.906774399999945 ], [ -38.48018129999997, -12.906737499999956 ], [ -38.480132, -12.906655499999943 ], [ -38.480109899999945, -12.906600199999961 ], [ -38.480030599999964, -12.906471199999938 ], [ -38.48000779999996, -12.90644779999997 ], [ -38.479986, -12.906424499999957 ], [ -38.479951799999988, -12.906403899999926 ], [ -38.479885899999942, -12.906368199999969 ], [ -38.479859299999937, -12.906355099999939 ], [ -38.479824099999973, -12.906334499999947 ], [ -38.479808899999966, -12.906329799999968 ], [ -38.479790799999932, -12.906331699999935 ], [ -38.4797794, -12.906344699999988 ], [ -38.479776499999964, -12.906359599999965 ], [ -38.479783099999963, -12.906394099999941 ], [ -38.479785899999968, -12.906431399999974 ], [ -38.479784, -12.906438899999966 ], [ -38.479776299999962, -12.906439799999943 ], [ -38.4797564, -12.90640809999997 ], [ -38.479723199999974, -12.906367899999971 ], [ -38.479691799999955, -12.906305099999928 ], [ -38.479671799999956, -12.90628729999997 ], [ -38.479636599999935, -12.906273299999951 ], [ -38.479584299999949, -12.906253599999969 ], [ -38.479529199999952, -12.90623859999992 ], [ -38.479479699999956, -12.906237499999989 ], [ -38.479395699999948, -12.906243099999925 ], [ -38.479344099999928, -12.906249699999934 ], [ -38.479296499999975, -12.906248199999929 ], [ -38.479268, -12.906244199999955 ], [ -38.479244899999969, -12.906244099999981 ], [ -38.4792341, -12.906250799999942 ], [ -38.479225899999953, -12.906262699999958 ], [ -38.479219099999973, -12.90627739999996 ], [ -38.479205399999955, -12.906294599999972 ], [ -38.479185, -12.906307899999952 ], [ -38.479116399999953, -12.906309799999981 ], [ -38.479072899999949, -12.906286799999956 ], [ -38.479044799999947, -12.906276299999945 ], [ -38.479025199999967, -12.906273699999925 ], [ -38.479009799999979, -12.9062815 ], [ -38.478992799999965, -12.906297599999943 ], [ -38.478967099999984, -12.906308 ], [ -38.478926899999983, -12.906323 ], [ -38.478899099999978, -12.906345699999971 ], [ -38.478885199999986, -12.906356199999951 ], [ -38.478872799999984, -12.906366799999928 ], [ -38.478860499999932, -12.906369799999933 ], [ -38.478837399999975, -12.90635309999994 ], [ -38.47882809999993, -12.906331899999946 ], [ -38.478805, -12.90631829999996 ], [ -38.478755699999965, -12.906297 ], [ -38.478724899999982, -12.906290899999936 ], [ -38.47870329999995, -12.906272699999942 ], [ -38.47870329999995, -12.906253 ], [ -38.478687899999954, -12.906192199999976 ], [ -38.478666399999945, -12.906149899999944 ], [ -38.478620299999932, -12.906077199999975 ], [ -38.478598799999936, -12.906030299999939 ], [ -38.478577299999984, -12.90599549999996 ], [ -38.478551, -12.905973799999964 ], [ -38.478521799999953, -12.90595859999997 ], [ -38.478498699999932, -12.905922299999924 ], [ -38.478484899999955, -12.905892 ], [ -38.478474099999964, -12.905861799999968 ], [ -38.4784696, -12.905836099999936 ], [ -38.478446399999939, -12.905817899999942 ], [ -38.478423299999974, -12.905808699999961 ], [ -38.478415599999956, -12.905798099999975 ], [ -38.478418699999963, -12.905792099999923 ], [ -38.47844189999995, -12.905790599999925 ], [ -38.478472699999941, -12.905790699999967 ], [ -38.478491199999958, -12.905793799999966 ], [ -38.478531299999929, -12.905798399999981 ], [ -38.47857149999993, -12.905801299999943 ], [ -38.478620799999931, -12.905803599999956 ], [ -38.478660199999972, -12.905805799999946 ], [ -38.478667899999948, -12.905802599999969 ], [ -38.478671199999958, -12.90578969999995 ], [ -38.478651499999962, -12.905757499999927 ], [ -38.478636199999983, -12.905731699999931 ], [ -38.478611099999966, -12.905719799999938 ], [ -38.47857159999996, -12.905718599999931 ], [ -38.478544299999946, -12.905716399999962 ], [ -38.4785366, -12.905707799999959 ], [ -38.478545399999973, -12.905700299999985 ], [ -38.478557499999965, -12.905692899999963 ], [ -38.478583799999974, -12.905687499999956 ], [ -38.478609, -12.905680099999929 ], [ -38.478617799999945, -12.905673099999939 ], [ -38.478617899999968, -12.905656 ], [ -38.478615699999978, -12.905624799999947 ], [ -38.47861359999996, -12.905608699999952 ], [ -38.478621299999929, -12.905588299999971 ], [ -38.478644299999985, -12.905579799999948 ], [ -38.478664, -12.905579799999957 ], [ -38.478699199999937, -12.905546599999983 ], [ -38.478735399999955, -12.905485499999939 ], [ -38.478845399999962, -12.905353199999979 ], [ -38.478952299999946, -12.905232299999964 ], [ -38.478986599999985, -12.905196199999979 ], [ -38.47900379999993, -12.905174 ], [ -38.479009299999966, -12.905155299999942 ], [ -38.479008599999929, -12.905140499999955 ], [ -38.478996299999949, -12.905125099999967 ], [ -38.478986099999929, -12.905107599999955 ], [ -38.47898059999995, -12.905093499999962 ], [ -38.478981299999944, -12.905082899999973 ], [ -38.478986199999952, -12.90506949999998 ], [ -38.478993099999968, -12.905062799999925 ], [ -38.479017499999941, -12.905058 ], [ -38.479050699999966, -12.905063799999931 ], [ -38.479079099999979, -12.905059099999949 ], [ -38.479101599999979, -12.905048599999926 ], [ -38.479123099999988, -12.90502089999994 ], [ -38.479155399999968, -12.9049932 ], [ -38.479180899999967, -12.904958799999978 ], [ -38.479195599999969, -12.90492809999995 ], [ -38.47920449999998, -12.904878399999964 ], [ -38.479205799999924, -12.904844299999985 ], [ -38.479212899999936, -12.904813099999965 ], [ -38.479230799999989, -12.904790299999943 ], [ -38.479243299999951, -12.904765899999974 ], [ -38.479248799999944, -12.904731599999915 ], [ -38.47925129999993, -12.904676 ], [ -38.479253699999965, -12.904621699999955 ], [ -38.479261699999938, -12.904549699999963 ], [ -38.479261799999961, -12.904486399999941 ], [ -38.479268199999979, -12.904414799999929 ], [ -38.479264399999977, -12.904356099999985 ], [ -38.479247399999977, -12.904283199999956 ], [ -38.479237399999931, -12.904223 ], [ -38.479229699999962, -12.904165099999945 ], [ -38.479227399999964, -12.904148299999955 ], [ -38.479224099999954, -12.904140099999967 ], [ -38.479214399999933, -12.904133399999973 ], [ -38.479202699999973, -12.90412669999994 ], [ -38.479194, -12.904122399999956 ], [ -38.479193, -12.904118299999936 ], [ -38.479192599999969, -12.904116199999972 ], [ -38.479196899999984, -12.904111399999973 ], [ -38.479211, -12.904105699999938 ], [ -38.479227599999945, -12.904087199999934 ], [ -38.479231499999976, -12.904061 ], [ -38.47922479999994, -12.904022199999934 ], [ -38.479213699999953, -12.903993599999971 ], [ -38.479198699999976, -12.903973 ], [ -38.479195299999965, -12.903959699999984 ], [ -38.479195599999983, -12.903949099999972 ], [ -38.479209799999985, -12.90394129999993 ], [ -38.479223899999973, -12.903945199999955 ], [ -38.47925209999994, -12.903945299999963 ], [ -38.479262199999937, -12.903941399999953 ], [ -38.479278399999934, -12.903919599999925 ], [ -38.479284499999956, -12.903897899999949 ], [ -38.479286599999966, -12.903838599999967 ], [ -38.479264699999931, -12.903702099999965 ], [ -38.47925679999998, -12.903634899999917 ], [ -38.479273199999966, -12.903535 ], [ -38.479279599999984, -12.903374899999966 ], [ -38.479271699999963, -12.90326809999994 ], [ -38.479243699999984, -12.90314739999997 ], [ -38.479215399999937, -12.902994899999937 ], [ -38.479197399999975, -12.902932299999968 ], [ -38.479187599999939, -12.902888199999959 ], [ -38.47917259999997, -12.902871399999983 ], [ -38.479159599999946, -12.90285169999993 ], [ -38.479135499999977, -12.9028428 ], [ -38.4791044, -12.902828 ], [ -38.479066399999965, -12.902774799999975 ], [ -38.479054399999939, -12.90273939999997 ], [ -38.479049499999967, -12.902694799999962 ], [ -38.479047599999944, -12.902624899999976 ], [ -38.479039699999937, -12.902549199999939 ], [ -38.479024299999935, -12.902491099999958 ], [ -38.47898749999996, -12.902455 ], [ -38.47892829999995, -12.902422799999957 ], [ -38.478850899999934, -12.902306399999944 ], [ -38.478740599999981, -12.902115199999979 ], [ -38.478597899999954, -12.901924499999968 ], [ -38.478485199999973, -12.901805699999958 ], [ -38.478452399999981, -12.901769799999936 ], [ -38.478437899999967, -12.901739399999936 ], [ -38.478439799999933, -12.901723299999954 ], [ -38.478432499999947, -12.901692899999931 ], [ -38.478425299999977, -12.901673299999974 ], [ -38.478427199999942, -12.901632199999929 ], [ -38.478445499999964, -12.901587499999955 ], [ -38.478483899999958, -12.901532199999972 ], [ -38.478509499999973, -12.90150539999995 ], [ -38.478516899999939, -12.901482199999977 ], [ -38.478507799999932, -12.90145 ], [ -38.478475, -12.901423099999928 ], [ -38.478444, -12.901423099999944 ], [ -38.4784021, -12.901424799999965 ], [ -38.478363799999954, -12.901433599999972 ], [ -38.478318099999974, -12.90145679999994 ], [ -38.478272499999946, -12.901487099999944 ], [ -38.478234099999959, -12.901537 ], [ -38.478181099999972, -12.901594099999967 ], [ -38.478122599999949, -12.901660199999963 ], [ -38.478089599999976, -12.901708399999963 ], [ -38.477943299999936, -12.90182469999997 ], [ -38.477839199999949, -12.901888799999929 ], [ -38.477724599999931, -12.901983399999935 ], [ -38.477671599999951, -12.902043299999958 ], [ -38.477646399999976, -12.902114199999987 ], [ -38.477622599999961, -12.902203899999952 ], [ -38.477611599999939, -12.902258799999963 ], [ -38.477599199999936, -12.902288199999912 ], [ -38.477565, -12.90230819999994 ], [ -38.477411599999975, -12.902395499999971 ], [ -38.477254399999936, -12.902474199999981 ], [ -38.477113299999985, -12.902558599999967 ], [ -38.477051699999954, -12.902586599999943 ], [ -38.476973799999939, -12.902607799999943 ], [ -38.476880899999969, -12.902619699999949 ], [ -38.476805799999973, -12.902638299999962 ], [ -38.476781199999948, -12.902638199999954 ], [ -38.476761299999964, -12.902640099999914 ], [ -38.476692399999941, -12.902670099999964 ], [ -38.476684299999938, -12.90263619999995 ], [ -38.476617899999958, -12.902651899999976 ], [ -38.476601599999974, -12.90259879999997 ], [ -38.476733399999944, -12.902550099999944 ], [ -38.476822299999981, -12.902536299999959 ], [ -38.476901399999974, -12.902530499999942 ], [ -38.476965199999938, -12.902516199999985 ], [ -38.477107599999961, -12.902478599999938 ], [ -38.477198899999962, -12.902442699999952 ], [ -38.477265399999965, -12.902386299999945 ], [ -38.477354199999979, -12.902309199999943 ], [ -38.477399299999952, -12.9022788 ], [ -38.477448699999968, -12.902254699999952 ], [ -38.477485199999933, -12.902219 ], [ -38.47751, -12.902189699999933 ], [ -38.477538799999934, -12.902095299999933 ], [ -38.477578, -12.902021399999963 ], [ -38.477675799999936, -12.901837899999979 ], [ -38.477652699999965, -12.901747899999979 ], [ -38.477573, -12.901305599999944 ], [ -38.477544099999932, -12.901216 ], [ -38.477485, -12.901057499999986 ], [ -38.477531399999975, -12.900890899999977 ], [ -38.477583699999968, -12.900745 ], [ -38.477705799999967, -12.900644699999944 ], [ -38.477796299999973, -12.900591499999949 ], [ -38.477861299999972, -12.900616499999938 ], [ -38.477964699999973, -12.900621699999933 ], [ -38.477984499999934, -12.900666599999974 ], [ -38.477983299999956, -12.900728299999978 ], [ -38.478031299999941, -12.900753199999942 ], [ -38.478114199999943, -12.900761599999953 ], [ -38.478184499999941, -12.900714799999934 ], [ -38.478269, -12.900678499999955 ], [ -38.478305699999972, -12.900607 ], [ -38.47835629999998, -12.900546 ], [ -38.478421899999944, -12.900444099999952 ], [ -38.478476099999973, -12.900376399999981 ], [ -38.478474099999971, -12.90030069999994 ], [ -38.478447799999969, -12.9002073 ], [ -38.478410599999968, -12.900127499999925 ], [ -38.478331199999957, -12.900036599999963 ], [ -38.478286699999948, -12.8999808 ], [ -38.478212299999946, -12.89987 ], [ -38.478295299999964, -12.899796299999927 ], [ -38.47839769999996, -12.899788 ], [ -38.479095699999959, -12.899927699999976 ], [ -38.479176599999953, -12.899939499999967 ], [ -38.479261899999983, -12.89990689999996 ], [ -38.479499899999951, -12.899826099999931 ], [ -38.479563199999973, -12.89983429999994 ], [ -38.479623299999965, -12.899821899999949 ], [ -38.479769099999949, -12.899753199999953 ], [ -38.479858299999933, -12.899690299999987 ], [ -38.479960299999966, -12.899692199999954 ], [ -38.480066, -12.89966769999995 ], [ -38.480165499999949, -12.899575899999951 ], [ -38.480295399999932, -12.899532099999933 ], [ -38.4804, -12.899568 ], [ -38.480522199999939, -12.899597599999954 ], [ -38.48060229999993, -12.899646499999953 ], [ -38.48063429999997, -12.899675099999962 ], [ -38.480671799999989, -12.899708599999936 ], [ -38.480874199999967, -12.89987489999992 ], [ -38.480944, -12.899964499999935 ], [ -38.481117, -12.9001527 ], [ -38.481172699999945, -12.900171 ], [ -38.481235499999968, -12.900175899999979 ], [ -38.481280799999979, -12.900180299999935 ], [ -38.481287499999951, -12.900207799999979 ], [ -38.481293699999981, -12.900276299999978 ], [ -38.481362599999954, -12.90036 ], [ -38.481456199999968, -12.900416699999948 ], [ -38.481680099999949, -12.900674899999961 ], [ -38.481738199999938, -12.9007344 ], [ -38.481786, -12.900776499999941 ], [ -38.481802799999976, -12.900821399999922 ], [ -38.481795499999976, -12.900852099999939 ], [ -38.481812299999945, -12.900886799999951 ], [ -38.481850099999981, -12.9009081 ], [ -38.481895, -12.900902 ], [ -38.481928599999947, -12.900978099999975 ], [ -38.481986, -12.901075099999952 ], [ -38.482019199999975, -12.901171699999978 ], [ -38.482011299999954, -12.901247099999978 ], [ -38.482014499999941, -12.901260899999963 ], [ -38.4820132, -12.901299399999983 ], [ -38.48199349999993, -12.901342 ], [ -38.481931399999951, -12.901457699999973 ], [ -38.481905099999949, -12.901486899999968 ], [ -38.481843699999963, -12.901516799999968 ], [ -38.481840199999965, -12.901522799999944 ], [ -38.481836699999974, -12.901528799999934 ], [ -38.481830499999944, -12.901539099999978 ], [ -38.481830499999951, -12.901558899999939 ], [ -38.481832199999985, -12.901575699999963 ], [ -38.481837199999966, -12.901624 ], [ -38.481857199999972, -12.901725 ], [ -38.481857, -12.901806499999957 ], [ -38.481850699999939, -12.901925799999971 ], [ -38.481846399999945, -12.90204109999995 ], [ -38.48180959999997, -12.902164199999948 ], [ -38.481773, -12.902217799999963 ], [ -38.481763, -12.902227599999941 ], [ -38.481746599999958, -12.902243599999963 ], [ -38.481697, -12.902259499999953 ], [ -38.481655799999949, -12.902269499999951 ], [ -38.481654599999963, -12.902269899999959 ], [ -38.481640199999958, -12.902275199999966 ], [ -38.481604399999988, -12.902288199999916 ], [ -38.48158, -12.902312099999975 ], [ -38.481560599999966, -12.902347299999958 ], [ -38.481550299999988, -12.902382599999942 ], [ -38.481520599999953, -12.902427799999957 ], [ -38.481475599999953, -12.902468 ], [ -38.481433199999969, -12.902500699999955 ], [ -38.481405399999971, -12.902541599999955 ], [ -38.481385899999964, -12.902586499999916 ], [ -38.48137319999995, -12.902623499999942 ], [ -38.481367299999938, -12.902683099999933 ], [ -38.481339099999957, -12.902747799999934 ], [ -38.481320699999962, -12.902768799999926 ], [ -38.481296099999952, -12.902786799999951 ], [ -38.481281799999977, -12.902802799999971 ], [ -38.481277599999949, -12.902822799999962 ], [ -38.481274499999984, -12.902850899999967 ], [ -38.481270399999971, -12.902875899999973 ], [ -38.481240699999944, -12.902903899999943 ], [ -38.481191499999966, -12.902934899999938 ], [ -38.481161799999931, -12.902954799999977 ], [ -38.481149499999965, -12.902984899999979 ], [ -38.481146899999942, -12.903031599999942 ], [ -38.481146299999985, -12.903041699999953 ], [ -38.481146299999985, -12.903064599999945 ], [ -38.481168, -12.903130399999945 ], [ -38.481198499999955, -12.903214899999973 ], [ -38.481288099999972, -12.903360599999916 ], [ -38.481335499999936, -12.903448299999972 ], [ -38.481413099999948, -12.903548599999951 ], [ -38.481454799999938, -12.903591899999974 ], [ -38.481472199999985, -12.903605599999933 ], [ -38.48149079999996, -12.903605599999937 ], [ -38.481528, -12.903596499999928 ], [ -38.481562299999958, -12.903584899999936 ], [ -38.4815847, -12.903581099999947 ], [ -38.48160189999993, -12.903591499999941 ], [ -38.481604499999953, -12.903608299999977 ], [ -38.481597799999975, -12.903617299999951 ], [ -38.481580699999938, -12.903638 ], [ -38.481580599999972, -12.903663799999958 ], [ -38.481604299999958, -12.903698799999974 ], [ -38.481637399999961, -12.903727699999942 ], [ -38.481686, -12.903792 ], [ -38.481800099999923, -12.903856399999947 ], [ -38.481889, -12.903897799999966 ], [ -38.481961699999935, -12.903906399999926 ], [ -38.482028899999932, -12.903908099999954 ], [ -38.48208429999994, -12.903901699999951 ], [ -38.482143099999973, -12.903885299999963 ], [ -38.482180099999937, -12.903873899999967 ], [ -38.482228799999973, -12.903855899999938 ], [ -38.482269199999969, -12.903837799999959 ], [ -38.482307799999944, -12.9038346 ], [ -38.482349799999945, -12.903841299999952 ], [ -38.482448799999936, -12.903874399999951 ], [ -38.48250419999993, -12.90388269999996 ], [ -38.482581799999934, -12.903904699999931 ], [ -38.482610299999983, -12.903919499999976 ], [ -38.482630399999948, -12.903945899999936 ], [ -38.48267739999995, -12.903969 ], [ -38.482726099999987, -12.903967499999958 ], [ -38.482744499999974, -12.903995499999956 ], [ -38.482801499999944, -12.904040099999982 ], [ -38.48290419999995, -12.904116599999968 ], [ -38.483004899999976, -12.904170699999963 ], [ -38.48311769999998, -12.904224699999931 ], [ -38.483154299999967, -12.904236799999969 ], [ -38.483178699999939, -12.90424879999996 ], [ -38.483178699999939, -12.904269699999926 ], [ -38.483148099999937, -12.904296599999945 ], [ -38.483117499999928, -12.904302499999973 ], [ -38.483077899999955, -12.904293499999932 ], [ -38.483044299999953, -12.904275499999935 ], [ -38.483010799999924, -12.904251499999935 ], [ -38.482977199999944, -12.904245399999985 ], [ -38.482949799999972, -12.904251299999952 ], [ -38.482934499999942, -12.904272199999989 ], [ -38.482940499999984, -12.904296199999983 ], [ -38.482977, -12.904341099999957 ], [ -38.483038299999983, -12.904440599999939 ], [ -38.483123599999949, -12.904536499999944 ], [ -38.483172299999978, -12.904605399999978 ], [ -38.483242399999945, -12.904644399999926 ], [ -38.483300299999947, -12.904674399999969 ], [ -38.483370499999978, -12.904698499999931 ], [ -38.48341019999998, -12.904732499999966 ], [ -38.483426799999954, -12.904755899999961 ], [ -38.483467399999945, -12.904771199999956 ], [ -38.483511499999963, -12.904767799999927 ], [ -38.48354449999993, -12.904747599999967 ], [ -38.483567299999947, -12.904735699999963 ], [ -38.483608299999958, -12.904732799999962 ], [ -38.483681199999978, -12.904734499999964 ], [ -38.483750899999968, -12.904761399999925 ], [ -38.483791899999972, -12.904794199999971 ], [ -38.483828799999976, -12.904834499999941 ], [ -38.483856099999969, -12.904859799999938 ], [ -38.483889499999982, -12.904877699999924 ], [ -38.483912199999963, -12.904877799999959 ], [ -38.4839335, -12.904877799999957 ], [ -38.48397, -12.904851099999965 ], [ -38.484005, -12.904815499999922 ], [ -38.484049099999929, -12.904775399999936 ], [ -38.484125099999972, -12.904735399999923 ], [ -38.484254499999963, -12.904695 ], [ -38.484310699999988, -12.904660899999948 ], [ -38.484336799999937, -12.904652699999934 ], [ -38.484376, -12.904640199999958 ], [ -38.484461099999983, -12.904635899999953 ], [ -38.48456889999995, -12.904631699999975 ], [ -38.484616399999936, -12.904635099999956 ], [ -38.484674, -12.904671 ], [ -38.484756, -12.904686 ], [ -38.484853099999953, -12.904717499999958 ], [ -38.48487589999997, -12.904721099999964 ], [ -38.484953199999957, -12.904734 ], [ -38.485113, -12.904798499999973 ], [ -38.485222199999953, -12.904841899999942 ], [ -38.485373899999956, -12.904918099999968 ], [ -38.485499799999971, -12.904973399999948 ], [ -38.485612499999945, -12.905002299999977 ], [ -38.485677699999947, -12.905023299999979 ], [ -38.485779399999963, -12.905023499999956 ], [ -38.485881199999938, -12.905023699999949 ], [ -38.485908499999944, -12.905038599999951 ], [ -38.485916599999946, -12.905068799999988 ], [ -38.485915399999953, -12.905089499999963 ], [ -38.485917799999982, -12.905110199999969 ], [ -38.485938899999944, -12.905128399999958 ], [ -38.485977299999952, -12.905139499999946 ], [ -38.486028399999952, -12.905153099999939 ], [ -38.486115299999945, -12.905163 ], [ -38.48621449999996, -12.905196 ], [ -38.486328599999979, -12.905219399999959 ], [ -38.486500899999953, -12.905273199999964 ], [ -38.486582799999951, -12.905295199999953 ], [ -38.486640199999961, -12.905317599999917 ], [ -38.486741099999961, -12.905368199999934 ], [ -38.486812, -12.90540519999996 ], [ -38.486882799999933, -12.905448699999976 ], [ -38.486948199999972, -12.905502699999957 ], [ -38.486976399999953, -12.90553919999995 ], [ -38.486988799999942, -12.905577399999974 ], [ -38.486988699999984, -12.905613799999962 ], [ -38.486992199999982, -12.905655499999956 ], [ -38.486990299999938, -12.905688499999936 ], [ -38.486988499999939, -12.905719699999979 ], [ -38.486991899999964, -12.905780499999928 ], [ -38.487016499999982, -12.905890499999943 ], [ -38.487027099999978, -12.905923499999973 ], [ -38.487051799999961, -12.905963499999926 ], [ -38.487067599999939, -12.905996499999938 ], [ -38.487067499999966, -12.906055499999985 ], [ -38.487064599999933, -12.906136 ], [ -38.487065599999937, -12.906171199999953 ], [ -38.487064399999944, -12.906198599999982 ], [ -38.487059899999963, -12.906205199999926 ], [ -38.4870476, -12.906210699999962 ], [ -38.487031899999984, -12.90621179999995 ], [ -38.486991499999931, -12.906207299999961 ], [ -38.486957899999943, -12.906201699999935 ], [ -38.486929799999984, -12.90619949999995 ], [ -38.486909599999933, -12.906199399999917 ], [ -38.486892799999957, -12.906199399999931 ], [ -38.486877099999965, -12.906203799999968 ], [ -38.486865899999948, -12.906212499999977 ], [ -38.486851299999948, -12.906222399999944 ], [ -38.486821, -12.906226699999937 ], [ -38.486809799999946, -12.906221199999944 ], [ -38.486808699999983, -12.90620579999996 ], [ -38.486808699999983, -12.906197 ], [ -38.486795199999968, -12.906192599999939 ], [ -38.486780599999982, -12.906200299999984 ], [ -38.486761499999943, -12.90622 ], [ -38.48669759999995, -12.906286499999974 ], [ -38.48665909999994, -12.906338199999947 ], [ -38.486634899999956, -12.906393 ], [ -38.486618799999981, -12.906474599999955 ], [ -38.486616, -12.906544 ], [ -38.486615899999947, -12.906581499999954 ], [ -38.486628499999938, -12.906628899999941 ], [ -38.486659, -12.906673899999923 ], [ -38.486688299999962, -12.906702699999936 ], [ -38.486720099999957, -12.906719 ], [ -38.486765899999966, -12.906720399999935 ], [ -38.486829699999923, -12.906713 ], [ -38.486870499999952, -12.906701799999951 ], [ -38.486915799999956, -12.906681399999979 ], [ -38.486981299999975, -12.906649399999937 ], [ -38.487168899999979, -12.906525 ], [ -38.487261799999949, -12.906446799999976 ], [ -38.487338299999976, -12.906391699999965 ], [ -38.487429299999967, -12.906347299999938 ], [ -38.487503899999979, -12.906324299999945 ], [ -38.487618599999962, -12.9062532 ], [ -38.487652699999963, -12.906219799999977 ], [ -38.487691699999964, -12.906178599999981 ], [ -38.487784299999937, -12.906113599999964 ], [ -38.488082899999938, -12.905963 ], [ -38.488168, -12.905920299999938 ], [ -38.488227599999959, -12.905890399999972 ], [ -38.48841379999994, -12.905783399999969 ], [ -38.488548299999934, -12.905678399999935 ], [ -38.488606299999958, -12.905615799999973 ], [ -38.488692599999979, -12.905534899999971 ], [ -38.488891, -12.905427199999952 ], [ -38.489028, -12.905349899999976 ], [ -38.489133599999953, -12.905294399999955 ], [ -38.489248299999922, -12.905229 ], [ -38.489361, -12.905141499999958 ], [ -38.489419399999981, -12.905093599999926 ], [ -38.489494299999933, -12.905017099999958 ], [ -38.489567699999952, -12.904927799999948 ], [ -38.489653299999944, -12.904815699999959 ], [ -38.489755099999968, -12.904681799999926 ], [ -38.489845499999944, -12.904561099999954 ], [ -38.48993879999994, -12.90442819999994 ], [ -38.490021299999967, -12.904280199999958 ], [ -38.490104299999985, -12.904115699999974 ], [ -38.490180399999936, -12.90386689999997 ], [ -38.490259199999969, -12.90359889999997 ], [ -38.49033959999997, -12.903340799999977 ], [ -38.490377799999983, -12.903201699999954 ], [ -38.490488699999965, -12.902836 ], [ -38.490610899999986, -12.902441599999982 ], [ -38.490614699999981, -12.902434099999926 ], [ -38.490624299999986, -12.902434099999923 ], [ -38.490987199999957, -12.902534599999971 ], [ -38.49100089999996, -12.902534599999964 ], [ -38.491013099999975, -12.902529399999938 ], [ -38.491139399999952, -12.90212739999992 ], [ -38.491139399999952, -12.902119199999966 ], [ -38.491066299999943, -12.902092099999933 ], [ -38.491024499999988, -12.902081499999941 ], [ -38.490980799999924, -12.902073499999974 ], [ -38.49096469999995, -12.902064499999948 ], [ -38.490960899999955, -12.902059699999938 ], [ -38.490959799999985, -12.902051799999974 ], [ -38.490961499999962, -12.902045499999931 ], [ -38.490965799999969, -12.902040699999922 ], [ -38.490971699999932, -12.902037099999973 ], [ -38.490987399999945, -12.902036 ], [ -38.490996399999972, -12.902031 ], [ -38.491000699999972, -12.902018099999953 ], [ -38.4912533, -12.901261399999951 ], [ -38.491256199999953, -12.901239199999951 ], [ -38.491251899999952, -12.901222499999959 ], [ -38.491239199999939, -12.901208599999952 ], [ -38.491018399999966, -12.90113929999996 ], [ -38.491020399999961, -12.901123399999964 ], [ -38.49103469999995, -12.901068 ], [ -38.491075399999943, -12.9009531 ], [ -38.491104, -12.900817499999947 ], [ -38.491148799999962, -12.900674899999945 ], [ -38.491205699999973, -12.900520399999944 ], [ -38.491277, -12.900343299999969 ], [ -38.491309599999973, -12.900240299999961 ], [ -38.491334, -12.90015909999995 ], [ -38.49135629999995, -12.900125399999986 ], [ -38.491380699999979, -12.900075899999939 ], [ -38.491375299999966, -12.900022299999916 ], [ -38.49136859999993, -12.8999244 ], [ -38.491366699999951, -12.899858099999964 ], [ -38.491416099999988, -12.899739699999936 ], [ -38.491488299999965, -12.899596299999931 ], [ -38.491531499999944, -12.899516099999957 ], [ -38.491585199999975, -12.899303299999936 ], [ -38.491634899999951, -12.899113499999931 ], [ -38.49167, -12.898967 ], [ -38.491690899999981, -12.898792299999952 ], [ -38.491690199999937, -12.898659099999971 ], [ -38.491682899999944, -12.898625 ], [ -38.491673799999944, -12.898605299999916 ], [ -38.491677599999946, -12.898567599999962 ], [ -38.491697699999968, -12.898535399999965 ], [ -38.491710599999983, -12.898517499999956 ], [ -38.491703399999956, -12.898467399999964 ], [ -38.491698, -12.898422599999941 ], [ -38.491690699999936, -12.898383099999924 ], [ -38.491665199999943, -12.898332899999964 ], [ -38.491660799999977, -12.898302399999981 ], [ -38.491649299999942, -12.8982157 ], [ -38.491642499999955, -12.898113 ], [ -38.491649599999953, -12.897993699999985 ], [ -38.491649799999948, -12.89789329999997 ], [ -38.49164769999993, -12.897781499999939 ], [ -38.491640299999972, -12.897688099999989 ], [ -38.49160669999997, -12.897583699999911 ], [ -38.49160169999994, -12.897520099999955 ], [ -38.491600499999954, -12.8974679 ], [ -38.491609899999965, -12.897446899999972 ], [ -38.49161729999998, -12.897423299999948 ], [ -38.49163219999997, -12.897408799999956 ], [ -38.491635899999949, -12.89739059999993 ], [ -38.491636, -12.8973688 ], [ -38.491673099999957, -12.897345299999937 ], [ -38.491695299999954, -12.897332599999981 ], [ -38.491704599999942, -12.897305399999929 ], [ -38.491702899999943, -12.89726909999996 ], [ -38.491695499999942, -12.897243699999922 ], [ -38.491680799999983, -12.89720009999996 ], [ -38.491666, -12.89717819999993 ], [ -38.491645599999963, -12.89718 ], [ -38.491590199999962, -12.897098199999965 ], [ -38.491601299999964, -12.897083699999936 ], [ -38.491594, -12.897069199999985 ], [ -38.491571799999974, -12.89705459999994 ], [ -38.491544, -12.897041799999949 ], [ -38.491499599999941, -12.89702539999997 ], [ -38.491469799999948, -12.897003299999929 ], [ -38.491442099999965, -12.896967 ], [ -38.491408899999961, -12.896928799999944 ], [ -38.491358899999966, -12.89687779999997 ], [ -38.49133169999994, -12.896861699999944 ], [ -38.49132369999996, -12.896841199999924 ], [ -38.491214199999952, -12.896561599999933 ], [ -38.491128199999935, -12.896335899999931 ], [ -38.491134699999975, -12.896265799999968 ], [ -38.4911307, -12.896170899999959 ], [ -38.491120299999977, -12.89610279999993 ], [ -38.491093, -12.896051199999935 ], [ -38.491065799999951, -12.896014 ], [ -38.491015399999981, -12.895919 ], [ -38.490997199999988, -12.895881799999913 ], [ -38.490980399999955, -12.895832099999943 ], [ -38.490961799999987, -12.895743699999965 ], [ -38.49093, -12.895652799999937 ], [ -38.490933899999959, -12.895577399999974 ], [ -38.490911399999959, -12.895524 ], [ -38.490877699999942, -12.895477899999952 ], [ -38.4908516, -12.895424499999921 ], [ -38.490836699999932, -12.895373 ], [ -38.490804899999944, -12.895260199999921 ], [ -38.490786199999945, -12.895217799999944 ], [ -38.490769399999976, -12.895160799999928 ], [ -38.490762, -12.895105599999964 ], [ -38.490750899999966, -12.895041099999954 ], [ -38.490711399999952, -12.894970499999937 ], [ -38.490657099999972, -12.894920699999957 ], [ -38.490621499999982, -12.894880099999956 ], [ -38.490597099999938, -12.894858 ], [ -38.490550299999938, -12.894793499999931 ], [ -38.490519499999955, -12.894701099999963 ], [ -38.490482199999967, -12.894636599999968 ], [ -38.490465899999961, -12.894591199999967 ], [ -38.49044959999997, -12.894531199999959 ], [ -38.49039, -12.894410599999942 ], [ -38.490376699999949, -12.894356399999941 ], [ -38.490340899999971, -12.894294799999962 ], [ -38.490280299999945, -12.894228599999961 ], [ -38.490208099999954, -12.894082099999926 ], [ -38.490174, -12.893981299999945 ], [ -38.490169299999934, -12.893967499999976 ], [ -38.490096199999989, -12.893859 ], [ -38.49006849999995, -12.89378 ], [ -38.490074, -12.893764 ], [ -38.490098499999931, -12.893745399999931 ], [ -38.490095899999972, -12.893676199999945 ], [ -38.490087799999969, -12.893636299999972 ], [ -38.490073099999968, -12.893598099999958 ], [ -38.490066199999951, -12.893580299999931 ], [ -38.490020199999954, -12.893532399999962 ], [ -38.489993, -12.893450599999923 ], [ -38.489991599999946, -12.893407599999925 ], [ -38.489972, -12.893352599999956 ], [ -38.489947799999975, -12.89331839999995 ], [ -38.489917599999963, -12.893278299999961 ], [ -38.489892, -12.893251599999935 ], [ -38.489863299999975, -12.893217399999976 ], [ -38.489854099999953, -12.893182499999957 ], [ -38.489855699999971, -12.893140899999937 ], [ -38.489854199999961, -12.89309489999995 ], [ -38.489836199999949, -12.8930281 ], [ -38.489825699999976, -12.89299549999993 ], [ -38.489801499999949, -12.892982099999919 ], [ -38.489775699999939, -12.892979 ], [ -38.48975, -12.892984899999931 ], [ -38.489737899999966, -12.892993799999944 ], [ -38.489721199999963, -12.89301459999996 ], [ -38.489707499999945, -12.893017499999914 ], [ -38.48968629999996, -12.893018899999943 ], [ -38.489665199999941, -12.893007 ], [ -38.489633499999968, -12.892966899999985 ], [ -38.4895686, -12.892801599999929 ], [ -38.489533899999962, -12.892727399999966 ], [ -38.489450799999929, -12.892626299999964 ], [ -38.489402599999949, -12.892557099999982 ], [ -38.489292499999983, -12.89228419999996 ], [ -38.489243599999959, -12.892144499999967 ], [ -38.48919, -12.891943899999955 ], [ -38.489187699999945, -12.891874099999944 ], [ -38.489114399999949, -12.891693499999981 ], [ -38.489041199999981, -12.891461499999934 ], [ -38.489002299999981, -12.891276099999972 ], [ -38.488951099999959, -12.891134099999942 ], [ -38.488944499999945, -12.89111849999995 ], [ -38.488875099999973, -12.890952399999948 ], [ -38.488743099999965, -12.89070439999996 ], [ -38.488655, -12.890479899999933 ], [ -38.488620899999951, -12.890345099999923 ], [ -38.488525399999958, -12.890207799999915 ], [ -38.488441899999948, -12.890040299999939 ], [ -38.488153299999965, -12.889546499999952 ], [ -38.488021, -12.889353199999951 ], [ -38.487763799999975, -12.888981599999978 ], [ -38.48784, -12.888924 ], [ -38.487822899999969, -12.888875799999939 ], [ -38.487670899999962, -12.888653399999955 ], [ -38.487700399999937, -12.888612499999956 ], [ -38.487631899999947, -12.888525799999961 ], [ -38.48759739999997, -12.888557 ], [ -38.487553399999967, -12.88848229999997 ], [ -38.487423499999977, -12.88829139999995 ], [ -38.487377, -12.888197499999929 ], [ -38.487365, -12.888084399999963 ], [ -38.487335499999972, -12.887985699999939 ], [ -38.487333699999965, -12.887979699999947 ], [ -38.487311099999943, -12.887902899999959 ], [ -38.487255, -12.88776329999995 ], [ -38.487242899999949, -12.887647799999977 ], [ -38.487174499999981, -12.887449799999974 ], [ -38.487128, -12.887382299999965 ], [ -38.487093799999968, -12.887312499999938 ], [ -38.487047299999979, -12.887240199999953 ], [ -38.487005699999933, -12.887168 ], [ -38.486974799999984, -12.887089099999978 ], [ -38.486881599999954, -12.886840299999962 ], [ -38.486797299999978, -12.886840099999986 ], [ -38.486787899999968, -12.886785699999946 ], [ -38.486755099999989, -12.886630399999941 ], [ -38.486696199999983, -12.886273799999975 ], [ -38.486653099999955, -12.886013399999971 ], [ -38.4866244, -12.885846199999955 ], [ -38.486576099999979, -12.885497 ], [ -38.486552, -12.885330699999939 ], [ -38.486527799999976, -12.885164499999963 ], [ -38.486499099999946, -12.884975099999968 ], [ -38.486481099999942, -12.884916399999948 ], [ -38.486479399999958, -12.884889699999967 ], [ -38.486486699999951, -12.884838199999924 ], [ -38.486472599999964, -12.884638499999941 ], [ -38.486456699999962, -12.884451799999946 ], [ -38.486431699999969, -12.884255599999969 ], [ -38.486395699999953, -12.884081299999925 ], [ -38.486353, -12.88387009999996 ], [ -38.486334199999931, -12.883764 ], [ -38.486303599999985, -12.883676 ], [ -38.486265699999933, -12.883625799999948 ], [ -38.486236499999954, -12.883584199999978 ], [ -38.48619529999997, -12.883550799999957 ], [ -38.486112, -12.883529199999957 ], [ -38.486069599999951, -12.883516199999976 ], [ -38.486024299999947, -12.883516099999934 ], [ -38.486003799999935, -12.883530399999918 ], [ -38.485942299999977, -12.883541699999956 ], [ -38.485854, -12.883530299999954 ], [ -38.485752199999986, -12.8835263 ], [ -38.485687, -12.883517199999957 ], [ -38.485608799999973, -12.883486399999976 ], [ -38.485564499999953, -12.88345689999996 ], [ -38.48549, -12.883393699999942 ], [ -38.48538839999997, -12.883300099999925 ], [ -38.485310099999943, -12.88321769999992 ], [ -38.485264499999964, -12.88318309999995 ], [ -38.485211099999951, -12.883156099999962 ], [ -38.48512379999994, -12.883093299999917 ], [ -38.484982899999984, -12.882986699999929 ], [ -38.484756, -12.882818299999938 ], [ -38.484531699999934, -12.882634599999944 ], [ -38.484362399999959, -12.882487199999948 ], [ -38.484345499999968, -12.882467899999952 ], [ -38.484337699999969, -12.882444899999921 ], [ -38.484336499999984, -12.882369199999971 ], [ -38.484331399999981, -12.882316299999941 ], [ -38.484335699999974, -12.882272499999942 ], [ -38.484333599999957, -12.882242 ], [ -38.484318199999954, -12.88219509999994 ], [ -38.484297199999965, -12.882148399999954 ], [ -38.48429439999996, -12.882142199999974 ], [ -38.484282, -12.8821177 ], [ -38.484268499999978, -12.882096299999949 ], [ -38.484250699999969, -12.882044199999935 ], [ -38.484237599999972, -12.881994199999966 ], [ -38.484224499999982, -12.881946099999947 ], [ -38.484143599999982, -12.881823499999943 ], [ -38.484004299999988, -12.881597199999941 ], [ -38.483921599999974, -12.881398699999968 ], [ -38.483869, -12.881295 ], [ -38.483857699999938, -12.881228 ], [ -38.483839, -12.881144699999936 ], [ -38.483735399999951, -12.880977599999932 ], [ -38.483681699999984, -12.880895099999986 ], [ -38.483612199999989, -12.8808529 ], [ -38.4835303, -12.880806699999935 ], [ -38.483403, -12.880744499999938 ], [ -38.483302599999945, -12.880693099999979 ], [ -38.483156599999973, -12.88059149999998 ], [ -38.483111199999939, -12.880548099999938 ], [ -38.483074699999968, -12.880518199999926 ], [ -38.483057199999962, -12.880496 ], [ -38.483032899999955, -12.88047379999994 ], [ -38.483011199999964, -12.880465499999952 ], [ -38.482982799999945, -12.880451499999939 ], [ -38.482964799999934, -12.88043669999996 ], [ -38.482943299999924, -12.880436699999954 ], [ -38.482937399999976, -12.880437799999964 ], [ -38.482918199999972, -12.880441299999973 ], [ -38.482900299999983, -12.880433099999946 ], [ -38.482882399999937, -12.880429499999932 ], [ -38.482859699999949, -12.880429499999932 ], [ -38.482831, -12.880417699999963 ], [ -38.482814299999973, -12.880424699999931 ], [ -38.48277719999993, -12.88043519999996 ], [ -38.482705199999941, -12.880436199999963 ], [ -38.482624, -12.880424299999957 ], [ -38.48256669999995, -12.880409 ], [ -38.482448299999938, -12.880354699999934 ], [ -38.48236349999997, -12.880321799999944 ], [ -38.48221019999994, -12.880281499999967 ], [ -38.482087199999974, -12.880254299999912 ], [ -38.481887399999955, -12.880192699999947 ], [ -38.481806199999937, -12.880164499999983 ], [ -38.481637799999937, -12.880106699999949 ], [ -38.481565, -12.880069099999936 ], [ -38.481533799999966, -12.880041899999989 ], [ -38.481513499999956, -12.880029 ], [ -38.481494399999974, -12.8800055 ], [ -38.481455, -12.879976099999956 ], [ -38.481359199999936, -12.879929 ], [ -38.481267199999934, -12.879885299999952 ], [ -38.481050599999939, -12.879769299999968 ], [ -38.480912299999943, -12.879683499999938 ], [ -38.480820299999955, -12.879631399999919 ], [ -38.480753899999975, -12.879567799999966 ], [ -38.480661899999973, -12.879450199999935 ], [ -38.480622799999935, -12.879395 ], [ -38.480518699999955, -12.879300799999966 ], [ -38.480425099999934, -12.879205299999958 ], [ -38.480319499999958, -12.879067599999932 ], [ -38.48025309999997, -12.878933099999916 ], [ -38.480207199999946, -12.878846099999967 ], [ -38.480157899999945, -12.878770699999968 ], [ -38.480091499999965, -12.878666499999948 ], [ -38.480004699999938, -12.878554199999945 ], [ -38.479883799999975, -12.878351099999968 ], [ -38.479803899999986, -12.878210499999959 ], [ -38.479723899999954, -12.878027399999963 ], [ -38.479684899999938, -12.877922 ], [ -38.479622, -12.877742399999939 ], [ -38.479601699999932, -12.877658799999946 ], [ -38.479537099999959, -12.87756159999998 ], [ -38.479491099999962, -12.8775047 ], [ -38.47944, -12.877464499999968 ], [ -38.47940259999995, -12.877425899999938 ], [ -38.479368799999975, -12.877319 ], [ -38.479347099999984, -12.877237799999925 ], [ -38.479318, -12.877170899999951 ], [ -38.479223199999986, -12.87701719999996 ], [ -38.479128499999952, -12.876897699999974 ], [ -38.479040899999973, -12.87676089999996 ], [ -38.478985199999954, -12.876634299999976 ], [ -38.478911299999936, -12.876431499999963 ], [ -38.478907499999927, -12.876420899999964 ], [ -38.478861499999937, -12.876299099999942 ], [ -38.478791199999947, -12.876071399999935 ], [ -38.478745199999942, -12.875911399999938 ], [ -38.478675099999975, -12.875628799999955 ], [ -38.47862809999998, -12.875451799999942 ], [ -38.4785816, -12.875242 ], [ -38.478551899999957, -12.875046 ], [ -38.478546899999962, -12.875012899999948 ], [ -38.478528499999982, -12.87487689999994 ], [ -38.47851129999998, -12.874681899999928 ], [ -38.478504599999958, -12.874488599999948 ], [ -38.47849809999996, -12.874264299999938 ], [ -38.47850909999994, -12.874026199999948 ], [ -38.478509299999985, -12.873925299999929 ], [ -38.478516899999939, -12.873688899999937 ], [ -38.478532199999968, -12.87343529999993 ], [ -38.478532399999963, -12.873345899999933 ], [ -38.478532899999955, -12.873125 ], [ -38.478527199999981, -12.872895299999973 ], [ -38.478537899999935, -12.872717899999937 ], [ -38.478551399999958, -12.872663499999918 ], [ -38.478552499999971, -12.872658899999978 ], [ -38.478583699999938, -12.872606099999935 ], [ -38.478598299999931, -12.872563499999963 ], [ -38.478617199999974, -12.872499699999942 ], [ -38.478619399999964, -12.872440699999967 ], [ -38.478615399999974, -12.872345099999954 ], [ -38.478601099999935, -12.872265799999978 ], [ -38.478578399999947, -12.872214899999966 ], [ -38.478557699999953, -12.872190499999942 ], [ -38.478543199999933, -12.872166099999962 ], [ -38.478539199999943, -12.872096899999974 ], [ -38.478523099999968, -12.871864499999967 ], [ -38.478519299999959, -12.871658499999953 ], [ -38.478515499999958, -12.871483699999933 ], [ -38.478507499999985, -12.871299599999945 ], [ -38.478505699999971, -12.871198 ], [ -38.478487199999961, -12.87112269999993 ], [ -38.478476899999968, -12.871069799999935 ], [ -38.478479599999964, -12.871060599999973 ], [ -38.47849279999997, -12.871028599999933 ], [ -38.478517299999965, -12.870996599999961 ], [ -38.478556599999941, -12.870967899999934 ], [ -38.478574599999945, -12.870947099999952 ], [ -38.478602399999943, -12.870911899999959 ], [ -38.478615599999962, -12.870873499999977 ], [ -38.478620599999935, -12.870825499999967 ], [ -38.478622299999984, -12.870787099999957 ], [ -38.478601099999935, -12.870761399999921 ], [ -38.478552299999926, -12.870683899999969 ], [ -38.478513199999952, -12.870618199999962 ], [ -38.478470899999934, -12.870518799999957 ], [ -38.478407499999946, -12.870375699999936 ], [ -38.478383199999946, -12.870289199999936 ], [ -38.478357299999971, -12.87018019999994 ], [ -38.478347699999972, -12.870082099999939 ], [ -38.478347799999938, -12.870022899999984 ], [ -38.478346399999964, -12.869923599999932 ], [ -38.478345399999974, -12.869853 ], [ -38.478344899999968, -12.869822199999913 ], [ -38.478343499999944, -12.8697261 ], [ -38.478350299999931, -12.869576699999968 ], [ -38.47836719999998, -12.869355 ], [ -38.478387, -12.869218899999964 ], [ -38.478425, -12.869042899999942 ], [ -38.478461299999942, -12.868869299999973 ], [ -38.478491, -12.868754099999929 ], [ -38.478533599999935, -12.86867569999993 ], [ -38.478578, -12.86856 ], [ -38.47862559999993, -12.868438399999947 ], [ -38.47865029999997, -12.868396199999948 ], [ -38.478676499999949, -12.868380299999952 ], [ -38.478702599999963, -12.86836429999993 ], [ -38.478735299999983, -12.86835 ], [ -38.478771299999948, -12.868332399999932 ], [ -38.478794199999982, -12.868311699999934 ], [ -38.478809, -12.868286099999972 ], [ -38.478809099999978, -12.868242899999929 ], [ -38.478809199999944, -12.868177199999936 ], [ -38.478799499999973, -12.868126 ], [ -38.478776699999976, -12.868073099999965 ], [ -38.478747399999975, -12.868033 ], [ -38.478707799999945, -12.867952399999966 ], [ -38.478700099999969, -12.867906199999942 ], [ -38.478700099999969, -12.867878099999938 ], [ -38.478700299999964, -12.867785899999946 ], [ -38.478724, -12.867696299999977 ], [ -38.478773799999942, -12.867606799999976 ], [ -38.478844, -12.86741109999997 ], [ -38.478862699999979, -12.8673325 ], [ -38.478881299999955, -12.86726389999996 ], [ -38.478885599999956, -12.867215499999936 ], [ -38.478898, -12.867183299999956 ], [ -38.478910299999946, -12.867167199999924 ], [ -38.478957699999974, -12.867167299999947 ], [ -38.479000899999967, -12.867167399999959 ], [ -38.479060599999968, -12.867135199999966 ], [ -38.479108, -12.867091 ], [ -38.479155799999951, -12.86699529999993 ], [ -38.479170299999964, -12.866922799999932 ], [ -38.479143899999933, -12.866759399999973 ], [ -38.479123399999935, -12.866719 ], [ -38.479059799999959, -12.866650299999945 ], [ -38.479059799999959, -12.866626099999959 ], [ -38.479057899999937, -12.866567599999938 ], [ -38.479085, -12.866330799999959 ], [ -38.479099599999984, -12.86624209999996 ], [ -38.479132899999968, -12.866066099999953 ], [ -38.479155899999967, -12.865906799999944 ], [ -38.479222399999969, -12.865603499999949 ], [ -38.47924, -12.865497499999929 ], [ -38.479241199999933, -12.865490599999937 ], [ -38.479241399999978, -12.865407899999985 ], [ -38.479214799999966, -12.865280099999959 ], [ -38.479190299999971, -12.865177199999952 ], [ -38.479182399999964, -12.865019899999931 ], [ -38.479174499999935, -12.864847799999959 ], [ -38.479193399999929, -12.864683799999952 ], [ -38.479216299999969, -12.864536599999946 ], [ -38.479282699999942, -12.864259799999971 ], [ -38.479372, -12.863900499999955 ], [ -38.479438599999988, -12.863547199999976 ], [ -38.479473199999973, -12.863334299999961 ], [ -38.479486599999973, -12.863252199999962 ], [ -38.479530299999965, -12.863026499999926 ], [ -38.479576099999989, -12.862866399999973 ], [ -38.479657, -12.862601899999959 ], [ -38.479798, -12.862145599999945 ], [ -38.479849899999977, -12.86198159999997 ], [ -38.479903899999954, -12.861721599999946 ], [ -38.479974699999957, -12.861333599999968 ], [ -38.480032899999962, -12.861082899999911 ], [ -38.480065899999943, -12.861022499999924 ], [ -38.480094899999983, -12.860927699999941 ], [ -38.480113599999989, -12.860839 ], [ -38.480134299999975, -12.860760399999963 ], [ -38.480140699999936, -12.860679799999959 ], [ -38.480149199999971, -12.860566 ], [ -38.480141099999969, -12.860515499999945 ], [ -38.480128899999954, -12.860402199999951 ], [ -38.480101599999955, -12.860173599999934 ], [ -38.480096499999938, -12.86013089999995 ], [ -38.480175299999978, -12.86009779999994 ], [ -38.480222099999942, -12.86007809999996 ], [ -38.480255599999964, -12.860115499999946 ], [ -38.480286899999953, -12.860124299999931 ], [ -38.480320499999948, -12.860124399999959 ], [ -38.480345099999973, -12.860128799999924 ], [ -38.480367399999977, -12.860128799999925 ], [ -38.480394299999944, -12.860128899999946 ], [ -38.480463599999958, -12.860124599999965 ], [ -38.480506099999964, -12.860124699999968 ], [ -38.480551699999985, -12.860106499999977 ], [ -38.480577899999957, -12.86007729999996 ], [ -38.480599199999972, -12.860026 ], [ -38.480614299999964, -12.859947899999948 ], [ -38.48062589999995, -12.859805799999954 ], [ -38.480630899999937, -12.85977039999994 ], [ -38.480663399999969, -12.85974 ], [ -38.480709499999925, -12.859715599999967 ], [ -38.480735699999975, -12.85970229999997 ], [ -38.480868499999936, -12.859876 ], [ -38.48089779999998, -12.859858399999943 ], [ -38.480720199999951, -12.859610499999983 ], [ -38.480506099999964, -12.85931489999996 ], [ -38.480422899999958, -12.859184399999929 ], [ -38.480386899999985, -12.859095099999935 ], [ -38.480384699999945, -12.859028799999976 ], [ -38.480402899999945, -12.858986799999975 ], [ -38.480432199999939, -12.858978099999948 ], [ -38.48047279999998, -12.858978099999948 ], [ -38.480499899999984, -12.858953899999968 ], [ -38.480502299999955, -12.858894199999932 ], [ -38.480464099999949, -12.858836599999963 ], [ -38.480428, -12.85881 ], [ -38.480403299999978, -12.858790099999968 ], [ -38.480360399999938, -12.85879 ], [ -38.480337899999938, -12.858785499999945 ], [ -38.480315399999931, -12.858750099999948 ], [ -38.480277099999967, -12.858734599999917 ], [ -38.48025, -12.85873669999995 ], [ -38.480218399999949, -12.858743299999972 ], [ -38.48019579999994, -12.858772 ], [ -38.48018, -12.858805099999923 ], [ -38.480166399999973, -12.858836099999959 ], [ -38.480132499999961, -12.858847 ], [ -38.480072199999945, -12.858810799999974 ], [ -38.48003239999997, -12.858773199999971 ], [ -38.479994099999949, -12.858762099999964 ], [ -38.479947899999964, -12.85873549999997 ], [ -38.479901699999978, -12.85872439999997 ], [ -38.479853899999974, -12.858716499999966 ], [ -38.479810799999939, -12.858719599999958 ], [ -38.479762, -12.858732199999952 ], [ -38.479684299999981, -12.858761 ], [ -38.479521499999983, -12.85880059999992 ], [ -38.479458599999944, -12.858825799999975 ], [ -38.479377299999953, -12.858825699999953 ], [ -38.479270099999958, -12.858825399999946 ], [ -38.479155499999926, -12.858818 ], [ -38.479048399999961, -12.858792399999984 ], [ -38.478895799999975, -12.858717099999987 ], [ -38.478834099999972, -12.858674599999965 ], [ -38.478805399999949, -12.858626099999979 ], [ -38.478739599999983, -12.858545199999988 ], [ -38.47863689999997, -12.858442099999937 ], [ -38.47858089999994, -12.858358399999933 ], [ -38.478517199999942, -12.858291699999935 ], [ -38.478309599999932, -12.858111599999981 ], [ -38.478139, -12.857955799999973 ], [ -38.478056599999945, -12.857842 ], [ -38.478056699999968, -12.857805699999979 ], [ -38.478046499999948, -12.85776329999992 ], [ -38.478026, -12.857708699999929 ], [ -38.478001399999989, -12.857672299999949 ], [ -38.477974599999989, -12.857658199999944 ], [ -38.477929, -12.857641099999958 ], [ -38.477892, -12.857626899999966 ], [ -38.477838399999939, -12.857626799999938 ], [ -38.477813699999963, -12.857626699999981 ], [ -38.477791099999941, -12.857626699999976 ], [ -38.477727399999935, -12.857576099999976 ], [ -38.477421099999965, -12.85728889999997 ], [ -38.477276899999936, -12.85714859999996 ], [ -38.477196799999945, -12.857059599999968 ], [ -38.477106399999968, -12.85694029999995 ], [ -38.476960299999973, -12.856731499999972 ], [ -38.47688439999996, -12.856612299999922 ], [ -38.476781599999981, -12.856421599999972 ], [ -38.476718099999971, -12.856276099999954 ], [ -38.47666229999993, -12.856113799999948 ], [ -38.476640199999977, -12.856049299999933 ], [ -38.47659919999996, -12.855936199999968 ], [ -38.47655409999993, -12.85578 ], [ -38.47655409999993, -12.855755799999949 ], [ -38.47653569999995, -12.855725499999959 ], [ -38.476513099999977, -12.855695099999949 ], [ -38.476509, -12.855668899999966 ], [ -38.476474, -12.855579099999956 ], [ -38.476416499999978, -12.855508399999966 ], [ -38.47636939999996, -12.855381099999915 ], [ -38.47630159999995, -12.855292099999932 ], [ -38.476256599999942, -12.855162899999971 ], [ -38.476221599999974, -12.855016899999955 ], [ -38.476205199999988, -12.854984599999968 ], [ -38.476176399999936, -12.854964299999951 ], [ -38.476139399999965, -12.854938 ], [ -38.476112699999938, -12.854905699999959 ], [ -38.476090099999965, -12.854869299999951 ], [ -38.476053099999945, -12.85472319999997 ], [ -38.476016299999976, -12.8546 ], [ -38.475989699999964, -12.85454339999994 ], [ -38.475963, -12.854478799999976 ], [ -38.475893099999951, -12.854375 ], [ -38.475874699999963, -12.854326599999983 ], [ -38.475866499999938, -12.854290199999975 ], [ -38.475850099999946, -12.854249799999943 ], [ -38.475837899999931, -12.854191199999947 ], [ -38.475823699999978, -12.854045199999968 ], [ -38.475788899999941, -12.853932099999962 ], [ -38.475766399999941, -12.85383509999998 ], [ -38.475719199999951, -12.8537211 ], [ -38.475668, -12.853543299999957 ], [ -38.475639499999943, -12.853391899999965 ], [ -38.475631, -12.853224699999934 ], [ -38.475617399999976, -12.853044199999939 ], [ -38.475615299999959, -12.852954 ], [ -38.475617699999937, -12.852896899999973 ], [ -38.475634199999945, -12.852828399999973 ], [ -38.475681, -12.852728 ], [ -38.475715699999967, -12.852648699999985 ], [ -38.475748899999985, -12.85257289999991 ], [ -38.475802799999933, -12.852388 ], [ -38.475836199999947, -12.852203799999907 ], [ -38.475869199999984, -12.851996 ], [ -38.475890599999957, -12.851811 ], [ -38.475935499999942, -12.851620499999951 ], [ -38.475949499999956, -12.851570299999915 ], [ -38.47597989999997, -12.851524699999983 ], [ -38.476026599999962, -12.851474499999936 ], [ -38.476075799999933, -12.8514259 ], [ -38.476085199999943, -12.851382499999952 ], [ -38.476085299999973, -12.851332299999962 ], [ -38.476071399999974, -12.851302599999936 ], [ -38.476066799999948, -12.851282 ], [ -38.476094799999942, -12.85124319999996 ], [ -38.47610409999993, -12.85123409999993 ], [ -38.4761415, -12.851193099999923 ], [ -38.476153199999949, -12.851158799999943 ], [ -38.476148599999931, -12.851122299999922 ], [ -38.476144099999942, -12.851042299999966 ], [ -38.476150899999944, -12.850917299999937 ], [ -38.476142899999964, -12.850731799999963 ], [ -38.476132699999937, -12.850700099999937 ], [ -38.47612689999994, -12.850661199999941 ], [ -38.476090399999975, -12.850530899999978 ], [ -38.47607579999994, -12.850503499999952 ], [ -38.476049499999938, -12.850453099999969 ], [ -38.476030399999956, -12.850425699999951 ], [ -38.476012899999937, -12.850381 ], [ -38.476005699999973, -12.850324899999977 ], [ -38.475991199999953, -12.850224 ], [ -38.475972499999955, -12.850131599999935 ], [ -38.475974799999953, -12.850057699999965 ], [ -38.475949699999944, -12.849932 ], [ -38.475919899999951, -12.849865199999963 ], [ -38.47590009999994, -12.849806499999936 ], [ -38.47584889999996, -12.849652599999972 ], [ -38.475827399999964, -12.849592299999921 ], [ -38.475777899999969, -12.849377899999986 ], [ -38.47575809999995, -12.849304599999989 ], [ -38.47572519999995, -12.849164399999953 ], [ -38.475699299999967, -12.84905259999994 ], [ -38.475640099999971, -12.848784699999948 ], [ -38.47561069999994, -12.848623 ], [ -38.475549299999948, -12.848350899999975 ], [ -38.47553639999996, -12.848311599999915 ], [ -38.475515399999949, -12.848307599999938 ], [ -38.474886799999979, -12.848378899999947 ], [ -38.474369099999933, -12.848474299999953 ], [ -38.473977299999952, -12.84852769999998 ], [ -38.473939, -12.848519199999949 ], [ -38.473922699999946, -12.848504799999949 ], [ -38.4739, -12.848469499999968 ], [ -38.473867099999943, -12.84831569999994 ], [ -38.473841499999942, -12.848193599999934 ], [ -38.473807899999947, -12.848086199999962 ], [ -38.47377819999997, -12.848031499999937 ], [ -38.473734199999974, -12.847970399999948 ], [ -38.473655899999983, -12.847849399999975 ], [ -38.473593199999989, -12.847760199999968 ], [ -38.473518099999978, -12.847651399999952 ], [ -38.473453499999941, -12.847546799999986 ], [ -38.473377799999987, -12.847404599999939 ], [ -38.473334799999968, -12.847317399999953 ], [ -38.473321599999956, -12.847298 ], [ -38.473281399999962, -12.847239099999966 ], [ -38.473272299999969, -12.847195499999943 ], [ -38.473217499999983, -12.847113 ], [ -38.473200499999969, -12.847084799999957 ], [ -38.473192799999943, -12.847050099999928 ], [ -38.473183699999936, -12.847024499999973 ], [ -38.473169099999957, -12.846994499999933 ], [ -38.47314559999996, -12.84697519999998 ], [ -38.473123499999936, -12.846953399999972 ], [ -38.473114399999929, -12.846899499999962 ], [ -38.473108, -12.846849599999931 ], [ -38.473088499999967, -12.846795699999971 ], [ -38.473057199999971, -12.846744399999968 ], [ -38.472991899999961, -12.846634699999965 ], [ -38.472950199999964, -12.846560299999966 ], [ -38.472907199999945, -12.846476899999976 ], [ -38.472868099999978, -12.846428099999983 ], [ -38.472826199999936, -12.846354499999958 ], [ -38.472809299999945, -12.846310899999956 ], [ -38.472788499999979, -12.846273599999957 ], [ -38.472766399999955, -12.846232599999958 ], [ -38.472741599999949, -12.846214599999938 ], [ -38.472706399999943, -12.846176099999973 ], [ -38.472668499999941, -12.846115499999929 ], [ -38.472650299999934, -12.846077 ], [ -38.472641199999941, -12.846037199999966 ], [ -38.472609899999952, -12.845981599999957 ], [ -38.472583799999938, -12.845936699999982 ], [ -38.472542099999949, -12.845877699999958 ], [ -38.472509499999944, -12.845832699999946 ], [ -38.47245479999998, -12.845759599999951 ], [ -38.472371199999941, -12.845647499999924 ], [ -38.4723178, -12.845573 ], [ -38.472266699999977, -12.8455135 ], [ -38.472213299999964, -12.845450599999932 ], [ -38.472153299999945, -12.845382599999935 ], [ -38.472076099999981, -12.845314099999943 ], [ -38.472040899999968, -12.845274299999977 ], [ -38.472020599999951, -12.845235399999972 ], [ -38.472007599999984, -12.84520069999996 ], [ -38.471992699999937, -12.845186 ], [ -38.471964799999959, -12.845169499999942 ], [ -38.471933199999967, -12.845142099999979 ], [ -38.471914599999927, -12.845120099999985 ], [ -38.471912799999977, -12.845070799999979 ], [ -38.471913, -12.844999599999939 ], [ -38.471920599999983, -12.844941099999952 ], [ -38.471950599999957, -12.844858299999938 ], [ -38.471961899999947, -12.844823599999941 ], [ -38.471965699999942, -12.844770599999952 ], [ -38.471953, -12.844624499999959 ], [ -38.471953099999958, -12.844575199999959 ], [ -38.4719439, -12.84452039999996 ], [ -38.471944, -12.844483799999965 ], [ -38.471970099999972, -12.844449199999925 ], [ -38.471993399999981, -12.844421099999966 ], [ -38.471994399999971, -12.844409299999938 ], [ -38.471992499999942, -12.844397499999953 ], [ -38.47198149999997, -12.844383 ], [ -38.471975, -12.844363899999969 ], [ -38.471973199999987, -12.844339499999942 ], [ -38.471973299999952, -12.844307699999952 ], [ -38.47197709999994, -12.844278699999958 ], [ -38.471973399999968, -12.844248799999935 ], [ -38.471978099999944, -12.844239699999944 ], [ -38.4719846, -12.844236099999945 ], [ -38.471991, -12.844241599999974 ], [ -38.47199779999994, -12.844252699999965 ], [ -38.472005699999947, -12.844270799999959 ], [ -38.472008299999978, -12.844305699999939 ], [ -38.472021599999955, -12.844327199999958 ], [ -38.47203479999996, -12.844341599999954 ], [ -38.472048099999931, -12.844353299999975 ], [ -38.472064, -12.844359899999985 ], [ -38.472081299999964, -12.844363799999943 ], [ -38.472090599999945, -12.844363799999957 ], [ -38.47209589999995, -12.844363799999934 ], [ -38.472102599999978, -12.84434559999994 ], [ -38.472100099999977, -12.844274 ], [ -38.472110899999961, -12.844193199999959 ], [ -38.472115, -12.844146299999979 ], [ -38.472109699999983, -12.844116399999974 ], [ -38.472063, -12.844038499999963 ], [ -38.472023099999944, -12.843971299999952 ], [ -38.472008399999936, -12.843942299999986 ], [ -38.472007399999946, -12.843916399999971 ], [ -38.472012699999937, -12.84389369999996 ], [ -38.472023299999933, -12.843879199999943 ], [ -38.472042299999949, -12.843874099999949 ], [ -38.472070699999961, -12.843879299999983 ], [ -38.472086599999955, -12.843880399999929 ], [ -38.47210129999997, -12.843887599999956 ], [ -38.472120299999979, -12.84390009999993 ], [ -38.472150799999945, -12.843918799999933 ], [ -38.472187699999957, -12.843960199999975 ], [ -38.472208699999953, -12.843996399999977 ], [ -38.472233899999942, -12.844031699999965 ], [ -38.472253899999941, -12.844046199999971 ], [ -38.472289799999949, -12.844056599999938 ], [ -38.472305599999977, -12.844060799999973 ], [ -38.472315099999946, -12.844056599999924 ], [ -38.472318299999984, -12.844045299999941 ], [ -38.472316199999966, -12.844019399999976 ], [ -38.472317399999952, -12.843947 ], [ -38.472320899999943, -12.843926699999951 ], [ -38.472340299999985, -12.843891 ], [ -38.47235319999993, -12.843878499999944 ], [ -38.47235319999993, -12.843853299999978 ], [ -38.472346899999927, -12.843823799999937 ], [ -38.472323299999964, -12.8438007 ], [ -38.472287, -12.843769099999975 ], [ -38.472194899999977, -12.843724799999963 ], [ -38.47213069999998, -12.843691099999939 ], [ -38.472075, -12.84368039999992 ], [ -38.472034299999969, -12.843657199999937 ], [ -38.472000099999953, -12.843640399999977 ], [ -38.472067399999958, -12.843541399999939 ], [ -38.472145299999966, -12.843533399999952 ], [ -38.472709099999982, -12.843475399999916 ], [ -38.47305259999996, -12.843435 ], [ -38.473139799999963, -12.843431899999937 ], [ -38.473230299999955, -12.843417299999942 ], [ -38.47328, -12.843403799999976 ], [ -38.473314, -12.843392899999953 ], [ -38.473317099999981, -12.84337789999994 ], [ -38.473297199999934, -12.843371799999925 ], [ -38.473260499999988, -12.843371799999943 ], [ -38.473088399999945, -12.843387899999984 ], [ -38.472992, -12.843392299999957 ], [ -38.472926099999938, -12.843393599999949 ], [ -38.472912299999969, -12.843398099999957 ], [ -38.47288019999997, -12.843399499999967 ], [ -38.472845, -12.843399499999977 ], [ -38.472820499999955, -12.843376899999949 ], [ -38.472791499999971, -12.843321299999966 ], [ -38.472747299999973, -12.843247699999948 ], [ -38.472733599999962, -12.843211599999965 ], [ -38.472713699999936, -12.843205599999964 ], [ -38.472698399999956, -12.843207 ], [ -38.472664599999987, -12.843220499999964 ], [ -38.472635499999967, -12.84324739999993 ], [ -38.472618599999976, -12.843274499999948 ], [ -38.472610499999981, -12.843308699999954 ], [ -38.472602299999949, -12.84337969999997 ], [ -38.472591499999965, -12.84339809999994 ], [ -38.472568699999961, -12.843407299999965 ], [ -38.472448599999957, -12.843426299999971 ], [ -38.47239959999996, -12.843431 ], [ -38.472365399999951, -12.843429699999932 ], [ -38.472347599999978, -12.843419799999944 ], [ -38.472317799999985, -12.843397799999932 ], [ -38.472265699999987, -12.843317199999928 ], [ -38.472178199999973, -12.843182199999932 ], [ -38.472139099999929, -12.843081799999947 ], [ -38.472114299999937, -12.842980299999974 ], [ -38.472094, -12.842912699999943 ], [ -38.472086399999974, -12.842821199999959 ], [ -38.472071199999952, -12.842598399999916 ], [ -38.472076099999981, -12.842484599999985 ], [ -38.472085899999968, -12.842342599999947 ], [ -38.472083, -12.842221199999917 ], [ -38.472110599999951, -12.842032099999935 ], [ -38.472115, -12.841943099999984 ], [ -38.472159899999951, -12.841814499999932 ], [ -38.472188199999955, -12.841703099999972 ], [ -38.472215, -12.84158129999998 ], [ -38.472255899999936, -12.841439599999967 ], [ -38.472279899999933, -12.841298599999973 ], [ -38.472307299999954, -12.841169299999953 ], [ -38.472333399999968, -12.841069799999964 ], [ -38.472365399999951, -12.840993799999984 ], [ -38.472482299999967, -12.840771799999981 ], [ -38.472521499999971, -12.840686699999926 ], [ -38.472546399999935, -12.840651899999955 ], [ -38.472564899999952, -12.840633299999986 ], [ -38.472598, -12.840599899999971 ], [ -38.472665599999971, -12.840513099999942 ], [ -38.472720699999961, -12.840431399999925 ], [ -38.472821099999976, -12.840300099999977 ], [ -38.473030899999976, -12.840086599999948 ], [ -38.473212199999978, -12.839885199999964 ], [ -38.473434499999939, -12.839657899999963 ], [ -38.473604199999954, -12.83947829999993 ], [ -38.473718499999961, -12.839386 ], [ -38.473883899999983, -12.839238 ], [ -38.473951599999957, -12.839166299999935 ], [ -38.473979799999938, -12.839147099999918 ], [ -38.474002399999968, -12.839147099999934 ], [ -38.4740207, -12.839159599999952 ], [ -38.474038899999989, -12.839176199999946 ], [ -38.474058599999985, -12.83917759999996 ], [ -38.474082599999974, -12.839165199999975 ], [ -38.474117899999953, -12.839122499999963 ], [ -38.474163399999952, -12.839069699999968 ], [ -38.474214199999949, -12.83902289999998 ], [ -38.47429039999998, -12.838941599999945 ], [ -38.47439239999995, -12.838827899999979 ], [ -38.474488399999977, -12.838725899999943 ], [ -38.474598499999949, -12.838612899999934 ], [ -38.474676399999964, -12.838524 ], [ -38.474755499999958, -12.838434399999922 ], [ -38.474879699999981, -12.838278699999947 ], [ -38.474999899999951, -12.838146 ], [ -38.475119899999974, -12.83800259999998 ], [ -38.475231699999931, -12.83786 ], [ -38.475337599999932, -12.837731899999946 ], [ -38.475439599999959, -12.837621099999987 ], [ -38.47552989999997, -12.837534299999964 ], [ -38.475589099999972, -12.837487499999957 ], [ -38.475624699999969, -12.837441399999921 ], [ -38.47563729999996, -12.837425099999958 ], [ -38.47565, -12.837400299999972 ], [ -38.475669799999928, -12.837343699999971 ], [ -38.475676899999939, -12.837323 ], [ -38.475675599999931, -12.837291 ], [ -38.475667199999982, -12.837263399999927 ], [ -38.475660199999943, -12.837246799999946 ], [ -38.475664499999944, -12.837237099999971 ], [ -38.475689799999948, -12.837228899999944 ], [ -38.475742499999967, -12.837214099999914 ], [ -38.475782799999934, -12.837202799999959 ], [ -38.475864499999943, -12.83718369999996 ], [ -38.475922299999979, -12.837161699999966 ], [ -38.475956199999985, -12.837145199999952 ], [ -38.475987199999963, -12.837121799999986 ], [ -38.476016499999957, -12.8371 ], [ -38.476074899999958, -12.837033199999958 ], [ -38.476156899999978, -12.836942499999973 ], [ -38.476278799999932, -12.836812199999938 ], [ -38.47633339999993, -12.836747699999931 ], [ -38.476354899999933, -12.836715499999972 ], [ -38.476399299999976, -12.836626299999988 ], [ -38.476412599999946, -12.836599799999934 ], [ -38.476461399999948, -12.836500199999943 ], [ -38.476517399999977, -12.836411899999984 ], [ -38.476596799999982, -12.83630869999995 ], [ -38.476678599999957, -12.836192899999954 ], [ -38.476754399999955, -12.836075 ], [ -38.476879699999984, -12.835916299999951 ], [ -38.476998299999934, -12.835788499999987 ], [ -38.477084099999956, -12.835718599999954 ], [ -38.477204699999959, -12.835612899999939 ], [ -38.47740959999993, -12.835406499999973 ], [ -38.477552699999933, -12.835270799999924 ], [ -38.477697699999972, -12.835171 ], [ -38.477782, -12.83509639999993 ], [ -38.477853599999953, -12.835004499999963 ], [ -38.477945599999948, -12.834886699999959 ], [ -38.478074399999969, -12.834760899999942 ], [ -38.478298899999977, -12.834582399999931 ], [ -38.478525099999963, -12.834400299999977 ], [ -38.478737899999935, -12.83420809999995 ], [ -38.478898699999952, -12.834094299999942 ], [ -38.479062099999965, -12.833964399999946 ], [ -38.479124799999965, -12.833914499999921 ], [ -38.479302899999936, -12.83378489999996 ], [ -38.479456699999957, -12.833692599999965 ], [ -38.479721499999975, -12.83350719999992 ], [ -38.479889399999934, -12.833379199999968 ], [ -38.480043699999953, -12.833261499999944 ], [ -38.480432, -12.833024499999949 ], [ -38.48109339999997, -12.83266819999994 ], [ -38.481341899999961, -12.832528699999942 ], [ -38.481753699999956, -12.832317799999943 ], [ -38.481968899999977, -12.832201199999915 ], [ -38.482154799999932, -12.83210959999996 ], [ -38.482295699999952, -12.832046599999964 ], [ -38.482436499999949, -12.832000899999965 ], [ -38.482571499999942, -12.831939799999935 ], [ -38.482708, -12.83186549999993 ], [ -38.482813799999974, -12.831808 ], [ -38.482887, -12.831776 ], [ -38.482932799999958, -12.831752599999952 ], [ -38.482974299999974, -12.831730199999978 ], [ -38.483026599999967, -12.831715399999952 ], [ -38.483069199999932, -12.831709 ], [ -38.483122599999952, -12.831709199999977 ], [ -38.483192299999978, -12.831721 ], [ -38.483265299999978, -12.831736199999977 ], [ -38.4833455, -12.831759699999957 ], [ -38.483426599999973, -12.831783499999977 ], [ -38.483444, -12.831794199999919 ], [ -38.483447199999951, -12.83180279999992 ], [ -38.483449399999976, -12.831812399999945 ], [ -38.483449099999973, -12.831835499999951 ], [ -38.483449, -12.831879699999943 ], [ -38.483457899999962, -12.831972599999977 ], [ -38.48347119999994, -12.832038899999935 ], [ -38.483498199999936, -12.83210529999997 ], [ -38.483552099999947, -12.832185 ], [ -38.483606099999975, -12.832238199999953 ], [ -38.483669099999929, -12.832291399999983 ], [ -38.483768099999971, -12.832362299999938 ], [ -38.483840199999975, -12.832415499999978 ], [ -38.483885199999975, -12.83244659999996 ], [ -38.483948199999929, -12.832495299999945 ], [ -38.484006699999952, -12.832539699999938 ], [ -38.484069799999929, -12.832592899999959 ], [ -38.48415069999993, -12.832672599999965 ], [ -38.484222699999982, -12.832756799999967 ], [ -38.484326899999985, -12.832883799999944 ], [ -38.484346899999935, -12.83296269999993 ], [ -38.484403099999952, -12.832998299999934 ], [ -38.484471399999961, -12.833033899999977 ], [ -38.484636199999954, -12.83305 ], [ -38.484704499999964, -12.833050199999937 ], [ -38.484768899999949, -12.833038499999926 ], [ -38.484849299999951, -12.833042599999933 ], [ -38.484909599999988, -12.833058499999936 ], [ -38.484933599999977, -12.83309 ], [ -38.484945599999946, -12.833153199999964 ], [ -38.484961599999963, -12.833200499999965 ], [ -38.484989699999971, -12.833224199999959 ], [ -38.485021799999963, -12.833228199999963 ], [ -38.485058, -12.833220399999965 ], [ -38.485106299999984, -12.833185 ], [ -38.485142599999961, -12.833149599999967 ], [ -38.485211099999951, -12.833094499999959 ], [ -38.485299599999962, -12.833063199999961 ], [ -38.485376, -12.833031799999949 ], [ -38.485480699999982, -12.832972799999943 ], [ -38.485569199999929, -12.832937499999959 ], [ -38.485633499999949, -12.83293759999998 ], [ -38.485705899999978, -12.83294959999993 ], [ -38.485766099999971, -12.832981299999961 ], [ -38.485826399999951, -12.833016899999963 ], [ -38.485866499999936, -12.833060299999925 ], [ -38.485910599999954, -12.833103799999948 ], [ -38.485958799999942, -12.833139399999922 ], [ -38.486015099999975, -12.833147399999964 ], [ -38.486071399999958, -12.833135699999955 ], [ -38.486143799999986, -12.83312789999996 ], [ -38.486228199999971, -12.833151699999975 ], [ -38.486288399999978, -12.833191299999948 ], [ -38.486344599999946, -12.833230799999965 ], [ -38.486380699999984, -12.833282199999918 ], [ -38.486445, -12.833290199999967 ], [ -38.486505299999969, -12.833274499999961 ], [ -38.4865296, -12.833235099999973 ], [ -38.486573899999946, -12.833187899999944 ], [ -38.486626199999932, -12.833148599999946 ], [ -38.486706699999964, -12.833117199999945 ], [ -38.486811299999943, -12.833105599999953 ], [ -38.486879599999952, -12.83309779999996 ], [ -38.486980199999948, -12.833094 ], [ -38.487072599999969, -12.833094199999943 ], [ -38.487141, -12.833082499999918 ], [ -38.487189399999984, -12.833031399999967 ], [ -38.48724569999996, -12.832988099999964 ], [ -38.487281899999964, -12.832972399999965 ], [ -38.487326199999984, -12.832964599999952 ], [ -38.487362499999968, -12.832925199999979 ], [ -38.48737059999997, -12.832889699999951 ], [ -38.487411, -12.832759699999938 ], [ -38.487491499999976, -12.83272829999993 ], [ -38.487612199999944, -12.832685099999919 ], [ -38.487672699999962, -12.832626099999979 ], [ -38.487721099999938, -12.832547299999932 ], [ -38.487725399999931, -12.832409299999938 ], [ -38.487725499999947, -12.832318599999963 ], [ -38.487729699999932, -12.832227899999953 ], [ -38.487741899999939, -12.832176699999948 ], [ -38.487807, -12.832089 ], [ -38.487852699999962, -12.832041499999937 ], [ -38.487895499999979, -12.832033199999955 ], [ -38.487941099999944, -12.83204729999995 ], [ -38.488283, -12.832185 ], [ -38.488323099999945, -12.832087199999915 ], [ -38.488317499999937, -12.832056399999933 ], [ -38.488283399999943, -12.831975199999938 ], [ -38.488306399999949, -12.831885799999947 ], [ -38.488320599999945, -12.831806099999937 ], [ -38.488426, -12.831667599999962 ], [ -38.488538699999935, -12.831511299999944 ], [ -38.488687799999987, -12.831355099999946 ], [ -38.488897799999968, -12.831163299999961 ], [ -38.48900469999996, -12.831071599999969 ], [ -38.489218699999974, -12.830834 ], [ -38.489426, -12.830640899999917 ], [ -38.489597899999978, -12.830409699999947 ], [ -38.489653099999934, -12.830327299999945 ], [ -38.489653199999957, -12.830270199999966 ], [ -38.489646799999953, -12.830213099999979 ], [ -38.489611399999951, -12.830136899999957 ], [ -38.489550099999974, -12.830070199999973 ], [ -38.489488799999954, -12.830003399999949 ], [ -38.48945329999998, -12.829958899999966 ], [ -38.48943079999998, -12.829914499999974 ], [ -38.489437299999963, -12.829885899999958 ], [ -38.489466499999935, -12.8298162 ], [ -38.489528099999973, -12.829727499999915 ], [ -38.489547699999953, -12.829670399999939 ], [ -38.489521, -12.829596699999962 ], [ -38.489438199999945, -12.829506 ], [ -38.489359899999961, -12.829438 ], [ -38.489258599999971, -12.829383499999956 ], [ -38.489198599999959, -12.829374399999956 ], [ -38.48912949999994, -12.829360699999931 ], [ -38.489060499999944, -12.829283599999942 ], [ -38.488964, -12.82912509999994 ], [ -38.488904199999979, -12.829034499999969 ], [ -38.488862899999958, -12.828916799999934 ], [ -38.488863199999976, -12.828763 ], [ -38.488854499999945, -12.828496099999944 ], [ -38.488868699999948, -12.828319699999946 ], [ -38.488850499999955, -12.828211099999967 ], [ -38.48882749999995, -12.828077399999918 ], [ -38.488850899999932, -12.827919099999969 ], [ -38.488888099999947, -12.827774399999969 ], [ -38.488957599999935, -12.827616199999962 ], [ -38.48902719999996, -12.827408299999961 ], [ -38.489050599999985, -12.827245499999956 ], [ -38.489050699999957, -12.8271731 ], [ -38.489060099999961, -12.827118799999928 ], [ -38.48909249999997, -12.82706009999993 ], [ -38.489194599999969, -12.826748099999987 ], [ -38.489329199999936, -12.826327699999968 ], [ -38.489393499999956, -12.825909199999964 ], [ -38.489412399999935, -12.825603399999984 ], [ -38.489398299999955, -12.825319199999964 ], [ -38.489381099999939, -12.824801 ], [ -38.489377599999955, -12.824696699999961 ], [ -38.48934109999994, -12.824613899999964 ], [ -38.489311799999939, -12.824570699999969 ], [ -38.489278899999924, -12.824545399999973 ], [ -38.489275199999952, -12.824520199999958 ], [ -38.48924959999993, -12.82449139999993 ], [ -38.489150599999959, -12.824498399999973 ], [ -38.489084499999926, -12.824512699999952 ], [ -38.489007599999987, -12.824498099999976 ], [ -38.488879199999985, -12.824487099999947 ], [ -38.488827899999933, -12.824469 ], [ -38.488742699999932, -12.824392199999961 ], [ -38.488647399999934, -12.824183299999941 ], [ -38.488616, -12.823943299999954 ], [ -38.48848849999996, -12.823299599999936 ], [ -38.48847829999994, -12.823248 ], [ -38.488415, -12.822987099999972 ], [ -38.488383599999963, -12.822715699999957 ], [ -38.488309499999964, -12.822527799999932 ], [ -38.488256399999948, -12.8224964 ], [ -38.488139399999959, -12.822506599999924 ], [ -38.488011599999943, -12.822568899999965 ], [ -38.487926499999958, -12.822589599999965 ], [ -38.487820099999958, -12.822589399999968 ], [ -38.487816199999941, -12.822584199999937 ], [ -38.48773529999994, -12.82247449999995 ], [ -38.487746199999947, -12.822318 ], [ -38.487810299999985, -12.822192899999926 ], [ -38.488012599999934, -12.822078599999942 ], [ -38.488257799999985, -12.821807799999938 ], [ -38.488279499999983, -12.82162 ], [ -38.488247899999969, -12.821432099999978 ], [ -38.48816, -12.821232 ], [ -38.487987399999959, -12.820839 ], [ -38.487775799999952, -12.820532499999956 ], [ -38.487655699999948, -12.820287499999958 ], [ -38.487556499999982, -12.819960799999953 ], [ -38.487507299999947, -12.819618 ], [ -38.487383899999941, -12.818938199999927 ], [ -38.487392499999942, -12.818754599999981 ], [ -38.487409499999956, -12.818599599999965 ], [ -38.487413799999956, -12.818518 ], [ -38.487393099999963, -12.818456699999974 ], [ -38.48737239999997, -12.818432199999968 ], [ -38.487330799999938, -12.81842809999995 ], [ -38.48729759999997, -12.81839529999997 ], [ -38.487297799999965, -12.818313699999971 ], [ -38.487306199999978, -12.818252499999973 ], [ -38.4873646, -12.818183299999923 ], [ -38.48739379999995, -12.818130299999959 ], [ -38.487402199999963, -12.81807729999996 ], [ -38.487398199999973, -12.818032399999943 ], [ -38.48736909999996, -12.817987499999965 ], [ -38.487352599999952, -12.817938499999959 ], [ -38.487361, -12.817889499999964 ], [ -38.487394399999978, -12.817840599999952 ], [ -38.487465199999981, -12.817787699999936 ], [ -38.487515299999984, -12.81773069999997 ], [ -38.4875737, -12.817645099999927 ], [ -38.487587199999943, -12.817505 ], [ -38.487587399999938, -12.817392799999936 ], [ -38.487614499999957, -12.817313699999946 ], [ -38.487661699999933, -12.817254399999966 ], [ -38.487729099999974, -12.817181899999989 ], [ -38.487763, -12.817083 ], [ -38.487763199999968, -12.816977399999924 ], [ -38.487756699999977, -12.816865199999929 ], [ -38.487743499999965, -12.816759599999962 ], [ -38.487716699999972, -12.816654 ], [ -38.487717099999941, -12.816456 ], [ -38.487730899999981, -12.816330599999963 ], [ -38.48777819999998, -12.816211899999921 ], [ -38.487839099999974, -12.816047099999937 ], [ -38.487926899999934, -12.815882299999926 ], [ -38.48800109999997, -12.815763599999961 ], [ -38.488061899999941, -12.815644899999926 ], [ -38.488102599999934, -12.815499799999925 ], [ -38.488197099999979, -12.8153086 ], [ -38.488298399999962, -12.81512409999994 ], [ -38.488406099999963, -12.81480259999995 ], [ -38.488575499999968, -12.814504799999954 ], [ -38.48876, -12.814218099999946 ], [ -38.488798099999947, -12.814165399999967 ], [ -38.489068499999981, -12.81379179999993 ], [ -38.489396699999922, -12.813378 ], [ -38.489588499999968, -12.813179699999967 ], [ -38.489746399999952, -12.813014299999944 ], [ -38.489941899999963, -12.81284169999997 ], [ -38.49016359999996, -12.812661799999962 ], [ -38.490400299999976, -12.812482 ], [ -38.490689599999946, -12.812309499999978 ], [ -38.491092599999952, -12.812147 ], [ -38.491317899999956, -12.812070099999957 ], [ -38.491498, -12.812019 ], [ -38.491548799999983, -12.811984099999965 ], [ -38.491708499999959, -12.81185739999996 ], [ -38.491907699999956, -12.811659099999922 ], [ -38.492182, -12.81145719999995 ], [ -38.49242239999996, -12.811314099999953 ], [ -38.49257259999996, -12.811240799999956 ], [ -38.492752899999971, -12.811138099999948 ], [ -38.493052099999943, -12.811005599999939 ], [ -38.493344899999954, -12.810925199999936 ], [ -38.493746599999952, -12.810823 ], [ -38.494054299999952, -12.810775699999979 ], [ -38.494470799999931, -12.810776499999976 ], [ -38.494759699999975, -12.810802799999975 ], [ -38.494913399999973, -12.810851 ], [ -38.49505209999996, -12.810921199999935 ], [ -38.495119499999937, -12.810965399999921 ], [ -38.495168199999974, -12.811009699999953 ], [ -38.49521679999998, -12.811068699999955 ], [ -38.495243099999982, -12.811090799999931 ], [ -38.495299299999942, -12.811127699999922 ], [ -38.495363, -12.811164699999933 ], [ -38.495460499999986, -12.811198 ], [ -38.495550399999964, -12.811234899999928 ], [ -38.495651699999932, -12.811279299999979 ], [ -38.495982799999986, -12.811438699999931 ], [ -38.496087699999975, -12.811475699999958 ], [ -38.496166499999966, -12.811501599999938 ], [ -38.496260199999945, -12.811549599999969 ], [ -38.496308899999981, -12.81159389999994 ], [ -38.496357599999953, -12.811634499999965 ], [ -38.49639509999998, -12.811649299999933 ], [ -38.496440099999973, -12.811649399999961 ], [ -38.496455199999957, -12.811623599999953 ], [ -38.496455199999957, -12.811601499999927 ], [ -38.496474, -12.811557399999984 ], [ -38.496515399999964, -12.811524399999936 ], [ -38.496624199999985, -12.811513499999931 ], [ -38.496740599999953, -12.811473299999939 ], [ -38.496834399999962, -12.811466099999949 ], [ -38.496898199999976, -12.811466199999927 ], [ -38.496999499999966, -12.811466399999956 ], [ -38.497164599999969, -12.811470399999958 ], [ -38.497213299999949, -12.811481499999953 ], [ -38.497288399999952, -12.811489 ], [ -38.497329599999944, -12.811496499999979 ], [ -38.497367099999963, -12.811514899999974 ], [ -38.49738949999994, -12.811544399999931 ], [ -38.497397, -12.811566499999985 ], [ -38.497408199999931, -12.811588599999926 ], [ -38.497438199999976, -12.811596 ], [ -38.497457, -12.811585 ], [ -38.497468299999987, -12.81155929999994 ], [ -38.497468399999946, -12.811518799999938 ], [ -38.497468499999975, -12.811471 ], [ -38.497457299999951, -12.811404699999976 ], [ -38.497472499999958, -12.811345899999939 ], [ -38.497558899999945, -12.8112614 ], [ -38.497626499999967, -12.811228399999944 ], [ -38.497701599999971, -12.811206399999955 ], [ -38.497780499999983, -12.811191899999921 ], [ -38.497859199999944, -12.811177299999938 ], [ -38.49795679999994, -12.811166399999946 ], [ -38.498013099999973, -12.811155499999924 ], [ -38.498123599999929, -12.811110299999928 ], [ -38.498221299999962, -12.811062599999964 ], [ -38.49832269999996, -12.810996599999964 ], [ -38.49843919999995, -12.810897399999945 ], [ -38.498585699999985, -12.810791 ], [ -38.49872849999997, -12.810702899999971 ], [ -38.498799899999938, -12.810655199999932 ], [ -38.49886749999996, -12.810611199999922 ], [ -38.498923799999943, -12.810581799999955 ], [ -38.498965099999964, -12.810570899999954 ], [ -38.4990289, -12.810567299999933 ], [ -38.499085099999945, -12.810578499999966 ], [ -38.499126399999966, -12.810578499999965 ], [ -38.499182699999956, -12.810567599999946 ], [ -38.499239, -12.810553 ], [ -38.499363299999978, -12.810502799999924 ], [ -38.4994, -12.810482699999957 ], [ -38.499426399999948, -12.810481299999919 ], [ -38.499442599999952, -12.810484199999951 ], [ -38.499452799999979, -12.810497199999928 ], [ -38.499452799999979, -12.810523099999953 ], [ -38.499465899999969, -12.810543299999953 ], [ -38.499479099999981, -12.810541899999986 ], [ -38.499493799999982, -12.81052319999997 ], [ -38.499495399999951, -12.810497299999936 ], [ -38.499492499999967, -12.810462699999968 ], [ -38.499492599999932, -12.810425299999954 ], [ -38.499486799999943, -12.810390799999919 ], [ -38.499476599999987, -12.810340299999941 ], [ -38.499476699999946, -12.810300099999951 ], [ -38.499476699999953, -12.810252499999919 ], [ -38.499479799999961, -12.810197899999938 ], [ -38.4994842, -12.810172 ], [ -38.499507799999947, -12.810147499999962 ], [ -38.499531299999951, -12.810136099999951 ], [ -38.499550399999983, -12.810139 ], [ -38.499565, -12.810149099999931 ], [ -38.499570799999958, -12.810169199999978 ], [ -38.499569299999969, -12.810199499999948 ], [ -38.499566399999949, -12.810208099999954 ], [ -38.499560499999966, -12.810213799999945 ], [ -38.499557499999987, -12.81022539999997 ], [ -38.499557499999987, -12.810242599999972 ], [ -38.49956039999995, -12.810255599999964 ], [ -38.499563299999977, -12.810272899999969 ], [ -38.499563299999977, -12.81029449999995 ], [ -38.499566099999988, -12.810314599999954 ], [ -38.49957639999996, -12.810326099999935 ], [ -38.499585199999956, -12.810343399999958 ], [ -38.499580699999967, -12.81035489999995 ], [ -38.499580699999967, -12.810390899999977 ], [ -38.499583499999979, -12.810414 ], [ -38.499587899999945, -12.810428399999967 ], [ -38.499595299999953, -12.810442799999983 ], [ -38.499599599999954, -12.810460099999943 ], [ -38.499612799999973, -12.810473 ], [ -38.499627499999974, -12.81047309999996 ], [ -38.499633299999971, -12.810458699999977 ], [ -38.499650699999961, -12.810436499999973 ], [ -38.499714599999947, -12.810386599999948 ], [ -38.499748699999941, -12.810365699999972 ], [ -38.499799799999948, -12.810336599999985 ], [ -38.499804199999971, -12.810286499999968 ], [ -38.499834099999937, -12.810203099999963 ], [ -38.499902599999984, -12.809982 ], [ -38.49998369999998, -12.809840299999966 ], [ -38.499988199999962, -12.809769299999989 ], [ -38.499958499999934, -12.809727499999957 ], [ -38.499932899999976, -12.809719099999922 ], [ -38.499898899999948, -12.809723199999938 ], [ -38.499852, -12.809748199999943 ], [ -38.499812199999951, -12.809742699999953 ], [ -38.499782099999948, -12.809701199999951 ], [ -38.499770099999978, -12.80965089999996 ], [ -38.499776299999944, -12.809579899999976 ], [ -38.499837299999967, -12.80943529999996 ], [ -38.499843699999936, -12.809320899999936 ], [ -38.499874599999934, -12.80918249999997 ], [ -38.499893299999947, -12.809062099999956 ], [ -38.4998935, -12.80897789999994 ], [ -38.499893599999943, -12.808899599999965 ], [ -38.499844699999983, -12.808821199999967 ], [ -38.499795699999936, -12.808766899999974 ], [ -38.499716099999951, -12.808658399999963 ], [ -38.499716299999939, -12.808580199999938 ], [ -38.499734899999972, -12.808483899999942 ], [ -38.499771799999955, -12.808417699999946 ], [ -38.499802699999975, -12.808309399999914 ], [ -38.4997906, -12.808225099999966 ], [ -38.499729599999966, -12.808046899999969 ], [ -38.499717499999974, -12.807932499999952 ], [ -38.499717699999955, -12.807824099999948 ], [ -38.499791499999965, -12.807764099999918 ], [ -38.499840699999943, -12.807716 ], [ -38.499865499999949, -12.807583599999946 ], [ -38.49987189999996, -12.80746319999996 ], [ -38.499896699999951, -12.807348799999957 ], [ -38.499952, -12.807306799999928 ], [ -38.499987099999942, -12.807241699999963 ], [ -38.499992199999959, -12.807171699999953 ], [ -38.499991299999976, -12.807051399999962 ], [ -38.499952699999938, -12.806915499999937 ], [ -38.49989769999997, -12.806795 ], [ -38.499867399999971, -12.806644399999984 ], [ -38.499874199999965, -12.806313299999944 ], [ -38.499886199999935, -12.805632799999961 ], [ -38.499881599999988, -12.805479599999964 ], [ -38.499872, -12.805388599999958 ], [ -38.499862599999972, -12.805216199999943 ], [ -38.49984829999994, -12.805048599999958 ], [ -38.499799699999983, -12.804924 ], [ -38.499746299999977, -12.804775499999938 ], [ -38.499683399999981, -12.804488099999951 ], [ -38.49961049999996, -12.804320399999924 ], [ -38.499552299999948, -12.80413829999997 ], [ -38.49947949999995, -12.803867599999935 ], [ -38.499445399999956, -12.803790899999965 ], [ -38.499406599999936, -12.803685499999975 ], [ -38.499392199999932, -12.803575399999936 ], [ -38.499333899999961, -12.803450799999963 ], [ -38.499260899999975, -12.803311799999952 ], [ -38.499197899999963, -12.803115299999938 ], [ -38.499136399999941, -12.802911499999951 ], [ -38.499086099999943, -12.802744399999925 ], [ -38.4990423, -12.802677299999974 ], [ -38.499042399999951, -12.802619799999931 ], [ -38.499066899999946, -12.802572 ], [ -38.499115699999948, -12.802548199999928 ], [ -38.499198799999931, -12.802514799999935 ], [ -38.499286699999985, -12.802491 ], [ -38.499408799999969, -12.802443399999959 ], [ -38.499506599999968, -12.80236219999995 ], [ -38.499663, -12.802257099999956 ], [ -38.499760899999956, -12.802118499999937 ], [ -38.499800199999981, -12.801984499999948 ], [ -38.499849199999979, -12.801869699999926 ], [ -38.499898299999984, -12.801745299999929 ], [ -38.49991319999998, -12.801616 ], [ -38.499903599999982, -12.801549 ], [ -38.499815799999958, -12.801505699999968 ], [ -38.499645, -12.801484899999929 ], [ -38.499528, -12.8014128 ], [ -38.499474299999981, -12.801388799999927 ], [ -38.499445099999946, -12.801350399999951 ], [ -38.499435399999982, -12.801307299999941 ], [ -38.499445299999934, -12.801245099999962 ], [ -38.499474899999939, -12.801120699999938 ], [ -38.499484799999962, -12.801020099999938 ], [ -38.499485099999958, -12.800890899999944 ], [ -38.499480399999982, -12.800799899999948 ], [ -38.499480499999947, -12.800723299999953 ], [ -38.499456299999963, -12.800608299999956 ], [ -38.499407899999937, -12.800445399999937 ], [ -38.499442899999963, -12.799999299999973 ], [ -38.49944319999998, -12.79984129999996 ], [ -38.499443599999942, -12.799668899999983 ], [ -38.49949289999995, -12.79941519999994 ], [ -38.49956659999998, -12.799171099999956 ], [ -38.499657199999959, -12.798845599999918 ], [ -38.499664499999938, -12.798720499999948 ], [ -38.4996647, -12.798616299999948 ], [ -38.499665, -12.798491199999935 ], [ -38.499636899999985, -12.798348799999928 ], [ -38.49960539999995, -12.798171499999967 ], [ -38.4995967, -12.798063199999929 ], [ -38.499546499999951, -12.797928899999935 ], [ -38.499539599999935, -12.797787599999936 ], [ -38.499568699999941, -12.797646399999966 ], [ -38.499583299999983, -12.797533399999963 ], [ -38.499583599999951, -12.797406199999939 ], [ -38.499555, -12.797286 ], [ -38.499512, -12.79718 ], [ -38.499425899999949, -12.797052599999974 ], [ -38.49936119999996, -12.796960699999948 ], [ -38.499289499999975, -12.796783899999975 ], [ -38.499289799999929, -12.796663799999989 ], [ -38.499304599999967, -12.796437799999982 ], [ -38.499305099999958, -12.796218699999931 ], [ -38.499291099999937, -12.796006799999915 ], [ -38.499284399999972, -12.795766499999957 ], [ -38.499263, -12.795632299999976 ], [ -38.499241799999943, -12.79545559999996 ], [ -38.499242099999947, -12.795300199999922 ], [ -38.499249499999969, -12.795180099999975 ], [ -38.499285799999946, -12.795045899999918 ], [ -38.499358199999961, -12.794827 ], [ -38.499497599999984, -12.794553199999935 ], [ -38.499666699999985, -12.794277899999921 ], [ -38.499835899999937, -12.794015699999932 ], [ -38.499943499999972, -12.79385549999996 ], [ -38.499998099999971, -12.793728499999933 ], [ -38.500010199999963, -12.793700299999966 ], [ -38.500015499999954, -12.793595099999944 ], [ -38.500015799999979, -12.793469799999958 ], [ -38.500026199999979, -12.793334599999987 ], [ -38.500026499999933, -12.793204299999953 ], [ -38.500011399999956, -12.793104 ], [ -38.499998099999971, -12.793085199999938 ], [ -38.499965499999973, -12.793038799999975 ], [ -38.499909499999944, -12.792973599999973 ], [ -38.499807499999982, -12.792878199999977 ], [ -38.499746399999935, -12.792807899999953 ], [ -38.49969539999995, -12.792732599999947 ], [ -38.499634299999983, -12.792652299999922 ], [ -38.499614, -12.792567099999932 ], [ -38.499578599999957, -12.792416699999922 ], [ -38.499506599999968, -12.79224789999996 ], [ -38.499453199999941, -12.792147799999958 ], [ -38.499431799999968, -12.792090399999964 ], [ -38.499422699999968, -12.792037099999954 ], [ -38.499425899999956, -12.791969799999936 ], [ -38.499439299999949, -12.79191349999998 ], [ -38.499460899999981, -12.791869299999972 ], [ -38.499512299999928, -12.791784899999989 ], [ -38.499557399999958, -12.791710799999958 ], [ -38.499590199999943, -12.791656899999971 ], [ -38.499735299999948, -12.791381599999951 ], [ -38.499864099999968, -12.791153199999943 ], [ -38.49990779999996, -12.7910922 ], [ -38.499956699999984, -12.791048399999957 ], [ -38.499998099999978, -12.791024199999985 ], [ -38.500023399999975, -12.791006699999963 ], [ -38.500042, -12.790992499999946 ], [ -38.50007549999998, -12.790943199999944 ], [ -38.500103699999954, -12.790894299999948 ], [ -38.500121399999962, -12.790845399999968 ], [ -38.500127899999931, -12.790741499999974 ], [ -38.500127099999929, -12.790595499999926 ], [ -38.500125199999964, -12.790510899999951 ], [ -38.500106699999954, -12.790430299999958 ], [ -38.500080899999936, -12.79034259999996 ], [ -38.500061, -12.790269799999965 ], [ -38.499998099999971, -12.790085399999954 ], [ -38.499993899999936, -12.790073 ], [ -38.499878399999943, -12.789803799999982 ], [ -38.499794299999962, -12.789646299999973 ], [ -38.499701899999941, -12.789470199999935 ], [ -38.499646699999971, -12.789360599999938 ], [ -38.499588899999942, -12.789247399999958 ], [ -38.499533299999946, -12.789147599999989 ], [ -38.499481399999972, -12.789110399999963 ], [ -38.499405799999977, -12.789067399999976 ], [ -38.49933069999998, -12.789034699999945 ], [ -38.499188599999968, -12.788981499999984 ], [ -38.499073499999952, -12.78895439999995 ], [ -38.498965, -12.788944 ], [ -38.498893, -12.788942 ], [ -38.498814599999953, -12.788948299999957 ], [ -38.498674799999947, -12.788978599999949 ], [ -38.498516799999948, -12.789027899999958 ], [ -38.498305399999936, -12.789100099999935 ], [ -38.498119199999969, -12.789163299999911 ], [ -38.498010099999938, -12.789215899999926 ], [ -38.497923899999932, -12.789268599999977 ], [ -38.497779199999968, -12.789373 ], [ -38.497644399999963, -12.789479699999951 ], [ -38.497529899999954, -12.789579799999949 ], [ -38.497417599999949, -12.78968689999993 ], [ -38.49729629999996, -12.789810799999959 ], [ -38.497170899999958, -12.789933299999984 ], [ -38.497121, -12.78999039999997 ], [ -38.497068599999984, -12.790028 ], [ -38.497009899999973, -12.790054 ], [ -38.496871, -12.790106099999928 ], [ -38.496785599999953, -12.790143699999916 ], [ -38.496724699999973, -12.790175 ], [ -38.496652499999989, -12.790221599999937 ], [ -38.49660589999997, -12.790249799999966 ], [ -38.496580499999943, -12.790270499999965 ], [ -38.496548199999957, -12.790301199999929 ], [ -38.496508399999982, -12.790330199999973 ], [ -38.496459099999981, -12.7903588 ], [ -38.496391199999948, -12.790397899999967 ], [ -38.49632249999997, -12.790431 ], [ -38.49626509999996, -12.790450899999939 ], [ -38.496179899999959, -12.790476599999977 ], [ -38.49612709999996, -12.790487599999949 ], [ -38.496106699999977, -12.790494299999976 ], [ -38.496077299999968, -12.790509 ], [ -38.496054599999979, -12.790524499999961 ], [ -38.496023699999967, -12.790540699999937 ], [ -38.495985399999938, -12.790553399999961 ], [ -38.495940899999944, -12.790567399999937 ], [ -38.495859499999938, -12.790584199999966 ], [ -38.495794599999961, -12.790600399999946 ], [ -38.4957419, -12.790606 ], [ -38.495731099999944, -12.790605299999985 ], [ -38.495726399999967, -12.790603299999923 ], [ -38.495720399999989, -12.790603299999937 ], [ -38.495714299999975, -12.790605299999973 ], [ -38.49571229999998, -12.79060729999996 ], [ -38.495711599999943, -12.790609199999949 ], [ -38.495711599999943, -12.790611899999918 ], [ -38.49571229999998, -12.790615799999967 ], [ -38.495709599999941, -12.790623099999957 ], [ -38.495705499999936, -12.790629 ], [ -38.495704199999977, -12.790636199999946 ], [ -38.495704199999977, -12.790638199999933 ], [ -38.495701499999946, -12.790640799999947 ], [ -38.495696799999969, -12.790640799999963 ], [ -38.495690099999941, -12.790639499999939 ], [ -38.495682699999982, -12.7906369 ], [ -38.495659199999977, -12.790621599999945 ], [ -38.495651199999941, -12.790620299999949 ], [ -38.495646499999971, -12.790619599999962 ], [ -38.495639699999977, -12.790618299999954 ], [ -38.495632399999977, -12.790617 ], [ -38.495621599999929, -12.790616299999961 ], [ -38.495614899999964, -12.790616299999943 ], [ -38.495608199999928, -12.790617599999965 ], [ -38.495594099999956, -12.790622199999971 ], [ -38.495582699999943, -12.790624099999949 ], [ -38.495566499999946, -12.790628099999935 ], [ -38.495558499999966, -12.790633299999962 ], [ -38.495551099999943, -12.790637899999966 ], [ -38.495545, -12.79064249999993 ], [ -38.49553759999997, -12.7906465 ], [ -38.495526199999972, -12.790650399999956 ], [ -38.495513399999943, -12.790650399999945 ], [ -38.495497299999961, -12.790650299999966 ], [ -38.495484499999982, -12.7906503 ], [ -38.4954805, -12.790649599999941 ], [ -38.495470499999961, -12.790646299999924 ], [ -38.495452299999961, -12.790642299999964 ], [ -38.495422099999985, -12.790644299999936 ], [ -38.495377699999949, -12.790654499999961 ], [ -38.495292899999988, -12.790678899999927 ], [ -38.495239699999956, -12.790695099999933 ], [ -38.495216, -12.790705499999948 ], [ -38.495199199999945, -12.790717499999976 ], [ -38.495184599999959, -12.790730199999942 ], [ -38.49516859999995, -12.790746699999939 ], [ -38.495159399999984, -12.790751899999981 ], [ -38.495153199999955, -12.790755699999977 ], [ -38.495142499999936, -12.790756399999966 ], [ -38.495124199999964, -12.79075929999993 ], [ -38.495112699999943, -12.790759299999937 ], [ -38.495099, -12.790762299999933 ], [ -38.495051199999978, -12.790781099999943 ], [ -38.495006899999964, -12.790805699999975 ], [ -38.49496319999998, -12.790849899999959 ], [ -38.494940199999974, -12.790879899999945 ], [ -38.494914699999988, -12.790945399999927 ], [ -38.49490389999994, -12.790995599999968 ], [ -38.494906099999987, -12.791034599999913 ], [ -38.494918199999972, -12.79107139999997 ], [ -38.49492429999998, -12.791099099999958 ], [ -38.49492429999998, -12.791117099999958 ], [ -38.494921899999945, -12.791135099999964 ], [ -38.494903499999971, -12.791189899999949 ], [ -38.494902699999962, -12.791195899999931 ], [ -38.49489659999994, -12.791201099999974 ], [ -38.494834699999949, -12.79121959999997 ], [ -38.494839499999955, -12.791249899999967 ], [ -38.494862599999983, -12.791247 ], [ -38.494876899999959, -12.791332099999961 ], [ -38.494864199999938, -12.791334399999931 ], [ -38.494891499999945, -12.791493399999972 ], [ -38.494620899999973, -12.791540399999972 ], [ -38.494649199999969, -12.791711299999985 ], [ -38.494711099999961, -12.792086799999923 ], [ -38.494675499999971, -12.792141399999938 ], [ -38.494701599999985, -12.792313399999943 ], [ -38.494907, -12.793612499999949 ], [ -38.49494859999993, -12.79361 ], [ -38.494966799999929, -12.793597299999918 ], [ -38.494985, -12.793589699999918 ], [ -38.494998, -12.79359229999994 ], [ -38.495016199999952, -12.7936 ], [ -38.495047399999983, -12.793602599999931 ], [ -38.4951071, -12.793595 ], [ -38.495122699999968, -12.793595099999935 ], [ -38.495130499999966, -12.793595099999955 ], [ -38.495138299999951, -12.793607799999963 ], [ -38.495138199999985, -12.793630799999956 ], [ -38.495135599999969, -12.793651199999948 ], [ -38.495122599999945, -12.793674099999976 ], [ -38.495112099999972, -12.793732699999953 ], [ -38.495101499999976, -12.793809199999936 ], [ -38.495088299999971, -12.793906 ], [ -38.495082799999985, -12.794056399999928 ], [ -38.495089799999967, -12.7942 ], [ -38.49511, -12.794521299999932 ], [ -38.495107199999957, -12.794608 ], [ -38.495083699999952, -12.794664 ], [ -38.495057699999961, -12.794684299999968 ], [ -38.49498489999997, -12.794699499999968 ], [ -38.494922499999973, -12.794704499999975 ], [ -38.49488359999998, -12.794689099999985 ], [ -38.494842099999971, -12.794648199999946 ], [ -38.494787599999931, -12.794574199999937 ], [ -38.494735799999944, -12.794472099999959 ], [ -38.494686699999924, -12.794385299999924 ], [ -38.494637399999938, -12.79432659999997 ], [ -38.494564599999926, -12.794329 ], [ -38.494507399999975, -12.794346799999975 ], [ -38.494486599999959, -12.794374799999956 ], [ -38.494478499999957, -12.794525199999956 ], [ -38.494413499999951, -12.794527599999981 ], [ -38.493956399999945, -12.791711399999933 ], [ -38.493930299999924, -12.791550499999978 ], [ -38.493783, -12.791570899999968 ], [ -38.493805399999985, -12.791711399999931 ], [ -38.494280799999956, -12.794704499999975 ], [ -38.4942387, -12.794874099999953 ], [ -38.494001, -12.79519339999996 ], [ -38.49287089999995, -12.796694899999986 ], [ -38.492854199999961, -12.797020099999948 ], [ -38.492829399999948, -12.797053699999934 ], [ -38.492825699999976, -12.797061199999963 ], [ -38.492825499999981, -12.797068499999959 ], [ -38.49282819999997, -12.797072399999925 ], [ -38.492834799999976, -12.797078599999962 ], [ -38.49299079999998, -12.797178399999956 ], [ -38.493075599999941, -12.797231399999925 ], [ -38.493125099999936, -12.797264899999979 ], [ -38.493299, -12.797391899999988 ], [ -38.493530799999981, -12.79755519999998 ], [ -38.493692499999952, -12.797667499999925 ], [ -38.494024, -12.797899499999977 ], [ -38.494339499999967, -12.798138899999969 ], [ -38.494370099999969, -12.798161099999954 ], [ -38.494394599999964, -12.798184599999956 ], [ -38.494424299999928, -12.798219099999919 ], [ -38.494522499999967, -12.798335799999965 ], [ -38.494523, -12.798339499999942 ], [ -38.49452059999993, -12.798345699999967 ], [ -38.494420199999979, -12.798477599999961 ], [ -38.494411199999952, -12.798482799999933 ], [ -38.494404599999939, -12.798482499999979 ], [ -38.494395299999958, -12.79848129999994 ], [ -38.494224, -12.798420599999929 ], [ -38.494203299999981, -12.79841179999994 ], [ -38.494092, -12.798336699999924 ], [ -38.49391769999994, -12.79820729999995 ], [ -38.493243699999937, -12.797722699999953 ], [ -38.4928829, -12.797465899999963 ], [ -38.492696099999939, -12.797315199999955 ], [ -38.49267459999993, -12.797307399999951 ], [ -38.492655299999967, -12.797307099999964 ], [ -38.492643399999963, -12.797308899999939 ], [ -38.492635, -12.797313 ], [ -38.492594899999979, -12.797364299999968 ], [ -38.492170299999941, -12.797520899999933 ], [ -38.491449299999942, -12.797000599999928 ], [ -38.490482399999969, -12.796304899999933 ], [ -38.489647199999979, -12.795688199999969 ], [ -38.488878399999983, -12.795125699999963 ], [ -38.488848699999949, -12.795107899999939 ], [ -38.488832699999932, -12.795117199999936 ], [ -38.488817799999936, -12.795136 ], [ -38.488810399999977, -12.795136 ], [ -38.488798599999939, -12.795130699999961 ], [ -38.488784899999978, -12.795121299999954 ], [ -38.488754, -12.795111799999981 ], [ -38.488746599999956, -12.795096199999918 ], [ -38.488747699999976, -12.795078399999973 ], [ -38.48875629999997, -12.795067 ], [ -38.488761599999982, -12.795057599999943 ], [ -38.488762699999945, -12.795046099999976 ], [ -38.488747799999935, -12.79502519999996 ], [ -38.488680899999963, -12.794987499999944 ], [ -38.488647899999933, -12.794958199999947 ], [ -38.488647, -12.794930099999933 ], [ -38.488658699999981, -12.794900899999952 ], [ -38.488681099999958, -12.794878 ], [ -38.488702399999958, -12.794872799999959 ], [ -38.48872149999994, -12.79486969999993 ], [ -38.488753399999943, -12.794870799999956 ], [ -38.488822599999942, -12.794875099999974 ], [ -38.488876799999964, -12.794865799999977 ], [ -38.488932199999972, -12.794850299999947 ], [ -38.488980099999935, -12.7948201 ], [ -38.489015299999956, -12.794786799999931 ], [ -38.489048399999952, -12.794738499999934 ], [ -38.489141, -12.794580199999917 ], [ -38.4892038, -12.794463299999954 ], [ -38.489215699999932, -12.794432599999952 ], [ -38.489218299999955, -12.794407699999949 ], [ -38.489203299999929, -12.7943337 ], [ -38.489168699999937, -12.794233799999958 ], [ -38.489114399999956, -12.79414369999995 ], [ -38.489015299999949, -12.794038799999941 ], [ -38.488891299999977, -12.793972799999942 ], [ -38.488745, -12.793928699999977 ], [ -38.48867069999995, -12.79389449999997 ], [ -38.488554099999924, -12.793857799999971 ], [ -38.488492, -12.793846399999934 ], [ -38.488177899999982, -12.793682099999963 ], [ -38.487773799999964, -12.793574299999934 ], [ -38.487247699999962, -12.793529199999959 ], [ -38.48699739999995, -12.79351609999998 ], [ -38.486727899999948, -12.793509299999924 ], [ -38.486554699999942, -12.793452299999954 ], [ -38.486445799999956, -12.793363899999985 ], [ -38.486273, -12.793137 ], [ -38.486126, -12.792853399999952 ], [ -38.486017499999953, -12.79254469999994 ], [ -38.486016899999981, -12.792221899999952 ], [ -38.486015199999947, -12.792203799999989 ], [ -38.485989099999983, -12.792135399999948 ], [ -38.485953799999955, -12.792077 ], [ -38.485917399999948, -12.792017599999955 ], [ -38.485871799999977, -12.791945799999935 ], [ -38.485851399999945, -12.791896399999942 ], [ -38.485838899999976, -12.791832499999932 ], [ -38.485840199999984, -12.791786499999949 ], [ -38.485848399999945, -12.791727899999966 ], [ -38.485850899999953, -12.791712 ], [ -38.485868699999969, -12.791601199999926 ], [ -38.485892399999969, -12.791529199999964 ], [ -38.485923299999968, -12.791472299999963 ], [ -38.485964199999962, -12.791427099999954 ], [ -38.486005899999959, -12.791401399999927 ], [ -38.486076699999948, -12.791369499999981 ], [ -38.486154699999929, -12.791338499999936 ], [ -38.48618189999997, -12.791324399999946 ], [ -38.486190099999931, -12.791311 ], [ -38.486188299999981, -12.79129579999994 ], [ -38.486181299999942, -12.791282599999928 ], [ -38.486170499999957, -12.791264899999938 ], [ -38.48615, -12.791244799999966 ], [ -38.486112799999937, -12.791216899999931 ], [ -38.486103199999938, -12.791214399999946 ], [ -38.486093, -12.79121249999997 ], [ -38.486085299999957, -12.791208699999972 ], [ -38.486078299999967, -12.791204899999983 ], [ -38.486073099999942, -12.791203 ], [ -38.486068, -12.791199199999928 ], [ -38.486058399999933, -12.791192899999933 ], [ -38.486056499999961, -12.791188499999981 ], [ -38.486056499999961, -12.791184799999947 ], [ -38.486057199999948, -12.791174699999933 ], [ -38.486059099999984, -12.791171599999927 ], [ -38.486061099999979, -12.791168399999952 ], [ -38.486061099999965, -12.791165299999941 ], [ -38.486058499999956, -12.791153399999928 ], [ -38.486051499999967, -12.791137 ], [ -38.486048299999936, -12.791130099999984 ], [ -38.486042599999955, -12.791118799999932 ], [ -38.486042, -12.791111199999939 ], [ -38.48603809999998, -12.791105599999984 ], [ -38.486027299999932, -12.791096099999963 ], [ -38.486018899999983, -12.791096099999958 ], [ -38.486011299999973, -12.791098 ], [ -38.486004199999982, -12.79110179999997 ], [ -38.485999099999965, -12.791108699999929 ], [ -38.485996499999942, -12.791110499999952 ], [ -38.485990699999952, -12.791110499999943 ], [ -38.48598759999993, -12.791108 ], [ -38.485985599999935, -12.791101699999942 ], [ -38.485985699999958, -12.791092299999947 ], [ -38.48598759999993, -12.791083499999967 ], [ -38.485992099999976, -12.791076 ], [ -38.485999799999952, -12.791062799999967 ], [ -38.486006899999957, -12.791045199999939 ], [ -38.486007599999937, -12.791030099999945 ], [ -38.48600609999994, -12.791013399999946 ], [ -38.485991099999971, -12.790989799999975 ], [ -38.485979599999951, -12.790965499999981 ], [ -38.485975099999955, -12.790962099999948 ], [ -38.485971599999971, -12.790961 ], [ -38.485963599999941, -12.7909615 ], [ -38.485960699999964, -12.7909615 ], [ -38.48594809999998, -12.790964899999949 ], [ -38.485938899999958, -12.790963799999915 ], [ -38.48593429999994, -12.790961499999979 ], [ -38.485932, -12.790958699999987 ], [ -38.485930899999971, -12.790954699999917 ], [ -38.485930899999978, -12.790947399999931 ], [ -38.485933799999941, -12.790944 ], [ -38.485937199999967, -12.79094179999993 ], [ -38.485940099999944, -12.79093779999995 ], [ -38.485952199999929, -12.79092719999994 ], [ -38.485964199999962, -12.790915399999971 ], [ -38.485969399999938, -12.790901799999954 ], [ -38.485968299999975, -12.790888899999958 ], [ -38.485964, -12.790874 ], [ -38.485949899999987, -12.790868199999963 ], [ -38.485939599999945, -12.790864499999945 ], [ -38.485930799999942, -12.790862299999965 ], [ -38.485923399999933, -12.790857299999978 ], [ -38.485918199999958, -12.79085 ], [ -38.485913799999928, -12.790845599999956 ], [ -38.485900499999957, -12.790835499999943 ], [ -38.485894599999931, -12.790834699999941 ], [ -38.485885799999956, -12.79083249999996 ], [ -38.485874699999954, -12.790824599999963 ], [ -38.485868799999935, -12.79082019999993 ], [ -38.485851099999934, -12.79080709999992 ], [ -38.485845899999958, -12.790801299999938 ], [ -38.485843699999975, -12.790794 ], [ -38.485844499999985, -12.790788299999988 ], [ -38.485846, -12.790778799999948 ], [ -38.485839899999974, -12.790747399999926 ], [ -38.485811899999931, -12.790709699999974 ], [ -38.485776499999936, -12.79067329999998 ], [ -38.485738899999944, -12.790645 ], [ -38.485695699999958, -12.790607699999935 ], [ -38.485616799999946, -12.790552 ], [ -38.485582, -12.790522299999953 ], [ -38.485547199999985, -12.790484099999953 ], [ -38.48550129999996, -12.790438199999935 ], [ -38.485472399999935, -12.790422 ], [ -38.485434699999985, -12.790393399999983 ], [ -38.485396599999945, -12.790375199999957 ], [ -38.485371, -12.790357099999929 ], [ -38.485353899999957, -12.790333799999924 ], [ -38.485339499999952, -12.790304799999948 ], [ -38.485323799999946, -12.790290499999976 ], [ -38.485292499999957, -12.790268399999944 ], [ -38.485273199999938, -12.790258599999953 ], [ -38.485243899999951, -12.790249899999941 ], [ -38.485212299999951, -12.790245799999973 ], [ -38.485205899999976, -12.790245799999989 ], [ -38.485191799999946, -12.790246899999937 ], [ -38.485184199999942, -12.790248 ], [ -38.485175399999953, -12.790249199999938 ], [ -38.485164299999951, -12.790248 ], [ -38.485123299999941, -12.79024079999993 ], [ -38.485108299999986, -12.790239899999966 ], [ -38.485099099999971, -12.790233299999937 ], [ -38.485094799999963, -12.79022109999995 ], [ -38.485086199999962, -12.790212499999937 ], [ -38.48507, -12.790201599999927 ], [ -38.485048499999948, -12.790198699999982 ], [ -38.485040599999927, -12.790198699999966 ], [ -38.485035699999969, -12.790198599999941 ], [ -38.485029499999946, -12.790199799999975 ], [ -38.485025299999961, -12.790204299999978 ], [ -38.485022399999934, -12.790207099999984 ], [ -38.485019499999964, -12.790208799999959 ], [ -38.485013699999968, -12.790209599999963 ], [ -38.485007499999938, -12.79021079999994 ], [ -38.485004199999935, -12.790212399999975 ], [ -38.48500249999995, -12.790213199999922 ], [ -38.485000499999963, -12.790213199999917 ], [ -38.484998399999938, -12.790209899999979 ], [ -38.484996299999985, -12.790205499999972 ], [ -38.484995099999935, -12.790199799999987 ], [ -38.484988699999974, -12.790189299999938 ], [ -38.484985399999978, -12.790185399999915 ], [ -38.484977399999934, -12.790184099999966 ], [ -38.484968699999968, -12.790183399999938 ], [ -38.484960699999924, -12.790185399999926 ], [ -38.484950699999963, -12.790193199999976 ], [ -38.484941399999961, -12.790197099999936 ], [ -38.484934699999947, -12.790199699999944 ], [ -38.484929399999949, -12.790199699999956 ], [ -38.484922, -12.790199 ], [ -38.484916, -12.790197699999961 ], [ -38.484912699999946, -12.79019509999995 ], [ -38.484904099999945, -12.790174799999949 ], [ -38.48489409999997, -12.790157099999927 ], [ -38.484872099999954, -12.790144 ], [ -38.484852099999955, -12.79014 ], [ -38.484843499999954, -12.79014 ], [ -38.484835499999974, -12.79014 ], [ -38.484823399999989, -12.790140599999983 ], [ -38.484816799999983, -12.79014249999994 ], [ -38.48480809999996, -12.790145099999943 ], [ -38.484803399999976, -12.790147099999949 ], [ -38.484793399999944, -12.79014969999996 ], [ -38.484785399999964, -12.790152899999958 ], [ -38.484779399999979, -12.790152899999949 ], [ -38.484754699999939, -12.790152199999968 ], [ -38.484683599999983, -12.790149899999967 ], [ -38.484647699999975, -12.790157499999962 ], [ -38.484603399999969, -12.790170899999952 ], [ -38.484555, -12.790176099999925 ], [ -38.484520099999941, -12.790179899999957 ], [ -38.484437, -12.790189399999958 ], [ -38.484294099999943, -12.790223699999958 ], [ -38.484152899999977, -12.790256 ], [ -38.484084299999942, -12.790271699999968 ], [ -38.483913099999931, -12.790294299999973 ], [ -38.483797, -12.790302599999967 ], [ -38.483698499999946, -12.790302499999928 ], [ -38.483619699999963, -12.790296299999975 ], [ -38.483545899999974, -12.790278 ], [ -38.483507599999946, -12.790266299999914 ], [ -38.483434, -12.790244 ], [ -38.483355299999964, -12.790216 ], [ -38.483267099999978, -12.79018619999994 ], [ -38.483168499999984, -12.790151499999979 ], [ -38.483085599999981, -12.790121599999971 ], [ -38.483008499999983, -12.790084099999939 ], [ -38.482952899999937, -12.790048199999926 ], [ -38.48295, -12.790044399999948 ], [ -38.482945599999944, -12.79003439999998 ], [ -38.482944199999963, -12.790029199999944 ], [ -38.482943199999966, -12.790026299999981 ], [ -38.48293689999997, -12.790023 ], [ -38.482902599999932, -12.790008099999969 ], [ -38.482848199999971, -12.789986499999944 ], [ -38.482715599999956, -12.789938 ], [ -38.482628199999965, -12.789894399999982 ], [ -38.482616399999976, -12.7898848 ], [ -38.482612499999966, -12.789873199999917 ], [ -38.482612499999959, -12.789867399999929 ], [ -38.482615499999952, -12.789857699999981 ], [ -38.482616499999949, -12.789852 ], [ -38.482616499999949, -12.789849099999964 ], [ -38.482616499999949, -12.789846199999937 ], [ -38.482610599999937, -12.789843299999973 ], [ -38.482584099999947, -12.789830699999985 ], [ -38.482496399999945, -12.789789799999925 ], [ -38.48247089999996, -12.789785899999972 ], [ -38.482461, -12.789785 ], [ -38.482453199999952, -12.789784899999953 ], [ -38.482444299999948, -12.789784 ], [ -38.482438399999985, -12.78978009999998 ], [ -38.482434499999954, -12.789775299999974 ], [ -38.482423699999977, -12.789764599999975 ], [ -38.482403099999949, -12.789754899999942 ], [ -38.482317299999984, -12.789731499999947 ], [ -38.482252499999959, -12.789718799999946 ], [ -38.482218099999962, -12.789709099999975 ], [ -38.482167, -12.789691599999967 ], [ -38.482018399999966, -12.78963419999995 ], [ -38.481901399999977, -12.789608899999951 ], [ -38.481791, -12.789594199999968 ], [ -38.481624899999929, -12.789583299999942 ], [ -38.48158159999997, -12.789580299999953 ], [ -38.481523699999968, -12.789566699999961 ], [ -38.481476499999985, -12.789551199999941 ], [ -38.481398599999977, -12.789529099999978 ], [ -38.481304299999984, -12.789508199999943 ], [ -38.48120769999997, -12.789493499999953 ], [ -38.481105699999944, -12.789476899999951 ], [ -38.481089099999963, -12.789473599999958 ], [ -38.481083299999959, -12.78947259999997 ], [ -38.481074499999984, -12.789469699999936 ], [ -38.481070599999953, -12.789466799999964 ], [ -38.48106619999993, -12.789462 ], [ -38.481062799999968, -12.789456299999923 ], [ -38.481064099999976, -12.789445099999964 ], [ -38.481062099999981, -12.789430599999969 ], [ -38.481049299999938, -12.789411099999947 ], [ -38.481039399999936, -12.78940039999998 ], [ -38.481019699999933, -12.78938679999993 ], [ -38.480984099999944, -12.789366299999909 ], [ -38.480919799999988, -12.789338 ], [ -38.48084879999994, -12.7893223 ], [ -38.480829599999943, -12.789316799999943 ], [ -38.480803, -12.789308899999972 ], [ -38.480765299999973, -12.789303299999986 ], [ -38.480704, -12.789294599999948 ], [ -38.480686, -12.789294499999924 ], [ -38.480670299999929, -12.789296099999952 ], [ -38.480655399999932, -12.789296 ], [ -38.480647499999975, -12.789294499999917 ], [ -38.48064119999998, -12.789287499999931 ], [ -38.480631799999976, -12.789276699999947 ], [ -38.48062049999993, -12.789268 ], [ -38.480609199999947, -12.789262599999986 ], [ -38.480587699999951, -12.789257299999973 ], [ -38.480549399999973, -12.789250499999978 ], [ -38.480519499999957, -12.789240799999968 ], [ -38.480472099999929, -12.789221799999954 ], [ -38.480423199999969, -12.789200399999967 ], [ -38.48038339999993, -12.789183199999972 ], [ -38.480346199999929, -12.789163 ], [ -38.480331299999939, -12.789155199999986 ], [ -38.480312399999946, -12.789150199999925 ], [ -38.480294499999964, -12.789150199999936 ], [ -38.48027449999995, -12.789146199999944 ], [ -38.480259599999954, -12.789143299999985 ], [ -38.480240699999975, -12.789134399999964 ], [ -38.480227699999951, -12.789121699999965 ], [ -38.480217799999934, -12.789109 ], [ -38.480207899999982, -12.789100199999945 ], [ -38.480198899999948, -12.789094299999915 ], [ -38.479937899999982, -12.788949799999966 ], [ -38.479915, -12.788943899999941 ], [ -38.479890099999984, -12.78894 ], [ -38.479862199999957, -12.788938899999955 ], [ -38.479838299999983, -12.78893889999995 ], [ -38.47981829999997, -12.788943699999953 ], [ -38.479803399999973, -12.788952499999953 ], [ -38.479771399999947, -12.788984699999961 ], [ -38.479747399999951, -12.789004199999976 ], [ -38.479717499999936, -12.789020799999937 ], [ -38.47968909999998, -12.789032499999962 ], [ -38.479665199999943, -12.789039299999962 ], [ -38.479642, -12.789039299999958 ], [ -38.479625799999958, -12.789038599999971 ], [ -38.479613099999931, -12.789037899999929 ], [ -38.479596199999946, -12.789037099999979 ], [ -38.47954169999997, -12.789039899999967 ], [ -38.479515, -12.789046799999925 ], [ -38.4794826, -12.789059899999915 ], [ -38.479454399999952, -12.789077099999949 ], [ -38.479436, -12.789092899999947 ], [ -38.479430399999963, -12.789103299999951 ], [ -38.479425399999968, -12.789112899999951 ], [ -38.479414799999965, -12.789127399999922 ], [ -38.479374699999937, -12.789144599999933 ], [ -38.479339, -12.789157199999986 ], [ -38.479259399999933, -12.789178399999965 ], [ -38.479210799999983, -12.789196299999947 ], [ -38.47919179999996, -12.789211399999948 ], [ -38.479187499999966, -12.789217 ], [ -38.479181899999965, -12.789224499999916 ], [ -38.479169899999931, -12.7892328 ], [ -38.479147299999973, -12.78924179999996 ], [ -38.479083199999941, -12.789263 ], [ -38.478989299999967, -12.789280199999954 ], [ -38.47891889999994, -12.789285599999966 ], [ -38.478862799999945, -12.789294799999933 ], [ -38.478836399999977, -12.78929719999995 ], [ -38.478785799999976, -12.789297099999949 ], [ -38.478720199999941, -12.789298299999924 ], [ -38.478642599999944, -12.789294599999948 ], [ -38.478559399999945, -12.789284 ], [ -38.478483499999975, -12.789261 ], [ -38.478412099999957, -12.789233699999961 ], [ -38.478295899999978, -12.789190499999954 ], [ -38.478242399999935, -12.789169299999973 ], [ -38.47815259999993, -12.789137599999949 ], [ -38.47814, -12.789129 ], [ -38.478132699999954, -12.789118299999926 ], [ -38.478130699999959, -12.78911089999996 ], [ -38.478128699999964, -12.789106499999942 ], [ -38.478126499999973, -12.789103399999922 ], [ -38.478126499999981, -12.78910029999996 ], [ -38.478124599999944, -12.789095399999953 ], [ -38.478120199999978, -12.789090799999929 ], [ -38.478106899999943, -12.789087799999924 ], [ -38.478097399999967, -12.789086 ], [ -38.478089799999957, -12.789085899999979 ], [ -38.478072, -12.789092099999936 ], [ -38.478054199999974, -12.789100799999961 ], [ -38.478038899999945, -12.789114499999924 ], [ -38.478028, -12.789133199999979 ], [ -38.478024199999929, -12.789157499999925 ], [ -38.478025899999984, -12.789170199999939 ], [ -38.478030199999978, -12.789183099999939 ], [ -38.478037, -12.789190599999934 ], [ -38.478047899999972, -12.789198899999981 ], [ -38.478065, -12.789209899999944 ], [ -38.478084199999955, -12.789217399999929 ], [ -38.478104, -12.789229499999971 ], [ -38.478124799999939, -12.7892472 ], [ -38.478138, -12.7892639 ], [ -38.478153099999929, -12.789285199999922 ], [ -38.478167199999973, -12.789305699999952 ], [ -38.478180399999978, -12.789326099999919 ], [ -38.478208699999982, -12.789351199999947 ], [ -38.478267899999942, -12.789390099999949 ], [ -38.478295799999955, -12.789404099999951 ], [ -38.478323199999977, -12.789419199999928 ], [ -38.478389899999968, -12.789460499999963 ], [ -38.478421699999963, -12.78947939999996 ], [ -38.478458899999964, -12.78949629999993 ], [ -38.478482699999972, -12.789503299999962 ], [ -38.478534599999939, -12.78950489999993 ], [ -38.478578699999957, -12.789509099999961 ], [ -38.478607599999975, -12.789513799999943 ], [ -38.478627899999942, -12.789521799999916 ], [ -38.478641199999963, -12.789532499999952 ], [ -38.478646799999986, -12.789544599999928 ], [ -38.478646799999986, -12.78956179999995 ], [ -38.478639199999982, -12.7895832 ], [ -38.478629199999943, -12.789605399999989 ], [ -38.478627399999944, -12.789633399999957 ], [ -38.478635299999951, -12.789665599999973 ], [ -38.478650799999969, -12.789689199999955 ], [ -38.478657099999964, -12.789697299999938 ], [ -38.478666, -12.789702599999959 ], [ -38.478671299999966, -12.789709 ], [ -38.478680199999985, -12.789731699999955 ], [ -38.478681299999955, -12.789739899999981 ], [ -38.478681899999977, -12.789746299999944 ], [ -38.478683699999976, -12.789748599999937 ], [ -38.478687799999939, -12.789751499999973 ], [ -38.478690799999981, -12.789752699999942 ], [ -38.478696199999945, -12.789752699999957 ], [ -38.47870149999995, -12.789751599999938 ], [ -38.47870979999994, -12.789746899999946 ], [ -38.478711, -12.789746299999928 ], [ -38.47872289999998, -12.789744599999965 ], [ -38.478729399999963, -12.78974809999994 ], [ -38.47873589999994, -12.789758 ], [ -38.478741799999966, -12.789768499999981 ], [ -38.478746, -12.789778499999958 ], [ -38.478748299999957, -12.789786 ], [ -38.478749499999942, -12.789792399999966 ], [ -38.478753, -12.789804099999968 ], [ -38.478755399999955, -12.789809399999951 ], [ -38.478764899999923, -12.789816899999954 ], [ -38.478786199999945, -12.789829799999946 ], [ -38.47881, -12.789843199999943 ], [ -38.478820599999963, -12.789850299999943 ], [ -38.478838399999972, -12.789857299999937 ], [ -38.478849099999934, -12.789860199999971 ], [ -38.478856199999946, -12.789863099999934 ], [ -38.478857399999974, -12.789866099999912 ], [ -38.478856199999946, -12.789868399999939 ], [ -38.478854399999939, -12.789870699999934 ], [ -38.478848499999962, -12.789873 ], [ -38.478704799999953, -12.78991129999997 ], [ -38.478670099999938, -12.789924499999934 ], [ -38.478658799999948, -12.789927399999959 ], [ -38.47865429999996, -12.789929699999965 ], [ -38.478649, -12.789932599999931 ], [ -38.4786309, -12.789934799999951 ], [ -38.478615099999949, -12.789934 ], [ -38.478586499999949, -12.789933199999936 ], [ -38.478557099999932, -12.789937599999977 ], [ -38.478513299999975, -12.78995669999995 ], [ -38.478458199999977, -12.789989899999982 ], [ -38.478415799999937, -12.790002699999953 ], [ -38.478363699999946, -12.790012 ], [ -38.478314099999977, -12.790014199999971 ], [ -38.478266899999944, -12.790007499999936 ], [ -38.478156499999947, -12.789996599999935 ], [ -38.47805459999995, -12.789998 ], [ -38.477939399999961, -12.789993499999973 ], [ -38.477845899999977, -12.789983199999924 ], [ -38.477785099999956, -12.789968799999949 ], [ -38.477711099999965, -12.78994 ], [ -38.477629699999973, -12.789904499999981 ], [ -38.477560299999936, -12.789868199999937 ], [ -38.477519199999954, -12.789839499999962 ], [ -38.477475199999958, -12.789806399999978 ], [ -38.477425599999954, -12.789755799999968 ], [ -38.477399899999966, -12.789721199999988 ], [ -38.477375099999954, -12.789674099999953 ], [ -38.477358799999934, -12.789623299999963 ], [ -38.477336699999974, -12.789547499999962 ], [ -38.477301699999948, -12.78945909999992 ], [ -38.477243599999959, -12.789298699999962 ], [ -38.477151099999958, -12.789036499999959 ], [ -38.477092799999987, -12.788875699999963 ], [ -38.477030699999958, -12.788750799999949 ], [ -38.477002499999962, -12.788679399999989 ], [ -38.476972299999943, -12.788540199999925 ], [ -38.476966299999951, -12.788456299999957 ], [ -38.476975, -12.788390299999959 ], [ -38.476997099999949, -12.788325599999954 ], [ -38.477047699999957, -12.788210099999956 ], [ -38.477140399999939, -12.788014399999962 ], [ -38.477164899999934, -12.787972499999954 ], [ -38.477219299999952, -12.787911899999914 ], [ -38.477252199999953, -12.787880499999977 ], [ -38.47729349999998, -12.787860299999966 ], [ -38.47735159999997, -12.787843899999931 ], [ -38.477421399999969, -12.787816899999928 ], [ -38.4774695, -12.78779 ], [ -38.477511599999957, -12.787751899999932 ], [ -38.477550699999938, -12.787704 ], [ -38.477583599999946, -12.787644799999956 ], [ -38.477612799999982, -12.787591699999963 ], [ -38.477644399999974, -12.787529299999971 ], [ -38.477644, -12.787524099999942 ], [ -38.477644, -12.787516199999976 ], [ -38.477643, -12.78751239999996 ], [ -38.477634499999965, -12.787504399999946 ], [ -38.47762349999995, -12.787498799999973 ], [ -38.477613499999961, -12.787483799999951 ], [ -38.477613499999961, -12.787476699999964 ], [ -38.477614499999966, -12.78746929999995 ], [ -38.477627899999959, -12.787435499999962 ], [ -38.4776265, -12.787423299999924 ], [ -38.477622699999984, -12.787417199999929 ], [ -38.477606499999979, -12.787408699999954 ], [ -38.477598899999975, -12.787408699999951 ], [ -38.477593599999977, -12.787410099999938 ], [ -38.477589799999976, -12.787411499999951 ], [ -38.477584499999978, -12.787412399999944 ], [ -38.477577899999972, -12.787412399999951 ], [ -38.477574, -12.787411899999945 ], [ -38.477569799999976, -12.787406799999918 ], [ -38.47756209999995, -12.787392199999939 ], [ -38.477555399999972, -12.787374899999978 ], [ -38.477555, -12.787362699999942 ], [ -38.477555099999961, -12.787352199999919 ], [ -38.477556799999945, -12.787345499999953 ], [ -38.477559399999969, -12.787343399999942 ], [ -38.477561099999946, -12.787342099999933 ], [ -38.477563199999963, -12.787337499999985 ], [ -38.477563199999963, -12.787333299999942 ], [ -38.477561599999945, -12.78732359999997 ], [ -38.477528799999952, -12.787270199999957 ], [ -38.477525699999944, -12.787261199999934 ], [ -38.477525799999967, -12.787251099999928 ], [ -38.477531899999974, -12.787214499999937 ], [ -38.47753449999994, -12.78717919999997 ], [ -38.477529599999968, -12.78714929999996 ], [ -38.477512, -12.787109499999932 ], [ -38.477496199999969, -12.787092699999947 ], [ -38.477479099999982, -12.787079499999944 ], [ -38.477452299999982, -12.787062699999971 ], [ -38.477373599999964, -12.787025399999944 ], [ -38.477283299999961, -12.787000899999949 ], [ -38.477105499999936, -12.786973699999979 ], [ -38.477001399999949, -12.786967399999984 ], [ -38.476922099999967, -12.786968499999936 ], [ -38.476824199999953, -12.78698649999996 ], [ -38.476735, -12.787010599999974 ], [ -38.476670399999932, -12.787055499999948 ], [ -38.476594699999964, -12.787162499999964 ], [ -38.476268499999954, -12.787764099999942 ], [ -38.476169199999958, -12.787959399999975 ], [ -38.476137199999975, -12.788031299999945 ], [ -38.47612289999995, -12.788042199999962 ], [ -38.476089399999985, -12.788051499999927 ], [ -38.476055899999949, -12.78806079999991 ], [ -38.476027199999983, -12.788070099999965 ], [ -38.476004799999941, -12.788076399999946 ], [ -38.475973, -12.788076299999949 ], [ -38.475934699999975, -12.788076199999974 ], [ -38.475888499999947, -12.788073 ], [ -38.475811499999963, -12.788079899999964 ], [ -38.475800299999946, -12.788090799999962 ], [ -38.475795499999954, -12.7880939 ], [ -38.475791599999972, -12.788093899999975 ], [ -38.475777199999975, -12.788093099999971 ], [ -38.475460499999947, -12.787969699999957 ], [ -38.475387399999931, -12.787938399999984 ], [ -38.475296, -12.787888199999921 ], [ -38.475274599999985, -12.787863199999952 ], [ -38.475261099999955, -12.787835099999949 ], [ -38.475258, -12.7878062 ], [ -38.475265499999978, -12.787735899999968 ], [ -38.47526959999994, -12.787702 ], [ -38.4752726, -12.787691699999971 ], [ -38.475279599999972, -12.787682799999967 ], [ -38.47528769999996, -12.787677399999952 ], [ -38.475289699999962, -12.787673 ], [ -38.475290199999968, -12.787667599999974 ], [ -38.475290199999961, -12.787659299999959 ], [ -38.475271299999974, -12.787598599999972 ], [ -38.475259299999948, -12.787571599999978 ], [ -38.475244799999984, -12.787553899999978 ], [ -38.475226299999967, -12.787542 ], [ -38.475145799999957, -12.787492299999935 ], [ -38.475097299999966, -12.787461599999974 ], [ -38.475074599999971, -12.787454199999935 ], [ -38.475052, -12.787452199999958 ], [ -38.475030699999934, -12.78745429999997 ], [ -38.474996799999928, -12.78747 ], [ -38.474875599999962, -12.787536399999967 ], [ -38.4748423, -12.787556399999954 ], [ -38.474779499999954, -12.78758889999996 ], [ -38.474734199999951, -12.787614599999923 ], [ -38.474718799999948, -12.787625699999982 ], [ -38.474707399999943, -12.78763209999995 ], [ -38.474701699999969, -12.787635299999986 ], [ -38.474685399999942, -12.787639199999937 ], [ -38.47467, -12.787641599999981 ], [ -38.474654599999951, -12.787641599999965 ], [ -38.474635899999946, -12.787642299999961 ], [ -38.474622899999936, -12.787647099999962 ], [ -38.474611499999973, -12.787654199999967 ], [ -38.474601799999959, -12.787663 ], [ -38.474556099999973, -12.787733799999947 ], [ -38.474497299999939, -12.787859099999936 ], [ -38.47446, -12.787948099999953 ], [ -38.474428899999971, -12.788036 ], [ -38.47439669999995, -12.788162299999943 ], [ -38.474367699999959, -12.78825529999995 ], [ -38.474344899999956, -12.788303799999946 ], [ -38.474303099999922, -12.788366299999966 ], [ -38.474276, -12.788400599999926 ], [ -38.474236499999954, -12.788437699999989 ], [ -38.474195399999985, -12.788474699999931 ], [ -38.474152099999976, -12.788509 ], [ -38.474148, -12.788513799999979 ], [ -38.47413569999997, -12.788522599999981 ], [ -38.47412589999994, -12.788536199999946 ], [ -38.474123399999939, -12.78854339999998 ], [ -38.474123399999939, -12.788553 ], [ -38.474116, -12.788565099999976 ], [ -38.474097899999947, -12.788589899999984 ], [ -38.474095799999937, -12.788592499999934 ], [ -38.474062699999941, -12.788633899999965 ], [ -38.474026399999957, -12.788671 ], [ -38.47397969999998, -12.788699 ], [ -38.473907, -12.788714099999941 ], [ -38.473856299999973, -12.788717199999949 ], [ -38.473804799999982, -12.788709 ], [ -38.473742699999946, -12.788688899999956 ], [ -38.473672199999953, -12.78866049999993 ], [ -38.473609299999964, -12.788621099999952 ], [ -38.473593799999954, -12.788613 ], [ -38.473575799999935, -12.788612199999941 ], [ -38.473569299999959, -12.788608199999922 ], [ -38.4735611, -12.788603399999953 ], [ -38.473548799999946, -12.788600899999963 ], [ -38.473537399999941, -12.788599299999929 ], [ -38.473527599999947, -12.788592899999967 ], [ -38.47345629999996, -12.788490299999982 ], [ -38.473408699999936, -12.78843039999998 ], [ -38.47336149999996, -12.78838409999998 ], [ -38.473325299999942, -12.788357399999937 ], [ -38.473283399999957, -12.788336299999976 ], [ -38.473232399999972, -12.788319299999957 ], [ -38.473190399999964, -12.78831429999998 ], [ -38.473137799999961, -12.788313399999922 ], [ -38.4730752, -12.788320599999961 ], [ -38.472985399999978, -12.788332199999967 ], [ -38.472886799999969, -12.788355 ], [ -38.4727999, -12.788395099999953 ], [ -38.47268749999995, -12.788448699999947 ], [ -38.472662599999978, -12.788460799999919 ], [ -38.4726472, -12.788473799999956 ], [ -38.472634699999965, -12.78849169999997 ], [ -38.472625099999966, -12.788518299999961 ], [ -38.472608899999962, -12.788555 ], [ -38.472511599999955, -12.788707499999932 ], [ -38.472495899999963, -12.788732099999944 ], [ -38.472476, -12.788751499999936 ], [ -38.472453, -12.788768899999987 ], [ -38.472404899999958, -12.788791399999981 ], [ -38.472370399999939, -12.788806699999942 ], [ -38.472345299999979, -12.788823 ], [ -38.472330399999983, -12.788842599999951 ], [ -38.472315299999934, -12.788873099999917 ], [ -38.472309499999945, -12.788880399999936 ], [ -38.472301199999947, -12.788884399999978 ], [ -38.472292899999957, -12.788889299999937 ], [ -38.472283699999934, -12.78889249999998 ], [ -38.472265499999935, -12.78890549999994 ], [ -38.472259699999938, -12.78891359999994 ], [ -38.472253899999941, -12.788923399999931 ], [ -38.472251299999989, -12.788932299999958 ], [ -38.472248799999925, -12.788943699999953 ], [ -38.472248799999925, -12.788960799999918 ], [ -38.472207699999956, -12.789088099999947 ], [ -38.472110899999961, -12.78941219999996 ], [ -38.47207869999994, -12.789499599999955 ], [ -38.472046599999942, -12.789562299999959 ], [ -38.471989199999946, -12.789648099999953 ], [ -38.471909899999964, -12.789737099999984 ], [ -38.471788499999946, -12.78984749999994 ], [ -38.471757, -12.789876799999956 ], [ -38.471742, -12.789887099999921 ], [ -38.471716499999964, -12.789898799999939 ], [ -38.471706, -12.789915 ], [ -38.471695399999938, -12.78993409999997 ], [ -38.471689399999946, -12.789951699999959 ], [ -38.471677399999983, -12.789970799999924 ], [ -38.471665299999984, -12.789987 ], [ -38.471654799999953, -12.790001599999913 ], [ -38.471642799999984, -12.790017799999951 ], [ -38.47163379999995, -12.790036899999974 ], [ -38.471623199999947, -12.790067799999989 ], [ -38.471617099999953, -12.790104499999931 ], [ -38.471603599999987, -12.790125099999971 ], [ -38.471588599999961, -12.790148599999947 ], [ -38.471555299999984, -12.790177599999918 ], [ -38.471533699999959, -12.790184899999931 ], [ -38.471515899999929, -12.7901922 ], [ -38.471504699999961, -12.790196799999936 ], [ -38.471494299999961, -12.790206 ], [ -38.47148779999997, -12.790217899999963 ], [ -38.471481199999971, -12.790227099999989 ], [ -38.471479299999942, -12.790237199999977 ], [ -38.471479299999949, -12.790250099999987 ], [ -38.471483, -12.790264799999928 ], [ -38.471487599999939, -12.790272099999978 ], [ -38.47148859999993, -12.790278599999958 ], [ -38.471490399999929, -12.790298799999944 ], [ -38.471488499999971, -12.790310799999942 ], [ -38.471482799999926, -12.790336499999983 ], [ -38.471481299999937, -12.790387399999918 ], [ -38.471483899999953, -12.790429299999976 ], [ -38.47148379999993, -12.790459399999964 ], [ -38.471473099999976, -12.790502599999959 ], [ -38.471455599999956, -12.790540599999952 ], [ -38.471427499999955, -12.790586399999937 ], [ -38.471388599999955, -12.790655699999954 ], [ -38.471222599999976, -12.790931699999925 ], [ -38.471126699999957, -12.791104399999933 ], [ -38.471067299999959, -12.791187399999949 ], [ -38.470998299999962, -12.791259 ], [ -38.470902799999983, -12.791344 ], [ -38.470834899999943, -12.791396899999951 ], [ -38.470755399999973, -12.79144969999993 ], [ -38.47070819999994, -12.791475499999924 ], [ -38.470661499999942, -12.791494199999937 ], [ -38.470622, -12.791505899999947 ], [ -38.470556099999961, -12.791517499999953 ], [ -38.47049979999997, -12.791513799999967 ], [ -38.47044, -12.791504299999938 ], [ -38.470368099999973, -12.791474699999965 ], [ -38.47028679999994, -12.791432299999954 ], [ -38.470222199999974, -12.791385199999983 ], [ -38.470126599999951, -12.791300399999944 ], [ -38.469986499999948, -12.791175199999945 ], [ -38.469927899999959, -12.7911387 ], [ -38.469848899999924, -12.791108 ], [ -38.46977, -12.791087899999967 ], [ -38.469699399999968, -12.791081799999963 ], [ -38.469618, -12.791081699999962 ], [ -38.469573699999962, -12.7910922 ], [ -38.469558899999981, -12.791099899999956 ], [ -38.469539599999969, -12.791111399999961 ], [ -38.469518899999969, -12.791124399999941 ], [ -38.469504099999945, -12.791134599999975 ], [ -38.469480399999959, -12.791140299999928 ], [ -38.469412399999953, -12.791163399999945 ], [ -38.469343799999933, -12.791195299999959 ], [ -38.46932309999994, -12.791208299999935 ], [ -38.469309799999962, -12.791218399999927 ], [ -38.469293499999942, -12.791228599999954 ], [ -38.469272799999942, -12.791237199999946 ], [ -38.469253599999945, -12.79124439999992 ], [ -38.469235799999979, -12.791247299999947 ], [ -38.469209199999973, -12.791251599999953 ], [ -38.469191499999965, -12.791258799999987 ], [ -38.469181099999957, -12.791266 ], [ -38.469169299999976, -12.791270399999968 ], [ -38.469158899999968, -12.791271799999965 ], [ -38.469136699999979, -12.7912775 ], [ -38.469121899999941, -12.791286199999943 ], [ -38.469108599999977, -12.791296299999928 ], [ -38.469099699999958, -12.791302099999946 ], [ -38.469083499999961, -12.791307899999932 ], [ -38.469074599999942, -12.79131219999992 ], [ -38.469062699999938, -12.791322399999959 ], [ -38.469052399999946, -12.791338299999955 ], [ -38.469044899999979, -12.791357099999965 ], [ -38.469041899999979, -12.791370199999966 ], [ -38.469031499999971, -12.791400599999964 ], [ -38.469027099999956, -12.79141509999995 ], [ -38.469019599999974, -12.791432499999919 ], [ -38.469013699999948, -12.79144989999998 ], [ -38.46900329999994, -12.791476 ], [ -38.468997299999955, -12.791491899999919 ], [ -38.468992899999925, -12.791509299999975 ], [ -38.468992799999967, -12.791522399999948 ], [ -38.468992799999967, -12.79153979999997 ], [ -38.468992799999967, -12.791551399999946 ], [ -38.468992799999967, -12.791563 ], [ -38.468992699999944, -12.791571699999976 ], [ -38.46899709999996, -12.791587699999981 ], [ -38.469013399999945, -12.791606499999945 ], [ -38.469038499999961, -12.791625499999949 ], [ -38.46906539999997, -12.791647199999934 ], [ -38.469071299999946, -12.791655899999967 ], [ -38.469076399999949, -12.791666699999949 ], [ -38.469080099999985, -12.791682699999962 ], [ -38.469097, -12.791702299999924 ], [ -38.469115199999969, -12.791712599999942 ], [ -38.469270599999959, -12.79179459999995 ], [ -38.469320099999948, -12.791818299999946 ], [ -38.469439199999961, -12.791885499999985 ], [ -38.469543399999971, -12.7919631 ], [ -38.469676899999968, -12.792075599999979 ], [ -38.469770099999955, -12.792166199999945 ], [ -38.469795499999982, -12.792189799999965 ], [ -38.469962, -12.792376599999962 ], [ -38.470073299999974, -12.792534199999965 ], [ -38.470192, -12.792720399999949 ], [ -38.470292599999944, -12.79294979999996 ], [ -38.470309899999954, -12.793031899999951 ], [ -38.47030969999998, -12.793103699999952 ], [ -38.47030959999995, -12.793182399999983 ], [ -38.470309399999962, -12.793264499999951 ], [ -38.470298799999966, -12.793349899999944 ], [ -38.47028459999995, -12.79345939999997 ], [ -38.470284399999969, -12.793541399999985 ], [ -38.470284299999946, -12.793609799999953 ], [ -38.470266799999926, -12.793657699999917 ], [ -38.47024579999993, -12.793698699999934 ], [ -38.470228199999951, -12.793753399999957 ], [ -38.470224599999938, -12.79380469999996 ], [ -38.470207099999989, -12.793849099999933 ], [ -38.47018259999993, -12.793890099999947 ], [ -38.470140599999979, -12.7939618 ], [ -38.470140499999964, -12.793996 ], [ -38.470140399999934, -12.794043899999972 ], [ -38.47014379999996, -12.794088399999954 ], [ -38.470171599999965, -12.794122599999989 ], [ -38.470206499999961, -12.794150099999962 ], [ -38.470241299999941, -12.794150099999976 ], [ -38.4702832, -12.79414679999995 ], [ -38.470321599999984, -12.794126299999947 ], [ -38.470349499999941, -12.794105899999984 ], [ -38.470377399999961, -12.794078599999965 ], [ -38.470422799999938, -12.794061599999981 ], [ -38.47048209999997, -12.794030899999937 ], [ -38.470551899999982, -12.794007099999918 ], [ -38.470621699999981, -12.793986699999939 ], [ -38.470705399999929, -12.793949299999944 ], [ -38.470827499999984, -12.793918699999949 ], [ -38.471024499999942, -12.793884799999944 ], [ -38.471088699999939, -12.793885 ], [ -38.471151099999929, -12.793886799999928 ], [ -38.47122909999996, -12.793886899999976 ], [ -38.471296799999955, -12.793890499999973 ], [ -38.471359199999938, -12.793897399999929 ], [ -38.471423299999969, -12.793904299999955 ], [ -38.471496099999968, -12.793914699999982 ], [ -38.47156369999994, -12.793921599999962 ], [ -38.471619199999971, -12.793921699999933 ], [ -38.47169029999997, -12.793921899999923 ], [ -38.471738899999927, -12.793913499999968 ], [ -38.471804799999965, -12.793884699999969 ], [ -38.471860399999969, -12.793847399999949 ], [ -38.471937099999934, -12.793790899999973 ], [ -38.471975399999963, -12.79375519999998 ], [ -38.471999699999962, -12.793726299999955 ], [ -38.472025799999983, -12.793697499999967 ], [ -38.472057, -12.793677099999972 ], [ -38.472098699999947, -12.793655099999977 ], [ -38.472143799999969, -12.793638199999982 ], [ -38.472208, -12.793604299999984 ], [ -38.472288, -12.793500699999981 ], [ -38.472375, -12.793349499999966 ], [ -38.472460399999932, -12.793176099999917 ], [ -38.472496799999931, -12.793082599999922 ], [ -38.472514499999939, -12.793041199999953 ], [ -38.472518199999975, -12.792999599999961 ], [ -38.472497, -12.792971899999952 ], [ -38.472479499999963, -12.792937299999947 ], [ -38.472472499999981, -12.792902699999949 ], [ -38.472490199999982, -12.792878499999984 ], [ -38.472529, -12.792864799999965 ], [ -38.472553799999957, -12.792840599999977 ], [ -38.47256439999996, -12.792809499999972 ], [ -38.472571499999965, -12.792774899999934 ], [ -38.472575099999972, -12.792740299999943 ], [ -38.472568099999933, -12.792712599999959 ], [ -38.472543499999972, -12.792691799999952 ], [ -38.472508199999936, -12.792681399999923 ], [ -38.472473, -12.792681299999987 ], [ -38.472423599999949, -12.792674299999939 ], [ -38.472356599999962, -12.79266719999994 ], [ -38.472261499999945, -12.792639399999926 ], [ -38.472166399999942, -12.792601099999944 ], [ -38.47211, -12.792580199999977 ], [ -38.472060699999936, -12.792528299999944 ], [ -38.472004399999953, -12.792459 ], [ -38.471983399999942, -12.792396699999919 ], [ -38.471980099999939, -12.792324 ], [ -38.471998, -12.792194199999928 ], [ -38.472018399999968, -12.792156099999936 ], [ -38.472053099999982, -12.792119199999968 ], [ -38.47210229999996, -12.79208539999998 ], [ -38.472164699999951, -12.792035 ], [ -38.472283299999958, -12.791931799999947 ], [ -38.472311699999977, -12.791910599999918 ], [ -38.472338599999944, -12.791900799999947 ], [ -38.472356399999967, -12.791895599999972 ], [ -38.472368099999983, -12.791890399999943 ], [ -38.472433, -12.79185 ], [ -38.472486099999976, -12.791815099999958 ], [ -38.472506, -12.791806499999963 ], [ -38.47251279999994, -12.791806499999941 ], [ -38.472521599999943, -12.791809199999928 ], [ -38.472526199999947, -12.791811399999977 ], [ -38.472528399999938, -12.791814399999957 ], [ -38.47253, -12.791816299999949 ], [ -38.472532599999965, -12.791817799999945 ], [ -38.472540199999969, -12.791817799999937 ], [ -38.472550499999954, -12.791817099999941 ], [ -38.472557399999971, -12.791814899999956 ], [ -38.472562299999943, -12.791814899999945 ], [ -38.472571499999958, -12.791814899999959 ], [ -38.472579499999945, -12.791814899999961 ], [ -38.472584399999967, -12.791816799999934 ], [ -38.472592099999929, -12.791819 ], [ -38.472613799999984, -12.791821699999959 ], [ -38.472639699999945, -12.791818799999939 ], [ -38.472674299999937, -12.791810199999945 ], [ -38.472736199999922, -12.791795099999939 ], [ -38.47275019999995, -12.791792799999959 ], [ -38.472756399999973, -12.791792899999967 ], [ -38.472771799999968, -12.791792899999963 ], [ -38.472782699999989, -12.791796699999967 ], [ -38.472794299999975, -12.791801299999976 ], [ -38.472807399999972, -12.791806599999978 ], [ -38.47282979999995, -12.791806699999924 ], [ -38.472850699999981, -12.791805199999947 ], [ -38.472878599999952, -12.79179229999994 ], [ -38.472904199999952, -12.79177649999996 ], [ -38.47292589999995, -12.79176589999998 ], [ -38.472943099999952, -12.791764 ], [ -38.472958499999955, -12.791764099999973 ], [ -38.472972599999942, -12.791764099999975 ], [ -38.472983599999964, -12.79176409999998 ], [ -38.472995899999951, -12.791766599999944 ], [ -38.473013099999953, -12.791766599999969 ], [ -38.473024099999982, -12.791766599999971 ], [ -38.473040699999956, -12.791766599999958 ], [ -38.473052399999972, -12.791766699999929 ], [ -38.473070199999931, -12.791766099999965 ], [ -38.473080599999953, -12.791769699999985 ], [ -38.4730972, -12.791773399999977 ], [ -38.473105099999948, -12.7917758 ], [ -38.473118, -12.791775799999979 ], [ -38.473129699999959, -12.79177339999994 ], [ -38.473134, -12.7917735 ], [ -38.473145, -12.791774099999934 ], [ -38.473153, -12.791774699999946 ], [ -38.473169, -12.791780099999917 ], [ -38.473195899999951, -12.791793499999924 ], [ -38.473214699999978, -12.791812199999962 ], [ -38.473224499999958, -12.791822499999952 ], [ -38.473229399999973, -12.791826099999986 ], [ -38.473233099999959, -12.791830899999965 ], [ -38.473238599999952, -12.791834 ], [ -38.473247199999946, -12.791835799999943 ], [ -38.473259399999961, -12.791837599999951 ], [ -38.473269199999955, -12.791841799999924 ], [ -38.473275399999977, -12.791846699999939 ], [ -38.473285199999964, -12.79184849999997 ], [ -38.473295599999972, -12.79184849999997 ], [ -38.473303, -12.791846699999949 ], [ -38.473311, -12.791843099999939 ], [ -38.473312799999974, -12.791836499999921 ], [ -38.473317099999967, -12.791828699999938 ], [ -38.473328799999933, -12.791822099999942 ], [ -38.473341699999935, -12.791816699999963 ], [ -38.473360799999973, -12.791813699999985 ], [ -38.473384699999933, -12.791814399999957 ], [ -38.473399399999956, -12.791819799999921 ], [ -38.473414699999978, -12.791824699999955 ], [ -38.473500699999938, -12.791829699999941 ], [ -38.473603899999937, -12.791839499999975 ], [ -38.473626599999932, -12.791840199999962 ], [ -38.473644399999962, -12.7918438 ], [ -38.473659799999943, -12.791848699999962 ], [ -38.473670799999987, -12.791852299999956 ], [ -38.47367939999998, -12.791856499999936 ], [ -38.473689199999974, -12.791858899999957 ], [ -38.473697199999947, -12.791859 ], [ -38.473711299999934, -12.791859 ], [ -38.473735299999944, -12.791850599999975 ], [ -38.473756799999933, -12.791838599999947 ], [ -38.47378039999996, -12.791818699999974 ], [ -38.473823399999965, -12.791797099999958 ], [ -38.473894, -12.791762299999967 ], [ -38.47395779999993, -12.791729199999965 ], [ -38.473987199999961, -12.791712499999962 ], [ -38.47402349999993, -12.791692 ], [ -38.474091699999974, -12.791668699999949 ], [ -38.474134699999979, -12.791658499999908 ], [ -38.47420649999998, -12.791655 ], [ -38.474281699999949, -12.791654599999967 ], [ -38.474337599999963, -12.79165109999996 ], [ -38.474399, -12.791639199999956 ], [ -38.474440099999988, -12.791636299999936 ], [ -38.474486099999986, -12.79164 ], [ -38.474514899999981, -12.791652099999979 ], [ -38.474539499999935, -12.791671399999936 ], [ -38.474550499999957, -12.79169189999994 ], [ -38.474557799999957, -12.791701499999942 ], [ -38.474572099999932, -12.791712499999973 ], [ -38.474582899999966, -12.791720899999969 ], [ -38.474613799999929, -12.791733 ], [ -38.474648199999933, -12.79173739999994 ], [ -38.47470919999995, -12.791734499999947 ], [ -38.474721099999947, -12.791735199999964 ], [ -38.474731099999929, -12.791736399999925 ], [ -38.474738599999966, -12.791740699999945 ], [ -38.474744899999969, -12.791745099999954 ], [ -38.474749899999949, -12.791748799999951 ], [ -38.474758699999931, -12.791757399999934 ], [ -38.474764899999968, -12.791762299999981 ], [ -38.474771799999985, -12.791767799999946 ], [ -38.474776799999972, -12.79177089999996 ], [ -38.474782399999988, -12.791776499999965 ], [ -38.474790599999942, -12.791782 ], [ -38.474798699999958, -12.791785699999926 ], [ -38.474808099999962, -12.791788799999967 ], [ -38.474821899999945, -12.791792499999914 ], [ -38.474841899999944, -12.791792599999951 ], [ -38.474879499999929, -12.791785899999974 ], [ -38.47491609999998, -12.791773 ], [ -38.474938699999939, -12.791763799999963 ], [ -38.474950599999943, -12.791762599999972 ], [ -38.474963699999925, -12.79176259999997 ], [ -38.474983099999967, -12.791768199999989 ], [ -38.475007599999977, -12.791778099999927 ], [ -38.475048899999933, -12.791799699999947 ], [ -38.475078799999956, -12.79182559999998 ], [ -38.475081699999983, -12.791828399999932 ], [ -38.475083799999943, -12.791830499999952 ], [ -38.475095799999963, -12.791834699999983 ], [ -38.47510009999997, -12.79183679999994 ], [ -38.47511, -12.791840299999922 ], [ -38.475122, -12.791845199999939 ], [ -38.475134699999956, -12.791848699999939 ], [ -38.475148899999965, -12.791852899999975 ], [ -38.475160899999935, -12.791857099999957 ], [ -38.475171499999938, -12.791861899999954 ], [ -38.475179299999979, -12.791866799999962 ], [ -38.475185, -12.79187449999994 ], [ -38.475197, -12.791882099999956 ], [ -38.475214, -12.791889099999935 ], [ -38.475250799999976, -12.791894799999953 ], [ -38.475277099999971, -12.791893099999987 ], [ -38.475283399999974, -12.791890399999943 ], [ -38.475288699999965, -12.791887399999958 ], [ -38.47529169999995, -12.7918847 ], [ -38.475304499999936, -12.791880399999959 ], [ -38.475312199999969, -12.791880099999963 ], [ -38.475331599999947, -12.791879799999968 ], [ -38.475392, -12.791886099999957 ], [ -38.475438599999961, -12.791898899999961 ], [ -38.475490799999932, -12.791914399999945 ], [ -38.475519399999946, -12.7919277 ], [ -38.475540199999955, -12.791942599999967 ], [ -38.475560899999948, -12.791957599999941 ], [ -38.47558109999995, -12.79197249999994 ], [ -38.475604099999941, -12.791981299999964 ], [ -38.475626799999922, -12.791985599999984 ], [ -38.475639699999931, -12.791987 ], [ -38.475647699999961, -12.791988299999977 ], [ -38.475659799999953, -12.791991799999961 ], [ -38.475667799999933, -12.791995299999925 ], [ -38.475676699999944, -12.7920028 ], [ -38.475688699999978, -12.792016399999962 ], [ -38.47573019999993, -12.792059399999959 ], [ -38.475767099999977, -12.7920822 ], [ -38.475807599999932, -12.792099399999936 ], [ -38.475841, -12.79211079999993 ], [ -38.475858399999943, -12.792117399999952 ], [ -38.475864799999947, -12.792119899999939 ], [ -38.475866799999956, -12.792123399999964 ], [ -38.475867799999946, -12.792128299999952 ], [ -38.475869899999971, -12.792134799999912 ], [ -38.475869799999941, -12.792138199999949 ], [ -38.475871299999937, -12.792142199999953 ], [ -38.47587539999995, -12.792147099999962 ], [ -38.47587939999994, -12.792151099999971 ], [ -38.475881899999926, -12.792156 ], [ -38.475888399999974, -12.792163 ], [ -38.475897, -12.792166 ], [ -38.475905, -12.792166 ], [ -38.475914599999953, -12.792166499999958 ], [ -38.47591759999996, -12.792168 ], [ -38.475917599999953, -12.79216949999994 ], [ -38.475917099999947, -12.792173399999959 ], [ -38.47591459999996, -12.792174899999962 ], [ -38.475911599999961, -12.792175399999957 ], [ -38.475908, -12.792175899999975 ], [ -38.475902499999961, -12.792176799999933 ], [ -38.475899, -12.792179299999933 ], [ -38.475896399999954, -12.792182799999969 ], [ -38.475896399999954, -12.792189199999948 ], [ -38.475898399999949, -12.792198599999971 ], [ -38.475902299999973, -12.792202 ], [ -38.4759428, -12.792212599999976 ], [ -38.475971799999968, -12.792225799999926 ], [ -38.475990399999944, -12.792248299999926 ], [ -38.476003799999937, -12.792264499999945 ], [ -38.476017299999967, -12.792285899999973 ], [ -38.476033799999982, -12.792313399999951 ], [ -38.476047199999975, -12.792331699999989 ], [ -38.476062699999943, -12.792353099999971 ], [ -38.476086499999944, -12.792377499999922 ], [ -38.476132, -12.792433499999973 ], [ -38.476231399999953, -12.7925653 ], [ -38.476284299999982, -12.792633 ], [ -38.476326499999978, -12.792703199999931 ], [ -38.476389899999965, -12.792778699999936 ], [ -38.476405799999952, -12.792802099999962 ], [ -38.4764158, -12.79283739999995 ], [ -38.476417099999935, -12.792854 ], [ -38.476417, -12.792884699999947 ], [ -38.47642739999997, -12.79290639999995 ], [ -38.476443, -12.792924399999935 ], [ -38.476457299999936, -12.792949899999925 ], [ -38.476472799999954, -12.792980699999932 ], [ -38.476474099999962, -12.793003699999931 ], [ -38.476479199999979, -12.793057299999926 ], [ -38.476467799999966, -12.793126599999928 ], [ -38.476434899999965, -12.793206799999949 ], [ -38.476397399999939, -12.7932709 ], [ -38.476338899999973, -12.793328 ], [ -38.476238199999955, -12.793419499999958 ], [ -38.476133, -12.793504099999938 ], [ -38.476065199999937, -12.79358529999995 ], [ -38.475953199999935, -12.793746499999951 ], [ -38.475906, -12.793858799999958 ], [ -38.475882299999967, -12.793959599999939 ], [ -38.475870299999947, -12.794040299999955 ], [ -38.475867299999948, -12.794089299999946 ], [ -38.475864299999955, -12.794121 ], [ -38.475849499999974, -12.794167 ], [ -38.475825899999961, -12.794204499999978 ], [ -38.475787699999962, -12.7942447 ], [ -38.475758199999973, -12.794290799999947 ], [ -38.475755199999981, -12.794339799999939 ], [ -38.475746299999962, -12.794383 ], [ -38.475746199999939, -12.794434799999975 ], [ -38.475728299999957, -12.794511399999978 ], [ -38.475674499999968, -12.79462039999993 ], [ -38.475618699999984, -12.794695099999958 ], [ -38.475579499999981, -12.794757599999963 ], [ -38.475542299999972, -12.794812099999964 ], [ -38.475463699999985, -12.794953399999935 ], [ -38.475434699999944, -12.795022799999957 ], [ -38.475416, -12.795091399999924 ], [ -38.4754076, -12.795156099999918 ], [ -38.475405499999958, -12.795208599999977 ], [ -38.475405399999943, -12.795251099999968 ], [ -38.475413599999975, -12.795291499999955 ], [ -38.475432, -12.795327899999958 ], [ -38.47544639999996, -12.795358299999961 ], [ -38.475471, -12.795390599999957 ], [ -38.475499899999932, -12.795404799999975 ], [ -38.47558219999997, -12.795435299999937 ], [ -38.475641899999971, -12.795453599999973 ], [ -38.475716, -12.795484099999943 ], [ -38.475788, -12.795514499999953 ], [ -38.475841499999952, -12.795530799999931 ], [ -38.475979499999937, -12.795553299999924 ], [ -38.476099, -12.795551499999915 ], [ -38.476191699999958, -12.795533499999969 ], [ -38.476315399999976, -12.795511499999982 ], [ -38.476418399999943, -12.795491499999956 ], [ -38.476588299999946, -12.795480399999976 ], [ -38.476678899999975, -12.795494699999947 ], [ -38.476753099999947, -12.795511 ], [ -38.476868299999971, -12.795551699999972 ], [ -38.476942399999984, -12.795580099999947 ], [ -38.477059799999957, -12.79562479999991 ], [ -38.477179599999943, -12.795669099999941 ], [ -38.477235199999953, -12.79567529999998 ], [ -38.477278399999932, -12.795675399999922 ], [ -38.477320099999922, -12.795677399999919 ], [ -38.477333199999975, -12.795677399999942 ], [ -38.477342299999989, -12.79567939999993 ], [ -38.47734939999998, -12.795684399999953 ], [ -38.47735339999997, -12.79569139999994 ], [ -38.47735239999998, -12.795699299999965 ], [ -38.477351399999975, -12.795717199999945 ], [ -38.477349299999965, -12.795736099999939 ], [ -38.477342199999953, -12.795756899999949 ], [ -38.47733809999994, -12.795779799999941 ], [ -38.477338, -12.795805599999943 ], [ -38.477337899999945, -12.795833399999935 ], [ -38.477346599999976, -12.795864599999973 ], [ -38.477346499999953, -12.795892099999946 ], [ -38.477340099999935, -12.795913299999956 ], [ -38.477328599999964, -12.795925799999953 ], [ -38.477289, -12.795971899999916 ], [ -38.477272399999947, -12.796014399999933 ], [ -38.477253199999957, -12.796070499999921 ], [ -38.477216099999964, -12.796125399999941 ], [ -38.47716759999998, -12.796184099999948 ], [ -38.477111399999956, -12.796246399999983 ], [ -38.477061699999986, -12.796298799999919 ], [ -38.476959399999942, -12.796375299999971 ], [ -38.476886699999959, -12.796422699999944 ], [ -38.476815199999976, -12.796467499999949 ], [ -38.476754, -12.796504899999936 ], [ -38.476704299999938, -12.796534799999975 ], [ -38.476484299999981, -12.796702599999941 ], [ -38.476340199999989, -12.796812099999951 ], [ -38.476088499999953, -12.797017699999969 ], [ -38.475949, -12.797111499999977 ], [ -38.475855199999963, -12.797165099999965 ], [ -38.47576609999993, -12.797214199999924 ], [ -38.475648799999938, -12.797250499999949 ], [ -38.475488799999937, -12.797279299999969 ], [ -38.475315199999955, -12.797296899999939 ], [ -38.475173599999955, -12.797292199999951 ], [ -38.475057199999988, -12.797289699999972 ], [ -38.474943, -12.79728049999995 ], [ -38.474826599999972, -12.797257899999961 ], [ -38.47475009999993, -12.797255699999946 ], [ -38.474686199999951, -12.797262399999958 ], [ -38.474638199999951, -12.797264499999939 ], [ -38.474588, -12.797264399999973 ], [ -38.474530899999927, -12.797264299999936 ], [ -38.474480599999936, -12.797264199999983 ], [ -38.474382399999961, -12.797270699999949 ], [ -38.474320799999937, -12.797277299999964 ], [ -38.474247599999963, -12.797295099999946 ], [ -38.474188199999958, -12.797326299999956 ], [ -38.474144699999961, -12.797373299999954 ], [ -38.474124, -12.797427 ], [ -38.474123899999938, -12.797494199999976 ], [ -38.474126099999978, -12.797548 ], [ -38.47416469999996, -12.797635499999966 ], [ -38.474203399999965, -12.797710399999968 ], [ -38.47421739999993, -12.79775 ], [ -38.474217399999922, -12.797789499999965 ], [ -38.474215299999976, -12.797825 ], [ -38.474207099999951, -12.797864499999939 ], [ -38.474203, -12.797896099999937 ], [ -38.474188899999938, -12.797933599999974 ], [ -38.4741868, -12.797969199999955 ], [ -38.474186699999969, -12.798002799999951 ], [ -38.474216799999958, -12.798066 ], [ -38.474252899999961, -12.798119399999958 ], [ -38.474381499999943, -12.798261899999954 ], [ -38.474548399999946, -12.798376799999966 ], [ -38.47486449999996, -12.798511799999982 ], [ -38.474936599999971, -12.798572099999936 ], [ -38.474994199999969, -12.798643099999934 ], [ -38.475055399999967, -12.798731799999938 ], [ -38.475113, -12.798813299999948 ], [ -38.475185099999976, -12.798898499999936 ], [ -38.475383399999942, -12.799033499999963 ], [ -38.475502399999989, -12.799090399999949 ], [ -38.475603399999954, -12.79914019999994 ], [ -38.475711599999954, -12.799207699999961 ], [ -38.475834199999952, -12.799275199999951 ], [ -38.476075799999933, -12.799449299999926 ], [ -38.476184499999938, -12.799557499999919 ], [ -38.476260099999934, -12.799692199999971 ], [ -38.476321299999945, -12.799780899999957 ], [ -38.476393199999968, -12.799944 ], [ -38.476436299999932, -12.800057399999963 ], [ -38.476464899999939, -12.800156599999983 ], [ -38.47650079999994, -12.800280699999977 ], [ -38.476536499999952, -12.800461399999952 ], [ -38.476601, -12.80071649999997 ], [ -38.476640399999958, -12.800851199999959 ], [ -38.476705099999954, -12.801010699999953 ], [ -38.476856499999947, -12.801328 ], [ -38.476910299999929, -12.801498099999952 ], [ -38.47696069999995, -12.801604499999938 ], [ -38.477007299999961, -12.801735599999958 ], [ -38.47704669999996, -12.801905699999949 ], [ -38.477060899999969, -12.802043899999957 ], [ -38.477092899999946, -12.802235199999926 ], [ -38.477103399999976, -12.802444199999965 ], [ -38.477085699999968, -12.802545599999979 ], [ -38.477090499999967, -12.802662399999978 ], [ -38.477090299999922, -12.802734399999956 ], [ -38.477090099999941, -12.802833799999975 ], [ -38.477112799999922, -12.802910799999966 ], [ -38.477132899999958, -12.802960499999935 ], [ -38.47715309999996, -12.803000299999965 ], [ -38.477155499999974, -12.803040099999981 ], [ -38.477155399999958, -12.803089699999944 ], [ -38.477135, -12.803149299999978 ], [ -38.477127399999972, -12.803194 ], [ -38.47711709999993, -12.803261 ], [ -38.477111899999954, -12.803313199999934 ], [ -38.477109299999938, -12.803362899999957 ], [ -38.47710919999998, -12.803417499999952 ], [ -38.477114099999945, -12.803462199999938 ], [ -38.477131799999945, -12.803504499999967 ], [ -38.477134199999973, -12.803574 ], [ -38.47712139999993, -12.803636099999952 ], [ -38.477065599999946, -12.80369809999995 ], [ -38.476973899999955, -12.803746399999977 ], [ -38.476915599999977, -12.803781099999979 ], [ -38.47689029999998, -12.803800899999933 ], [ -38.47688, -12.803840599999949 ], [ -38.476874899999984, -12.803877799999954 ], [ -38.476867199999958, -12.803912599999927 ], [ -38.476831699999941, -12.803967199999931 ], [ -38.476778499999973, -12.803972 ], [ -38.476725299999941, -12.803971899999951 ], [ -38.476657, -12.803976799999935 ], [ -38.476611299999952, -12.803996499999931 ], [ -38.476591, -12.804011399999972 ], [ -38.476575799999985, -12.804043699999971 ], [ -38.476558, -12.804073399999915 ], [ -38.476517499999943, -12.804088299999924 ], [ -38.476476899999973, -12.80409069999995 ], [ -38.476444099999981, -12.804070699999958 ], [ -38.476408699999979, -12.804045799999923 ], [ -38.47637329999997, -12.804020899999943 ], [ -38.476312499999949, -12.804010799999954 ], [ -38.476229, -12.804008199999959 ], [ -38.476142899999957, -12.804018 ], [ -38.476087099999965, -12.804045199999964 ], [ -38.476046499999939, -12.804084799999947 ], [ -38.476018599999975, -12.804119599999964 ], [ -38.476005899999969, -12.804151799999946 ], [ -38.475990599999932, -12.804194 ], [ -38.475990499999959, -12.804248699999961 ], [ -38.475990399999944, -12.804300799999975 ], [ -38.476002899999969, -12.804353 ], [ -38.476034099999943, -12.804604 ], [ -38.476074399999959, -12.804783899999959 ], [ -38.476119899999965, -12.804933799999944 ], [ -38.476144799999936, -12.805203499999942 ], [ -38.476149599999985, -12.80536339999998 ], [ -38.476159299999956, -12.805588099999968 ], [ -38.476169099999936, -12.805782899999938 ], [ -38.476214499999976, -12.806079199999932 ], [ -38.47627, -12.806314 ], [ -38.476325699999961, -12.806479 ], [ -38.47639159999995, -12.806594 ], [ -38.476447399999984, -12.806703899999961 ], [ -38.476513299999965, -12.806843899999938 ], [ -38.47655889999993, -12.80693389999993 ], [ -38.476691, -12.807180899999937 ], [ -38.476792599999946, -12.807330899999952 ], [ -38.476858399999969, -12.807465899999968 ], [ -38.47692439999998, -12.807580899999945 ], [ -38.47700059999994, -12.807680899999974 ], [ -38.477071599999938, -12.807785899999963 ], [ -38.477132599999955, -12.807856 ], [ -38.477218899999968, -12.807966 ], [ -38.477259499999953, -12.808041 ], [ -38.47727969999994, -12.808130899999975 ], [ -38.477330299999956, -12.808235899999939 ], [ -38.477386199999955, -12.808315899999975 ], [ -38.477452199999959, -12.808386 ], [ -38.477548899999938, -12.808421099999984 ], [ -38.477666, -12.808421299999962 ], [ -38.477747499999957, -12.808396499999969 ], [ -38.477808699999969, -12.80835169999993 ], [ -38.477869899999966, -12.808291899999965 ], [ -38.477915799999955, -12.808242 ], [ -38.477971899999943, -12.808187199999967 ], [ -38.478145199999972, -12.808107699999939 ], [ -38.478272499999946, -12.808097899999961 ], [ -38.4784557, -12.808103299999981 ], [ -38.478562599999975, -12.808108499999943 ], [ -38.478674599999984, -12.808113699999963 ], [ -38.478766199999939, -12.808168799999983 ], [ -38.47876609999998, -12.808223799999956 ], [ -38.478796399999972, -12.808318699999976 ], [ -38.478852199999956, -12.80840369999993 ], [ -38.478935699999958, -12.808576299999983 ], [ -38.478999099999953, -12.8086509 ], [ -38.479021099999954, -12.808682099999924 ], [ -38.47905529999997, -12.808715799999961 ], [ -38.479079699999943, -12.808735 ], [ -38.479121299999974, -12.80874949999998 ], [ -38.479160399999955, -12.808752 ], [ -38.479192299999966, -12.808754499999955 ], [ -38.479249799999941, -12.808766599999956 ], [ -38.479265699999985, -12.80877379999994 ], [ -38.479312099999959, -12.808805099999981 ], [ -38.479341399999953, -12.808834 ], [ -38.479380499999927, -12.808882099999945 ], [ -38.479414599999984, -12.808935 ], [ -38.47945359999995, -12.80899259999997 ], [ -38.479490199999923, -12.809057499999938 ], [ -38.479512099999972, -12.809127199999969 ], [ -38.479546099999936, -12.809243099999952 ], [ -38.479565599999937, -12.809315199999944 ], [ -38.479582599999958, -12.809370399999976 ], [ -38.479604499999937, -12.809425699999974 ], [ -38.479633799999938, -12.809473699999955 ], [ -38.479655699999967, -12.809512199999979 ], [ -38.479677699999968, -12.809550699999924 ], [ -38.479697099999953, -12.809591499999957 ], [ -38.479709299999968, -12.809644299999954 ], [ -38.479711599999973, -12.809699599999911 ], [ -38.479711499999951, -12.809752399999986 ], [ -38.479718699999978, -12.809807599999937 ], [ -38.479721099999949, -12.809853199999964 ], [ -38.479750399999944, -12.809972099999982 ], [ -38.479784499999944, -12.810034499999988 ], [ -38.479818699999953, -12.810075399999944 ], [ -38.479845499999961, -12.810109099999979 ], [ -38.479877199999976, -12.810147499999969 ], [ -38.479906599999936, -12.810183599999974 ], [ -38.479938299999965, -12.810217299999973 ], [ -38.479970099999953, -12.810255799999927 ], [ -38.480011499999932, -12.810306299999988 ], [ -38.480055399999976, -12.810368799999923 ], [ -38.480123799999944, -12.810455299999946 ], [ -38.480184799999961, -12.810537099999975 ], [ -38.480221399999955, -12.810587599999964 ], [ -38.48024579999997, -12.81061639999996 ], [ -38.480267799999979, -12.810642899999943 ], [ -38.480299599999967, -12.810666899999957 ], [ -38.480311799999981, -12.810683799999921 ], [ -38.480341, -12.81073659999992 ], [ -38.480350699999974, -12.810827899999921 ], [ -38.480377699999963, -12.810922599999987 ], [ -38.480416699999971, -12.811023499999987 ], [ -38.480463, -12.81111 ], [ -38.480509299999945, -12.811182199999953 ], [ -38.480548399999982, -12.811232599999924 ], [ -38.480585, -12.811278299999971 ], [ -38.480611899999928, -12.811304799999972 ], [ -38.480636299999958, -12.811331199999929 ], [ -38.480668099999953, -12.811355299999951 ], [ -38.480694899999946, -12.811377 ], [ -38.480731599999956, -12.811389 ], [ -38.480753599999957, -12.811415499999967 ], [ -38.480778, -12.811446799999928 ], [ -38.48080479999993, -12.81148039999994 ], [ -38.480848699999967, -12.811574099999971 ], [ -38.480890199999976, -12.811634199999959 ], [ -38.48092429999997, -12.811689499999934 ], [ -38.481015099999986, -12.811832499999971 ], [ -38.481046799999945, -12.811878199999979 ], [ -38.48108579999996, -12.811950299999976 ], [ -38.481100399999953, -12.811998299999976 ], [ -38.481100299999987, -12.812043899999939 ], [ -38.481100199999958, -12.812087099999939 ], [ -38.481100099999935, -12.812120799999942 ], [ -38.481117199999971, -12.812166399999958 ], [ -38.481129299999964, -12.812209599999942 ], [ -38.481148699999956, -12.812303299999943 ], [ -38.481187699999971, -12.812377799999988 ], [ -38.481219399999929, -12.812428299999972 ], [ -38.48124619999993, -12.812469099999921 ], [ -38.481275499999988, -12.812502799999937 ], [ -38.481304799999982, -12.812536499999981 ], [ -38.48132929999997, -12.812562899999929 ], [ -38.481370799999979, -12.812589399999963 ], [ -38.481407499999932, -12.812601499999985 ], [ -38.481451499999942, -12.812611199999933 ], [ -38.481478399999958, -12.812625599999935 ], [ -38.481505299999988, -12.812644899999954 ], [ -38.481534599999982, -12.812683299999946 ], [ -38.481563699999981, -12.812786599999981 ], [ -38.481637399999961, -12.812972799999949 ], [ -38.4816982, -12.813114499999925 ], [ -38.48173479999997, -12.81321539999994 ], [ -38.481764, -12.81327069999997 ], [ -38.481790799999942, -12.813333199999931 ], [ -38.481824899999943, -12.813395599999964 ], [ -38.481859, -12.81346289999993 ], [ -38.481890599999929, -12.813560399999981 ], [ -38.481919799999964, -12.813632499999935 ], [ -38.481924599999957, -12.813704499999989 ], [ -38.481924499999934, -12.813757399999936 ], [ -38.481924399999969, -12.813798199999951 ], [ -38.481924299999946, -12.813829399999978 ], [ -38.481921799999959, -12.813867799999972 ], [ -38.481919199999922, -12.813908599999937 ], [ -38.481897199999935, -12.813937299999958 ], [ -38.481872599999974, -12.813966099999954 ], [ -38.481835899999972, -12.813985199999923 ], [ -38.481801599999983, -12.813999599999917 ], [ -38.481779499999966, -12.814023499999951 ], [ -38.481764699999985, -12.814061899999952 ], [ -38.481759799999963, -12.814105099999958 ], [ -38.481759699999948, -12.814153099999935 ], [ -38.481759599999982, -12.814198699999961 ], [ -38.481761899999981, -12.814251599999976 ], [ -38.481761799999958, -12.814304399999957 ], [ -38.481734599999982, -12.8144268 ], [ -38.48170019999997, -12.814549899999957 ], [ -38.481687699999959, -12.814645899999961 ], [ -38.4816704, -12.814732299999942 ], [ -38.481662899999961, -12.814809099999934 ], [ -38.481660399999953, -12.814878699999959 ], [ -38.4816431, -12.814943499999975 ], [ -38.481623399999933, -12.815001099999961 ], [ -38.481598699999957, -12.815087399999982 ], [ -38.481583899999976, -12.815166599999948 ], [ -38.481576399999938, -12.815221799999966 ], [ -38.481526899999956, -12.81546519999995 ], [ -38.481509499999959, -12.815602 ], [ -38.481509299999964, -12.815683699999967 ], [ -38.481509199999948, -12.815738899999923 ], [ -38.481516399999983, -12.815786899999981 ], [ -38.481526099999932, -12.815832499999944 ], [ -38.481540599999967, -12.815907 ], [ -38.481572299999975, -12.815983899999935 ], [ -38.481604, -12.816039099999955 ], [ -38.481633199999976, -12.816099199999934 ], [ -38.481662499999977, -12.816159299999974 ], [ -38.481691699999949, -12.816250599999929 ], [ -38.481735499999949, -12.816368299999983 ], [ -38.481789399999968, -12.816544799999978 ], [ -38.48184039999996, -12.816683199999938 ], [ -38.481867, -12.81671929999994 ], [ -38.481890299999975, -12.816745499999985 ], [ -38.48195689999995, -12.816762 ], [ -38.48199689999997, -12.816781699999961 ], [ -38.482043499999975, -12.816811199999959 ], [ -38.4821, -12.816896399999962 ], [ -38.482143199999946, -12.816991299999941 ], [ -38.482169599999956, -12.817096 ], [ -38.482166099999972, -12.817184299999951 ], [ -38.482139299999972, -12.817275899999967 ], [ -38.482089099999946, -12.817351 ], [ -38.482042299999925, -12.817390199999988 ], [ -38.481982299999963, -12.81741289999996 ], [ -38.481938799999966, -12.817452099999988 ], [ -38.481902099999971, -12.817488 ], [ -38.48186869999995, -12.817533699999972 ], [ -38.481841899999957, -12.817582699999935 ], [ -38.481808399999977, -12.817631699999938 ], [ -38.48175829999996, -12.817687199999961 ], [ -38.481738199999931, -12.817733 ], [ -38.481738099999973, -12.81778529999996 ], [ -38.481734599999982, -12.817840899999974 ], [ -38.481734499999959, -12.817896499999964 ], [ -38.481714399999937, -12.817955399999958 ], [ -38.481674299999952, -12.817997799999926 ], [ -38.48161749999997, -12.818056599999974 ], [ -38.481504, -12.818115199999975 ], [ -38.481353399999932, -12.818175699999909 ], [ -38.481203199999982, -12.818244099999969 ], [ -38.48113979999993, -12.818276699999972 ], [ -38.481093, -12.818315799999922 ], [ -38.481036299999964, -12.81833859999993 ], [ -38.481006199999968, -12.818368 ], [ -38.480989499999964, -12.818397399999965 ], [ -38.4809595, -12.818410399999955 ], [ -38.480916099999945, -12.818413599999932 ], [ -38.480882799999961, -12.818397199999939 ], [ -38.480846199999966, -12.818364399999954 ], [ -38.480806199999961, -12.818334899999954 ], [ -38.480762899999952, -12.818318399999956 ], [ -38.480696199999954, -12.818315 ], [ -38.48063279999996, -12.818321399999952 ], [ -38.480542799999967, -12.818344199999952 ], [ -38.480506099999957, -12.818367 ], [ -38.480469399999947, -12.818373499999955 ], [ -38.480426, -12.81837339999994 ], [ -38.480382699999957, -12.81836349999997 ], [ -38.480342699999937, -12.818353599999957 ], [ -38.480302699999982, -12.818347 ], [ -38.480246, -12.818346799999967 ], [ -38.480209299999963, -12.818346799999965 ], [ -38.480166, -12.818333599999967 ], [ -38.480136099999989, -12.818300799999971 ], [ -38.480119499999944, -12.818264799999959 ], [ -38.480099499999945, -12.818225499999921 ], [ -38.480042899999951, -12.818179599999944 ], [ -38.480006299999964, -12.81814689999992 ], [ -38.47996969999997, -12.818114099999937 ], [ -38.479949799999943, -12.818071499999956 ], [ -38.479936599999974, -12.818012599999989 ], [ -38.479933299999978, -12.817960299999987 ], [ -38.479930099999933, -12.817914499999979 ], [ -38.479923499999984, -12.817868699999957 ], [ -38.47992359999995, -12.81781959999994 ], [ -38.479907, -12.81779009999998 ], [ -38.479880399999949, -12.817760599999911 ], [ -38.479853699999985, -12.817744199999947 ], [ -38.479833799999938, -12.817731099999955 ], [ -38.479823799999956, -12.81771149999998 ], [ -38.479843899999935, -12.817669 ], [ -38.479874, -12.817659199999968 ], [ -38.479890599999969, -12.817649399999926 ], [ -38.479904, -12.817633099999972 ], [ -38.479910699999955, -12.81761019999993 ], [ -38.479910799999971, -12.817577499999958 ], [ -38.479907499999968, -12.817544799999938 ], [ -38.47990429999993, -12.817512099999922 ], [ -38.479897, -12.817448099999977 ], [ -38.479882099999948, -12.81742779999996 ], [ -38.47986369999996, -12.817410799999939 ], [ -38.479833899999953, -12.817391599999951 ], [ -38.47980629999995, -12.817372399999952 ], [ -38.479785699999987, -12.817348599999944 ], [ -38.479774199999952, -12.817324899999962 ], [ -38.479763899999966, -12.81730569999996 ], [ -38.479752499999961, -12.817285399999932 ], [ -38.479735299999959, -12.817273 ], [ -38.479711099999982, -12.81726729999996 ], [ -38.47968579999997, -12.817266099999921 ], [ -38.479656, -12.817252499999947 ], [ -38.479624899999976, -12.81723889999996 ], [ -38.479601899999977, -12.817227599999967 ], [ -38.479587, -12.817214 ], [ -38.479577899999988, -12.817199299999956 ], [ -38.479575599999983, -12.817181299999973 ], [ -38.479567599999946, -12.817146299999941 ], [ -38.479558499999946, -12.817124899999964 ], [ -38.479524, -12.81709429999996 ], [ -38.479479, -12.817080499999966 ], [ -38.47943529999997, -12.817068 ], [ -38.479374299999961, -12.817066699999941 ], [ -38.479336399999973, -12.817066599999979 ], [ -38.479303, -12.817073299999953 ], [ -38.479273199999966, -12.817074399999973 ], [ -38.479226, -12.817074299999941 ], [ -38.479190399999936, -12.817069799999954 ], [ -38.479151299999955, -12.817059499999964 ], [ -38.479111099999955, -12.817047 ], [ -38.479070799999931, -12.817036799999928 ], [ -38.479039899999975, -12.817018699999958 ], [ -38.4790134, -12.816999499999968 ], [ -38.478997399999969, -12.816981399999976 ], [ -38.478983599999943, -12.81695989999996 ], [ -38.478959499999981, -12.816943 ], [ -38.47893879999998, -12.81692489999994 ], [ -38.478924, -12.8169 ], [ -38.478918299999975, -12.816867299999966 ], [ -38.478918299999968, -12.816845899999983 ], [ -38.478918299999975, -12.816832399999939 ], [ -38.478904599999971, -12.816809799999913 ], [ -38.478882799999951, -12.816796199999946 ], [ -38.478857499999954, -12.816779199999916 ], [ -38.478832299999965, -12.816757699999918 ], [ -38.47880239999995, -12.816727199999947 ], [ -38.478795399999974, -12.816690399999963 ], [ -38.478785099999989, -12.816672599999958 ], [ -38.478773499999932, -12.816658699999939 ], [ -38.478771, -12.81664349999993 ], [ -38.47876969999993, -12.816628399999942 ], [ -38.478759399999952, -12.816611899999947 ], [ -38.478740099999975, -12.816604299999932 ], [ -38.478719499999961, -12.816594099999982 ], [ -38.478695, -12.816577599999965 ], [ -38.478677, -12.816561099999941 ], [ -38.478664099999953, -12.816543399999928 ], [ -38.478662899999961, -12.816515599999944 ], [ -38.478660399999974, -12.816491499999938 ], [ -38.478657799999958, -12.816475099999927 ], [ -38.47865789999998, -12.816456099999984 ], [ -38.478665699999965, -12.816441 ], [ -38.478674699999949, -12.816430899999949 ], [ -38.478686299999936, -12.816417 ], [ -38.478692799999983, -12.816391699999944 ], [ -38.478692899999949, -12.816361399999938 ], [ -38.478686499999981, -12.816336 ], [ -38.478668499999969, -12.816310699999969 ], [ -38.4786453, -12.816293 ], [ -38.478613199999977, -12.816267599999945 ], [ -38.478596499999981, -12.816229599999939 ], [ -38.478583699999952, -12.816185299999963 ], [ -38.478579899999943, -12.816139799999974 ], [ -38.478572299999939, -12.816101799999965 ], [ -38.478555599999943, -12.816060099999962 ], [ -38.478544099999965, -12.816022099999932 ], [ -38.47852349999993, -12.815974 ], [ -38.478502899999974, -12.815943599999985 ], [ -38.47849, -12.815901199999924 ], [ -38.47848879999998, -12.815873399999928 ], [ -38.47844119999997, -12.815825199999942 ], [ -38.478406399999983, -12.815802399999932 ], [ -38.478375499999977, -12.815775799999917 ], [ -38.478348499999981, -12.815740299999947 ], [ -38.478330499999977, -12.815715 ], [ -38.478312499999966, -12.815685799999924 ], [ -38.47827529999995, -12.81563269999997 ], [ -38.478219899999949, -12.81556429999995 ], [ -38.478196799999985, -12.815537699999952 ], [ -38.478177499999951, -12.8155073 ], [ -38.478168599999947, -12.815476899999963 ], [ -38.478155699999945, -12.815438899999954 ], [ -38.47813519999994, -12.815409799999946 ], [ -38.478114599999969, -12.81538069999992 ], [ -38.47810949999996, -12.815347799999937 ], [ -38.478105499999977, -12.815311399999921 ], [ -38.478096499999928, -12.815295 ], [ -38.478081, -12.815282299999984 ], [ -38.478077199999973, -12.815268399999979 ], [ -38.478077199999973, -12.815251899999977 ], [ -38.478079799999939, -12.815239299999966 ], [ -38.47809019999994, -12.815233 ], [ -38.478100499999982, -12.815222899999965 ], [ -38.478107, -12.815198899999933 ], [ -38.478103199999964, -12.81516729999991 ], [ -38.478095499999938, -12.815133099999988 ], [ -38.478082699999966, -12.815110299999976 ], [ -38.478072399999974, -12.815093899999967 ], [ -38.478067299999957, -12.815074899999964 ], [ -38.478068599999972, -12.815057199999968 ], [ -38.478079, -12.815042 ], [ -38.478084099999933, -12.815025599999968 ], [ -38.478084199999948, -12.815005399999977 ], [ -38.478081599999939, -12.814987599999935 ], [ -38.478077799999944, -12.814969899999941 ], [ -38.478075299999951, -12.814954799999951 ], [ -38.478079199999975, -12.814942099999937 ], [ -38.478086899999937, -12.814929499999943 ], [ -38.478096, -12.814920599999931 ], [ -38.478106299999986, -12.814911799999942 ], [ -38.478119199999988, -12.814895399999944 ], [ -38.478125699999964, -12.814873899999942 ], [ -38.478119299999946, -12.814834699999958 ], [ -38.478100099999949, -12.814806799999936 ], [ -38.478089799999964, -12.814761899999944 ], [ -38.478088599999985, -12.8147461 ], [ -38.478091199999938, -12.8147208 ], [ -38.478102899999953, -12.8146968 ], [ -38.478118399999964, -12.814667799999931 ], [ -38.478143099999961, -12.814630499999952 ], [ -38.478175399999948, -12.814563599999921 ], [ -38.478185799999942, -12.81453829999996 ], [ -38.478185799999956, -12.814509199999987 ], [ -38.478197499999965, -12.814495299999983 ], [ -38.478215599999949, -12.81448139999997 ], [ -38.478253, -12.814449899999929 ], [ -38.478264699999961, -12.814425899999932 ], [ -38.478276299999948, -12.814404399999932 ], [ -38.478290499999957, -12.814389299999954 ], [ -38.478304699999967, -12.814370299999943 ], [ -38.478317699999934, -12.814345099999954 ], [ -38.478328099999942, -12.814328599999957 ], [ -38.47834359999996, -12.814308399999964 ], [ -38.478356499999961, -12.814284399999954 ], [ -38.478370699999978, -12.814263 ], [ -38.478377199999962, -12.814250299999957 ], [ -38.47838239999993, -12.814217499999922 ], [ -38.478392799999945, -12.814187099999979 ], [ -38.478405699999939, -12.814166899999989 ], [ -38.478409599999964, -12.814155499999963 ], [ -38.478404499999954, -12.814142899999982 ], [ -38.478418799999929, -12.814082899999981 ], [ -38.478451199999938, -12.81399819999997 ], [ -38.478465499999977, -12.813938799999955 ], [ -38.47846949999996, -12.813898299999964 ], [ -38.478479799999945, -12.813869199999953 ], [ -38.478490199999953, -12.813845199999927 ], [ -38.478498, -12.813822499999969 ], [ -38.478500599999954, -12.813790899999956 ], [ -38.4785007, -12.813749099999953 ], [ -38.478506, -12.813715 ], [ -38.47852539999996, -12.813677099999936 ], [ -38.478537099999983, -12.813629099999954 ], [ -38.478525699999985, -12.813564 ], [ -38.478510299999982, -12.813513399999987 ], [ -38.47850649999998, -12.813472899999969 ], [ -38.478502699999986, -12.81342739999995 ], [ -38.478501499999936, -12.813384399999965 ], [ -38.478493899999933, -12.81335019999994 ], [ -38.47849, -12.813319799999936 ], [ -38.478490099999931, -12.813288199999928 ], [ -38.478490199999946, -12.813256599999946 ], [ -38.478485099999951, -12.81323 ], [ -38.478472299999972, -12.813181899999964 ], [ -38.478450399999929, -12.813161699999972 ], [ -38.478433699999982, -12.813136299999949 ], [ -38.478429899999973, -12.813107199999939 ], [ -38.478440199999966, -12.813094599999948 ], [ -38.478450499999951, -12.813085799999948 ], [ -38.478468699999958, -12.813049699999986 ], [ -38.478471399999933, -12.813010499999974 ], [ -38.478466299999972, -12.812978899999957 ], [ -38.47845209999997, -12.812951 ], [ -38.478443199999958, -12.812920699999962 ], [ -38.478438099999956, -12.812876399999938 ], [ -38.478434399999969, -12.812828299999964 ], [ -38.478420299999989, -12.812782699999959 ], [ -38.478407399999973, -12.812747299999961 ], [ -38.478392, -12.812718199999951 ], [ -38.478368899999964, -12.812689099999956 ], [ -38.478331599999933, -12.812640899999975 ], [ -38.478299399999969, -12.812613099999956 ], [ -38.478266, -12.81258769999995 ], [ -38.478229899999974, -12.812572399999969 ], [ -38.478210599999954, -12.812572399999977 ], [ -38.478183499999943, -12.812569799999958 ], [ -38.478164199999974, -12.812558399999956 ], [ -38.478151299999979, -12.812536899999934 ], [ -38.478141099999959, -12.812512799999986 ], [ -38.478116499999942, -12.812470299999982 ], [ -38.478097199999986, -12.812452599999952 ], [ -38.478070099999975, -12.812434799999959 ], [ -38.478027599999955, -12.812420799999934 ], [ -38.478000599999966, -12.812408099999962 ], [ -38.477961899999968, -12.812396699999971 ], [ -38.477962, -12.812370099999939 ], [ -38.477977499999952, -12.812362599999966 ], [ -38.477995499999963, -12.812351199999963 ], [ -38.478011, -12.812323399999979 ], [ -38.478016299999986, -12.812289299999982 ], [ -38.478028, -12.812253899999968 ], [ -38.478044799999971, -12.812219799999975 ], [ -38.478062899999941, -12.812192 ], [ -38.478078399999958, -12.812166699999986 ], [ -38.478081099999947, -12.812138899999978 ], [ -38.478072099999963, -12.812097199999908 ], [ -38.478061799999971, -12.812061699999965 ], [ -38.478061899999943, -12.81202 ], [ -38.478071, -12.811987099999941 ], [ -38.478087899999935, -12.81196189999997 ], [ -38.478094399999982, -12.811931499999943 ], [ -38.478091899999988, -12.811883499999965 ], [ -38.478079099999945, -12.811835399999961 ], [ -38.478058499999975, -12.811797899999942 ], [ -38.478041699999942, -12.811780199999941 ], [ -38.478035299999931, -12.811758599999973 ], [ -38.478025, -12.811740899999963 ], [ -38.478008299999949, -12.811735799999937 ], [ -38.477989, -12.811728199999942 ], [ -38.477978699999937, -12.811711699999956 ], [ -38.477964599999957, -12.811691499999943 ], [ -38.477947799999974, -12.811677499999981 ], [ -38.477922, -12.8116737 ], [ -38.477905299999975, -12.811686299999959 ], [ -38.477897499999983, -12.811701499999971 ], [ -38.477880699999957, -12.81170139999996 ], [ -38.47786009999993, -12.811687499999938 ], [ -38.477837, -12.811671 ], [ -38.477806, -12.811660799999981 ], [ -38.477788, -12.811660799999963 ], [ -38.477772499999958, -12.811657 ], [ -38.477753199999952, -12.81164169999993 ], [ -38.477737799999943, -12.811627799999936 ], [ -38.477723599999933, -12.811613899999946 ], [ -38.477656599999939, -12.811587199999977 ], [ -38.477621799999952, -12.811580799999961 ], [ -38.477594799999963, -12.81157819999993 ], [ -38.47757409999997, -12.81157809999997 ], [ -38.477545799999966, -12.811584399999958 ], [ -38.477522499999964, -12.811584399999953 ], [ -38.477468399999971, -12.811574099999985 ], [ -38.4774336, -12.811574099999971 ], [ -38.477370399999984, -12.811575199999927 ], [ -38.477343399999938, -12.811558699999971 ], [ -38.477313799999941, -12.811542199999966 ], [ -38.477288, -12.811525699999949 ], [ -38.477264799999936, -12.811504199999925 ], [ -38.477246799999932, -12.81149019999997 ], [ -38.47719919999998, -12.811456 ], [ -38.477199199999973, -12.811439499999954 ], [ -38.477203199999963, -12.81142189999996 ], [ -38.477200599999954, -12.811399099999967 ], [ -38.477181299999984, -12.811388899999942 ], [ -38.477167099999974, -12.811377499999924 ], [ -38.477164599999988, -12.811351 ], [ -38.477155599999946, -12.811335799999945 ], [ -38.477131199999974, -12.811326899999926 ], [ -38.477107899999965, -12.811326799999962 ], [ -38.477096299999985, -12.811310299999938 ], [ -38.477078399999989, -12.811273599999945 ], [ -38.477069399999955, -12.811249599999941 ], [ -38.477069499999963, -12.811202799999913 ], [ -38.477076, -12.81118 ], [ -38.47707319999995, -12.811152799999949 ], [ -38.477037099999961, -12.811116099999925 ], [ -38.477023, -12.811097099999937 ], [ -38.477016599999956, -12.811076799999963 ], [ -38.477006299999971, -12.811060399999976 ], [ -38.477005099999985, -12.811046399999949 ], [ -38.477012799999954, -12.811028799999974 ], [ -38.477012899999984, -12.811002199999942 ], [ -38.477031, -12.810965599999975 ], [ -38.47703359999997, -12.810939 ], [ -38.477022099999942, -12.81091119999998 ], [ -38.47700279999998, -12.810890899999935 ], [ -38.476984799999975, -12.810870599999905 ], [ -38.476986199999935, -12.810830099999977 ], [ -38.476995199999983, -12.810816199999961 ], [ -38.476991399999982, -12.810801099999935 ], [ -38.476974599999949, -12.810790899999965 ], [ -38.476956599999944, -12.810768099999951 ], [ -38.476941199999942, -12.810751599999962 ], [ -38.476914099999924, -12.810751599999962 ], [ -38.476901199999929, -12.810746499999935 ], [ -38.476894799999975, -12.81072369999994 ], [ -38.476865199999963, -12.810711 ], [ -38.476856199999929, -12.810692 ], [ -38.476856299999952, -12.810668 ], [ -38.476847299999974, -12.810655299999945 ], [ -38.476835599999951, -12.810661599999957 ], [ -38.476825299999973, -12.810673 ], [ -38.476791799999937, -12.810680499999927 ], [ -38.476778899999935, -12.810691899999938 ], [ -38.476775, -12.810707 ], [ -38.476763299999952, -12.810729799999917 ], [ -38.476747799999941, -12.810731 ], [ -38.476733699999954, -12.810724699999989 ], [ -38.476732399999946, -12.810705699999982 ], [ -38.476741499999939, -12.810684199999985 ], [ -38.476746699999978, -12.810667799999981 ], [ -38.476741599999976, -12.810648799999971 ], [ -38.476732599999941, -12.810641199999974 ], [ -38.476726099999951, -12.810621 ], [ -38.476728799999933, -12.810596899999966 ], [ -38.476735299999973, -12.810583 ], [ -38.476733699999954, -12.810532799999971 ], [ -38.476711899999948, -12.810496 ], [ -38.476684799999923, -12.810477 ], [ -38.476678399999976, -12.810442799999976 ], [ -38.476678499999927, -12.81043019999993 ], [ -38.47665529999994, -12.810413699999977 ], [ -38.476623099999976, -12.810398499999961 ], [ -38.476589599999961, -12.810379399999938 ], [ -38.476563899999974, -12.810359099999973 ], [ -38.476539399999979, -12.810337599999958 ], [ -38.476522699999975, -12.810311 ], [ -38.476521499999933, -12.810287 ], [ -38.47653059999994, -12.81025789999995 ], [ -38.476560299999953, -12.810223799999958 ], [ -38.476572, -12.810193499999974 ], [ -38.476568199999974, -12.810158099999976 ], [ -38.476559199999947, -12.810127699999951 ], [ -38.476543799999952, -12.810099799999927 ], [ -38.476502599999947, -12.810073199999984 ], [ -38.476489699999945, -12.810055499999969 ], [ -38.476489799999968, -12.810030199999975 ], [ -38.476496299999958, -12.81000239999997 ], [ -38.476477, -12.809973299999978 ], [ -38.476441, -12.809942799999924 ], [ -38.476408799999938, -12.80992 ], [ -38.47636109999997, -12.809885799999952 ], [ -38.476331499999958, -12.809868 ], [ -38.476298099999951, -12.809847699999985 ], [ -38.476262, -12.809836199999943 ], [ -38.476225899999974, -12.809834899999961 ], [ -38.476196199999947, -12.809820899999968 ], [ -38.47618209999996, -12.809799399999976 ], [ -38.476189499999975, -12.80977709999998 ], [ -38.476196, -12.809769499999964 ], [ -38.476197399999926, -12.809741699999941 ], [ -38.476183299999953, -12.809687199999923 ], [ -38.476165299999941, -12.809660699999942 ], [ -38.476138299999938, -12.809642899999984 ], [ -38.476095699999973, -12.809622599999971 ], [ -38.476052, -12.809594699999927 ], [ -38.476008199999974, -12.809570599999983 ], [ -38.475965699999961, -12.809549 ], [ -38.475924499999962, -12.809519799999977 ], [ -38.475876899999946, -12.80949059999994 ], [ -38.475847299999941, -12.809465299999935 ], [ -38.475826699999971, -12.809431099999937 ], [ -38.475813899999935, -12.809399399999977 ], [ -38.475794599999972, -12.809371599999961 ], [ -38.475770099999977, -12.809363899999937 ], [ -38.475750799999965, -12.809360099999939 ], [ -38.475728899999986, -12.809339799999986 ], [ -38.475716, -12.809315799999975 ], [ -38.475713499999983, -12.809289199999958 ], [ -38.475695499999972, -12.809261399999977 ], [ -38.475681399999985, -12.809241099999948 ], [ -38.475666, -12.809212 ], [ -38.475650599999945, -12.809182799999974 ], [ -38.475631299999975, -12.809155 ], [ -38.475610699999955, -12.809128399999954 ], [ -38.475598599999955, -12.809104699999981 ], [ -38.475571499999937, -12.809085699999967 ], [ -38.475561199999959, -12.809070499999967 ], [ -38.475557399999964, -12.809055299999946 ], [ -38.47555489999997, -12.809040099999939 ], [ -38.475554899999963, -12.809023699999948 ], [ -38.475539499999968, -12.809000899999935 ], [ -38.475512399999964, -12.808979299999963 ], [ -38.475485399999975, -12.808959 ], [ -38.475459699999938, -12.808929899999947 ], [ -38.475436499999944, -12.808895699999935 ], [ -38.475416, -12.8088691 ], [ -38.475392799999952, -12.808845 ], [ -38.475367099999978, -12.808821 ], [ -38.475341299999975, -12.808798099999938 ], [ -38.475314299999987, -12.808780399999934 ], [ -38.475291099999936, -12.808762599999961 ], [ -38.475271799999973, -12.80873979999995 ], [ -38.475256499999944, -12.808690499999949 ], [ -38.475237199999981, -12.808653799999949 ], [ -38.475208899999984, -12.808628399999984 ], [ -38.47518569999994, -12.808614399999955 ], [ -38.475162599999976, -12.808581499999956 ], [ -38.475135599999938, -12.808515699999919 ], [ -38.475089299999979, -12.808448599999977 ], [ -38.475066199999958, -12.808416899999939 ], [ -38.475048199999954, -12.808394099999919 ], [ -38.475021199999951, -12.80837 ], [ -38.474989, -12.808342099999946 ], [ -38.474963299999963, -12.808319299999942 ], [ -38.474914099999978, -12.808275499999977 ], [ -38.474890899999941, -12.808254 ], [ -38.474871599999986, -12.808233699999962 ], [ -38.474843299999975, -12.808212199999959 ], [ -38.474826599999972, -12.808191899999953 ], [ -38.474809899999968, -12.808162799999929 ], [ -38.474791899999964, -12.808141199999968 ], [ -38.474771299999929, -12.808124699999935 ], [ -38.474741699999988, -12.808109499999945 ], [ -38.474709499999967, -12.808090499999942 ], [ -38.474668299999962, -12.808072699999954 ], [ -38.474590499999977, -12.808060199999932 ], [ -38.474553199999946, -12.808061799999971 ], [ -38.474512599999976, -12.808061699999922 ], [ -38.474468899999977, -12.808072699999965 ], [ -38.474421799999966, -12.808088499999927 ], [ -38.474368199999965, -12.808118599999942 ], [ -38.474335799999949, -12.80814559999993 ], [ -38.474311399999976, -12.808172599999986 ], [ -38.474256199999964, -12.808220199999948 ], [ -38.474212399999949, -12.808240799999965 ], [ -38.47416369999997, -12.808259799999975 ], [ -38.474103699999937, -12.808270799999947 ], [ -38.474058299999967, -12.808273799999943 ], [ -38.474008, -12.808284899999933 ], [ -38.473939899999941, -12.808305399999929 ], [ -38.473879899999936, -12.808318 ], [ -38.4738182, -12.80834809999992 ], [ -38.473764599999981, -12.808386199999969 ], [ -38.473704599999962, -12.808421 ], [ -38.473613399999977, -12.808480299999925 ], [ -38.47356469999994, -12.808521499999936 ], [ -38.473530599999954, -12.808550099999936 ], [ -38.473481899999975, -12.808559499999941 ], [ -38.473446199999948, -12.808577 ], [ -38.473415399999972, -12.808611899999967 ], [ -38.473371399999962, -12.80866589999993 ], [ -38.4733179, -12.808711899999926 ], [ -38.473220399999946, -12.808784799999952 ], [ -38.473145799999934, -12.808834 ], [ -38.473103499999979, -12.808891099999917 ], [ -38.47303949999997, -12.809207699999936 ], [ -38.47297019999997, -12.809440199999923 ], [ -38.472929199999953, -12.809712199999987 ], [ -38.472934499999958, -12.80996159999995 ], [ -38.472945699999968, -12.810126 ], [ -38.472945299999942, -12.810290399999914 ], [ -38.472921799999945, -12.81050569999995 ], [ -38.472898199999975, -12.810704099999972 ], [ -38.472857, -12.810884499999945 ], [ -38.472836199999961, -12.811123 ], [ -38.472827799999955, -12.811309799999943 ], [ -38.472823399999982, -12.811456799999981 ], [ -38.472822899999983, -12.81167549999998 ], [ -38.472782299999949, -12.811746899999944 ], [ -38.472725299999979, -12.811854099999954 ], [ -38.472733299999959, -12.811905799999979 ], [ -38.472757499999936, -12.811961499999956 ], [ -38.472761399999975, -12.812037 ], [ -38.472761299999945, -12.8121126 ], [ -38.472744899999952, -12.812176099999936 ], [ -38.472659599999929, -12.812251499999959 ], [ -38.472659499999963, -12.812307099999945 ], [ -38.472622899999976, -12.812386499999953 ], [ -38.472566099999938, -12.812434099999964 ], [ -38.47253459999996, -12.812537599999937 ], [ -38.472497299999937, -12.812699199999944 ], [ -38.472437399999926, -12.81283009999993 ], [ -38.472397399999977, -12.812924799999958 ], [ -38.472365799999984, -12.813086399999987 ], [ -38.472325899999923, -12.813209699999961 ], [ -38.472311899999958, -12.813276099999925 ], [ -38.47231179999995, -12.813325 ], [ -38.472297699999949, -12.813360099999965 ], [ -38.472269799999935, -12.81338749999998 ], [ -38.472255699999955, -12.813444099999961 ], [ -38.472251599999929, -12.813498799999921 ], [ -38.472265499999935, -12.813530099999973 ], [ -38.472271399999954, -12.813555499999945 ], [ -38.472269299999944, -12.813592699999946 ], [ -38.472227399999952, -12.813633599999951 ], [ -38.472183499999971, -12.81365509999995 ], [ -38.472119699999951, -12.813688199999948 ], [ -38.472095699999961, -12.813715499999935 ], [ -38.472075699999955, -12.813746699999971 ], [ -38.472053799999969, -12.813772099999941 ], [ -38.472031799999961, -12.813779799999971 ], [ -38.471994, -12.813785599999965 ], [ -38.471934199999964, -12.813799199999947 ], [ -38.471840099999952, -12.813823399999928 ], [ -38.471742399999982, -12.813864299999972 ], [ -38.471666599999942, -12.813914899999927 ], [ -38.471588699999984, -12.814006599999949 ], [ -38.471538799999969, -12.814043699999937 ], [ -38.471494899999982, -12.814067 ], [ -38.471465, -12.814072799999957 ], [ -38.471423099999981, -12.81407469999994 ], [ -38.471387199999981, -12.814084399999974 ], [ -38.47136729999994, -12.814107799999913 ], [ -38.471339299999954, -12.814139 ], [ -38.471293399999986, -12.814164299999948 ], [ -38.471259499999974, -12.814158399999943 ], [ -38.471233699999971, -12.814142699999929 ], [ -38.471203799999955, -12.814134899999937 ], [ -38.47114, -12.814142499999949 ], [ -38.471096099999954, -12.814167899999978 ], [ -38.471044299999967, -12.814189299999962 ], [ -38.470982499999934, -12.814202799999972 ], [ -38.470920699999972, -12.814234 ], [ -38.470884699999942, -12.814267099999924 ], [ -38.470854699999961, -12.814317899999947 ], [ -38.470834699999955, -12.814349099999962 ], [ -38.470804799999939, -12.8143588 ], [ -38.470687499999947, -12.81435779999997 ], [ -38.470619799999959, -12.814382299999973 ], [ -38.470529499999941, -12.814416499999945 ], [ -38.470459299999959, -12.814433599999973 ], [ -38.470386599999983, -12.814455499999944 ], [ -38.470283899999963, -12.814462699999961 ], [ -38.470223799999985, -12.814447899999957 ], [ -38.470173699999982, -12.814418299999945 ], [ -38.470126199999974, -12.814386199999952 ], [ -38.470076099999972, -12.814361499999976 ], [ -38.470018599999953, -12.814327 ], [ -38.469981099999984, -12.814295 ], [ -38.469938599999978, -12.814250699999951 ], [ -38.469898599999965, -12.814191599999955 ], [ -38.469861099999953, -12.814152199999967 ], [ -38.469833699999974, -12.814100499999945 ], [ -38.469813799999947, -12.814039099999952 ], [ -38.469793799999941, -12.81397269999996 ], [ -38.469756399999937, -12.813916099999979 ], [ -38.469723899999963, -12.813866799999962 ], [ -38.469681399999963, -12.813812699999987 ], [ -38.469631499999942, -12.813756099999974 ], [ -38.469583899999982, -12.81371169999993 ], [ -38.469533899999931, -12.813669799999957 ], [ -38.46945889999995, -12.813615599999915 ], [ -38.469364199999973, -12.813549099999934 ], [ -38.469307, -12.813527699999947 ], [ -38.469252699999977, -12.813526099999933 ], [ -38.469214, -12.813521399999965 ], [ -38.469166, -12.813516799999936 ], [ -38.469113399999983, -12.813513599999967 ], [ -38.469060699999943, -12.813515 ], [ -38.469012599999985, -12.813522499999969 ], [ -38.468959899999959, -12.813540699999985 ], [ -38.468897899999945, -12.813574 ], [ -38.468874599999928, -12.813601299999974 ], [ -38.468856, -12.813630099999944 ], [ -38.468841899999973, -12.813662 ], [ -38.468824799999943, -12.813712099999986 ], [ -38.468806099999931, -12.813748499999971 ], [ -38.468782799999929, -12.813778899999926 ], [ -38.468758, -12.813807699999938 ], [ -38.4687254, -12.81383959999995 ], [ -38.468692799999985, -12.813877499999927 ], [ -38.468663299999953, -12.813912399999932 ], [ -38.468600399999957, -12.813981899999916 ], [ -38.468528399999968, -12.814098399999981 ], [ -38.468473599999982, -12.81421 ], [ -38.4684263, -12.814333899999943 ], [ -38.46841859999995, -12.814432 ], [ -38.468415899999975, -12.814565599999979 ], [ -38.468435399999983, -12.814677399999939 ], [ -38.468465, -12.814762499999961 ], [ -38.468489499999983, -12.814871899999966 ], [ -38.468536399999948, -12.81494489999994 ], [ -38.468571, -12.814991199999964 ], [ -38.468593299999952, -12.81501549999996 ], [ -38.468625499999966, -12.815025299999942 ], [ -38.468667599999947, -12.815027799999939 ], [ -38.468699799999968, -12.815032699999946 ], [ -38.46873439999996, -12.815054699999976 ], [ -38.468751699999984, -12.815081399999944 ], [ -38.46877139999998, -12.815110599999974 ], [ -38.468801099999951, -12.815161699999976 ], [ -38.468850399999951, -12.815237199999951 ], [ -38.468951799999957, -12.815341799999933 ], [ -38.469026, -12.815390599999933 ], [ -38.469191899999949, -12.815439499999972 ], [ -38.46931879999994, -12.815447399999936 ], [ -38.469410399999958, -12.815459699999959 ], [ -38.469507, -12.81546229999997 ], [ -38.469611, -12.815462499999974 ], [ -38.469672899999978, -12.815462699999953 ], [ -38.469715, -12.815462699999951 ], [ -38.469782, -12.81546289999995 ], [ -38.469841399999957, -12.815446 ], [ -38.469876099999965, -12.815446099999985 ], [ -38.469913199999958, -12.81545829999993 ], [ -38.469970099999955, -12.8154997 ], [ -38.470014599999963, -12.815550799999919 ], [ -38.470017, -12.81558 ], [ -38.470009499999946, -12.815611599999954 ], [ -38.469979799999976, -12.815626099999976 ], [ -38.469940099999974, -12.815633299999956 ], [ -38.469907899999953, -12.815633199999986 ], [ -38.469860899999958, -12.815618599999949 ], [ -38.469786599999964, -12.815625699999936 ], [ -38.469737, -12.815640199999951 ], [ -38.469702199999972, -12.815664399999953 ], [ -38.469667599999973, -12.815676499999933 ], [ -38.469565899999964, -12.815693299999944 ], [ -38.469367699999964, -12.815739099999972 ], [ -38.469342599999948, -12.815752299999943 ], [ -38.469322799999929, -12.815786299999964 ], [ -38.469307799999974, -12.81581539999995 ], [ -38.469283, -12.815832399999984 ], [ -38.469243299999967, -12.815851699999936 ], [ -38.469168899999936, -12.815890499999986 ], [ -38.469104399999935, -12.815926799999934 ], [ -38.46905739999994, -12.815953399999955 ], [ -38.469007699999963, -12.81598739999991 ], [ -38.468958099999945, -12.816011599999982 ], [ -38.468896199999953, -12.816026 ], [ -38.4688144, -12.816030699999931 ], [ -38.46875, -12.8160306 ], [ -38.468675699999949, -12.816042599999944 ], [ -38.468616199999929, -12.816047299999973 ], [ -38.468539399999941, -12.816052 ], [ -38.468457699999924, -12.81605179999997 ], [ -38.468405599999983, -12.816051699999958 ], [ -38.46835109999995, -12.8160468 ], [ -38.468284299999937, -12.816046599999938 ], [ -38.4682, -12.81605129999998 ], [ -38.468105899999955, -12.816051099999969 ], [ -38.468019199999958, -12.816051 ], [ -38.467959799999953, -12.816033799999966 ], [ -38.4679053, -12.816007 ], [ -38.467860799999983, -12.815989899999968 ], [ -38.467818699999945, -12.815963099999967 ], [ -38.467799, -12.815938699999929 ], [ -38.467779199999939, -12.815912 ], [ -38.467737099999979, -12.815887599999945 ], [ -38.467697499999929, -12.815863199999955 ], [ -38.467665399999937, -12.815829099999963 ], [ -38.467658099999944, -12.815785399999973 ], [ -38.467655699999973, -12.815746499999925 ], [ -38.467633499999977, -12.815714799999983 ], [ -38.467596299999968, -12.8157002 ], [ -38.467539299999942, -12.815700099999955 ], [ -38.467487299999966, -12.8157 ], [ -38.467432799999983, -12.815699899999972 ], [ -38.467385799999938, -12.815694899999906 ], [ -38.467368499999964, -12.815675399999979 ], [ -38.467403199999978, -12.815636599999936 ], [ -38.467423099999969, -12.815607499999931 ], [ -38.467425699999978, -12.815551599999919 ], [ -38.467406, -12.815500599999945 ], [ -38.467386199999964, -12.815483499999985 ], [ -38.46738629999993, -12.815442199999957 ], [ -38.467388899999946, -12.815403299999959 ], [ -38.467389, -12.815354699999945 ], [ -38.467374199999931, -12.815308499999968 ], [ -38.467352, -12.815267199999937 ], [ -38.467306399999984, -12.815200199999945 ], [ -38.467284299999967, -12.815144299999913 ], [ -38.467284399999983, -12.815093299999956 ], [ -38.467301799999973, -12.815054399999957 ], [ -38.467304399999939, -12.815015499999951 ], [ -38.467289699999988, -12.814932899999976 ], [ -38.46727, -12.814852699999964 ], [ -38.46723789999993, -12.814811299999983 ], [ -38.467200799999944, -12.814772299999952 ], [ -38.467146399999926, -12.814738199999956 ], [ -38.467149, -12.81468959999996 ], [ -38.46713909999994, -12.814658 ], [ -38.467111899999956, -12.814638499999957 ], [ -38.467074799999978, -12.814621399999966 ], [ -38.467050099999945, -12.814601899999939 ], [ -38.467045199999973, -12.814565499999965 ], [ -38.467010699999953, -12.81448519999997 ], [ -38.467000799999937, -12.814460899999968 ], [ -38.46697869999997, -12.814402599999944 ], [ -38.46693659999994, -12.814380599999927 ], [ -38.466872199999955, -12.814356199999949 ], [ -38.466780799999988, -12.814273399999934 ], [ -38.466721799999952, -12.814199199999964 ], [ -38.466697599999982, -12.814158699999957 ], [ -38.466678299999963, -12.814132599999942 ], [ -38.466666299999936, -12.81409449999996 ], [ -38.466666399999951, -12.814051799999946 ], [ -38.466644699999961, -12.813999499999953 ], [ -38.4666036, -12.813959 ], [ -38.466567399999974, -12.813921 ], [ -38.466531099999941, -12.813878099999952 ], [ -38.466492499999958, -12.81384 ], [ -38.466422399999942, -12.813754399999928 ], [ -38.466383799999953, -12.813706799999968 ], [ -38.466333, -12.813661599999941 ], [ -38.466294399999981, -12.813623499999949 ], [ -38.466277499999933, -12.813585499999938 ], [ -38.466253399999971, -12.8135498 ], [ -38.466238899999951, -12.813502199999949 ], [ -38.466156799999958, -12.813435599999952 ], [ -38.466125299999923, -12.813399899999981 ], [ -38.466103599999947, -12.813364199999979 ], [ -38.466057699999972, -12.813309499999958 ], [ -38.466016699999955, -12.813264299999956 ], [ -38.465975599999986, -12.813204799999927 ], [ -38.465958699999931, -12.813173899999979 ], [ -38.465929699999954, -12.813154799999934 ], [ -38.465907899999941, -12.813145299999981 ], [ -38.465886099999977, -12.81315 ], [ -38.465876399999956, -12.81317849999995 ], [ -38.465854499999978, -12.813228299999949 ], [ -38.465842299999963, -12.813275799999925 ], [ -38.465803499999936, -12.813320799999916 ], [ -38.465691699999972, -12.813503499999975 ], [ -38.465665, -12.813551 ], [ -38.465656599999932, -12.813563599999961 ], [ -38.465641599999977, -12.8136125 ], [ -38.465594199999941, -12.813887099999937 ], [ -38.465599, -12.814090499999962 ], [ -38.465690299999949, -12.814218299999951 ], [ -38.465693599999952, -12.814223 ], [ -38.4658252, -12.814331 ], [ -38.465958599999972, -12.814440599999942 ], [ -38.466102499999984, -12.814590199999936 ], [ -38.466199899999935, -12.814691399999941 ], [ -38.466308799999986, -12.814913799999943 ], [ -38.466370299999937, -12.815221499999948 ], [ -38.466341899999975, -12.815467499999954 ], [ -38.466285099999943, -12.81561889999996 ], [ -38.466119499999934, -12.815836599999942 ], [ -38.46604849999995, -12.815873499999967 ], [ -38.466000199999939, -12.8158928 ], [ -38.465951699999941, -12.815921199999943 ], [ -38.465946599999938, -12.815926599999948 ], [ -38.46589239999998, -12.815954899999946 ], [ -38.465826099999965, -12.816068499999973 ], [ -38.465835599999942, -12.816158299999923 ], [ -38.465934899999986, -12.816253 ], [ -38.466100599999947, -12.816413799999959 ], [ -38.466157299999963, -12.816494299999919 ], [ -38.466204699999935, -12.816593799999955 ], [ -38.466204699999942, -12.816678799999979 ], [ -38.466143199999976, -12.816745099999929 ], [ -38.466029599999956, -12.816764 ], [ -38.465797699999946, -12.816801899999968 ], [ -38.465692899999965, -12.816839499999954 ], [ -38.46561319999995, -12.816868099999972 ], [ -38.4655327, -12.816929599999982 ], [ -38.465518599999932, -12.817043199999953 ], [ -38.465531399999975, -12.817074399999965 ], [ -38.465551699999935, -12.817123599999942 ], [ -38.465608399999951, -12.8171662 ], [ -38.465736199999981, -12.817189899999974 ], [ -38.465944399999955, -12.817189899999951 ], [ -38.466039, -12.817218299999988 ], [ -38.466062699999959, -12.817265699999957 ], [ -38.466058, -12.817355499999959 ], [ -38.466018099999978, -12.817421899999934 ], [ -38.466002599999968, -12.817433299999927 ], [ -38.465864, -12.817506899999952 ], [ -38.46578349999993, -12.817568399999965 ], [ -38.465726699999955, -12.817639399999953 ], [ -38.465665199999933, -12.817781399999939 ], [ -38.465651, -12.817909099999961 ], [ -38.465575299999962, -12.818027399999956 ], [ -38.465499099999931, -12.81809249999997 ], [ -38.465414399999922, -12.818164699999938 ], [ -38.46534819999993, -12.818292399999967 ], [ -38.46534349999996, -12.818443799999939 ], [ -38.465329299999951, -12.818604699999975 ], [ -38.465300899999932, -12.818675699999986 ], [ -38.465187299999961, -12.818779799999959 ], [ -38.465083199999988, -12.818921799999941 ], [ -38.465031099999983, -12.8190069 ], [ -38.464988599999977, -12.819115799999961 ], [ -38.464974399999967, -12.819267199999947 ], [ -38.464967799999954, -12.819292499999955 ], [ -38.464946, -12.819376 ], [ -38.464856099999963, -12.819546499999959 ], [ -38.464856099999963, -12.819579499999971 ], [ -38.464879699999983, -12.819669399999942 ], [ -38.464974399999953, -12.819787799999977 ], [ -38.4649649, -12.819882399999935 ], [ -38.464856099999963, -12.819943899999942 ], [ -38.464766199999922, -12.8199959 ], [ -38.464709399999947, -12.820109599999958 ], [ -38.464709399999947, -12.820242 ], [ -38.464723599999957, -12.820582799999961 ], [ -38.46472829999994, -12.820824 ], [ -38.464752, -12.820947 ], [ -38.464813499999934, -12.821103299999946 ], [ -38.464813499999934, -12.821226199999964 ], [ -38.464770899999962, -12.821354 ], [ -38.464709399999947, -12.821434399999925 ], [ -38.464676299999951, -12.82155279999996 ], [ -38.464699899999978, -12.821680499999953 ], [ -38.464752, -12.821803499999916 ], [ -38.464804, -12.822324 ], [ -38.464761399999922, -12.822541699999936 ], [ -38.46461469999997, -12.822811399999987 ], [ -38.464558, -12.822887099999953 ], [ -38.46449639999998, -12.822939199999949 ], [ -38.464373399999943, -12.822986499999949 ], [ -38.464217299999973, -12.823010199999942 ], [ -38.464099, -12.823033799999978 ], [ -38.464009099999949, -12.823085899999954 ], [ -38.463867099999959, -12.823204199999971 ], [ -38.463758299999938, -12.82329409999994 ], [ -38.463625799999932, -12.823407599999934 ], [ -38.463587899999936, -12.823502399999953 ], [ -38.463597399999976, -12.823620599999954 ], [ -38.463710899999974, -12.82398489999996 ], [ -38.463767699999948, -12.824202599999969 ], [ -38.463786699999964, -12.824358899999924 ], [ -38.463791399999934, -12.824642699999961 ], [ -38.46383869999994, -12.825106399999985 ], [ -38.463900199999955, -12.825361899999958 ], [ -38.463915699999973, -12.825418899999923 ], [ -38.463942799999984, -12.825518099999943 ], [ -38.464028, -12.825731 ], [ -38.464099499999975, -12.825932199999952 ], [ -38.46410369999996, -12.825944 ], [ -38.46419359999993, -12.826478699999921 ], [ -38.464209499999981, -12.82657379999994 ], [ -38.46424559999997, -12.826791 ], [ -38.464297699999975, -12.827065399999972 ], [ -38.464411299999938, -12.827387199999972 ], [ -38.464427899999976, -12.827444799999967 ], [ -38.464463299999984, -12.827567 ], [ -38.464482199999971, -12.827675799999932 ], [ -38.46449639999998, -12.827832099999958 ], [ -38.46447749999993, -12.827969199999931 ], [ -38.464430199999981, -12.828092299999987 ], [ -38.464311099999968, -12.828299399999951 ], [ -38.464253199999966, -12.828389399999924 ], [ -38.464238199999954, -12.828412799999963 ], [ -38.464227299999955, -12.828429699999949 ], [ -38.464199299999962, -12.828606799999925 ], [ -38.464218, -12.828718499999987 ], [ -38.464245899999973, -12.828942 ], [ -38.464208599999949, -12.829100299999944 ], [ -38.4640783, -12.829277299999948 ], [ -38.463994399999933, -12.829351799999923 ], [ -38.463845399999968, -12.829389 ], [ -38.463810699999947, -12.829394199999964 ], [ -38.463659099999973, -12.829417 ], [ -38.463277299999959, -12.829472799999969 ], [ -38.463044499999974, -12.829510099999933 ], [ -38.462839599999931, -12.8295846 ], [ -38.462709199999949, -12.829649799999984 ], [ -38.462616, -12.829724299999963 ], [ -38.46257879999996, -12.829770899999984 ], [ -38.462457699999966, -12.829957099999943 ], [ -38.462262099999982, -12.83012479999995 ], [ -38.462094499999971, -12.830236599999981 ], [ -38.461913899999956, -12.83029679999993 ], [ -38.461843, -12.830320399999961 ], [ -38.461647399999954, -12.830385599999934 ], [ -38.461479799999957, -12.83042279999996 ], [ -38.461312199999952, -12.830488 ], [ -38.461079299999945, -12.830618399999931 ], [ -38.460874399999973, -12.830692899999967 ], [ -38.460525799999971, -12.830806199999925 ], [ -38.46050189999994, -12.830814 ], [ -38.459952399999963, -12.830953699999956 ], [ -38.45948669999995, -12.831084099999954 ], [ -38.459114199999938, -12.831177199999946 ], [ -38.45877889999997, -12.831251699999941 ], [ -38.45852739999998, -12.831326199999962 ], [ -38.458313199999964, -12.831419399999941 ], [ -38.457977899999953, -12.83156839999997 ], [ -38.457726499999978, -12.831680099999978 ], [ -38.457568099999946, -12.831791899999923 ], [ -38.457419099999981, -12.831913 ], [ -38.457102099999936, -12.832217299999954 ], [ -38.457055899999943, -12.832267 ], [ -38.457055899999951, -12.83241589999994 ], [ -38.457065199999938, -12.832602199999947 ], [ -38.457121099999938, -12.832825699999932 ], [ -38.457185199999969, -12.832953899999968 ], [ -38.45721419999996, -12.833012 ], [ -38.457271299999952, -12.833112799999988 ], [ -38.457560099999966, -12.833665099999957 ], [ -38.457657899999958, -12.833899699999971 ], [ -38.457785399999977, -12.834205799999948 ], [ -38.457912699999959, -12.834511399999949 ], [ -38.458154899999961, -12.83582459999996 ], [ -38.45820149999998, -12.836616299999941 ], [ -38.458173499999937, -12.836895699999964 ], [ -38.45814739999998, -12.836984 ], [ -38.458099, -12.837147099999978 ], [ -38.45808459999995, -12.837182199999971 ], [ -38.458052899999984, -12.837259599999976 ], [ -38.457965099999967, -12.837473599999935 ], [ -38.45795, -12.837510399999923 ], [ -38.457948299999941, -12.837513499999934 ], [ -38.457884799999931, -12.837631399999959 ], [ -38.457884, -12.837635199999964 ], [ -38.457877199999984, -12.837665599999985 ], [ -38.457847499999964, -12.837799099999941 ], [ -38.457782399999985, -12.83794809999995 ], [ -38.457689199999955, -12.838004 ], [ -38.45753689999998, -12.838062799999937 ], [ -38.457413899999956, -12.838110199999964 ], [ -38.457214199999953, -12.838162299999953 ], [ -38.456972099999973, -12.838227499999965 ], [ -38.456850499999966, -12.838221699999959 ], [ -38.456776499999933, -12.838218199999977 ], [ -38.456732399999957, -12.838212099999947 ], [ -38.456726499999945, -12.838211299999953 ], [ -38.456441199999979, -12.838171599999956 ], [ -38.45636049999996, -12.838166699999928 ], [ -38.456133899999941, -12.838153 ], [ -38.456064, -12.838157699999968 ], [ -38.456013799999944, -12.838161 ], [ -38.455994199999971, -12.838162299999968 ], [ -38.455972, -12.83817179999995 ], [ -38.455863799999982, -12.838218199999975 ], [ -38.455640299999978, -12.838357899999952 ], [ -38.45546329999997, -12.838385799999976 ], [ -38.455304599999984, -12.838373599999944 ], [ -38.455221199999976, -12.838367199999926 ], [ -38.455081499999956, -12.838395099999962 ], [ -38.455055099999981, -12.838416 ], [ -38.4550402, -12.838427699999963 ], [ -38.454904499999941, -12.838534799999923 ], [ -38.454801499999967, -12.838653699999949 ], [ -38.454783399999947, -12.83867459999993 ], [ -38.454653, -12.838898099999941 ], [ -38.454578499999968, -12.839130899999921 ], [ -38.454551899999963, -12.839299499999987 ], [ -38.454550599999962, -12.839307899999922 ], [ -38.454578499999975, -12.839475499999951 ], [ -38.454643699999963, -12.839568599999934 ], [ -38.454803399999953, -12.839735599999932 ], [ -38.454839399999976, -12.83977319999995 ], [ -38.454848599999927, -12.839782899999943 ], [ -38.455249099999939, -12.840127499999928 ], [ -38.455365899999954, -12.840248299999908 ], [ -38.455449, -12.840334199999965 ], [ -38.455519199999969, -12.840406899999968 ], [ -38.455560199999972, -12.840518099999928 ], [ -38.455584399999964, -12.840584 ], [ -38.455575099999983, -12.840742099999938 ], [ -38.455528499999964, -12.84092839999995 ], [ -38.455518099999956, -12.840961 ], [ -38.45546329999997, -12.841133299999965 ], [ -38.455396499999949, -12.841274499999948 ], [ -38.455359899999969, -12.841351799999931 ], [ -38.455294, -12.84149109999991 ], [ -38.45517, -12.84183449999993 ], [ -38.455017399999981, -12.842139599999943 ], [ -38.454883899999977, -12.84233989999994 ], [ -38.454688399999959, -12.842578299999953 ], [ -38.454483299999936, -12.842764299999937 ], [ -38.454368899999963, -12.842850099999964 ], [ -38.454273499999942, -12.842897799999948 ], [ -38.454106599999939, -12.842955099999921 ], [ -38.453844399999973, -12.843017 ], [ -38.453763299999935, -12.843055199999988 ], [ -38.45371559999996, -12.843112399999946 ], [ -38.453653599999939, -12.843198199999955 ], [ -38.45357259999998, -12.843355599999947 ], [ -38.453535, -12.843428799999973 ], [ -38.453477199999952, -12.843541599999961 ], [ -38.453291199999967, -12.843889699999989 ], [ -38.45311959999998, -12.844218699999962 ], [ -38.452976499999977, -12.844428499999939 ], [ -38.452781, -12.844576299999972 ], [ -38.452485299999985, -12.844781399999919 ], [ -38.452274, -12.84486049999998 ], [ -38.452072599999958, -12.844931599999938 ], [ -38.451752699999929, -12.845014499999914 ], [ -38.451515699999959, -12.845061899999969 ], [ -38.451397299999947, -12.845144799999959 ], [ -38.451195799999937, -12.845263299999933 ], [ -38.451127, -12.845318399999918 ], [ -38.451044499999973, -12.845384299999987 ], [ -38.451031199999939, -12.845395 ], [ -38.451024599999982, -12.845400299999929 ], [ -38.451019199999962, -12.845404599999945 ], [ -38.451017899999954, -12.84540569999996 ], [ -38.450852299999951, -12.845583199999972 ], [ -38.450639, -12.845689799999954 ], [ -38.450628499999944, -12.845695 ], [ -38.450354699999934, -12.845832 ], [ -38.450166699999954, -12.84561859999997 ], [ -38.450087599999968, -12.845528899999982 ], [ -38.4500556, -12.845492599999941 ], [ -38.447850399999936, -12.842990099999957 ], [ -38.447520899999972, -12.842616099999921 ], [ -38.447366599999953, -12.842307499999947 ], [ -38.44738719999998, -12.842122399999939 ], [ -38.447376899999938, -12.841968 ], [ -38.447356299999967, -12.841793099999951 ], [ -38.447337399999981, -12.841759599999945 ], [ -38.447263699999944, -12.841628499999977 ], [ -38.447037399999942, -12.841381599999968 ], [ -38.446713299999949, -12.841105299999985 ], [ -38.446571899999988, -12.840970799999965 ], [ -38.446430399999947, -12.84083639999993 ], [ -38.44622459999993, -12.840743799999906 ], [ -38.446080599999959, -12.840723199999948 ], [ -38.445905699999969, -12.840733499999944 ], [ -38.445749299999932, -12.840662799999942 ], [ -38.44550449999997, -12.84050719999993 ], [ -38.445267899999983, -12.84044539999997 ], [ -38.4448872, -12.840363099999939 ], [ -38.444527199999989, -12.840363099999934 ], [ -38.444414, -12.840363099999921 ], [ -38.444300799999951, -12.840363099999921 ], [ -38.444074499999942, -12.840270499999987 ], [ -38.443839699999963, -12.840235299999957 ], [ -38.443784899999969, -12.840227099999922 ], [ -38.443771499999976, -12.840225099999936 ], [ -38.44331319999997, -12.840116199999933 ], [ -38.4432968, -12.840108 ], [ -38.443181599999946, -12.840050399999935 ], [ -38.443066299999941, -12.839992799999939 ], [ -38.44224329999998, -12.839838499999921 ], [ -38.441767899999938, -12.83977119999996 ], [ -38.441348299999966, -12.839673799999936 ], [ -38.441060199999981, -12.839632699999958 ], [ -38.440875, -12.839684099999932 ], [ -38.440853299999958, -12.839694199999919 ], [ -38.440741299999956, -12.839745899999974 ], [ -38.440432699999974, -12.840095599999918 ], [ -38.440288599999967, -12.840280799999968 ], [ -38.439774199999931, -12.840980399999967 ], [ -38.439486199999976, -12.841227299999964 ], [ -38.438982099999983, -12.841741699999943 ], [ -38.43873519999994, -12.841865099999936 ], [ -38.43712, -12.843037899999969 ], [ -38.437006899999972, -12.843099699999987 ], [ -38.436708499999952, -12.843109899999941 ], [ -38.436451299999931, -12.843151099999938 ], [ -38.436235299999964, -12.843274499999936 ], [ -38.436060399999974, -12.843480299999971 ], [ -38.435844299999985, -12.843768399999925 ], [ -38.435772299999947, -12.843974099999956 ], [ -38.435751199999963, -12.844047799999945 ], [ -38.435710599999943, -12.844221 ], [ -38.435628299999969, -12.844416499999953 ], [ -38.435566599999959, -12.844529599999927 ], [ -38.435510799999975, -12.844584399999976 ], [ -38.435381399999983, -12.844694299999951 ], [ -38.435268199999946, -12.844858899999963 ], [ -38.435124199999969, -12.845136599999938 ], [ -38.435106699999949, -12.845213399999965 ], [ -38.435083, -12.845363 ], [ -38.435062499999965, -12.845599599999947 ], [ -38.434990499999962, -12.845723 ], [ -38.434877299999982, -12.845795 ], [ -38.434743599999933, -12.845825899999952 ], [ -38.434198299999935, -12.845784799999919 ], [ -38.434041, -12.845801299999939 ], [ -38.43400279999998, -12.845805299999924 ], [ -38.433982399999934, -12.84580849999997 ], [ -38.433601599999974, -12.845867099999973 ], [ -38.433406199999979, -12.845959599999967 ], [ -38.433314799999955, -12.846008799999932 ], [ -38.433004899999958, -12.846175699999932 ], [ -38.432819799999947, -12.846350599999948 ], [ -38.432673199999961, -12.846565599999957 ], [ -38.432642199999975, -12.846609299999942 ], [ -38.432589499999949, -12.846703499999927 ], [ -38.432572799999939, -12.846731199999972 ], [ -38.43251109999995, -12.84679289999996 ], [ -38.432398, -12.846865 ], [ -38.431626399999971, -12.847142699999962 ], [ -38.430968, -12.847276499999966 ], [ -38.430466599999939, -12.847300499999958 ], [ -38.430289, -12.847297 ], [ -38.42992889999995, -12.847297 ], [ -38.429682, -12.84733819999996 ], [ -38.429157299999929, -12.847636499999975 ], [ -38.4290544, -12.847729099999976 ], [ -38.428963899999978, -12.847847 ], [ -38.428910599999938, -12.847916499999947 ], [ -38.428796199999972, -12.848065499999954 ], [ -38.42861209999996, -12.848305199999968 ], [ -38.428437199999969, -12.848541899999926 ], [ -38.428262299999972, -12.8487373 ], [ -38.4281491, -12.849046 ], [ -38.428077099999939, -12.84936489999995 ], [ -38.428108, -12.849858699999954 ], [ -38.428149099999985, -12.850434799999963 ], [ -38.428241699999951, -12.850928599999982 ], [ -38.428416599999935, -12.851432699999982 ], [ -38.428725199999981, -12.851967699999944 ], [ -38.428859, -12.852255699999926 ], [ -38.428848699999953, -12.85247179999994 ], [ -38.428817799999941, -12.852729 ], [ -38.428735499999952, -12.853150799999973 ], [ -38.428732899999943, -12.853182399999978 ], [ -38.428694399999983, -12.85364459999994 ], [ -38.428691899999933, -12.85390679999996 ], [ -38.428690599999989, -12.854043299999935 ], [ -38.428629899999969, -12.854294899999955 ], [ -38.428629899999976, -12.854546499999973 ], [ -38.428655899999967, -12.854850199999946 ], [ -38.428794699999976, -12.855258 ], [ -38.428942199999938, -12.855613699999937 ], [ -38.429141699999953, -12.856030099999927 ], [ -38.429211099999968, -12.856255699999963 ], [ -38.429245799999926, -12.856472599999975 ], [ -38.429291599999942, -12.857005399999917 ], [ -38.429291699999972, -12.857006899999925 ], [ -38.429368899999929, -12.857539699999959 ], [ -38.429361299999989, -12.857596399999984 ], [ -38.429343499999966, -12.857727899999919 ], [ -38.429330299999947, -12.857825299999941 ], [ -38.429260799999952, -12.858049199999968 ], [ -38.429199099999948, -12.858165 ], [ -38.429029199999952, -12.858265399999929 ], [ -38.428913399999949, -12.858342599999958 ], [ -38.428751299999931, -12.858427499999943 ], [ -38.428604599999971, -12.858458399999964 ], [ -38.428450199999929, -12.858443 ], [ -38.428195399999943, -12.858381199999952 ], [ -38.427932899999973, -12.85825769999998 ], [ -38.427631799999979, -12.858103299999968 ], [ -38.427176299999985, -12.857879399999945 ], [ -38.42690609999994, -12.857732699999929 ], [ -38.426566299999934, -12.857547399999932 ], [ -38.426435099999935, -12.857493299999929 ], [ -38.42617259999998, -12.85741609999997 ], [ -38.425871499999971, -12.857315799999984 ], [ -38.425647599999941, -12.85723859999997 ], [ -38.425462299999936, -12.857138199999957 ], [ -38.425448599999982, -12.857130499999924 ], [ -38.425376399999955, -12.857089899999931 ], [ -38.425215199999968, -12.856999199999958 ], [ -38.425068499999952, -12.856945199999942 ], [ -38.424752, -12.856852499999947 ], [ -38.424481799999967, -12.856752199999962 ], [ -38.424296499999969, -12.8566595 ], [ -38.42402619999995, -12.856481899999942 ], [ -38.423794599999958, -12.856335199999918 ], [ -38.423586199999932, -12.856250299999948 ], [ -38.423339099999971, -12.85619629999997 ], [ -38.4231152, -12.856149899999927 ], [ -38.422968499999975, -12.856126799999959 ], [ -38.422783199999969, -12.856111299999966 ], [ -38.422693299999935, -12.856159 ], [ -38.422652, -12.856180799999938 ], [ -38.42252069999995, -12.856366099999926 ], [ -38.422389499999959, -12.856528299999974 ], [ -38.422219599999949, -12.856705799999938 ], [ -38.421872199999932, -12.856999199999965 ], [ -38.421602, -12.857207699999954 ], [ -38.421316299999944, -12.857292599999957 ], [ -38.421312499999935, -12.857293299999977 ], [ -38.421310199999937, -12.857293699999962 ], [ -38.421280899999942, -12.857299 ], [ -38.421139099999948, -12.85732479999994 ], [ -38.421017099999979, -12.857347 ], [ -38.420961299999938, -12.857357199999983 ], [ -38.42089169999997, -12.85736979999996 ], [ -38.420829899999937, -12.85742 ], [ -38.420768099999975, -12.857470199999966 ], [ -38.420767, -12.857473499999978 ], [ -38.420710299999932, -12.857634199999959 ], [ -38.420701799999968, -12.857697799999922 ], [ -38.420693299999989, -12.857761499999965 ], [ -38.420693299999975, -12.857965099999948 ], [ -38.420728599999968, -12.858240199999946 ], [ -38.420735699999966, -12.858296 ], [ -38.420769699999944, -12.858516699999951 ], [ -38.420748499999945, -12.858627 ], [ -38.420727299999953, -12.858737299999964 ], [ -38.420633899999977, -12.858940899999952 ], [ -38.420540599999981, -12.859161499999972 ], [ -38.420404799999972, -12.859382099999948 ], [ -38.420167199999987, -12.859687599999987 ], [ -38.420118799999955, -12.859755799999945 ], [ -38.420037, -12.859871199999938 ], [ -38.419980599999974, -12.859950699999953 ], [ -38.41991359999998, -12.860078 ], [ -38.419867699999948, -12.860165299999945 ], [ -38.41986129999998, -12.860183799999952 ], [ -38.419829199999988, -12.860277099999953 ], [ -38.419819099999977, -12.860306399999962 ], [ -38.419799799999971, -12.860362199999939 ], [ -38.419699399999956, -12.860472599999975 ], [ -38.419664099999984, -12.860511499999969 ], [ -38.419548699999943, -12.860552299999924 ], [ -38.419392499999965, -12.860586199999954 ], [ -38.419216, -12.86058619999994 ], [ -38.419188199999958, -12.860589899999987 ], [ -38.419128499999943, -12.86059789999995 ], [ -38.419012399999929, -12.860613299999958 ], [ -38.418822399999954, -12.860698499999966 ], [ -38.418815499999937, -12.860701599999967 ], [ -38.418645799999986, -12.860803399999941 ], [ -38.41842859999997, -12.86089849999995 ], [ -38.418401399999929, -12.860904699999935 ], [ -38.418191, -12.860952799999957 ], [ -38.417994199999953, -12.860966299999966 ], [ -38.417777, -12.861047799999939 ], [ -38.417593699999934, -12.86114959999998 ], [ -38.417457, -12.861294399999966 ], [ -38.417381199999966, -12.861374699999933 ], [ -38.417366199999947, -12.861393199999959 ], [ -38.417207499999968, -12.861588399999956 ], [ -38.417171699999983, -12.861636099999936 ], [ -38.417087299999935, -12.861748699999964 ], [ -38.416992099999966, -12.861875599999957 ], [ -38.416967099999965, -12.861909099999941 ], [ -38.416941899999983, -12.861945399999957 ], [ -38.416787499999941, -12.862168499999937 ], [ -38.416808399999979, -12.862293899999942 ], [ -38.41681889999996, -12.862445399999954 ], [ -38.416824099999985, -12.862654399999936 ], [ -38.416813699999977, -12.862821599999959 ], [ -38.416818899999953, -12.862967899999944 ], [ -38.416850199999949, -12.863082799999965 ], [ -38.41692339999998, -12.86330749999996 ], [ -38.416959899999945, -12.86340149999995 ], [ -38.417003899999941, -12.863524499999917 ], [ -38.417038299999938, -12.863620899999951 ], [ -38.417111499999983, -12.863892599999931 ], [ -38.417154099999955, -12.864043299999944 ], [ -38.417162299999973, -12.864072299999982 ], [ -38.417180199999969, -12.864215199999927 ], [ -38.417191499999937, -12.864305399999976 ], [ -38.417220599999958, -12.864577299999958 ], [ -38.417230299999972, -12.864713299999964 ], [ -38.417191899999985, -12.86477919999993 ], [ -38.417169299999962, -12.864817899999938 ], [ -38.41716229999998, -12.864829899999958 ], [ -38.417122, -12.864906599999934 ], [ -38.41707659999998, -12.864992799999973 ], [ -38.417065199999968, -12.865014399999929 ], [ -38.417063, -12.8650206 ], [ -38.417053299999964, -12.865048299999932 ], [ -38.41700689999994, -12.865179599999964 ], [ -38.41696809999997, -12.865412699999975 ], [ -38.41692919999997, -12.86555839999993 ], [ -38.416917299999966, -12.8655917 ], [ -38.416880599999956, -12.865694399999928 ], [ -38.416802899999929, -12.865791499999931 ], [ -38.416705799999932, -12.865937199999953 ], [ -38.416691799999967, -12.865959399999948 ], [ -38.416689599999977, -12.865962899999943 ], [ -38.416617599999945, -12.866076799999977 ], [ -38.416589299999941, -12.866121699999946 ], [ -38.41651029999997, -12.866240099999963 ], [ -38.416453299999951, -12.866325699999951 ], [ -38.416327, -12.866510299999957 ], [ -38.416152199999949, -12.866762799999947 ], [ -38.416103799999981, -12.866826299999964 ], [ -38.415996799999959, -12.866966799999931 ], [ -38.415802499999984, -12.867131899999944 ], [ -38.415569399999981, -12.867297 ], [ -38.415344699999935, -12.867461199999974 ], [ -38.415316799999978, -12.867481599999977 ], [ -38.415284399999969, -12.867508799999925 ], [ -38.41517719999996, -12.867598899999958 ], [ -38.415074, -12.867685599999973 ], [ -38.414802399999985, -12.867948899999945 ], [ -38.414753499999954, -12.867996399999964 ], [ -38.414549099999931, -12.868169599999936 ], [ -38.414306699999941, -12.868375199999932 ], [ -38.414277099999943, -12.868394899999936 ], [ -38.414247499999938, -12.868414699999963 ], [ -38.414161, -12.868472299999935 ], [ -38.41399579999996, -12.868501499999969 ], [ -38.413820599999951, -12.8685149 ], [ -38.413743299999972, -12.868520899999979 ], [ -38.413583, -12.868501499999978 ], [ -38.413494399999941, -12.868490699999935 ], [ -38.413422799999985, -12.868482 ], [ -38.413283499999984, -12.868511399999942 ], [ -38.413238199999974, -12.868520899999965 ], [ -38.413133699999946, -12.868566199999977 ], [ -38.412971699999957, -12.868636399999971 ], [ -38.412946799999929, -12.868647199999947 ], [ -38.41286249999996, -12.868682699999964 ], [ -38.41239319999994, -12.868880299999942 ], [ -38.412150899999972, -12.86897349999998 ], [ -38.412071499999975, -12.869004 ], [ -38.412014399999983, -12.869026 ], [ -38.411839499999985, -12.869123099999966 ], [ -38.411567599999962, -12.869346499999942 ], [ -38.411285899999953, -12.869618499999932 ], [ -38.411081899999942, -12.869783599999961 ], [ -38.41092649999996, -12.869851599999937 ], [ -38.410829399999955, -12.869890399999978 ], [ -38.410732199999977, -12.869900099999947 ], [ -38.410586499999965, -12.869948699999959 ], [ -38.410392299999955, -12.870026399999977 ], [ -38.409887199999964, -12.870191499999963 ], [ -38.409849, -12.87019789999994 ], [ -38.409586599999962, -12.870241599999945 ], [ -38.409537499999942, -12.870249799999936 ], [ -38.409401499999937, -12.870327499999982 ], [ -38.409217, -12.870482899999951 ], [ -38.409090699999979, -12.870589799999944 ], [ -38.408847899999962, -12.870822899999942 ], [ -38.408806199999958, -12.87086949999998 ], [ -38.408682799999951, -12.871007399999936 ], [ -38.408605099999932, -12.871114299999943 ], [ -38.40857589999996, -12.87126 ], [ -38.40857589999996, -12.871376499999922 ], [ -38.408498699999939, -12.871516 ], [ -38.408425299999976, -12.871534399999975 ], [ -38.408351899999964, -12.871538899999951 ], [ -38.408274, -12.871571099999928 ], [ -38.408186799999953, -12.871685699999952 ], [ -38.408076699999988, -12.871795799999949 ], [ -38.40799879999998, -12.871837099999938 ], [ -38.407874899999968, -12.871855399999969 ], [ -38.407778599999972, -12.871901299999916 ], [ -38.407682299999976, -12.871979299999955 ], [ -38.4074988, -12.872135199999938 ], [ -38.407295599999941, -12.872355599999938 ], [ -38.407228199999963, -12.872428699999931 ], [ -38.407063099999966, -12.872690199999957 ], [ -38.407021799999939, -12.872864499999951 ], [ -38.40692549999995, -12.87324519999993 ], [ -38.406856699999935, -12.873447 ], [ -38.406835399999977, -12.873469499999961 ], [ -38.406771599999956, -12.873536599999964 ], [ -38.406769599999969, -12.873538699999932 ], [ -38.406696199999949, -12.873538699999912 ], [ -38.406581499999966, -12.873511199999925 ], [ -38.406448499999954, -12.873410299999948 ], [ -38.406310899999937, -12.873309399999922 ], [ -38.406164099999955, -12.873167199999934 ], [ -38.406011599999935, -12.873047699999972 ], [ -38.40599439999994, -12.873034199999941 ], [ -38.405870599999957, -12.872956199999969 ], [ -38.405863799999963, -12.872947199999945 ], [ -38.405801799999949, -12.872864499999926 ], [ -38.405696299999939, -12.872818599999976 ], [ -38.405609, -12.872816899999977 ], [ -38.405574799999954, -12.872816199999928 ], [ -38.405419099999968, -12.872770399999981 ], [ -38.4053, -12.87272459999997 ], [ -38.40519919999997, -12.872779499999977 ], [ -38.405135099999946, -12.872889499999921 ], [ -38.405116699999951, -12.872981099999938 ], [ -38.405016, -12.872962799999982 ], [ -38.404878499999946, -12.872898599999917 ], [ -38.404752, -12.872949299999956 ], [ -38.404695299999958, -12.8729719 ], [ -38.40457669999995, -12.872975099999957 ], [ -38.404570299999939, -12.872975299999936 ], [ -38.404564, -12.872975499999935 ], [ -38.404504, -12.872977099999961 ], [ -38.404356299999961, -12.872981099999935 ], [ -38.404063099999973, -12.872944499999972 ], [ -38.403687499999926, -12.872843699999985 ], [ -38.403266, -12.872733699999964 ], [ -38.403149199999973, -12.872699899999938 ], [ -38.403146599999957, -12.872699199999944 ], [ -38.40291789999997, -12.872633 ], [ -38.402698, -12.872614599999958 ], [ -38.402621699999941, -12.872601399999956 ], [ -38.402487299999954, -12.872578 ], [ -38.402368199999962, -12.872403899999954 ], [ -38.402249099999949, -12.872348899999967 ], [ -38.402259099999974, -12.87225249999995 ], [ -38.402272799999935, -12.872122199999973 ], [ -38.402275, -12.872100799999954 ], [ -38.402275799999984, -12.87209739999996 ], [ -38.402300699999962, -12.871991499999989 ], [ -38.402313599999964, -12.871869299999966 ], [ -38.402307099999973, -12.871747 ], [ -38.402281399999936, -12.871573299999955 ], [ -38.40221059999994, -12.871380199999987 ], [ -38.402162199999971, -12.871234899999925 ], [ -38.402159199999971, -12.871225799999928 ], [ -38.402069099999956, -12.871026399999938 ], [ -38.401946799999962, -12.870865499999983 ], [ -38.401896799999975, -12.870846299999933 ], [ -38.401863199999973, -12.870833299999964 ], [ -38.401777899999963, -12.870838099999972 ], [ -38.401747399999977, -12.870839799999933 ], [ -38.401580099999926, -12.870871899999921 ], [ -38.4014514, -12.870897699999935 ], [ -38.401387099999965, -12.870865499999987 ], [ -38.401348499999976, -12.870762599999972 ], [ -38.401348499999976, -12.870653299999971 ], [ -38.401393499999976, -12.870530899999954 ], [ -38.401445, -12.87035719999993 ], [ -38.401460799999946, -12.870283099999943 ], [ -38.401483599999949, -12.870177 ], [ -38.401528599999949, -12.869945399999953 ], [ -38.40160579999997, -12.869630099999945 ], [ -38.401650899999936, -12.869392099999965 ], [ -38.401702299999961, -12.869244099999953 ], [ -38.401798899999953, -12.868973899999943 ], [ -38.401837499999942, -12.868845199999946 ], [ -38.401831, -12.868678 ], [ -38.401837499999942, -12.868484899999933 ], [ -38.401876099999981, -12.868356199999946 ], [ -38.401934, -12.86828539999995 ], [ -38.402017599999965, -12.86822749999993 ], [ -38.402127, -12.868201799999957 ], [ -38.402223499999941, -12.868176 ], [ -38.402244499999938, -12.868149799999964 ], [ -38.402275, -12.868111699999922 ], [ -38.402275, -12.868047499999921 ], [ -38.402249199999972, -12.867976599999968 ], [ -38.402139899999959, -12.867880099999983 ], [ -38.401927499999942, -12.867777099999959 ], [ -38.401885799999953, -12.86775029999996 ], [ -38.401747399999984, -12.867661299999947 ], [ -38.401703899999973, -12.867631899999928 ], [ -38.40149, -12.867487599999945 ], [ -38.401277699999973, -12.86732029999995 ], [ -38.401013899999953, -12.867095099999966 ], [ -38.400795099999989, -12.866844199999939 ], [ -38.400582799999945, -12.866625399999982 ], [ -38.40042839999996, -12.866516 ], [ -38.400235399999936, -12.86641309999993 ], [ -38.400080899999985, -12.866342299999928 ], [ -38.399952299999931, -12.866316599999932 ], [ -38.399810699999939, -12.866252199999963 ], [ -38.399776199999963, -12.866230299999931 ], [ -38.399669199999948, -12.86616219999997 ], [ -38.399566199999981, -12.866059199999926 ], [ -38.399450399999985, -12.865898399999944 ], [ -38.399353899999944, -12.865698899999913 ], [ -38.399311099999977, -12.865503499999933 ], [ -38.39930889999993, -12.865493 ], [ -38.399315299999955, -12.86529359999998 ], [ -38.399347499999983, -12.865087699999929 ], [ -38.39941819999995, -12.864830299999934 ], [ -38.399534, -12.864547199999937 ], [ -38.3996241, -12.864238399999971 ], [ -38.399707799999938, -12.864026 ], [ -38.399862199999973, -12.863794399999954 ], [ -38.400093799999979, -12.86342769999993 ], [ -38.400241799999947, -12.863215299999982 ], [ -38.40042839999996, -12.862938699999981 ], [ -38.400524899999944, -12.862674899999961 ], [ -38.4006085, -12.862449699999948 ], [ -38.400679299999972, -12.86220519999995 ], [ -38.400711499999957, -12.862044399999943 ], [ -38.400692199999988, -12.861857699999989 ], [ -38.400659199999957, -12.861737 ], [ -38.400618799999961, -12.861638799999964 ], [ -38.400563499999983, -12.861574599999921 ], [ -38.400543299999981, -12.861556899999936 ], [ -38.400409099999926, -12.861439499999964 ], [ -38.400398099999961, -12.861429099999956 ], [ -38.400299699999948, -12.861336599999955 ], [ -38.400261099999966, -12.861240099999975 ], [ -38.400183899999945, -12.861156399999967 ], [ -38.40013, -12.8611026 ], [ -38.400016599999958, -12.860989099999927 ], [ -38.400005499999963, -12.860972899999972 ], [ -38.399991499999942, -12.860952699999929 ], [ -38.399875, -12.860783199999961 ], [ -38.399835299999957, -12.860686799999939 ], [ -38.399785, -12.860564499999965 ], [ -38.399745399999979, -12.860391799999933 ], [ -38.399714199999949, -12.860255599999958 ], [ -38.399669199999948, -12.860081899999962 ], [ -38.399591899999969, -12.86000469999993 ], [ -38.399450399999978, -12.859991799999948 ], [ -38.399403799999966, -12.859992899999947 ], [ -38.399173699999956, -12.859998299999967 ], [ -38.398871299999939, -12.860062599999932 ], [ -38.398607499999969, -12.860062599999928 ], [ -38.3984531, -12.860043299999962 ], [ -38.398292299999987, -12.859921099999969 ], [ -38.398133199999968, -12.859882699999941 ], [ -38.398105699999974, -12.859876 ], [ -38.397929099999942, -12.859860399999951 ], [ -38.397886899999946, -12.85985669999997 ], [ -38.397674599999966, -12.859850299999938 ], [ -38.397533, -12.859837399999954 ], [ -38.397350599999982, -12.859780399999989 ], [ -38.3973271, -12.85977309999992 ], [ -38.39711479999994, -12.859702299999986 ], [ -38.397004099999947, -12.859644699999947 ], [ -38.396836099999973, -12.859557199999919 ], [ -38.396786, -12.859516399999977 ], [ -38.396702599999976, -12.859448499999909 ], [ -38.396285099999943, -12.859108299999932 ], [ -38.396191599999952, -12.85903209999997 ], [ -38.395404, -12.858077399999944 ], [ -38.394985099999928, -12.857494599999944 ], [ -38.394855, -12.857313599999941 ], [ -38.394564099999961, -12.857038799999954 ], [ -38.394425399999946, -12.856907799999934 ], [ -38.39385249999998, -12.856215599999908 ], [ -38.393586, -12.855918399999965 ], [ -38.393231899999932, -12.855523399999988 ], [ -38.392706799999985, -12.855404099999941 ], [ -38.392134, -12.855642799999949 ], [ -38.391686299999947, -12.85570909999997 ], [ -38.391489499999977, -12.855738299999912 ], [ -38.391057299999943, -12.855700699999923 ], [ -38.390940499999942, -12.8556905 ], [ -38.390761, -12.855539399999946 ], [ -38.390487, -12.855308599999958 ], [ -38.390105199999937, -12.854568699999973 ], [ -38.389985399999944, -12.853850299999964 ], [ -38.389954199999977, -12.853663199999986 ], [ -38.389938099999945, -12.853566299999937 ], [ -38.390033499999959, -12.852253499999946 ], [ -38.390200599999957, -12.851131599999984 ], [ -38.390391599999937, -12.850439499999935 ], [ -38.390821199999948, -12.850033699999933 ], [ -38.391370199999983, -12.849604099999976 ], [ -38.391795499999944, -12.849320499999974 ], [ -38.391799799999951, -12.849317599999951 ], [ -38.392038499999963, -12.848864099999954 ], [ -38.392075199999958, -12.848731099999942 ], [ -38.392198599999979, -12.848283799999921 ], [ -38.39222939999997, -12.848171899999944 ], [ -38.392444299999966, -12.847646799999957 ], [ -38.39275459999994, -12.847121699999949 ], [ -38.3928, -12.846598799999986 ], [ -38.392802299999971, -12.846572799999937 ], [ -38.392730699999959, -12.845785199999975 ], [ -38.39285, -12.8451406 ], [ -38.39289779999995, -12.8445202 ], [ -38.392761599999979, -12.84404349999995 ], [ -38.39275459999994, -12.844018799999954 ], [ -38.392348799999979, -12.843589199999951 ], [ -38.392313699999939, -12.843569299999963 ], [ -38.39180609999994, -12.843282599999942 ], [ -38.391799799999951, -12.843279099999963 ], [ -38.389938099999945, -12.841584199999957 ], [ -38.389532299999985, -12.8411546 ], [ -38.389222, -12.840653399999962 ], [ -38.389245899999942, -12.840008899999921 ], [ -38.389365199999922, -12.83936449999994 ], [ -38.389318199999934, -12.839214699999953 ], [ -38.389317, -12.839211 ], [ -38.389284599999947, -12.839107899999927 ], [ -38.389102699999974, -12.838529099999965 ], [ -38.388816299999974, -12.838123299999934 ], [ -38.388625299999944, -12.837598199999944 ], [ -38.388553699999932, -12.836906 ], [ -38.388529799999958, -12.836094499999929 ], [ -38.388310899999972, -12.835328299999942 ], [ -38.388310299999944, -12.835326 ], [ -38.388243399999965, -12.835092 ], [ -38.387861499999936, -12.834519199999917 ], [ -38.38731249999995, -12.834161099999958 ], [ -38.386763599999938, -12.833922399999947 ], [ -38.386047499999961, -12.833636 ], [ -38.385331499999957, -12.833182499999971 ], [ -38.385128599999973, -12.833027399999933 ], [ -38.384925699999947, -12.832872199999935 ], [ -38.384710899999959, -12.832418699999939 ], [ -38.384138, -12.831893599999946 ], [ -38.383326499999953, -12.83141629999993 ], [ -38.383049199999959, -12.831241699999957 ], [ -38.382954199999965, -12.831181799999964 ], [ -38.382682, -12.831010499999934 ], [ -38.382204699999939, -12.830485399999937 ], [ -38.382161599999961, -12.830379699999984 ], [ -38.382156399999985, -12.830367099999922 ], [ -38.38203979999998, -12.830080099999966 ], [ -38.382037699999962, -12.830074899999934 ], [ -38.381938699999978, -12.829831799999976 ], [ -38.381942099999947, -12.828767 ], [ -38.381894399999965, -12.828194 ], [ -38.381784099999955, -12.827973399999971 ], [ -38.38163179999998, -12.827668899999919 ], [ -38.381130599999949, -12.827454099999956 ], [ -38.380605499999952, -12.827310899999917 ], [ -38.380008799999977, -12.827048299999932 ], [ -38.380002199999986, -12.827041299999959 ], [ -38.379731899999967, -12.826753099999976 ], [ -38.379650699999956, -12.826666399999965 ], [ -38.379412099999975, -12.826165199999934 ], [ -38.379292699999951, -12.825759399999971 ], [ -38.379256599999977, -12.825636699999951 ], [ -38.379175299999929, -12.825360299999954 ], [ -38.379173399999956, -12.825353699999933 ], [ -38.379167299999956, -12.825327599999969 ], [ -38.378934699999945, -12.824327299999933 ], [ -38.3789283, -12.824199399999939 ], [ -38.378914299999963, -12.82391929999994 ], [ -38.378910799999971, -12.823849899999979 ], [ -38.378910799999979, -12.823814099999936 ], [ -38.378910799999964, -12.823525799999976 ], [ -38.378894, -12.822571399999953 ], [ -38.378500199999969, -12.822662899999965 ], [ -38.378000499999985, -12.822620099999936 ], [ -38.377714899999944, -12.822505899999948 ], [ -38.3773437, -12.82253439999992 ], [ -38.376934499999955, -12.822705799999937 ], [ -38.376325299999969, -12.823048399999934 ], [ -38.375811399999982, -12.823457699999947 ], [ -38.374326599999968, -12.824219099999933 ], [ -38.373975, -12.824294399999911 ], [ -38.373104699999942, -12.824635499999953 ], [ -38.372170799999935, -12.82528489999992 ], [ -38.37188169999996, -12.825554099999971 ], [ -38.371659799999982, -12.825790499999929 ], [ -38.371592099999923, -12.826033899999976 ], [ -38.371488099999972, -12.82618 ], [ -38.371442899999977, -12.826243699999955 ], [ -38.371428499999979, -12.826263799999948 ], [ -38.371427599999954, -12.826265099999938 ], [ -38.371424799999943, -12.826269 ], [ -38.371423499999935, -12.826270799999968 ], [ -38.371418899999988, -12.82627629999997 ], [ -38.371215299999967, -12.82652 ], [ -38.370986899999934, -12.826650499999978 ], [ -38.370952899999963, -12.826669899999942 ], [ -38.370939899999932, -12.826677299999961 ], [ -38.37092169999994, -12.826687299999934 ], [ -38.370785399999932, -12.8267625 ], [ -38.37066429999993, -12.826893899999963 ], [ -38.370509699999964, -12.827058099999933 ], [ -38.370422399999931, -12.827090799999946 ], [ -38.370274799999954, -12.827103599999937 ], [ -38.37009379999995, -12.827043899999964 ], [ -38.369705099999983, -12.826944199999961 ], [ -38.369199199999962, -12.826828 ], [ -38.369155399999954, -12.826817899999982 ], [ -38.368404799999958, -12.826533 ], [ -38.367761499999979, -12.826314299999972 ], [ -38.367399399999961, -12.826247599999943 ], [ -38.367191599999956, -12.826227299999953 ], [ -38.366963299999952, -12.826299199999932 ], [ -38.366647499999942, -12.826542 ], [ -38.36629789999995, -12.826863599999974 ], [ -38.365948099999969, -12.827277499999987 ], [ -38.365739699999949, -12.827448099999973 ], [ -38.365524699999987, -12.827579199999947 ], [ -38.365521899999976, -12.827580499999971 ], [ -38.365256099999947, -12.827697 ], [ -38.365253799999955, -12.827698399999976 ], [ -38.364893399999971, -12.827906799999937 ], [ -38.364638099999979, -12.828057599999976 ], [ -38.364280799999953, -12.828344199999947 ], [ -38.364263899999976, -12.82835769999997 ], [ -38.364261799999952, -12.828359399999947 ], [ -38.364236399999982, -12.828377699999976 ], [ -38.364228699999963, -12.828383199999967 ], [ -38.364176599999951, -12.828420699999988 ], [ -38.363618499999973, -12.828822799999948 ], [ -38.363569599999948, -12.828858 ], [ -38.362770299999973, -12.829316799999949 ], [ -38.362447799999984, -12.829539799999967 ], [ -38.36222389999994, -12.829738299999979 ], [ -38.36176729999994, -12.830143099999928 ], [ -38.361506699999957, -12.830374099999986 ], [ -38.358758499999972, -12.831538599999941 ], [ -38.357151099999953, -12.833008899999973 ], [ -38.357026399999938, -12.833123 ], [ -38.356980399999941, -12.833173 ], [ -38.356925199999985, -12.833233 ], [ -38.354744899999957, -12.835602 ], [ -38.353446599999984, -12.839147199999971 ], [ -38.353439199999961, -12.839252299999945 ], [ -38.353377599999938, -12.8401287 ], [ -38.353362599999969, -12.840342899999944 ], [ -38.353324199999975, -12.840608499999979 ], [ -38.353315599999974, -12.84066829999996 ], [ -38.353249799999958, -12.841124499999985 ], [ -38.353247299999964, -12.841141399999984 ], [ -38.353174799999977, -12.841643799999931 ], [ -38.353076299999948, -12.842326399999939 ], [ -38.352967799999931, -12.843078299999949 ], [ -38.352466099999958, -12.846555399999943 ], [ -38.352451299999984, -12.846885699999969 ], [ -38.352242199999971, -12.851550199999963 ], [ -38.352196799999945, -12.852561899999948 ], [ -38.352183199999956, -12.852867 ], [ -38.353584799999965, -12.85806219999996 ], [ -38.353585199999941, -12.858063799999959 ], [ -38.353648399999948, -12.858298099999956 ], [ -38.353749599999958, -12.858672899999934 ], [ -38.353753899999958, -12.858689 ], [ -38.353758299999981, -12.858705399999959 ], [ -38.354304, -12.860728099999976 ], [ -38.354419499999942, -12.861156099999954 ], [ -38.354446799999955, -12.861918699999935 ], [ -38.354561199999971, -12.865113899999921 ], [ -38.354571799999974, -12.865409799999952 ], [ -38.35457519999995, -12.865503699999989 ], [ -38.354656699999964, -12.867780399999962 ], [ -38.354672899999976, -12.868231799999936 ], [ -38.354681399999947, -12.868468699999939 ], [ -38.354734599999979, -12.869955299999946 ], [ -38.354750699999961, -12.870403399999912 ], [ -38.354760799999958, -12.870685199999979 ], [ -38.354761, -12.870690599999909 ], [ -38.354762099999967, -12.870722399999973 ], [ -38.354970699999974, -12.876622499999948 ], [ -38.354970899999955, -12.876628699999962 ], [ -38.354971299999939, -12.87663929999996 ], [ -38.354972399999951, -12.876669899999971 ], [ -38.355041899999947, -12.878644299999962 ], [ -38.355059199999978, -12.87913319999995 ], [ -38.355060399999957, -12.879169 ], [ -38.355066699999952, -12.87934869999998 ], [ -38.355068199999955, -12.879388599999967 ], [ -38.355074299999956, -12.879563299999987 ], [ -38.355075299999953, -12.879591599999962 ], [ -38.355075399999976, -12.879594099999967 ], [ -38.355080299999948, -12.879733 ], [ -38.35508139999996, -12.879763799999981 ], [ -38.355082499999973, -12.879794599999968 ], [ -38.355083199999967, -12.879815499999944 ], [ -38.355006399999986, -12.883805899999972 ], [ -38.354984599999966, -12.884913599999944 ], [ -38.35498419999994, -12.884929699999926 ], [ -38.35494639999996, -12.886831899999956 ], [ -38.35490469999997, -12.888926599999939 ], [ -38.354903899999947, -12.888967899999958 ], [ -38.354903399999955, -12.888996599999919 ], [ -38.354830199999981, -12.892673499999939 ], [ -38.354829499999937, -12.892712 ], [ -38.354811, -12.893640399999983 ], [ -38.354810199999974, -12.893680699999939 ], [ -38.354804199999926, -12.893981599999963 ], [ -38.354812099999947, -12.894073399999977 ], [ -38.3548153, -12.894110299999957 ], [ -38.354825699999942, -12.894231599999944 ], [ -38.354863, -12.894665599999932 ], [ -38.35449349999994, -12.894890799999917 ], [ -38.354296, -12.895011099999975 ], [ -38.354126, -12.895114599999946 ], [ -38.352847099999963, -12.895899699999958 ], [ -38.352258199999937, -12.896268 ], [ -38.351796499999978, -12.896556799999932 ], [ -38.351125399999944, -12.896976599999947 ], [ -38.351117, -12.896981899999961 ], [ -38.350499499999955, -12.897367899999962 ], [ -38.350490599999944, -12.897373399999928 ], [ -38.350485199999987, -12.897376899999937 ], [ -38.349913499999957, -12.897719099999946 ], [ -38.349740899999972, -12.897842899999942 ], [ -38.349728899999953, -12.897851499999927 ], [ -38.349352499999952, -12.898087099999946 ], [ -38.348807199999953, -12.898428599999919 ], [ -38.34877809999994, -12.898446799999949 ], [ -38.348759699999967, -12.898458299999973 ], [ -38.348746099999971, -12.898466799999937 ], [ -38.348736599999931, -12.898472799999983 ], [ -38.348732199999972, -12.898475499999964 ], [ -38.347476, -12.899245899999913 ], [ -38.347372899999982, -12.899309299999969 ], [ -38.347192899999975, -12.899419599999945 ], [ -38.34681, -12.899654299999955 ], [ -38.346420299999977, -12.899893299999983 ], [ -38.346414099999947, -12.899897099999974 ], [ -38.345890299999958, -12.90021829999994 ], [ -38.345810399999955, -12.90026729999992 ], [ -38.345739099999953, -12.900311 ], [ -38.34557279999995, -12.900413 ], [ -38.345205099999937, -12.900772 ], [ -38.344823599999984, -12.901138 ], [ -38.344038699999942, -12.90213659999994 ], [ -38.343403, -12.903232699999934 ], [ -38.343281699999977, -12.903532599999952 ], [ -38.343335499999966, -12.903570799999951 ], [ -38.343543299999965, -12.903702 ], [ -38.343502299999955, -12.903787699999949 ], [ -38.343335599999932, -12.90410129999997 ], [ -38.343151199999973, -12.904446399999925 ], [ -38.343030399999968, -12.904572 ], [ -38.342957399999932, -12.904648 ], [ -38.341852599999974, -12.905787099999955 ], [ -38.341390899999965, -12.906463499999976 ], [ -38.341429599999969, -12.90654929999992 ], [ -38.341281599999945, -12.906675699999935 ], [ -38.341233699999975, -12.906746199999931 ], [ -38.340960399999979, -12.906906799999931 ], [ -38.339435399999957, -12.905957 ], [ -38.338762299999985, -12.903423 ], [ -38.33865469999995, -12.903413599999974 ], [ -38.338477499999961, -12.903403399999958 ], [ -38.33824189999995, -12.90338819999995 ], [ -38.338049299999959, -12.903351799999943 ], [ -38.337715299999957, -12.903331299999936 ], [ -38.337710499999957, -12.903386799999961 ], [ -38.33640859999997, -12.903564699999958 ], [ -38.33632879999994, -12.903564099999913 ], [ -38.335481699999946, -12.903327799999939 ], [ -38.334338, -12.904124899999937 ], [ -38.333248199999957, -12.903545599999982 ], [ -38.332057899999938, -12.903383 ], [ -38.331877, -12.902640299999966 ], [ -38.331825099999946, -12.90242719999998 ], [ -38.33152819999998, -12.901909299999945 ], [ -38.331237899999962, -12.901629599999989 ], [ -38.330947599999945, -12.901349899999957 ], [ -38.330744599999946, -12.901154299999988 ], [ -38.329892899999948, -12.900117199999951 ], [ -38.329657699999984, -12.899911699999954 ], [ -38.329132399999935, -12.899452699999944 ], [ -38.328224199999966, -12.898904599999979 ], [ -38.328083699999986, -12.89874 ], [ -38.327929099999956, -12.89855759999994 ], [ -38.32729809999995, -12.897812799999938 ], [ -38.32708829999995, -12.897928 ], [ -38.326708099999962, -12.898137 ], [ -38.325755199999946, -12.899458099999952 ], [ -38.324737699999957, -12.900865499999952 ], [ -38.323917699999981, -12.900617099999966 ], [ -38.322596399999952, -12.900215399999988 ], [ -38.320021899999979, -12.900209599999926 ], [ -38.319772399999977, -12.900520499999958 ], [ -38.319377399999951, -12.901012899999973 ], [ -38.318607699999973, -12.901972199999939 ], [ -38.317938899999945, -12.90235679999997 ], [ -38.316475699999955, -12.903171199999978 ], [ -38.316386399999949, -12.903802 ], [ -38.316181299999982, -12.905250899999922 ], [ -38.315187899999962, -12.905054199999928 ], [ -38.314734699999974, -12.904964499999961 ], [ -38.313910899999939, -12.904801399999943 ], [ -38.313470699999989, -12.904714299999963 ], [ -38.309690099999955, -12.903965899999939 ], [ -38.309266499999985, -12.904144099999925 ], [ -38.30911059999994, -12.904241699999947 ], [ -38.309091399999943, -12.904258599999931 ], [ -38.308944599999954, -12.904388199999964 ], [ -38.30623479999997, -12.903842399999967 ], [ -38.306141799999978, -12.90386349999994 ], [ -38.306092, -12.903941699999965 ], [ -38.305544499999939, -12.906533799999972 ], [ -38.305545799999948, -12.906569799999938 ], [ -38.305591899999968, -12.906646699999948 ], [ -38.305625699999958, -12.906661699999951 ], [ -38.307146599999953, -12.906971799999939 ], [ -38.306886399999939, -12.907429 ], [ -38.306210499999963, -12.908617 ], [ -38.306189099999976, -12.908634699999931 ], [ -38.306188699999957, -12.90864249999993 ], [ -38.30507159999997, -12.909950199999965 ], [ -38.304332699999975, -12.910872899999973 ], [ -38.304630499999973, -12.911198799999962 ], [ -38.304661599999982, -12.911228 ], [ -38.304661499999959, -12.911249 ], [ -38.304661399999929, -12.911281099999929 ], [ -38.304668299999946, -12.911304699999963 ], [ -38.304683799999971, -12.911331699999939 ], [ -38.304693899999961, -12.911363699999978 ], [ -38.304721499999964, -12.911399099999937 ], [ -38.304764299999931, -12.911433 ], [ -38.304819099999982, -12.911475299999951 ], [ -38.304864, -12.911550899999973 ], [ -38.304916599999956, -12.911619699999967 ], [ -38.305021, -12.911733099999948 ], [ -38.305111699999948, -12.911836199999989 ], [ -38.305188499999929, -12.911935899999953 ], [ -38.305240699999963, -12.912025099999935 ], [ -38.305292699999939, -12.912138499999985 ], [ -38.305428799999966, -12.912258699999922 ], [ -38.305512599999922, -12.912344699999945 ], [ -38.305744799999957, -12.912546199999962 ], [ -38.305825, -12.912608099999947 ], [ -38.305891499999973, -12.912659699999933 ], [ -38.305961099999926, -12.912728499999943 ], [ -38.306023799999942, -12.912807499999928 ], [ -38.306093499999982, -12.912879699999957 ], [ -38.306131199999989, -12.91291479999996 ], [ -38.306132199999979, -12.912915799999956 ], [ -38.306156199999975, -12.912938099999979 ], [ -38.306222599999948, -12.912996699999951 ], [ -38.306299199999962, -12.913082599999921 ], [ -38.306355, -12.913147899999943 ], [ -38.306425, -12.913233899999963 ], [ -38.306508299999969, -12.91333679999997 ], [ -38.306578199999926, -12.913460499999932 ], [ -38.306611099999941, -12.913516399999937 ], [ -38.306612, -12.913517899999924 ], [ -38.306640799999975, -12.913567 ], [ -38.306699799999933, -12.913683799999937 ], [ -38.306790399999954, -12.913817799999942 ], [ -38.306866199999938, -12.91387079999992 ], [ -38.306898599999954, -12.913893399999951 ], [ -38.307052399999975, -12.914025899999958 ], [ -38.307104699999975, -12.914077499999957 ], [ -38.307156799999973, -12.914166899999937 ], [ -38.307212599999957, -12.914263 ], [ -38.307250899999929, -12.914352299999964 ], [ -38.307292399999945, -12.914448399999984 ], [ -38.307355, -12.914568599999932 ], [ -38.307373399999953, -12.914601199999927 ], [ -38.307374599999953, -12.914603299999946 ], [ -38.30740719999995, -12.914661199999941 ], [ -38.307443399999954, -12.914702399999953 ], [ -38.307444699999969, -12.914704 ], [ -38.307497799999965, -12.914764399999964 ], [ -38.307567799999966, -12.914846899999931 ], [ -38.307648, -12.914929399999941 ], [ -38.30769649999997, -12.915015199999978 ], [ -38.307769699999952, -12.915111399999944 ], [ -38.307836, -12.915190399999968 ], [ -38.308000099999958, -12.915432199999934 ], [ -38.308062799999959, -12.915531799999927 ], [ -38.308121899999954, -12.915604099999921 ], [ -38.308163899999954, -12.915686499999939 ], [ -38.308216, -12.915779099999952 ], [ -38.308285599999984, -12.915858099999967 ], [ -38.308355299999967, -12.915920099999928 ], [ -38.308411199999959, -12.915964799999934 ], [ -38.308463299999971, -12.916054199999962 ], [ -38.308529599999936, -12.916170899999928 ], [ -38.308599199999961, -12.916239699999945 ], [ -38.308683099999932, -12.916294699999986 ], [ -38.308749499999976, -12.916353199999955 ], [ -38.308805499999949, -12.916406899999986 ], [ -38.308850499999949, -12.916451299999943 ], [ -38.308879099999956, -12.91647509999996 ], [ -38.308901499999941, -12.916490599999957 ], [ -38.308920099999973, -12.916503799999914 ], [ -38.308949799999937, -12.91652049999993 ], [ -38.308985799999959, -12.916539899999982 ], [ -38.309029599999974, -12.916563599999961 ], [ -38.309031799999957, -12.916564799999954 ], [ -38.309084899999966, -12.916597499999966 ], [ -38.309109699999972, -12.91662 ], [ -38.309127499999924, -12.916636299999929 ], [ -38.30913959999998, -12.916649499999941 ], [ -38.309166299999958, -12.916672699999928 ], [ -38.309188599999963, -12.916692099999974 ], [ -38.309212599999974, -12.916711499999954 ], [ -38.309229099999989, -12.916727399999944 ], [ -38.309238499999935, -12.916737299999962 ], [ -38.309244299999939, -12.916751699999985 ], [ -38.309249599999937, -12.916770799999934 ], [ -38.309260199999983, -12.916790499999941 ], [ -38.309269599999936, -12.916802699999938 ], [ -38.309286699999973, -12.91681549999992 ], [ -38.309308899999962, -12.916829599999955 ], [ -38.309324099999969, -12.916838599999936 ], [ -38.309339, -12.916849299999971 ], [ -38.309348, -12.916856799999945 ], [ -38.309361799999984, -12.916871499999958 ], [ -38.30936939999998, -12.916880799999957 ], [ -38.30937769999997, -12.916892399999941 ], [ -38.309381099999939, -12.916900799999937 ], [ -38.309388499999955, -12.916915 ], [ -38.309392799999955, -12.916926799999926 ], [ -38.30939479999995, -12.916939199999938 ], [ -38.309395799999947, -12.916950399999958 ], [ -38.309395299999949, -12.916955899999945 ], [ -38.309394099999963, -12.916963099999968 ], [ -38.309392499999944, -12.916971699999962 ], [ -38.30938969999994, -12.916980299999985 ], [ -38.309388499999947, -12.9169884 ], [ -38.309388499999955, -12.916996299999928 ], [ -38.309389599999982, -12.917000499999981 ], [ -38.309395299999949, -12.917005599999989 ], [ -38.309399299999939, -12.917008199999946 ], [ -38.309404399999941, -12.917012699999933 ], [ -38.309416899999974, -12.917029299999951 ], [ -38.309436299999959, -12.917049399999936 ], [ -38.309448499999966, -12.917059899999972 ], [ -38.309463699999981, -12.917063199999983 ], [ -38.309472899999939, -12.917068699999948 ], [ -38.309478799999965, -12.917077799999955 ], [ -38.3094804, -12.917088399999948 ], [ -38.309482099999968, -12.9171004 ], [ -38.309487599999962, -12.917117599999916 ], [ -38.309559599999943, -12.917226499999968 ], [ -38.309606199999962, -12.917285699999981 ], [ -38.3096556, -12.917356699999962 ], [ -38.309727799999962, -12.917424 ], [ -38.309769099999983, -12.917460799999972 ], [ -38.30979039999994, -12.917489799999933 ], [ -38.309791699999948, -12.917519899999968 ], [ -38.309786299999985, -12.917554 ], [ -38.309794299999979, -12.917567299999952 ], [ -38.309821, -12.917584399999958 ], [ -38.30986, -12.917619 ], [ -38.309918599999939, -12.917686 ], [ -38.309956, -12.91777049999995 ], [ -38.309973299999974, -12.917799399999979 ], [ -38.309981199999982, -12.917834799999982 ], [ -38.309979799999944, -12.917857099999946 ], [ -38.309985099999949, -12.917870199999967 ], [ -38.310019799999971, -12.917905699999947 ], [ -38.310095799999935, -12.917985899999954 ], [ -38.310139799999945, -12.918058099999957 ], [ -38.310175799999975, -12.91810669999996 ], [ -38.310244799999964, -12.918228299999949 ], [ -38.310288399999934, -12.918273399999967 ], [ -38.310306399999952, -12.918317299999947 ], [ -38.310322199999973, -12.918372799999927 ], [ -38.310359399999982, -12.918438 ], [ -38.3103943, -12.918510199999959 ], [ -38.310431599999959, -12.918563799999953 ], [ -38.310448599999972, -12.918584699999942 ], [ -38.310461299999936, -12.918620299999912 ], [ -38.310478299999943, -12.918654 ], [ -38.310493199999939, -12.91868119999998 ], [ -38.310495199999941, -12.918717799999976 ], [ -38.310519699999929, -12.918786 ], [ -38.310527099999952, -12.918796499999932 ], [ -38.310540899999978, -12.918805899999956 ], [ -38.310565199999985, -12.918812399999986 ], [ -38.31060929999996, -12.918836699999931 ], [ -38.310642399999942, -12.918873499999954 ], [ -38.310660099999957, -12.918908499999928 ], [ -38.310663699999957, -12.918963399999949 ], [ -38.310684399999957, -12.91907929999998 ], [ -38.310708499999976, -12.919116699999947 ], [ -38.310757, -12.919147399999934 ], [ -38.310817499999985, -12.919195199999942 ], [ -38.310853799999961, -12.919230899999933 ], [ -38.31087269999994, -12.919299 ], [ -38.310895399999936, -12.919372699999929 ], [ -38.310900199999935, -12.919390199999944 ], [ -38.310910599999943, -12.919398 ], [ -38.310924199999931, -12.919395699999937 ], [ -38.310932199999961, -12.919380599999942 ], [ -38.310948199999984, -12.919374 ], [ -38.310973399999966, -12.919375299999952 ], [ -38.310983799999974, -12.919379 ], [ -38.310996099999954, -12.919385599999947 ], [ -38.311010799999963, -12.919383799999935 ], [ -38.311021899999957, -12.919375399999968 ], [ -38.311033, -12.919373099999989 ], [ -38.311045299999932, -12.919373599999975 ], [ -38.311064299999948, -12.919391299999978 ], [ -38.311076199999945, -12.919409899999961 ], [ -38.311070099999938, -12.919442199999946 ], [ -38.3110521, -12.919471699999962 ], [ -38.311039, -12.919504 ], [ -38.311042, -12.919532499999949 ], [ -38.311053899999926, -12.919560899999981 ], [ -38.311075799999969, -12.919580599999954 ], [ -38.311104799999953, -12.919594499999974 ], [ -38.311151699999989, -12.919618099999981 ], [ -38.311188599999973, -12.919655399999952 ], [ -38.311239299999954, -12.919746799999929 ], [ -38.311246199999971, -12.919782099999967 ], [ -38.311255199999955, -12.919800699999943 ], [ -38.311284099999966, -12.919827199999919 ], [ -38.311322, -12.9198527 ], [ -38.311347, -12.91987359999996 ], [ -38.311376899999971, -12.919904 ], [ -38.311394799999967, -12.91994419999998 ], [ -38.311411599999929, -12.91999819999995 ], [ -38.311409499999975, -12.920032499999927 ], [ -38.311414499999955, -12.920043299999973 ], [ -38.311438499999944, -12.920059099999955 ], [ -38.311458499999965, -12.920061399999954 ], [ -38.311471499999989, -12.920058499999987 ], [ -38.311493499999983, -12.920047799999947 ], [ -38.311508399999987, -12.920044899999933 ], [ -38.311517399999964, -12.920044899999924 ], [ -38.311524399999946, -12.920045899999923 ], [ -38.31153639999998, -12.920051799999955 ], [ -38.311550299999965, -12.92006459999995 ], [ -38.311561299999944, -12.920083199999961 ], [ -38.311561199999971, -12.920109699999957 ], [ -38.311560099999944, -12.920138 ], [ -38.311564099999941, -12.920150799999927 ], [ -38.311576099999968, -12.92015669999995 ], [ -38.311597099999979, -12.9201629 ], [ -38.311639799999966, -12.92017319999997 ], [ -38.31166039999993, -12.920191 ], [ -38.311672, -12.920222699999965 ], [ -38.311675799999946, -12.92026869999995 ], [ -38.311692499999943, -12.920322 ], [ -38.311774799999974, -12.920422099999941 ], [ -38.311911699999939, -12.920544099999963 ], [ -38.312030299999954, -12.920728899999977 ], [ -38.312253299999952, -12.921075799999935 ], [ -38.312497399999984, -12.92141159999994 ], [ -38.312526899999966, -12.921452099999938 ], [ -38.312818599999964, -12.921854599999955 ], [ -38.312838, -12.921895299999967 ], [ -38.312849899999947, -12.921930499999984 ], [ -38.312885699999988, -12.921977599999934 ], [ -38.312912699999977, -12.92198949999994 ], [ -38.312936599999951, -12.921998299999931 ], [ -38.312972399999978, -12.922039599999945 ], [ -38.312972299999949, -12.922074799999962 ], [ -38.313008099999941, -12.922133699999957 ], [ -38.313064899999979, -12.922192599999947 ], [ -38.313112699999984, -12.922251399999928 ], [ -38.313142499999969, -12.922298499999956 ], [ -38.313229199999959, -12.92239269999993 ], [ -38.313338799999947, -12.922516599999945 ], [ -38.313347499999963, -12.922526399999974 ], [ -38.313371399999944, -12.922547499999968 ], [ -38.313392699999945, -12.922599099999966 ], [ -38.313406899999968, -12.92264129999996 ], [ -38.313440299999961, -12.922674199999973 ], [ -38.313471299999946, -12.922707 ], [ -38.31350939999993, -12.922756299999961 ], [ -38.313535899999977, -12.922805 ], [ -38.313575799999967, -12.922833099999949 ], [ -38.313612, -12.922846299999936 ], [ -38.313636699999961, -12.922870599999962 ], [ -38.31364989999998, -12.922919199999971 ], [ -38.313655499999982, -12.922939699999979 ], [ -38.313682099999937, -12.922962199999985 ], [ -38.313723899999964, -12.922997799999948 ], [ -38.313779, -12.923048399999974 ], [ -38.313832899999966, -12.923146099999945 ], [ -38.313847, -12.923168799999928 ], [ -38.313859599999937, -12.92318119999995 ], [ -38.313889399999944, -12.923184899999958 ], [ -38.313913899999939, -12.923198099999988 ], [ -38.313932, -12.923219 ], [ -38.313962199999935, -12.923280699999964 ], [ -38.314024899999936, -12.923353199999944 ], [ -38.314091799999971, -12.923480899999948 ], [ -38.314245299999982, -12.923751799999936 ], [ -38.314333899999951, -12.92389659999998 ], [ -38.314360099999931, -12.92394149999995 ], [ -38.314396399999964, -12.923955799999939 ], [ -38.314414499999941, -12.92397719999995 ], [ -38.314421699999961, -12.923990299999943 ], [ -38.314422799999932, -12.924023499999979 ], [ -38.314421499999987, -12.924055599999983 ], [ -38.314425099999937, -12.924075799999978 ], [ -38.314448099999936, -12.924082899999974 ], [ -38.314498499999956, -12.924111299999943 ], [ -38.314503399999978, -12.92411859999992 ], [ -38.314505799999942, -12.924157299999933 ], [ -38.314508099999955, -12.924208199999958 ], [ -38.314535099999937, -12.92425669999994 ], [ -38.314549799999959, -12.924293099999947 ], [ -38.314549699999937, -12.924353599999964 ], [ -38.31458669999995, -12.924485099999968 ], [ -38.314608799999974, -12.924550499999956 ], [ -38.31462589999996, -12.924603899999951 ], [ -38.314650499999971, -12.92465719999997 ], [ -38.314697299999985, -12.924696099999942 ], [ -38.314739199999956, -12.924737299999958 ], [ -38.314788299999975, -12.924817399999945 ], [ -38.314801199999984, -12.924893 ], [ -38.314799599999965, -12.924908099999985 ], [ -38.314799499999943, -12.924932299999954 ], [ -38.314811799999973, -12.924959599999957 ], [ -38.31483019999996, -12.924980799999958 ], [ -38.314848699999963, -12.924996 ], [ -38.314882699999934, -12.925006699999937 ], [ -38.314913499999932, -12.925006799999936 ], [ -38.314932, -12.92501289999996 ], [ -38.314950499999952, -12.925023499999943 ], [ -38.314961299999943, -12.925049299999952 ], [ -38.314973499999958, -12.925084099999937 ], [ -38.314973399999985, -12.925115899999989 ], [ -38.314964099999941, -12.925153699999957 ], [ -38.314962499999986, -12.925180899999946 ], [ -38.314980899999973, -12.925206699999947 ], [ -38.315044, -12.925253799999956 ], [ -38.315122499999973, -12.925368299999944 ], [ -38.315351, -12.925566899999984 ], [ -38.315445199999949, -12.925689799999923 ], [ -38.315490899999929, -12.92577 ], [ -38.315627, -12.926017799999956 ], [ -38.315697299999954, -12.926145399999935 ], [ -38.315794799999935, -12.926335599999959 ], [ -38.315930099999953, -12.926577 ], [ -38.315954299999923, -12.926595199999952 ], [ -38.315975699999967, -12.926599499999963 ], [ -38.316017, -12.926608 ], [ -38.316039799999942, -12.926619199999948 ], [ -38.316053899999929, -12.926647199999948 ], [ -38.316079499999944, -12.926675199999984 ], [ -38.316122099999966, -12.926724199999988 ], [ -38.31615759999994, -12.926769 ], [ -38.316223499999971, -12.926813399999974 ], [ -38.316265299999941, -12.926851 ], [ -38.316290599999945, -12.926893799999949 ], [ -38.316324899999984, -12.92696869999997 ], [ -38.316388299999979, -12.927058 ], [ -38.316459, -12.9271348 ], [ -38.316584099999943, -12.927227799999979 ], [ -38.316782699999976, -12.927440899999954 ], [ -38.31688429999997, -12.927591199999945 ], [ -38.31697209999993, -12.92771419999997 ], [ -38.317202099999975, -12.928005599999951 ], [ -38.317251899999967, -12.928047399999967 ], [ -38.317283299999922, -12.9280674 ], [ -38.317310899999939, -12.928098299999935 ], [ -38.317325599999947, -12.928125499999959 ], [ -38.31735139999995, -12.928161799999934 ], [ -38.317382699999932, -12.928198199999931 ], [ -38.317501099999959, -12.928331299999966 ], [ -38.317529099999952, -12.928373399999957 ], [ -38.317576899999956, -12.928402699999932 ], [ -38.317606499999961, -12.928414099999957 ], [ -38.317621299999985, -12.928435199999964 ], [ -38.317626199999957, -12.928465899999923 ], [ -38.317626099999984, -12.92849339999997 ], [ -38.317619499999985, -12.928516 ], [ -38.317617799999944, -12.928532199999955 ], [ -38.31762759999998, -12.92855169999997 ], [ -38.317652399999929, -12.928561399999985 ], [ -38.317731499999979, -12.928571299999922 ], [ -38.317766199999937, -12.928581099999981 ], [ -38.317844, -12.928671 ], [ -38.317945699999946, -12.928764899999971 ], [ -38.317947799999963, -12.928766699999942 ], [ -38.318031699999956, -12.928864 ], [ -38.318132, -12.928948899999982 ], [ -38.318269799999939, -12.929074399999939 ], [ -38.318326, -12.92910959999994 ], [ -38.318436699999943, -12.929187199999932 ], [ -38.318558699999976, -12.929255699999958 ], [ -38.318705, -12.929355599999957 ], [ -38.318870599999975, -12.929481299999971 ], [ -38.319018, -12.929601699999974 ], [ -38.31909, -12.929661099999976 ], [ -38.319150199999967, -12.929727099999976 ], [ -38.319224, -12.929822699999932 ], [ -38.319260299999939, -12.929887799999944 ], [ -38.319305, -12.929946699999965 ], [ -38.319392599999958, -12.930033 ], [ -38.319474199999952, -12.930086099999929 ], [ -38.319538299999984, -12.930119899999969 ], [ -38.319593899999973, -12.930145199999982 ], [ -38.31966019999993, -12.930170599999947 ], [ -38.319747799999959, -12.930210599999963 ], [ -38.319822599999952, -12.930252799999938 ], [ -38.319876, -12.930297 ], [ -38.31995789999997, -12.930372599999941 ], [ -38.32001049999996, -12.930404499999943 ], [ -38.320055799999977, -12.930425699999944 ], [ -38.320108199999936, -12.930476199999948 ], [ -38.320171399999936, -12.930545399999962 ], [ -38.320261399999943, -12.930641299999934 ], [ -38.320320599999953, -12.93069969999992 ], [ -38.320378399999981, -12.930764099999973 ], [ -38.320472499999944, -12.930877799999971 ], [ -38.320548599999945, -12.930983799999986 ], [ -38.320570499999974, -12.93100059999993 ], [ -38.320591299999933, -12.931031499999973 ], [ -38.320636, -12.931076399999933 ], [ -38.320716699999934, -12.931137299999937 ], [ -38.320758499999954, -12.931173799999952 ], [ -38.320788899999975, -12.93121959999996 ], [ -38.320795099999941, -12.931257199999942 ], [ -38.320800399999932, -12.931299899999948 ], [ -38.320814, -12.931317299999941 ], [ -38.320842499999969, -12.93132669999993 ], [ -38.320865599999934, -12.931342799999962 ], [ -38.320957699999951, -12.931404199999989 ], [ -38.320990799999947, -12.931427599999948 ], [ -38.321022899999946, -12.931470199999985 ], [ -38.3210893, -12.931517299999927 ], [ -38.321136899999942, -12.9315483 ], [ -38.321221299999941, -12.931598499999957 ], [ -38.321295299999967, -12.931651599999961 ], [ -38.321368599999971, -12.931662699999935 ], [ -38.321403099999941, -12.931676299999941 ], [ -38.3214293, -12.931700799999922 ], [ -38.32144859999994, -12.931726599999948 ], [ -38.321483099999973, -12.931778199999927 ], [ -38.321543799999972, -12.931837099999937 ], [ -38.321572499999945, -12.93185009999997 ], [ -38.321603299999929, -12.931868599999978 ], [ -38.321644, -12.931899 ], [ -38.321670399999959, -12.931925 ], [ -38.321717799999938, -12.931964799999957 ], [ -38.321759, -12.931983899999969 ], [ -38.321816099999985, -12.9320193 ], [ -38.321845, -12.93203319999998 ], [ -38.321878399999953, -12.932049699999929 ], [ -38.321902899999941, -12.932080799999929 ], [ -38.321934499999941, -12.932105 ], [ -38.321979, -12.932131699999946 ], [ -38.321994699999955, -12.932133899999945 ], [ -38.322021599999971, -12.932136199999947 ], [ -38.322033899999958, -12.932150499999967 ], [ -38.322049599999957, -12.932167 ], [ -38.322078699999963, -12.93217589999996 ], [ -38.322106699999949, -12.932176 ], [ -38.322124599999931, -12.932185899999986 ], [ -38.322158099999974, -12.932228899999927 ], [ -38.322201599999964, -12.932276 ], [ -38.322242399999944, -12.932294899999937 ], [ -38.322304899999949, -12.932315 ], [ -38.32235089999994, -12.932330199999958 ], [ -38.322372499999972, -12.932342799999951 ], [ -38.322384, -12.932361599999988 ], [ -38.322387699999979, -12.932386599999983 ], [ -38.322394, -12.932421699999974 ], [ -38.322410899999966, -12.932448399999936 ], [ -38.32243, -12.932458399999966 ], [ -38.322463199999959, -12.932459799999936 ], [ -38.322483699999964, -12.932468599999943 ], [ -38.322513, -12.932479899999976 ], [ -38.322560199999934, -12.932480099999955 ], [ -38.3225743, -12.932483799999929 ], [ -38.322581899999939, -12.932497599999975 ], [ -38.322592, -12.932529 ], [ -38.32262, -12.932581599999933 ], [ -38.32263649999993, -12.932614199999948 ], [ -38.322701599999967, -12.932668799999931 ], [ -38.322760099999989, -12.932713699999958 ], [ -38.322786099999981, -12.93274089999994 ], [ -38.322805499999959, -12.932796799999942 ], [ -38.322820099999952, -12.93282239999996 ], [ -38.32285909999996, -12.932854399999938 ], [ -38.322914399999945, -12.932878499999958 ], [ -38.323005299999977, -12.932953699999937 ], [ -38.323050899999942, -12.933002699999982 ], [ -38.323082, -12.933027199999973 ], [ -38.323113099999937, -12.933041599999957 ], [ -38.323135899999954, -12.933068099999975 ], [ -38.3232, -12.933159899999957 ], [ -38.323249799999985, -12.933208899999959 ], [ -38.323380299999933, -12.933323299999925 ], [ -38.323643299999951, -12.933577099999987 ], [ -38.323673, -12.93361939999993 ], [ -38.323740699999973, -12.933715299999957 ], [ -38.323821499999951, -12.933829199999936 ], [ -38.323946299999932, -12.933974299999949 ], [ -38.324045199999944, -12.9340673 ], [ -38.32416209999996, -12.934181399999929 ], [ -38.324221299999977, -12.934234599999986 ], [ -38.324297699999931, -12.934333199999982 ], [ -38.324378199999956, -12.934406099999936 ], [ -38.324456, -12.934456799999982 ], [ -38.324482299999943, -12.934475 ], [ -38.324504399999967, -12.934524099999974 ], [ -38.324523099999965, -12.934563799999975 ], [ -38.324593, -12.934624699999974 ], [ -38.324687099999949, -12.93469629999993 ], [ -38.324840399999978, -12.934810299999976 ], [ -38.324962, -12.934930399999919 ], [ -38.325077499999956, -12.935060099999927 ], [ -38.325222599999961, -12.935203099999963 ], [ -38.325305899999933, -12.935287799999966 ], [ -38.325376899999988, -12.935372599999932 ], [ -38.325410499999975, -12.935397399999951 ], [ -38.325439099999983, -12.935417299999942 ], [ -38.325476099999953, -12.935460299999933 ], [ -38.32552979999997, -12.935516599999982 ], [ -38.3256004, -12.935556399999932 ], [ -38.325731499999968, -12.935635899999953 ], [ -38.325781899999988, -12.935687199999954 ], [ -38.325869299999965, -12.935773299999932 ], [ -38.325981099999979, -12.935921099999966 ], [ -38.326060399999953, -12.93605109999994 ], [ -38.32608769999996, -12.936101399999922 ], [ -38.326124199999988, -12.936169 ], [ -38.326147399999968, -12.936211899999915 ], [ -38.326218499999982, -12.936295399999969 ], [ -38.326240099999957, -12.936321499999982 ], [ -38.326303099999969, -12.93639769999993 ], [ -38.326374099999953, -12.936475699999955 ], [ -38.326423099999943, -12.936599399999967 ], [ -38.326458399999986, -12.936688799999965 ], [ -38.32653879999998, -12.936806499999946 ], [ -38.32659, -12.936864199999937 ], [ -38.3265972, -12.936917 ], [ -38.32661429999996, -12.936945799999938 ], [ -38.326643599999954, -12.936960299999967 ], [ -38.32669, -12.936989199999974 ], [ -38.326751, -12.937044499999962 ], [ -38.32687489999995, -12.937152799999987 ], [ -38.326916099999956, -12.937182899999984 ], [ -38.326948099999989, -12.937202399999938 ], [ -38.326971, -12.937231 ], [ -38.326983099999957, -12.937255 ], [ -38.32701359999993, -12.937283499999976 ], [ -38.327056399999947, -12.9373136 ], [ -38.327226399999972, -12.937433 ], [ -38.327394499999976, -12.937552699999975 ], [ -38.327618799999989, -12.93768479999995 ], [ -38.327749599999947, -12.937804399999942 ], [ -38.327914299999975, -12.937958299999947 ], [ -38.327961699999946, -12.938024099999941 ], [ -38.328050299999973, -12.938143799999969 ], [ -38.328136699999952, -12.938295 ], [ -38.328164099999988, -12.938362 ], [ -38.328185699999949, -12.938424299999966 ], [ -38.328200799999927, -12.938518399999982 ], [ -38.328223699999974, -12.938629499999942 ], [ -38.328262799999948, -12.938697599999958 ], [ -38.328308899999968, -12.938758899999986 ], [ -38.328355, -12.93882249999997 ], [ -38.32841719999994, -12.938877099999946 ], [ -38.328465699999988, -12.938920299999946 ], [ -38.328516499999978, -12.938934 ], [ -38.328565, -12.938956799999977 ], [ -38.328592699999945, -12.938979499999972 ], [ -38.328634299999983, -12.939009099999966 ], [ -38.328668899999968, -12.939034099999951 ], [ -38.328825699999982, -12.939092199999946 ], [ -38.328914299999951, -12.939139 ], [ -38.328994799999982, -12.939165499999941 ], [ -38.329064899999942, -12.93920009999994 ], [ -38.32909369999993, -12.939216299999954 ], [ -38.32911629999996, -12.939239099999961 ], [ -38.329158499999949, -12.9392784 ], [ -38.329243899999945, -12.939358899999963 ], [ -38.329245399999934, -12.939360199999939 ], [ -38.329257, -12.939371199999931 ], [ -38.329324299999946, -12.939444299999924 ], [ -38.329351699999961, -12.939474 ], [ -38.329436699999974, -12.939563499999949 ], [ -38.329503599999953, -12.939665599999957 ], [ -38.329610599999967, -12.939765899999957 ], [ -38.329714399999951, -12.93988439999992 ], [ -38.329800199999973, -12.939977699999918 ], [ -38.329925599999967, -12.940116499999942 ], [ -38.330143699999944, -12.940304799999977 ], [ -38.330289099999966, -12.940460399999939 ], [ -38.330501599999941, -12.940671399999935 ], [ -38.330635799999982, -12.940784 ], [ -38.33064839999998, -12.940795399999947 ], [ -38.33065, -12.94079679999995 ], [ -38.330758499999952, -12.940895 ], [ -38.33081, -12.940941599999956 ], [ -38.330878899999959, -12.940984699999941 ], [ -38.330947799999933, -12.941027799999967 ], [ -38.331018, -12.941049899999934 ], [ -38.331048299999964, -12.941067199999951 ], [ -38.33107659999996, -12.94111529999998 ], [ -38.331095899999987, -12.941173799999943 ], [ -38.331146899999965, -12.941244399999949 ], [ -38.331193699999979, -12.941279799999974 ], [ -38.331234399999978, -12.941309899999947 ], [ -38.331275, -12.941342 ], [ -38.331311599999943, -12.941396 ], [ -38.331362199999944, -12.941496 ], [ -38.331441299999945, -12.941632 ], [ -38.331480699999929, -12.94169539999996 ], [ -38.331559399999946, -12.941856899999935 ], [ -38.331656399999929, -12.941932499999938 ], [ -38.331762, -12.942009499999934 ], [ -38.331824, -12.942040399999945 ], [ -38.331875099999934, -12.942085899999944 ], [ -38.331929399999979, -12.942150799999988 ], [ -38.331980399999971, -12.942222199999946 ], [ -38.332008299999984, -12.942295099999972 ], [ -38.332054399999947, -12.942364799999934 ], [ -38.332148299999972, -12.942459499999918 ], [ -38.332287299999962, -12.942533599999919 ], [ -38.332392499999969, -12.942578099999949 ], [ -38.332443499999947, -12.942611799999964 ], [ -38.332506799999976, -12.942673 ], [ -38.332550199999964, -12.942715799999979 ], [ -38.332591199999968, -12.942738899999936 ], [ -38.332613599999945, -12.942744799999964 ], [ -38.332628799999959, -12.942750599999965 ], [ -38.332633499999936, -12.942760899999952 ], [ -38.332632299999943, -12.942782799999977 ], [ -38.332639299999983, -12.942815 ], [ -38.332668699999942, -12.942857099999987 ], [ -38.332706099999939, -12.94289 ], [ -38.332742099999962, -12.942942599999979 ], [ -38.332759399999929, -12.942987299999974 ], [ -38.332894099999976, -12.94319019999995 ], [ -38.332919899999979, -12.943233599999937 ], [ -38.332953399999958, -12.943262099999966 ], [ -38.332962399999928, -12.943286099999973 ], [ -38.332963499999956, -12.943288599999951 ], [ -38.332977599999936, -12.943322 ], [ -38.333027799999961, -12.943368399999935 ], [ -38.333087099999943, -12.943419399999984 ], [ -38.33313279999993, -12.943458399999955 ], [ -38.333158599999926, -12.943500299999926 ], [ -38.333166699999943, -12.94353569999995 ], [ -38.33321, -12.943566499999978 ], [ -38.333262, -12.943604099999952 ], [ -38.333294899999942, -12.943638199999963 ], [ -38.333312099999944, -12.943687599999988 ], [ -38.333324099999984, -12.943738699999916 ], [ -38.333351799999946, -12.94378129999996 ], [ -38.333377799999937, -12.943798399999945 ], [ -38.333467299999931, -12.943824699999947 ], [ -38.333543099999929, -12.943855899999962 ], [ -38.333590499999971, -12.943883899999955 ], [ -38.33366, -12.943946099999948 ], [ -38.333742099999945, -12.944008399999966 ], [ -38.333799, -12.94403949999997 ], [ -38.333849499999985, -12.944083099999936 ], [ -38.333909499999955, -12.944111099999919 ], [ -38.3339443, -12.944120499999951 ], [ -38.333985399999953, -12.944133 ], [ -38.334035799999981, -12.94420139999994 ], [ -38.334097299999947, -12.944287 ], [ -38.334189899999956, -12.944404399999923 ], [ -38.334245899999985, -12.944492199999956 ], [ -38.334310799999969, -12.944602599999952 ], [ -38.334374799999978, -12.944730099999965 ], [ -38.33439, -12.944747099999956 ], [ -38.334420499999965, -12.944760199999957 ], [ -38.334476599999959, -12.9447623 ], [ -38.334509099999941, -12.944771399999984 ], [ -38.33456, -12.944816499999948 ], [ -38.334611799999948, -12.944866499999916 ], [ -38.334647299999965, -12.944888199999987 ], [ -38.334677499999941, -12.944888199999973 ], [ -38.33470879999993, -12.944891699999962 ], [ -38.334720399999973, -12.944898599999929 ], [ -38.334738899999941, -12.944916799999934 ], [ -38.334754, -12.944932799999942 ], [ -38.334777199999962, -12.94493629999994 ], [ -38.334823599999943, -12.944925 ], [ -38.334882799999946, -12.944904699999947 ], [ -38.334928099999956, -12.94489 ], [ -38.334990799999957, -12.944890199999966 ], [ -38.335024499999975, -12.944904499999943 ], [ -38.3350867, -12.944941699999958 ], [ -38.33511869999996, -12.944975 ], [ -38.33515639999996, -12.944986199999962 ], [ -38.335199799999941, -12.944980799999952 ], [ -38.33521879999995, -12.944956799999961 ], [ -38.335224499999981, -12.944934599999948 ], [ -38.335286899999979, -12.944897799999989 ], [ -38.335383199999967, -12.944877699999944 ], [ -38.335464399999985, -12.944868599999964 ], [ -38.335577699999931, -12.944868899999939 ], [ -38.335755199999937, -12.944884199999921 ], [ -38.335887299999975, -12.944907699999924 ], [ -38.335936799999963, -12.944922899999932 ], [ -38.335985099999959, -12.944950699999943 ], [ -38.336046499999959, -12.944996799999956 ], [ -38.336088699999955, -12.945039299999967 ], [ -38.336121499999933, -12.945086399999971 ], [ -38.33615489999994, -12.945120499999954 ], [ -38.336197, -12.945147 ], [ -38.336248799999957, -12.945164099999937 ], [ -38.336304499999983, -12.945168 ], [ -38.33633709999998, -12.945168 ], [ -38.336388899999982, -12.945168199999951 ], [ -38.336454099999976, -12.945189 ], [ -38.33655379999994, -12.945247599999972 ], [ -38.336722499999958, -12.945378599999975 ], [ -38.336789599999982, -12.945444799999958 ], [ -38.336870499999975, -12.945511 ], [ -38.336902599999981, -12.945536599999947 ], [ -38.336934599999957, -12.94555359999992 ], [ -38.336942299999983, -12.945557699999931 ], [ -38.336986699999962, -12.94556529999994 ], [ -38.337017199999934, -12.945575899999952 ], [ -38.337049299999933, -12.945588 ], [ -38.337075599999942, -12.945586 ], [ -38.337095199999972, -12.9455877 ], [ -38.33710119999995, -12.945592699999963 ], [ -38.337114, -12.945601099999989 ], [ -38.3371327, -12.945601199999928 ], [ -38.3371729, -12.94559789999993 ], [ -38.337206199999969, -12.945598 ], [ -38.337227499999983, -12.945608899999982 ], [ -38.337237699999953, -12.945624899999936 ], [ -38.33723939999993, -12.945634899999947 ], [ -38.337229099999945, -12.945645799999948 ], [ -38.337214499999959, -12.9456633 ], [ -38.337204299999939, -12.945679199999987 ], [ -38.337203399999972, -12.94569259999996 ], [ -38.337211, -12.945700099999945 ], [ -38.337225499999924, -12.9457002 ], [ -38.337304099999983, -12.945692 ], [ -38.337330599999973, -12.945692899999926 ], [ -38.337340599999948, -12.945698399999968 ], [ -38.337370099999937, -12.945730499999963 ], [ -38.337393299999974, -12.945785499999936 ], [ -38.337397799999962, -12.945829699999946 ], [ -38.33739769999994, -12.945858699999977 ], [ -38.337411699999969, -12.945874 ], [ -38.337449, -12.945883199999976 ], [ -38.337487899999985, -12.945898599999957 ], [ -38.337535699999933, -12.945933899999957 ], [ -38.337566599999938, -12.945966599999966 ], [ -38.33758349999993, -12.945984399999928 ], [ -38.33763289999996, -12.946048799999987 ], [ -38.337678799999928, -12.946108 ], [ -38.337756599999977, -12.946179399999947 ], [ -38.337830899999972, -12.946231699999943 ], [ -38.337947099999951, -12.946325599999968 ], [ -38.338003499999957, -12.946358899999961 ], [ -38.338069799999971, -12.946417299999958 ], [ -38.338129, -12.946457599999961 ], [ -38.338203799999974, -12.946497899999935 ], [ -38.338325899999973, -12.946566699999945 ], [ -38.338330599999956, -12.946568199999932 ], [ -38.338377399999956, -12.94658259999995 ], [ -38.338424, -12.946592199999941 ], [ -38.338452899999943, -12.946614399999929 ], [ -38.338473699999952, -12.946646 ], [ -38.33848809999995, -12.946680699999945 ], [ -38.338498899999934, -12.946695399999962 ], [ -38.338521799999967, -12.946726499999974 ], [ -38.338575599999956, -12.946755199999931 ], [ -38.33857729999994, -12.946756099999964 ], [ -38.338581199999972, -12.946758199999971 ], [ -38.338635799999963, -12.946785099999941 ], [ -38.338701699999952, -12.946813699999954 ], [ -38.338743799999982, -12.946829799999934 ], [ -38.338788699999952, -12.946861399999936 ], [ -38.338838499999945, -12.946893099999953 ], [ -38.338927199999958, -12.946959099999946 ], [ -38.338988599999944, -12.946999499999942 ], [ -38.339097099999947, -12.947094299999939 ], [ -38.339144099999942, -12.947150699999947 ], [ -38.339230099999952, -12.947221299999983 ], [ -38.33930789999993, -12.947289899999921 ], [ -38.339393899999941, -12.9473786 ], [ -38.339605099999972, -12.947647 ], [ -38.339662499999967, -12.947708799999935 ], [ -38.339751299999932, -12.947801299999979 ], [ -38.339855699999937, -12.947878599999973 ], [ -38.339942499999957, -12.947925 ], [ -38.3399472, -12.947927499999945 ], [ -38.339981199999961, -12.947955799999921 ], [ -38.34015119999998, -12.948131399999955 ], [ -38.340304199999935, -12.94824509999995 ], [ -38.340389699999939, -12.948318399999948 ], [ -38.340439899999978, -12.948356899999967 ], [ -38.34048259999998, -12.948400799999943 ], [ -38.340503, -12.948442899999964 ], [ -38.34052719999994, -12.948470299999924 ], [ -38.340603599999959, -12.94851069999992 ], [ -38.340631499999972, -12.948527899999927 ], [ -38.340655899999945, -12.948553099999959 ], [ -38.340670899999971, -12.948594199999942 ], [ -38.340680099999936, -12.948638699999949 ], [ -38.340705599999986, -12.948678699999951 ], [ -38.340748699999949, -12.948722299999915 ], [ -38.340795299999961, -12.948732799999954 ], [ -38.340825, -12.948747499999968 ], [ -38.340848199999975, -12.948778699999947 ], [ -38.340854499999985, -12.948816199999946 ], [ -38.340856499999973, -12.948855699999973 ], [ -38.340881899999943, -12.948889 ], [ -38.34092, -12.948914099999966 ], [ -38.340949699999953, -12.948924499999976 ], [ -38.340973, -12.94893709999997 ], [ -38.340983499999936, -12.94896 ], [ -38.341011, -12.948997499999956 ], [ -38.34104, -12.949046399999933 ], [ -38.341079699999973, -12.949076399999978 ], [ -38.341126, -12.949125899999952 ], [ -38.341190699999977, -12.949204 ], [ -38.341203, -12.949217399999954 ], [ -38.341204, -12.949218499999985 ], [ -38.341278099999954, -12.949299499999931 ], [ -38.34130609999994, -12.949322799999942 ], [ -38.341329699999967, -12.949375799999924 ], [ -38.341385499999951, -12.949454099999969 ], [ -38.341491, -12.949536899999925 ], [ -38.341599899999949, -12.949657399999975 ], [ -38.341638899999964, -12.949707799999949 ], [ -38.341673699999944, -12.949779199999982 ], [ -38.341688899999959, -12.949811 ], [ -38.341716399999939, -12.949832699999938 ], [ -38.341752099999958, -12.949854299999956 ], [ -38.341785, -12.949878699999948 ], [ -38.341823499999975, -12.949921899999929 ], [ -38.341861899999969, -12.949957099999938 ], [ -38.341900299999956, -12.949997699999919 ], [ -38.341933199999971, -12.950040899999975 ], [ -38.341994199999931, -12.950127099999978 ], [ -38.3420043, -12.950134799999946 ], [ -38.342018899999971, -12.950146099999918 ], [ -38.342036, -12.950173499999938 ], [ -38.342037, -12.950217799999949 ], [ -38.342065899999959, -12.950262399999939 ], [ -38.342113199999972, -12.950292 ], [ -38.342161499999968, -12.950313199999941 ], [ -38.342231199999972, -12.950370199999965 ], [ -38.342308799999955, -12.950441599999969 ], [ -38.342343, -12.950464499999967 ], [ -38.342378599999968, -12.95049019999994 ], [ -38.342392199999956, -12.950522399999951 ], [ -38.342401799999948, -12.950544 ], [ -38.342442799999965, -12.950580399999982 ], [ -38.342491, -12.950601499999934 ], [ -38.342519099999954, -12.950612299999937 ], [ -38.342551799999974, -12.950633799999935 ], [ -38.342595399999944, -12.95066909999996 ], [ -38.342623399999987, -12.950705899999932 ], [ -38.342653, -12.950742699999962 ], [ -38.342693499999946, -12.950775 ], [ -38.34279609999993, -12.950766599999946 ], [ -38.342847599999978, -12.950766699999972 ], [ -38.342911699999945, -12.950747699999953 ], [ -38.342942, -12.9507164 ], [ -38.342952699999962, -12.950685099999909 ], [ -38.342963499999939, -12.950665899999931 ], [ -38.3430044, -12.950655599999951 ], [ -38.343022099999985, -12.950667799999959 ], [ -38.343047, -12.950694 ], [ -38.343103699999972, -12.950744699999973 ], [ -38.343205, -12.950790299999953 ], [ -38.343378399999956, -12.950847099999969 ], [ -38.343481899999972, -12.950871 ], [ -38.343545599999963, -12.950887799999975 ], [ -38.343586599999981, -12.950914399999929 ], [ -38.343701199999941, -12.950996599999923 ], [ -38.343781, -12.951056199999968 ], [ -38.343782099999942, -12.951057 ], [ -38.343795799999953, -12.951067299999988 ], [ -38.343864799999949, -12.951135199999962 ], [ -38.344025599999952, -12.951287199999951 ], [ -38.344136499999941, -12.951400499999972 ], [ -38.344198099999964, -12.95145919999994 ], [ -38.344263899999923, -12.951493699999961 ], [ -38.344327699999951, -12.951499899999945 ], [ -38.344401099999963, -12.951512499999966 ], [ -38.344446099999971, -12.951535299999946 ], [ -38.344511599999983, -12.951588499999961 ], [ -38.344579599999975, -12.951669399999957 ], [ -38.344659299999925, -12.951772099999976 ], [ -38.344662399999947, -12.951795799999957 ], [ -38.344665599999985, -12.951816299999955 ], [ -38.344664699999953, -12.951836 ], [ -38.34465019999994, -12.951851699999963 ], [ -38.344636499999986, -12.951873 ], [ -38.344618899999936, -12.951925 ], [ -38.344620099999929, -12.951951399999944 ], [ -38.344623899999931, -12.951967099999914 ], [ -38.344627099999975, -12.951974699999923 ], [ -38.344639899999954, -12.951981 ], [ -38.3446527, -12.951974699999925 ], [ -38.344663099999934, -12.951956499999932 ], [ -38.344676099999958, -12.951950599999956 ], [ -38.344687299999983, -12.951941499999963 ], [ -38.344709699999953, -12.951941599999932 ], [ -38.344724699999979, -12.951950799999979 ], [ -38.344737699999946, -12.95197459999998 ], [ -38.34476559999996, -12.952004 ], [ -38.344795499999968, -12.952020599999981 ], [ -38.344827199999941, -12.952040799999969 ], [ -38.344870199999953, -12.952044599999954 ], [ -38.344879599999949, -12.952044899999986 ], [ -38.344922599999968, -12.952046499999936 ], [ -38.344982399999935, -12.952054 ], [ -38.345058899999977, -12.952103699999954 ], [ -38.345151199999975, -12.952136499999932 ], [ -38.345236599999971, -12.952149799999971 ], [ -38.345308699999975, -12.95215 ], [ -38.345333699999969, -12.95215 ], [ -38.345378099999948, -12.952150099999921 ], [ -38.345436899999982, -12.952152899999934 ], [ -38.34546349999993, -12.95218179999995 ], [ -38.345500799999975, -12.952229 ], [ -38.345562099999938, -12.952273599999943 ], [ -38.345596799999953, -12.952276299999941 ], [ -38.345634699999941, -12.95226349999994 ], [ -38.345702899999935, -12.952261299999988 ], [ -38.345709499999934, -12.952261099999934 ], [ -38.34578689999995, -12.952266499999942 ], [ -38.345840299999963, -12.952290199999942 ], [ -38.345846, -12.952297699999972 ], [ -38.345851699999976, -12.952305199999955 ], [ -38.345880199999947, -12.952342699999987 ], [ -38.34591469999998, -12.952416099999924 ], [ -38.345919599999952, -12.952465599999984 ], [ -38.345924399999944, -12.952515099999953 ], [ -38.345924199999963, -12.952577299999964 ], [ -38.345924099999934, -12.952628 ], [ -38.345929, -12.952655799999938 ], [ -38.345957399999982, -12.952662499999969 ], [ -38.345997499999953, -12.952664199999949 ], [ -38.34603919999995, -12.952652899999979 ], [ -38.346069299999961, -12.952631699999923 ], [ -38.346086099999987, -12.952610399999964 ], [ -38.346135199999935, -12.952585599999965 ], [ -38.346185299999952, -12.952572399999967 ], [ -38.346226, -12.952568399999977 ], [ -38.346253099999956, -12.952567399999959 ], [ -38.346281299999937, -12.95256959999994 ], [ -38.346319799999939, -12.952581899999924 ], [ -38.346346899999965, -12.952594299999944 ], [ -38.346389699999975, -12.952605599999972 ], [ -38.346417299999985, -12.9526054 ], [ -38.34644719999995, -12.952595199999955 ], [ -38.346485899999948, -12.952589499999947 ], [ -38.346529099999941, -12.952595399999954 ], [ -38.346575299999984, -12.95261309999994 ], [ -38.346632599999971, -12.952647299999958 ], [ -38.346768299999951, -12.952728399999963 ], [ -38.347025099999946, -12.952902299999963 ], [ -38.347180899999962, -12.95303489999997 ], [ -38.347367799999972, -12.95322369999996 ], [ -38.347483, -12.953352599999958 ], [ -38.34756909999993, -12.953442399999982 ], [ -38.347658199999962, -12.953499399999931 ], [ -38.347699399999961, -12.95351969999996 ], [ -38.347780499999942, -12.953542899999929 ], [ -38.347852, -12.95357 ], [ -38.347896, -12.95360249999993 ], [ -38.347953599999983, -12.953641699999936 ], [ -38.348004799999963, -12.953702199999942 ], [ -38.348041499999965, -12.953777 ], [ -38.348058599999945, -12.953813199999937 ], [ -38.348084299999989, -12.953848099999941 ], [ -38.348118599999971, -12.953853 ], [ -38.348157899999926, -12.953856699999948 ], [ -38.34818, -12.95386879999994 ], [ -38.348194699999965, -12.953900199999971 ], [ -38.348224, -12.953944599999954 ], [ -38.34826, -12.953962799999946 ], [ -38.348303, -12.953971899999933 ], [ -38.348334399999949, -12.953977199999928 ], [ -38.348373599999945, -12.953977299999954 ], [ -38.348402, -12.953973599999932 ], [ -38.348427399999935, -12.953966899999962 ], [ -38.348465, -12.953946 ], [ -38.348486699999967, -12.953942 ], [ -38.348511799999976, -12.953942099999955 ], [ -38.348545799999961, -12.953944099999958 ], [ -38.348565099999981, -12.953945299999926 ], [ -38.348607299999969, -12.953959199999936 ], [ -38.348623299999929, -12.953970899999938 ], [ -38.348643299999942, -12.953985399999976 ], [ -38.348660499999937, -12.953996199999958 ], [ -38.348732599999956, -12.953990199999954 ], [ -38.348745699999938, -12.953990399999954 ], [ -38.348755099999948, -12.953990599999932 ], [ -38.34880759999993, -12.953991299999938 ], [ -38.348903799999967, -12.953991499999981 ], [ -38.348962, -12.953991699999955 ], [ -38.348968299999967, -12.953991899999936 ], [ -38.348970699999938, -12.953992 ], [ -38.34903809999998, -12.953994099999939 ], [ -38.349107499999938, -12.95399639999993 ], [ -38.349120899999953, -12.95400739999995 ], [ -38.349174599999969, -12.954020699999946 ], [ -38.34925, -12.954040399999945 ], [ -38.349275099999936, -12.954054099999961 ], [ -38.349336499999936, -12.95410639999994 ], [ -38.34940079999997, -12.954149099999915 ], [ -38.349455199999973, -12.954194499999971 ], [ -38.349526399999945, -12.954245399999914 ], [ -38.349550499999971, -12.954288799999972 ], [ -38.349571799999971, -12.954327299999921 ], [ -38.34959669999995, -12.954357099999989 ], [ -38.349651899999969, -12.954404499999963 ], [ -38.349680399999954, -12.954432599999958 ], [ -38.349691, -12.95447979999995 ], [ -38.349692699999935, -12.954507799999924 ], [ -38.349710499999958, -12.954530599999934 ], [ -38.349730099999938, -12.954530599999947 ], [ -38.349744399999963, -12.954530699999967 ], [ -38.349769299999927, -12.954537699999946 ], [ -38.349778199999953, -12.95455 ], [ -38.349779899999938, -12.954576199999982 ], [ -38.34977809999998, -12.954593699999974 ], [ -38.349792299999933, -12.954604299999977 ], [ -38.349856499999923, -12.954627199999935 ], [ -38.34994729999994, -12.95472179999995 ], [ -38.34996679999994, -12.95477089999997 ], [ -38.349991799999941, -12.9548526 ], [ -38.34999449999998, -12.954873799999978 ], [ -38.350009099999966, -12.954881299999947 ], [ -38.350026499999956, -12.954886799999935 ], [ -38.350069499999961, -12.954888199999967 ], [ -38.350095299999964, -12.95489 ], [ -38.35011389999994, -12.954898799999974 ], [ -38.350121899999984, -12.954913599999944 ], [ -38.350128, -12.954934599999936 ], [ -38.350142199999944, -12.954956399999958 ], [ -38.350149299999941, -12.954960499999975 ], [ -38.350169699999988, -12.954972199999913 ], [ -38.350190199999936, -12.95498 ], [ -38.35019989999995, -12.954988799999967 ], [ -38.350203399999934, -12.955002699999984 ], [ -38.350197199999968, -12.955017499999931 ], [ -38.350189099999966, -12.95502879999998 ], [ -38.350184699999943, -12.955042799999934 ], [ -38.350197099999946, -12.955061099999961 ], [ -38.350213499999938, -12.955070599999942 ], [ -38.350230499999959, -12.955074099999937 ], [ -38.3502468, -12.955074199999961 ], [ -38.350256099999974, -12.955068599999963 ], [ -38.350295799999969, -12.95504159999996 ], [ -38.350327699999973, -12.955027099999956 ], [ -38.350356099999935, -12.955027199999956 ], [ -38.350380899999948, -12.955030699999954 ], [ -38.350399299999943, -12.955044699999965 ], [ -38.35041559999997, -12.955057199999931 ], [ -38.350432499999947, -12.955065599999962 ], [ -38.350458099999976, -12.955065699999974 ], [ -38.35050339999998, -12.955063699999918 ], [ -38.350522799999965, -12.955064599999947 ], [ -38.35054, -12.95506549999992 ], [ -38.3505517, -12.955078799999978 ], [ -38.350554399999972, -12.955099199999957 ], [ -38.350556099999956, -12.955118699999966 ], [ -38.35056179999998, -12.955124099999974 ], [ -38.3505823, -12.955143599999925 ], [ -38.350606699999958, -12.955143699999942 ], [ -38.350625699999966, -12.955142799999988 ], [ -38.350642, -12.955147299999954 ], [ -38.350654599999984, -12.955159699999982 ], [ -38.350655399999944, -12.955174799999963 ], [ -38.350658099999976, -12.955192499999955 ], [ -38.350670699999966, -12.95520589999996 ], [ -38.350680699999941, -12.955206799999923 ], [ -38.350702399999932, -12.955197099999964 ], [ -38.35073129999995, -12.955186499999957 ], [ -38.350743099999931, -12.955183899999938 ], [ -38.350753899999972, -12.955191 ], [ -38.350754799999947, -12.955200799999933 ], [ -38.350750499999947, -12.955219699999926 ], [ -38.350741399999947, -12.955239199999941 ], [ -38.350737799999941, -12.955254299999982 ], [ -38.350737699999968, -12.95526489999996 ], [ -38.350750399999974, -12.95526579999996 ], [ -38.350771199999933, -12.955262299999957 ], [ -38.350805499999986, -12.95526149999994 ], [ -38.35082, -12.955277499999978 ], [ -38.350820799999951, -12.955307599999959 ], [ -38.350807199999963, -12.955329799999955 ], [ -38.350773699999941, -12.955346499999967 ], [ -38.350728399999987, -12.955363199999969 ], [ -38.350700399999944, -12.955378199999933 ], [ -38.350699399999939, -12.955388 ], [ -38.350698499999957, -12.955397699999928 ], [ -38.350709299999949, -12.955419 ], [ -38.350769199999945, -12.955483499999954 ], [ -38.350836899999933, -12.955509 ], [ -38.350922399999952, -12.955525799999966 ], [ -38.35102779999994, -12.95553909999995 ], [ -38.351105799999971, -12.955539299999943 ], [ -38.351161699999977, -12.955529299999966 ], [ -38.351163299999939, -12.955528399999926 ], [ -38.351188399999963, -12.955513 ], [ -38.351213199999961, -12.955497699999951 ], [ -38.351258899999948, -12.955487799999959 ], [ -38.351323599999944, -12.955485 ], [ -38.351420599999983, -12.955486699999945 ], [ -38.351444099999988, -12.955504099999942 ], [ -38.351449199999941, -12.955529199999944 ], [ -38.351449899999977, -12.955532899999987 ], [ -38.351449799999955, -12.955573299999957 ], [ -38.35146449999997, -12.955597799999969 ], [ -38.351482099999949, -12.955610899999938 ], [ -38.351524799999936, -12.95560659999995 ], [ -38.351535099999978, -12.955590799999985 ], [ -38.351545499999929, -12.955564899999965 ], [ -38.351552899999945, -12.955553499999937 ], [ -38.351555799999979, -12.955549 ], [ -38.351588199999981, -12.955536199999917 ], [ -38.35162349999996, -12.955536199999933 ], [ -38.351657299999935, -12.955540599999964 ], [ -38.351676099999963, -12.95555759999996 ], [ -38.351699099999962, -12.955617299999963 ], [ -38.351708199999962, -12.955669 ], [ -38.351711499999965, -12.955687399999933 ], [ -38.351774399999961, -12.955732899999926 ], [ -38.351833199999938, -12.955770099999933 ], [ -38.351921399999988, -12.955780599999985 ], [ -38.352009599999974, -12.955803499999949 ], [ -38.352072499999963, -12.955840699999941 ], [ -38.352166899999929, -12.955917099999963 ], [ -38.352280399999977, -12.956048899999917 ], [ -38.352349499999946, -12.956166299999943 ], [ -38.352385099999928, -12.956255499999928 ], [ -38.3524088, -12.956344699999924 ], [ -38.352439599999968, -12.956403799999972 ], [ -38.352455499999962, -12.95644049999993 ], [ -38.352523499999961, -12.956483899999986 ], [ -38.352587499999977, -12.956520699999922 ], [ -38.352603599999952, -12.95654969999992 ], [ -38.352618599999978, -12.95665439999993 ], [ -38.352631099999947, -12.956718199999946 ], [ -38.352675099999942, -12.956755599999957 ], [ -38.352708499999942, -12.956785499999976 ], [ -38.352758699999988, -12.95680349999996 ], [ -38.352786, -12.956803599999954 ], [ -38.352831699999975, -12.95680369999997 ], [ -38.352865099999981, -12.956824599999949 ], [ -38.352901399999944, -12.956875399999944 ], [ -38.352986399999971, -12.956930799999947 ], [ -38.353095, -12.956952399999984 ], [ -38.353180099999967, -12.95695259999996 ], [ -38.353268199999945, -12.956954299999946 ], [ -38.353357899999928, -12.956971199999947 ], [ -38.353422799999983, -12.957007399999949 ], [ -38.353485599999942, -12.957030299999939 ], [ -38.353537699999954, -12.957058799999968 ], [ -38.353581099999928, -12.957068 ], [ -38.35358309999998, -12.957068399999969 ], [ -38.353607299999965, -12.957066599999973 ], [ -38.353656599999958, -12.957060099999969 ], [ -38.353731599999946, -12.95705989999994 ], [ -38.353755499999984, -12.95706229999997 ], [ -38.353773199999978, -12.957075099999933 ], [ -38.353796299999942, -12.957079699999962 ], [ -38.353810099999983, -12.957073699999961 ], [ -38.353816299999949, -12.95705709999992 ], [ -38.353820199999973, -12.957046599999961 ], [ -38.353838, -12.957040599999962 ], [ -38.353867199999975, -12.957040599999965 ], [ -38.353925799999949, -12.957043 ], [ -38.353951699999982, -12.957044199999924 ], [ -38.353967699999941, -12.957050199999957 ], [ -38.353981199999964, -12.957058099999941 ], [ -38.353986, -12.957071899999949 ], [ -38.353986, -12.957096599999932 ], [ -38.353985299999984, -12.957121899999946 ], [ -38.353985199999961, -12.957137599999951 ], [ -38.35399069999994, -12.957150199999958 ], [ -38.354003, -12.957153899999966 ], [ -38.354020799999937, -12.957152099999975 ], [ -38.354054, -12.957137099999942 ], [ -38.354066899999957, -12.957130499999961 ], [ -38.354070099999952, -12.957106499999957 ], [ -38.354068899999966, -12.957090799999952 ], [ -38.354058499999944, -12.957077499999953 ], [ -38.354051699999957, -12.957065799999931 ], [ -38.354049899999957, -12.95705 ], [ -38.354060699999927, -12.957037699999953 ], [ -38.354132399999976, -12.957027399999969 ], [ -38.354178899999965, -12.957024 ], [ -38.354209399999945, -12.957027599999941 ], [ -38.354230799999982, -12.957036399999936 ], [ -38.354266599999967, -12.957045199999982 ], [ -38.354316799999935, -12.957045399999968 ], [ -38.35440269999998, -12.957028 ], [ -38.354481599999936, -12.956984299999929 ], [ -38.354549799999972, -12.956949399999937 ], [ -38.354631499999989, -12.956915899999945 ], [ -38.354641799999968, -12.956915399999954 ], [ -38.354692799999953, -12.956913 ], [ -38.354794399999946, -12.956913299999941 ], [ -38.354820699999955, -12.956917499999967 ], [ -38.354871099999976, -12.956925699999948 ], [ -38.354908299999977, -12.956944 ], [ -38.354945599999951, -12.956960399999966 ], [ -38.354991199999979, -12.956966599999927 ], [ -38.355026499999958, -12.956966699999965 ], [ -38.355055599999957, -12.956944399999928 ], [ -38.355095, -12.95691 ], [ -38.355144899999971, -12.956879599999978 ], [ -38.355190599999958, -12.95685939999991 ], [ -38.355205099999978, -12.956849199999953 ], [ -38.355205099999985, -12.956831 ], [ -38.35521139999998, -12.956810599999907 ], [ -38.355234299999957, -12.956780199999971 ], [ -38.355267499999968, -12.95676809999998 ], [ -38.355294599999986, -12.956733599999952 ], [ -38.355314499999963, -12.956678199999933 ], [ -38.35531619999994, -12.956645599999936 ], [ -38.355329199999979, -12.956608299999957 ], [ -38.35535119999998, -12.956579799999922 ], [ -38.355390099999966, -12.956560899999932 ], [ -38.355429799999968, -12.956549799999944 ], [ -38.35548289999997, -12.956543199999928 ], [ -38.355531599999949, -12.95654209999997 ], [ -38.355621599999942, -12.956545899999986 ], [ -38.355683599999971, -12.956547299999967 ], [ -38.355740799999978, -12.956546199999927 ], [ -38.35586439999998, -12.956518 ], [ -38.355927699999938, -12.956518099999933 ], [ -38.356000599999959, -12.956539799999977 ], [ -38.356088099999965, -12.956594799999939 ], [ -38.356156, -12.956648699999972 ], [ -38.356197299999963, -12.956670199999953 ], [ -38.356280899999945, -12.956692499999983 ], [ -38.356334099999977, -12.956692599999929 ], [ -38.3564406, -12.956692899999958 ], [ -38.356518799999947, -12.956692 ], [ -38.356601399999931, -12.956679399999924 ], [ -38.356667699999939, -12.95664869999996 ], [ -38.356710699999944, -12.956624 ], [ -38.356757899999934, -12.956595599999952 ], [ -38.356836899999969, -12.956568599999969 ], [ -38.356929799999932, -12.956559299999981 ], [ -38.356943499999943, -12.956559099999923 ], [ -38.357008799999953, -12.956558199999961 ], [ -38.35708359999996, -12.956554299999931 ], [ -38.35718339999994, -12.956527299999935 ], [ -38.357336299999936, -12.956455 ], [ -38.357479599999984, -12.956398199999954 ], [ -38.357679399999945, -12.956352 ], [ -38.357958799999956, -12.956307699999973 ], [ -38.358164299999942, -12.9562979 ], [ -38.35837139999996, -12.956288199999962 ], [ -38.358568899999973, -12.95627879999995 ], [ -38.358685899999955, -12.956272899999934 ], [ -38.358801699999958, -12.95626209999995 ], [ -38.358889799999936, -12.9562352 ], [ -38.35895579999994, -12.956197 ], [ -38.359361899999946, -12.955740699999989 ], [ -38.359443399999975, -12.955649199999984 ], [ -38.359925299999936, -12.955053699999961 ], [ -38.360625599999935, -12.95439989999994 ], [ -38.361305, -12.954018899999923 ], [ -38.361415199999961, -12.953954799999964 ], [ -38.361492199999937, -12.953976499999946 ], [ -38.36160979999994, -12.95400629999995 ], [ -38.361728199999952, -12.953929399999945 ], [ -38.361794099999933, -12.953835499999961 ], [ -38.361802699999942, -12.953750299999957 ], [ -38.36179819999996, -12.953660799999964 ], [ -38.361732899999936, -12.95362669999998 ], [ -38.361676299999942, -12.953618299999954 ], [ -38.361619799999971, -12.953626799999931 ], [ -38.361545699999972, -12.953618399999977 ], [ -38.361542599999943, -12.953482299999962 ], [ -38.361645, -12.953287 ], [ -38.361748899999945, -12.953312199999958 ], [ -38.361814799999934, -12.953240099999945 ], [ -38.361845599999988, -12.95315959999993 ], [ -38.361893299999963, -12.953070199999958 ], [ -38.362048699999953, -12.953026799999968 ], [ -38.362200299999984, -12.952996 ], [ -38.362366299999962, -12.953 ], [ -38.362392499999949, -12.953106399999964 ], [ -38.362388, -12.95323829999996 ], [ -38.362510499999985, -12.953216899999974 ], [ -38.362519199999959, -12.953212599999977 ], [ -38.362707, -12.95310129999995 ], [ -38.362702599999977, -12.953084299999952 ], [ -38.362689499999931, -12.953067299999937 ], [ -38.362663199999929, -12.952982099999938 ], [ -38.362711199999985, -12.952866899999938 ], [ -38.362759399999959, -12.952783099999957 ], [ -38.362807399999966, -12.952655199999965 ], [ -38.362846699999977, -12.952629699999925 ], [ -38.362938399999962, -12.952535899999939 ], [ -38.363021399999987, -12.952390899999946 ], [ -38.363112899999976, -12.952152299999947 ], [ -38.363112799999961, -12.952126799999959 ], [ -38.363055699999961, -12.951961699999966 ], [ -38.36306419999994, -12.951851799999931 ], [ -38.363155499999948, -12.951741699999944 ], [ -38.363168599999938, -12.951733099999947 ], [ -38.363317099999961, -12.951698099999915 ], [ -38.363518699999929, -12.95170069999994 ], [ -38.363623399999945, -12.951504699999926 ], [ -38.363622899999946, -12.951464199999961 ], [ -38.363621799999969, -12.951370799999959 ], [ -38.363662199999965, -12.951263599999933 ], [ -38.363766299999966, -12.951187299999953 ], [ -38.363888399999951, -12.951212499999928 ], [ -38.364019699999965, -12.951140099999964 ], [ -38.364041699999973, -12.951004099999965 ], [ -38.364165499999956, -12.950879699999973 ], [ -38.364418, -12.950709499999968 ], [ -38.364683699999944, -12.950688299999978 ], [ -38.364885299999969, -12.950713199999937 ], [ -38.364986599999952, -12.950725599999943 ], [ -38.36526189999995, -12.950907799999976 ], [ -38.365283799999929, -12.950924799999941 ], [ -38.365555499999978, -12.951163499999939 ], [ -38.36556859999996, -12.951163499999945 ], [ -38.365914499999981, -12.951167499999935 ], [ -38.365953899999965, -12.951158899999934 ], [ -38.366048299999932, -12.951134899999948 ], [ -38.366305699999948, -12.951069599999919 ], [ -38.366627499999943, -12.951133299999986 ], [ -38.366649299999956, -12.951141799999947 ], [ -38.367132699999964, -12.951260499999925 ], [ -38.367495199999944, -12.951374699999969 ], [ -38.367743299999979, -12.951380599999942 ], [ -38.367843599999965, -12.951382899999951 ], [ -38.367852, -12.951370099999975 ], [ -38.36787349999998, -12.951357399999939 ], [ -38.368097599999935, -12.951302 ], [ -38.368101899999942, -12.951302 ], [ -38.368441699999956, -12.951216799999941 ], [ -38.368481, -12.951216699999963 ], [ -38.368566599999944, -12.951212 ], [ -38.368795599999949, -12.95119929999991 ], [ -38.368808799999954, -12.951199299999919 ], [ -38.368954099999939, -12.95118619999994 ], [ -38.369357199999975, -12.951253899999923 ], [ -38.369802, -12.951356699999977 ], [ -38.369816399999934, -12.951360099999929 ], [ -38.370113199999935, -12.951406599999924 ], [ -38.370889799999922, -12.951682799999954 ], [ -38.371803599999964, -12.951907599999977 ], [ -38.372672199999954, -12.952109399999941 ], [ -38.37312419999995, -12.952390699999976 ], [ -38.373198599999967, -12.952535799999966 ], [ -38.373351599999978, -12.952574199999956 ], [ -38.37341739999993, -12.952655499999928 ], [ -38.373618599999929, -12.952672399999916 ], [ -38.373644799999973, -12.952663799999987 ], [ -38.373675299999938, -12.95264669999994 ], [ -38.3737407, -12.952612299999949 ], [ -38.373871299999962, -12.952530899999921 ], [ -38.373883899999953, -12.95244969999993 ], [ -38.373852899999974, -12.952377099999978 ], [ -38.373778699999939, -12.952381499999927 ], [ -38.373921799999948, -12.952253399999961 ], [ -38.374090899999935, -12.952214599999945 ], [ -38.374108399999955, -12.952223099999987 ], [ -38.3743085, -12.952265299999965 ], [ -38.37436409999998, -12.952289399999927 ], [ -38.374861699999947, -12.952505099999927 ], [ -38.374944399999954, -12.9525409 ], [ -38.37544239999994, -12.952699499999941 ], [ -38.375476699999986, -12.95270769999995 ], [ -38.37624969999996, -12.953029299999976 ], [ -38.376671599999945, -12.953256299999971 ], [ -38.377015199999953, -12.953557099999962 ], [ -38.377100599999949, -12.953674399999962 ], [ -38.377150899999947, -12.953743599999955 ], [ -38.377493899999934, -12.953954899999943 ], [ -38.377498299999949, -12.95396339999996 ], [ -38.377732699999967, -12.954336199999945 ], [ -38.377856, -12.954620899999936 ], [ -38.377866, -12.954859799999943 ], [ -38.377901299999969, -12.955158399999972 ], [ -38.377905699999985, -12.95517549999995 ], [ -38.377949799999961, -12.955516799999955 ], [ -38.378133399999967, -12.955597299999956 ], [ -38.378302899999937, -12.955707799999971 ], [ -38.378490899999981, -12.955728699999964 ], [ -38.378613199999961, -12.955741299999939 ], [ -38.378668799999957, -12.95593089999994 ], [ -38.378625299999953, -12.956165499999946 ], [ -38.378609499999975, -12.956386599999979 ], [ -38.378603699999978, -12.956468499999986 ], [ -38.378849, -12.956574899999961 ], [ -38.379019599999936, -12.956459599999961 ], [ -38.379190899999976, -12.956297199999943 ], [ -38.379348399999962, -12.95620309999998 ], [ -38.379754599999963, -12.955963899999956 ], [ -38.38027, -12.955804299999961 ], [ -38.380938899999926, -12.955548 ], [ -38.381685299999958, -12.955445199999932 ], [ -38.381702799999971, -12.955449399999965 ], [ -38.382223799999963, -12.955512699999939 ], [ -38.383000499999987, -12.955690399999988 ], [ -38.383581799999952, -12.955817499999952 ], [ -38.384098199999983, -12.955970299999938 ], [ -38.384253799999961, -12.955964599999957 ], [ -38.38445239999993, -12.955957199999956 ], [ -38.385026699999976, -12.956007799999945 ], [ -38.385504099999949, -12.956190699999976 ], [ -38.386010499999941, -12.956309299999933 ], [ -38.387272899999971, -12.956841 ], [ -38.387912399999955, -12.95722259999995 ], [ -38.388419699999922, -12.95752449999997 ], [ -38.388441699999937, -12.957545899999952 ], [ -38.388911299999954, -12.957776499999973 ], [ -38.38892009999995, -12.957780699999955 ], [ -38.388942, -12.957789199999981 ], [ -38.389309699999956, -12.957997799999932 ], [ -38.389331399999946, -12.958006099999984 ], [ -38.389348799999944, -12.958014599999945 ], [ -38.390012199999937, -12.958320599999974 ], [ -38.390476, -12.95864459999995 ], [ -38.391193899999955, -12.959149499999963 ], [ -38.391607299999976, -12.959521599999968 ], [ -38.392120899999952, -12.959886899999967 ], [ -38.392143399999945, -12.959899699999951 ], [ -38.393010799999956, -12.960393599999959 ], [ -38.393802, -12.960903499999979 ], [ -38.394329599999935, -12.961243599999941 ], [ -38.39715729999994, -12.962717599999973 ], [ -38.398192399999971, -12.963254199999945 ], [ -38.39946, -12.964171199999953 ], [ -38.399509399999943, -12.96420979999993 ], [ -38.400127199999929, -12.96469319999995 ], [ -38.400142599999988, -12.964708199999945 ], [ -38.400704399999938, -12.965130099999955 ], [ -38.401329799999985, -12.965599599999964 ], [ -38.401997, -12.966129099999918 ], [ -38.402449599999954, -12.966517 ], [ -38.402837, -12.966960199999951 ], [ -38.403131899999948, -12.96723369999995 ], [ -38.404287799999963, -12.967869299999958 ], [ -38.4045862, -12.968033399999953 ], [ -38.405048699999952, -12.968372899999965 ], [ -38.405960399999962, -12.968965 ], [ -38.406477, -12.969423299999953 ], [ -38.407170299999962, -12.969819699999951 ], [ -38.408372399999955, -12.970692599999952 ], [ -38.409409599999954, -12.971277199999967 ], [ -38.410493, -12.972077 ], [ -38.412056099999973, -12.973098799999946 ], [ -38.413000399999937, -12.973884 ], [ -38.41355429999993, -12.974344599999927 ], [ -38.414987599999968, -12.975204099999928 ], [ -38.415766399999931, -12.975729799999959 ], [ -38.416136399999978, -12.975919499999982 ], [ -38.416720899999973, -12.976219199999939 ], [ -38.417024899999952, -12.976435399999966 ], [ -38.417092799999985, -12.976483699999953 ], [ -38.418579399999949, -12.977390399999921 ], [ -38.419078299999974, -12.977743099999937 ], [ -38.419219399999974, -12.977880599999949 ], [ -38.419378199999983, -12.977995299999961 ], [ -38.419496, -12.978021599999988 ], [ -38.419564199999968, -12.978229099999977 ], [ -38.419722899999954, -12.978339299999945 ], [ -38.419804599999964, -12.978418699999954 ], [ -38.419913299999969, -12.978365599999956 ], [ -38.4200628, -12.978369799999925 ], [ -38.420135399999936, -12.978422699999937 ], [ -38.420207899999973, -12.978418199999966 ], [ -38.420352899999962, -12.97843569999997 ], [ -38.420511599999941, -12.978501799999947 ], [ -38.420597699999981, -12.978519299999974 ], [ -38.420706499999937, -12.97854129999995 ], [ -38.420809799999965, -12.97855 ], [ -38.420868699999971, -12.97849249999998 ], [ -38.421194799999959, -12.978430399999985 ], [ -38.421140399999963, -12.97834649999991 ], [ -38.421212699999955, -12.978258099999945 ], [ -38.421498099999958, -12.978266499999961 ], [ -38.421519599999954, -12.978272299999945 ], [ -38.42184419999996, -12.978359 ], [ -38.42244709999995, -12.978711299999917 ], [ -38.422796599999977, -12.979007 ], [ -38.423369, -12.979353799999949 ], [ -38.424733599999975, -12.980384599999979 ], [ -38.4252906, -12.980697099999924 ], [ -38.426491299999952, -12.981548099999941 ], [ -38.42663, -12.9816567 ], [ -38.426795199999965, -12.981786199999945 ], [ -38.427924299999979, -12.982692699999983 ], [ -38.428860899999968, -12.983549 ], [ -38.429296, -12.983954299999935 ], [ -38.430820699999977, -12.985296699999918 ], [ -38.43223949999998, -12.986433199999954 ], [ -38.433299299999923, -12.987680899999939 ], [ -38.433740699999937, -12.988173 ], [ -38.434204299999976, -12.98869 ], [ -38.435232499999977, -12.989635199999947 ], [ -38.435467899999935, -12.989875199999956 ], [ -38.435749799999947, -12.990162499999929 ], [ -38.436208, -12.990652 ], [ -38.43684769999993, -12.991387299999934 ], [ -38.437215399999957, -12.991872599999963 ], [ -38.438021699999986, -12.992840099999981 ], [ -38.43834419999996, -12.993259299999973 ], [ -38.439119, -12.994261699999969 ], [ -38.439205599999987, -12.994418099999969 ], [ -38.439671599999933, -12.99525929999993 ], [ -38.439747699999941, -12.995357199999939 ], [ -38.440075299999933, -12.995778699999951 ], [ -38.440370599999937, -12.996151199999927 ], [ -38.440397099999977, -12.996184499999973 ], [ -38.440388, -12.996192899999917 ], [ -38.440312799999958, -12.996262099999967 ], [ -38.440313099999976, -12.996358899999949 ], [ -38.440353899999927, -12.996442599999966 ], [ -38.440408099999956, -12.996490899999962 ], [ -38.440448699999926, -12.996543699999972 ], [ -38.440428599999962, -12.996636799999978 ], [ -38.440422099999978, -12.996667099999954 ], [ -38.440426899999984, -12.996755299999966 ], [ -38.440467599999977, -12.996799199999952 ], [ -38.440406499999945, -12.997032099999942 ], [ -38.440515099999971, -12.997032099999945 ], [ -38.440655399999969, -12.997084899999951 ], [ -38.440795099999953, -12.99701 ], [ -38.440867199999964, -12.996983599999965 ], [ -38.440934699999957, -12.996988 ], [ -38.440966299999957, -12.99703629999995 ], [ -38.440939499999963, -12.997097899999972 ], [ -38.440881099999956, -12.997193799999948 ], [ -38.440800299999985, -12.997322499999944 ], [ -38.440823099999932, -12.997472299999965 ], [ -38.440723899999959, -12.997547699999917 ], [ -38.440683399999955, -12.99763629999994 ], [ -38.440883299999939, -12.998002799999931 ], [ -38.440860799999939, -12.998122 ], [ -38.440706899999959, -12.998267899999965 ], [ -38.440834, -12.998417899999927 ], [ -38.44101459999996, -12.99839789999994 ], [ -38.441173299999946, -12.998503699999967 ], [ -38.441273099999933, -12.99853889999997 ], [ -38.441458799999971, -12.998485699999952 ], [ -38.441499, -12.998348599999934 ], [ -38.44164829999994, -12.998311 ], [ -38.441693, -12.998299699999942 ], [ -38.441864499999951, -12.998321499999987 ], [ -38.442009699999979, -12.998409599999952 ], [ -38.442222399999942, -12.998431199999972 ], [ -38.442439499999978, -12.998519099999937 ], [ -38.442448599999977, -12.998523499999964 ], [ -38.442629699999948, -12.998629 ], [ -38.442819699999973, -12.998721299999938 ], [ -38.442981399999958, -12.998663399999932 ], [ -38.443103699999938, -12.998742599999943 ], [ -38.443236299999967, -12.998777499999965 ], [ -38.443313599999961, -12.998905699999955 ], [ -38.443449499999936, -12.998993899999956 ], [ -38.443607499999985, -12.998909799999977 ], [ -38.443761, -12.998860899999954 ], [ -38.443927, -12.9987543 ], [ -38.443922299999933, -12.998741099999959 ], [ -38.443992499999986, -12.998568699999966 ], [ -38.444285399999963, -12.998550799999967 ], [ -38.444524599999966, -12.998603699999945 ], [ -38.444751099999969, -12.998736199999945 ], [ -38.444955699999987, -12.998904499999981 ], [ -38.445228899999968, -12.999066099999929 ], [ -38.445346899999947, -12.999220499999968 ], [ -38.445582199999933, -12.999361399999952 ], [ -38.445892899999933, -12.999369599999959 ], [ -38.446197799999929, -12.999478499999972 ], [ -38.446302199999927, -12.999458899999963 ], [ -38.446389899999929, -12.999442499999933 ], [ -38.446486699999987, -12.999315399999929 ], [ -38.446706099999979, -12.99928009999995 ], [ -38.447358799999968, -13.00004149999997 ], [ -38.447763899999984, -13.000424099999968 ], [ -38.448133299999938, -13.000888899999953 ], [ -38.448660599999982, -13.00138 ], [ -38.44948039999997, -13.002257399999962 ], [ -38.449615199999975, -13.002401599999924 ], [ -38.449683399999969, -13.002494 ], [ -38.449666899999968, -13.002519199999918 ], [ -38.449634099999969, -13.002569099999947 ], [ -38.449544, -13.002670699999948 ], [ -38.449544299999957, -13.002772299999943 ], [ -38.449585199999945, -13.002812 ], [ -38.449689499999977, -13.002851599999936 ], [ -38.449635399999984, -13.002922399999941 ], [ -38.44972619999993, -13.002979799999938 ], [ -38.44983509999998, -13.003046 ], [ -38.450032899999947, -13.003038199999942 ], [ -38.450035199999945, -13.003038099999968 ], [ -38.450046399999962, -13.003035899999935 ], [ -38.450150399999984, -13.003015099999963 ], [ -38.450171099999984, -13.003010899999927 ], [ -38.450291, -13.003057399999932 ], [ -38.450354799999957, -13.003107499999935 ], [ -38.450399299999958, -13.003201899999958 ], [ -38.450407, -13.003218299999951 ], [ -38.450422099999969, -13.003250399999947 ], [ -38.450417799999975, -13.003259599999975 ], [ -38.450409699999959, -13.003276799999975 ], [ -38.450396799999965, -13.003304 ], [ -38.45038969999996, -13.003319099999921 ], [ -38.450374, -13.003352399999908 ], [ -38.450306799999971, -13.003494699999985 ], [ -38.450295199999964, -13.003614899999928 ], [ -38.450394899999935, -13.003734799999961 ], [ -38.450406099999952, -13.003738799999944 ], [ -38.450427799999943, -13.003746499999972 ], [ -38.450440199999953, -13.003751 ], [ -38.45047, -13.003761599999974 ], [ -38.450578, -13.003800299999961 ], [ -38.450623, -13.003800099999964 ], [ -38.450683, -13.0038 ], [ -38.450709299999971, -13.003799899999917 ], [ -38.450770499999976, -13.003832099999936 ], [ -38.450787699999985, -13.00384109999993 ], [ -38.450833599999946, -13.003865099999915 ], [ -38.450952199999961, -13.003927299999939 ], [ -38.450981599999984, -13.003984199999946 ], [ -38.451016099999947, -13.004051099999961 ], [ -38.451048899999932, -13.004078099999949 ], [ -38.451095799999955, -13.004116799999972 ], [ -38.451318599999979, -13.004181799999964 ], [ -38.451447199999969, -13.004238 ], [ -38.451618099999969, -13.004272499999963 ], [ -38.451776799999948, -13.004171299999953 ], [ -38.451833899999947, -13.004120899999975 ], [ -38.451970399999944, -13.004000499999954 ], [ -38.452127699999949, -13.003919299999945 ], [ -38.452331899999933, -13.003957399999946 ], [ -38.452417899999944, -13.004076299999946 ], [ -38.452506699999958, -13.004199099999937 ], [ -38.452554699999951, -13.004342699999944 ], [ -38.452588, -13.004442099999951 ], [ -38.452698, -13.004566 ], [ -38.452823, -13.004706799999934 ], [ -38.45297439999996, -13.004976399999959 ], [ -38.453351099999963, -13.005166099999936 ], [ -38.453519899999954, -13.005280299999967 ], [ -38.453531499999947, -13.005284 ], [ -38.453663899999988, -13.005348599999914 ], [ -38.453709699999941, -13.005370899999956 ], [ -38.453875699999976, -13.005534899999933 ], [ -38.453922599999935, -13.005581199999934 ], [ -38.454101699999967, -13.0058385 ], [ -38.454215099999949, -13.006013599999973 ], [ -38.454415599999955, -13.006329399999974 ], [ -38.454727299999945, -13.006586 ], [ -38.455087499999934, -13.006699299999967 ], [ -38.455253099999936, -13.006678899999923 ], [ -38.455657, -13.00663 ], [ -38.455994499999974, -13.00660279999993 ], [ -38.456216299999944, -13.006699099999929 ], [ -38.456541699999946, -13.006625299999934 ], [ -38.456992, -13.006617199999935 ], [ -38.457392899999938, -13.006667299999963 ], [ -38.457519099999956, -13.006683099999981 ], [ -38.457905399999959, -13.006785799999916 ], [ -38.458288399999965, -13.006850299999948 ], [ -38.458681899999931, -13.006983499999926 ], [ -38.458926799999972, -13.007121199999974 ], [ -38.459354699999956, -13.007448499999963 ], [ -38.459436499999988, -13.007511099999927 ], [ -38.459556499999962, -13.007764299999961 ], [ -38.459793199999986, -13.007922599999985 ], [ -38.459880299999952, -13.008011 ], [ -38.460322099999985, -13.008459399999929 ], [ -38.460513, -13.008640099999978 ], [ -38.460638899999935, -13.008759399999981 ], [ -38.460705699999941, -13.008832599999961 ], [ -38.460830799999947, -13.008969699999966 ], [ -38.460968099999953, -13.00912019999992 ], [ -38.461293499999947, -13.009198199999968 ], [ -38.461807499999964, -13.009401799999962 ], [ -38.462109899999973, -13.009559699999961 ], [ -38.4621504, -13.00957349999994 ], [ -38.462491699999937, -13.009690099999952 ], [ -38.463254599999971, -13.010021599999957 ], [ -38.463454799999973, -13.010108599999967 ], [ -38.463890899999967, -13.010389599999952 ], [ -38.464114699999982, -13.010574699999955 ], [ -38.464522599999952, -13.010861199999962 ], [ -38.465122, -13.011198799999919 ], [ -38.465510199999976, -13.011379599999954 ], [ -38.465771399999937, -13.011494899999935 ], [ -38.465813699999956, -13.011513599999967 ], [ -38.46627339999997, -13.011669 ], [ -38.466827099999932, -13.012029099999936 ], [ -38.467204799999941, -13.012274799999947 ], [ -38.467349899999931, -13.012446399999931 ], [ -38.467439499999962, -13.01255229999998 ], [ -38.467617799999971, -13.012867499999986 ], [ -38.467908, -13.013205499999957 ], [ -38.468067699999949, -13.013617099999966 ], [ -38.468119399999985, -13.013766899999956 ], [ -38.468271299999977, -13.01420679999994 ], [ -38.468539399999941, -13.01473 ], [ -38.468747, -13.014881699999927 ], [ -38.468902899999939, -13.014830899999939 ], [ -38.469159099999956, -13.014747299999961 ], [ -38.469580699999938, -13.014609 ], [ -38.470140399999934, -13.014538599999982 ], [ -38.470153599999954, -13.014536899999944 ], [ -38.47018869999993, -13.014532499999987 ], [ -38.470463899999963, -13.01458709999997 ], [ -38.470939699999981, -13.01482539999995 ], [ -38.471004799999946, -13.014852099999926 ], [ -38.47107079999995, -13.014879199999937 ], [ -38.471287799999971, -13.014774299999955 ], [ -38.471299899999963, -13.014766499999949 ], [ -38.471623799999975, -13.014557099999941 ], [ -38.471941299999969, -13.014463599999951 ], [ -38.47220979999998, -13.014384499999959 ], [ -38.472787299999936, -13.014208499999953 ], [ -38.473161, -13.014163799999944 ], [ -38.473310499999975, -13.014146 ], [ -38.473534599999937, -13.014198199999967 ], [ -38.473766, -13.014252099999958 ], [ -38.474201199999975, -13.014327399999951 ], [ -38.474645799999962, -13.014357399999938 ], [ -38.475103799999943, -13.014417099999964 ], [ -38.475505899999973, -13.014423799999962 ], [ -38.475823299999945, -13.01448809999993 ], [ -38.476456299999938, -13.014659799999928 ], [ -38.47724709999995, -13.014877499999944 ], [ -38.477881599999932, -13.015077299999971 ], [ -38.478316199999938, -13.015226199999965 ], [ -38.47853379999998, -13.015300699999953 ], [ -38.47887, -13.015485299999945 ], [ -38.478954599999959, -13.015548899999937 ], [ -38.478957199999975, -13.015550899999941 ], [ -38.478953399999973, -13.015637299999973 ], [ -38.478950199999936, -13.015708299999977 ], [ -38.478999699999967, -13.015756 ], [ -38.479031099999929, -13.015786199999974 ], [ -38.479069899999963, -13.015823599999985 ], [ -38.479205499999971, -13.015908099999928 ], [ -38.479468599999961, -13.016000299999968 ], [ -38.479660099999926, -13.016050199999942 ], [ -38.479823399999923, -13.0161118 ], [ -38.479829099999968, -13.016111299999965 ], [ -38.479930699999954, -13.016102599999959 ], [ -38.480010299999947, -13.01609579999996 ], [ -38.48001979999998, -13.016069499999952 ], [ -38.480039499999975, -13.016015199999963 ], [ -38.480046199999961, -13.015996599999939 ], [ -38.480055199999988, -13.015971799999919 ], [ -38.480073899999979, -13.015950199999962 ], [ -38.480078299999946, -13.015945099999938 ], [ -38.480165299999953, -13.01584449999995 ], [ -38.480172699999962, -13.015839 ], [ -38.480177799999979, -13.015835099999935 ], [ -38.480266499999971, -13.015768199999957 ], [ -38.480332799999985, -13.015718099999956 ], [ -38.480298499999954, -13.015619799999977 ], [ -38.480354, -13.01556169999998 ], [ -38.480398399999963, -13.015515199999987 ], [ -38.480462, -13.015478499999963 ], [ -38.480540899999937, -13.015433199999963 ], [ -38.480585399999931, -13.015407499999986 ], [ -38.48066579999994, -13.015389499999962 ], [ -38.480693199999962, -13.015383399999973 ], [ -38.480723, -13.015376699999942 ], [ -38.480758499999979, -13.015372499999957 ], [ -38.480792399999977, -13.015368499999962 ], [ -38.48092, -13.015353499999948 ], [ -38.481036599999982, -13.01542239999997 ], [ -38.481109099999969, -13.015419799999959 ], [ -38.481137499999932, -13.01541879999998 ], [ -38.48125029999995, -13.01535349999995 ], [ -38.48130869999995, -13.015239699999933 ], [ -38.481319499999984, -13.015218799999946 ], [ -38.481356099999971, -13.015088799999951 ], [ -38.48136779999993, -13.015058699999951 ], [ -38.48141829999998, -13.014929 ], [ -38.481425799999954, -13.014846599999949 ], [ -38.48171739999998, -13.014825299999931 ], [ -38.481912399999942, -13.014759199999968 ], [ -38.482320899999934, -13.014834799999953 ], [ -38.482433399999927, -13.014961599999936 ], [ -38.482531899999977, -13.015018799999961 ], [ -38.482789099999934, -13.015008399999948 ], [ -38.482974599999977, -13.015131 ], [ -38.483273399999966, -13.0152864 ], [ -38.48345889999996, -13.015385199999969 ], [ -38.483504, -13.015413099999925 ], [ -38.483748099999957, -13.015564299999941 ], [ -38.48388019999993, -13.01550779999997 ], [ -38.483937, -13.015483499999947 ], [ -38.484182399999959, -13.015509599999969 ], [ -38.48421239999994, -13.015532599999966 ], [ -38.484306699999934, -13.015604899999966 ], [ -38.484334399999966, -13.015700799999927 ], [ -38.484420899999975, -13.015885399999933 ], [ -38.484500099999934, -13.015887 ], [ -38.484571, -13.015888299999972 ], [ -38.484609, -13.015889099999979 ], [ -38.484673, -13.015954099999925 ], [ -38.484690799999953, -13.016046399999931 ], [ -38.484699299999932, -13.016098699999924 ], [ -38.484703099999933, -13.016121899999989 ], [ -38.484707799999967, -13.016150499999975 ], [ -38.484711499999939, -13.01615249999997 ], [ -38.484753499999954, -13.016175099999934 ], [ -38.484849799999957, -13.0162271 ], [ -38.48499, -13.016191799999937 ], [ -38.485159099999976, -13.016102699999976 ], [ -38.485230199999933, -13.015995299999945 ], [ -38.485264699999959, -13.015990099999957 ], [ -38.485312299999975, -13.015982799999966 ], [ -38.485356699999954, -13.015976 ], [ -38.48552489999998, -13.015956799999977 ], [ -38.485563599999978, -13.016036599999962 ], [ -38.485618299999949, -13.016097499999953 ], [ -38.485634199999929, -13.016137199999942 ], [ -38.48565339999994, -13.016185199999933 ], [ -38.485696099999984, -13.016165799999943 ], [ -38.485727799999957, -13.016151499999967 ], [ -38.485751499999942, -13.01620879999996 ], [ -38.485765, -13.016234299999971 ], [ -38.48581449999994, -13.016327799999951 ], [ -38.485846299999942, -13.016457899999988 ], [ -38.485909, -13.016531599999951 ], [ -38.485967099999975, -13.016464899999944 ], [ -38.486048399999959, -13.016512199999973 ], [ -38.486098899999945, -13.016697599999947 ], [ -38.486134399999962, -13.016812899999943 ], [ -38.486266199999932, -13.016906799999955 ], [ -38.486367899999948, -13.016882 ], [ -38.486398299999969, -13.016874599999927 ], [ -38.486482699999954, -13.016954499999953 ], [ -38.486535599999975, -13.017004499999921 ], [ -38.486706199999958, -13.017105299999981 ], [ -38.486843, -13.017192199999954 ], [ -38.486851399999978, -13.017203699999987 ], [ -38.486962099999978, -13.017287799999954 ], [ -38.486978299999976, -13.01729549999992 ], [ -38.487102399999969, -13.017326199999966 ], [ -38.487227599999983, -13.017275799999945 ], [ -38.487237299999947, -13.017271899999974 ], [ -38.48725189999994, -13.017199 ], [ -38.487271499999956, -13.017184599999947 ], [ -38.487330099999951, -13.017141599999954 ], [ -38.487438399999974, -13.017122399999968 ], [ -38.487608899999948, -13.01712189999995 ], [ -38.487770699999942, -13.017106199999946 ], [ -38.487912599999952, -13.017090499999943 ], [ -38.488093299999953, -13.017112899999981 ], [ -38.488201599999968, -13.017262399999947 ], [ -38.488423099999984, -13.017269699999932 ], [ -38.488497299999949, -13.017131 ], [ -38.488516, -13.017031099999942 ], [ -38.488597099999936, -13.016873899999954 ], [ -38.488604699999946, -13.0168586 ], [ -38.488615199999963, -13.01667509999994 ], [ -38.488611099999957, -13.016667499999926 ], [ -38.488517899999984, -13.016524399999984 ], [ -38.48862859999997, -13.016393099999977 ], [ -38.48876579999996, -13.016367299999965 ], [ -38.488817099999949, -13.01623729999994 ], [ -38.488828899999938, -13.015973 ], [ -38.488866199999961, -13.015716 ], [ -38.488869099999931, -13.015515 ], [ -38.48886969999996, -13.015473499999926 ], [ -38.488891, -13.015247499999925 ], [ -38.488894099999975, -13.015214799999971 ], [ -38.488992599999953, -13.015128299999956 ], [ -38.48901909999995, -13.015105099999953 ], [ -38.48916719999994, -13.015115699999971 ], [ -38.489252099999938, -13.015239 ], [ -38.489331899999968, -13.015230699999957 ], [ -38.489405199999972, -13.0152232 ], [ -38.489482499999959, -13.01521519999995 ], [ -38.489557, -13.015099 ], [ -38.48973, -13.014955899999958 ], [ -38.489722799999981, -13.014810899999917 ], [ -38.489720099999943, -13.014755799999923 ], [ -38.489714599999949, -13.014645899999957 ], [ -38.489712899999972, -13.014298099999953 ], [ -38.489713699999982, -13.014125 ], [ -38.489883199999959, -13.014043799999955 ], [ -38.490267, -13.013783099999964 ], [ -38.49037189999995, -13.01367669999998 ], [ -38.490552199999961, -13.013546099999923 ], [ -38.490787099999977, -13.013438099999961 ], [ -38.490943099999981, -13.013536699999978 ], [ -38.491017599999971, -13.013524799999963 ], [ -38.491025499999978, -13.01352569999996 ], [ -38.491100399999937, -13.013534199999963 ], [ -38.491123, -13.013536799999958 ], [ -38.491178799999943, -13.013543199999962 ], [ -38.491258599999981, -13.013585599999935 ], [ -38.491337199999975, -13.01362739999996 ], [ -38.491567499999981, -13.013692499999927 ], [ -38.491798, -13.013703499999949 ], [ -38.491899899999972, -13.013671499999935 ], [ -38.491971, -13.0136492 ], [ -38.491997199999965, -13.013641 ], [ -38.492005899999988, -13.013625699999965 ], [ -38.492056599999948, -13.013536199999972 ], [ -38.49201439999996, -13.013492599999944 ], [ -38.492000499999961, -13.013478299999971 ], [ -38.491995699999968, -13.013473299999944 ], [ -38.491936099999982, -13.013306699999916 ], [ -38.491972299999937, -13.013295199999961 ], [ -38.492097699999938, -13.013255599999972 ], [ -38.492184, -13.01322829999998 ], [ -38.492322199999926, -13.013266899999957 ], [ -38.492480199999932, -13.013189899999929 ], [ -38.492482699999982, -13.013188699999949 ], [ -38.492481299999959, -13.013097699999934 ], [ -38.492480399999977, -13.013041499999922 ], [ -38.492446199999961, -13.012891 ], [ -38.492446099999938, -13.012878299999958 ], [ -38.49244589999995, -13.012862099999944 ], [ -38.492443899999955, -13.01267169999994 ], [ -38.492398299999934, -13.012614099999961 ], [ -38.492363699999949, -13.012570299999938 ], [ -38.492344399999979, -13.01254589999998 ], [ -38.492316399999936, -13.01250949999995 ], [ -38.492311799999989, -13.012503599999931 ], [ -38.49227529999996, -13.012456399999973 ], [ -38.492232, -13.012400199999968 ], [ -38.492131699999952, -13.012369599999923 ], [ -38.492098399999975, -13.012289299999951 ], [ -38.492218399999956, -13.012064399999932 ], [ -38.492387299999962, -13.011859099999972 ], [ -38.492409899999984, -13.011847699999977 ], [ -38.492554499999983, -13.011775 ], [ -38.492708399999977, -13.011684699999924 ], [ -38.49274209999993, -13.011665 ], [ -38.492850799999978, -13.011668099999957 ], [ -38.493002199999978, -13.011701199999944 ], [ -38.493004199999973, -13.011743699999935 ], [ -38.493005399999966, -13.011769399999917 ], [ -38.493005699999969, -13.011776499999931 ], [ -38.493027699999978, -13.011776899999969 ], [ -38.493169599999923, -13.011779499999925 ], [ -38.493318299999942, -13.011779 ], [ -38.493383, -13.011814499999957 ], [ -38.493455599999955, -13.011854299999985 ], [ -38.493622699999946, -13.011864799999945 ], [ -38.493628299999962, -13.011865199999924 ], [ -38.493641899999936, -13.011865099999957 ], [ -38.493765599999968, -13.011864799999957 ], [ -38.493880599999954, -13.011872 ], [ -38.493913899999939, -13.011908 ], [ -38.494000399999948, -13.012001199999913 ], [ -38.494025599999937, -13.011894499999922 ], [ -38.494145899999978, -13.011879299999974 ], [ -38.494331599999953, -13.011734399999957 ], [ -38.494339899999943, -13.011728 ], [ -38.494343399999934, -13.011725299999974 ], [ -38.494466, -13.011688 ], [ -38.494573499999952, -13.011673299999918 ], [ -38.494661099999973, -13.011703199999957 ], [ -38.494682299999965, -13.011710399999968 ], [ -38.494691299999943, -13.01172609999997 ], [ -38.494721099999936, -13.011777499999932 ], [ -38.494807099999946, -13.01176589999994 ], [ -38.494861199999946, -13.011758599999949 ], [ -38.494837699999948, -13.011688099999954 ], [ -38.494850499999977, -13.011670499999973 ], [ -38.49489159999996, -13.011614099999974 ], [ -38.495019899999939, -13.011680399999934 ], [ -38.495049199999983, -13.011698799999987 ], [ -38.49510209999994, -13.011732199999914 ], [ -38.495218599999923, -13.011731899999985 ], [ -38.495297699999981, -13.011791299999981 ], [ -38.495432399999977, -13.011869499999934 ], [ -38.495558199999948, -13.011852199999959 ], [ -38.495632599999965, -13.011842 ], [ -38.495653399999988, -13.011809499999966 ], [ -38.49570029999996, -13.011736299999921 ], [ -38.495829399999941, -13.011709199999926 ], [ -38.495917199999958, -13.011724799999971 ], [ -38.495969499999944, -13.011734099999964 ], [ -38.496121899999942, -13.011736199999961 ], [ -38.496307499999951, -13.011736199999977 ], [ -38.496312199999977, -13.011731 ], [ -38.496393499999961, -13.011639399999984 ], [ -38.49644729999995, -13.011435299999977 ], [ -38.49645049999998, -13.011418699999975 ], [ -38.496454199999953, -13.011400399999969 ], [ -38.496480899999938, -13.011265399999964 ], [ -38.496485199999938, -13.011243899999968 ], [ -38.49651879999994, -13.011092899999946 ], [ -38.496519099999944, -13.011091499999972 ], [ -38.496603799999946, -13.010966199999945 ], [ -38.496799099999983, -13.010958 ], [ -38.496898499999929, -13.010989799999948 ], [ -38.497057899999952, -13.011040799999948 ], [ -38.497369499999941, -13.011160699999948 ], [ -38.49741829999995, -13.011285499999937 ], [ -38.497410199999941, -13.011430199999964 ], [ -38.497348299999942, -13.011568599999984 ], [ -38.497367899999972, -13.011704899999923 ], [ -38.497422699999952, -13.011719299999983 ], [ -38.497523899999983, -13.011745799999961 ], [ -38.497551499999936, -13.011752599999964 ], [ -38.497702, -13.011789899999929 ], [ -38.497817399999981, -13.011811499999986 ], [ -38.497992799999963, -13.011817199999932 ], [ -38.498243799999955, -13.011875099999935 ], [ -38.498404299999955, -13.011937899999971 ], [ -38.498460599999923, -13.011926099999922 ], [ -38.498603, -13.011993199999946 ], [ -38.498749399999951, -13.011984199999963 ], [ -38.49890419999997, -13.012062699999952 ], [ -38.499052099999972, -13.012130299999965 ], [ -38.499164299999968, -13.012206 ], [ -38.49934449999995, -13.012166899999956 ], [ -38.499455499999954, -13.012151 ], [ -38.499471199999959, -13.012157 ], [ -38.499606, -13.012208099999942 ], [ -38.499619, -13.012304 ], [ -38.499623099999951, -13.012319399999964 ], [ -38.499635099999978, -13.012342599999958 ], [ -38.499733299999953, -13.01241639999995 ], [ -38.499956, -13.01246 ], [ -38.500076599999943, -13.012441299999978 ], [ -38.500088099999971, -13.012432699999971 ], [ -38.500092, -13.012429799999964 ], [ -38.500185099999953, -13.012384299999963 ], [ -38.500206699999985, -13.012454099999953 ], [ -38.500236699999959, -13.012484299999915 ], [ -38.50027079999996, -13.012518599999973 ], [ -38.500381499999946, -13.012569399999959 ], [ -38.500539699999941, -13.01260149999996 ], [ -38.500610399999971, -13.012544699999985 ], [ -38.500649499999959, -13.012513199999928 ], [ -38.500756799999976, -13.01254439999996 ], [ -38.500785599999972, -13.01255279999998 ], [ -38.500877299999964, -13.012491 ], [ -38.500886599999944, -13.012484699999959 ], [ -38.500950399999965, -13.012441699999943 ], [ -38.501088099999947, -13.012333699999946 ], [ -38.501111399999964, -13.01217209999994 ], [ -38.501048499999968, -13.012057299999986 ], [ -38.501143299999967, -13.011968 ], [ -38.501150099999961, -13.011961499999936 ], [ -38.501181199999962, -13.011862299999958 ], [ -38.501145699999938, -13.011722399999934 ], [ -38.501204, -13.0117739 ], [ -38.501386099999941, -13.011728799999956 ], [ -38.50151, -13.011669199999979 ], [ -38.50161589999994, -13.011618299999967 ], [ -38.501749599999982, -13.011571799999954 ], [ -38.501934299999967, -13.011421499999948 ], [ -38.501962099999957, -13.011242 ], [ -38.502001199999938, -13.011113 ], [ -38.502003199999933, -13.011112199999971 ], [ -38.502137199999943, -13.011062099999963 ], [ -38.502314699999943, -13.010995699999961 ], [ -38.502652199999943, -13.01102919999995 ], [ -38.503030099999933, -13.011088499999973 ], [ -38.503406, -13.0111985 ], [ -38.503888599999982, -13.01136779999996 ], [ -38.50417669999996, -13.011503199999931 ], [ -38.504433199999937, -13.011672699999959 ], [ -38.504506299999946, -13.011727299999954 ], [ -38.504644299999939, -13.011830099999923 ], [ -38.504772699999933, -13.011877099999939 ], [ -38.504839799999957, -13.011901599999925 ], [ -38.504889499999926, -13.011919799999932 ], [ -38.504903099999986, -13.011907799999976 ], [ -38.504973599999978, -13.01184539999997 ], [ -38.505154699999942, -13.012024399999975 ], [ -38.505150199999946, -13.012086199999938 ], [ -38.505138299999949, -13.012248399999969 ], [ -38.505293599999959, -13.012412899999953 ], [ -38.50541149999998, -13.012438099999923 ], [ -38.505506199999957, -13.012458399999964 ], [ -38.505682899999954, -13.012442699999946 ], [ -38.505850699999939, -13.01235 ], [ -38.505844099999941, -13.012164499999926 ], [ -38.505771899999957, -13.012018199999954 ], [ -38.505742899999973, -13.011928499999952 ], [ -38.505740199999934, -13.011920099999941 ], [ -38.505727299999933, -13.011880299999985 ], [ -38.505746599999952, -13.011866299999948 ], [ -38.505805799999969, -13.011823099999948 ], [ -38.505911599999934, -13.011746099999984 ], [ -38.506166399999984, -13.01166669999998 ], [ -38.506418499999931, -13.011673599999929 ], [ -38.506557, -13.011707199999931 ], [ -38.506640199999936, -13.011805199999948 ], [ -38.506744099999942, -13.011886 ], [ -38.506866399999979, -13.011981 ], [ -38.507113299999958, -13.01206969999993 ], [ -38.507204399999985, -13.012102399999945 ], [ -38.507241599999929, -13.012115699999983 ], [ -38.50727049999994, -13.012109099999972 ], [ -38.507335399999938, -13.012094099999961 ], [ -38.507364099999954, -13.012087499999955 ], [ -38.507442299999987, -13.012069499999937 ], [ -38.507616, -13.012166 ], [ -38.507810199999938, -13.012270599999955 ], [ -38.508090499999987, -13.012107699999937 ], [ -38.5083, -13.011889499999956 ], [ -38.508418599999978, -13.011835099999939 ], [ -38.508605899999964, -13.011740099999948 ], [ -38.508696799999939, -13.011614499999951 ], [ -38.508725699999964, -13.011574499999945 ], [ -38.508902699999965, -13.01149849999995 ], [ -38.508967899999966, -13.01147049999997 ], [ -38.5090757, -13.011317399999944 ], [ -38.509046599999976, -13.011205299999965 ], [ -38.50918369999993, -13.011055899999972 ], [ -38.509194499999978, -13.011052799999971 ], [ -38.509398699999956, -13.010994499999969 ], [ -38.510027099999945, -13.011034899999961 ], [ -38.510176099999967, -13.011135099999951 ], [ -38.51025809999993, -13.011190299999965 ], [ -38.51050929999996, -13.011372499999935 ], [ -38.510535299999965, -13.011510199999984 ], [ -38.510595399999936, -13.01162819999996 ], [ -38.510597, -13.01163069999995 ], [ -38.510651099999968, -13.011715899999949 ], [ -38.510819699999963, -13.01180529999994 ], [ -38.510824699999944, -13.011995399999925 ], [ -38.5108221, -13.012224699999948 ], [ -38.510799199999951, -13.012323099999934 ], [ -38.510775599999931, -13.012424799999952 ], [ -38.510760399999981, -13.01256 ], [ -38.510846899999933, -13.012578499999941 ], [ -38.510867399999945, -13.012582899999927 ], [ -38.510942599999964, -13.012570399999952 ], [ -38.510962299999967, -13.012567099999961 ], [ -38.511021799999988, -13.012594 ], [ -38.511085799999933, -13.012702099999949 ], [ -38.511192799999947, -13.012736599999917 ], [ -38.511235199999923, -13.012577899999949 ], [ -38.511316699999959, -13.012446499999944 ], [ -38.511228799999969, -13.012373599999949 ], [ -38.51134669999994, -13.012323299999922 ], [ -38.511464499999931, -13.012269299999957 ], [ -38.511494399999947, -13.012169699999946 ], [ -38.511428799999976, -13.012139 ], [ -38.511311499999984, -13.012084099999973 ], [ -38.511300099999971, -13.012078699999945 ], [ -38.511286799999944, -13.011967799999976 ], [ -38.511282299999955, -13.011930699999926 ], [ -38.511272899999945, -13.011813399999939 ], [ -38.511241299999945, -13.011786699999945 ], [ -38.511254199999932, -13.011758699999966 ], [ -38.511317199999951, -13.011621499999935 ], [ -38.511494199999959, -13.011502499999933 ], [ -38.511505499999942, -13.011494799999975 ], [ -38.511656, -13.011391099999965 ], [ -38.511818399999981, -13.011341099999989 ], [ -38.511966299999983, -13.011389799999947 ], [ -38.512066499999946, -13.011553199999964 ], [ -38.512115899999969, -13.011699 ], [ -38.512283599999932, -13.011679599999974 ], [ -38.51229109999997, -13.011671899999961 ], [ -38.512406499999933, -13.011598299999957 ], [ -38.512356699999941, -13.011584199999962 ], [ -38.512312199999947, -13.011571799999963 ], [ -38.512381499999947, -13.011555199999988 ], [ -38.512426099999971, -13.01154449999996 ], [ -38.512522599999954, -13.011452499999967 ], [ -38.512544899999973, -13.011353899999953 ], [ -38.512741799999965, -13.011379899999955 ], [ -38.512842599999949, -13.011391199999936 ], [ -38.5131047, -13.011485899999979 ], [ -38.513216399999969, -13.011443899999973 ], [ -38.513262199999936, -13.011292199999961 ], [ -38.513287299999945, -13.011216899999964 ], [ -38.513427899999954, -13.011227899999936 ], [ -38.513443799999941, -13.011367599999961 ], [ -38.51356329999993, -13.011420799999948 ], [ -38.513712, -13.011497299999967 ], [ -38.513790899999954, -13.011589599999958 ], [ -38.514034599999945, -13.011628499999979 ], [ -38.514190499999984, -13.011538299999922 ], [ -38.51441669999997, -13.011431699999953 ], [ -38.514584599999978, -13.011347899999963 ], [ -38.514609, -13.011181599999937 ], [ -38.514680299999952, -13.010988899999958 ], [ -38.514635399999982, -13.010901399999968 ], [ -38.514619299999936, -13.010870199999928 ], [ -38.514643, -13.010794 ], [ -38.514711699999964, -13.010825899999931 ], [ -38.514824399999952, -13.010878 ], [ -38.514999099999962, -13.010839799999921 ], [ -38.515005199999962, -13.010804699999937 ], [ -38.51501959999996, -13.010721399999975 ], [ -38.515022199999976, -13.010706399999961 ], [ -38.514955699999973, -13.010612899999957 ], [ -38.514890799999925, -13.010521699999966 ], [ -38.514814, -13.010476899999958 ], [ -38.514922799999965, -13.010455399999939 ], [ -38.514986599999929, -13.01044269999994 ], [ -38.515038199999935, -13.010393599999936 ], [ -38.515132399999978, -13.01030409999993 ], [ -38.515277899999944, -13.010222299999946 ], [ -38.515413499999958, -13.010148799999961 ], [ -38.515421799999949, -13.010144299999983 ], [ -38.515644299999963, -13.010106799999955 ], [ -38.515839299999989, -13.010124799999987 ], [ -38.515931, -13.010205199999987 ], [ -38.51593569999995, -13.010208699999964 ], [ -38.515987299999935, -13.010246099999971 ], [ -38.515990499999923, -13.010308499999933 ] ] ], [ [ [ -38.623225299999945, -12.782988199999979 ], [ -38.623241, -12.783065899999958 ], [ -38.623256699999949, -12.783154 ], [ -38.623256499999975, -12.783268 ], [ -38.623272199999974, -12.783376799999937 ], [ -38.623282699999947, -12.783433699999939 ], [ -38.623287699999928, -12.783583899999941 ], [ -38.623308599999973, -12.783734199999969 ], [ -38.62337169999995, -12.783905199999918 ], [ -38.623387399999963, -12.784014 ], [ -38.623408199999972, -12.784221199999914 ], [ -38.623413099999937, -12.784443899999928 ], [ -38.623449899999969, -12.784521599999936 ], [ -38.623471, -12.784589 ], [ -38.623534199999938, -12.784672 ], [ -38.623534, -12.784744499999924 ], [ -38.623539199999982, -12.784858399999962 ], [ -38.623581299999962, -12.784941399999981 ], [ -38.623602199999937, -12.785019099999948 ], [ -38.623644299999967, -12.78511749999994 ], [ -38.623665299999971, -12.785226299999977 ], [ -38.6236598, -12.785381699999952 ], [ -38.623643699999946, -12.785542299999982 ], [ -38.623617199999963, -12.785640599999967 ], [ -38.623537799999951, -12.785744099999947 ], [ -38.62345849999997, -12.785842399999982 ], [ -38.623384499999936, -12.78592 ], [ -38.6233, -12.786013099999932 ], [ -38.623199499999942, -12.786121699999956 ], [ -38.623109699999929, -12.786214799999971 ], [ -38.62306209999997, -12.786287199999947 ], [ -38.623009199999963, -12.786395899999953 ], [ -38.623008899999945, -12.786561699999954 ], [ -38.622961199999963, -12.786717 ], [ -38.622924, -12.78688789999997 ], [ -38.622923799999967, -12.787043199999966 ], [ -38.622965799999974, -12.787152099999945 ], [ -38.622963399999946, -12.787339 ], [ -38.623349399999938, -12.78795649999995 ], [ -38.624316, -12.788385099999971 ], [ -38.624509, -12.788670199999952 ], [ -38.624847099999954, -12.789813899999947 ], [ -38.624861599999974, -12.789895299999948 ], [ -38.624866399999974, -12.789971799999924 ], [ -38.624978399999982, -12.790048499999948 ], [ -38.624997699999938, -12.790153799999919 ], [ -38.625065799999959, -12.790254399999977 ], [ -38.625060799999979, -12.7904028 ], [ -38.625104399999941, -12.790584699999954 ], [ -38.625182299999949, -12.790618299999943 ], [ -38.625235899999957, -12.790690099999937 ], [ -38.625235699999962, -12.790809699999938 ], [ -38.625328099999933, -12.790924699999936 ], [ -38.625362199999984, -12.79100609999994 ], [ -38.62546929999997, -12.791068499999927 ], [ -38.625566699999979, -12.791130799999953 ], [ -38.625659299999946, -12.791202699999918 ], [ -38.625668899999937, -12.791293699999926 ], [ -38.625746699999986, -12.791432499999921 ], [ -38.625848799999979, -12.791638399999957 ], [ -38.62585829999994, -12.79180589999994 ], [ -38.625936099999933, -12.79193519999996 ], [ -38.625970099999968, -12.792045299999927 ], [ -38.626028499999975, -12.79212679999995 ], [ -38.626155099999949, -12.79224179999995 ], [ -38.626296299999986, -12.792328099999962 ], [ -38.626413199999952, -12.792414399999929 ], [ -38.62655929999994, -12.792519899999935 ], [ -38.626822299999965, -12.792740399999969 ], [ -38.626939199999981, -12.792841 ], [ -38.627090099999975, -12.79300869999998 ], [ -38.627133799999974, -12.793123599999943 ], [ -38.627250399999987, -12.793363099999945 ], [ -38.627318599999974, -12.793434899999966 ], [ -38.627411099999968, -12.793492499999958 ], [ -38.627513399999941, -12.79355 ], [ -38.627591399999979, -12.793578899999948 ], [ -38.627693699999952, -12.793631599999962 ], [ -38.627766899999983, -12.79363649999995 ], [ -38.627849699999949, -12.793641399999963 ], [ -38.627859399999977, -12.7937037 ], [ -38.627854399999933, -12.79378019999996 ], [ -38.627873799999968, -12.79387119999995 ], [ -38.627893099999937, -12.793986 ], [ -38.627936799999929, -12.794134399999974 ], [ -38.627990199999935, -12.794249299999938 ], [ -38.628097199999957, -12.794464799999947 ], [ -38.628150499999954, -12.794713699999921 ], [ -38.62819409999998, -12.794866899999919 ], [ -38.628208599999937, -12.794972199999965 ], [ -38.628218099999977, -12.795130099999932 ], [ -38.628266599999961, -12.795331199999957 ], [ -38.628314899999971, -12.795594399999958 ], [ -38.628304899999932, -12.795819299999959 ], [ -38.628265599999963, -12.795977099999966 ], [ -38.628250799999932, -12.796096799999937 ], [ -38.628196899999985, -12.796297699999965 ], [ -38.628143, -12.796479399999937 ], [ -38.628074699999964, -12.796522399999967 ], [ -38.627991699999939, -12.796603599999969 ], [ -38.627908799999943, -12.79657 ], [ -38.627826099999936, -12.796455 ], [ -38.627733499999984, -12.796431 ], [ -38.627665099999952, -12.796540899999966 ], [ -38.62767469999995, -12.796660599999937 ], [ -38.627757399999957, -12.796775499999958 ], [ -38.627718199999947, -12.796856799999945 ], [ -38.627762, -12.796923899999969 ], [ -38.627766699999945, -12.797034 ], [ -38.627717799999978, -12.797153499999983 ], [ -38.62770309999997, -12.797191799999961 ], [ -38.627698, -12.797349699999931 ], [ -38.627717299999972, -12.797507599999962 ], [ -38.627726699999975, -12.797718199999943 ], [ -38.62776549999996, -12.797914399999948 ], [ -38.627784799999972, -12.79803409999994 ], [ -38.627813899999985, -12.798110699999945 ], [ -38.6277894, -12.798225499999949 ], [ -38.627774599999952, -12.798306799999979 ], [ -38.627789, -12.7985126 ], [ -38.627803499999978, -12.798555699999953 ], [ -38.627876499999964, -12.798641899999947 ], [ -38.627876399999927, -12.7987424 ], [ -38.627876099999988, -12.798909899999975 ], [ -38.62790039999993, -12.798981699999949 ], [ -38.627948799999956, -12.799268799999945 ], [ -38.628016899999984, -12.799335899999955 ], [ -38.628119199999965, -12.799407899999952 ], [ -38.628138399999962, -12.799584899999944 ], [ -38.628118699999966, -12.799776299999971 ], [ -38.628162299999929, -12.799929499999967 ], [ -38.628293799999945, -12.8000206 ], [ -38.628381399999967, -12.80016429999994 ], [ -38.628420299999959, -12.800231299999947 ], [ -38.62849319999998, -12.800384499999947 ], [ -38.628619799999974, -12.800513899999958 ], [ -38.628751199999954, -12.800672 ], [ -38.628853499999934, -12.800763099999942 ], [ -38.628999399999941, -12.800964299999965 ], [ -38.629091799999969, -12.80115579999995 ], [ -38.629291399999943, -12.801361799999933 ], [ -38.629573899999976, -12.801548799999976 ], [ -38.629676099999983, -12.801716499999932 ], [ -38.629822099999956, -12.801869799999981 ], [ -38.629924499999952, -12.801908199999964 ], [ -38.630051, -12.802066299999977 ], [ -38.630128699999943, -12.802277 ], [ -38.630264899999929, -12.802530799999943 ], [ -38.630381599999971, -12.802727099999952 ], [ -38.630483699999949, -12.802909099999972 ], [ -38.63051269999994, -12.803100499999982 ], [ -38.630561099999966, -12.803359 ], [ -38.630590199999965, -12.803483399999946 ], [ -38.630648399999984, -12.803670199999948 ], [ -38.630706699999962, -12.803780299999961 ], [ -38.63077, -12.80389519999995 ], [ -38.630779599999975, -12.803981399999936 ], [ -38.630789199999981, -12.804101 ], [ -38.630784, -12.804273299999988 ], [ -38.630696099999966, -12.804364099999919 ], [ -38.630588699999983, -12.804474 ], [ -38.630442199999948, -12.804655599999935 ], [ -38.630295699999976, -12.804760699999981 ], [ -38.630105399999934, -12.804860899999943 ], [ -38.62990549999995, -12.804908399999944 ], [ -38.629603, -12.804984599999971 ], [ -38.629500699999944, -12.804960499999931 ], [ -38.629276399999981, -12.804955399999926 ], [ -38.629193399999963, -12.805027099999972 ], [ -38.629090899999937, -12.805089099999963 ], [ -38.629041899999947, -12.805237399999946 ], [ -38.629007599999966, -12.805395299999921 ], [ -38.629105099999947, -12.805419299999921 ], [ -38.6291, -12.805534199999951 ], [ -38.629099799999956, -12.805658599999971 ], [ -38.629114399999942, -12.805739899999926 ], [ -38.629128899999955, -12.805826099999949 ], [ -38.629128699999967, -12.805960099999915 ], [ -38.629143, -12.806156299999923 ], [ -38.629240299999928, -12.806319099999946 ], [ -38.629288899999949, -12.806395699999944 ], [ -38.629381499999958, -12.806472399999972 ], [ -38.629483599999965, -12.806630499999926 ], [ -38.62952729999995, -12.806769299999916 ], [ -38.629551499999934, -12.806884199999963 ], [ -38.629595299999956, -12.806951199999961 ], [ -38.629707399999972, -12.806984899999964 ], [ -38.629736499999979, -12.807085399999966 ], [ -38.629777799999943, -12.807171599999949 ], [ -38.629813799999972, -12.807590399999977 ], [ -38.629910799999955, -12.807949399999917 ], [ -38.630178399999984, -12.808296699999961 ], [ -38.630434099999945, -12.808500399999943 ], [ -38.630726399999965, -12.808680299999912 ], [ -38.630933499999962, -12.808812099999964 ], [ -38.631384299999986, -12.808980199999933 ], [ -38.631615599999975, -12.809172 ], [ -38.632273499999933, -12.809400199999974 ], [ -38.632687699999963, -12.809568199999948 ], [ -38.632846099999945, -12.809664199999927 ], [ -38.633028699999961, -12.809796 ], [ -38.633162599999935, -12.80992779999997 ], [ -38.633369599999988, -12.810059699999949 ], [ -38.633637699999952, -12.810155699999937 ], [ -38.633929799999976, -12.810443199999957 ], [ -38.634005599999959, -12.81056 ], [ -38.634078699999982, -12.810560099999966 ], [ -38.634181, -12.810596199999948 ], [ -38.634232099999963, -12.810703899999957 ], [ -38.634341699999936, -12.810747099999968 ], [ -38.634436799999953, -12.810768799999934 ], [ -38.634553599999954, -12.810912499999965 ], [ -38.634655799999955, -12.811020299999951 ], [ -38.634699599999983, -12.811120899999928 ], [ -38.634765199999954, -12.811235799999947 ], [ -38.63483819999994, -12.811365099999952 ], [ -38.634896499999968, -12.811494399999953 ], [ -38.634940199999974, -12.811623599999958 ], [ -38.635042399999982, -12.811760099999949 ], [ -38.635115399999961, -12.81189659999996 ], [ -38.635137199999981, -12.81199 ], [ -38.635137, -12.812140699999917 ], [ -38.635129499999948, -12.812255499999939 ], [ -38.635078099999937, -12.812355899999933 ], [ -38.635107299999959, -12.812449299999978 ], [ -38.6351509, -12.812600099999935 ], [ -38.635282399999937, -12.812751 ], [ -38.635384599999952, -12.812880299999968 ], [ -38.635611, -12.813067299999961 ], [ -38.635720699999986, -12.813088899999951 ], [ -38.635859599999947, -12.813139399999958 ], [ -38.635947199999976, -12.813247199999974 ], [ -38.636152, -12.813247399999963 ], [ -38.636218099999951, -12.813096799999924 ], [ -38.636335199999955, -12.813039499999945 ], [ -38.636503299999958, -12.813104399999933 ], [ -38.636642399999971, -12.813004099999945 ], [ -38.636795899999981, -12.813083299999962 ], [ -38.636949299999976, -12.813198299999945 ], [ -38.636919899999953, -12.813284399999938 ], [ -38.636912399999972, -12.813435099999944 ], [ -38.6369122, -12.813571499999966 ], [ -38.636890099999952, -12.813679099999961 ], [ -38.636889899999971, -12.813808299999963 ], [ -38.6368897, -12.813959099999957 ], [ -38.636911399999981, -12.814124199999965 ], [ -38.636947899999946, -12.814203199999941 ], [ -38.636991599999931, -12.814296499999951 ], [ -38.637115899999962, -12.814368499999942 ], [ -38.637262, -12.814462 ], [ -38.63741559999994, -12.814490899999932 ], [ -38.63756919999998, -12.814505499999942 ], [ -38.637671499999954, -12.81452 ], [ -38.637730099999942, -12.814462599999956 ], [ -38.637708399999958, -12.814290399999942 ], [ -38.637730599999948, -12.814154 ], [ -38.6377672, -12.814111 ], [ -38.637884299999932, -12.814082399999977 ], [ -38.637994, -12.814032299999957 ], [ -38.638023499999974, -12.813910399999958 ], [ -38.638155199999979, -12.813846 ], [ -38.638301499999955, -12.813817399999939 ], [ -38.63839669999993, -12.813796 ], [ -38.638543, -12.813774699999954 ], [ -38.638747799999976, -12.813775 ], [ -38.6389306, -12.81378239999998 ], [ -38.639128, -12.813818599999918 ], [ -38.639362, -12.813854799999946 ], [ -38.639530199999967, -12.813876599999942 ], [ -38.639720399999931, -12.813898299999948 ], [ -38.639903099999977, -12.813999099999952 ], [ -38.64010049999996, -12.814020899999939 ], [ -38.640232099999935, -12.814064099999936 ], [ -38.640414799999967, -12.814150499999911 ], [ -38.640575599999984, -12.814279899999974 ], [ -38.640765599999945, -12.814395 ], [ -38.640926299999933, -12.814546 ], [ -38.641116199999942, -12.814723299999971 ], [ -38.641247599999929, -12.814900499999981 ], [ -38.641948699999944, -12.815638399999948 ], [ -38.642689, -12.816285399999963 ], [ -38.642786299999955, -12.816381199999956 ], [ -38.642839899999949, -12.816472199999945 ], [ -38.643005499999965, -12.81658729999997 ], [ -38.643127199999981, -12.816716599999959 ], [ -38.643278299999963, -12.816764699999963 ], [ -38.643380699999966, -12.816774399999922 ], [ -38.643380599999944, -12.816817499999962 ], [ -38.643380499999971, -12.816870099999955 ], [ -38.64342929999998, -12.816898899999961 ], [ -38.643487799999953, -12.816889399999981 ], [ -38.64351709999994, -12.816855899999963 ], [ -38.643536699999977, -12.816812899999954 ], [ -38.643517199999962, -12.816765 ], [ -38.643995899999936, -12.816215399999964 ], [ -38.644015399999937, -12.8162154 ], [ -38.644064199999946, -12.816143699999937 ], [ -38.644113, -12.81612459999997 ], [ -38.644069199999926, -12.816091 ], [ -38.643517299999985, -12.816707599999976 ], [ -38.643473399999948, -12.816712299999956 ], [ -38.643405099999939, -12.81671219999993 ], [ -38.64339549999994, -12.816664299999955 ], [ -38.643322399999931, -12.816611599999927 ], [ -38.643307799999938, -12.816573299999972 ], [ -38.643210399999937, -12.816487099999947 ], [ -38.643147099999972, -12.81642 ], [ -38.643078899999985, -12.816367199999947 ], [ -38.642991299999949, -12.816276199999935 ], [ -38.642893799999968, -12.816223399999954 ], [ -38.642786699999931, -12.816118 ], [ -38.64270879999998, -12.816046099999927 ], [ -38.642645499999965, -12.815979099999931 ], [ -38.642596799999986, -12.815907199999957 ], [ -38.642538399999978, -12.815854499999944 ], [ -38.642436099999948, -12.815825699999928 ], [ -38.642367899999954, -12.815768099999948 ], [ -38.64223149999998, -12.815629199999933 ], [ -38.642168199999958, -12.815586 ], [ -38.642109799999957, -12.81554289999996 ], [ -38.642051299999935, -12.815514099999968 ], [ -38.641992799999976, -12.81545659999996 ], [ -38.641963699999977, -12.815389599999936 ], [ -38.641861499999948, -12.815269799999957 ], [ -38.641768899999931, -12.815183499999938 ], [ -38.641695899999952, -12.815121199999959 ], [ -38.6416172, -12.81503379999997 ], [ -38.641881899999923, -12.814048399999949 ], [ -38.642156499999942, -12.812957799999934 ], [ -38.642343099999948, -12.812077599999951 ], [ -38.642753599999942, -12.811436899999926 ], [ -38.642978299999974, -12.811111799999932 ], [ -38.64310549999994, -12.810853599999987 ], [ -38.643232899999923, -12.810404 ], [ -38.643204299999979, -12.809915899999964 ], [ -38.643117099999984, -12.809475499999953 ], [ -38.643225, -12.809035399999978 ], [ -38.643371699999932, -12.808729399999951 ], [ -38.643713599999948, -12.808337499999935 ], [ -38.643928399999936, -12.808184599999946 ], [ -38.644328599999938, -12.807898099999942 ], [ -38.644709399999947, -12.807592299999953 ], [ -38.645168199999944, -12.807238899999973 ], [ -38.645597599999981, -12.806990599999962 ], [ -38.646134199999949, -12.806828599999958 ], [ -38.646631799999973, -12.806676199999979 ], [ -38.647012099999976, -12.806657599999921 ], [ -38.647217099999985, -12.806514299999957 ], [ -38.64728549999996, -12.806434 ], [ -38.647285499999953, -12.806386099999941 ], [ -38.647328499999958, -12.806330699999931 ], [ -38.64736749999998, -12.806317299999922 ], [ -38.647334499999943, -12.806265599999969 ], [ -38.64730139999994, -12.806192799999961 ], [ -38.647286, -12.806045399999959 ], [ -38.647290099999971, -12.80591719999995 ], [ -38.647298099999951, -12.805796599999958 ], [ -38.647278699999958, -12.805674099999969 ], [ -38.647267199999938, -12.805555399999946 ], [ -38.647275099999952, -12.805471199999939 ], [ -38.647457399999951, -12.804799599999958 ], [ -38.647497499999929, -12.804014899999979 ], [ -38.647556599999966, -12.803613099999945 ], [ -38.647752099999927, -12.803240099999988 ], [ -38.647918299999965, -12.802962799999916 ], [ -38.648016, -12.802828899999964 ], [ -38.648000499999966, -12.80276379999998 ], [ -38.648029799999961, -12.802704499999939 ], [ -38.648170099999966, -12.802831 ], [ -38.648328299999946, -12.802683899999973 ], [ -38.648102299999948, -12.80247109999994 ], [ -38.648158899999949, -12.802417599999938 ], [ -38.648094699999945, -12.802362 ], [ -38.648047799999972, -12.802415499999929 ], [ -38.647985399999982, -12.802375199999972 ], [ -38.647915299999966, -12.802342599999974 ], [ -38.64783139999998, -12.802344399999978 ], [ -38.64772389999996, -12.80218349999995 ], [ -38.647585499999934, -12.801781399999971 ], [ -38.647417799999971, -12.80140789999996 ], [ -38.647286499999957, -12.801142099999929 ], [ -38.647213599999937, -12.800948199999931 ], [ -38.647214099999985, -12.800625299999959 ], [ -38.64721429999998, -12.800424299999978 ], [ -38.647309799999967, -12.800144499999934 ], [ -38.647332099999979, -12.799914799999959 ], [ -38.64723719999995, -12.79973529999995 ], [ -38.647120499999978, -12.799555699999917 ], [ -38.64709159999996, -12.799304399999912 ], [ -38.64687239999995, -12.799153399999955 ], [ -38.646572799999952, -12.798966399999911 ], [ -38.646229199999937, -12.7988511 ], [ -38.645951499999974, -12.798707099999946 ], [ -38.645900499999975, -12.798563499999956 ], [ -38.645907899999941, -12.798470199999947 ], [ -38.645820399999934, -12.798283499999949 ], [ -38.645725699999964, -12.798046499999925 ], [ -38.6455577, -12.797888299999936 ], [ -38.645309399999974, -12.797636799999967 ], [ -38.645200099999961, -12.797320799999966 ], [ -38.645258899999931, -12.797127099999955 ], [ -38.645259199999941, -12.7968759 ], [ -38.645303399999932, -12.796696499999934 ], [ -38.645223299999941, -12.796409299999928 ], [ -38.645205199999964, -12.796312399999964 ], [ -38.645187, -12.796215499999944 ], [ -38.645253, -12.796122199999974 ], [ -38.645392, -12.796036299999964 ], [ -38.645472599999948, -12.795950299999944 ], [ -38.64542159999997, -12.795828199999955 ], [ -38.645334, -12.795691699999967 ], [ -38.64534869999995, -12.795619899999952 ], [ -38.645414799999976, -12.795476499999934 ], [ -38.64537839999997, -12.795311299999979 ], [ -38.645360299999943, -12.795228799999956 ], [ -38.645342099999937, -12.795146199999971 ], [ -38.645404499999984, -12.794974 ], [ -38.645466899999981, -12.794801799999954 ], [ -38.64556209999995, -12.794723 ], [ -38.645708799999959, -12.794443299999948 ], [ -38.645796699999956, -12.794307 ], [ -38.64586989999998, -12.794242499999923 ], [ -38.646089599999982, -12.794056199999922 ], [ -38.646170499999982, -12.793754799999915 ], [ -38.646119499999941, -12.793561 ], [ -38.645988099999947, -12.79343879999993 ], [ -38.645776199999943, -12.793302099999964 ], [ -38.645615499999963, -12.793115299999965 ], [ -38.64560849999998, -12.792907099999974 ], [ -38.645535699999982, -12.792648599999934 ], [ -38.645397, -12.792476199999944 ], [ -38.64527279999993, -12.792368299999964 ], [ -38.645192499999958, -12.792260599999953 ], [ -38.645192699999946, -12.79213139999997 ], [ -38.645053899999937, -12.792009199999924 ], [ -38.645024799999931, -12.791901499999939 ], [ -38.645127299999949, -12.791822599999925 ], [ -38.645229899999947, -12.79172949999997 ], [ -38.64523729999997, -12.79160749999993 ], [ -38.645230399999946, -12.79132029999994 ], [ -38.645223399999963, -12.791126499999978 ], [ -38.645238199999945, -12.790961499999979 ], [ -38.645267699999984, -12.790789199999955 ], [ -38.645297199999959, -12.790667299999956 ], [ -38.64529, -12.790523699999945 ], [ -38.645283, -12.790337099999942 ], [ -38.645188, -12.790286699999969 ], [ -38.645158899999956, -12.790164599999986 ], [ -38.645254199999961, -12.789999699999955 ], [ -38.645342099999937, -12.789892099999978 ], [ -38.645517599999955, -12.78994259999995 ], [ -38.645707599999973, -12.789993099999947 ], [ -38.645919899999967, -12.789900099999961 ], [ -38.646066499999961, -12.789606 ], [ -38.646206099999972, -12.789182699999971 ], [ -38.646265, -12.788874199999963 ], [ -38.646309299999977, -12.788558399999946 ], [ -38.646441399999951, -12.788278599999959 ], [ -38.646317599999968, -12.787869399999986 ], [ -38.646420399999947, -12.787618299999957 ], [ -38.646479299999953, -12.787295399999945 ], [ -38.646633399999985, -12.786936699999941 ], [ -38.646743199999953, -12.786843499999977 ], [ -38.64680889999994, -12.786908199999976 ], [ -38.646962599999931, -12.786836599999965 ], [ -38.646992, -12.786714699999946 ], [ -38.647101899999946, -12.786578399999941 ], [ -38.647226499999938, -12.7864279 ], [ -38.64735839999998, -12.786248599999961 ], [ -38.647541399999973, -12.7861053 ], [ -38.647629399999978, -12.785904399999929 ], [ -38.647834399999965, -12.785739599999934 ], [ -38.647915299999973, -12.785438299999965 ], [ -38.64812759999996, -12.785244699999964 ], [ -38.648245, -12.785000899999947 ], [ -38.648428099999926, -12.78482169999995 ], [ -38.648611, -12.784778799999982 ], [ -38.648713199999982, -12.784857899999956 ], [ -38.648866899999973, -12.784822199999937 ], [ -38.648940299999929, -12.78461419999997 ], [ -38.648889299999951, -12.784463399999941 ], [ -38.648940899999964, -12.784140499999983 ], [ -38.649021799999964, -12.7838606 ], [ -38.649007399999959, -12.783717099999917 ], [ -38.649073399999963, -12.783573599999942 ], [ -38.649249299999951, -12.783301099999962 ], [ -38.649520099999961, -12.783107699999965 ], [ -38.649659399999969, -12.782899699999966 ], [ -38.649864399999963, -12.782706199999947 ], [ -38.650084099999965, -12.782469599999963 ], [ -38.650230599999929, -12.782326199999936 ], [ -38.650442699999985, -12.78226909999997 ], [ -38.650655, -12.782161699999966 ], [ -38.650859899999944, -12.782054299999974 ], [ -38.651072099999972, -12.781982799999975 ], [ -38.651240399999949, -12.781875399999924 ], [ -38.651416, -12.781803799999972 ], [ -38.651577, -12.781710699999969 ], [ -38.651840399999976, -12.781617799999939 ], [ -38.652030799999984, -12.781431399999969 ], [ -38.652177399999971, -12.781230599999951 ], [ -38.652360399999964, -12.781094499999954 ], [ -38.652719, -12.780944199999963 ], [ -38.652989699999985, -12.780808199999976 ], [ -38.65349439999995, -12.780737099999964 ], [ -38.653969899999936, -12.780687499999944 ], [ -38.654269799999952, -12.780623299999943 ], [ -38.6544234, -12.780601899999963 ], [ -38.654635399999961, -12.780674 ], [ -38.654774399999951, -12.780602399999969 ], [ -38.654920399999988, -12.780810699999966 ], [ -38.655095799999962, -12.780918599999941 ], [ -38.655263899999973, -12.780997799999962 ], [ -38.655534499999938, -12.780969499999962 ], [ -38.65567359999995, -12.780833299999911 ], [ -38.655703099999975, -12.780675399999943 ], [ -38.655754499999944, -12.780546299999967 ], [ -38.655747299999973, -12.780424199999967 ], [ -38.655703399999936, -12.780431299999956 ], [ -38.65591569999998, -12.7802809 ], [ -38.656091299999957, -12.780180599999941 ], [ -38.65622319999995, -12.780001399999939 ], [ -38.656333199999942, -12.779807699999948 ], [ -38.656487299999981, -12.779427499999924 ], [ -38.656619199999973, -12.77921949999994 ], [ -38.656772799999942, -12.779191 ], [ -38.656941, -12.779169699999949 ], [ -38.656999699999979, -12.779083599999979 ], [ -38.656999799999937, -12.779004699999973 ], [ -38.65691929999997, -12.778997399999987 ], [ -38.656773099999945, -12.778954099999954 ], [ -38.656685499999988, -12.778853499999974 ], [ -38.656685699999969, -12.778688499999928 ], [ -38.656715199999958, -12.778559299999939 ], [ -38.656869, -12.778344199999928 ], [ -38.65705209999993, -12.778193699999969 ], [ -38.657147399999985, -12.778014399999963 ], [ -38.657206199999969, -12.777791899999952 ], [ -38.657155199999977, -12.777619599999975 ], [ -38.657118899999944, -12.777454499999978 ], [ -38.657141099999933, -12.77721039999993 ], [ -38.657324099999975, -12.7770887 ], [ -38.657477699999959, -12.777053 ], [ -38.657484899999929, -12.777006299999906 ], [ -38.657437399999935, -12.776938099999935 ], [ -38.657371799999957, -12.776837499999951 ], [ -38.65736829999998, -12.776697499999953 ], [ -38.657291799999946, -12.776482099999942 ], [ -38.657142, -12.776392199999959 ], [ -38.656963, -12.776284299999908 ], [ -38.656857099999975, -12.77616209999996 ], [ -38.656853599999977, -12.776022199999934 ], [ -38.656941499999967, -12.775946899999941 ], [ -38.657084199999929, -12.775886099999971 ], [ -38.657087899999965, -12.775810699999967 ], [ -38.656996499999941, -12.77578909999993 ], [ -38.65691609999994, -12.775821299999967 ], [ -38.65681729999995, -12.775824699999921 ], [ -38.656707699999963, -12.775792299999976 ], [ -38.656587, -12.775785 ], [ -38.65662, -12.775720399999971 ], [ -38.656660299999942, -12.775641499999953 ], [ -38.656638499999929, -12.775576899999971 ], [ -38.65656909999997, -12.775526499999939 ], [ -38.656521599999969, -12.7754798 ], [ -38.656466799999976, -12.775429499999953 ], [ -38.656393699999967, -12.775447399999964 ], [ -38.656364499999938, -12.775422199999982 ], [ -38.656346299999932, -12.775339599999956 ], [ -38.656390199999976, -12.775289399999959 ], [ -38.656467099999936, -12.775246499999977 ], [ -38.656540299999961, -12.775207099999934 ], [ -38.656544, -12.775146099999981 ], [ -38.65646, -12.775095699999962 ], [ -38.656361299999958, -12.77508839999996 ], [ -38.656269799999961, -12.775113399999961 ], [ -38.656149199999959, -12.775102499999933 ], [ -38.656090699999943, -12.775073699999968 ], [ -38.656046899999978, -12.774987499999966 ], [ -38.656039699999951, -12.774926499999918 ], [ -38.656010599999952, -12.774843899999954 ], [ -38.655941299999938, -12.77472539999995 ], [ -38.65576939999994, -12.774696499999951 ], [ -38.655630599999938, -12.774642499999963 ], [ -38.655550299999966, -12.774484399999944 ], [ -38.655495599999945, -12.774398199999952 ], [ -38.655393299999957, -12.774340699999986 ], [ -38.655298299999977, -12.774258 ], [ -38.65526559999995, -12.774121599999933 ], [ -38.655042699999967, -12.77399569999996 ], [ -38.654878399999966, -12.773841199999929 ], [ -38.654809, -12.773765699999965 ], [ -38.654743399999965, -12.773622099999967 ], [ -38.654641299999987, -12.773431699999952 ], [ -38.654542699999979, -12.773338299999979 ], [ -38.654535599999967, -12.773187499999954 ], [ -38.654506499999968, -12.773090599999938 ], [ -38.654440699999945, -12.773083299999923 ], [ -38.654360199999978, -12.773115499999967 ], [ -38.654338299999957, -12.773076 ], [ -38.654404199999931, -12.772986399999976 ], [ -38.654455499999983, -12.772925499999934 ], [ -38.654466599999985, -12.772868 ], [ -38.654404499999941, -12.772814099999959 ], [ -38.654265599999981, -12.772745799999923 ], [ -38.654188899999951, -12.772691799999969 ], [ -38.654079199999956, -12.772684499999981 ], [ -38.654009899999956, -12.772580299999955 ], [ -38.653849099999952, -12.772522699999959 ], [ -38.653699299999978, -12.77243639999994 ], [ -38.653608, -12.772357299999976 ], [ -38.653531399999963, -12.7722424 ], [ -38.653487599999949, -12.772170499999959 ], [ -38.653443599999939, -12.772238699999953 ], [ -38.653421499999972, -12.77236419999997 ], [ -38.653450599999985, -12.772504199999966 ], [ -38.653461399999969, -12.772590399999947 ], [ -38.653479499999953, -12.772759099999973 ], [ -38.653469499999979, -12.772892099999977 ], [ -38.653475399999934, -12.772912199999933 ], [ -38.653374699999965, -12.773050799999973 ], [ -38.653338699999949, -12.773025 ], [ -38.653307499999976, -12.773021099999928 ], [ -38.653260699999976, -12.773011499999939 ], [ -38.653248, -12.773000899999955 ], [ -38.653229599999982, -12.772971199999978 ], [ -38.653210099999967, -12.772944399999973 ], [ -38.653194499999984, -12.77293 ], [ -38.653202299999982, -12.772910899999943 ], [ -38.653224799999968, -12.772888 ], [ -38.653235599999967, -12.772812399999962 ], [ -38.653264, -12.772730099999947 ], [ -38.653210699999931, -12.772524299999914 ], [ -38.653152499999969, -12.77227539999997 ], [ -38.653186799999951, -12.77216059999996 ], [ -38.65315279999993, -12.77207439999995 ], [ -38.65293829999996, -12.772059799999953 ], [ -38.652831, -12.772074 ], [ -38.652752899999946, -12.772164799999921 ], [ -38.652821, -12.772231899999946 ], [ -38.65286, -12.772275 ], [ -38.652899, -12.772275 ], [ -38.652981899999936, -12.77227509999995 ], [ -38.652981799999964, -12.772342099999936 ], [ -38.652923199999975, -12.772404299999945 ], [ -38.652845099999972, -12.772452 ], [ -38.652888899999937, -12.772519099999945 ], [ -38.652898499999935, -12.77263389999997 ], [ -38.652971499999978, -12.772696199999936 ], [ -38.653015299999929, -12.772763299999939 ], [ -38.653020099999935, -12.772820699999963 ], [ -38.652966499999934, -12.772839799999927 ], [ -38.652903199999962, -12.772739199999936 ], [ -38.652859399999961, -12.772700899999952 ], [ -38.652752099999937, -12.772705499999958 ], [ -38.65268389999995, -12.772700599999942 ], [ -38.652684, -12.772624099999984 ], [ -38.652567099999942, -12.772523399999947 ], [ -38.652430599999946, -12.772523199999956 ], [ -38.652435299999979, -12.772638099999945 ], [ -38.652503599999939, -12.772666899999921 ], [ -38.652557199999926, -12.772676499999944 ], [ -38.652557099999967, -12.772719599999972 ], [ -38.652547299999988, -12.772791399999958 ], [ -38.652488699999935, -12.772858299999939 ], [ -38.652474, -12.772915699999949 ], [ -38.652405599999952, -12.773020899999958 ], [ -38.652346899999948, -12.773106899999968 ], [ -38.652278499999966, -12.773236 ], [ -38.65227839999995, -12.773312599999958 ], [ -38.652175899999982, -12.773374699999968 ], [ -38.652107699999938, -12.773355399999961 ], [ -38.652093199999975, -12.773250099999933 ], [ -38.652132399999971, -12.773159299999985 ], [ -38.652239799999968, -12.773044599999931 ], [ -38.652308299999959, -12.77287239999991 ], [ -38.652308399999981, -12.772748 ], [ -38.652264599999967, -12.77268089999996 ], [ -38.652191499999965, -12.772728699999952 ], [ -38.652142599999941, -12.772800399999923 ], [ -38.65206929999993, -12.772896 ], [ -38.652010799999971, -12.772939 ], [ -38.651952299999948, -12.772895899999966 ], [ -38.651928099999964, -12.772771399999947 ], [ -38.651943, -12.772618299999984 ], [ -38.651894299999974, -12.7725321 ], [ -38.651894499999976, -12.772436399999942 ], [ -38.651904499999951, -12.772245 ], [ -38.651963099999932, -12.772149399999952 ], [ -38.651992499999956, -12.772048899999964 ], [ -38.651948799999957, -12.771924499999947 ], [ -38.651973299999959, -12.771833599999971 ], [ -38.652002599999939, -12.77182409999994 ], [ -38.652027099999934, -12.771671 ], [ -38.652090699999981, -12.771517899999941 ], [ -38.652120099999934, -12.77146049999992 ], [ -38.652242, -12.771422399999944 ], [ -38.652329799999968, -12.771360299999968 ], [ -38.652354299999963, -12.771264699999955 ], [ -38.652291099999964, -12.771144899999969 ], [ -38.652237599999978, -12.771049199999926 ], [ -38.652193899999922, -12.770948599999944 ], [ -38.652155099999959, -12.770805 ], [ -38.652184599999941, -12.770599299999949 ], [ -38.652223799999945, -12.770431899999947 ], [ -38.652224199999971, -12.770202199999975 ], [ -38.652092699999962, -12.770068 ], [ -38.652005199999969, -12.769866899999965 ], [ -38.652000599999944, -12.769699499999943 ], [ -38.651991, -12.769603699999944 ], [ -38.652000799999939, -12.76955109999995 ], [ -38.65203019999997, -12.769450699999922 ], [ -38.651981599999942, -12.769292699999932 ], [ -38.651942699999957, -12.76922089999994 ], [ -38.6518794, -12.769172899999941 ], [ -38.651791699999933, -12.769139299999953 ], [ -38.651699099999973, -12.769153599999976 ], [ -38.651635699999929, -12.769153499999957 ], [ -38.651601599999942, -12.769110399999928 ], [ -38.6515821, -12.769105499999965 ], [ -38.651513799999982, -12.76915809999997 ], [ -38.651504, -12.769205899999974 ], [ -38.651426, -12.769186699999983 ], [ -38.651333499999971, -12.769119599999945 ], [ -38.651314099999979, -12.769033399999962 ], [ -38.651314199999938, -12.768947299999967 ], [ -38.651285, -12.768904199999961 ], [ -38.651226599999973, -12.768875399999949 ], [ -38.651158299999956, -12.768841799999956 ], [ -38.651104799999985, -12.768793899999929 ], [ -38.651036599999941, -12.768717199999966 ], [ -38.65093909999996, -12.768717099999948 ], [ -38.650895299999945, -12.768688299999942 ], [ -38.650817299999964, -12.768654699999953 ], [ -38.65076379999995, -12.768592499999958 ], [ -38.650724899999943, -12.768506299999968 ], [ -38.650676199999971, -12.768515799999941 ], [ -38.650671199999977, -12.768563599999949 ], [ -38.650622399999975, -12.768587499999979 ], [ -38.650573699999946, -12.768601799999939 ], [ -38.650534699999973, -12.768577799999948 ], [ -38.650485899999978, -12.768573 ], [ -38.650466399999978, -12.768601599999959 ], [ -38.650442, -12.768635099999926 ], [ -38.650368799999967, -12.768639799999953 ], [ -38.650334799999939, -12.768606199999976 ], [ -38.65026649999993, -12.768596599999981 ], [ -38.650266499999923, -12.768610899999945 ], [ -38.650237199999935, -12.76863 ], [ -38.650168899999983, -12.768673 ], [ -38.650061599999958, -12.768701599999934 ], [ -38.65003239999993, -12.76870159999992 ], [ -38.650008, -12.768672799999935 ], [ -38.649978899999958, -12.768615299999963 ], [ -38.649934899999948, -12.768663099999966 ], [ -38.649881199999982, -12.768730099999972 ], [ -38.649764199999943, -12.768706 ], [ -38.649676499999941, -12.768653199999955 ], [ -38.649632799999956, -12.76858619999995 ], [ -38.6496231, -12.768519199999966 ], [ -38.649516, -12.768437699999925 ], [ -38.649486799999977, -12.768346699999922 ], [ -38.649457599999941, -12.768298799999959 ], [ -38.649423, -12.768302599999968 ], [ -38.649491799999971, -12.767893099999966 ], [ -38.649487699999952, -12.767891899999924 ], [ -38.649499499999941, -12.767816599999934 ], [ -38.649509699999953, -12.767817299999924 ], [ -38.649517199999934, -12.767739799999955 ], [ -38.64948279999993, -12.767736899999921 ], [ -38.649467199999947, -12.76790339999995 ], [ -38.649458399999958, -12.76790409999996 ], [ -38.649369899999954, -12.768471799999913 ], [ -38.649337, -12.768468199999962 ], [ -38.649289199999934, -12.768665499999939 ], [ -38.649263599999983, -12.768665499999928 ], [ -38.649256399999956, -12.768618799999949 ], [ -38.64924179999997, -12.768550599999978 ], [ -38.64915769999994, -12.768546899999945 ], [ -38.649113899999975, -12.768503799999944 ], [ -38.649062899999933, -12.768403299999944 ], [ -38.64900449999994, -12.768306299999956 ], [ -38.648946099999932, -12.768230799999964 ], [ -38.648938799999947, -12.768184199999945 ], [ -38.648906, -12.768148199999924 ], [ -38.648876799999982, -12.768094399999935 ], [ -38.648851299999926, -12.7680549 ], [ -38.648847699999983, -12.767986699999918 ], [ -38.648778299999954, -12.767961399999942 ], [ -38.648708799999952, -12.767939799999978 ], [ -38.648632, -12.767957699999977 ], [ -38.648599, -12.768011499999933 ], [ -38.648580599999946, -12.768090399999942 ], [ -38.648580499999987, -12.7681765 ], [ -38.648664699999983, -12.76814069999994 ], [ -38.648741499999964, -12.768119299999952 ], [ -38.648796299999965, -12.768133699999952 ], [ -38.648862, -12.768237899999976 ], [ -38.64885819999995, -12.768356299999938 ], [ -38.648850599999946, -12.768514199999982 ], [ -38.648872499999982, -12.768586 ], [ -38.648898, -12.768629099999957 ], [ -38.648919899999953, -12.76865069999997 ], [ -38.648956399999982, -12.768690199999968 ], [ -38.649016, -12.768831499999978 ], [ -38.6491865, -12.768891499999944 ], [ -38.649320499999938, -12.768951499999975 ], [ -38.649460599999941, -12.768987599999939 ], [ -38.649570299999937, -12.768999699999949 ], [ -38.649740799999961, -12.769059699999955 ], [ -38.649899199999943, -12.769131699999939 ], [ -38.650088, -12.76919769999996 ], [ -38.650197599999949, -12.769251699999916 ], [ -38.650276699999957, -12.769365499999937 ], [ -38.650361799999985, -12.769491199999948 ], [ -38.650453099999943, -12.769616899999971 ], [ -38.650532199999923, -12.769694799999989 ], [ -38.650629499999987, -12.769838499999949 ], [ -38.650556099999967, -12.770023799999924 ], [ -38.650531599999972, -12.770143399999935 ], [ -38.65048249999996, -12.770376599999961 ], [ -38.650494499999986, -12.770490299999942 ], [ -38.65047, -12.770585899999958 ], [ -38.65040879999998, -12.77080719999997 ], [ -38.650445099999956, -12.771010599999961 ], [ -38.650444899999968, -12.771124199999988 ], [ -38.650493499999982, -12.771243899999925 ], [ -38.650389699999948, -12.771411299999968 ], [ -38.650413899999933, -12.771483099999955 ], [ -38.6502311, -12.771482799999934 ], [ -38.6501459, -12.771405 ], [ -38.649993599999959, -12.771374899999948 ], [ -38.64991439999995, -12.771386699999928 ], [ -38.649816699999974, -12.771476299999959 ], [ -38.649816599999951, -12.77156 ], [ -38.649664099999939, -12.771643599999956 ], [ -38.649499399999968, -12.771769 ], [ -38.649474899999973, -12.771846699999973 ], [ -38.649480899999958, -12.771948399999923 ], [ -38.649535699999952, -12.771972399999978 ], [ -38.649541799999952, -12.7720083 ], [ -38.649462399999948, -12.772085899999976 ], [ -38.649444, -12.772199599999972 ], [ -38.649364699999978, -12.772277199999968 ], [ -38.649285299999967, -12.772366799999922 ], [ -38.649285199999959, -12.772432599999934 ], [ -38.649309399999929, -12.772552299999981 ], [ -38.649333599999977, -12.772677899999984 ], [ -38.649357899999984, -12.77278559999997 ], [ -38.649345599999954, -12.772845399999948 ], [ -38.649315099999967, -12.772827399999912 ], [ -38.649217799999974, -12.772707699999945 ], [ -38.649120399999958, -12.772611799999948 ], [ -38.649035199999958, -12.772575799999968 ], [ -38.648943599999932, -12.772665399999932 ], [ -38.648864399999979, -12.772671299999953 ], [ -38.648815899999938, -12.772515699999939 ], [ -38.648712399999965, -12.772396 ], [ -38.6486331, -12.772461699999949 ], [ -38.64851729999998, -12.772485399999924 ], [ -38.64837729999995, -12.772329699999935 ], [ -38.648285899999969, -12.772317599999939 ], [ -38.648218699999973, -12.772461099999932 ], [ -38.648145599999957, -12.772461 ], [ -38.64806649999997, -12.772383099999953 ], [ -38.647914, -12.772502599999942 ], [ -38.647883399999955, -12.772574299999981 ], [ -38.647792199999969, -12.772376799999961 ], [ -38.647792599999946, -12.772119599999929 ], [ -38.647744, -12.771987899999939 ], [ -38.647670899999987, -12.771957899999951 ], [ -38.647597899999937, -12.771874099999943 ], [ -38.64761029999994, -12.771718599999923 ], [ -38.647513, -12.771598799999936 ], [ -38.647452199999982, -12.771503099999951 ], [ -38.647531699999945, -12.771305799999929 ], [ -38.647598899999934, -12.771138399999936 ], [ -38.647678499999984, -12.77089919999997 ], [ -38.647703, -12.770779599999976 ], [ -38.647837299999935, -12.770672199999989 ], [ -38.647922699999974, -12.770618399999925 ], [ -38.64803239999997, -12.770600599999966 ], [ -38.648209199999947, -12.77051709999996 ], [ -38.648270199999956, -12.770475399999961 ], [ -38.64834959999996, -12.770343899999936 ], [ -38.648392499999943, -12.770164499999961 ], [ -38.648374499999932, -12.76996109999993 ], [ -38.648332099999955, -12.769787599999978 ], [ -38.648271199999954, -12.769733699999975 ], [ -38.648198199999968, -12.769691699999937 ], [ -38.648161699999946, -12.769637799999947 ], [ -38.648155699999968, -12.769554099999935 ], [ -38.648021699999958, -12.769482099999941 ], [ -38.647820799999977, -12.76936219999993 ], [ -38.6477417, -12.769266399999939 ], [ -38.647540599999957, -12.769236199999977 ], [ -38.647303, -12.769247899999982 ], [ -38.64713839999996, -12.769301499999921 ], [ -38.647071199999978, -12.769355199999943 ], [ -38.646998099999962, -12.769385 ], [ -38.646894499999966, -12.769396899999936 ], [ -38.646711599999946, -12.769432499999954 ], [ -38.646638399999965, -12.769486199999974 ], [ -38.646504199999981, -12.769551899999943 ], [ -38.646431, -12.76963549999993 ], [ -38.64627239999993, -12.769707099999945 ], [ -38.64627239999993, -12.769725 ], [ -38.646144499999927, -12.769665 ], [ -38.646022599999981, -12.769688799999942 ], [ -38.645851899999968, -12.769748399999974 ], [ -38.645626199999981, -12.769921499999958 ], [ -38.645522399999955, -12.770053 ], [ -38.645528299999967, -12.770172599999951 ], [ -38.645552499999958, -12.770292299999925 ], [ -38.64561939999993, -12.770424 ], [ -38.645722899999953, -12.77046 ], [ -38.645808099999961, -12.770585699999968 ], [ -38.645753099999972, -12.770675399999959 ], [ -38.645686, -12.770729099999922 ], [ -38.645600699999939, -12.770711 ], [ -38.645484899999936, -12.770728799999981 ], [ -38.645484799999963, -12.770788599999946 ], [ -38.645448199999976, -12.770818499999962 ], [ -38.645314099999958, -12.770800399999924 ], [ -38.64519219999994, -12.770848099999968 ], [ -38.645131299999953, -12.770854 ], [ -38.645119, -12.770901799999931 ], [ -38.645118899999943, -12.770949599999936 ], [ -38.645100399999933, -12.771099199999981 ], [ -38.645136899999962, -12.771188899999974 ], [ -38.645088099999953, -12.771218799999923 ], [ -38.645045499999988, -12.77115289999994 ], [ -38.64496029999998, -12.771093 ], [ -38.644868799999983, -12.771116799999959 ], [ -38.644868899999942, -12.771051 ], [ -38.644820299999942, -12.77094329999993 ], [ -38.644795899999963, -12.77099709999993 ], [ -38.644838399999969, -12.771074899999967 ], [ -38.64480779999996, -12.771182499999956 ], [ -38.64471019999997, -12.771242199999959 ], [ -38.644612699999989, -12.77126 ], [ -38.644606699999947, -12.771188199999916 ], [ -38.644527399999966, -12.771212 ], [ -38.644515199999944, -12.771259899999956 ], [ -38.644448099999984, -12.771331599999932 ], [ -38.644411399999967, -12.771373399999952 ], [ -38.644380899999938, -12.771409199999933 ], [ -38.644374699999958, -12.771481 ], [ -38.644374699999965, -12.771522899999963 ], [ -38.644344399999966, -12.771385199999942 ], [ -38.644283599999937, -12.771289499999964 ], [ -38.644210599999951, -12.771211599999976 ], [ -38.644174099999937, -12.771163699999939 ], [ -38.644198499999959, -12.771097899999962 ], [ -38.644210799999939, -12.771032199999983 ], [ -38.644137699999931, -12.771020099999916 ], [ -38.644082899999937, -12.770984099999955 ], [ -38.644046499999952, -12.770840499999959 ], [ -38.64404669999994, -12.770714899999966 ], [ -38.644168799999932, -12.77058949999998 ], [ -38.644205499999941, -12.770446 ], [ -38.64423649999997, -12.77011109999996 ], [ -38.644291599999974, -12.769907799999954 ], [ -38.644255299999948, -12.769716299999976 ], [ -38.644212699999976, -12.769674399999939 ], [ -38.644151799999968, -12.769674299999966 ], [ -38.644127499999968, -12.769566599999974 ], [ -38.644097099999954, -12.769506799999924 ], [ -38.644072899999962, -12.769446899999945 ], [ -38.644127799999978, -12.769411099999949 ], [ -38.644085199999957, -12.769315299999944 ], [ -38.643957299999954, -12.769267299999962 ], [ -38.643847699999981, -12.769213299999926 ], [ -38.643805, -12.769213299999937 ], [ -38.643652699999961, -12.769225 ], [ -38.643646699999984, -12.769165199999975 ], [ -38.643524799999973, -12.769147099999934 ], [ -38.643402899999963, -12.769188799999942 ], [ -38.643317499999974, -12.769212599999943 ], [ -38.643207799999971, -12.769272299999944 ], [ -38.643098099999982, -12.769242199999942 ], [ -38.643025, -12.76922419999995 ], [ -38.642787299999945, -12.76926569999997 ], [ -38.642701899999963, -12.769271599999959 ], [ -38.642641, -12.769295399999962 ], [ -38.642567799999931, -12.769337199999931 ], [ -38.642488499999956, -12.769355 ], [ -38.642372399999942, -12.769390399999969 ], [ -38.642294399999969, -12.769390299999932 ], [ -38.64220169999993, -12.769428399999978 ], [ -38.642113899999963, -12.769428299999971 ], [ -38.642011499999967, -12.769456899999971 ], [ -38.641913899999963, -12.769519 ], [ -38.641826199999969, -12.769523599999959 ], [ -38.641743199999958, -12.769585699999931 ], [ -38.641723599999978, -12.769657499999928 ], [ -38.641694299999976, -12.76969569999993 ], [ -38.641694499999971, -12.769566499999938 ], [ -38.641631099999984, -12.769542499999929 ], [ -38.641611699999942, -12.769499399999971 ], [ -38.641621599999951, -12.769408499999937 ], [ -38.641636299999959, -12.769336799999968 ], [ -38.641699699999947, -12.769317699999943 ], [ -38.641743599999984, -12.769279499999966 ], [ -38.641748599999971, -12.769217299999974 ], [ -38.641816899999981, -12.769203 ], [ -38.641865599999953, -12.769212699999969 ], [ -38.641924099999983, -12.769193599999936 ], [ -38.641982699999971, -12.769169699999964 ], [ -38.642080199999953, -12.769122 ], [ -38.642129099999977, -12.769055099999944 ], [ -38.642197499999952, -12.76896909999992 ], [ -38.642256, -12.768911699999936 ], [ -38.6423195, -12.768868699999929 ], [ -38.642397799999969, -12.768870399999956 ], [ -38.642436799999984, -12.768837099999928 ], [ -38.642495399999973, -12.768786799999928 ], [ -38.642556499999955, -12.768697199999956 ], [ -38.642501799999934, -12.76859539999997 ], [ -38.642386299999941, -12.768421799999942 ], [ -38.642343799999935, -12.768308099999945 ], [ -38.642337799999957, -12.768224399999946 ], [ -38.642295199999978, -12.76817049999994 ], [ -38.642374599999989, -12.768068899999962 ], [ -38.642332, -12.767979099999931 ], [ -38.642332199999942, -12.767865499999973 ], [ -38.642478499999982, -12.767805899999942 ], [ -38.642637, -12.767758199999946 ], [ -38.642698099999961, -12.767698499999923 ], [ -38.64278349999995, -12.767614899999947 ], [ -38.642862899999962, -12.76751929999994 ], [ -38.642856899999977, -12.767399599999958 ], [ -38.642771799999935, -12.767297799999954 ], [ -38.64271089999994, -12.767214 ], [ -38.642668399999934, -12.767118299999952 ], [ -38.642613699999963, -12.7669926 ], [ -38.642546899999957, -12.766860899999916 ], [ -38.642419099999984, -12.766765 ], [ -38.642437499999971, -12.766627499999949 ], [ -38.642431699999982, -12.766418099999944 ], [ -38.642401499999941, -12.766226699999933 ], [ -38.64231019999994, -12.766178699999955 ], [ -38.64215779999995, -12.766196399999936 ], [ -38.641981099999953, -12.766190199999935 ], [ -38.641883599999971, -12.766160199999945 ], [ -38.641786, -12.766219799999927 ], [ -38.641700799999974, -12.766171899999957 ], [ -38.641639899999973, -12.766147899999945 ], [ -38.641597199999985, -12.766147799999951 ], [ -38.641463, -12.766285199999972 ], [ -38.641298399999982, -12.766326799999945 ], [ -38.641274099999983, -12.766255 ], [ -38.641158399999938, -12.766213 ], [ -38.641018199999962, -12.766206799999965 ], [ -38.640799, -12.766092899999935 ], [ -38.64068929999997, -12.766074799999954 ], [ -38.640610099999947, -12.766122499999931 ], [ -38.640531, -12.766014799999931 ], [ -38.640360499999922, -12.765942799999948 ], [ -38.640305699999942, -12.765858899999943 ], [ -38.640104699999938, -12.765792899999969 ], [ -38.640074299999981, -12.765751 ], [ -38.639891599999949, -12.765714799999961 ], [ -38.639842799999947, -12.765720699999971 ], [ -38.639775799999938, -12.765696699999976 ], [ -38.639739299999974, -12.765624899999983 ], [ -38.639635799999951, -12.765547 ], [ -38.639587199999937, -12.765481099999933 ], [ -38.639501899999978, -12.765487 ], [ -38.6394471, -12.765451 ], [ -38.639325199999973, -12.765409 ], [ -38.639197199999963, -12.765456699999957 ], [ -38.639184899999975, -12.765528399999953 ], [ -38.639166499999931, -12.765594199999942 ], [ -38.639251699999932, -12.765702 ], [ -38.639190399999968, -12.765971099999943 ], [ -38.639141299999949, -12.766180399999943 ], [ -38.639074299999947, -12.766180299999959 ], [ -38.639019499999968, -12.766138299999982 ], [ -38.638970699999959, -12.766168199999969 ], [ -38.638970599999936, -12.766275799999962 ], [ -38.63902539999998, -12.76628189999996 ], [ -38.639080299999939, -12.766282 ], [ -38.639135, -12.766329899999951 ], [ -38.639141, -12.76641959999996 ], [ -38.639110399999943, -12.766491299999947 ], [ -38.639104199999963, -12.766563099999923 ], [ -38.638958, -12.766533 ], [ -38.638884799999971, -12.766622599999939 ], [ -38.638835899999947, -12.766688399999978 ], [ -38.638762299999946, -12.767005299999933 ], [ -38.63871939999995, -12.767238499999959 ], [ -38.638761799999948, -12.76737009999994 ], [ -38.638792, -12.76756159999996 ], [ -38.638773499999964, -12.767753 ], [ -38.63873069999994, -12.767812699999972 ], [ -38.638669399999969, -12.768063899999978 ], [ -38.638663, -12.768273199999953 ], [ -38.638583699999977, -12.768356799999955 ], [ -38.638534799999952, -12.768488299999932 ], [ -38.63853459999995, -12.768578099999957 ], [ -38.638601499999943, -12.768691799999942 ], [ -38.638619699999936, -12.768787499999963 ], [ -38.638515899999959, -12.768907 ], [ -38.638424299999933, -12.769020499999943 ], [ -38.638357, -12.769187899999951 ], [ -38.638314099999945, -12.769373299999927 ], [ -38.638307799999957, -12.76955869999995 ], [ -38.638234499999953, -12.769660299999929 ], [ -38.638155199999979, -12.769737899999935 ], [ -38.638118499999962, -12.769833599999975 ], [ -38.638069499999979, -12.769965099999977 ], [ -38.638045, -12.7700369 ], [ -38.637996199999982, -12.770120499999953 ], [ -38.637922799999949, -12.77027589999995 ], [ -38.637928699999975, -12.770389599999943 ], [ -38.637928699999975, -12.770437399999915 ], [ -38.63792849999993, -12.77053319999993 ], [ -38.637843299999929, -12.770449299999955 ], [ -38.637776199999969, -12.770521 ], [ -38.637703, -12.770604599999947 ], [ -38.637654099999963, -12.770676299999932 ], [ -38.637635799999941, -12.770724199999957 ], [ -38.637672199999948, -12.770802 ], [ -38.63775719999996, -12.771023399999921 ], [ -38.63777539999996, -12.771107199999959 ], [ -38.637702199999978, -12.771172799999933 ], [ -38.63760469999994, -12.771160799999961 ], [ -38.637537499999958, -12.771256399999968 ], [ -38.637488699999949, -12.771298199999922 ], [ -38.637397399999941, -12.771220299999964 ], [ -38.637287699999945, -12.771202199999932 ], [ -38.63725119999998, -12.771166199999971 ], [ -38.637214499999978, -12.771238 ], [ -38.637202299999963, -12.771297799999946 ], [ -38.63719, -12.771333599999949 ], [ -38.637129099999989, -12.771339499999952 ], [ -38.637092499999945, -12.771381399999921 ], [ -38.637141399999962, -12.771255799999954 ], [ -38.637184199999979, -12.771178099999918 ], [ -38.637226899999973, -12.771088499999957 ], [ -38.637220899999932, -12.771016699999976 ], [ -38.637166099999945, -12.771028599999967 ], [ -38.637074599999949, -12.771088199999957 ], [ -38.636971, -12.771052199999923 ], [ -38.636824799999943, -12.771052 ], [ -38.636751599999975, -12.771075799999963 ], [ -38.636623599999957, -12.771075699999932 ], [ -38.636623899999961, -12.770872299999956 ], [ -38.636648599999937, -12.770698899999962 ], [ -38.636703599999983, -12.770585299999942 ], [ -38.636630599999933, -12.770489499999933 ], [ -38.636332199999984, -12.770297699999949 ], [ -38.636222599999947, -12.770261599999982 ], [ -38.636125199999981, -12.770201699999987 ], [ -38.636003299999963, -12.7702255 ], [ -38.635923899999966, -12.770309099999974 ], [ -38.635911599999936, -12.770398799999956 ], [ -38.635875, -12.77046449999996 ], [ -38.635753099999938, -12.770440399999909 ], [ -38.635692199999944, -12.770398499999937 ], [ -38.635576499999964, -12.770374399999968 ], [ -38.635582599999964, -12.770350499999951 ], [ -38.635649699999924, -12.770290799999941 ], [ -38.6356742, -12.770207099999947 ], [ -38.635680499999971, -12.770093399999965 ], [ -38.635680599999944, -12.769997699999976 ], [ -38.635674499999936, -12.769979799999915 ], [ -38.635613699999979, -12.769913899999942 ], [ -38.635528399999941, -12.76988389999998 ], [ -38.635431, -12.769823899999954 ], [ -38.635358, -12.76977 ], [ -38.635236199999952, -12.76971 ], [ -38.635083699999946, -12.769763599999967 ], [ -38.635059399999932, -12.769703799999961 ], [ -38.635053399999961, -12.769655899999977 ], [ -38.63505349999997, -12.769590099999967 ], [ -38.634931699999981, -12.769512199999939 ], [ -38.634822199999974, -12.769440299999939 ], [ -38.63476739999993, -12.769374399999938 ], [ -38.634609099999977, -12.769284499999969 ], [ -38.6345482, -12.769230499999942 ], [ -38.634487399999955, -12.769158699999927 ], [ -38.634377899999947, -12.769009 ], [ -38.634317199999941, -12.768871299999937 ], [ -38.634299, -12.768787599999934 ], [ -38.634189399999968, -12.768703699999936 ], [ -38.634073699999931, -12.768655699999952 ], [ -38.633903099999934, -12.768613599999989 ], [ -38.633805799999948, -12.768517699999942 ], [ -38.633702299999989, -12.768451799999967 ], [ -38.633574399999937, -12.768409699999943 ], [ -38.633434299999976, -12.768313799999934 ], [ -38.633294199999966, -12.768295699999952 ], [ -38.633142, -12.76821769999998 ], [ -38.632977599999947, -12.768085899999974 ], [ -38.63281329999996, -12.767912199999948 ], [ -38.632746399999974, -12.767840399999956 ], [ -38.632655099999965, -12.7677864 ], [ -38.632569899999972, -12.767684599999939 ], [ -38.632496899999978, -12.767576799999972 ], [ -38.632393499999978, -12.767433099999954 ], [ -38.632332799999979, -12.767319399999961 ], [ -38.632320699999987, -12.767229699999973 ], [ -38.632205099999965, -12.767133799999945 ], [ -38.632095599999957, -12.766996099999956 ], [ -38.631986, -12.766894199999969 ], [ -38.631803299999952, -12.766852099999939 ], [ -38.631516799999922, -12.766887599999977 ], [ -38.631451, -12.766944199999962 ], [ -38.631377899999954, -12.76690819999992 ], [ -38.631421899999964, -12.766800599999948 ], [ -38.631371, -12.766621099999943 ], [ -38.631268799999937, -12.766491799999924 ], [ -38.631217499999941, -12.76654909999996 ], [ -38.631064, -12.766513 ], [ -38.631056899999976, -12.766362299999962 ], [ -38.630954699999968, -12.766233 ], [ -38.630823299999967, -12.766125099999945 ], [ -38.630801499999961, -12.766003099999974 ], [ -38.630750499999976, -12.765888099999932 ], [ -38.630662799999975, -12.76580189999993 ], [ -38.630575199999967, -12.76569409999996 ], [ -38.630487699999939, -12.765572 ], [ -38.630473199999983, -12.765464299999973 ], [ -38.6304148, -12.765413899999929 ], [ -38.630444299999965, -12.765220199999918 ], [ -38.630364, -12.765141099999937 ], [ -38.630386099999946, -12.765040699999926 ], [ -38.63041549999997, -12.764925899999987 ], [ -38.63032069999997, -12.764760599999919 ], [ -38.630284299999971, -12.764609899999984 ], [ -38.63027, -12.764408899999983 ], [ -38.630167699999966, -12.764336899999929 ], [ -38.630036099999984, -12.764315199999952 ], [ -38.62995589999997, -12.764185899999973 ], [ -38.62999989999998, -12.76408549999997 ], [ -38.630146399999944, -12.763920599999949 ], [ -38.630205099999955, -12.763748399999924 ], [ -38.6301395, -12.763633499999957 ], [ -38.630015399999934, -12.763475399999962 ], [ -38.629672, -12.763266799999933 ], [ -38.629540599999984, -12.763123 ], [ -38.629394399999974, -12.763087 ], [ -38.629292099999923, -12.763036599999971 ], [ -38.629263, -12.762936 ], [ -38.629219199999973, -12.762842699999975 ], [ -38.62918279999996, -12.762756499999975 ], [ -38.629088, -12.762605599999985 ], [ -38.628861599999937, -12.762375599999938 ], [ -38.628737499999943, -12.762203199999918 ], [ -38.628657299999936, -12.76206669999995 ], [ -38.62855519999993, -12.761908599999968 ], [ -38.628394499999963, -12.761729 ], [ -38.628263199999942, -12.761549299999965 ], [ -38.628146599999972, -12.761283599999954 ], [ -38.628078099999982, -12.761188099999961 ], [ -38.627992899999981, -12.761152099999965 ], [ -38.627871099999943, -12.761074099999972 ], [ -38.627719, -12.760948299999923 ], [ -38.627646, -12.760810599999948 ], [ -38.627585199999949, -12.760702899999954 ], [ -38.627469699999956, -12.76056519999997 ], [ -38.627354099999941, -12.760403499999931 ], [ -38.627287299999978, -12.760271799999947 ], [ -38.627232599999971, -12.760170099999966 ], [ -38.627031799999948, -12.759966399999945 ], [ -38.626910299999963, -12.759721 ], [ -38.626837399999943, -12.75955339999995 ], [ -38.62675239999993, -12.759355899999951 ], [ -38.62660029999995, -12.75920019999996 ], [ -38.626472599999943, -12.758996599999918 ], [ -38.626430099999943, -12.758906799999979 ], [ -38.626302199999941, -12.758811 ], [ -38.626278, -12.758715199999935 ], [ -38.626065, -12.758535499999933 ], [ -38.625986, -12.758367899999941 ], [ -38.625943599999964, -12.758206299999941 ], [ -38.625834, -12.7581284 ], [ -38.625742699999932, -12.758062499999944 ], [ -38.625614899999967, -12.757978599999941 ], [ -38.625523499999929, -12.757954499999936 ], [ -38.625432, -12.758008199999946 ], [ -38.625419699999952, -12.758115899999948 ], [ -38.625370899999943, -12.75812179999998 ], [ -38.625352699999951, -12.758038 ], [ -38.625291799999964, -12.758043899999951 ], [ -38.625261399999943, -12.758014 ], [ -38.62521269999997, -12.757942099999966 ], [ -38.625115299999941, -12.757912099999924 ], [ -38.625048299999953, -12.757906 ], [ -38.625017799999974, -12.757888 ], [ -38.624974899999977, -12.757876899999927 ], [ -38.624937899999964, -12.757852 ], [ -38.624910699999937, -12.757821299999934 ], [ -38.62486, -12.757784899999926 ], [ -38.624838599999968, -12.757740899999938 ], [ -38.624799699999983, -12.757717799999968 ], [ -38.62477819999998, -12.757696699999929 ], [ -38.624758799999931, -12.757684 ], [ -38.624797799999961, -12.75762789999993 ], [ -38.624790499999953, -12.757618299999946 ], [ -38.624835099999984, -12.757547199999969 ], [ -38.624876499999971, -12.757577699999958 ], [ -38.624901, -12.757537099999974 ], [ -38.624795099999979, -12.757456199999975 ], [ -38.624768199999949, -12.757498 ], [ -38.624812, -12.757534 ], [ -38.624736299999945, -12.757649899999924 ], [ -38.624656499999958, -12.757617499999983 ], [ -38.624583399999956, -12.757598299999913 ], [ -38.624503, -12.757586199999938 ], [ -38.624437199999932, -12.757569299999929 ], [ -38.624393299999952, -12.757574099999939 ], [ -38.624339699999958, -12.75758829999995 ], [ -38.624288499999984, -12.7575859 ], [ -38.624249499999969, -12.757569099999969 ], [ -38.624181199999953, -12.757585699999932 ], [ -38.624113, -12.757585599999958 ], [ -38.62407879999995, -12.757585599999985 ], [ -38.624006, -12.757427599999964 ], [ -38.62385229999996, -12.757463199999949 ], [ -38.62384, -12.757551699999958 ], [ -38.623810699999986, -12.757630699999927 ], [ -38.623798299999976, -12.757743099999967 ], [ -38.623766399999965, -12.757881799999954 ], [ -38.623746699999977, -12.758018199999972 ], [ -38.623700399999969, -12.758042 ], [ -38.6235784, -12.758108799999954 ], [ -38.623495399999975, -12.758182899999952 ], [ -38.623414799999985, -12.758268899999974 ], [ -38.623339199999975, -12.758340599999931 ], [ -38.62326349999995, -12.7584098 ], [ -38.623200099999963, -12.758445599999956 ], [ -38.623087899999973, -12.75848379999997 ], [ -38.622978099999955, -12.758543399999935 ], [ -38.622861, -12.758605499999941 ], [ -38.622814699999935, -12.75863169999997 ], [ -38.62284139999997, -12.758674799999936 ], [ -38.622792699999934, -12.758691499999919 ], [ -38.622678, -12.758746399999948 ], [ -38.622573199999984, -12.758767699999973 ], [ -38.622439099999951, -12.758762799999927 ], [ -38.622246499999953, -12.758764899999967 ], [ -38.622088099999985, -12.758779 ], [ -38.621961299999953, -12.758776399999938 ], [ -38.621841899999936, -12.758749899999939 ], [ -38.621761599999964, -12.758716299999948 ], [ -38.621734799999963, -12.758682799999971 ], [ -38.621759199999929, -12.758656499999963 ], [ -38.621720299999943, -12.758611 ], [ -38.621737399999979, -12.758589499999982 ], [ -38.621795899999938, -12.75853929999994 ], [ -38.621798399999925, -12.758503499999943 ], [ -38.621696099999951, -12.758481799999982 ], [ -38.62159859999997, -12.7584912 ], [ -38.621562099999942, -12.75844809999994 ], [ -38.621569499999964, -12.758407399999964 ], [ -38.621605599999953, -12.758306199999948 ], [ -38.621605699999982, -12.758235299999964 ], [ -38.621592899999939, -12.758159299999932 ], [ -38.621582699999983, -12.7580733 ], [ -38.621551799999963, -12.758027699999968 ], [ -38.621453899999949, -12.758025 ], [ -38.621361, -12.758022299999924 ], [ -38.621250099999941, -12.758070199999965 ], [ -38.621185599999933, -12.758090399999972 ], [ -38.621149499999945, -12.758047299999916 ], [ -38.621077399999926, -12.758034599999965 ], [ -38.620994799999956, -12.758077499999937 ], [ -38.620932799999927, -12.758100199999944 ], [ -38.62084519999997, -12.758102599999962 ], [ -38.620775499999979, -12.758135399999951 ], [ -38.620667199999964, -12.758132699999969 ], [ -38.62055109999995, -12.758142599999932 ], [ -38.620432499999929, -12.758147499999943 ], [ -38.620347399999964, -12.758180299999928 ], [ -38.620241599999922, -12.758223199999968 ], [ -38.620138399999981, -12.758271099999957 ], [ -38.620086699999945, -12.758301399999951 ], [ -38.620014499999975, -12.758301299999966 ], [ -38.619934599999972, -12.758331599999961 ], [ -38.619898399999947, -12.758374599999961 ], [ -38.619802899999961, -12.758427599999946 ], [ -38.619702199999949, -12.758490799999931 ], [ -38.619612799999977, -12.758592199999939 ], [ -38.619570299999964, -12.758744299999941 ], [ -38.619490199999966, -12.758882499999981 ], [ -38.61949, -12.759020799999981 ], [ -38.619489699999974, -12.759173 ], [ -38.619390899999985, -12.759325 ], [ -38.619315599999943, -12.759417099999954 ], [ -38.619249599999932, -12.759555399999964 ], [ -38.619132, -12.759661199999925 ], [ -38.61896269999994, -12.759767 ], [ -38.618896799999959, -12.75987759999998 ], [ -38.618642799999982, -12.760057099999942 ], [ -38.618539299999952, -12.760204499999924 ], [ -38.618459199999968, -12.760328899999942 ], [ -38.618350899999939, -12.76048549999995 ], [ -38.618299099999938, -12.760609899999974 ], [ -38.618228299999949, -12.760831199999911 ], [ -38.618242099999975, -12.760992599999966 ], [ -38.618100899999952, -12.761176799999937 ], [ -38.618011399999943, -12.761338099999927 ], [ -38.618048699999981, -12.761504099999954 ], [ -38.618146899999942, -12.7616308 ], [ -38.618146599999939, -12.761853299999919 ], [ -38.618029399999962, -12.762011 ], [ -38.617978, -12.762147299999981 ], [ -38.61796319999997, -12.762262099999919 ], [ -38.618014199999955, -12.762398599999928 ], [ -38.6180725, -12.762527899999956 ], [ -38.618130699999938, -12.762707399999949 ], [ -38.618137599999962, -12.762973 ], [ -38.618100799999986, -12.763159499999986 ], [ -38.618064, -12.763267099999938 ], [ -38.618158899999976, -12.763396499999933 ], [ -38.618100199999951, -12.763532799999957 ], [ -38.61818049999993, -12.763611799999984 ], [ -38.618246099999972, -12.763762699999981 ], [ -38.61816529999993, -12.764020899999942 ], [ -38.618077299999975, -12.764214599999962 ], [ -38.618003899999962, -12.764365199999947 ], [ -38.618011, -12.764494399999935 ], [ -38.618003599999959, -12.764566199999924 ], [ -38.6178791, -12.76465929999994 ], [ -38.617878899999937, -12.764817199999982 ], [ -38.617886, -12.764968 ], [ -38.617981, -12.764996799999963 ], [ -38.618031899999956, -12.765176399999978 ], [ -38.618024399999967, -12.765319899999957 ], [ -38.618068099999967, -12.765442 ], [ -38.618141, -12.7656143 ], [ -38.618189699999959, -12.765614399999937 ], [ -38.618250399999958, -12.765765199999967 ], [ -38.618238, -12.765941699999916 ], [ -38.618240899999932, -12.766037399999941 ], [ -38.618289499999946, -12.766157099999914 ], [ -38.618350199999959, -12.766279799999941 ], [ -38.618392799999988, -12.766306799999935 ], [ -38.618496399999977, -12.76633079999994 ], [ -38.618545199999971, -12.766313 ], [ -38.618575599999929, -12.766322 ], [ -38.618706399999951, -12.766492599999941 ], [ -38.618818899999951, -12.766660299999938 ], [ -38.618885699999964, -12.766818899999986 ], [ -38.618940399999921, -12.766902699999958 ], [ -38.618976799999984, -12.76700439999996 ], [ -38.619107499999984, -12.767199 ], [ -38.619204799999977, -12.767330699999935 ], [ -38.619262599999956, -12.767396599999921 ], [ -38.619408499999963, -12.767636099999944 ], [ -38.619505799999949, -12.767761799999976 ], [ -38.619612299999979, -12.76791149999997 ], [ -38.61968829999995, -12.767992399999951 ], [ -38.619858599999922, -12.76823489999998 ], [ -38.619928499999965, -12.76836959999998 ], [ -38.620013499999978, -12.76854009999993 ], [ -38.620086499999964, -12.768665899999981 ], [ -38.62014419999997, -12.76875869999998 ], [ -38.620177699999942, -12.768812499999953 ], [ -38.620211099999942, -12.768866399999967 ], [ -38.62027489999997, -12.7689622 ], [ -38.620377399999946, -12.769109399999946 ], [ -38.62049049999996, -12.769271099999953 ], [ -38.620578, -12.76942909999998 ], [ -38.620658099999957, -12.769615799999929 ], [ -38.620701799999956, -12.769730699999984 ], [ -38.620738, -12.769974799999932 ], [ -38.620726799999943, -12.770132699999969 ], [ -38.620825099999941, -12.77041639999994 ], [ -38.620879699999939, -12.770642599999963 ], [ -38.620842699999969, -12.770883 ], [ -38.62085339999993, -12.771101899999962 ], [ -38.620798299999933, -12.771284799999929 ], [ -38.620823599999937, -12.771446399999938 ], [ -38.620841699999971, -12.771586399999935 ], [ -38.620775699999975, -12.771719099999919 ], [ -38.619248299999988, -12.771056499999911 ], [ -38.618776899999951, -12.770847699999939 ], [ -38.618798899999952, -12.770793899999942 ], [ -38.618780699999945, -12.770775899999933 ], [ -38.618736699999943, -12.770862 ], [ -38.620867, -12.771798099999973 ], [ -38.620819299999937, -12.771869899999956 ], [ -38.620771699999985, -12.771955899999979 ], [ -38.620705699999974, -12.772081399999943 ], [ -38.620665299999985, -12.772146 ], [ -38.620599499999969, -12.772174599999959 ], [ -38.620489799999987, -12.772174399999932 ], [ -38.620409399999971, -12.77214559999994 ], [ -38.62035439999994, -12.772253199999966 ], [ -38.620292099999979, -12.772317699999974 ], [ -38.620226299999949, -12.772357099999963 ], [ -38.620116399999979, -12.772482499999974 ], [ -38.620024899999983, -12.77252909999992 ], [ -38.619948, -12.772572 ], [ -38.61992609999993, -12.772554 ], [ -38.619896899999965, -12.772536099999968 ], [ -38.619852899999948, -12.772650799999962 ], [ -38.619830799999939, -12.772733299999958 ], [ -38.619786799999929, -12.772819399999936 ], [ -38.61974649999997, -12.772837299999935 ], [ -38.619702699999955, -12.772808499999924 ], [ -38.619647899999961, -12.772761799999955 ], [ -38.619582099999953, -12.772747299999915 ], [ -38.619636899999932, -12.772801199999941 ], [ -38.619673399999961, -12.772876699999923 ], [ -38.619702499999967, -12.772934099999915 ], [ -38.619731699999932, -12.772995199999972 ], [ -38.619771799999967, -12.773045499999977 ], [ -38.619782699999966, -12.773081399999951 ], [ -38.619830099999938, -12.7731927 ], [ -38.619928699999946, -12.773253899999929 ], [ -38.620019799999959, -12.773458599999973 ], [ -38.620045199999936, -12.773627299999934 ], [ -38.620099799999942, -12.773799599999956 ], [ -38.620158, -12.774004299999945 ], [ -38.620249099999967, -12.774162299999924 ], [ -38.620325799999932, -12.77428079999992 ], [ -38.620409599999952, -12.774449599999977 ], [ -38.620460699999974, -12.774496399999986 ], [ -38.620442399999945, -12.774514299999959 ], [ -38.620468, -12.774553799999977 ], [ -38.62047519999993, -12.77460759999998 ], [ -38.620508, -12.774690199999945 ], [ -38.620507799999977, -12.774779899999945 ], [ -38.620518699999934, -12.774841 ], [ -38.620540499999954, -12.774927099999964 ], [ -38.620577, -12.774966699999935 ], [ -38.620598899999955, -12.775027699999946 ], [ -38.620729899999951, -12.775412399999947 ], [ -38.620761499999958, -12.775495399999947 ], [ -38.620793, -12.77560939999996 ], [ -38.620824399999947, -12.775738899999968 ], [ -38.6208822, -12.775935799999949 ], [ -38.620971699999984, -12.776096499999944 ], [ -38.620982, -12.77623109999996 ], [ -38.620966, -12.776329499999967 ], [ -38.620997499999923, -12.776438299999938 ], [ -38.621007799999973, -12.776609299999958 ], [ -38.620981299999983, -12.776723199999919 ], [ -38.62092309999997, -12.776831899999941 ], [ -38.620891299999982, -12.776935399999967 ], [ -38.620891099999938, -12.777059699999944 ], [ -38.62090139999998, -12.777220299999957 ], [ -38.620901199999942, -12.777323899999946 ], [ -38.620906399999974, -12.777422299999937 ], [ -38.620969499999944, -12.777531099999964 ], [ -38.620943, -12.777614 ], [ -38.620942899999932, -12.777702 ], [ -38.620942799999973, -12.77774859999993 ], [ -38.620942799999966, -12.777795299999973 ], [ -38.620963699999947, -12.777909199999959 ], [ -38.62104259999996, -12.778049199999943 ], [ -38.621111099999951, -12.77814769999997 ], [ -38.621126799999956, -12.778256499999946 ], [ -38.621121199999955, -12.778474 ], [ -38.621126299999972, -12.778572399999964 ], [ -38.621242199999983, -12.77872279999996 ], [ -38.621342199999958, -12.778852399999939 ], [ -38.621421299999959, -12.778925 ], [ -38.6214581, -12.779033899999957 ], [ -38.621494899999959, -12.779111599999963 ], [ -38.621568499999967, -12.779308499999949 ], [ -38.621684499999951, -12.779376 ], [ -38.621731899999929, -12.779438199999952 ], [ -38.62181089999995, -12.779521199999968 ], [ -38.621837199999959, -12.77959379999994 ], [ -38.621852899999965, -12.779676699999971 ], [ -38.62186329999998, -12.779738799999956 ], [ -38.62188969999994, -12.779790699999968 ], [ -38.621947599999942, -12.77983219999995 ], [ -38.622026799999958, -12.779847799999972 ], [ -38.6220795, -12.779853099999963 ], [ -38.622111199999949, -12.77986869999995 ], [ -38.622095199999933, -12.779967099999968 ], [ -38.622105599999941, -12.780060299999938 ], [ -38.622121299999947, -12.780153599999952 ], [ -38.622152799999981, -12.780257199999943 ], [ -38.622252899999985, -12.780402299999935 ], [ -38.622326599999951, -12.780480099999965 ], [ -38.622426699999949, -12.780578699999966 ], [ -38.62247919999993, -12.780765199999971 ], [ -38.62255289999996, -12.780920699999969 ], [ -38.622594899999974, -12.781050299999933 ], [ -38.622658, -12.781179799999949 ], [ -38.622715899999953, -12.781309399999957 ], [ -38.622805399999955, -12.781485599999934 ], [ -38.622926599999971, -12.781589399999957 ], [ -38.622926399999983, -12.781734399999953 ], [ -38.62301059999993, -12.781853599999977 ], [ -38.623042099999971, -12.78197279999995 ], [ -38.623041899999976, -12.782102299999952 ], [ -38.62313659999996, -12.782283699999935 ], [ -38.623152099999963, -12.782527199999953 ], [ -38.62317829999995, -12.782641199999924 ], [ -38.62319389999994, -12.782791399999935 ], [ -38.623220099999969, -12.782905399999956 ], [ -38.623225299999945, -12.782988199999979 ] ] ], [ [ [ -38.534931599999936, -12.794590199999945 ], [ -38.535035, -12.794555299999944 ], [ -38.535122599999966, -12.794512599999971 ], [ -38.535154499999976, -12.794415199999952 ], [ -38.535162699999951, -12.794270899999955 ], [ -38.535178899999948, -12.794157899999961 ], [ -38.535222699999963, -12.79410729999994 ], [ -38.535270299999979, -12.794123 ], [ -38.53531, -12.794150299999938 ], [ -38.53533379999994, -12.794181599999934 ], [ -38.535381299999983, -12.794222899999975 ], [ -38.535468699999967, -12.794211399999952 ], [ -38.535540399999945, -12.794153 ], [ -38.535564399999942, -12.794079 ], [ -38.5355565, -12.794024399999952 ], [ -38.535520899999931, -12.793922899999933 ], [ -38.535572599999966, -12.79390739999997 ], [ -38.535632199999945, -12.79391139999996 ], [ -38.535751299999966, -12.793981799999914 ], [ -38.535838799999958, -12.793993699999913 ], [ -38.535950099999987, -12.793970499999947 ], [ -38.536025799999948, -12.793880899999975 ], [ -38.536041799999971, -12.793775699999969 ], [ -38.536030199999978, -12.793623599999931 ], [ -38.535990799999972, -12.79343249999995 ], [ -38.535955399999978, -12.793257 ], [ -38.535919699999972, -12.793171199999952 ], [ -38.535872199999972, -12.793081399999954 ], [ -38.535808699999968, -12.793022799999967 ], [ -38.535741199999954, -12.792983699999983 ], [ -38.535634, -12.792940599999948 ], [ -38.5355029, -12.792936499999946 ], [ -38.535383599999939, -12.792936299999942 ], [ -38.535248399999951, -12.792975 ], [ -38.535184599999972, -12.793088 ], [ -38.535164599999973, -12.7931776 ], [ -38.53514069999995, -12.793236099999937 ], [ -38.535112799999979, -12.793263299999973 ], [ -38.535077, -12.793259399999947 ], [ -38.535017499999981, -12.793196899999927 ], [ -38.534902599999953, -12.793009499999929 ], [ -38.534863199999961, -12.79284569999994 ], [ -38.534863399999956, -12.792744299999983 ], [ -38.53489129999997, -12.792658599999982 ], [ -38.534990799999939, -12.792600299999958 ], [ -38.535094199999939, -12.792565399999948 ], [ -38.535213499999948, -12.79254609999998 ], [ -38.535424099999943, -12.792534799999947 ], [ -38.535571199999943, -12.792531199999926 ], [ -38.535694399999961, -12.792504099999988 ], [ -38.535797899999984, -12.79243019999994 ], [ -38.535798, -12.792387299999959 ], [ -38.535778199999982, -12.792348299999976 ], [ -38.5357504, -12.792309199999977 ], [ -38.535718699999968, -12.792254599999975 ], [ -38.535697399999947, -12.792118099999986 ], [ -38.535662099999975, -12.792090699999948 ], [ -38.535635599999985, -12.79207329999997 ], [ -38.53561609999997, -12.792066299999926 ], [ -38.535586, -12.792066199999971 ], [ -38.535524, -12.792076599999973 ], [ -38.535502799999968, -12.792076499999945 ], [ -38.535470899999957, -12.792071199999953 ], [ -38.53544439999996, -12.792052099999964 ], [ -38.535421399999969, -12.792022499999975 ], [ -38.535373899999968, -12.791876599999965 ], [ -38.535326299999952, -12.791741099999976 ], [ -38.535315, -12.791712599999929 ], [ -38.53531, -12.7917002 ], [ -38.535276499999959, -12.791646299999966 ], [ -38.535248199999955, -12.791620199999956 ], [ -38.535218199999981, -12.791601099999978 ], [ -38.535152699999969, -12.79157489999996 ], [ -38.535108499999978, -12.791559199999936 ], [ -38.535081899999966, -12.791557399999936 ], [ -38.535055399999976, -12.791562599999954 ], [ -38.535034099999962, -12.791571199999973 ], [ -38.535003899999936, -12.791600699999956 ], [ -38.534976699999959, -12.791656399999958 ], [ -38.534953299999984, -12.791712599999938 ], [ -38.53495, -12.791720599999968 ], [ -38.534919799999955, -12.79175869999996 ], [ -38.534887899999951, -12.791783 ], [ -38.534857799999948, -12.791788099999964 ], [ -38.534795799999976, -12.791788 ], [ -38.534762199999939, -12.791781 ], [ -38.53473919999994, -12.791779299999961 ], [ -38.534716199999934, -12.791782699999922 ], [ -38.534675399999962, -12.7918 ], [ -38.534618099999932, -12.791866099999945 ], [ -38.534572, -12.791899 ], [ -38.534531199999954, -12.791918099999977 ], [ -38.534494, -12.791928399999964 ], [ -38.534437399999952, -12.79192829999992 ], [ -38.534393099999932, -12.791924799999951 ], [ -38.534361199999985, -12.791929899999957 ], [ -38.534324, -12.791940299999958 ], [ -38.534299199999964, -12.79194369999993 ], [ -38.53428329999997, -12.791943699999937 ], [ -38.534270899999967, -12.791940199999937 ], [ -38.534240899999929, -12.791912399999934 ], [ -38.534210899999948, -12.7918706 ], [ -38.534195299999972, -12.791854499999943 ], [ -38.534186599999941, -12.791847599999913 ], [ -38.534179599999952, -12.791847599999938 ], [ -38.534177, -12.79184929999998 ], [ -38.534174299999954, -12.791855299999947 ], [ -38.534172599999977, -12.791869899999929 ], [ -38.534168199999954, -12.791881099999943 ], [ -38.534165499999965, -12.7918845 ], [ -38.534161199999971, -12.791884499999989 ], [ -38.53415769999998, -12.791882799999945 ], [ -38.534153299999957, -12.79187759999996 ], [ -38.534148099999982, -12.791875899999971 ], [ -38.53414109999995, -12.791875899999974 ], [ -38.534136699999983, -12.791875899999976 ], [ -38.534131399999971, -12.791873299999965 ], [ -38.534128, -12.791868099999951 ], [ -38.534122799999977, -12.79184319999996 ], [ -38.534122799999984, -12.791827799999961 ], [ -38.534125399999937, -12.79181579999992 ], [ -38.534125399999937, -12.791807199999937 ], [ -38.534122799999977, -12.791801199999945 ], [ -38.534113199999979, -12.791796899999952 ], [ -38.534102699999949, -12.791796899999952 ], [ -38.5340844, -12.791796 ], [ -38.534073, -12.791787399999981 ], [ -38.534048599999956, -12.791768499999938 ], [ -38.534035499999959, -12.791749599999951 ], [ -38.534008099999937, -12.791712599999915 ], [ -38.533961199999958, -12.79164869999993 ], [ -38.533905, -12.791582499999949 ], [ -38.533880799999963, -12.791554299999989 ], [ -38.533866399999972, -12.791547799999931 ], [ -38.533834399999925, -12.791540099999946 ], [ -38.53376929999996, -12.791537899999989 ], [ -38.533732899999961, -12.791535599999962 ], [ -38.533727299999953, -12.791534499999962 ], [ -38.533720199999955, -12.791526599999926 ], [ -38.533715299999983, -12.7915192 ], [ -38.533711299999943, -12.791509699999942 ], [ -38.533707799999945, -12.791503299999949 ], [ -38.533702199999929, -12.791498599999969 ], [ -38.53369569999996, -12.791494299999959 ], [ -38.533693, -12.7914901 ], [ -38.533692499999979, -12.791486699999949 ], [ -38.533692799999983, -12.791484299999986 ], [ -38.533693, -12.791482399999952 ], [ -38.533696, -12.791479299999942 ], [ -38.533701699999945, -12.791474 ], [ -38.533703799999962, -12.791471599999968 ], [ -38.533706, -12.79146849999994 ], [ -38.53370649999993, -12.791464799999961 ], [ -38.533706, -12.791460799999987 ], [ -38.533702499999947, -12.791453399999956 ], [ -38.533691499999975, -12.791441599999914 ], [ -38.53367859999998, -12.791428199999924 ], [ -38.533669099999933, -12.791414499999968 ], [ -38.533665, -12.791405799999952 ], [ -38.533662599999957, -12.791399799999962 ], [ -38.533662599999957, -12.791395099999928 ], [ -38.533664, -12.791391799999943 ], [ -38.533666099999948, -12.791389799999934 ], [ -38.533668399999961, -12.791389099999947 ], [ -38.533670499999964, -12.791389099999931 ], [ -38.533672199999955, -12.7913905 ], [ -38.533676299999968, -12.791397499999951 ], [ -38.53368039999998, -12.791398499999964 ], [ -38.533692, -12.791398099999965 ], [ -38.533710099999951, -12.791395599999914 ], [ -38.533722499999953, -12.791390599999925 ], [ -38.533729, -12.79138589999995 ], [ -38.533733299999938, -12.791378799999967 ], [ -38.533735, -12.791372 ], [ -38.533735499999985, -12.791364499999938 ], [ -38.53373549999997, -12.791359799999965 ], [ -38.53372719999993, -12.791329 ], [ -38.533724, -12.791313899999986 ], [ -38.533722899999923, -12.791303199999952 ], [ -38.53372289999993, -12.791288099999971 ], [ -38.533723, -12.791265499999941 ], [ -38.533720799999976, -12.791253599999949 ], [ -38.533716399999953, -12.791245 ], [ -38.53370549999994, -12.79123529999992 ], [ -38.533661599999959, -12.791215799999975 ], [ -38.533612199999936, -12.791182299999958 ], [ -38.533588099999982, -12.791167199999954 ], [ -38.533574899999962, -12.791161799999946 ], [ -38.533559499999974, -12.791161799999921 ], [ -38.533547499999948, -12.791165 ], [ -38.533537599999931, -12.79117359999996 ], [ -38.533533, -12.79117589999994 ], [ -38.533517299999978, -12.791177 ], [ -38.533512899999948, -12.791175399999943 ], [ -38.533510799999931, -12.791171099999923 ], [ -38.533510199999974, -12.791166899999954 ], [ -38.533511899999951, -12.791161499999941 ], [ -38.533514099999941, -12.79115619999992 ], [ -38.533517899999936, -12.791144 ], [ -38.533519499999954, -12.791135499999946 ], [ -38.533520099999969, -12.791127 ], [ -38.533518499999964, -12.791120099999929 ], [ -38.533510699999965, -12.791108199999938 ], [ -38.53348909999994, -12.791087399999974 ], [ -38.533474499999961, -12.791066599999978 ], [ -38.533444599999939, -12.791018799999957 ], [ -38.533404799999971, -12.790966099999954 ], [ -38.533381399999932, -12.790947899999928 ], [ -38.533361, -12.790940199999968 ], [ -38.533353199999965, -12.790938299999944 ], [ -38.533330799999931, -12.790935399999967 ], [ -38.533312299999977, -12.79092289999994 ], [ -38.533304499999929, -12.79091149999992 ], [ -38.533304499999929, -12.790895199999959 ], [ -38.533298699999932, -12.790881799999976 ], [ -38.533287, -12.790871299999921 ], [ -38.533265599999943, -12.790861699999937 ], [ -38.533214299999941, -12.790829299999928 ], [ -38.533092599999975, -12.790737399999966 ], [ -38.533067599999988, -12.790723699999941 ], [ -38.533013499999988, -12.790717599999942 ], [ -38.532954499999967, -12.790709 ], [ -38.532901599999938, -12.79069679999998 ], [ -38.532872099999963, -12.790673899999948 ], [ -38.532864699999955, -12.790665399999957 ], [ -38.532921699999982, -12.790463899999972 ], [ -38.532968399999952, -12.79047 ], [ -38.533052099999971, -12.790476199999942 ], [ -38.533137199999942, -12.790468799999919 ], [ -38.5332, -12.790449599999931 ], [ -38.533278799999948, -12.790403799999982 ], [ -38.533310899999947, -12.790374899999954 ], [ -38.533340499999959, -12.79033519999996 ], [ -38.533362699999948, -12.790313499999977 ], [ -38.533399599999946, -12.790291799999972 ], [ -38.533437799999952, -12.790278599999965 ], [ -38.533457699999929, -12.790262199999972 ], [ -38.533483, -12.790242199999961 ], [ -38.533504399999977, -12.790227 ], [ -38.533530699999979, -12.790216499999916 ], [ -38.533553, -12.790214699999982 ], [ -38.53358019999996, -12.790217599999931 ], [ -38.533603599999942, -12.790223399999938 ], [ -38.533619099999953, -12.790234799999954 ], [ -38.533631699999951, -12.790238699999959 ], [ -38.533638499999945, -12.790238699999964 ], [ -38.533644299999935, -12.790236799999953 ], [ -38.5336521, -12.790232 ], [ -38.533654099999985, -12.790222499999988 ], [ -38.533652199999956, -12.790210099999976 ], [ -38.533653199999947, -12.790202499999943 ], [ -38.53366, -12.790192 ], [ -38.53366489999997, -12.790184399999934 ], [ -38.53366879999993, -12.790174899999952 ], [ -38.533668799999937, -12.790165299999959 ], [ -38.53366489999997, -12.790149099999951 ], [ -38.533656199999939, -12.790133799999985 ], [ -38.533655199999941, -12.790124299999942 ], [ -38.533657199999936, -12.79011479999996 ], [ -38.533669899999957, -12.790091899999936 ], [ -38.533673799999981, -12.790073799999973 ], [ -38.533673799999974, -12.790062399999938 ], [ -38.533668099999929, -12.790044699999958 ], [ -38.533664199999976, -12.790035199999986 ], [ -38.533657399999981, -12.790030399999981 ], [ -38.533649599999933, -12.790030399999983 ], [ -38.533639899999976, -12.790030399999969 ], [ -38.533635099999977, -12.790033199999989 ], [ -38.533629199999964, -12.790045599999914 ], [ -38.533620399999961, -12.790051299999954 ], [ -38.533603899999946, -12.790057 ], [ -38.533576699999969, -12.790057899999979 ], [ -38.533554299999935, -12.790057899999976 ], [ -38.533527099999958, -12.790054 ], [ -38.533514, -12.790047499999956 ], [ -38.533496299999968, -12.790034799999956 ], [ -38.533486199999977, -12.790019699999956 ], [ -38.533482399999976, -12.790009299999936 ], [ -38.533480499999939, -12.789997599999925 ], [ -38.533480499999939, -12.789992799999929 ], [ -38.533482899999967, -12.789989099999945 ], [ -38.533489699999961, -12.789986299999949 ], [ -38.533497399999931, -12.789979699999932 ], [ -38.533519, -12.789953799999973 ], [ -38.533540699999946, -12.789923299999943 ], [ -38.533550599999955, -12.789909 ], [ -38.533566399999984, -12.789894799999958 ], [ -38.533579699999969, -12.789882299999935 ], [ -38.533591899999976, -12.789877 ], [ -38.533605199999961, -12.789877 ], [ -38.533636699999931, -12.789883 ], [ -38.533667599999944, -12.789889 ], [ -38.533688599999948, -12.789891799999959 ], [ -38.533699599999984, -12.789890599999984 ], [ -38.533708099999956, -12.78988589999995 ], [ -38.533720399999936, -12.789867899999933 ], [ -38.533728899999971, -12.789846399999933 ], [ -38.533732599999951, -12.789830799999958 ], [ -38.533731399999965, -12.789823699999944 ], [ -38.53372289999993, -12.789821199999951 ], [ -38.53371309999995, -12.789821199999951 ], [ -38.533697299999972, -12.789824799999955 ], [ -38.53368739999997, -12.789823299999963 ], [ -38.533674199999957, -12.78981739999994 ], [ -38.533663299999944, -12.789810299999944 ], [ -38.533658499999945, -12.789799599999988 ], [ -38.533654899999931, -12.789787799999946 ], [ -38.533650699999953, -12.789781299999953 ], [ -38.53364769999996, -12.789774799999973 ], [ -38.533647099999946, -12.78977 ], [ -38.533647099999946, -12.789764699999967 ], [ -38.533649499999967, -12.789761199999935 ], [ -38.533656199999946, -12.789757 ], [ -38.533659199999946, -12.789751099999922 ], [ -38.533661, -12.789747 ], [ -38.533661, -12.789743399999976 ], [ -38.533655599999967, -12.789738699999926 ], [ -38.533650799999968, -12.78973689999998 ], [ -38.533647199999962, -12.78973279999996 ], [ -38.533644799999934, -12.789727499999975 ], [ -38.533644799999934, -12.78971859999996 ], [ -38.533648399999947, -12.789686399999949 ], [ -38.533646099999942, -12.789670399999988 ], [ -38.533637099999972, -12.789648499999952 ], [ -38.533626199999965, -12.789635499999969 ], [ -38.533605799999968, -12.789616499999957 ], [ -38.533578599999942, -12.789602299999951 ], [ -38.533571499999944, -12.789601699999931 ], [ -38.533557499999972, -12.789602 ], [ -38.533537099999933, -12.789602499999956 ], [ -38.533514099999941, -12.789599099999958 ], [ -38.533506, -12.789593099999946 ], [ -38.533501299999962, -12.789584499999922 ], [ -38.533496599999978, -12.789571899999943 ], [ -38.533492599999938, -12.789567899999959 ], [ -38.533488499999976, -12.789567899999966 ], [ -38.533483099999948, -12.789571199999967 ], [ -38.533480399999981, -12.789575199999932 ], [ -38.53347569999994, -12.78957979999994 ], [ -38.533473599999986, -12.789582499999948 ], [ -38.533473599999986, -12.789587099999929 ], [ -38.533473599999972, -12.789593099999918 ], [ -38.533471599999984, -12.78960039999993 ], [ -38.533466099999941, -12.789607 ], [ -38.533456699999931, -12.789607599999938 ], [ -38.533452, -12.789607 ], [ -38.533448599999929, -12.789605 ], [ -38.533447899999942, -12.789601 ], [ -38.533449299999972, -12.789596399999933 ], [ -38.533449299999972, -12.789587699999972 ], [ -38.533449299999972, -12.789571199999946 ], [ -38.533446, -12.789561199999984 ], [ -38.533439199999975, -12.789551899999919 ], [ -38.533421, -12.7895334 ], [ -38.533410899999978, -12.789526699999946 ], [ -38.533397399999956, -12.789521399999947 ], [ -38.533380499999971, -12.789516099999972 ], [ -38.533367699999985, -12.789515399999951 ], [ -38.533358199999959, -12.789516699999963 ], [ -38.533356199999965, -12.789519299999943 ], [ -38.533356199999965, -12.789526 ], [ -38.533354199999962, -12.789529299999973 ], [ -38.533347699999986, -12.789531 ], [ -38.533344399999976, -12.78953039999994 ], [ -38.533333399999947, -12.7895248 ], [ -38.533323099999961, -12.789514299999947 ], [ -38.533316399999933, -12.78950949999996 ], [ -38.533311599999934, -12.789504199999961 ], [ -38.533311699999956, -12.78950009999993 ], [ -38.53331349999997, -12.789492399999961 ], [ -38.5333189, -12.78948009999994 ], [ -38.533320099999976, -12.789471299999958 ], [ -38.533318299999969, -12.789462399999945 ], [ -38.533308699999957, -12.789448899999964 ], [ -38.533299199999931, -12.7894401 ], [ -38.533295599999974, -12.789431799999919 ], [ -38.533295599999967, -12.789426499999919 ], [ -38.53329679999996, -12.789421199999943 ], [ -38.533298599999966, -12.789418899999927 ], [ -38.533299199999931, -12.789414799999976 ], [ -38.533299199999931, -12.789413 ], [ -38.533297399999981, -12.789400699999934 ], [ -38.533293299999968, -12.789394799999979 ], [ -38.533289099999934, -12.789392399999937 ], [ -38.533283099999956, -12.789391799999972 ], [ -38.533277099999971, -12.789392399999937 ], [ -38.533273499999957, -12.789395299999969 ], [ -38.533270499999951, -12.789399399999988 ], [ -38.533270499999965, -12.789409399999935 ], [ -38.53326919999995, -12.789414699999954 ], [ -38.533262599999944, -12.789421799999946 ], [ -38.533259, -12.78942179999995 ], [ -38.533255499999939, -12.789420599999959 ], [ -38.533253099999968, -12.789417099999982 ], [ -38.533252499999953, -12.78941 ], [ -38.533255, -12.789402399999977 ], [ -38.533255, -12.789398099999961 ], [ -38.533253199999933, -12.789396599999979 ], [ -38.533250199999941, -12.789398099999966 ], [ -38.533242499999972, -12.789404099999969 ], [ -38.533236299999942, -12.789413399999958 ], [ -38.533236, -12.789415699999964 ], [ -38.533236599999952, -12.78941869999993 ], [ -38.533240699999965, -12.789427399999978 ], [ -38.533246, -12.789439599999971 ], [ -38.533248099999973, -12.789448499999954 ], [ -38.533247499999959, -12.789452199999962 ], [ -38.5332466, -12.78945419999997 ], [ -38.533241899999958, -12.789455399999957 ], [ -38.533231499999943, -12.789455699999948 ], [ -38.5332241, -12.789455699999944 ], [ -38.533219699999968, -12.789454499999982 ], [ -38.533218199999965, -12.789452499999985 ], [ -38.533217699999966, -12.789449299999939 ], [ -38.533205599999974, -12.789417299999984 ], [ -38.533194599999952, -12.7893731 ], [ -38.533173099999942, -12.789340299999933 ], [ -38.53315379999998, -12.789308799999942 ], [ -38.533147799999938, -12.789290299999944 ], [ -38.533130399999948, -12.7892621 ], [ -38.533112399999936, -12.789225199999963 ], [ -38.533077099999957, -12.789172199999927 ], [ -38.533056, -12.789143099999919 ], [ -38.533049199999937, -12.789120699999966 ], [ -38.533049299999959, -12.789091699999965 ], [ -38.533049299999959, -12.789065899999974 ], [ -38.533056099999953, -12.789050199999979 ], [ -38.533063799999979, -12.789042699999989 ], [ -38.533073099999967, -12.789041099999952 ], [ -38.533084899999949, -12.789042799999942 ], [ -38.533103499999982, -12.78905359999993 ], [ -38.533112799999969, -12.789061099999973 ], [ -38.533133899999946, -12.789063599999976 ], [ -38.533145799999943, -12.789070299999949 ], [ -38.53315669999995, -12.789083599999968 ], [ -38.533170199999965, -12.789095199999966 ], [ -38.533177899999941, -12.789095199999979 ], [ -38.533184599999977, -12.789091099999949 ], [ -38.533188, -12.789085299999954 ], [ -38.533190599999962, -12.789077799999964 ], [ -38.533190599999948, -12.789067 ], [ -38.533190599999962, -12.789054599999925 ], [ -38.53319149999993, -12.789032199999944 ], [ -38.533194899999963, -12.789005599999928 ], [ -38.533198299999988, -12.788994 ], [ -38.533203399999941, -12.78898569999995 ], [ -38.533211699999981, -12.788927399999968 ], [ -38.533205599999974, -12.788909599999961 ], [ -38.533189, -12.788890199999964 ], [ -38.533166299999955, -12.788879799999959 ], [ -38.533140499999938, -12.788867899999959 ], [ -38.533125399999967, -12.788867799999945 ], [ -38.533114799999964, -12.7888723 ], [ -38.533090199999947, -12.788898799999986 ], [ -38.533035799999936, -12.788963299999981 ], [ -38.533013099999948, -12.788978099999948 ], [ -38.532998, -12.788981699999956 ], [ -38.532991299999942, -12.788981699999969 ], [ -38.532986599999958, -12.788978899999956 ], [ -38.5329857, -12.788975199999983 ], [ -38.532986599999958, -12.788970599999981 ], [ -38.533000799999968, -12.788954899999972 ], [ -38.533029299999953, -12.788907599999963 ], [ -38.533076699999967, -12.78883629999997 ], [ -38.53308739999995, -12.788812 ], [ -38.533090199999947, -12.788796299999943 ], [ -38.533090299999969, -12.788779599999925 ], [ -38.5330805, -12.788741599999982 ], [ -38.533071, -12.788724899999989 ], [ -38.53307, -12.788714499999971 ], [ -38.53307, -12.788704199999934 ], [ -38.533072199999935, -12.788697899999926 ], [ -38.53307639999997, -12.788695899999942 ], [ -38.533081699999968, -12.788695899999937 ], [ -38.533087, -12.78869689999993 ], [ -38.533091199999944, -12.788696899999945 ], [ -38.533095499999952, -12.78869169999996 ], [ -38.533095499999945, -12.788683399999959 ], [ -38.533092299999964, -12.788675099999969 ], [ -38.533089099999984, -12.788673 ], [ -38.533083899999951, -12.788670899999952 ], [ -38.533081699999975, -12.788667799999935 ], [ -38.533081799999934, -12.788661599999958 ], [ -38.533081799999934, -12.788652199999943 ], [ -38.533080699999971, -12.788640799999953 ], [ -38.533078899999964, -12.78863229999995 ], [ -38.5330752, -12.788629699999952 ], [ -38.533072599999969, -12.788629699999943 ], [ -38.533067399999936, -12.78863119999995 ], [ -38.533064699999962, -12.788633299999958 ], [ -38.533063099999943, -12.788639899999964 ], [ -38.53306, -12.788642 ], [ -38.533056299999934, -12.788642 ], [ -38.533053199999976, -12.788638399999966 ], [ -38.533052199999936, -12.788632199999928 ], [ -38.533035, -12.788590599999953 ], [ -38.533031899999969, -12.788562399999917 ], [ -38.533031899999976, -12.788542399999926 ], [ -38.533035099999942, -12.788533699999968 ], [ -38.533038199999972, -12.788533099999935 ], [ -38.533040799999981, -12.788535199999943 ], [ -38.533044, -12.788538299999976 ], [ -38.533048199999939, -12.788545 ], [ -38.533049699999935, -12.788554699999949 ], [ -38.533049699999935, -12.788561899999916 ], [ -38.533048599999987, -12.788568599999946 ], [ -38.533043399999947, -12.788576299999946 ], [ -38.533042899999941, -12.788581399999941 ], [ -38.533046, -12.788586499999957 ], [ -38.53305069999994, -12.788588599999978 ], [ -38.533058, -12.788589599999984 ], [ -38.533067399999943, -12.788592199999911 ], [ -38.533078399999972, -12.78859479999992 ], [ -38.533086299999979, -12.788594799999922 ], [ -38.533095099999969, -12.78859329999994 ], [ -38.533104099999939, -12.788588199999927 ], [ -38.53310979999997, -12.788581 ], [ -38.533117199999936, -12.788569699999911 ], [ -38.533127099999938, -12.788549199999965 ], [ -38.533137099999976, -12.788518399999933 ], [ -38.533140799999963, -12.7885 ], [ -38.533148199999971, -12.788463099999944 ], [ -38.533146199999976, -12.788427899999931 ], [ -38.533144099999959, -12.788408199999951 ], [ -38.53313669999995, -12.788405099999968 ], [ -38.533126099999947, -12.788405099999981 ], [ -38.533100799999943, -12.788409199999919 ], [ -38.533076499999936, -12.788412199999989 ], [ -38.533049, -12.788408 ], [ -38.533017399999956, -12.788395499999982 ], [ -38.532994199999962, -12.788383099999965 ], [ -38.532992899999961, -12.788381599999985 ], [ -38.532984699999936, -12.788371699999956 ], [ -38.532976299999973, -12.788349899999956 ], [ -38.532967799999945, -12.788327099999933 ], [ -38.532965399999966, -12.788313899999926 ], [ -38.532966399999957, -12.788305699999974 ], [ -38.532968, -12.78829239999993 ], [ -38.532976899999937, -12.788268899999924 ], [ -38.532982199999935, -12.788249399999932 ], [ -38.532984299999953, -12.788237699999977 ], [ -38.532984299999953, -12.788232 ], [ -38.532983299999962, -12.788228499999933 ], [ -38.532979599999983, -12.788225899999935 ], [ -38.532972899999947, -12.788225899999931 ], [ -38.532965499999939, -12.788228399999975 ], [ -38.532956699999936, -12.788229399999974 ], [ -38.532950399999947, -12.7882284 ], [ -38.532949899999956, -12.788226899999934 ], [ -38.532950399999947, -12.788224299999964 ], [ -38.532955099999988, -12.788217199999966 ], [ -38.532977599999974, -12.788194699999964 ], [ -38.532988099999955, -12.788185 ], [ -38.532991199999969, -12.788177299999965 ], [ -38.532991699999968, -12.788169599999934 ], [ -38.532994399999957, -12.788154299999972 ], [ -38.532994399999957, -12.788150699999955 ], [ -38.532992799999924, -12.788147099999936 ], [ -38.532990199999979, -12.788146599999941 ], [ -38.532987099999957, -12.788147099999946 ], [ -38.532984, -12.788149699999948 ], [ -38.532981799999945, -12.788157299999963 ], [ -38.532979699999942, -12.788166499999914 ], [ -38.532975, -12.78816859999994 ], [ -38.532970399999954, -12.788168599999931 ], [ -38.53296789999996, -12.788167299999925 ], [ -38.532965, -12.788160499999961 ], [ -38.532962799999957, -12.788150399999946 ], [ -38.532961799999953, -12.78814179999995 ], [ -38.53296279999995, -12.788124299999922 ], [ -38.532960499999945, -12.788108799999984 ], [ -38.532961499999942, -12.788094799999964 ], [ -38.532965199999971, -12.788087099999924 ], [ -38.532972199999961, -12.788080299999937 ], [ -38.532978699999944, -12.788078 ], [ -38.532983299999955, -12.788078 ], [ -38.532988399999958, -12.788078899999972 ], [ -38.532998099999936, -12.788082099999933 ], [ -38.533006899999982, -12.788082599999928 ], [ -38.533016599999947, -12.788081699999957 ], [ -38.533019899999942, -12.78808079999992 ], [ -38.533021299999973, -12.788079 ], [ -38.533024, -12.788074 ], [ -38.533027299999951, -12.788065399999944 ], [ -38.533027299999958, -12.788061699999963 ], [ -38.5330264, -12.788051699999931 ], [ -38.533017299999983, -12.788023399999922 ], [ -38.533016799999977, -12.788015599999957 ], [ -38.533019599999946, -12.788006099999967 ], [ -38.533023299999968, -12.78800159999996 ], [ -38.533027, -12.788000699999937 ], [ -38.533029799999959, -12.788000699999957 ], [ -38.533031699999981, -12.788002 ], [ -38.533035299999938, -12.788011599999944 ], [ -38.533038599999948, -12.788026599999977 ], [ -38.533044099999984, -12.78803889999995 ], [ -38.53305469999998, -12.78805019999993 ], [ -38.533095799999955, -12.788074199999931 ], [ -38.533123, -12.788082499999975 ], [ -38.533137699999941, -12.788082499999982 ], [ -38.533146, -12.788080499999975 ], [ -38.533156499999969, -12.788072299999943 ], [ -38.533173299999937, -12.78804349999997 ], [ -38.533191199999976, -12.788019899999929 ], [ -38.533202699999954, -12.78800859999995 ], [ -38.533205899999977, -12.788007599999959 ], [ -38.533209, -12.788007599999943 ], [ -38.53321109999996, -12.788010699999981 ], [ -38.533205799999969, -12.788028199999925 ], [ -38.533195299999939, -12.788062099999937 ], [ -38.533195299999939, -12.788068199999936 ], [ -38.533198399999947, -12.788073399999986 ], [ -38.533205799999962, -12.788073399999982 ], [ -38.533217299999933, -12.788070299999974 ], [ -38.533226699999943, -12.788063099999933 ], [ -38.533237199999981, -12.788051899999965 ], [ -38.533250899999977, -12.788032399999963 ], [ -38.533271899999932, -12.788009799999937 ], [ -38.533286599999947, -12.787989299999943 ], [ -38.533299199999931, -12.787966699999979 ], [ -38.533303399999966, -12.787954399999938 ], [ -38.533303399999966, -12.787932799999965 ], [ -38.533300299999951, -12.787928499999982 ], [ -38.533295399999936, -12.787924499999976 ], [ -38.533284599999952, -12.787920399999964 ], [ -38.533281299999935, -12.787913899999984 ], [ -38.533278899999971, -12.787897599999962 ], [ -38.533277199999937, -12.787881399999947 ], [ -38.533273099999981, -12.7878765 ], [ -38.533267299999977, -12.7878757 ], [ -38.533260699999971, -12.787877299999934 ], [ -38.533249099999971, -12.787886199999944 ], [ -38.533245799999982, -12.787885399999931 ], [ -38.533241699999969, -12.787879699999957 ], [ -38.533238399999952, -12.787869199999914 ], [ -38.533234299999954, -12.787857799999916 ], [ -38.533233499999945, -12.787849699999981 ], [ -38.533235099999949, -12.7878416 ], [ -38.533241799999985, -12.7878229 ], [ -38.53325179999996, -12.787782399999966 ], [ -38.533270099999982, -12.787725599999927 ], [ -38.533279199999981, -12.787702899999935 ], [ -38.533279199999981, -12.787694 ], [ -38.533275099999976, -12.787684199999948 ], [ -38.533267699999953, -12.787671199999961 ], [ -38.533267699999946, -12.787664799999961 ], [ -38.533271, -12.787651 ], [ -38.533283499999989, -12.787630699999951 ], [ -38.533295099999982, -12.78762259999996 ], [ -38.533300899999972, -12.787620199999941 ], [ -38.53330579999993, -12.787620199999944 ], [ -38.533313299999982, -12.787623499999933 ], [ -38.533319099999972, -12.787628299999934 ], [ -38.5333232, -12.787634 ], [ -38.53332649999993, -12.787637299999957 ], [ -38.53332649999993, -12.787643 ], [ -38.533323199999984, -12.787645399999967 ], [ -38.533316599999978, -12.78764619999993 ], [ -38.533312399999943, -12.787647 ], [ -38.533311599999934, -12.787652699999965 ], [ -38.533313199999959, -12.787659199999935 ], [ -38.533316499999955, -12.787682699999943 ], [ -38.533321399999977, -12.78769569999997 ], [ -38.533323899999971, -12.787698899999945 ], [ -38.533328, -12.787698899999942 ], [ -38.533330499999977, -12.787698099999963 ], [ -38.533333799999987, -12.787695699999954 ], [ -38.533336299999974, -12.78769409999996 ], [ -38.533338799999967, -12.787694099999944 ], [ -38.533341299999954, -12.787694099999953 ], [ -38.533343799999955, -12.78769569999997 ], [ -38.53334289999998, -12.787701399999968 ], [ -38.533331299999929, -12.787735499999947 ], [ -38.533308899999945, -12.787777599999981 ], [ -38.533307199999975, -12.787789 ], [ -38.533308799999929, -12.787792199999952 ], [ -38.533312199999955, -12.787791399999943 ], [ -38.533320399999987, -12.787789799999937 ], [ -38.53332869999997, -12.787784099999946 ], [ -38.533334499999967, -12.78778089999998 ], [ -38.533340299999963, -12.787780099999964 ], [ -38.533348599999954, -12.787780099999974 ], [ -38.53335849999997, -12.787776899999926 ], [ -38.533366, -12.78777279999996 ], [ -38.533370099999956, -12.787768 ], [ -38.53337589999996, -12.78775739999997 ], [ -38.533380899999941, -12.787743699999954 ], [ -38.533419799999933, -12.787659099999921 ], [ -38.53343109999998, -12.787626 ], [ -38.533436799999947, -12.787596499999966 ], [ -38.533435, -12.787581799999939 ], [ -38.533418099999956, -12.787567099999926 ], [ -38.533406899999925, -12.787539399999954 ], [ -38.533399399999951, -12.787508099999979 ], [ -38.533397599999951, -12.787482299999947 ], [ -38.533410899999978, -12.787412399999949 ], [ -38.533431699999944, -12.787309399999964 ], [ -38.533443099999943, -12.78722289999997 ], [ -38.53344119999997, -12.787108499999926 ], [ -38.533431899999982, -12.787062599999961 ], [ -38.533432, -12.787025899999952 ], [ -38.533439499999929, -12.786985499999949 ], [ -38.533450799999969, -12.786954299999923 ], [ -38.533477099999963, -12.786908899999959 ], [ -38.533504899999976, -12.786847599999948 ], [ -38.533667099999953, -12.786534099999937 ], [ -38.533712699999974, -12.786418399999951 ], [ -38.533730899999966, -12.78639049999996 ], [ -38.53374649999995, -12.786377799999963 ], [ -38.533791899999976, -12.786362599999961 ], [ -38.533811199999946, -12.786350499999964 ], [ -38.533841099999968, -12.78631929999993 ], [ -38.533865799999951, -12.786271 ], [ -38.533884299999954, -12.786232199999976 ], [ -38.533893499999976, -12.786217 ], [ -38.533911799999935, -12.7862014 ], [ -38.533948499999944, -12.786159399999985 ], [ -38.533962799999983, -12.786140299999929 ], [ -38.533970199999949, -12.786130799999981 ], [ -38.533972, -12.786125199999962 ], [ -38.533971399999984, -12.786116799999936 ], [ -38.533965199999962, -12.786096299999956 ], [ -38.533963299999982, -12.786093399999972 ], [ -38.533963399999948, -12.786088399999919 ], [ -38.533965299999977, -12.786085 ], [ -38.533968299999977, -12.78608239999993 ], [ -38.533972799999958, -12.786079199999955 ], [ -38.533981199999971, -12.786076699999974 ], [ -38.533987699999962, -12.786076099999933 ], [ -38.533994699999937, -12.786078599999948 ], [ -38.534003799999937, -12.786084899999924 ], [ -38.53401149999997, -12.786094399999971 ], [ -38.534023599999948, -12.786133599999976 ], [ -38.534032, -12.786149499999958 ], [ -38.534035799999977, -12.786152599999969 ], [ -38.534038399999936, -12.786152599999964 ], [ -38.534044199999975, -12.786150699999965 ], [ -38.534048099999957, -12.786144399999948 ], [ -38.53405649999997, -12.78612989999994 ], [ -38.534067499999935, -12.786109099999972 ], [ -38.534072699999975, -12.786102799999966 ], [ -38.534073299999939, -12.786097699999978 ], [ -38.534071399999966, -12.786094499999942 ], [ -38.53406369999994, -12.786089499999953 ], [ -38.534053299999982, -12.786081599999946 ], [ -38.534039799999967, -12.786053799999946 ], [ -38.534035399999937, -12.78602469999994 ], [ -38.534037399999939, -12.785994399999939 ], [ -38.534047099999952, -12.785962799999927 ], [ -38.534055299999977, -12.785944699999952 ], [ -38.534074199999957, -12.785922699999951 ], [ -38.53412289999995, -12.785882699999952 ], [ -38.53418309999995, -12.785830899999963 ], [ -38.534230299999933, -12.785793499999969 ], [ -38.534251, -12.785780899999976 ], [ -38.534261399999934, -12.785768 ], [ -38.534269799999947, -12.785749 ], [ -38.534275699999966, -12.78573 ], [ -38.534277699999969, -12.785712299999943 ], [ -38.5342783, -12.785701499999949 ], [ -38.534278399999948, -12.785682499999941 ], [ -38.534276499999983, -12.785669799999921 ], [ -38.534271299999951, -12.785659 ], [ -38.534245799999951, -12.785638499999953 ], [ -38.534230299999933, -12.785620799999952 ], [ -38.534206599999948, -12.785602299999947 ], [ -38.534171499999964, -12.785587799999966 ], [ -38.53414609999993, -12.785569299999972 ], [ -38.534121599999935, -12.785554799999927 ], [ -38.534115099999951, -12.785547599999958 ], [ -38.534103699999946, -12.785529099999955 ], [ -38.534090599999956, -12.785513 ], [ -38.534069399999964, -12.785496899999938 ], [ -38.534045699999979, -12.785484099999954 ], [ -38.534027299999934, -12.785476799999968 ], [ -38.534009299999987, -12.785472699999954 ], [ -38.533984, -12.785471099999938 ], [ -38.533954499999936, -12.785471899999951 ], [ -38.53394389999994, -12.785475 ], [ -38.533937299999934, -12.785479799999955 ], [ -38.533931599999953, -12.78549029999993 ], [ -38.533930799999951, -12.785495899999946 ], [ -38.533926699999945, -12.785500699999943 ], [ -38.533920899999941, -12.785503899999989 ], [ -38.533906199999933, -12.785503899999982 ], [ -38.533894699999955, -12.785503799999942 ], [ -38.53387349999997, -12.785498199999967 ], [ -38.53384, -12.785482099999951 ], [ -38.533814899999982, -12.785465199999964 ], [ -38.533809099999985, -12.785455599999958 ], [ -38.533807499999966, -12.785447499999963 ], [ -38.533808399999941, -12.785434699999945 ], [ -38.533805899999955, -12.785422599999954 ], [ -38.533801, -12.785413699999925 ], [ -38.533798599999947, -12.7854 ], [ -38.533800299999939, -12.78538069999995 ], [ -38.533811, -12.785341299999969 ], [ -38.533827499999965, -12.785284199999982 ], [ -38.533843399999967, -12.785193699999974 ], [ -38.533849099999948, -12.785179199999957 ], [ -38.533858199999941, -12.785168 ], [ -38.533870499999985, -12.785163199999955 ], [ -38.533883599999967, -12.785159199999951 ], [ -38.533905799999964, -12.7851568 ], [ -38.533926299999969, -12.785154399999955 ], [ -38.533938599999942, -12.785149599999947 ], [ -38.533949199999938, -12.785142099999966 ], [ -38.5339757, -12.785115199999943 ], [ -38.534004199999977, -12.785089399999933 ], [ -38.534015, -12.785081799999956 ], [ -38.534023799999936, -12.785079799999954 ], [ -38.534033199999953, -12.785079799999952 ], [ -38.534050699999966, -12.785081399999962 ], [ -38.534076599999928, -12.785078899999986 ], [ -38.534092799999947, -12.785075599999976 ], [ -38.534114799999948, -12.785067399999926 ], [ -38.534130599999976, -12.785057199999917 ], [ -38.534152699999943, -12.785033499999937 ], [ -38.534171799999967, -12.785004599999976 ], [ -38.534196, -12.784958299999962 ], [ -38.534218199999941, -12.784903699999955 ], [ -38.534224399999971, -12.784889799999965 ], [ -38.534231399999946, -12.784866399999931 ], [ -38.534236399999941, -12.78485149999994 ], [ -38.534241699999939, -12.784843 ], [ -38.534245899999981, -12.784841 ], [ -38.534251199999979, -12.784840599999924 ], [ -38.534255199999961, -12.784841699999964 ], [ -38.534259299999974, -12.784849099999974 ], [ -38.534262599999984, -12.784860499999958 ], [ -38.534267599999964, -12.784878499999936 ], [ -38.534279199999951, -12.784894799999975 ], [ -38.53429349999994, -12.784908599999948 ], [ -38.53430589999995, -12.784914299999951 ], [ -38.534315899999967, -12.784917599999977 ], [ -38.53434169999997, -12.784916799999959 ], [ -38.534367499999981, -12.784914399999925 ], [ -38.534383299999938, -12.784904699999972 ], [ -38.534397499999955, -12.78489 ], [ -38.534415, -12.784846 ], [ -38.534421699999939, -12.784814199999976 ], [ -38.53442339999998, -12.784794599999936 ], [ -38.534418499999958, -12.784771699999974 ], [ -38.534399399999984, -12.784733399999924 ], [ -38.534367, -12.784691399999938 ], [ -38.534345499999979, -12.784639099999922 ], [ -38.534333299999957, -12.784601699999943 ], [ -38.534333299999957, -12.784594 ], [ -38.534334899999976, -12.784592499999972 ], [ -38.534338, -12.784590399999969 ], [ -38.53435, -12.784588399999951 ], [ -38.534356199999927, -12.784585899999968 ], [ -38.534360399999969, -12.784581799999954 ], [ -38.534363499999976, -12.784573099999923 ], [ -38.534364599999954, -12.784563199999974 ], [ -38.534362599999959, -12.784543599999953 ], [ -38.534355199999943, -12.784517699999968 ], [ -38.53434679999998, -12.784496 ], [ -38.53433629999995, -12.784484599999921 ], [ -38.534323699999959, -12.784480499999972 ], [ -38.534317399999971, -12.784480499999958 ], [ -38.534306799999975, -12.784484599999947 ], [ -38.534300499999979, -12.7844856 ], [ -38.534292099999966, -12.784485599999989 ], [ -38.534286799999961, -12.784483499999967 ], [ -38.534278399999948, -12.784471099999973 ], [ -38.534267899999989, -12.784459699999946 ], [ -38.534252099999946, -12.784446299999958 ], [ -38.534236199999953, -12.784442799999967 ], [ -38.534222, -12.784442799999967 ], [ -38.534206199999971, -12.784443499999966 ], [ -38.534188599999936, -12.784450899999968 ], [ -38.534171899999933, -12.784464799999968 ], [ -38.534161099999956, -12.784475399999954 ], [ -38.534149299999967, -12.784497399999973 ], [ -38.534134299999948, -12.784517099999952 ], [ -38.534124299999974, -12.784528499999942 ], [ -38.534115099999951, -12.784533399999916 ], [ -38.534105899999936, -12.78453339999991 ], [ -38.534093399999968, -12.784532499999951 ], [ -38.53408839999998, -12.784529199999964 ], [ -38.534085099999977, -12.784523499999976 ], [ -38.534076799999987, -12.784506299999972 ], [ -38.53407349999997, -12.784480099999941 ], [ -38.53407349999997, -12.784466199999933 ], [ -38.534079399999932, -12.784447399999989 ], [ -38.534099399999945, -12.784427799999927 ], [ -38.534108499999945, -12.784416799999965 ], [ -38.534113199999986, -12.784408399999954 ], [ -38.5341198, -12.784403199999929 ], [ -38.534152199999937, -12.784395499999972 ], [ -38.534184599999946, -12.784387799999935 ], [ -38.53420449999993, -12.784381199999942 ], [ -38.534210799999983, -12.784378099999984 ], [ -38.534221299999956, -12.784366799999937 ], [ -38.534227599999952, -12.784355099999967 ], [ -38.534233, -12.784343299999938 ], [ -38.534236699999958, -12.784325199999962 ], [ -38.534236399999941, -12.784306699999945 ], [ -38.534234199999965, -12.784295599999938 ], [ -38.53423, -12.784276099999929 ], [ -38.534224299999948, -12.784252899999961 ], [ -38.534218099999968, -12.784235399999954 ], [ -38.534213899999941, -12.78421979999996 ], [ -38.534212399999944, -12.784206899999967 ], [ -38.534212699999962, -12.784196 ], [ -38.5342151, -12.784183099999947 ], [ -38.534216599999986, -12.784177399999967 ], [ -38.534218599999981, -12.784176 ], [ -38.534220699999935, -12.784176 ], [ -38.534223299999951, -12.784176499999939 ], [ -38.534225899999974, -12.784178799999953 ], [ -38.534230599999944, -12.784180599999956 ], [ -38.534234399999953, -12.784180599999962 ], [ -38.534238799999969, -12.784180299999941 ], [ -38.534243699999941, -12.784178299999958 ], [ -38.534251599999948, -12.784178 ], [ -38.534256899999946, -12.784177499999952 ], [ -38.534262099999985, -12.78417519999992 ], [ -38.534268, -12.78417 ], [ -38.534272899999969, -12.784165499999968 ], [ -38.534275899999948, -12.784164899999954 ], [ -38.534277899999957, -12.784165199999963 ], [ -38.534279099999935, -12.784167499999979 ], [ -38.534279099999928, -12.784171799999953 ], [ -38.5342773, -12.784182599999951 ], [ -38.534277199999956, -12.784194799999964 ], [ -38.53427719999997, -12.784215099999932 ], [ -38.5342778, -12.784236 ], [ -38.534278899999947, -12.784260899999932 ], [ -38.534280899999942, -12.784272899999955 ], [ -38.534286599999973, -12.784287399999929 ], [ -38.53429349999994, -12.784300799999919 ], [ -38.534305599999982, -12.784319 ], [ -38.534309799999967, -12.784335 ], [ -38.53431819999998, -12.784356199999936 ], [ -38.534321299999938, -12.78436449999997 ], [ -38.534326599999936, -12.784368699999948 ], [ -38.534330799999971, -12.784368699999954 ], [ -38.534342599999938, -12.784365 ], [ -38.534354199999953, -12.784354699999934 ], [ -38.534377499999948, -12.784327799999975 ], [ -38.534422399999983, -12.784269899999957 ], [ -38.534449399999971, -12.784227399999954 ], [ -38.534452599999952, -12.784212399999937 ], [ -38.534452599999952, -12.784202599999968 ], [ -38.53445209999996, -12.784193299999957 ], [ -38.534449099999961, -12.784182399999958 ], [ -38.534437099999941, -12.784169099999909 ], [ -38.5344176, -12.784156599999966 ], [ -38.534411599999935, -12.784150399999941 ], [ -38.534408599999949, -12.784132699999942 ], [ -38.534410199999968, -12.784121 ], [ -38.534418399999936, -12.784110699999935 ], [ -38.534429699999983, -12.784100399999945 ], [ -38.534435299999984, -12.784095499999967 ], [ -38.534445499999954, -12.784094699999969 ], [ -38.534462499999968, -12.784098 ], [ -38.534478599999943, -12.784102199999932 ], [ -38.534484499999969, -12.784099699999956 ], [ -38.534488799999963, -12.784089699999967 ], [ -38.534487099999986, -12.784078099999928 ], [ -38.534477, -12.784056399999946 ], [ -38.534468499999939, -12.784043099999977 ], [ -38.53444559999997, -12.784026399999952 ], [ -38.534435499999972, -12.784018899999978 ], [ -38.534432899999956, -12.784011399999955 ], [ -38.53443319999996, -12.784008199999951 ], [ -38.534434, -12.783994199999929 ], [ -38.534444599999972, -12.78396009999995 ], [ -38.534462799999979, -12.783920199999955 ], [ -38.534471899999971, -12.783910599999963 ], [ -38.534477799999948, -12.783908499999917 ], [ -38.534494, -12.783910199999978 ], [ -38.534510099999977, -12.783917699999941 ], [ -38.534534799999967, -12.783924399999941 ], [ -38.534547499999981, -12.783926899999928 ], [ -38.534556099999975, -12.783927099999977 ], [ -38.534561499999938, -12.783925099999971 ], [ -38.534566199999965, -12.783920499999974 ], [ -38.534570199999969, -12.783914399999944 ], [ -38.534577, -12.783876799999986 ], [ -38.534594399999939, -12.783811 ], [ -38.534609899999971, -12.783723299999947 ], [ -38.534622399999932, -12.783675399999929 ], [ -38.534629199999983, -12.783639599999972 ], [ -38.534637, -12.783592699999927 ], [ -38.534646599999981, -12.783562599999986 ], [ -38.534658499999978, -12.783516599999929 ], [ -38.534661799999974, -12.783490099999931 ], [ -38.534661899999954, -12.783471099999915 ], [ -38.534655399999963, -12.783450899999929 ], [ -38.53465, -12.783437099999956 ], [ -38.534640299999985, -12.783429699999941 ], [ -38.534614399999946, -12.783420099999942 ], [ -38.534598199999955, -12.783407099999978 ], [ -38.534587399999964, -12.783386899999972 ], [ -38.534586399999966, -12.783367899999966 ], [ -38.534581099999976, -12.783320199999947 ], [ -38.534576799999968, -12.783290499999957 ], [ -38.53456609999995, -12.783268299999982 ], [ -38.534558399999987, -12.783256199999906 ], [ -38.534544399999959, -12.783246699999944 ], [ -38.534535799999951, -12.783243499999964 ], [ -38.53451739999997, -12.78324559999993 ], [ -38.534501199999958, -12.783244499999975 ], [ -38.534490399999981, -12.783239199999983 ], [ -38.534477499999987, -12.783225399999933 ], [ -38.534466699999946, -12.783209499999939 ], [ -38.534451599999954, -12.7831935 ], [ -38.534448399999981, -12.783184 ], [ -38.534448399999981, -12.783167099999954 ], [ -38.534454, -12.78307679999994 ], [ -38.534458299999983, -12.783066199999968 ], [ -38.534465899999937, -12.783059899999952 ], [ -38.534476699999971, -12.783056699999966 ], [ -38.534497199999983, -12.783056799999938 ], [ -38.534517799999939, -12.783051499999939 ], [ -38.534524299999923, -12.783045199999956 ], [ -38.53453079999997, -12.783031399999986 ], [ -38.534537299999961, -12.783006 ], [ -38.534541699999984, -12.782961499999942 ], [ -38.534557, -12.782899699999975 ], [ -38.53457439999994, -12.782846799999954 ], [ -38.534589599999947, -12.782819299999961 ], [ -38.534601499999944, -12.782807599999957 ], [ -38.534606899999972, -12.782793899999943 ], [ -38.534608, -12.782782199999914 ], [ -38.534605799999959, -12.78276839999995 ], [ -38.534599399999934, -12.782751499999964 ], [ -38.534581099999976, -12.782722799999926 ], [ -38.534568199999974, -12.78270689999994 ], [ -38.534563899999966, -12.782699499999966 ], [ -38.534566, -12.782692099999956 ], [ -38.534585499999935, -12.782684699999956 ], [ -38.53461469999997, -12.782675199999971 ], [ -38.534648099999963, -12.782665799999945 ], [ -38.534666499999965, -12.782654099999933 ], [ -38.534682699999962, -12.782631699999975 ], [ -38.534702, -12.782600399999975 ], [ -38.534731, -12.782544899999952 ], [ -38.534740899999981, -12.78252719999994 ], [ -38.534746199999979, -12.782510699999921 ], [ -38.534751599999943, -12.782491299999931 ], [ -38.534762299999947, -12.782469599999951 ], [ -38.53476459999996, -12.7824606 ], [ -38.534766199999979, -12.782453899999954 ], [ -38.534765499999935, -12.78243509999991 ], [ -38.534762399999977, -12.782417199999948 ], [ -38.53476249999995, -12.782406699999969 ], [ -38.534763199999929, -12.782393199999957 ], [ -38.534766299999944, -12.782383499999977 ], [ -38.534774, -12.782368499999953 ], [ -38.534786199999985, -12.782352799999957 ], [ -38.53481069999998, -12.782329199999944 ], [ -38.534837499999981, -12.78229709999993 ], [ -38.534849799999968, -12.782278399999932 ], [ -38.534852799999953, -12.78226569999998 ], [ -38.534854399999979, -12.782255 ], [ -38.534849099999967, -12.782225799999923 ], [ -38.534843799999983, -12.782202599999957 ], [ -38.534828599999976, -12.78217109999996 ], [ -38.534801199999954, -12.782123 ], [ -38.534793599999944, -12.782107199999929 ], [ -38.534787, -12.782097399999946 ], [ -38.53477289999995, -12.782086699999974 ], [ -38.534736, -12.782070699999961 ], [ -38.53471, -12.782055699999939 ], [ -38.534692599999971, -12.782037599999953 ], [ -38.534678199999973, -12.782019199999963 ], [ -38.534657599999946, -12.781982899999957 ], [ -38.534615299999984, -12.781912899999966 ], [ -38.534589199999971, -12.781871 ], [ -38.53457, -12.781850699999955 ], [ -38.534538399999981, -12.781835899999967 ], [ -38.534479299999923, -12.781819599999954 ], [ -38.534432599999946, -12.781800599999942 ], [ -38.534418899999942, -12.781787099999962 ], [ -38.53440789999997, -12.781772199999963 ], [ -38.534403799999957, -12.781753299999922 ], [ -38.534405199999981, -12.781739899999932 ], [ -38.534410799999939, -12.781725 ], [ -38.534414899999952, -12.781712899999937 ], [ -38.534414899999952, -12.781688599999958 ], [ -38.534412499999988, -12.781670499999949 ], [ -38.534398399999937, -12.781639499999942 ], [ -38.534378699999941, -12.781613599999943 ], [ -38.53430909999998, -12.781544 ], [ -38.534261799999967, -12.781478899999966 ], [ -38.53424119999994, -12.781444099999922 ], [ -38.53422919999997, -12.781402699999946 ], [ -38.534223199999936, -12.781375599999935 ], [ -38.534223299999944, -12.781352899999952 ], [ -38.534225299999939, -12.781344799999959 ], [ -38.534233499999971, -12.781324099999953 ], [ -38.534239, -12.781309299999986 ], [ -38.534241799999968, -12.781298 ], [ -38.534242499999948, -12.781283899999963 ], [ -38.534244599999973, -12.781266499999949 ], [ -38.534245199999944, -12.78125489999997 ], [ -38.53425069999998, -12.781244799999962 ], [ -38.534261, -12.781231399999962 ], [ -38.534267199999931, -12.781215399999944 ], [ -38.534266499999944, -12.781207299999963 ], [ -38.534263099999983, -12.78119859999997 ], [ -38.534260399999937, -12.781194599999925 ], [ -38.534253599999943, -12.781191899999953 ], [ -38.534238499999965, -12.781191899999959 ], [ -38.534209199999964, -12.781193799999917 ], [ -38.534197499999955, -12.781193099999934 ], [ -38.534188, -12.781189099999949 ], [ -38.534185599999951, -12.781186599999945 ], [ -38.534180399999961, -12.781166199999959 ], [ -38.534182199999975, -12.781136399999978 ], [ -38.534185699999973, -12.781118599999955 ], [ -38.534194399999933, -12.781105 ], [ -38.534208299999939, -12.781087099999972 ], [ -38.534213099999931, -12.781072399999958 ], [ -38.534229099999948, -12.781007 ], [ -38.534236199999953, -12.780958 ], [ -38.534234799999979, -12.780936599999979 ], [ -38.534226899999972, -12.780919499999957 ], [ -38.534199899999976, -12.780877299999927 ], [ -38.534160299999947, -12.780829 ], [ -38.534127, -12.780797699999946 ], [ -38.534074599999933, -12.780774299999962 ], [ -38.534014299999967, -12.780750799999957 ], [ -38.533933299999944, -12.780727299999953 ], [ -38.53387749999996, -12.780717299999921 ], [ -38.533848799999937, -12.780719 ], [ -38.533753599999962, -12.780745199999958 ], [ -38.533663799999943, -12.780760899999965 ], [ -38.533563299999955, -12.780760699999979 ], [ -38.533509399999957, -12.7807554 ], [ -38.533482499999934, -12.780735899999954 ], [ -38.533456599999973, -12.780719399999937 ], [ -38.533379499999974, -12.780700599999934 ], [ -38.533309899999956, -12.780695599999953 ], [ -38.533288399999954, -12.780695499999974 ], [ -38.533250399999929, -12.7807079 ], [ -38.533189599999957, -12.780737499999926 ], [ -38.533164, -12.780747499999947 ], [ -38.533144899999975, -12.780747499999968 ], [ -38.533115399999922, -12.780739199999974 ], [ -38.533086899999951, -12.780723399999935 ], [ -38.53302629999996, -12.780685699999948 ], [ -38.532994299999984, -12.780662 ], [ -38.532983599999966, -12.780646299999953 ], [ -38.532974599999932, -12.780627699999972 ], [ -38.532962099999963, -12.7806146 ], [ -38.532951399999938, -12.78060749999997 ], [ -38.532937199999935, -12.780601399999961 ], [ -38.532909499999953, -12.780595199999944 ], [ -38.532896199999989, -12.780592599999968 ], [ -38.53288809999998, -12.780588199999947 ], [ -38.532884599999925, -12.780580299999951 ], [ -38.532878199999971, -12.78056259999993 ], [ -38.532868499999957, -12.780530199999911 ], [ -38.53285429999994, -12.780505699999933 ], [ -38.53284449999996, -12.780492599999931 ], [ -38.532832, -12.780482899999988 ], [ -38.53281329999993, -12.780475899999937 ], [ -38.532783899999977, -12.780469699999964 ], [ -38.532757199999942, -12.780467899999966 ], [ -38.532708599999978, -12.780471199999955 ], [ -38.53267469999998, -12.780471099999954 ], [ -38.532646199999931, -12.780463199999923 ], [ -38.532637299999976, -12.78045709999998 ], [ -38.532630199999971, -12.780444799999938 ], [ -38.532622199999942, -12.780415899999982 ], [ -38.532617, -12.780346799999954 ], [ -38.532617099999982, -12.780292599999928 ], [ -38.5326166, -12.780267399999969 ], [ -38.53260819999997, -12.7802321 ], [ -38.532602599999969, -12.780214 ], [ -38.532589199999961, -12.780192499999947 ], [ -38.532565499999976, -12.780163699999928 ], [ -38.532521299999985, -12.780101899999957 ], [ -38.532482799999968, -12.780027499999962 ], [ -38.532480299999975, -12.780022199999973 ], [ -38.532445799999948, -12.779948899999971 ], [ -38.53241589999994, -12.779876 ], [ -38.532403, -12.779839 ], [ -38.53236029999993, -12.779767399999963 ], [ -38.532339, -12.779702899999977 ], [ -38.532326299999966, -12.779602799999944 ], [ -38.532323599999984, -12.779527099999941 ], [ -38.532329399999988, -12.779461199999966 ], [ -38.532339599999958, -12.779360199999926 ], [ -38.532370599999986, -12.779191199999953 ], [ -38.532391199999957, -12.77908749999995 ], [ -38.532402799999943, -12.778989199999945 ], [ -38.532423299999948, -12.778860599999968 ], [ -38.532515399999966, -12.778645399999974 ], [ -38.532584899999968, -12.778385199999946 ], [ -38.53267649999998, -12.778093 ], [ -38.532692799999964, -12.778042499999957 ], [ -38.532713099999967, -12.777981099999986 ], [ -38.532729899999936, -12.777932499999961 ], [ -38.532748399999946, -12.777890399999936 ], [ -38.532781, -12.777831399999963 ], [ -38.532794699999954, -12.777813599999938 ], [ -38.532815199999952, -12.777802499999954 ], [ -38.532832299999939, -12.777795799999984 ], [ -38.532844799999964, -12.777792499999972 ], [ -38.532861899999951, -12.777790299999943 ], [ -38.532885499999971, -12.77778329999995 ], [ -38.532914699999935, -12.777767199999957 ], [ -38.532947, -12.7777498 ], [ -38.532960299999964, -12.777738699999919 ], [ -38.532969199999975, -12.77772689999995 ], [ -38.532974299999978, -12.777713199999928 ], [ -38.532976399999932, -12.777693499999938 ], [ -38.532975299999983, -12.777678599999934 ], [ -38.532970299999924, -12.777665699999949 ], [ -38.53295, -12.777643699999945 ], [ -38.532914499999947, -12.777619699999946 ], [ -38.532872899999973, -12.777601699999941 ], [ -38.532847499999946, -12.777582699999972 ], [ -38.532824199999943, -12.777570699999961 ], [ -38.532813, -12.777562699999983 ], [ -38.532806899999969, -12.777544399999973 ], [ -38.532808, -12.77752249999998 ], [ -38.532812099999951, -12.777508499999971 ], [ -38.532820199999946, -12.777499599999935 ], [ -38.532859899999949, -12.777463799999964 ], [ -38.532898599999946, -12.777423 ], [ -38.532910799999975, -12.777405099999955 ], [ -38.5329139, -12.77739109999993 ], [ -38.5329139, -12.777380199999987 ], [ -38.532907899999955, -12.777353199999958 ], [ -38.532906899999944, -12.77732729999995 ], [ -38.532913, -12.777317399999975 ], [ -38.532925199999966, -12.77731339999997 ], [ -38.532940399999973, -12.777313399999953 ], [ -38.532950599999943, -12.777315399999953 ], [ -38.53295769999994, -12.777326399999938 ], [ -38.532971899999957, -12.77734539999995 ], [ -38.532982, -12.77735539999998 ], [ -38.532991099999947, -12.777360399999969 ], [ -38.533003299999962, -12.77736039999996 ], [ -38.5330216, -12.777354399999984 ], [ -38.533033799999949, -12.777349499999966 ], [ -38.533038899999951, -12.777349499999969 ], [ -38.533044, -12.777353499999968 ], [ -38.533044, -12.777368399999931 ], [ -38.533047, -12.777400299999956 ], [ -38.533059599999937, -12.777425 ], [ -38.533074799999952, -12.777439899999949 ], [ -38.533095099999969, -12.7774489 ], [ -38.533112399999936, -12.777452 ], [ -38.533132699999946, -12.777452 ], [ -38.533158099999987, -12.77744509999998 ], [ -38.533187599999962, -12.77743119999997 ], [ -38.533214, -12.777412299999979 ], [ -38.533226199999952, -12.77740729999992 ], [ -38.533237399999969, -12.777407299999956 ], [ -38.533252599999976, -12.77741039999996 ], [ -38.533268899999946, -12.77741639999994 ], [ -38.533284099999946, -12.777420399999924 ], [ -38.533302399999975, -12.777420399999921 ], [ -38.533330799999931, -12.777413499999978 ], [ -38.533380699999952, -12.77738869999996 ], [ -38.533402, -12.77737369999995 ], [ -38.533428499999964, -12.777368799999985 ], [ -38.533451799999973, -12.777368899999946 ], [ -38.533469099999941, -12.777365899999959 ], [ -38.533505699999971, -12.777353 ], [ -38.533544299999953, -12.777327199999949 ], [ -38.533574899999962, -12.777294299999934 ], [ -38.53359259999997, -12.77726769999996 ], [ -38.533611299999954, -12.777195 ], [ -38.533616, -12.7771155 ], [ -38.53360459999994, -12.777047199999963 ], [ -38.533581299999987, -12.777003399999943 ], [ -38.53354429999996, -12.776957799999947 ], [ -38.533495699999946, -12.776923699999939 ], [ -38.53341, -12.776893899999935 ], [ -38.533372899999961, -12.776880199999928 ], [ -38.533368299999957, -12.776871099999934 ], [ -38.533370599999955, -12.776848399999947 ], [ -38.533407799999964, -12.776803 ], [ -38.533440299999938, -12.776775799999934 ], [ -38.533449599999976, -12.776759899999956 ], [ -38.533449599999983, -12.776739399999942 ], [ -38.533428799999975, -12.776709799999928 ], [ -38.533416699999968, -12.7767 ], [ -38.533351899999957, -12.776640799999923 ], [ -38.533273299999955, -12.776565599999971 ], [ -38.533178399999947, -12.776479099999969 ], [ -38.5330671, -12.776348699999959 ], [ -38.532951499999967, -12.776184799999964 ], [ -38.532847499999953, -12.776023199999939 ], [ -38.53273449999994, -12.775803 ], [ -38.532668699999931, -12.775666099999972 ], [ -38.532597399999929, -12.775505699999954 ], [ -38.53257919999993, -12.775446299999938 ], [ -38.532572599999973, -12.775407199999949 ], [ -38.532564599999944, -12.775234699999951 ], [ -38.532564799999925, -12.775127899999974 ], [ -38.532581299999947, -12.774978899999958 ], [ -38.532624299999945, -12.774654699999925 ], [ -38.532692799999964, -12.77425569999996 ], [ -38.532820399999927, -12.773989899999956 ], [ -38.532880099999943, -12.773790399999941 ], [ -38.532948399999952, -12.773574399999958 ], [ -38.53300789999998, -12.773441399999962 ], [ -38.533228799999968, -12.773184099999987 ], [ -38.533611, -12.772760699999933 ], [ -38.533870499999985, -12.772433499999986 ], [ -38.534076099999936, -12.772138099999951 ], [ -38.534293699999985, -12.771854499999961 ], [ -38.534559599999966, -12.771559199999961 ], [ -38.534753599999931, -12.771390699999936 ], [ -38.53523469999994, -12.771038 ], [ -38.535698499999967, -12.770786399999965 ], [ -38.536677599999969, -12.770299899999952 ], [ -38.53726649999993, -12.770034699999936 ], [ -38.538436399999966, -12.769423499999959 ], [ -38.539932499999956, -12.768812799999989 ], [ -38.540721299999973, -12.768467599999964 ], [ -38.541564899999969, -12.767949099999957 ], [ -38.54211649999997, -12.767568399999966 ], [ -38.542385, -12.767393499999963 ], [ -38.543016699999953, -12.766811599999917 ], [ -38.543369399999968, -12.766394899999955 ], [ -38.543431399999989, -12.76632159999996 ], [ -38.543613899999976, -12.765988799999949 ], [ -38.543894099999932, -12.765263599999974 ], [ -38.544382599999956, -12.764177399999925 ], [ -38.545099899999968, -12.763215 ], [ -38.545974599999965, -12.76239569999996 ], [ -38.546132899999975, -12.762170199999957 ], [ -38.546181899999965, -12.761884699999934 ], [ -38.546183699999972, -12.761696 ], [ -38.546143, -12.7615082 ], [ -38.546082299999966, -12.761359199999967 ], [ -38.545968399999943, -12.76118159999991 ], [ -38.545633199999948, -12.760777899999942 ], [ -38.544994, -12.760190199999958 ], [ -38.544462, -12.759688599999953 ], [ -38.544323399999939, -12.759528399999978 ], [ -38.544180299999944, -12.759305899999951 ], [ -38.543959499999971, -12.758767699999959 ], [ -38.543881099999957, -12.758564299999938 ], [ -38.543830599999971, -12.75833969999996 ], [ -38.543767899999985, -12.757853199999944 ], [ -38.543731499999978, -12.756880299999969 ], [ -38.543695899999939, -12.756211399999927 ], [ -38.543664499999977, -12.755953299999943 ], [ -38.543593199999968, -12.755655899999972 ], [ -38.543402799999967, -12.755139299999946 ], [ -38.543144299999938, -12.754608699999935 ], [ -38.542914599999968, -12.754284399999968 ], [ -38.542541, -12.753606199999973 ], [ -38.542328199999936, -12.753169299999978 ], [ -38.542097599999977, -12.7527674 ], [ -38.541816399999959, -12.752345099999948 ], [ -38.541476899999964, -12.7517913 ], [ -38.541347599999945, -12.751566099999941 ], [ -38.541231399999958, -12.751317499999972 ], [ -38.541137099999958, -12.751141099999918 ], [ -38.54103, -12.750970699999971 ], [ -38.540891, -12.750772 ], [ -38.540657599999982, -12.750451 ], [ -38.540506799999946, -12.750161599999974 ], [ -38.540479, -12.750108199999941 ], [ -38.540459899999981, -12.750045599999963 ], [ -38.540347099999963, -12.74967549999996 ], [ -38.540308099999955, -12.749459199999931 ], [ -38.54024759999993, -12.749198899999966 ], [ -38.540237199999986, -12.749016 ], [ -38.540237499999932, -12.748822699999952 ], [ -38.540262799999944, -12.748710199999957 ], [ -38.540309599999944, -12.748625899999963 ], [ -38.540367, -12.7485627 ], [ -38.540438799999954, -12.748489 ], [ -38.540492699999966, -12.748425799999941 ], [ -38.540546499999955, -12.748390699999957 ], [ -38.540578899999957, -12.748317 ], [ -38.54058619999995, -12.748257199999948 ], [ -38.54056479999997, -12.748200899999976 ], [ -38.540489699999974, -12.7480988 ], [ -38.540389599999969, -12.747982599999938 ], [ -38.54028569999997, -12.747943799999971 ], [ -38.540189, -12.747920599999926 ], [ -38.540093399999932, -12.747905599999973 ], [ -38.54001789999996, -12.747868499999987 ], [ -38.539987799999949, -12.74780909999992 ], [ -38.539940199999933, -12.747705299999962 ], [ -38.539887499999956, -12.747626199999969 ], [ -38.539844799999969, -12.747549499999939 ], [ -38.539779499999952, -12.74745879999996 ], [ -38.539712599999973, -12.747402499999961 ], [ -38.539654099999957, -12.747377799999978 ], [ -38.539613599999939, -12.747370899999964 ], [ -38.539588499999986, -12.747370799999921 ], [ -38.539532699999945, -12.747377599999925 ], [ -38.539501899999955, -12.747400799999971 ], [ -38.539437599999985, -12.747466399999954 ], [ -38.539383099999952, -12.747507399999961 ], [ -38.539337, -12.747533299999942 ], [ -38.539290899999969, -12.747559199999962 ], [ -38.539214099999981, -12.74758919999994 ], [ -38.539087099999961, -12.747624599999938 ], [ -38.538976799999951, -12.747653099999978 ], [ -38.538909799999942, -12.747666699999968 ], [ -38.53883859999997, -12.747684399999976 ], [ -38.53878, -12.747681599999943 ], [ -38.53874379999997, -12.747666399999968 ], [ -38.538657399999984, -12.747632599999987 ], [ -38.538596299999931, -12.747607899999926 ], [ -38.538571299999951, -12.747589399999976 ], [ -38.538574399999959, -12.747587899999916 ], [ -38.538615099999959, -12.747588 ], [ -38.538662099999954, -12.747594199999989 ], [ -38.538726399999973, -12.747608199999949 ], [ -38.538776499999976, -12.747626699999966 ], [ -38.538848599999945, -12.747628399999931 ], [ -38.538967699999951, -12.747619299999934 ], [ -38.53905229999998, -12.747596399999964 ], [ -38.539147299999968, -12.747578299999946 ], [ -38.5392222, -12.747556899999934 ], [ -38.539265199999946, -12.747532099999932 ], [ -38.539305899999924, -12.747507299999945 ], [ -38.53937429999997, -12.747462099999955 ], [ -38.539422799999954, -12.747426499999952 ], [ -38.539444899999978, -12.747396299999924 ], [ -38.539458099999933, -12.747361799999966 ], [ -38.539454899999953, -12.747331499999978 ], [ -38.539428499999929, -12.747292599999975 ], [ -38.539349799999975, -12.747232599999963 ], [ -38.539247899999964, -12.747136699999944 ], [ -38.539095, -12.746984 ], [ -38.538946599999974, -12.74684 ], [ -38.538767199999938, -12.746619799999962 ], [ -38.538618799999931, -12.746445299999964 ], [ -38.538507099999954, -12.746295 ], [ -38.538425699999948, -12.746169499999947 ], [ -38.5383692, -12.746009299999944 ], [ -38.53832709999994, -12.745786499999955 ], [ -38.538242, -12.745147399999967 ], [ -38.538128299999983, -12.744603599999948 ], [ -38.537964899999963, -12.744019399999955 ], [ -38.537853599999941, -12.743729499999969 ], [ -38.537719899999949, -12.743439599999938 ], [ -38.537590499999972, -12.743241799999964 ], [ -38.537523499999963, -12.743174399999921 ], [ -38.537477199999962, -12.743150499999942 ], [ -38.537404399999964, -12.743135199999919 ], [ -38.53732709999997, -12.743141599999957 ], [ -38.537251899999951, -12.743169599999925 ], [ -38.537187799999977, -12.743223699999941 ], [ -38.537108099999962, -12.743318799999923 ], [ -38.536977599999936, -12.74347889999995 ], [ -38.536726299999941, -12.743833599999959 ], [ -38.536603499999956, -12.743961799999958 ], [ -38.536536599999984, -12.743983599999959 ], [ -38.536455899999964, -12.74398619999994 ], [ -38.536260899999945, -12.743974899999962 ], [ -38.535949199999941, -12.743895099999984 ], [ -38.535503299999959, -12.743704699999963 ], [ -38.53523969999997, -12.74358689999997 ], [ -38.535009699999925, -12.743442499999961 ], [ -38.534887699999956, -12.743360799999946 ], [ -38.534736399999929, -12.743274299999939 ], [ -38.53458269999993, -12.74319489999994 ], [ -38.534424, -12.743120299999925 ], [ -38.534079099999936, -12.742932199999942 ], [ -38.533859499999949, -12.742792799999952 ], [ -38.533718, -12.742711099999966 ], [ -38.533581399999946, -12.742615 ], [ -38.533483799999935, -12.742542899999924 ], [ -38.533400799999981, -12.742502099999955 ], [ -38.533287899999948, -12.742460699999983 ], [ -38.53314869999997, -12.742424499999972 ], [ -38.532992399999962, -12.742395399999953 ], [ -38.532863, -12.7424 ], [ -38.532740799999935, -12.742433299999975 ], [ -38.532598899999982, -12.742509799999949 ], [ -38.532523099999928, -12.742564799999951 ], [ -38.532356799999945, -12.7426723 ], [ -38.532161199999962, -12.742765399999945 ], [ -38.531913299999985, -12.74292619999995 ], [ -38.531839899999973, -12.742990699999961 ], [ -38.531756699999953, -12.743072099999953 ], [ -38.5316663, -12.743105499999951 ], [ -38.531575899999957, -12.743126899999936 ], [ -38.531487899999945, -12.743145899999941 ], [ -38.531458499999985, -12.743172199999941 ], [ -38.531414399999967, -12.743270399999961 ], [ -38.531375099999934, -12.743392499999969 ], [ -38.531312499999956, -12.743517099999954 ], [ -38.531248699999942, -12.743588699999956 ], [ -38.531147099999949, -12.743653599999973 ], [ -38.531035899999956, -12.743719799999944 ], [ -38.530886899999985, -12.74380719999993 ], [ -38.530758099999964, -12.743864099999938 ], [ -38.53061049999998, -12.743902399999964 ], [ -38.53040939999994, -12.743955399999958 ], [ -38.530188599999974, -12.744026799999979 ], [ -38.53008559999995, -12.744075699999945 ], [ -38.53002459999994, -12.744107499999926 ], [ -38.529997499999986, -12.744135299999963 ], [ -38.529981099999929, -12.744180499999974 ], [ -38.529929399999958, -12.744366599999974 ], [ -38.529860799999945, -12.744503699999935 ], [ -38.529779899999944, -12.744648299999938 ], [ -38.529569299999942, -12.744967 ], [ -38.529457799999932, -12.745143699999984 ], [ -38.529361699999988, -12.745278899999954 ], [ -38.529263699999944, -12.745384099999972 ], [ -38.529173399999934, -12.745449799999951 ], [ -38.529046699999974, -12.745534199999963 ], [ -38.529023399999971, -12.745549 ], [ -38.529006899999963, -12.745558199999952 ], [ -38.529001599999965, -12.745565199999922 ], [ -38.52900039999998, -12.745573799999923 ], [ -38.52900039999998, -12.745586 ], [ -38.528992099999989, -12.745577899999944 ], [ -38.528967899999941, -12.74557579999993 ], [ -38.528944399999943, -12.745583599999982 ], [ -38.528890799999942, -12.745614099999942 ], [ -38.528840599999974, -12.745640899999962 ], [ -38.528748699999937, -12.74568209999995 ], [ -38.528589099999976, -12.745736499999952 ], [ -38.528414299999945, -12.745796699999973 ], [ -38.528238199999969, -12.745831799999962 ], [ -38.528090599999985, -12.74587 ], [ -38.528028799999959, -12.745893499999951 ], [ -38.527909799999982, -12.745946399999987 ], [ -38.527768199999969, -12.746009699999968 ], [ -38.527644499999944, -12.746085599999967 ], [ -38.527505599999984, -12.746196399999969 ], [ -38.527341099999937, -12.746297699999944 ], [ -38.527254699999951, -12.746365599999921 ], [ -38.527151499999945, -12.74644 ], [ -38.527077, -12.746497899999961 ], [ -38.526987299999981, -12.746574 ], [ -38.526905599999957, -12.746629199999971 ], [ -38.52683449999995, -12.746678899999948 ], [ -38.526797299999942, -12.746721899999958 ], [ -38.526746399999986, -12.746797299999978 ], [ -38.526716399999941, -12.746874599999959 ], [ -38.526658599999962, -12.747046 ], [ -38.526605, -12.747209 ], [ -38.526557899999951, -12.747305199999966 ], [ -38.526489499999975, -12.747399199999968 ], [ -38.526348499999976, -12.747534799999926 ], [ -38.526256699999983, -12.74761619999998 ], [ -38.526196499999969, -12.747682699999928 ], [ -38.526021299999968, -12.747884399999982 ], [ -38.525858199999959, -12.748055599999935 ], [ -38.525673499999982, -12.748264299999951 ], [ -38.52558479999994, -12.748379799999938 ], [ -38.525517399999956, -12.748467099999974 ], [ -38.525406199999964, -12.748575799999966 ], [ -38.525266399999964, -12.74869439999998 ], [ -38.525162, -12.748776699999947 ], [ -38.525018299999942, -12.748885899999939 ], [ -38.524910499999976, -12.748950099999934 ], [ -38.524802799999982, -12.748984599999968 ], [ -38.524691699999941, -12.7490256 ], [ -38.524632799999949, -12.749047 ], [ -38.524589099999957, -12.749063399999949 ], [ -38.524547, -12.749081499999921 ], [ -38.524501599999944, -12.749088 ], [ -38.524467899999927, -12.749089599999939 ], [ -38.524424199999949, -12.749068 ], [ -38.524390699999969, -12.749023399999945 ], [ -38.524370099999942, -12.74901609999996 ], [ -38.524340899999963, -12.749018599999932 ], [ -38.5242904, -12.749045899999956 ], [ -38.524208099999953, -12.749070499999974 ], [ -38.524067399999971, -12.749126199999978 ], [ -38.523985, -12.749163799999966 ], [ -38.523870799999948, -12.749235199999919 ], [ -38.523733399999969, -12.749314799999974 ], [ -38.523677599999978, -12.749342099999964 ], [ -38.523604599999949, -12.749365399999942 ], [ -38.523543599999982, -12.749369199999926 ], [ -38.523506399999967, -12.749366499999958 ], [ -38.5234799, -12.749375499999923 ], [ -38.52344, -12.749419699999988 ], [ -38.523408, -12.749480899999982 ], [ -38.523360199999956, -12.749525 ], [ -38.523293799999976, -12.749573299999957 ], [ -38.523230099999978, -12.74960019999997 ], [ -38.523164299999969, -12.749616699999915 ], [ -38.523100699999929, -12.749629099999925 ], [ -38.522971299999952, -12.749624699999952 ], [ -38.522909799999987, -12.749607899999937 ], [ -38.522839899999958, -12.74956 ], [ -38.522727699999962, -12.74946819999996 ], [ -38.522617499999974, -12.749376399999941 ], [ -38.5224942, -12.749286299999943 ], [ -38.522337399999977, -12.749186099999983 ], [ -38.522201499999937, -12.749110399999934 ], [ -38.522146399999947, -12.749068699999954 ], [ -38.5220978, -12.748991599999956 ], [ -38.522055599999938, -12.748839599999934 ], [ -38.522026099999948, -12.748733499999966 ], [ -38.522022099999958, -12.748654399999971 ], [ -38.522009399999938, -12.748616899999957 ], [ -38.52199029999997, -12.748612699999972 ], [ -38.521962699999953, -12.74861889999994 ], [ -38.521933299999944, -12.748640499999954 ], [ -38.52192139999994, -12.748669599999985 ], [ -38.521918399999947, -12.748685599999924 ], [ -38.521894599999939, -12.748708799999966 ], [ -38.521884199999931, -12.748736399999924 ], [ -38.521878099999988, -12.74881349999993 ], [ -38.521886699999989, -12.748961899999937 ], [ -38.521916199999971, -12.749075399999985 ], [ -38.521933799999942, -12.74914819999997 ], [ -38.521926299999961, -12.749180199999975 ], [ -38.521887699999986, -12.749228099999977 ], [ -38.521845199999973, -12.749259399999955 ], [ -38.52180009999995, -12.749309899999966 ], [ -38.52178, -12.749378499999986 ], [ -38.521766599999978, -12.749450399999937 ], [ -38.521763199999953, -12.749504299999959 ], [ -38.521778, -12.7495843 ], [ -38.521794499999942, -12.749643199999975 ], [ -38.521791199999946, -12.749656199999965 ], [ -38.521774599999958, -12.749639899999961 ], [ -38.521746299999961, -12.749605499999964 ], [ -38.521658199999933, -12.749556299999933 ], [ -38.521588299999969, -12.749494099999946 ], [ -38.521555099999944, -12.749467899999967 ], [ -38.52153009999995, -12.749469499999988 ], [ -38.521510099999944, -12.74948749999993 ], [ -38.521505, -12.749526699999942 ], [ -38.521515, -12.74956259999993 ], [ -38.52152309999996, -12.749632899999943 ], [ -38.521528, -12.749695 ], [ -38.521518, -12.749727599999954 ], [ -38.521497899999936, -12.749765099999916 ], [ -38.521474599999976, -12.749774899999975 ], [ -38.521379599999925, -12.749804099999947 ], [ -38.521309699999961, -12.74980889999995 ], [ -38.521238099999948, -12.749810399999946 ], [ -38.521168199999984, -12.749789 ], [ -38.521115799999961, -12.749757299999938 ], [ -38.52107, -12.749682399999934 ], [ -38.521005699999932, -12.749624299999944 ], [ -38.520969, -12.749593299999951 ], [ -38.520906, -12.749552 ], [ -38.520799399999937, -12.749472 ], [ -38.520706699999948, -12.749382099999949 ], [ -38.520627099999956, -12.749322599999976 ], [ -38.520534699999978, -12.749244399999956 ], [ -38.520480099999929, -12.749204299999978 ], [ -38.52044989999996, -12.7491563 ], [ -38.520437199999954, -12.749101499999934 ], [ -38.520433799999985, -12.749040899999947 ], [ -38.520429199999967, -12.749010099999948 ], [ -38.520409499999971, -12.748966699999942 ], [ -38.520366499999966, -12.74893809999997 ], [ -38.520280199999945, -12.748895 ], [ -38.520222699999984, -12.748861599999932 ], [ -38.520175699999989, -12.748851199999923 ], [ -38.520167199999939, -12.748851199999923 ], [ -38.520178199999968, -12.748748799999948 ], [ -38.52021479999997, -12.748725799999924 ], [ -38.520258899999938, -12.748696699999979 ], [ -38.520341699999967, -12.748671399999985 ], [ -38.5204103, -12.748660099999928 ], [ -38.520476299999977, -12.748646299999953 ], [ -38.520561799999939, -12.748629899999964 ], [ -38.520582499999932, -12.748619799999974 ], [ -38.520604499999934, -12.748621099999989 ], [ -38.520627699999977, -12.748637699999962 ], [ -38.520685899999926, -12.748672 ], [ -38.520713099999966, -12.748687299999979 ], [ -38.520727299999983, -12.748687299999967 ], [ -38.520746699999968, -12.748677199999984 ], [ -38.520780399999985, -12.748676 ], [ -38.520916, -12.74867959999994 ], [ -38.520977199999948, -12.748684799999971 ], [ -38.521075199999984, -12.748686899999948 ], [ -38.521115099999967, -12.74868 ], [ -38.52116209999997, -12.748658099999934 ], [ -38.521198899999945, -12.74863609999996 ], [ -38.521220299999982, -12.748626099999953 ], [ -38.521243799999979, -12.748604099999964 ], [ -38.52125609999996, -12.748581099999969 ], [ -38.521253099999967, -12.748551099999917 ], [ -38.521241899999957, -12.748538 ], [ -38.521195, -12.748520899999981 ], [ -38.521109299999971, -12.748498699999981 ], [ -38.521068499999963, -12.748481599999947 ], [ -38.521047099999976, -12.748459499999965 ], [ -38.521020599999929, -12.748439499999945 ], [ -38.520997099999938, -12.748433399999934 ], [ -38.520970599999949, -12.748434399999951 ], [ -38.520865799999974, -12.748418 ], [ -38.520813399999959, -12.7483976 ], [ -38.52077479999997, -12.748363699999956 ], [ -38.520742399999968, -12.748328699999947 ], [ -38.520728199999958, -12.748292799999943 ], [ -38.520707, -12.74827189999996 ], [ -38.520666299999952, -12.748265799999961 ], [ -38.520638899999945, -12.748263799999961 ], [ -38.520599299999965, -12.74824569999992 ], [ -38.520590199999958, -12.748237799999973 ], [ -38.520582099999956, -12.748210799999976 ], [ -38.520572, -12.748193899999938 ], [ -38.520556799999959, -12.74817089999995 ], [ -38.520526399999937, -12.748142 ], [ -38.52048479999997, -12.748118 ], [ -38.520464499999953, -12.748111 ], [ -38.52038429999994, -12.748094899999948 ], [ -38.520251299999977, -12.748087699999923 ], [ -38.520064199999979, -12.748040299999955 ], [ -38.519871299999977, -12.747998099999972 ], [ -38.519788, -12.747989899999933 ], [ -38.519732699999963, -12.74799119999995 ], [ -38.519682499999931, -12.748007899999939 ], [ -38.51963109999997, -12.748040299999966 ], [ -38.519558099999983, -12.748067 ], [ -38.51949639999998, -12.748099399999939 ], [ -38.519457599999946, -12.748121699999958 ], [ -38.519410799999953, -12.748166099999947 ], [ -38.519347399999965, -12.748222499999939 ], [ -38.519273899999973, -12.748290099999954 ], [ -38.519180299999967, -12.748344899999969 ], [ -38.519088199999935, -12.748389899999943 ], [ -38.519046399999979, -12.748419499999946 ], [ -38.518997399999932, -12.74847439999998 ], [ -38.518964199999978, -12.748523799999926 ], [ -38.518943899999954, -12.748580199999934 ], [ -38.518951, -12.748631 ], [ -38.518975299999966, -12.748717199999923 ], [ -38.51903039999997, -12.748887499999951 ], [ -38.519077, -12.74900349999996 ], [ -38.519097199999969, -12.749115499999979 ], [ -38.519125499999973, -12.749215499999952 ], [ -38.51913, -12.749280199999928 ], [ -38.519112699999937, -12.749326499999938 ], [ -38.51903219999997, -12.749546799999971 ], [ -38.519004799999948, -12.749626799999934 ], [ -38.518964699999977, -12.749638 ], [ -38.51891889999996, -12.749635099999978 ], [ -38.518878799999982, -12.749642099999953 ], [ -38.518843, -12.749664499999923 ], [ -38.518822899999975, -12.749693899999942 ], [ -38.518798499999953, -12.74975 ], [ -38.518722099999934, -12.749844499999927 ], [ -38.518601599999954, -12.749980499999941 ], [ -38.518554599999966, -12.750045499999928 ], [ -38.518518399999941, -12.750095499999922 ], [ -38.518371699999925, -12.750306399999937 ], [ -38.5183, -12.75039049999998 ], [ -38.518261699999975, -12.7504256 ], [ -38.518217, -12.750450899999972 ], [ -38.518120899999928, -12.750514099999984 ], [ -38.517837, -12.750697799999951 ], [ -38.517672199999936, -12.750815699999977 ], [ -38.517356, -12.751083599999953 ], [ -38.517126, -12.751274599999926 ], [ -38.517033399999946, -12.751345099999972 ], [ -38.516960499999989, -12.751436899999934 ], [ -38.516910599999967, -12.751506299999976 ], [ -38.516864399999982, -12.751624399999965 ], [ -38.516850899999952, -12.751712599999955 ], [ -38.516816299999959, -12.751785799999936 ], [ -38.516746799999972, -12.7518669 ], [ -38.516695099999936, -12.751911499999943 ], [ -38.516600499999981, -12.751989299999945 ], [ -38.51655, -12.752035799999931 ], [ -38.516521399999931, -12.752077699999978 ], [ -38.516503299999954, -12.752119599999959 ], [ -38.516487099999956, -12.752144799999936 ], [ -38.516461399999976, -12.752174499999967 ], [ -38.516438199999989, -12.752218399999933 ], [ -38.516406099999983, -12.752282599999953 ], [ -38.516386099999977, -12.752369299999948 ], [ -38.516387499999958, -12.752441099999961 ], [ -38.516440099999954, -12.752568899999988 ], [ -38.516445599999948, -12.752590299999945 ], [ -38.516496299999979, -12.752679399999968 ], [ -38.516551299999954, -12.75272939999997 ], [ -38.516582799999988, -12.752775299999925 ], [ -38.516609199999941, -12.752832899999939 ], [ -38.516633499999955, -12.752958499999982 ], [ -38.516635499999957, -12.753189 ], [ -38.516617599999968, -12.753447299999937 ], [ -38.516626899999956, -12.753765399999958 ], [ -38.516626599999945, -12.75393109999994 ], [ -38.5166263, -12.754079699999972 ], [ -38.516593499999949, -12.754377 ], [ -38.516595599999967, -12.754647299999908 ], [ -38.516593699999923, -12.754697099999932 ], [ -38.516612799999955, -12.754779599999953 ], [ -38.516635599999972, -12.754856199999953 ], [ -38.516716199999962, -12.755025299999941 ], [ -38.516787, -12.755133799999966 ], [ -38.516808699999956, -12.755151199999933 ], [ -38.516869799999938, -12.755174599999961 ], [ -38.516925599999979, -12.755186199999958 ], [ -38.516948, -12.755198599999988 ], [ -38.516957799999943, -12.7552138 ], [ -38.516966099999934, -12.75524129999997 ], [ -38.516966, -12.755297699999961 ], [ -38.516954699999985, -12.755363699999963 ], [ -38.516951799999958, -12.75540529999995 ], [ -38.516958699999975, -12.755437 ], [ -38.516985299999931, -12.755490599999984 ], [ -38.517002, -12.755537399999969 ], [ -38.517006099999946, -12.755580099999964 ], [ -38.516994599999975, -12.75571 ], [ -38.516977499999932, -12.755843399999959 ], [ -38.516974499999954, -12.755913499999949 ], [ -38.51698, -12.75598919999994 ], [ -38.517018499999949, -12.756101699999933 ], [ -38.517053399999959, -12.75622119999996 ], [ -38.517087, -12.756325 ], [ -38.517091199999982, -12.756411499999956 ], [ -38.517104399999937, -12.756504399999944 ], [ -38.5171175, -12.756547699999937 ], [ -38.517126299999973, -12.756570199999958 ], [ -38.51713859999996, -12.756589199999945 ], [ -38.517156199999931, -12.756604799999925 ], [ -38.517165, -12.756609199999954 ], [ -38.517171199999957, -12.756607499999973 ], [ -38.517185299999944, -12.756597099999954 ], [ -38.517234199999955, -12.756549699999949 ], [ -38.517269399999975, -12.756525199999945 ], [ -38.517327, -12.75649459999995 ], [ -38.517371, -12.756472099999947 ], [ -38.517414799999983, -12.756429699999957 ], [ -38.517440799999974, -12.756408599999922 ], [ -38.517447499999939, -12.756406499999965 ], [ -38.517452399999975, -12.756406499999962 ], [ -38.51745909999994, -12.756410799999978 ], [ -38.51746849999995, -12.756423799999926 ], [ -38.517475099999956, -12.756428699999955 ], [ -38.517482299999983, -12.756429799999973 ], [ -38.517486699999957, -12.756429299999976 ], [ -38.517488399999934, -12.756427099999945 ], [ -38.517496099999953, -12.756410299999956 ], [ -38.517505599999936, -12.756386499999957 ], [ -38.517508299999982, -12.756384299999961 ], [ -38.51751169999995, -12.756384299999979 ], [ -38.5175177, -12.756393 ], [ -38.517524899999955, -12.756415299999947 ], [ -38.517531899999945, -12.756434599999974 ], [ -38.517544499999936, -12.756446199999973 ], [ -38.517557099999976, -12.756450799999977 ], [ -38.517581499999949, -12.756450899999937 ], [ -38.517605099999962, -12.756447099999964 ], [ -38.517618899999952, -12.756436799999943 ], [ -38.517638, -12.756411799999952 ], [ -38.517660299999932, -12.75639469999993 ], [ -38.517697, -12.756382199999949 ], [ -38.517744799999946, -12.756380799999919 ], [ -38.517798899999946, -12.756391799999955 ], [ -38.517849899999931, -12.756413799999955 ], [ -38.517904399999971, -12.75646 ], [ -38.517945699999984, -12.756525799999951 ], [ -38.517966199999925, -12.756607099999952 ], [ -38.5179821, -12.756646199999981 ], [ -38.518007499999953, -12.756675899999935 ], [ -38.518042499999979, -12.756701 ], [ -38.518083299999951, -12.756739299999932 ], [ -38.518126199999983, -12.756806099999945 ], [ -38.518230199999955, -12.756968599999938 ], [ -38.518368099999975, -12.757162299999937 ], [ -38.518449399999952, -12.757298099999977 ], [ -38.518644199999983, -12.757578899999938 ], [ -38.518678799999968, -12.757669199999949 ], [ -38.51870119999996, -12.75774749999993 ], [ -38.518709299999962, -12.757799699999973 ], [ -38.518709099999967, -12.757865899999947 ], [ -38.518690499999934, -12.757979399999956 ], [ -38.518686299999956, -12.758063599999959 ], [ -38.518686099999975, -12.758131899999968 ], [ -38.51870039999995, -12.758174 ], [ -38.518716699999977, -12.758206199999966 ], [ -38.518743199999967, -12.758228299999923 ], [ -38.518775899999973, -12.758250399999957 ], [ -38.51879629999997, -12.758276499999955 ], [ -38.518804399999965, -12.758304599999963 ], [ -38.518804299999942, -12.758354799999966 ], [ -38.518787799999977, -12.758421 ], [ -38.518716, -12.758649499999921 ], [ -38.51868669999994, -12.758721 ], [ -38.518633099999931, -12.758833699999975 ], [ -38.518595699999928, -12.758902 ], [ -38.518548299999971, -12.758990199999968 ], [ -38.51852719999993, -12.75904259999993 ], [ -38.518520599999931, -12.759099799999934 ], [ -38.518518799999981, -12.759179199999958 ], [ -38.518518699999959, -12.759245899999941 ], [ -38.518525099999977, -12.759279299999951 ], [ -38.518542899999936, -12.759306399999964 ], [ -38.518560699999973, -12.759315899999949 ], [ -38.518573599999968, -12.759328699999974 ], [ -38.518578399999974, -12.759344599999951 ], [ -38.518578399999974, -12.759360499999941 ], [ -38.518568699999946, -12.759385899999927 ], [ -38.518542699999962, -12.759422399999959 ], [ -38.518442, -12.759544499999935 ], [ -38.5184144, -12.759575 ], [ -38.5183646, -12.759635 ], [ -38.518306499999944, -12.759716099999926 ], [ -38.51822459999994, -12.759897499999978 ], [ -38.518173099999956, -12.759986799999956 ], [ -38.518126499999937, -12.760103699999949 ], [ -38.518079799999946, -12.760246599999945 ], [ -38.518016399999965, -12.76058 ], [ -38.517851, -12.761448 ], [ -38.51773419999995, -12.761723199999944 ], [ -38.517718899999984, -12.761849599999936 ], [ -38.517680499999983, -12.761950599999983 ], [ -38.517602199999949, -12.762079099999948 ], [ -38.517550599999936, -12.762145799999921 ], [ -38.517537199999929, -12.762186499999931 ], [ -38.517540499999946, -12.762228899999977 ], [ -38.517561899999976, -12.762308799999968 ], [ -38.517591699999969, -12.762380499999963 ], [ -38.517628099999968, -12.762440899999937 ], [ -38.51764819999994, -12.762486199999953 ], [ -38.517648199999947, -12.762518199999931 ], [ -38.517654099999952, -12.762546 ], [ -38.517668899999933, -12.762564899999981 ], [ -38.517700099999963, -12.762579599999984 ], [ -38.517734199999957, -12.762591299999924 ], [ -38.517799599999933, -12.762591399999961 ], [ -38.517860799999937, -12.762584699999929 ], [ -38.517875599999968, -12.762584699999934 ], [ -38.517887499999972, -12.762589099999937 ], [ -38.517889, -12.762594899999954 ], [ -38.517887499999979, -12.762609499999947 ], [ -38.51788449999998, -12.762635699999981 ], [ -38.51788439999995, -12.762679499999942 ], [ -38.517906599999947, -12.7627247 ], [ -38.5179184, -12.762748099999952 ], [ -38.517942199999943, -12.76276409999997 ], [ -38.517973299999937, -12.762786099999955 ], [ -38.517995599999956, -12.762815299999952 ], [ -38.518019299999928, -12.762843 ], [ -38.518032599999962, -12.762873699999945 ], [ -38.518032599999962, -12.76290569999998 ], [ -38.518019099999947, -12.76294209999997 ], [ -38.51797739999995, -12.763011499999948 ], [ -38.517913199999953, -12.76315419999997 ], [ -38.51780169999995, -12.763428199999952 ], [ -38.517787799999944, -12.763481899999938 ], [ -38.517787699999985, -12.763537499999924 ], [ -38.51779, -12.763573399999915 ], [ -38.517802899999943, -12.763604699999979 ], [ -38.517824099999984, -12.763632499999986 ], [ -38.517837, -12.763666099999966 ], [ -38.517841599999947, -12.763702 ], [ -38.517807, -12.763856599999945 ], [ -38.517773699999964, -12.763972399999952 ], [ -38.517765399999981, -12.764001299999954 ], [ -38.517765299999944, -12.764030199999976 ], [ -38.51777, -12.764059199999945 ], [ -38.517784099999972, -12.76408349999995 ], [ -38.517800599999937, -12.764097499999924 ], [ -38.517850099999976, -12.764117199999919 ], [ -38.517866699999949, -12.76412539999996 ], [ -38.517869, -12.764136899999928 ], [ -38.517869, -12.764145 ], [ -38.517860699999979, -12.764156599999973 ], [ -38.517847699999955, -12.764168199999974 ], [ -38.517842899999948, -12.764183199999932 ], [ -38.517842899999948, -12.764197099999926 ], [ -38.51785, -12.764215599999947 ], [ -38.517900799999943, -12.764282399999962 ], [ -38.517989099999966, -12.764399499999962 ], [ -38.51808919999997, -12.764507399999946 ], [ -38.518121, -12.76452369999992 ], [ -38.518142899999937, -12.764527499999931 ], [ -38.518257599999977, -12.76451369999995 ], [ -38.518401, -12.764476399999973 ], [ -38.518463199999985, -12.764469499999953 ], [ -38.518496599999928, -12.764476599999968 ], [ -38.51850909999996, -12.764492099999941 ], [ -38.518533899999966, -12.764621499999976 ], [ -38.518548599999967, -12.764691399999968 ], [ -38.518566199999952, -12.76479619999998 ], [ -38.518557, -12.765053599999925 ], [ -38.518565799999976, -12.765126399999945 ], [ -38.518568599999981, -12.765187499999957 ], [ -38.518547699999942, -12.765263199999948 ], [ -38.518529799999953, -12.765303899999942 ], [ -38.51848229999996, -12.76535039999993 ], [ -38.518361899999945, -12.765430699999976 ], [ -38.518332599999951, -12.765447099999967 ], [ -38.51831789999995, -12.76546139999993 ], [ -38.518255199999942, -12.76557209999994 ], [ -38.518204499999968, -12.76568 ], [ -38.518156299999937, -12.765838899999945 ], [ -38.51813089999996, -12.766026199999921 ], [ -38.518117099999984, -12.766127899999962 ], [ -38.518101799999954, -12.766349699999983 ], [ -38.518113399999947, -12.766472299999974 ], [ -38.518134099999941, -12.766548199999926 ], [ -38.518163799999968, -12.766612499999939 ], [ -38.518217599999957, -12.766702799999944 ], [ -38.518275599999981, -12.766807899999936 ], [ -38.51831489999995, -12.766877899999947 ], [ -38.518324199999952, -12.766925799999971 ], [ -38.518324099999973, -12.76697 ], [ -38.518316499999969, -12.767004899999971 ], [ -38.518290099999945, -12.767080299999986 ], [ -38.518280799999957, -12.767136 ], [ -38.518285399999968, -12.767206899999957 ], [ -38.51830039999993, -12.76728149999996 ], [ -38.518357199999969, -12.767385899999971 ], [ -38.518478499999965, -12.767535199999921 ], [ -38.518592899999931, -12.767663699999945 ], [ -38.518714299999942, -12.7677682 ], [ -38.518877399999951, -12.767925099999948 ], [ -38.518983499999948, -12.768055699999927 ], [ -38.519131, -12.768436099999967 ], [ -38.51917, -12.768778699999936 ], [ -38.519167299999935, -12.768823399999976 ], [ -38.519164599999954, -12.768849599999937 ], [ -38.519145699999967, -12.768896899999957 ], [ -38.519126899999939, -12.768936199999938 ], [ -38.519124199999965, -12.768970399999944 ], [ -38.519142699999982, -12.769051799999946 ], [ -38.519142699999982, -12.769093899999968 ], [ -38.519131899999934, -12.769120099999942 ], [ -38.519094399999965, -12.769146299999928 ], [ -38.5189276, -12.769207299999946 ], [ -38.518828399999968, -12.769262199999956 ], [ -38.51876939999994, -12.769291 ], [ -38.518750599999976, -12.769312 ], [ -38.518745199999962, -12.769372399999947 ], [ -38.51874509999994, -12.769417099999945 ], [ -38.518755699999929, -12.769448599999965 ], [ -38.518787799999984, -12.769469699999947 ], [ -38.518844, -12.769498699999916 ], [ -38.518873399999961, -12.769530199999974 ], [ -38.518886699999939, -12.769574899999942 ], [ -38.518886599999966, -12.769606399999946 ], [ -38.518878499999978, -12.769645799999976 ], [ -38.518849, -12.769687799999934 ], [ -38.518798, -12.769745499999951 ], [ -38.518770699999941, -12.769812599999959 ], [ -38.518741099999943, -12.769894 ], [ -38.51871959999994, -12.769943799999982 ], [ -38.518700799999976, -12.769964799999954 ], [ -38.518682, -12.769972699999926 ], [ -38.518617699999943, -12.76997779999993 ], [ -38.518540099999939, -12.769988199999929 ], [ -38.518507899999975, -12.770003899999953 ], [ -38.518481099999974, -12.770032699999952 ], [ -38.518467599999951, -12.770077299999956 ], [ -38.518443299999944, -12.770200799999932 ], [ -38.518429599999941, -12.770368799999972 ], [ -38.518437499999941, -12.770431899999942 ], [ -38.518472099999947, -12.77051339999996 ], [ -38.518493299999932, -12.770542099999952 ], [ -38.51851489999995, -12.770571199999949 ], [ -38.51854689999994, -12.7706133 ], [ -38.518550299999966, -12.770631299999947 ], [ -38.51855489999997, -12.770655399999953 ], [ -38.51855589999996, -12.770689599999971 ], [ -38.518529099999967, -12.770734499999936 ], [ -38.518429599999941, -12.770820499999962 ], [ -38.518318599999937, -12.770962699999929 ], [ -38.518165299999957, -12.77121349999994 ], [ -38.51800789999993, -12.771614299999941 ], [ -38.5179462, -12.771876499999955 ], [ -38.517929699999968, -12.771987199999966 ], [ -38.51792949999998, -12.772081399999943 ], [ -38.517950699999979, -12.772428699999955 ], [ -38.517947599999957, -12.772599199999949 ], [ -38.517938199999946, -12.772911 ], [ -38.517938099999981, -12.772942599999974 ], [ -38.517944899999975, -12.772981 ], [ -38.517951599999947, -12.773007599999977 ], [ -38.517953199999965, -12.773042599999943 ], [ -38.517949699999981, -12.773104199999977 ], [ -38.517929199999969, -12.773152499999979 ], [ -38.517911099999942, -12.773196099999941 ], [ -38.517885, -12.77322069999996 ], [ -38.517816899999964, -12.773267199999953 ], [ -38.517788, -12.773298799999973 ], [ -38.517780499999951, -12.77332389999998 ], [ -38.517781899999939, -12.773358899999938 ], [ -38.517792299999932, -12.7733967 ], [ -38.517793899999951, -12.773478899999938 ], [ -38.517776299999987, -12.773651199999973 ], [ -38.517770699999964, -12.773846399999965 ], [ -38.517763599999967, -12.773916599999955 ], [ -38.517742499999947, -12.773988499999971 ], [ -38.517693099999974, -12.77410709999997 ], [ -38.517644899999937, -12.774226099999957 ], [ -38.517631399999971, -12.77425259999996 ], [ -38.517609199999988, -12.77427909999993 ], [ -38.517588199999977, -12.774312899999925 ], [ -38.517572099999938, -12.774361099999979 ], [ -38.517566099999961, -12.774402299999966 ], [ -38.517565899999965, -12.77446929999997 ], [ -38.517565899999958, -12.774495 ], [ -38.517555299999962, -12.774519099999969 ], [ -38.517528799999972, -12.774553799999982 ], [ -38.517413, -12.774709899999936 ], [ -38.517411, -12.774713 ], [ -38.517291499999935, -12.774902899999983 ], [ -38.517194799999977, -12.775095099999934 ], [ -38.517119299999933, -12.775251199999966 ], [ -38.517013499999969, -12.775462599999955 ], [ -38.516908299999955, -12.775622199999928 ], [ -38.516824099999951, -12.775731599999986 ], [ -38.516762399999955, -12.775820899999919 ], [ -38.51670739999998, -12.775881099999941 ], [ -38.516685399999972, -12.77589939999995 ], [ -38.51667439999995, -12.775920899999944 ], [ -38.516668799999934, -12.775955299999961 ], [ -38.516668799999934, -12.775978 ], [ -38.516672, -12.775997599999934 ], [ -38.516670799999922, -12.77600859999996 ], [ -38.516662, -12.776023699999952 ], [ -38.516646599999952, -12.77604089999995 ], [ -38.516590199999946, -12.776094899999965 ], [ -38.516537399999947, -12.77617339999996 ], [ -38.516497799999968, -12.776212099999956 ], [ -38.516441699999966, -12.776260499999989 ], [ -38.516416, -12.776280399999955 ], [ -38.516355499999968, -12.776346 ], [ -38.516304899999973, -12.77642449999996 ], [ -38.516237399999966, -12.776561299999974 ], [ -38.516209399999987, -12.77662739999993 ], [ -38.516180499999962, -12.776696399999953 ], [ -38.516149, -12.776809799999953 ], [ -38.516137599999972, -12.776878399999948 ], [ -38.516142699999932, -12.776927799999958 ], [ -38.516152199999965, -12.776954299999947 ], [ -38.516163499999955, -12.77697179999995 ], [ -38.516169599999962, -12.77698549999997 ], [ -38.516168599999958, -12.777007599999948 ], [ -38.516154599999943, -12.777074199999948 ], [ -38.516078399999977, -12.777293699999966 ], [ -38.516027799999954, -12.777389399999956 ], [ -38.516015599999953, -12.777411499999966 ], [ -38.51600509999998, -12.777429399999964 ], [ -38.516003299999973, -12.777447299999949 ], [ -38.516002399999927, -12.777459299999967 ], [ -38.516008499999941, -12.777474599999961 ], [ -38.516029099999969, -12.777494599999951 ], [ -38.516069499999958, -12.777537799999942 ], [ -38.516106299999933, -12.777617299999958 ], [ -38.516139599999967, -12.7777245 ], [ -38.516160899999939, -12.777797 ], [ -38.516165699999931, -12.77783639999997 ], [ -38.516167599999953, -12.777878699999984 ], [ -38.516165599999972, -12.777898899999984 ], [ -38.516154699999966, -12.777929699999961 ], [ -38.516127199999985, -12.777970899999946 ], [ -38.516071399999923, -12.77801 ], [ -38.516026099999976, -12.778033699999977 ], [ -38.515990699999975, -12.778060699999978 ], [ -38.515958599999983, -12.778088799999983 ], [ -38.515926599999943, -12.77812449999994 ], [ -38.515906199999961, -12.778156499999962 ], [ -38.515885099999934, -12.778216 ], [ -38.515868399999931, -12.778296099999981 ], [ -38.515845099999986, -12.778357799999975 ], [ -38.515817399999953, -12.77841079999995 ], [ -38.515813499999986, -12.778425899999942 ], [ -38.515804799999955, -12.778437 ], [ -38.515798599999982, -12.778443 ], [ -38.515783799999959, -12.77844819999995 ], [ -38.515750899999944, -12.778455299999962 ], [ -38.515727899999952, -12.778467399999961 ], [ -38.515697699999983, -12.778496899999931 ], [ -38.51566749999995, -12.778547199999936 ], [ -38.515658599999938, -12.778575 ], [ -38.515660299999979, -12.778606199999951 ], [ -38.515685, -12.778667099999939 ], [ -38.515721899999967, -12.778746099999978 ], [ -38.515760599999957, -12.77890069999995 ], [ -38.515778099999977, -12.778981399999971 ], [ -38.515779799999969, -12.77902829999995 ], [ -38.515776099999982, -12.779075199999959 ], [ -38.515767199999971, -12.779111699999909 ], [ -38.515754799999975, -12.779136 ], [ -38.515726399999942, -12.779160199999982 ], [ -38.515673199999981, -12.779196599999974 ], [ -38.515632499999988, -12.779219099999969 ], [ -38.515609399999953, -12.779239899999936 ], [ -38.515581, -12.779300599999935 ], [ -38.515544099999943, -12.779402 ], [ -38.515507499999963, -12.7794886 ], [ -38.515431199999966, -12.779626599999981 ], [ -38.515400299999961, -12.779678799999937 ], [ -38.515386199999973, -12.779721399999982 ], [ -38.51538469999997, -12.779747499999925 ], [ -38.515392899999931, -12.779780299999965 ], [ -38.515412799999986, -12.779819499999961 ], [ -38.515444599999974, -12.779868799999972 ], [ -38.515464499999958, -12.779907899999962 ], [ -38.515478299999984, -12.779960799999966 ], [ -38.515486199999941, -12.780027399999939 ], [ -38.515486099999968, -12.780084099999961 ], [ -38.51548, -12.780125199999924 ], [ -38.51545, -12.780181899999942 ], [ -38.51541839999993, -12.7802134 ], [ -38.515373899999922, -12.780248199999955 ], [ -38.51534259999994, -12.780261499999918 ], [ -38.515322599999934, -12.780266899999955 ], [ -38.515319199999965, -12.780270199999967 ], [ -38.515314799999935, -12.780276699999948 ], [ -38.515314799999949, -12.780284299999943 ], [ -38.515320299999985, -12.780298499999965 ], [ -38.515332499999943, -12.780308299999932 ], [ -38.515335799999953, -12.780320299999966 ], [ -38.515336899999973, -12.78033119999998 ], [ -38.515329099999974, -12.780348599999966 ], [ -38.515316799999944, -12.780359499999969 ], [ -38.515294599999962, -12.780375799999932 ], [ -38.515269, -12.780395299999952 ], [ -38.51524569999998, -12.780422499999917 ], [ -38.515222299999948, -12.780454099999911 ], [ -38.515216699999947, -12.780480199999934 ], [ -38.515216599999981, -12.78049919999995 ], [ -38.515226499999976, -12.780526399999918 ], [ -38.515232099999935, -12.780544899999947 ], [ -38.515232, -12.780559099999945 ], [ -38.515223099999957, -12.780576499999928 ], [ -38.515206399999954, -12.78062109999998 ], [ -38.51519629999995, -12.780681 ], [ -38.515191799999968, -12.780713699999971 ], [ -38.515182799999934, -12.78072889999993 ], [ -38.515172799999959, -12.780734299999953 ], [ -38.515156199999979, -12.780740899999941 ], [ -38.515122899999938, -12.780743 ], [ -38.51509069999998, -12.780742899999961 ], [ -38.515070699999967, -12.780748299999988 ], [ -38.515058199999942, -12.780757099999976 ], [ -38.515048199999967, -12.780775599999961 ], [ -38.515039199999933, -12.780800599999967 ], [ -38.515035599999969, -12.780846899999974 ], [ -38.515037799999966, -12.780865399999985 ], [ -38.51503879999995, -12.780882799999951 ], [ -38.515044399999958, -12.780899199999944 ], [ -38.51504319999998, -12.78090679999997 ], [ -38.515037699999944, -12.780918799999919 ], [ -38.515022099999953, -12.780938399999954 ], [ -38.514984199999958, -12.780997099999984 ], [ -38.514958599999943, -12.781045 ], [ -38.514917199999957, -12.781150899999934 ], [ -38.514882899999968, -12.781279499999927 ], [ -38.514820899999968, -12.781464499999966 ], [ -38.514816799999956, -12.781525699999964 ], [ -38.514796299999944, -12.781612399999972 ], [ -38.514790799999965, -12.781621699999963 ], [ -38.514775899999961, -12.781634 ], [ -38.514769599999966, -12.781638599999942 ], [ -38.514762499999961, -12.781638599999956 ], [ -38.51475, -12.781638499999929 ], [ -38.51473979999998, -12.781637699999971 ], [ -38.514717, -12.781645399999951 ], [ -38.514672, -12.781691499999967 ], [ -38.514665599999944, -12.781697699999945 ], [ -38.514641099999949, -12.781764099999986 ], [ -38.514595, -12.781946499999961 ], [ -38.514560399999937, -12.782063799999944 ], [ -38.514511699999957, -12.782205899999962 ], [ -38.514493499999965, -12.782244399999966 ], [ -38.514467199999963, -12.782311499999933 ], [ -38.514454, -12.782345099999922 ], [ -38.514414599999952, -12.782405299999947 ], [ -38.514395399999962, -12.78243889999994 ], [ -38.514357, -12.782490199999916 ], [ -38.514320299999959, -12.782527099999982 ], [ -38.514306699999956, -12.782544299999932 ], [ -38.514285899999948, -12.782559899999976 ], [ -38.51427549999994, -12.782574 ], [ -38.514265099999925, -12.782608399999953 ], [ -38.514261, -12.782649099999951 ], [ -38.514256099999955, -12.782720299999934 ], [ -38.514251199999933, -12.782750799999969 ], [ -38.514252599999963, -12.782791199999956 ], [ -38.514252499999941, -12.782840499999962 ], [ -38.514252499999941, -12.782863199999936 ], [ -38.514247599999976, -12.782896799999937 ], [ -38.514240399999949, -12.782926599999959 ], [ -38.514236399999959, -12.782937499999957 ], [ -38.51423159999996, -12.782944499999942 ], [ -38.514223599999987, -12.782947699999978 ], [ -38.514214799999948, -12.782950799999981 ], [ -38.514206799999954, -12.782952299999971 ], [ -38.514196499999969, -12.782952299999984 ], [ -38.514186099999968, -12.78295229999997 ], [ -38.514174099999934, -12.782953099999929 ], [ -38.514164499999936, -12.782954599999911 ], [ -38.514146199999971, -12.78295769999994 ], [ -38.514135, -12.782960799999934 ], [ -38.514128599999943, -12.782965499999941 ], [ -38.514124299999935, -12.782979199999936 ], [ -38.514107899999942, -12.783135299999968 ], [ -38.51408239999995, -12.783261499999986 ], [ -38.514036, -12.78346889999994 ], [ -38.513971, -12.78372669999994 ], [ -38.513950199999954, -12.783816799999959 ], [ -38.513940799999943, -12.783909299999941 ], [ -38.513940699999978, -12.783947599999973 ], [ -38.513952099999983, -12.783974699999915 ], [ -38.513975099999989, -12.783997299999941 ], [ -38.514000399999937, -12.784008599999924 ], [ -38.514016399999946, -12.784008599999934 ], [ -38.51403, -12.783998699999934 ], [ -38.514084799999978, -12.783853599999926 ], [ -38.514211199999977, -12.783648599999934 ], [ -38.514243799999974, -12.783580499999964 ], [ -38.514281099999948, -12.783473699999943 ], [ -38.514313699999953, -12.783407799999972 ], [ -38.514334599999984, -12.783380599999933 ], [ -38.514353099999944, -12.783369299999928 ], [ -38.514377899999943, -12.783359899999949 ], [ -38.51440579999997, -12.783355299999922 ], [ -38.514475499999946, -12.783369199999971 ], [ -38.514554399999952, -12.783410299999957 ], [ -38.514696, -12.783526899999945 ], [ -38.514926299999964, -12.783701 ], [ -38.515130599999971, -12.783833599999987 ], [ -38.515265799999945, -12.783960299999928 ], [ -38.515330699999936, -12.784033399999952 ], [ -38.515386399999947, -12.784101899999948 ], [ -38.515527899999938, -12.784200199999937 ], [ -38.515606799999944, -12.784284599999978 ], [ -38.515662499999955, -12.78435309999997 ], [ -38.515706399999942, -12.784449 ], [ -38.515741499999933, -12.784559699999916 ], [ -38.515757699999931, -12.784580299999956 ], [ -38.515767, -12.784594 ], [ -38.515790199999977, -12.78461 ], [ -38.515834299999945, -12.78461919999997 ], [ -38.515859899999953, -12.784630599999964 ], [ -38.515894699999926, -12.7846466 ], [ -38.515931799999976, -12.784674099999961 ], [ -38.515950399999952, -12.784696899999963 ], [ -38.515961899999972, -12.784731099999934 ], [ -38.515971099999952, -12.784774499999969 ], [ -38.515987299999949, -12.784836 ], [ -38.5159872, -12.784883899999958 ], [ -38.515987099999961, -12.784924899999959 ], [ -38.515970799999934, -12.7849591 ], [ -38.515924199999965, -12.784993199999978 ], [ -38.515854399999967, -12.785034099999967 ], [ -38.515821799999969, -12.785072799999956 ], [ -38.515738699999936, -12.785309099999941 ], [ -38.515682299999973, -12.785437599999964 ], [ -38.515644699999946, -12.785496399999946 ], [ -38.515610899999956, -12.785536699999957 ], [ -38.515584599999961, -12.78558809999992 ], [ -38.51556949999997, -12.785643199999983 ], [ -38.51558179999995, -12.785804 ], [ -38.515596, -12.785928899999941 ], [ -38.515619699999945, -12.7864264 ], [ -38.515621499999945, -12.786571799999932 ], [ -38.515607699999975, -12.786704399999959 ], [ -38.515604899999978, -12.786765499999959 ], [ -38.515593899999942, -12.786829199999939 ], [ -38.515580099999973, -12.786999099999964 ], [ -38.5155799, -12.787102699999933 ], [ -38.515563499999985, -12.787187699999942 ], [ -38.515514599999953, -12.787272599999929 ], [ -38.515427899999963, -12.787460799999975 ], [ -38.515402299999955, -12.787540699999949 ], [ -38.5153835, -12.787584 ], [ -38.515369899999932, -12.787597299999971 ], [ -38.515356299999951, -12.787610599999926 ], [ -38.515327399999933, -12.78762219999995 ], [ -38.515240799999958, -12.787632 ], [ -38.515188099999939, -12.787636899999942 ], [ -38.515152, -12.787653799999932 ], [ -38.515142099999942, -12.787677599999956 ], [ -38.515136099999957, -12.787688199999931 ], [ -38.515130099999958, -12.787691799999951 ], [ -38.515118, -12.787697599999957 ], [ -38.515112, -12.7877 ], [ -38.515104799999961, -12.787702299999983 ], [ -38.515101099999988, -12.787704699999933 ], [ -38.515096299999989, -12.787711799999968 ], [ -38.515091499999976, -12.787722399999947 ], [ -38.5150915, -12.787729499999953 ], [ -38.51509139999996, -12.787749499999954 ], [ -38.515089, -12.787759 ], [ -38.515081799999955, -12.787769599999947 ], [ -38.515075699999962, -12.787771899999946 ], [ -38.515062499999949, -12.787775499999945 ], [ -38.515048099999952, -12.787775399999916 ], [ -38.515037199999945, -12.787775399999923 ], [ -38.515020399999976, -12.787775399999935 ], [ -38.515008299999984, -12.787775399999919 ], [ -38.514991499999951, -12.78776939999995 ], [ -38.514974699999982, -12.787754 ], [ -38.514959099999935, -12.787732799999965 ], [ -38.514945899999923, -12.78770439999994 ], [ -38.514932699999974, -12.787676099999937 ], [ -38.514921899999941, -12.787660699999934 ], [ -38.514907499999936, -12.787654799999926 ], [ -38.514897699999949, -12.78765359999996 ], [ -38.51487, -12.787661 ], [ -38.514837599999964, -12.787660899999926 ], [ -38.5148167, -12.78766089999994 ], [ -38.514801399999953, -12.787660899999929 ], [ -38.514796599999954, -12.787660899999947 ], [ -38.514791899999977, -12.787659 ], [ -38.514782399999945, -12.787654299999929 ], [ -38.514771899999971, -12.787645899999971 ], [ -38.514759499999968, -12.787640199999935 ], [ -38.51473759999994, -12.787639199999949 ], [ -38.514723299999964, -12.78764019999992 ], [ -38.514697499999954, -12.78765509999994 ], [ -38.514678099999969, -12.787685299999957 ], [ -38.514671299999975, -12.787689699999918 ], [ -38.514668199999953, -12.787699299999927 ], [ -38.514668399999955, -12.78773229999995 ], [ -38.514675799999978, -12.787788199999961 ], [ -38.514688099999944, -12.787832799999936 ], [ -38.514699899999982, -12.787858099999946 ], [ -38.514714899999952, -12.787872899999964 ], [ -38.514743899999985, -12.787881299999986 ], [ -38.514819099999954, -12.787892 ], [ -38.514854499999956, -12.787893099999957 ], [ -38.514871699999965, -12.787905799999978 ], [ -38.514882399999976, -12.787907899999952 ], [ -38.514902799999959, -12.787906899999939 ], [ -38.514914599999933, -12.787899599999932 ], [ -38.514922199999944, -12.787885899999946 ], [ -38.514928599999969, -12.787870099999978 ], [ -38.514940499999966, -12.78786269999997 ], [ -38.514952299999948, -12.787858499999972 ], [ -38.51496949999995, -12.787858599999952 ], [ -38.514992, -12.787866 ], [ -38.515008099999932, -12.787876599999951 ], [ -38.515038199999942, -12.787887099999983 ], [ -38.515053199999954, -12.787891399999976 ], [ -38.515080099999977, -12.787885099999928 ], [ -38.515105299999959, -12.787874299999949 ], [ -38.515118899999948, -12.787851099999946 ], [ -38.515125599999983, -12.787831099999934 ], [ -38.515126599999974, -12.787815299999975 ], [ -38.515125699999942, -12.787794899999945 ], [ -38.51513, -12.787784699999969 ], [ -38.515136599999948, -12.787781 ], [ -38.515140899999956, -12.787781 ], [ -38.515148299999971, -12.787782099999962 ], [ -38.515167399999939, -12.787796799999978 ], [ -38.515194699999931, -12.787810299999936 ], [ -38.515224699999976, -12.787811699999938 ], [ -38.515238299999965, -12.787803699999932 ], [ -38.515252, -12.787787599999966 ], [ -38.51525469999995, -12.787775599999968 ], [ -38.515252, -12.787756899999973 ], [ -38.515239799999968, -12.787731399999933 ], [ -38.515223499999934, -12.787702 ], [ -38.515215299999973, -12.787688599999971 ], [ -38.515216699999939, -12.787676499999971 ], [ -38.515219499999951, -12.787668499999951 ], [ -38.515231699999951, -12.787665899999986 ], [ -38.515252199999956, -12.7876659 ], [ -38.515287699999931, -12.787663299999961 ], [ -38.515306799999969, -12.787654 ], [ -38.51533, -12.787651299999938 ], [ -38.515353099999977, -12.787651399999962 ], [ -38.515366799999974, -12.787659399999923 ], [ -38.515373599999975, -12.787676799999938 ], [ -38.515377599999958, -12.78770489999995 ], [ -38.515377399999977, -12.787803899999977 ], [ -38.515376299999964, -12.787998399999939 ], [ -38.515365299999985, -12.788038599999924 ], [ -38.515273399999948, -12.788151499999961 ], [ -38.515256899999947, -12.788157899999948 ], [ -38.515244899999963, -12.788157899999943 ], [ -38.51519889999998, -12.788149199999957 ], [ -38.515178699999986, -12.788143899999962 ], [ -38.515159599999961, -12.78814379999994 ], [ -38.515151799999956, -12.788145499999922 ], [ -38.515136199999972, -12.788152299999963 ], [ -38.515124, -12.788168399999973 ], [ -38.515109299999949, -12.788189699999979 ], [ -38.515081399999936, -12.78824319999995 ], [ -38.515076799999974, -12.788263899999954 ], [ -38.515076799999981, -12.788286499999963 ], [ -38.515090899999961, -12.788319499999933 ], [ -38.515198899999973, -12.788413499999924 ], [ -38.515287299999954, -12.788474399999942 ], [ -38.515329799999968, -12.788514499999957 ], [ -38.515424799999948, -12.788683399999961 ], [ -38.515508099999977, -12.788827699999969 ], [ -38.515516899999966, -12.788869599999941 ], [ -38.515515, -12.788922 ], [ -38.51551319999993, -12.788962199999954 ], [ -38.515498899999947, -12.788998799999964 ], [ -38.515479199999966, -12.789032 ], [ -38.515459599999929, -12.78906689999997 ], [ -38.515443499999947, -12.789110499999955 ], [ -38.515431, -12.789170399999939 ], [ -38.515432699999955, -12.789208899999943 ], [ -38.51543269999997, -12.789242 ], [ -38.515432599999947, -12.78927 ], [ -38.515429, -12.789289199999923 ], [ -38.515416499999958, -12.789301399999943 ], [ -38.515388, -12.789318799999949 ], [ -38.515325599999983, -12.789372799999985 ], [ -38.515309499999951, -12.789400699999925 ], [ -38.515301299999983, -12.789457 ], [ -38.515301299999976, -12.78947869999997 ], [ -38.515301199999946, -12.789502299999963 ], [ -38.515301199999953, -12.789525899999951 ], [ -38.515301099999931, -12.789541599999952 ], [ -38.515305099999978, -12.789553399999939 ], [ -38.515305099999978, -12.789571199999939 ], [ -38.515303099999983, -12.789581 ], [ -38.515293, -12.789594699999956 ], [ -38.515272899999957, -12.78961639999995 ], [ -38.515260799999965, -12.789634 ], [ -38.51525479999998, -12.78964389999993 ], [ -38.515248799999945, -12.789647799999942 ], [ -38.515240799999958, -12.789647799999948 ], [ -38.515228699999966, -12.78964579999996 ], [ -38.515204699999977, -12.7896398 ], [ -38.515190599999983, -12.789639799999984 ], [ -38.515170499999954, -12.78964769999993 ], [ -38.515148399999923, -12.789681099999918 ], [ -38.515140299999985, -12.789712499999949 ], [ -38.51513829999994, -12.789726299999923 ], [ -38.515154299999949, -12.789748 ], [ -38.515310499999948, -12.789878099999965 ], [ -38.51543879999997, -12.789963 ], [ -38.515504899999947, -12.789990699999965 ], [ -38.515580599999964, -12.790003099999984 ], [ -38.515625099999973, -12.79000319999995 ], [ -38.515651, -12.789997099999939 ], [ -38.515673299999939, -12.789993699999968 ], [ -38.515687599999978, -12.789997199999954 ], [ -38.515699099999949, -12.790006799999968 ], [ -38.515705399999952, -12.79002349999997 ], [ -38.515705299999986, -12.790035699999978 ], [ -38.515701699999973, -12.790045299999978 ], [ -38.515692799999954, -12.79005489999998 ], [ -38.51568119999996, -12.790061 ], [ -38.515662499999955, -12.790071499999947 ], [ -38.515642799999966, -12.790089799999986 ], [ -38.51563119999998, -12.79011509999998 ], [ -38.515633799999932, -12.7901414 ], [ -38.515640799999971, -12.790169 ], [ -38.515646099999962, -12.790176 ], [ -38.515662199999952, -12.79018469999995 ], [ -38.515671099999963, -12.790193499999917 ], [ -38.515674599999954, -12.790204899999951 ], [ -38.515674599999961, -12.790217099999939 ], [ -38.515674599999954, -12.790231099999966 ], [ -38.515671899999973, -12.790244199999956 ], [ -38.515668299999959, -12.790254699999947 ], [ -38.515661099999939, -12.79026689999994 ], [ -38.515648599999963, -12.790275699999944 ], [ -38.51558079999996, -12.790315799999979 ], [ -38.515547699999964, -12.790334099999935 ], [ -38.515506099999982, -12.790371499999932 ], [ -38.515490499999949, -12.790389499999939 ], [ -38.515479899999939, -12.7904033 ], [ -38.515466499999945, -12.79041089999993 ], [ -38.515450899999962, -12.790419199999954 ], [ -38.515438899999936, -12.790424 ], [ -38.515433199999961, -12.790424699999958 ], [ -38.515424799999948, -12.790424699999964 ], [ -38.515397899999989, -12.790415599999953 ], [ -38.515389499999969, -12.790415599999957 ], [ -38.515381, -12.790417699999971 ], [ -38.515374599999973, -12.7904253 ], [ -38.515372499999962, -12.790429399999939 ], [ -38.515370399999938, -12.790436399999956 ], [ -38.515370299999965, -12.790447399999941 ], [ -38.515373099999984, -12.790461299999958 ], [ -38.515387199999964, -12.790481399999967 ], [ -38.51541049999998, -12.790507099999939 ], [ -38.515510099999972, -12.790578299999931 ], [ -38.515580299999954, -12.790632599999988 ], [ -38.515631499999984, -12.790690899999976 ], [ -38.51566269999995, -12.790730299999959 ], [ -38.515685799999979, -12.79074909999996 ], [ -38.515697699999976, -12.790753799999957 ], [ -38.51570879999997, -12.790754599999952 ], [ -38.515723199999975, -12.790754599999971 ], [ -38.515728699999961, -12.790755399999965 ], [ -38.515744599999955, -12.790764 ], [ -38.515760499999949, -12.790771099999958 ], [ -38.515777199999945, -12.79077419999992 ], [ -38.515817799999979, -12.790770399999934 ], [ -38.515835299999935, -12.790763399999937 ], [ -38.51584169999996, -12.790755599999947 ], [ -38.515848099999971, -12.790740799999988 ], [ -38.515853699999987, -12.790715799999933 ], [ -38.515863699999954, -12.790652799999966 ], [ -38.515880099999961, -12.790607 ], [ -38.5159, -12.790566 ], [ -38.515912099999987, -12.790548699999935 ], [ -38.515938599999963, -12.790525499999942 ], [ -38.516063299999985, -12.79043729999996 ], [ -38.516101599999963, -12.790414699999932 ], [ -38.516108, -12.790413099999959 ], [ -38.516116, -12.790413099999968 ], [ -38.516125499999923, -12.790421799999939 ], [ -38.516138299999959, -12.790440599999958 ], [ -38.516143799999959, -12.790463299999939 ], [ -38.516143799999959, -12.790475 ], [ -38.516140599999972, -12.790482099999956 ], [ -38.516135799999972, -12.790493 ], [ -38.516131799999982, -12.790496899999937 ], [ -38.516129399999947, -12.790504 ], [ -38.516130899999951, -12.790518 ], [ -38.516141399999988, -12.790541799999962 ], [ -38.516139199999941, -12.79054919999991 ], [ -38.516136499999959, -12.790553099999961 ], [ -38.516133399999951, -12.790555699999967 ], [ -38.516127199999964, -12.790557899999943 ], [ -38.5161232, -12.790558299999928 ], [ -38.516119699999933, -12.790556099999941 ], [ -38.516116099999984, -12.790553499999932 ], [ -38.516110299999987, -12.790552199999981 ], [ -38.516107199999965, -12.790552199999979 ], [ -38.516104599999942, -12.790553 ], [ -38.516100099999967, -12.790558299999917 ], [ -38.516098299999953, -12.790564399999944 ], [ -38.516097899999977, -12.790568799999958 ], [ -38.516100399999971, -12.790584299999979 ], [ -38.516104099999957, -12.790595399999981 ], [ -38.516103499999929, -12.790599099999934 ], [ -38.51610219999997, -12.790601599999949 ], [ -38.516097799999947, -12.790603499999971 ], [ -38.51608769999995, -12.790605299999976 ], [ -38.516087, -12.79060659999994 ], [ -38.516087, -12.790609699999957 ], [ -38.51608959999993, -12.790612799999982 ], [ -38.516090799999979, -12.790613399999939 ], [ -38.516094, -12.790614599999962 ], [ -38.516099699999984, -12.790614599999961 ], [ -38.516113599999983, -12.790614699999937 ], [ -38.51613059999994, -12.790614699999946 ], [ -38.516142599999966, -12.790615299999962 ], [ -38.516154599999936, -12.790612299999953 ], [ -38.516165399999977, -12.790610399999929 ], [ -38.51616729999995, -12.790611699999943 ], [ -38.516167299999964, -12.790614799999938 ], [ -38.516164699999941, -12.790620299999931 ], [ -38.516161599999982, -12.790622799999927 ], [ -38.516156499999965, -12.790624 ], [ -38.516151499999985, -12.790627099999938 ], [ -38.516146399999961, -12.790630199999962 ], [ -38.516140699999944, -12.790633899999936 ], [ -38.516131799999982, -12.790642 ], [ -38.516124899999966, -12.790651299999979 ], [ -38.516118499999955, -12.790659899999984 ], [ -38.516117899999976, -12.790666699999974 ], [ -38.516118499999948, -12.790668599999965 ], [ -38.516121, -12.790671099999949 ], [ -38.516126099999951, -12.790671699999971 ], [ -38.516162799999968, -12.790663699999987 ], [ -38.516210499999936, -12.790640399999969 ], [ -38.516233, -12.790625699999975 ], [ -38.51624, -12.790623199999972 ], [ -38.516246499999973, -12.790623199999958 ], [ -38.516249499999965, -12.79062569999995 ], [ -38.516252, -12.790631599999928 ], [ -38.516252, -12.790635 ], [ -38.516255, -12.790639499999937 ], [ -38.516258499999935, -12.790640899999968 ], [ -38.516263599999952, -12.790641399999974 ], [ -38.516271699999947, -12.790641399999982 ], [ -38.516281899999967, -12.790640499999927 ], [ -38.516298099999972, -12.790631499999941 ], [ -38.516341199999935, -12.790607799999979 ], [ -38.516399099999944, -12.790566199999947 ], [ -38.516426499999966, -12.79054529999998 ], [ -38.51645179999997, -12.790519499999968 ], [ -38.51646, -12.790509599999934 ], [ -38.516474099999982, -12.790505699999928 ], [ -38.516486299999947, -12.790505699999942 ], [ -38.516492399999947, -12.790509699999985 ], [ -38.516496399999937, -12.790519599999982 ], [ -38.516502499999945, -12.790539499999968 ], [ -38.516510499999981, -12.790551499999934 ], [ -38.5165277, -12.790563399999924 ], [ -38.51655, -12.790578399999958 ], [ -38.516565099999987, -12.790604199999954 ], [ -38.516575199999984, -12.79062709999995 ], [ -38.5165813, -12.790646 ], [ -38.516581199999962, -12.790670799999916 ], [ -38.516611299999965, -12.79072529999997 ], [ -38.516619799999944, -12.790735099999937 ], [ -38.516621799999939, -12.790737599999947 ], [ -38.516627899999946, -12.790739099999954 ], [ -38.51663339999994, -12.790738599999932 ], [ -38.516640399999972, -12.790735199999951 ], [ -38.516646, -12.790732199999988 ], [ -38.516650499999962, -12.7907322 ], [ -38.516657, -12.790738199999973 ], [ -38.516660099999967, -12.790738699999965 ], [ -38.516663099999967, -12.790738199999957 ], [ -38.516664599999963, -12.790735699999958 ], [ -38.516664599999956, -12.790732299999943 ], [ -38.516659599999969, -12.790726299999967 ], [ -38.51663649999994, -12.790705599999965 ], [ -38.516628399999952, -12.790695699999954 ], [ -38.516626899999956, -12.790691199999969 ], [ -38.516626399999957, -12.790682299999956 ], [ -38.516626, -12.790667 ], [ -38.516626, -12.790660599999969 ], [ -38.516628, -12.79065719999994 ], [ -38.516632, -12.790656699999953 ], [ -38.516636099999971, -12.790657199999927 ], [ -38.516640099999968, -12.790660199999936 ], [ -38.516655199999938, -12.79067449999998 ], [ -38.516692399999947, -12.790699799999967 ], [ -38.516715499999968, -12.790705799999964 ], [ -38.516723099999986, -12.790705799999941 ], [ -38.516728099999966, -12.790709199999988 ], [ -38.516730099999975, -12.790714199999963 ], [ -38.51673059999996, -12.790722599999972 ], [ -38.516736099999953, -12.790729499999934 ], [ -38.51674369999995, -12.79073149999995 ], [ -38.516762499999977, -12.790733499999925 ], [ -38.516788299999973, -12.790734299999945 ], [ -38.516806899999956, -12.790737499999979 ], [ -38.516815799999954, -12.790745499999979 ], [ -38.51682859999994, -12.790762099999933 ], [ -38.516844699999986, -12.790798499999948 ], [ -38.516872799999938, -12.790854799999961 ], [ -38.516892099999957, -12.790918099999951 ], [ -38.516903, -12.790952299999955 ], [ -38.516908699999931, -12.790969199999953 ], [ -38.516909299999952, -12.790983 ], [ -38.516909299999952, -12.790994299999948 ], [ -38.516904099999977, -12.791004299999946 ], [ -38.516893299999929, -12.791014299999979 ], [ -38.516876599999932, -12.79102809999995 ], [ -38.516858699999936, -12.79105059999995 ], [ -38.516838, -12.791067699999944 ], [ -38.516827899999953, -12.79107419999997 ], [ -38.516806599999938, -12.791093499999926 ], [ -38.516763499999975, -12.79112709999993 ], [ -38.51674119999997, -12.791140499999912 ], [ -38.51672449999996, -12.791150899999916 ], [ -38.516717399999948, -12.79115579999997 ], [ -38.516712799999944, -12.791167 ], [ -38.516705599999966, -12.791177199999925 ], [ -38.516686299999947, -12.791187 ], [ -38.516601499999972, -12.791200599999982 ], [ -38.516581199999969, -12.791206399999972 ], [ -38.516571, -12.791211699999955 ], [ -38.516564099999982, -12.791219299999979 ], [ -38.516562899999947, -12.791220399999935 ], [ -38.516562399999941, -12.791222499999938 ], [ -38.516562399999948, -12.791224599999952 ], [ -38.516563699999956, -12.791227799999945 ], [ -38.516567, -12.791232399999954 ], [ -38.516568799999959, -12.791234299999919 ], [ -38.51656939999998, -12.791235899999938 ], [ -38.516569299999958, -12.791238199999954 ], [ -38.516568599999978, -12.791244599999967 ], [ -38.516568799999966, -12.791247 ], [ -38.516569199999935, -12.791248499999959 ], [ -38.516570299999962, -12.791249499999941 ], [ -38.516572099999962, -12.791250099999951 ], [ -38.516574199999987, -12.791250399999969 ], [ -38.516578, -12.791251099999942 ], [ -38.516581899999949, -12.791253199999955 ], [ -38.516583799999978, -12.791255299999923 ], [ -38.516584599999923, -12.791258699999959 ], [ -38.516584499999958, -12.791261099999943 ], [ -38.516583599999933, -12.791263099999965 ], [ -38.516581899999949, -12.791264299999964 ], [ -38.516579699999966, -12.791264899999929 ], [ -38.516572299999943, -12.791265499999968 ], [ -38.516561499999973, -12.791266099999961 ], [ -38.516556799999933, -12.791266099999978 ], [ -38.51655279999995, -12.791266299999958 ], [ -38.51654989999998, -12.791267599999955 ], [ -38.516548299999954, -12.791268899999981 ], [ -38.516546799999965, -12.791271399999973 ], [ -38.516546499999954, -12.791272899999973 ], [ -38.516546499999954, -12.791274599999953 ], [ -38.516547, -12.791276199999976 ], [ -38.516548099999973, -12.791277899999946 ], [ -38.5165512, -12.791280799999972 ], [ -38.516553899999963, -12.791282799999975 ], [ -38.516555, -12.791283899999954 ], [ -38.516556399999956, -12.791285899999913 ], [ -38.516556299999934, -12.791287599999974 ], [ -38.516556099999946, -12.791289799999959 ], [ -38.516555399999966, -12.791291099999977 ], [ -38.51655389999997, -12.791293099999972 ], [ -38.516551599999957, -12.7912942 ], [ -38.516549199999929, -12.791295899999973 ], [ -38.516547399999979, -12.791297299999947 ], [ -38.516545599999972, -12.791299699999966 ], [ -38.516543299999974, -12.791302699999976 ], [ -38.516541099999984, -12.791304499999963 ], [ -38.516539299999984, -12.791305099999942 ], [ -38.516537799999988, -12.791305099999922 ], [ -38.516535499999975, -12.791304 ], [ -38.516533299999935, -12.791300099999965 ], [ -38.516531699999973, -12.791295199999976 ], [ -38.516529699999985, -12.791292399999969 ], [ -38.516522, -12.79128779999996 ], [ -38.516517799999974, -12.791280699999945 ], [ -38.516514899999947, -12.791272599999942 ], [ -38.516510599999947, -12.791264399999926 ], [ -38.516506099999951, -12.791259599999941 ], [ -38.516502699999933, -12.791257599999936 ], [ -38.51650049999995, -12.791258 ], [ -38.516499399999937, -12.79126 ], [ -38.516499, -12.791262199999952 ], [ -38.51649939999993, -12.791266399999929 ], [ -38.516502299999956, -12.791272799999927 ], [ -38.516508399999957, -12.791285199999949 ], [ -38.516511299999948, -12.791289799999952 ], [ -38.516512599999942, -12.791293399999985 ], [ -38.516513699999962, -12.791297299999947 ], [ -38.516514599999937, -12.79130329999998 ], [ -38.516514599999944, -12.791307899999921 ], [ -38.516514099999938, -12.791311799999951 ], [ -38.516513199999963, -12.791313799999944 ], [ -38.516511399999956, -12.791315099999949 ], [ -38.516508799999947, -12.791315799999939 ], [ -38.516504299999944, -12.791315799999946 ], [ -38.516500199999946, -12.791315799999948 ], [ -38.516496199999949, -12.791312199999927 ], [ -38.5164913, -12.791303199999961 ], [ -38.516486599999958, -12.791297 ], [ -38.516485, -12.79129609999994 ], [ -38.516483099999967, -12.79129629999994 ], [ -38.516481099999972, -12.79130359999993 ], [ -38.516480799999954, -12.791305899999953 ], [ -38.516481499999948, -12.791308299999971 ], [ -38.516484, -12.791311399999918 ], [ -38.516484499999926, -12.791315099999975 ], [ -38.516484, -12.791320499999946 ], [ -38.516483499999936, -12.791321899999943 ], [ -38.516483499999943, -12.791324299999916 ], [ -38.516484299999945, -12.791325699999955 ], [ -38.516486899999961, -12.791327399999957 ], [ -38.516492, -12.791329199999964 ], [ -38.516493699999955, -12.791331699999946 ], [ -38.516494299999977, -12.791333899999941 ], [ -38.516493399999938, -12.791337099999952 ], [ -38.516490699999956, -12.791342299999942 ], [ -38.516482699999976, -12.791352099999914 ], [ -38.516477699999946, -12.791356199999933 ], [ -38.516474499999966, -12.791357199999938 ], [ -38.516470599999934, -12.791357799999966 ], [ -38.516466499999979, -12.791357799999941 ], [ -38.516464, -12.791357499999958 ], [ -38.516458299999961, -12.79135609999998 ], [ -38.516456099999971, -12.791355899999918 ], [ -38.516454599999982, -12.791356899999929 ], [ -38.516453499999955, -12.791358499999953 ], [ -38.516453399999932, -12.791360299999946 ], [ -38.516453499999955, -12.791362499999941 ], [ -38.516454899999985, -12.791365599999947 ], [ -38.516457099999968, -12.791368499999976 ], [ -38.516462199999985, -12.791373099999925 ], [ -38.516468, -12.791379199999932 ], [ -38.516471699999961, -12.791389299999945 ], [ -38.516474199999941, -12.79140319999992 ], [ -38.516474199999941, -12.791414299999945 ], [ -38.516469699999959, -12.791439199999949 ], [ -38.516468599999946, -12.791448 ], [ -38.516468899999957, -12.791450299999953 ], [ -38.516469699999959, -12.791451399999989 ], [ -38.516472, -12.791451699999961 ], [ -38.516474299999977, -12.791451699999973 ], [ -38.516476899999923, -12.79145 ], [ -38.516484499999933, -12.791444899999929 ], [ -38.51649, -12.791440399999935 ], [ -38.516492, -12.791439599999922 ], [ -38.516494299999977, -12.791439299999988 ], [ -38.516496, -12.791439899999952 ], [ -38.516497199999947, -12.791441799999959 ], [ -38.516497199999947, -12.791449499999935 ], [ -38.516490799999936, -12.791471599999968 ], [ -38.516489, -12.791475799999931 ], [ -38.516489, -12.791478899999952 ], [ -38.516490199999964, -12.79148059999995 ], [ -38.51649249999997, -12.79148179999993 ], [ -38.516497699999945, -12.791482299999924 ], [ -38.516501699999935, -12.791482299999933 ], [ -38.516505499999944, -12.791484299999979 ], [ -38.51650779999995, -12.791488 ], [ -38.516509199999966, -12.791489699999929 ], [ -38.516512099999957, -12.791492899999986 ], [ -38.516514399999949, -12.791493799999962 ], [ -38.516517, -12.791493799999966 ], [ -38.5165186, -12.791491899999913 ], [ -38.516521199999936, -12.79149 ], [ -38.516524499999946, -12.791489399999932 ], [ -38.516527699999976, -12.791489399999943 ], [ -38.51653129999994, -12.791492299999966 ], [ -38.516535199999964, -12.791499899999963 ], [ -38.516552099999963, -12.791521099999944 ], [ -38.516567399999936, -12.791532499999956 ], [ -38.516571499999941, -12.791535699999942 ], [ -38.516575699999976, -12.791536599999969 ], [ -38.516579899999961, -12.791535299999952 ], [ -38.516585499999969, -12.791534399999925 ], [ -38.516589199999949, -12.791534399999938 ], [ -38.516592899999971, -12.79153669999994 ], [ -38.516598, -12.791537099999957 ], [ -38.516603099999941, -12.791535799999945 ], [ -38.516606799999984, -12.791529399999947 ], [ -38.516609599999981, -12.7915202 ], [ -38.516611699999942, -12.791511299999968 ], [ -38.516610599999979, -12.791499499999913 ], [ -38.516609299999971, -12.791495599999955 ], [ -38.516606699999954, -12.79149149999996 ], [ -38.516604, -12.791487 ], [ -38.516603, -12.791483399999946 ], [ -38.516605599999934, -12.791482499999974 ], [ -38.516607499999964, -12.791482499999967 ], [ -38.516609499999959, -12.791483199999947 ], [ -38.516610899999932, -12.7914848 ], [ -38.516614, -12.791488299999974 ], [ -38.516616799999959, -12.791494 ], [ -38.516620699999976, -12.791498 ], [ -38.516623599999946, -12.791498799999939 ], [ -38.516626199999955, -12.791498799999948 ], [ -38.516627699999951, -12.791498099999961 ], [ -38.516628799999978, -12.791496499999948 ], [ -38.516628499999968, -12.791493499999953 ], [ -38.516626399999957, -12.791488099999981 ], [ -38.516623599999953, -12.791478199999975 ], [ -38.516619399999975, -12.79147049999993 ], [ -38.516616499999941, -12.791463299999977 ], [ -38.516615, -12.791457899999962 ], [ -38.516615, -12.791451599999975 ], [ -38.516616499999948, -12.791443499999955 ], [ -38.516618299999948, -12.791438599999934 ], [ -38.51662059999996, -12.791436599999948 ], [ -38.516626499999973, -12.791435199999976 ], [ -38.516631199999949, -12.791432599999961 ], [ -38.516635099999981, -12.791429899999956 ], [ -38.516638399999977, -12.791429499999929 ], [ -38.516642399999967, -12.791428699999914 ], [ -38.516646299999934, -12.791428499999924 ], [ -38.516653899999945, -12.791427499999934 ], [ -38.516656399999931, -12.79142649999995 ], [ -38.516658899999989, -12.791424699999933 ], [ -38.516662299999957, -12.791420399999939 ], [ -38.51666419999998, -12.791418899999929 ], [ -38.51666639999997, -12.791418 ], [ -38.5166756, -12.791417599999914 ], [ -38.516682199999934, -12.791418599999925 ], [ -38.516687199999971, -12.791422399999934 ], [ -38.516688599999959, -12.791428199999936 ], [ -38.516688599999952, -12.79143389999995 ], [ -38.516688599999959, -12.791440899999934 ], [ -38.516690099999948, -12.79144639999992 ], [ -38.516694199999961, -12.791452499999945 ], [ -38.516696, -12.791454499999928 ], [ -38.516699799999977, -12.791455399999979 ], [ -38.516702799999969, -12.791455399999951 ], [ -38.516705099999967, -12.791454 ], [ -38.516709899999967, -12.791449599999954 ], [ -38.516719299999977, -12.791446499999951 ], [ -38.516729099999971, -12.791445599999962 ], [ -38.516734399999962, -12.791445899999934 ], [ -38.516736399999957, -12.791447599999971 ], [ -38.516737, -12.791449099999948 ], [ -38.516737599999942, -12.791451699999982 ], [ -38.516736099999946, -12.791454599999948 ], [ -38.516732599999962, -12.791457199999968 ], [ -38.516724899999929, -12.791460699999947 ], [ -38.516716599999931, -12.791464699999947 ], [ -38.516703599999971, -12.79147129999995 ], [ -38.516697699999959, -12.791473599999952 ], [ -38.516696, -12.791476099999933 ], [ -38.516695099999943, -12.791477799999944 ], [ -38.516694299999983, -12.791481899999958 ], [ -38.516694299999983, -12.791484799999974 ], [ -38.516695499999969, -12.791488899999939 ], [ -38.516698899999945, -12.791491399999932 ], [ -38.516704399999981, -12.791493899999974 ], [ -38.516716599999938, -12.791495199999934 ], [ -38.516751099999972, -12.79149609999997 ], [ -38.516771399999982, -12.791496499999933 ], [ -38.516797099999962, -12.791494499999921 ], [ -38.516810499999956, -12.791492399999981 ], [ -38.51681519999994, -12.791489399999927 ], [ -38.516822599999962, -12.791487499999944 ], [ -38.516829199999947, -12.791487799999965 ], [ -38.516833199999951, -12.791489499999948 ], [ -38.516839199999936, -12.79149369999992 ], [ -38.51684819999997, -12.791502599999939 ], [ -38.516856499999967, -12.791510499999942 ], [ -38.516867899999966, -12.791518699999916 ], [ -38.516882499999952, -12.79154 ], [ -38.516912299999944, -12.79158759999997 ], [ -38.516921899999943, -12.791607 ], [ -38.516930899999984, -12.79163689999997 ], [ -38.516934599999956, -12.791663699999962 ], [ -38.516935599999954, -12.791683199999978 ], [ -38.516932499999939, -12.791706799999934 ], [ -38.516930799999962, -12.791712199999939 ], [ -38.516924599999982, -12.79173109999992 ], [ -38.51691669999996, -12.7917553 ], [ -38.516908899999976, -12.79177 ], [ -38.516905799999961, -12.791784199999931 ], [ -38.516907599999968, -12.791792499999925 ], [ -38.516911199999981, -12.791799599999948 ], [ -38.516920299999988, -12.791805499999938 ], [ -38.516932299999951, -12.791811499999939 ], [ -38.5169413, -12.791819199999971 ], [ -38.516944899999942, -12.791825699999967 ], [ -38.516945499999963, -12.791835199999966 ], [ -38.516943099999935, -12.791845199999948 ], [ -38.516936399999963, -12.791853499999949 ], [ -38.516921399999951, -12.791862899999954 ], [ -38.516907499999945, -12.791869399999939 ], [ -38.516890599999947, -12.791874099999959 ], [ -38.516876699999955, -12.791875199999941 ], [ -38.51686349999995, -12.791871699999954 ], [ -38.516855, -12.791866899999956 ], [ -38.516845399999966, -12.791857399999968 ], [ -38.516826199999976, -12.791836699999978 ], [ -38.5168063, -12.791824299999989 ], [ -38.51678759999993, -12.791820699999965 ], [ -38.516755699999976, -12.791817699999951 ], [ -38.516734, -12.791817599999954 ], [ -38.516713299999942, -12.791822 ], [ -38.516630199999952, -12.791854299999958 ], [ -38.516601599999944, -12.791862899999957 ], [ -38.516563099999978, -12.791882199999971 ], [ -38.516542199999954, -12.791907 ], [ -38.516526799999951, -12.791932799999941 ], [ -38.516509199999966, -12.791979099999937 ], [ -38.516495899999946, -12.791994099999968 ], [ -38.516483799999953, -12.792017799999943 ], [ -38.51647719999994, -12.792043599999941 ], [ -38.516478199999938, -12.79206839999995 ], [ -38.516483699999981, -12.792091 ], [ -38.516489199999967, -12.792100699999931 ], [ -38.516508899999963, -12.792117699999945 ], [ -38.516514199999953, -12.792135 ], [ -38.516514099999945, -12.792145899999978 ], [ -38.516518799999965, -12.792162899999948 ], [ -38.516523499999948, -12.792186099999977 ], [ -38.516540899999939, -12.792211 ], [ -38.516566099999977, -12.79223729999994 ], [ -38.516597599999962, -12.792252899999939 ], [ -38.516621299999947, -12.792259099999963 ], [ -38.516671799999983, -12.792251499999949 ], [ -38.516686099999966, -12.792236 ], [ -38.516708199999975, -12.792211299999973 ], [ -38.51673679999994, -12.79216329999997 ], [ -38.516769199999942, -12.79211769999994 ], [ -38.516850599999941, -12.791984299999957 ], [ -38.516885199999933, -12.791944599999946 ], [ -38.516922699999952, -12.791928499999928 ], [ -38.517002299999945, -12.791893299999973 ], [ -38.51702789999996, -12.791881499999931 ], [ -38.517053399999952, -12.79188159999995 ], [ -38.517069899999967, -12.791887499999978 ], [ -38.517146399999952, -12.791945099999955 ], [ -38.517159799999952, -12.791958299999955 ], [ -38.517159799999945, -12.791961299999983 ], [ -38.517158299999949, -12.791970099999967 ], [ -38.517147799999982, -12.791976 ], [ -38.517108699999937, -12.792021599999957 ], [ -38.517105599999972, -12.792052499999954 ], [ -38.51709539999996, -12.792117699999958 ], [ -38.517095199999972, -12.792141899999912 ], [ -38.517101399999937, -12.792158299999928 ], [ -38.517120699999964, -12.792166099999969 ], [ -38.51713749999994, -12.792160899999942 ], [ -38.517149799999977, -12.792145399999976 ], [ -38.517161399999971, -12.792117699999945 ], [ -38.517181099999959, -12.792056799999946 ], [ -38.517206699999974, -12.792002299999982 ], [ -38.517229299999947, -12.791971499999935 ], [ -38.517253299999943, -12.791946499999936 ], [ -38.517277399999955, -12.791937699999954 ], [ -38.517298399999966, -12.791934799999988 ], [ -38.517314899999974, -12.791934799999977 ], [ -38.51733889999997, -12.791948099999962 ], [ -38.517371899999951, -12.791961399999936 ], [ -38.51742139999994, -12.791982099999915 ], [ -38.51749389999997, -12.791995499999919 ], [ -38.517511899999931, -12.791995499999944 ], [ -38.517525399999961, -12.79199989999994 ], [ -38.517538899999984, -12.792013199999936 ], [ -38.517549299999978, -12.792045599999938 ], [ -38.517549299999985, -12.792088299999936 ], [ -38.517549199999962, -12.792117699999944 ], [ -38.517543299999943, -12.792139099999929 ], [ -38.517533, -12.792163599999968 ], [ -38.517513399999984, -12.792185299999968 ], [ -38.517489799999964, -12.792222099999949 ], [ -38.517461499999968, -12.792254299999961 ], [ -38.517433299999944, -12.792286599999963 ], [ -38.517426499999942, -12.792293899999951 ], [ -38.517411099999947, -12.792303 ], [ -38.517398799999967, -12.792308 ], [ -38.51737849999995, -12.792313699999978 ], [ -38.517366499999987, -12.79231869999996 ], [ -38.517356099999972, -12.79232509999998 ], [ -38.517352, -12.792333499999932 ], [ -38.517352, -12.792341599999933 ], [ -38.517354399999931, -12.792349 ], [ -38.517392799999982, -12.792432899999936 ], [ -38.517399199999936, -12.792454099999931 ], [ -38.517405199999985, -12.792477399999935 ], [ -38.517411699999961, -12.792500799999964 ], [ -38.517436599999947, -12.792582899999971 ], [ -38.517446099999972, -12.792603599999945 ], [ -38.517459, -12.792622299999939 ], [ -38.517473699999975, -12.792638099999984 ], [ -38.517498299999943, -12.792668799999928 ], [ -38.517502199999967, -12.792681499999956 ], [ -38.517502599999951, -12.792698499999966 ], [ -38.517502099999952, -12.79271289999997 ], [ -38.51749429999996, -12.792743599999945 ], [ -38.517490299999977, -12.792756699999908 ], [ -38.517482099999938, -12.792767299999976 ], [ -38.517473, -12.792772 ], [ -38.517463099999937, -12.792776199999926 ], [ -38.517450499999939, -12.79278 ], [ -38.517369899999956, -12.792786599999959 ], [ -38.517318399999965, -12.79279589999993 ], [ -38.517285099999981, -12.792806899999954 ], [ -38.517255199999965, -12.792819499999945 ], [ -38.517220699999939, -12.792839499999957 ], [ -38.517183, -12.792885599999966 ], [ -38.517164199999975, -12.7929086 ], [ -38.517154699999928, -12.792954699999937 ], [ -38.517126299999973, -12.793014599999927 ], [ -38.517093399999972, -12.793028299999941 ], [ -38.517018199999946, -12.793023599999968 ], [ -38.516976, -12.792986599999947 ], [ -38.516929099999977, -12.792945 ], [ -38.516877399999942, -12.792894199999989 ], [ -38.516821099999966, -12.792884899999933 ], [ -38.516769299999964, -12.792926299999978 ], [ -38.516750399999978, -12.792981599999969 ], [ -38.516750299999956, -12.793036899999946 ], [ -38.516750099999967, -12.793101499999976 ], [ -38.516764099999932, -12.793179899999931 ], [ -38.516825099999956, -12.79324919999994 ], [ -38.5169236, -12.793332399999935 ], [ -38.5171041, -12.793569099999957 ], [ -38.517238, -12.7937272 ], [ -38.517358499999936, -12.793826099999947 ], [ -38.517593, -12.79398449999996 ], [ -38.517727, -12.794037399999977 ], [ -38.517908, -12.794083799999957 ], [ -38.518048699999952, -12.794149799999948 ], [ -38.518202799999983, -12.794229 ], [ -38.518323399999936, -12.794308199999939 ], [ -38.518403699999965, -12.794400499999947 ], [ -38.518470599999951, -12.794512499999955 ], [ -38.51856429999998, -12.79461129999993 ], [ -38.518698299999983, -12.794703699999969 ], [ -38.518865799999958, -12.794802699999952 ], [ -38.518946099999937, -12.7949015 ], [ -38.51907319999998, -12.795053099999961 ], [ -38.519243899999935, -12.79512819999996 ], [ -38.519386599999962, -12.79518909999995 ], [ -38.51951969999994, -12.7952314 ], [ -38.519591, -12.795301499999939 ], [ -38.519839199999979, -12.795448599999924 ], [ -38.520057899999983, -12.795584399999935 ], [ -38.520219299999951, -12.795743399999941 ], [ -38.520385499999982, -12.795925799999951 ], [ -38.520447199999978, -12.7960472 ], [ -38.520508799999952, -12.796140699999965 ], [ -38.520613499999968, -12.796164199999978 ], [ -38.520794299999977, -12.796169199999957 ], [ -38.520917899999965, -12.7962161 ], [ -38.52101289999996, -12.79629569999998 ], [ -38.521112699999954, -12.796393899999938 ], [ -38.521188699999982, -12.796454699999966 ], [ -38.521207599999968, -12.796520099999949 ], [ -38.521207499999946, -12.796580799999969 ], [ -38.52120739999998, -12.796641399999931 ], [ -38.52123579999995, -12.796711499999969 ], [ -38.521207199999935, -12.796748799999921 ], [ -38.52115949999996, -12.796800099999931 ], [ -38.521168899999964, -12.796870099999987 ], [ -38.521202, -12.796949499999922 ], [ -38.521263699999956, -12.797029 ], [ -38.521341599999978, -12.79705169999994 ], [ -38.52140779999997, -12.797065699999962 ], [ -38.521481099999967, -12.797096 ], [ -38.521516499999962, -12.797144799999954 ], [ -38.521533, -12.797207499999965 ], [ -38.521561199999958, -12.797258599999951 ], [ -38.521632599999982, -12.797301399999965 ], [ -38.52168689999997, -12.797345599999966 ], [ -38.521724699999929, -12.797399 ], [ -38.521764699999949, -12.79750359999996 ], [ -38.521788299999976, -12.797529099999949 ], [ -38.521826099999934, -12.797554699999967 ], [ -38.521897099999926, -12.79755479999994 ], [ -38.522055599999938, -12.797545899999934 ], [ -38.522124199999951, -12.797562199999962 ], [ -38.522176199999933, -12.797594799999969 ], [ -38.52221389999994, -12.797662199999937 ], [ -38.522232699999961, -12.797752699999934 ], [ -38.522249099999954, -12.797820099999957 ], [ -38.522338699999985, -12.797996099999988 ], [ -38.522382399999977, -12.798075699999959 ], [ -38.522392399999951, -12.79815849999993 ], [ -38.522392299999986, -12.798228 ], [ -38.522371899999946, -12.798290899999925 ], [ -38.522324499999961, -12.798350399999942 ], [ -38.52227709999994, -12.798416599999927 ], [ -38.522243199999942, -12.798489399999937 ], [ -38.522243099999969, -12.798549 ], [ -38.52227, -12.798608599999984 ], [ -38.522293499999932, -12.798668299999974 ], [ -38.522293499999932, -12.798718 ], [ -38.522283199999947, -12.798784199999961 ], [ -38.522252699999967, -12.798843699999951 ], [ -38.522232299999985, -12.79890659999996 ], [ -38.522235599999938, -12.798959599999936 ], [ -38.522255799999975, -12.798999399999957 ], [ -38.522360399999968, -12.799032699999934 ], [ -38.522427899999968, -12.799009599999984 ], [ -38.522495599999957, -12.798920299999962 ], [ -38.522556899999984, -12.798816599999936 ], [ -38.52261979999998, -12.798698599999964 ], [ -38.52264409999998, -12.798556899999927 ], [ -38.522663599999937, -12.798453 ], [ -38.522683, -12.798391599999954 ], [ -38.52276, -12.798387 ], [ -38.522827499999948, -12.798387099999946 ], [ -38.522948, -12.798340099999949 ], [ -38.522972199999977, -12.798283399999969 ], [ -38.522991599999955, -12.798212599999935 ], [ -38.52297729999998, -12.798108599999983 ], [ -38.522963, -12.798018799999978 ], [ -38.522939099999981, -12.797914799999951 ], [ -38.522963399999973, -12.79781559999997 ], [ -38.523011599999961, -12.797796799999952 ], [ -38.523108399999963, -12.797807299999912 ], [ -38.5231697, -12.797837499999941 ], [ -38.523234799999955, -12.797867699999918 ], [ -38.523311299999939, -12.797905399999925 ], [ -38.523445399999972, -12.797924499999958 ], [ -38.523567899999939, -12.797966 ], [ -38.523633, -12.798003699999986 ], [ -38.52368649999994, -12.798056499999984 ], [ -38.523816599999982, -12.798192 ], [ -38.524008199999962, -12.79817359999992 ], [ -38.524100199999971, -12.798143699999978 ], [ -38.524215099999928, -12.798132599999983 ], [ -38.524264899999942, -12.7981703 ], [ -38.524264699999954, -12.798249199999914 ], [ -38.524226299999953, -12.79830169999998 ], [ -38.524088299999953, -12.798350399999952 ], [ -38.523992499999956, -12.798361499999935 ], [ -38.523862099999974, -12.798398799999964 ], [ -38.523793099999978, -12.798458799999935 ], [ -38.523723899999936, -12.798571499999976 ], [ -38.523628099999947, -12.798552499999966 ], [ -38.523574599999954, -12.798481 ], [ -38.52350569999993, -12.798435799999929 ], [ -38.523402199999971, -12.798476899999974 ], [ -38.523371399999981, -12.798544499999931 ], [ -38.523375099999953, -12.798634699999987 ], [ -38.523413299999959, -12.798683699999977 ], [ -38.523489799999929, -12.798785299999972 ], [ -38.523478199999943, -12.798841599999951 ], [ -38.523474099999937, -12.798939399999925 ], [ -38.523504599999967, -12.799044599999949 ], [ -38.523562, -12.799101099999969 ], [ -38.523646199999966, -12.799120099999982 ], [ -38.52375739999998, -12.799090199999952 ], [ -38.523849399999953, -12.799052799999973 ], [ -38.523841899999979, -12.798992599999965 ], [ -38.523819, -12.798924899999987 ], [ -38.523811499999965, -12.798853499999959 ], [ -38.523830799999985, -12.798759599999944 ], [ -38.523876899999962, -12.798699499999923 ], [ -38.523961299999939, -12.798662099999943 ], [ -38.524034099999945, -12.798628399999924 ], [ -38.52413, -12.798606 ], [ -38.524198899999938, -12.79862869999994 ], [ -38.524210299999943, -12.798673799999968 ], [ -38.524202499999944, -12.798730199999964 ], [ -38.524183199999982, -12.798801599999919 ], [ -38.52420989999996, -12.798873 ], [ -38.524263399999938, -12.798952099999957 ], [ -38.52434, -12.799004799999972 ], [ -38.524428099999959, -12.799016199999926 ], [ -38.524512399999942, -12.798990099999957 ], [ -38.52462369999995, -12.798903799999952 ], [ -38.524685199999965, -12.798806199999948 ], [ -38.524921299999967, -12.798509299999958 ], [ -38.524959799999969, -12.798426599999956 ], [ -38.52504829999998, -12.79823509999996 ], [ -38.525186299999973, -12.798160199999927 ], [ -38.525259199999944, -12.798145299999939 ], [ -38.525316599999947, -12.798167899999955 ], [ -38.525354799999945, -12.798205599999957 ], [ -38.525381599999953, -12.798254499999924 ], [ -38.525389099999984, -12.798329699999963 ], [ -38.525392799999963, -12.798397399999937 ], [ -38.525392599999982, -12.798472499999937 ], [ -38.525392499999953, -12.798532699999946 ], [ -38.5254116, -12.798596599999934 ], [ -38.525503399999934, -12.798671899999942 ], [ -38.52558, -12.798672099999969 ], [ -38.525641299999961, -12.798702299999951 ], [ -38.525691, -12.798755 ], [ -38.525713799999956, -12.798833899999975 ], [ -38.525748199999953, -12.798879099999947 ], [ -38.525775, -12.798913 ], [ -38.525897599999958, -12.798932 ], [ -38.52595139999994, -12.798826799999986 ], [ -38.525955299999964, -12.798766699999923 ], [ -38.52594019999998, -12.798653899999977 ], [ -38.525948099999937, -12.798552499999975 ], [ -38.525982799999959, -12.798439799999928 ], [ -38.526002099999971, -12.798349599999922 ], [ -38.526044399999932, -12.798282 ], [ -38.526117199999931, -12.798244599999986 ], [ -38.52622839999998, -12.798210899999946 ], [ -38.526305, -12.798207299999934 ], [ -38.526416199999979, -12.798207499999931 ], [ -38.526527299999948, -12.798196399999938 ], [ -38.52665379999997, -12.798162799999929 ], [ -38.526784199999959, -12.798102899999948 ], [ -38.526876299999969, -12.798039199999938 ], [ -38.527060299999967, -12.797983099999948 ], [ -38.527225499999929, -12.797929299999948 ], [ -38.527353, -12.79788769999994 ], [ -38.52747009999996, -12.797861099999981 ], [ -38.527569799999981, -12.797821 ], [ -38.527663499999967, -12.797782899999957 ], [ -38.527790499999973, -12.79774289999995 ], [ -38.527959399999929, -12.79770659999997 ], [ -38.528162499999958, -12.797657199999955 ], [ -38.528244599999937, -12.797613299999973 ], [ -38.528295399999948, -12.797607599999933 ], [ -38.528336299999978, -12.797624899999946 ], [ -38.528351899999969, -12.79765369999995 ], [ -38.528392899999979, -12.797676799999975 ], [ -38.528439699999979, -12.797678699999967 ], [ -38.528486599999951, -12.797659699999947 ], [ -38.528515899999945, -12.797632899999931 ], [ -38.528555, -12.797613799999978 ], [ -38.528586199999957, -12.797621599999966 ], [ -38.528595899999978, -12.797640699999928 ], [ -38.52860759999993, -12.797658 ], [ -38.528644699999973, -12.797669499999921 ], [ -38.528681799999958, -12.797665799999939 ], [ -38.528722799999969, -12.797660099999982 ], [ -38.52878329999993, -12.797648699999954 ], [ -38.528830199999966, -12.797635399999942 ], [ -38.528924, -12.797599199999961 ], [ -38.529022699999985, -12.797558699999968 ], [ -38.529093099999955, -12.797534 ], [ -38.529192699999953, -12.797520699999948 ], [ -38.529278599999941, -12.797509399999981 ], [ -38.529405499999946, -12.797496199999943 ], [ -38.529520699999985, -12.797494499999969 ], [ -38.529624199999937, -12.797475599999938 ], [ -38.529688599999936, -12.79746419999997 ], [ -38.529776499999969, -12.797437499999928 ], [ -38.529835099999957, -12.797405099999926 ], [ -38.529889799999971, -12.797372599999964 ], [ -38.529950399999962, -12.797319099999969 ], [ -38.53012229999996, -12.79725619999995 ], [ -38.530332199999975, -12.797202699999946 ], [ -38.530449299999937, -12.797179899999943 ], [ -38.530543099999925, -12.79717239999996 ], [ -38.530630899999949, -12.797166799999946 ], [ -38.530732399999977, -12.797168899999978 ], [ -38.530892499999936, -12.797178799999941 ], [ -38.530982199999983, -12.797186599999971 ], [ -38.531062299999974, -12.797202099999938 ], [ -38.531118899999967, -12.797206 ], [ -38.531191099999944, -12.797217599999934 ], [ -38.531237899999951, -12.797240699999973 ], [ -38.531257299999936, -12.797271299999966 ], [ -38.531278699999973, -12.797305899999962 ], [ -38.531300199999983, -12.797342299999952 ], [ -38.531376299999977, -12.797309899999954 ], [ -38.531378399999937, -12.797280399999975 ], [ -38.531372599999941, -12.797245899999954 ], [ -38.531357, -12.797226699999971 ], [ -38.531325899999963, -12.797176899999956 ], [ -38.531325899999956, -12.797148099999973 ], [ -38.531335799999965, -12.79711559999992 ], [ -38.531357299999975, -12.797077299999968 ], [ -38.531353399999944, -12.797050499999949 ], [ -38.531335899999924, -12.79702749999997 ], [ -38.531314499999951, -12.796998699999978 ], [ -38.531310699999942, -12.796956599999925 ], [ -38.531338099999978, -12.7969184 ], [ -38.531377099999929, -12.796905 ], [ -38.531422099999929, -12.796891699999964 ], [ -38.531460699999968, -12.796849 ], [ -38.531528399999956, -12.796794499999976 ], [ -38.531683499999936, -12.79671679999996 ], [ -38.53180679999997, -12.796662499999965 ], [ -38.53188229999995, -12.796670399999986 ], [ -38.531945899999982, -12.796693899999969 ], [ -38.531985499999955, -12.796736899999921 ], [ -38.532037099999968, -12.796795399999931 ], [ -38.532084699999984, -12.796861799999922 ], [ -38.532140199999951, -12.796943799999957 ], [ -38.532215599999979, -12.7969907 ], [ -38.532306899999988, -12.797053199999921 ], [ -38.532402199999986, -12.797092399999938 ], [ -38.532497499999977, -12.797135499999973 ], [ -38.532604799999945, -12.797143399999987 ], [ -38.532759899999981, -12.797108599999941 ], [ -38.532863199999952, -12.797108799999943 ], [ -38.53296249999994, -12.797132399999958 ], [ -38.533022, -12.79717539999997 ], [ -38.533049799999965, -12.797218299999953 ], [ -38.533097399999981, -12.797269099999939 ], [ -38.533200599999937, -12.797316099999934 ], [ -38.533315899999927, -12.797320199999945 ], [ -38.533482899999974, -12.7972698 ], [ -38.533590199999935, -12.797258299999948 ], [ -38.533717399999951, -12.797258499999931 ], [ -38.533788899999927, -12.7972703 ], [ -38.533848499999984, -12.797270399999956 ], [ -38.533963899999947, -12.797235499999937 ], [ -38.534039499999949, -12.797153799999927 ], [ -38.534100399999943, -12.797047699999961 ], [ -38.534180099999958, -12.796926899999965 ], [ -38.534263699999933, -12.796856899999955 ], [ -38.534355199999943, -12.796837599999952 ], [ -38.534418699999954, -12.796865 ], [ -38.534454399999966, -12.796900099999979 ], [ -38.534486099999981, -12.796950899999969 ], [ -38.534553599999974, -12.796997799999934 ], [ -38.534656899999966, -12.79702919999994 ], [ -38.534788, -12.797041099999955 ], [ -38.534923199999973, -12.797033499999952 ], [ -38.53507419999994, -12.797029899999924 ], [ -38.535197299999936, -12.797057399999964 ], [ -38.535320499999962, -12.797069299999974 ], [ -38.535427899999945, -12.79706169999997 ], [ -38.535551099999964, -12.797038499999923 ], [ -38.535658499999947, -12.796984099999968 ], [ -38.535789799999982, -12.796925899999973 ], [ -38.535952899999984, -12.796844299999982 ], [ -38.53605639999995, -12.796739199999916 ], [ -38.536072599999947, -12.796544299999944 ], [ -38.536045199999933, -12.796345399999952 ], [ -38.535966, -12.796197099999986 ], [ -38.5357954, -12.796021399999955 ], [ -38.535716099999945, -12.795935499999942 ], [ -38.535672499999968, -12.795837899999986 ], [ -38.535672699999964, -12.795717 ], [ -38.535697099999936, -12.795678899999929 ], [ -38.535732499999945, -12.79562359999993 ], [ -38.535768499999968, -12.795526199999909 ], [ -38.535768699999949, -12.795424799999964 ], [ -38.535701399999944, -12.795260899999947 ], [ -38.535570699999944, -12.795051399999981 ], [ -38.535463499999935, -12.794981 ], [ -38.535376099999944, -12.794957499999942 ], [ -38.535256899999986, -12.794957299999954 ], [ -38.535125699999988, -12.794957099999969 ], [ -38.534958799999963, -12.794945099999964 ], [ -38.53488739999996, -12.794886499999956 ], [ -38.534867599999984, -12.794824 ], [ -38.534879699999969, -12.7947344 ], [ -38.534891799999968, -12.794648599999947 ], [ -38.534931599999936, -12.794590199999945 ] ] ], [ [ [ -38.651901599999974, -12.764204499999957 ], [ -38.651901399999929, -12.764343099999978 ], [ -38.651901199999941, -12.764432299999953 ], [ -38.651901, -12.764610499999959 ], [ -38.651921, -12.764719499999956 ], [ -38.651951, -12.764907699999975 ], [ -38.6517894, -12.765056099999965 ], [ -38.651688299999932, -12.76519459999998 ], [ -38.651577099999948, -12.765362799999931 ], [ -38.651566599999974, -12.765620299999961 ], [ -38.651576499999976, -12.765759 ], [ -38.651495599999976, -12.7659174 ], [ -38.651485499999986, -12.765937199999945 ], [ -38.651315299999965, -12.766022599999932 ], [ -38.651168899999966, -12.766122899999974 ], [ -38.651066399999927, -12.766208899999988 ], [ -38.650905399999942, -12.766266099999926 ], [ -38.650846899999983, -12.766266 ], [ -38.650729799999972, -12.766366399999974 ], [ -38.650671299999949, -12.766380699999955 ], [ -38.650568799999981, -12.766437899999962 ], [ -38.650503, -12.766466599999944 ], [ -38.650488199999984, -12.766531099999957 ], [ -38.6504882, -12.766595699999966 ], [ -38.650576, -12.766567099999978 ], [ -38.650656499999961, -12.766509799999932 ], [ -38.650685699999947, -12.76650989999996 ], [ -38.650744199999963, -12.76653869999994 ], [ -38.650846599999966, -12.766538799999967 ], [ -38.650927099999933, -12.766495799999968 ], [ -38.650993, -12.766424099999934 ], [ -38.651044199999951, -12.76638109999992 ], [ -38.651088099999988, -12.766381199999959 ], [ -38.6511685, -12.766402799999986 ], [ -38.651263499999978, -12.766453199999933 ], [ -38.651343799999957, -12.766525099999958 ], [ -38.651417, -12.766539499999972 ], [ -38.65148279999994, -12.766525299999946 ], [ -38.651526599999954, -12.766546899999973 ], [ -38.651570499999941, -12.766561299999966 ], [ -38.651621699999964, -12.766582899999936 ], [ -38.651665499999986, -12.766618799999947 ], [ -38.651797099999953, -12.766597499999925 ], [ -38.651877599999985, -12.766576 ], [ -38.651914199999972, -12.766547399999983 ], [ -38.651965399999938, -12.766525899999975 ], [ -38.652053199999948, -12.766526 ], [ -38.652140899999957, -12.766533299999935 ], [ -38.652170299999973, -12.766432899999918 ], [ -38.65228, -12.766404299999973 ], [ -38.652345899999951, -12.766404399999947 ], [ -38.652419, -12.766426 ], [ -38.652550699999949, -12.766354399999953 ], [ -38.652660399999952, -12.766304299999954 ], [ -38.652762799999948, -12.766290099999923 ], [ -38.652865299999974, -12.766247199999951 ], [ -38.652916499999954, -12.766240099999948 ], [ -38.652996899999955, -12.766240199999954 ], [ -38.653048099999985, -12.766240199999965 ], [ -38.653143199999924, -12.766226 ], [ -38.653143299999954, -12.766161399999945 ], [ -38.653114099999982, -12.766089599999928 ], [ -38.653136099999983, -12.766046499999947 ], [ -38.653187199999941, -12.766118399999989 ], [ -38.653216399999963, -12.766161499999939 ], [ -38.653216299999947, -12.766211699999939 ], [ -38.65321629999994, -12.766269199999956 ], [ -38.653282, -12.766290799999979 ], [ -38.65337709999995, -12.766290899999939 ], [ -38.653472199999953, -12.766305399999975 ], [ -38.653552499999932, -12.766370099999945 ], [ -38.653757299999945, -12.76637039999996 ], [ -38.653808499999968, -12.766363199999958 ], [ -38.653918199999964, -12.76636339999995 ], [ -38.653998499999943, -12.76640659999997 ], [ -38.654056899999944, -12.766471199999961 ], [ -38.654122699999974, -12.766521599999985 ], [ -38.654239599999968, -12.766629399999957 ], [ -38.654393099999936, -12.766629599999927 ], [ -38.654444299999966, -12.766665499999936 ], [ -38.654444199999951, -12.766723 ], [ -38.654444, -12.766880899999933 ], [ -38.654473199999984, -12.766924 ], [ -38.65459739999995, -12.76694569999996 ], [ -38.654692499999953, -12.766967299999987 ], [ -38.654802199999949, -12.766967499999961 ], [ -38.654926599999961, -12.766910199999934 ], [ -38.654868199999953, -12.766831199999967 ], [ -38.654831699999924, -12.766773699999922 ], [ -38.654897599999963, -12.766680499999934 ], [ -38.654978099999937, -12.766687799999925 ], [ -38.655021899999959, -12.766738099999946 ], [ -38.655043799999923, -12.766766799999967 ], [ -38.655124299999962, -12.766731 ], [ -38.655321799999967, -12.766630799999977 ], [ -38.655285399999975, -12.766501599999952 ], [ -38.6552344, -12.766386599999963 ], [ -38.655307699999987, -12.766236 ], [ -38.655300599999975, -12.766121199999933 ], [ -38.655234899999975, -12.76604209999994 ], [ -38.655176399999959, -12.76603489999996 ], [ -38.655081299999949, -12.766049099999965 ], [ -38.655030199999942, -12.765955699999957 ], [ -38.654986499999957, -12.765876699999968 ], [ -38.65497919999995, -12.765812099999934 ], [ -38.655103699999977, -12.76574049999995 ], [ -38.655198699999978, -12.765747799999918 ], [ -38.65526459999996, -12.765661699999951 ], [ -38.655264799999948, -12.765532499999953 ], [ -38.655272299999986, -12.765439199999944 ], [ -38.655279699999937, -12.76537469999993 ], [ -38.655257899999988, -12.765245399999957 ], [ -38.655206799999981, -12.765180799999928 ], [ -38.655119199999945, -12.765065799999952 ], [ -38.655053399999922, -12.7650298 ], [ -38.65492919999997, -12.764986599999917 ], [ -38.654856099999968, -12.76497209999995 ], [ -38.654724399999964, -12.76499349999996 ], [ -38.654680399999961, -12.765065199999977 ], [ -38.654636399999966, -12.765158499999931 ], [ -38.654570499999984, -12.765244499999945 ], [ -38.654519299999947, -12.765251599999937 ], [ -38.654438899999946, -12.765244399999968 ], [ -38.654387799999938, -12.765194 ], [ -38.654387799999938, -12.76513659999994 ], [ -38.654417199999955, -12.765079199999946 ], [ -38.654344099999946, -12.765028899999958 ], [ -38.654307599999981, -12.764949899999975 ], [ -38.654307799999977, -12.764856599999964 ], [ -38.6543152, -12.764741799999985 ], [ -38.654271499999943, -12.764634 ], [ -38.65424239999993, -12.764540699999934 ], [ -38.65423519999996, -12.764433 ], [ -38.654286599999978, -12.764318199999934 ], [ -38.654359799999952, -12.764239399999962 ], [ -38.654454899999969, -12.764189299999931 ], [ -38.654550099999938, -12.764132 ], [ -38.654707, -12.764000099999979 ], [ -38.654838499999983, -12.763752699999927 ], [ -38.654838799999929, -12.763524899999929 ], [ -38.654738099999975, -12.76335639999998 ], [ -38.654627499999954, -12.763128499999942 ], [ -38.654577199999949, -12.763019499999922 ], [ -38.654486299999981, -12.763019299999945 ], [ -38.654405399999973, -12.763177699999982 ], [ -38.654344699999974, -12.763266799999936 ], [ -38.654254099999946, -12.763128 ], [ -38.65414339999996, -12.7629 ], [ -38.65398219999998, -12.76277109999994 ], [ -38.653871399999964, -12.762622399999945 ], [ -38.653679799999971, -12.762513199999928 ], [ -38.653558699999955, -12.762513 ], [ -38.653387299999963, -12.762433499999929 ], [ -38.653306799999946, -12.762275 ], [ -38.653256499999948, -12.762116399999972 ], [ -38.653135499999955, -12.762046899999973 ], [ -38.652994499999984, -12.761898199999958 ], [ -38.652792899999952, -12.761739499999965 ], [ -38.652722499999989, -12.761561099999929 ], [ -38.652632099999956, -12.761234099999964 ], [ -38.652632299999937, -12.761115299999958 ], [ -38.652672799999955, -12.761016299999941 ], [ -38.65276369999998, -12.760907499999968 ], [ -38.652844499999965, -12.760858099999954 ], [ -38.653066699999961, -12.760749399999968 ], [ -38.653087, -12.76065039999998 ], [ -38.653056899999967, -12.760551299999968 ], [ -38.652855099999954, -12.760481699999973 ], [ -38.652471799999944, -12.760451499999933 ], [ -38.65236079999994, -12.760401799999959 ], [ -38.652058199999942, -12.760371699999956 ], [ -38.651916899999947, -12.760341799999923 ], [ -38.651745399999982, -12.76035149999996 ], [ -38.65156369999994, -12.760400799999976 ], [ -38.651493, -12.760450199999982 ], [ -38.651331399999947, -12.76057869999995 ], [ -38.651240399999956, -12.760717299999948 ], [ -38.651220099999925, -12.760776699999953 ], [ -38.651159299999961, -12.760935099999912 ], [ -38.651038, -12.761083499999931 ], [ -38.650926699999957, -12.761330899999955 ], [ -38.650896199999977, -12.761499299999979 ], [ -38.650815299999977, -12.761647699999976 ], [ -38.650815099999932, -12.761816099999976 ], [ -38.650814799999985, -12.761974599999965 ], [ -38.650824699999937, -12.762113199999916 ], [ -38.650743899999952, -12.762192399999929 ], [ -38.650834599999932, -12.762291499999932 ], [ -38.650834299999929, -12.762469799999971 ], [ -38.650834, -12.762687699999965 ], [ -38.650773299999969, -12.76284609999993 ], [ -38.650712699999929, -12.762885599999965 ], [ -38.650662199999942, -12.762915299999989 ], [ -38.650641899999982, -12.762974699999972 ], [ -38.650551099999973, -12.762994399999986 ], [ -38.650581199999976, -12.763083499999937 ], [ -38.65063159999994, -12.763133099999951 ], [ -38.650661799999973, -12.763172799999932 ], [ -38.650742499999986, -12.763232299999965 ], [ -38.650782699999986, -12.763321499999945 ], [ -38.650863399999928, -12.763351299999947 ], [ -38.650923899999952, -12.763371199999932 ], [ -38.651095399999981, -12.763391199999946 ], [ -38.651206399999978, -12.763401299999947 ], [ -38.651327399999957, -12.763441099999968 ], [ -38.651448399999936, -12.763560099999941 ], [ -38.651468499999964, -12.763629399999942 ], [ -38.651468399999949, -12.76368889999998 ], [ -38.651548899999966, -12.763797899999931 ], [ -38.651589199999933, -12.763877199999955 ], [ -38.651659699999975, -12.763946599999951 ], [ -38.6517, -12.763996199999955 ], [ -38.651811, -12.764036 ], [ -38.651881499999945, -12.764125199999977 ], [ -38.651901599999974, -12.764204499999957 ] ] ], [ [ [ -38.638681899999938, -12.757375699999937 ], [ -38.638683799999967, -12.757421699999949 ], [ -38.638701299999987, -12.75746 ], [ -38.638703199999945, -12.757484799999917 ], [ -38.638683599999972, -12.75751929999995 ], [ -38.638685499999951, -12.757555599999932 ], [ -38.638666, -12.757592 ], [ -38.638648399999965, -12.757624499999961 ], [ -38.638638599999986, -12.757662799999936 ], [ -38.638669799999953, -12.757685799999932 ], [ -38.638673599999954, -12.757714499999949 ], [ -38.638642299999958, -12.757779499999966 ], [ -38.638620799999956, -12.75781009999997 ], [ -38.638613, -12.757850299999982 ], [ -38.638589499999973, -12.75789239999993 ], [ -38.638572, -12.757892399999953 ], [ -38.638534799999938, -12.757953599999952 ], [ -38.638530899999971, -12.757997599999946 ], [ -38.638571799999973, -12.7580091 ], [ -38.638603, -12.758011099999976 ], [ -38.638614699999941, -12.758036 ], [ -38.638508799999961, -12.75844159999996 ], [ -38.638502799999976, -12.758525799999955 ], [ -38.638473499999982, -12.758596599999978 ], [ -38.638457799999969, -12.758654 ], [ -38.638455699999952, -12.758738199999971 ], [ -38.638467399999975, -12.758766899999957 ], [ -38.638436099999986, -12.758791799999923 ], [ -38.638420499999938, -12.75883 ], [ -38.6383795, -12.758862499999966 ], [ -38.638371599999971, -12.758906499999966 ], [ -38.638393, -12.758944799999924 ], [ -38.638404699999974, -12.758979299999964 ], [ -38.638424199999974, -12.758996599999922 ], [ -38.638338299999923, -12.759025199999947 ], [ -38.6383345, -12.758983 ], [ -38.638291599999945, -12.758990599999947 ], [ -38.638287499999926, -12.759138 ], [ -38.638386899999951, -12.759128599999942 ], [ -38.638410299999975, -12.759128599999961 ], [ -38.638425899999966, -12.759143899999948 ], [ -38.638418099999967, -12.759165 ], [ -38.638377099999957, -12.759191699999976 ], [ -38.638392699999947, -12.759201299999964 ], [ -38.638423899999964, -12.759203299999969 ], [ -38.638413799999967, -12.759431 ], [ -38.638396199999939, -12.75945779999995 ], [ -38.638365, -12.759471199999966 ], [ -38.638376599999951, -12.759511399999962 ], [ -38.638394099999971, -12.759547799999948 ], [ -38.638435, -12.759584199999964 ], [ -38.638456399999932, -12.759607199999936 ], [ -38.638446599999959, -12.759660799999956 ], [ -38.638454299999985, -12.759702899999963 ], [ -38.638466, -12.759731599999959 ], [ -38.638475699999958, -12.759769899999974 ], [ -38.638521399999945, -12.759881 ], [ -38.638526099999986, -12.759991 ], [ -38.63853569999997, -12.760105899999919 ], [ -38.638623399999972, -12.7601347 ], [ -38.638672099999951, -12.760153899999972 ], [ -38.638657299999977, -12.760287899999982 ], [ -38.638676699999962, -12.760383599999948 ], [ -38.63873029999997, -12.760402899999967 ], [ -38.638813099999936, -12.760393399999954 ], [ -38.63884719999993, -12.760431699999982 ], [ -38.638725199999961, -12.760560799999965 ], [ -38.638715299999951, -12.760656399999966 ], [ -38.63857859999996, -12.760761499999932 ], [ -38.638485899999971, -12.760857099999944 ], [ -38.638368699999951, -12.760952599999943 ], [ -38.638246699999975, -12.7610577 ], [ -38.63813939999995, -12.761115 ], [ -38.638007699999946, -12.761172299999942 ], [ -38.637959, -12.761143499999935 ], [ -38.637895699999945, -12.761086 ], [ -38.6377591, -12.761152799999936 ], [ -38.637647, -12.761119099999977 ], [ -38.637583699999929, -12.761066399999944 ], [ -38.637496, -12.761028 ], [ -38.637413099999947, -12.761023099999933 ], [ -38.637286299999978, -12.761061199999958 ], [ -38.637242299999969, -12.761123399999978 ], [ -38.637183799999946, -12.761156799999979 ], [ -38.637047199999984, -12.761199699999956 ], [ -38.636969499999964, -12.761012899999972 ], [ -38.636896499999978, -12.760931499999964 ], [ -38.636803899999961, -12.760902599999939 ], [ -38.636686899999972, -12.76089769999993 ], [ -38.636560099999947, -12.760964499999934 ], [ -38.636452599999984, -12.761136599999931 ], [ -38.636403599999937, -12.76130879999994 ], [ -38.636447099999941, -12.761576899999969 ], [ -38.636480799999958, -12.761849699999969 ], [ -38.636538899999948, -12.76210329999998 ], [ -38.636655699999942, -12.762271 ], [ -38.636718899999948, -12.762362 ], [ -38.636757899999971, -12.762405099999949 ], [ -38.6367724, -12.762505599999933 ], [ -38.636772199999946, -12.762639599999943 ], [ -38.636747599999985, -12.762773499999971 ], [ -38.636698699999954, -12.762878799999942 ], [ -38.636747399999933, -12.7629123 ], [ -38.636766799999982, -12.763017599999952 ], [ -38.63671769999997, -12.763209 ], [ -38.636600499999929, -12.763352299999951 ], [ -38.636566199999947, -12.763505399999925 ], [ -38.63648789999997, -12.763715899999969 ], [ -38.636399799999943, -12.763964599999932 ], [ -38.636394499999945, -12.764213399999978 ], [ -38.636423599999944, -12.764357 ], [ -38.636535399999957, -12.764562899999927 ], [ -38.6365742, -12.764711299999933 ], [ -38.636642299999949, -12.764807099999919 ], [ -38.636705699999943, -12.764845399999954 ], [ -38.636783599999937, -12.764888599999946 ], [ -38.636944499999977, -12.764898399999923 ], [ -38.637100499999974, -12.764884299999938 ], [ -38.63726139999995, -12.764860599999952 ], [ -38.637373499999967, -12.76485109999992 ], [ -38.637607699999933, -12.764765299999972 ], [ -38.637739399999923, -12.7646602 ], [ -38.63772, -12.764607599999959 ], [ -38.637661599999952, -12.764521399999987 ], [ -38.637803099999985, -12.764440199999976 ], [ -38.637925099999961, -12.764349499999968 ], [ -38.638066499999987, -12.764349699999974 ], [ -38.638325099999967, -12.764206499999929 ], [ -38.638427599999943, -12.76414439999996 ], [ -38.638686099999973, -12.764039499999958 ], [ -38.638881199999965, -12.763982299999954 ], [ -38.639007899999967, -12.763982499999948 ], [ -38.639120099999964, -12.763977899999931 ], [ -38.639227399999974, -12.763891899999976 ], [ -38.639325, -12.763872899999969 ], [ -38.639412599999957, -12.76395429999998 ], [ -38.63953939999994, -12.763940199999963 ], [ -38.639588299999957, -12.763834899999946 ], [ -38.639656699999939, -12.763725 ], [ -38.639759199999958, -12.763639 ], [ -38.639754399999958, -12.763562399999953 ], [ -38.639720399999931, -12.763466699999979 ], [ -38.639701, -12.763390099999983 ], [ -38.639686499999982, -12.763318299999964 ], [ -38.639676899999984, -12.763251299999959 ], [ -38.63964279999994, -12.763198599999948 ], [ -38.639623399999941, -12.763145899999934 ], [ -38.639657499999942, -12.763131599999939 ], [ -38.639711, -12.7632465 ], [ -38.639779099999942, -12.763347099999967 ], [ -38.6397985, -12.763418899999969 ], [ -38.639856899999984, -12.763466899999967 ], [ -38.6398617, -12.763519499999958 ], [ -38.639944499999963, -12.763562699999948 ], [ -38.640027399999958, -12.763548399999937 ], [ -38.640090899999961, -12.763500699999945 ], [ -38.640134799999942, -12.763452899999951 ], [ -38.64014959999998, -12.763381099999942 ], [ -38.640154499999937, -12.763338099999928 ], [ -38.640183799999939, -12.763328499999927 ], [ -38.640179, -12.763271099999924 ], [ -38.640183899999954, -12.763242399999955 ], [ -38.640247199999983, -12.76328079999996 ], [ -38.640300799999977, -12.763295199999943 ], [ -38.640335, -12.763252199999931 ], [ -38.640388599999945, -12.763252299999976 ], [ -38.640427599999953, -12.763300199999927 ], [ -38.640437299999981, -12.763333699999979 ], [ -38.640534799999962, -12.763285899999971 ], [ -38.640569099999944, -12.763209399999942 ], [ -38.640564299999944, -12.763161599999945 ], [ -38.640637499999968, -12.763080299999947 ], [ -38.640696, -12.763042099999959 ], [ -38.64075459999998, -12.763018299999926 ], [ -38.640798399999937, -12.763056599999972 ], [ -38.640803199999944, -12.763114099999939 ], [ -38.64078359999997, -12.76321929999995 ], [ -38.640754199999947, -12.763267099999938 ], [ -38.640754099999981, -12.76334849999995 ], [ -38.640734399999978, -12.763477599999934 ], [ -38.640719699999977, -12.763539799999949 ], [ -38.640646499999953, -12.763582799999922 ], [ -38.640651299999945, -12.763635399999933 ], [ -38.640709799999975, -12.763664199999928 ], [ -38.640792699999963, -12.76366429999997 ], [ -38.640831599999956, -12.763707399999946 ], [ -38.640826599999968, -12.763769599999938 ], [ -38.640821699999947, -12.763846199999918 ], [ -38.640826399999987, -12.763918 ], [ -38.640841, -12.76397539999995 ], [ -38.640884799999981, -12.764047299999948 ], [ -38.64095789999994, -12.764061699999953 ], [ -38.640962799999947, -12.7640426 ], [ -38.641011599999956, -12.763966099999944 ], [ -38.641011699999979, -12.763889499999944 ], [ -38.641094799999969, -12.76378439999997 ], [ -38.641143599999957, -12.763698299999945 ], [ -38.641138799999958, -12.763698299999929 ], [ -38.641173, -12.763631299999927 ], [ -38.641119399999987, -12.763578599999962 ], [ -38.6412218, -12.763569199999949 ], [ -38.641329099999943, -12.763569399999945 ], [ -38.641363299999966, -12.763507199999941 ], [ -38.64129029999998, -12.763401799999935 ], [ -38.641270899999938, -12.763334799999939 ], [ -38.641368499999942, -12.763258399999929 ], [ -38.641383299999966, -12.763162699999963 ], [ -38.641505199999983, -12.763134099999942 ], [ -38.641651399999944, -12.763148699999936 ], [ -38.641695299999981, -12.763177499999925 ], [ -38.641743799999979, -12.763330699999926 ], [ -38.641816799999965, -12.763426499999985 ], [ -38.641933699999981, -12.763484 ], [ -38.642036099999984, -12.763484199999953 ], [ -38.642114, -12.763517799999912 ], [ -38.642143199999971, -12.763565699999956 ], [ -38.642201699999923, -12.763565699999976 ], [ -38.642245599999974, -12.763575399999979 ], [ -38.642318799999941, -12.76352279999997 ], [ -38.642698799999955, -12.76371479999994 ], [ -38.642787699999985, -12.763772299999966 ], [ -38.642714299999966, -12.763930099999966 ], [ -38.642733799999981, -12.763940899999952 ], [ -38.642814399999963, -12.763790299999922 ], [ -38.643033599999974, -12.763918599999966 ], [ -38.643921599999942, -12.763419699999936 ], [ -38.643622299999947, -12.763031699999924 ], [ -38.643557199999975, -12.762514899999941 ], [ -38.643180699999967, -12.762485599999929 ], [ -38.643210699999941, -12.761954499999939 ], [ -38.642943899999977, -12.761860899999915 ], [ -38.642987799999965, -12.761810699999957 ], [ -38.643112099999946, -12.761850299999923 ], [ -38.643324099999973, -12.761908 ], [ -38.643379099999947, -12.761793299999971 ], [ -38.643149, -12.761606299999936 ], [ -38.643394399999977, -12.761283699999986 ], [ -38.643960799999952, -12.76157149999996 ], [ -38.643968599999937, -12.761558 ], [ -38.644062, -12.76161989999996 ], [ -38.644055899999948, -12.761635499999958 ], [ -38.644127799999971, -12.761679799999976 ], [ -38.64415589999993, -12.76162369999998 ], [ -38.644077899999957, -12.761574499999931 ], [ -38.644066899999977, -12.761593599999971 ], [ -38.643980499999948, -12.761537699999952 ], [ -38.644026899999972, -12.761458299999942 ], [ -38.644176599999973, -12.761560599999941 ], [ -38.644294499999951, -12.761459699999932 ], [ -38.644130599999983, -12.761345299999974 ], [ -38.64418, -12.761263399999974 ], [ -38.644151299999976, -12.761245199999957 ], [ -38.643716599999948, -12.760961099999955 ], [ -38.643738599999949, -12.760921699999923 ], [ -38.644204499999944, -12.761224699999953 ], [ -38.644219199999959, -12.761199799999929 ], [ -38.643731099999968, -12.760893899999912 ], [ -38.643780499999934, -12.7608236 ], [ -38.643826899999958, -12.760735199999939 ], [ -38.643873299999939, -12.760661 ], [ -38.643900199999962, -12.760618 ], [ -38.643951399999928, -12.760575 ], [ -38.64398319999998, -12.760541599999948 ], [ -38.644012399999951, -12.76051769999998 ], [ -38.644058799999975, -12.760472299999956 ], [ -38.644119799999942, -12.760434099999935 ], [ -38.644136899999978, -12.760403 ], [ -38.644158899999987, -12.760407799999944 ], [ -38.644175899999937, -12.760429399999968 ], [ -38.644200299999966, -12.76043179999993 ], [ -38.644214899999952, -12.760431799999948 ], [ -38.644236799999931, -12.76041509999993 ], [ -38.644266, -12.760455799999944 ], [ -38.644280599999959, -12.760467799999958 ], [ -38.644290399999932, -12.760429499999933 ], [ -38.644300299999948, -12.760379299999958 ], [ -38.644341599999962, -12.760429599999963 ], [ -38.644368399999962, -12.760456 ], [ -38.644444, -12.760425 ], [ -38.644500099999952, -12.760389099999946 ], [ -38.644527, -12.760348499999958 ], [ -38.644527099999948, -12.760295899999958 ], [ -38.644544199999984, -12.760257599999941 ], [ -38.644578399999951, -12.760224199999977 ], [ -38.644622199999965, -12.7602386 ], [ -38.64465139999993, -12.7602649 ], [ -38.644683199999974, -12.760209899999952 ], [ -38.644722199999933, -12.760186099999929 ], [ -38.644739299999969, -12.760169299999964 ], [ -38.644758799999984, -12.76015259999998 ], [ -38.644788099999978, -12.760131099999956 ], [ -38.64482959999998, -12.760114399999969 ], [ -38.644854, -12.760112099999947 ], [ -38.644766399999988, -12.75999469999994 ], [ -38.644790799999953, -12.759958899999949 ], [ -38.64482669999996, -12.759933099999957 ], [ -38.644856, -12.759908199999916 ], [ -38.64487749999995, -12.759885299999953 ], [ -38.644926299999959, -12.759854699999948 ], [ -38.644928099999966, -12.759906399999981 ], [ -38.64491639999995, -12.759952299999961 ], [ -38.644926099999964, -12.759986799999979 ], [ -38.644951399999968, -12.760036599999975 ], [ -38.645005799999979, -12.760120899999952 ], [ -38.645066199999981, -12.760157299999955 ], [ -38.645126699999935, -12.76014789999993 ], [ -38.645167699999945, -12.760128799999956 ], [ -38.645273, -12.760094499999985 ], [ -38.645304299999964, -12.76005049999997 ], [ -38.645327799999968, -12.759981599999945 ], [ -38.645357099999963, -12.759933799999926 ], [ -38.645374699999941, -12.759903199999931 ], [ -38.645406, -12.759826699999961 ], [ -38.64542559999996, -12.759796099999946 ], [ -38.645443199999939, -12.759761599999942 ], [ -38.645454899999947, -12.759759699999954 ], [ -38.645466499999941, -12.759777 ], [ -38.645462599999981, -12.759813299999966 ], [ -38.645450799999935, -12.759855399999937 ], [ -38.645419599999975, -12.759893699999955 ], [ -38.645403899999963, -12.759931899999977 ], [ -38.645388299999979, -12.759975899999977 ], [ -38.645399899999965, -12.760027599999949 ], [ -38.645405699999969, -12.760058299999971 ], [ -38.645442699999933, -12.76009089999998 ], [ -38.645477799999988, -12.760098599999917 ], [ -38.645505099999987, -12.760104299999975 ], [ -38.645520699999963, -12.76008709999997 ], [ -38.64553049999995, -12.760058399999918 ], [ -38.645520799999929, -12.760025899999951 ], [ -38.645515, -12.760002899999957 ], [ -38.645518899999956, -12.759987599999926 ], [ -38.645548099999985, -12.760016399999923 ], [ -38.645557799999956, -12.760043199999915 ], [ -38.645544099999938, -12.76007379999991 ], [ -38.645538199999976, -12.760102499999963 ], [ -38.645544, -12.760135 ], [ -38.64556609999994, -12.760150099999979 ], [ -38.64567569999997, -12.760216099999974 ], [ -38.645724499999972, -12.760234099999927 ], [ -38.645773199999951, -12.76027 ], [ -38.645748699999956, -12.760323799999989 ], [ -38.64578519999997, -12.760365699999968 ], [ -38.645833899999957, -12.760401699999941 ], [ -38.645901, -12.760401799999936 ], [ -38.645986299999947, -12.760395899999931 ], [ -38.646041199999949, -12.760342199999984 ], [ -38.64610829999998, -12.76030639999993 ], [ -38.646145, -12.760168799999965 ], [ -38.646145199999985, -12.760061199999937 ], [ -38.646139199999936, -12.759977399999979 ], [ -38.646182, -12.759863799999955 ], [ -38.646182199999942, -12.759750199999939 ], [ -38.646139599999977, -12.759660399999968 ], [ -38.646084799999983, -12.759660299999936 ], [ -38.646042099999924, -12.759708099999969 ], [ -38.645950599999942, -12.75973189999997 ], [ -38.645816599999932, -12.759683899999958 ], [ -38.645731399999931, -12.759647899999946 ], [ -38.645682699999952, -12.759576099999935 ], [ -38.645609699999973, -12.759540099999979 ], [ -38.645548699999956, -12.75954 ], [ -38.645469499999933, -12.759569799999943 ], [ -38.645384099999951, -12.759599599999945 ], [ -38.645347499999964, -12.759599499999975 ], [ -38.645256099999983, -12.759605399999932 ], [ -38.645201199999981, -12.759635199999934 ], [ -38.645122, -12.759665 ], [ -38.645067199999978, -12.759623099999944 ], [ -38.645024599999942, -12.759581199999959 ], [ -38.644921, -12.759551099999944 ], [ -38.644835699999931, -12.759551 ], [ -38.644823599999938, -12.759485199999979 ], [ -38.644750599999952, -12.759425299999979 ], [ -38.644634899999971, -12.759365299999963 ], [ -38.644574, -12.759365199999911 ], [ -38.644519, -12.759407 ], [ -38.644488599999939, -12.759371099999958 ], [ -38.644403399999938, -12.759347099999966 ], [ -38.644342399999971, -12.759347 ], [ -38.644251, -12.759346799999927 ], [ -38.644190099999946, -12.759346799999943 ], [ -38.644147399999952, -12.7593826 ], [ -38.644086399999942, -12.759370599999965 ], [ -38.644013399999949, -12.759340499999945 ], [ -38.64390369999996, -12.759340399999928 ], [ -38.643775699999935, -12.759328299999936 ], [ -38.643623399999967, -12.759316099999975 ], [ -38.643507599999964, -12.759315899999939 ], [ -38.643391799999968, -12.759315799999966 ], [ -38.643318699999966, -12.759297699999921 ], [ -38.643221199999971, -12.759297599999961 ], [ -38.64312369999994, -12.759297499999956 ], [ -38.643020099999951, -12.75929729999994 ], [ -38.642969799999939, -12.758836199999969 ], [ -38.6429328, -12.758836199999966 ], [ -38.642929, -12.758765299999931 ], [ -38.642851, -12.758765199999983 ], [ -38.642839299999935, -12.758726899999942 ], [ -38.642545, -12.75865 ], [ -38.64255049999997, -12.758893099999973 ], [ -38.642819699999961, -12.758862799999958 ], [ -38.642883299999944, -12.759329899999948 ], [ -38.642840399999962, -12.759329899999948 ], [ -38.642822799999983, -12.759364299999968 ], [ -38.642773399999953, -12.75937919999995 ], [ -38.642746799999948, -12.759387199999926 ], [ -38.642744899999968, -12.759360399999942 ], [ -38.642643499999963, -12.759346799999927 ], [ -38.642620099999938, -12.759325699999984 ], [ -38.642573299999981, -12.759314199999951 ], [ -38.642544099999952, -12.759291199999954 ], [ -38.642522699999979, -12.759275799999946 ], [ -38.642511, -12.759226099999969 ], [ -38.64257159999994, -12.75915919999993 ], [ -38.642441099999985, -12.759055599999947 ], [ -38.642366899999956, -12.759135899999944 ], [ -38.642316299999955, -12.75907269999993 ], [ -38.642287, -12.759051599999957 ], [ -38.642271499999936, -12.759015199999967 ], [ -38.642211099999948, -12.758942399999979 ], [ -38.642176099999979, -12.758909799999964 ], [ -38.642131199999945, -12.758909699999947 ], [ -38.642090299999943, -12.758890499999968 ], [ -38.642075299999931, -12.758855399999954 ], [ -38.642074799999939, -12.75885419999998 ], [ -38.64206889999997, -12.758831199999987 ], [ -38.642072899999967, -12.75880439999996 ], [ -38.642072899999967, -12.758787199999988 ], [ -38.642059299999971, -12.758756499999958 ], [ -38.642036, -12.758676099999942 ], [ -38.642014599999982, -12.758639699999936 ], [ -38.641993199999945, -12.758601399999986 ], [ -38.641987399999948, -12.758566899999956 ], [ -38.641954299999945, -12.758524799999988 ], [ -38.641917299999932, -12.758520899999946 ], [ -38.641880199999953, -12.758555299999969 ], [ -38.641788599999984, -12.758522599999932 ], [ -38.641794399999974, -12.75850729999997 ], [ -38.6417302, -12.758467 ], [ -38.641726199999937, -12.758478499999962 ], [ -38.641626899999956, -12.758428599999945 ], [ -38.641580199999957, -12.758352 ], [ -38.64147689999993, -12.758317399999955 ], [ -38.64144559999994, -12.758348 ], [ -38.64136769999994, -12.758309599999963 ], [ -38.641367899999977, -12.758143099999939 ], [ -38.641282099999948, -12.758143 ], [ -38.641278199999931, -12.758164 ], [ -38.641233299999961, -12.758164 ], [ -38.641215799999941, -12.758144799999968 ], [ -38.6411768, -12.758144699999937 ], [ -38.6411495, -12.758144699999955 ], [ -38.641135899999938, -12.758150399999989 ], [ -38.64113389999995, -12.75817149999993 ], [ -38.641112399999948, -12.758186799999976 ], [ -38.641026599999975, -12.758198099999948 ], [ -38.641009099999962, -12.758140699999949 ], [ -38.640997399999954, -12.758140699999947 ], [ -38.640993499999986, -12.758156 ], [ -38.640993499999979, -12.758180899999958 ], [ -38.640989499999925, -12.7582 ], [ -38.640874499999931, -12.758209399999949 ], [ -38.640882199999972, -12.758259199999927 ], [ -38.640734, -12.758268499999911 ], [ -38.640677399999973, -12.758272299999922 ], [ -38.640523299999977, -12.7583582 ], [ -38.640466599999975, -12.75842129999994 ], [ -38.640421699999933, -12.75845569999996 ], [ -38.640375, -12.758392499999971 ], [ -38.640338, -12.758352199999941 ], [ -38.640297099999941, -12.75832729999995 ], [ -38.640265899999974, -12.758319599999915 ], [ -38.640262, -12.758300399999918 ], [ -38.640242599999958, -12.758273599999939 ], [ -38.640227, -12.758250599999958 ], [ -38.640314899999964, -12.758183799999925 ], [ -38.640293399999969, -12.758153099999964 ], [ -38.64019779999996, -12.758227599999946 ], [ -38.640147199999952, -12.758151 ], [ -38.640209699999957, -12.758105099999963 ], [ -38.640198, -12.758087899999953 ], [ -38.640131599999961, -12.758133699999959 ], [ -38.640034299999968, -12.758001499999972 ], [ -38.639958199999974, -12.758032099999978 ], [ -38.63995239999997, -12.757982299999986 ], [ -38.639946599999973, -12.7579517 ], [ -38.639991499999958, -12.757917299999979 ], [ -38.639991599999966, -12.757873199999951 ], [ -38.639972099999966, -12.757848299999974 ], [ -38.639941, -12.757831099999967 ], [ -38.639880499999947, -12.757829099999988 ], [ -38.639866899999959, -12.757802299999989 ], [ -38.639876699999952, -12.757773599999942 ], [ -38.639863099999964, -12.757733299999915 ], [ -38.639855399999931, -12.757691199999964 ], [ -38.639812599999964, -12.757610799999952 ], [ -38.639781499999962, -12.757538 ], [ -38.639781499999977, -12.757486299999908 ], [ -38.639783499999972, -12.75746339999994 ], [ -38.639746499999937, -12.757465199999967 ], [ -38.639746599999974, -12.757402099999977 ], [ -38.639736799999987, -12.757379099999971 ], [ -38.639787599999984, -12.757367699999984 ], [ -38.639776, -12.75727579999994 ], [ -38.639760399999943, -12.75727569999998 ], [ -38.639758499999978, -12.757203 ], [ -38.639707799999947, -12.757201 ], [ -38.639707899999969, -12.7571761 ], [ -38.639709099999955, -12.757173699999957 ], [ -38.639725499999948, -12.757139799999962 ], [ -38.63972549999994, -12.757111099999973 ], [ -38.639727499999942, -12.75709 ], [ -38.63973139999996, -12.757072799999941 ], [ -38.639823099999951, -12.75708439999995 ], [ -38.639829, -12.757030799999942 ], [ -38.63974909999996, -12.757015399999936 ], [ -38.639768699999941, -12.756942699999966 ], [ -38.639823299999932, -12.756948499999954 ], [ -38.639825199999962, -12.756921699999983 ], [ -38.63978039999995, -12.756910199999924 ], [ -38.639845, -12.756734199999924 ], [ -38.639884199999983, -12.756596399999987 ], [ -38.639941, -12.756424199999953 ], [ -38.639670199999955, -12.756266899999972 ], [ -38.639274299999954, -12.756274 ], [ -38.63927649999993, -12.756096 ], [ -38.639319399999984, -12.756096099999967 ], [ -38.63931179999998, -12.755987 ], [ -38.639274699999937, -12.755981199999937 ], [ -38.639263299999982, -12.755778299999969 ], [ -38.639337399999931, -12.755768799999951 ], [ -38.639335599999981, -12.755713299999965 ], [ -38.639226399999984, -12.755715099999966 ], [ -38.639231799999948, -12.755981099999929 ], [ -38.639187, -12.755983 ], [ -38.639186799999948, -12.756099699999929 ], [ -38.639229699999937, -12.756101699999935 ], [ -38.639235299999932, -12.7562948 ], [ -38.639028299999957, -12.756518699999953 ], [ -38.638975499999958, -12.756576099999982 ], [ -38.63894229999994, -12.756623899999969 ], [ -38.638913, -12.756702299999985 ], [ -38.638840799999961, -12.756683099999979 ], [ -38.638731299999961, -12.756947 ], [ -38.63877609999998, -12.756983499999924 ], [ -38.638772099999976, -12.757023699999927 ], [ -38.638754499999948, -12.757079099999926 ], [ -38.638733, -12.757127 ], [ -38.638725099999931, -12.75716139999998 ], [ -38.638742599999951, -12.757172899999933 ], [ -38.638766, -12.757176799999971 ], [ -38.638756199999939, -12.757218899999948 ], [ -38.638740599999949, -12.757234199999985 ], [ -38.638701599999941, -12.7572532 ], [ -38.638691699999988, -12.757333599999969 ], [ -38.638681899999938, -12.757375699999937 ] ] ] ] } }
]
}
