{
"type": "FeatureCollection",
"name": "3118601",
"crs": { "type": "name", "properties": { "name": "urn:ogc:def:crs:OGC:1.3:CRS84" } },
"features": [
{ "type": "Feature", "properties": { "CD_MUN": "3118601", "NM_MUN": "Contagem" }, "geometry": { "type": "MultiPolygon", "coordinates": [ [ [ [ -44.135069699999974, -19.926529499999948 ], [ -44.13540229999996, -19.926524599999944 ], [ -44.135813299999938, -19.926515099999964 ], [ -44.136155899999949, -19.92651 ], [ -44.136459599999974, -19.926503799999971 ], [ -44.136626199999967, -19.926500699999952 ], [ -44.136962799999935, -19.92649259999996 ], [ -44.137093099999966, -19.926488399999968 ], [ -44.137131699999941, -19.926487599999966 ], [ -44.137282699999957, -19.926484599999974 ], [ -44.137477099999963, -19.92647509999993 ], [ -44.13791759999998, -19.92603779999995 ], [ -44.138066799999933, -19.925866599999935 ], [ -44.138147799999956, -19.925753099999959 ], [ -44.138256199999944, -19.925576199999963 ], [ -44.138352399999967, -19.925396699999965 ], [ -44.138488399999972, -19.925174499999972 ], [ -44.138624299999947, -19.924977799999965 ], [ -44.138817, -19.924702299999975 ], [ -44.138889099999972, -19.924587499999966 ], [ -44.138994899999943, -19.92443319999995 ], [ -44.1390502, -19.924322399999937 ], [ -44.13919819999996, -19.924140499999961 ], [ -44.139346199999984, -19.923966599999968 ], [ -44.139527599999951, -19.923828499999949 ], [ -44.139620399999956, -19.923745599999961 ], [ -44.139789099999973, -19.923631299999961 ], [ -44.139937699999969, -19.923568899999946 ], [ -44.140044199999977, -19.923538099999966 ], [ -44.14013639999996, -19.923543799999948 ], [ -44.140209899999945, -19.923595299999931 ], [ -44.140249599999947, -19.923652399999977 ], [ -44.140228, -19.922709199999922 ], [ -44.140168499999966, -19.922274599999977 ], [ -44.139989899999939, -19.921869899999926 ], [ -44.139463399999954, -19.921354699999938 ], [ -44.139125899999954, -19.921020799999948 ], [ -44.138939899999968, -19.920877699999949 ], [ -44.137998299999936, -19.920091699999929 ], [ -44.137482799999937, -19.919737199999926 ], [ -44.136991599999924, -19.91932189999994 ], [ -44.136680199999944, -19.919189099999972 ], [ -44.136315899999943, -19.918748 ], [ -44.136146099999962, -19.918391599999946 ], [ -44.136120099999964, -19.918174699999952 ], [ -44.136043099999938, -19.917812399999935 ], [ -44.135714799999967, -19.917192599999957 ], [ -44.135473099999949, -19.916713399999932 ], [ -44.135150599999974, -19.916228599999958 ], [ -44.134968, -19.916037499999952 ], [ -44.134692099999931, -19.91584139999998 ], [ -44.133056599999975, -19.915128399999954 ], [ -44.133043599999951, -19.915122799999953 ], [ -44.132395, -19.914767699999977 ], [ -44.132191799999937, -19.914657099999939 ], [ -44.132126599999943, -19.914619 ], [ -44.131886799999968, -19.914504099999913 ], [ -44.131294799999978, -19.914210699999941 ], [ -44.131071099999986, -19.914106799999963 ], [ -44.130953499999968, -19.914067099999951 ], [ -44.130835599999962, -19.914050099999937 ], [ -44.130618199999958, -19.914052599999934 ], [ -44.13055, -19.914038499999943 ], [ -44.130444199999936, -19.913854899999937 ], [ -44.130339799999952, -19.913679799999947 ], [ -44.130170299999982, -19.91346959999991 ], [ -44.130125499999963, -19.913409699999935 ], [ -44.130087899999985, -19.913342699999927 ], [ -44.130011199999963, -19.913127599999942 ], [ -44.129886899999974, -19.912570099999979 ], [ -44.129773499999935, -19.912044899999959 ], [ -44.129644499999984, -19.911403599999968 ], [ -44.129589199999948, -19.911095 ], [ -44.129561399999936, -19.911016699999944 ], [ -44.129521799999964, -19.910967599999928 ], [ -44.129401399999956, -19.910850899999947 ], [ -44.129447699999957, -19.910766599999938 ], [ -44.12954289999994, -19.91059319999993 ], [ -44.129596299999946, -19.910462799999934 ], [ -44.129648, -19.910288099999942 ], [ -44.129686099999965, -19.910100599999961 ], [ -44.129722099999981, -19.909743299999946 ], [ -44.12972579999996, -19.909023299999951 ], [ -44.129720799999973, -19.908035599999941 ], [ -44.129724799999963, -19.906710399999959 ], [ -44.129735699999969, -19.905780899999964 ], [ -44.129751799999951, -19.904915099999979 ], [ -44.129757399999953, -19.904279 ], [ -44.129755899999957, -19.903964 ], [ -44.129769799999963, -19.903872399999955 ], [ -44.129800099999947, -19.903739599999938 ], [ -44.129844699999985, -19.903631699999945 ], [ -44.129960099999956, -19.903451199999946 ], [ -44.130021, -19.903242899999938 ], [ -44.130016199999936, -19.903184499999959 ], [ -44.129697499999963, -19.90268739999993 ], [ -44.129356599999937, -19.902167799999965 ], [ -44.128984599999974, -19.901543099999959 ], [ -44.128714899999977, -19.901143399999981 ], [ -44.128733099999977, -19.90112989999994 ], [ -44.128750799999978, -19.901116799999947 ], [ -44.131342699999955, -19.899226499999937 ], [ -44.131685199999936, -19.899030199999963 ], [ -44.131771799999967, -19.899027299999954 ], [ -44.131909299999954, -19.899025599999963 ], [ -44.132008599999956, -19.899018699999939 ], [ -44.132044599999979, -19.89900589999996 ], [ -44.132071499999945, -19.898986399999952 ], [ -44.13209309999997, -19.898953899999981 ], [ -44.132369099999949, -19.89841819999997 ], [ -44.132674499999943, -19.89788219999997 ], [ -44.132767099999967, -19.897959299999965 ], [ -44.132922, -19.898038299999932 ], [ -44.133206, -19.898134599999921 ], [ -44.133945899999958, -19.898298 ], [ -44.134053599999959, -19.898332299999929 ], [ -44.134289299999985, -19.898445099999932 ], [ -44.13453949999996, -19.898578799999946 ], [ -44.134659499999948, -19.898621399999971 ], [ -44.134783899999952, -19.898635 ], [ -44.135106099999973, -19.898601499999913 ], [ -44.135491599999973, -19.898550499999946 ], [ -44.135740899999973, -19.898554199999975 ], [ -44.135744099999954, -19.898616599999972 ], [ -44.137138899999968, -19.89871469999996 ], [ -44.141001199999955, -19.897684899999934 ], [ -44.142396899999937, -19.895839499999955 ], [ -44.142286199999951, -19.895393299999952 ], [ -44.142038699999944, -19.895006599999942 ], [ -44.142074499999978, -19.894962799999956 ], [ -44.142125, -19.894901 ], [ -44.142097699999958, -19.894798699999964 ], [ -44.141977399999973, -19.894669299999968 ], [ -44.142034799999976, -19.894508399999953 ], [ -44.142107199999948, -19.894422899999924 ], [ -44.142104599999982, -19.894324499999975 ], [ -44.142042799999956, -19.894175199999953 ], [ -44.141827699999965, -19.894051399999974 ], [ -44.141702, -19.893865399999971 ], [ -44.141672, -19.893744099999935 ], [ -44.141703199999938, -19.89359949999994 ], [ -44.141693099999948, -19.893428199999963 ], [ -44.141717799999981, -19.893312699999978 ], [ -44.141670099999949, -19.893228899999922 ], [ -44.141576199999975, -19.893195 ], [ -44.141284399999961, -19.89326079999994 ], [ -44.140939399999979, -19.893404799999921 ], [ -44.140676099999951, -19.893439399999981 ], [ -44.140229, -19.893553299999947 ], [ -44.139822299999928, -19.893667699999973 ], [ -44.139205299999958, -19.894107299999973 ], [ -44.138922099999952, -19.894313899999936 ], [ -44.138608599999948, -19.894606399999937 ], [ -44.138545699999959, -19.894732899999948 ], [ -44.138525299999969, -19.895010399999933 ], [ -44.138388099999929, -19.89516709999997 ], [ -44.138322799999969, -19.895326599999972 ], [ -44.137900199999933, -19.894977399999949 ], [ -44.137441099999933, -19.895453599999943 ], [ -44.137333299999973, -19.89546229999997 ], [ -44.137199, -19.895424199999983 ], [ -44.13725, -19.895304099999972 ], [ -44.137433899999962, -19.895045299999943 ], [ -44.137607799999955, -19.89485569999993 ], [ -44.137817799999944, -19.89479329999995 ], [ -44.137929799999938, -19.894637699999976 ], [ -44.138072599999937, -19.89455849999996 ], [ -44.138252799999968, -19.894386099999959 ], [ -44.138305399999972, -19.894247499999942 ], [ -44.138387099999932, -19.894111499999948 ], [ -44.138525099999981, -19.894036099999941 ], [ -44.13870819999994, -19.893792399999928 ], [ -44.138925799999981, -19.893578899999962 ], [ -44.138940299999945, -19.893487499999928 ], [ -44.138775499999952, -19.893349199999928 ], [ -44.138821699999937, -19.893313499999973 ], [ -44.139016499999968, -19.893347699999943 ], [ -44.139337, -19.893076299999962 ], [ -44.139503199999979, -19.892914899999926 ], [ -44.139688599999943, -19.892876099999963 ], [ -44.13988489999997, -19.892784 ], [ -44.14011469999997, -19.892861 ], [ -44.140349799999967, -19.892840299999943 ], [ -44.140517899999963, -19.892759499999954 ], [ -44.140645, -19.892773599999938 ], [ -44.140837299999937, -19.892714499999954 ], [ -44.141077099999968, -19.892627199999932 ], [ -44.141167699999983, -19.892501899999964 ], [ -44.141150799999934, -19.892341499999933 ], [ -44.141094799999962, -19.892194699999941 ], [ -44.14099189999996, -19.89205869999995 ], [ -44.141013599999951, -19.891872199999963 ], [ -44.141007199999933, -19.891751 ], [ -44.140930399999952, -19.891593799999939 ], [ -44.140807, -19.891456799999965 ], [ -44.140549299999975, -19.89135339999995 ], [ -44.140527199999951, -19.89125 ], [ -44.140651799999951, -19.890961799999953 ], [ -44.140605899999969, -19.890838499999973 ], [ -44.140634, -19.890266 ], [ -44.140681, -19.890136199999965 ], [ -44.140872, -19.889806699999962 ], [ -44.141083, -19.889392499999932 ], [ -44.141123299999947, -19.88890519999995 ], [ -44.141143699999937, -19.888745599999929 ], [ -44.14063509999994, -19.887939 ], [ -44.140193499999953, -19.88738649999992 ], [ -44.139964199999952, -19.887301 ], [ -44.1397032, -19.887280399999959 ], [ -44.139609599999979, -19.887343299999927 ], [ -44.139634, -19.887411499999928 ], [ -44.139873, -19.88746929999996 ], [ -44.139967699999943, -19.887607199999941 ], [ -44.140003899999961, -19.887735299999981 ], [ -44.140118499999971, -19.887780699999951 ], [ -44.140125799999957, -19.887884599999939 ], [ -44.140072099999941, -19.888033799999963 ], [ -44.139909399999965, -19.888279799999964 ], [ -44.139822899999963, -19.888275199999946 ], [ -44.13963039999993, -19.888333 ], [ -44.139453199999934, -19.888441899999975 ], [ -44.139313399999935, -19.888469 ], [ -44.139088199999946, -19.888398599999945 ], [ -44.13881559999993, -19.888327199999935 ], [ -44.138714099999952, -19.888368899999929 ], [ -44.13865809999993, -19.888463899999984 ], [ -44.138525799999968, -19.888691799999943 ], [ -44.138361899999957, -19.888825 ], [ -44.13825879999996, -19.888857699999956 ], [ -44.138114799999983, -19.889120899999973 ], [ -44.137872799999968, -19.889264599999915 ], [ -44.137699599999962, -19.889424399999935 ], [ -44.137496399999975, -19.889758399999955 ], [ -44.137403699999936, -19.890376799999945 ], [ -44.137281099999946, -19.890838299999931 ], [ -44.13726029999998, -19.891118599999963 ], [ -44.137118299999948, -19.891360099999925 ], [ -44.13708249999997, -19.891737599999942 ], [ -44.137058899999943, -19.891993099999986 ], [ -44.136922099999943, -19.892241799999965 ], [ -44.136700799999971, -19.892423599999962 ], [ -44.136418399999968, -19.892564599999957 ], [ -44.136131299999924, -19.892566599999945 ], [ -44.136051699999932, -19.892478699999977 ], [ -44.135784, -19.892442599999988 ], [ -44.135657599999952, -19.892352699999932 ], [ -44.135401499999951, -19.892596199999954 ], [ -44.134992499999953, -19.892679799999925 ], [ -44.134698599999986, -19.89278749999993 ], [ -44.134462699999972, -19.892918799999965 ], [ -44.134232599999962, -19.893002299999971 ], [ -44.133953399999939, -19.893027 ], [ -44.133578899999982, -19.892991299999949 ], [ -44.133258699999935, -19.893069 ], [ -44.132974799999943, -19.893044799999917 ], [ -44.132824399999954, -19.892915099999978 ], [ -44.132426899999984, -19.89273959999997 ], [ -44.132353099999932, -19.892639599999935 ], [ -44.132617699999969, -19.89268 ], [ -44.133007099999929, -19.892846 ], [ -44.133211299999971, -19.892797699999946 ], [ -44.133478099999934, -19.892642299999974 ], [ -44.133712699999933, -19.892381499999935 ], [ -44.1340886, -19.892120899999945 ], [ -44.134432799999963, -19.891715599999934 ], [ -44.134602599999937, -19.891437599999946 ], [ -44.134842299999946, -19.891070499999952 ], [ -44.135146499999969, -19.890963199999931 ], [ -44.135450699999978, -19.890958699999935 ], [ -44.135645599999975, -19.891034699999977 ], [ -44.135864299999987, -19.891155399999946 ], [ -44.136125699999987, -19.891195599999953 ], [ -44.136334899999959, -19.891119599999968 ], [ -44.13643, -19.890954199999957 ], [ -44.136458499999947, -19.89069939999996 ], [ -44.136449, -19.890449099999959 ], [ -44.136487, -19.890279299999964 ], [ -44.13682289999997, -19.889782299999972 ], [ -44.137166799999939, -19.889273499999938 ], [ -44.137223799999958, -19.889143899999972 ], [ -44.137228599999958, -19.888983 ], [ -44.137209499999983, -19.888844399999982 ], [ -44.13700989999996, -19.888603 ], [ -44.13680549999998, -19.888232 ], [ -44.136639099999968, -19.888196199999985 ], [ -44.136425199999969, -19.888196199999985 ], [ -44.135807199999931, -19.888075499999964 ], [ -44.13547449999993, -19.8879325 ], [ -44.135350899999935, -19.88781629999994 ], [ -44.135079899999937, -19.887615099999941 ], [ -44.134932599999956, -19.887454199999965 ], [ -44.134908799999955, -19.887275399999972 ], [ -44.134799499999986, -19.887172599999932 ], [ -44.134595099999949, -19.88711 ], [ -44.134309899999948, -19.887065299999961 ], [ -44.134029399999974, -19.887056399999956 ], [ -44.133748899999944, -19.887118899999951 ], [ -44.133533899999982, -19.887234399999947 ], [ -44.133492599999947, -19.887387299999947 ], [ -44.133416599999975, -19.887456499999914 ], [ -44.133212599999972, -19.887455299999942 ], [ -44.133046199999967, -19.88721209999995 ], [ -44.132748, -19.887198 ], [ -44.13256789999997, -19.887039299999966 ], [ -44.132282299999986, -19.886925699999949 ], [ -44.13209789999997, -19.886917699999969 ], [ -44.131953799999962, -19.88698149999993 ], [ -44.131741699999971, -19.887268899999984 ], [ -44.131800399999975, -19.887383199999931 ], [ -44.131729799999967, -19.887501399999966 ], [ -44.131512699999973, -19.887533299999973 ], [ -44.131306299999949, -19.887443299999976 ], [ -44.131107799999938, -19.887405599999955 ], [ -44.130826599999985, -19.887400399999922 ], [ -44.130630899999979, -19.887334099999968 ], [ -44.130529199999955, -19.887438299999936 ], [ -44.130340499999932, -19.887543299999951 ], [ -44.130155199999926, -19.887578699999956 ], [ -44.129988699999963, -19.887573899999957 ], [ -44.12983319999995, -19.887533799999968 ], [ -44.129761, -19.887426099999967 ], [ -44.129739899999947, -19.887284899999951 ], [ -44.129825, -19.88711939999995 ], [ -44.129692799999923, -19.887008399999953 ], [ -44.129403399999944, -19.88709719999996 ], [ -44.129293499999967, -19.887184599999944 ], [ -44.128718799999952, -19.887340599999945 ], [ -44.128511799999963, -19.887179499999945 ], [ -44.128467699999931, -19.88701459999994 ], [ -44.128539899999964, -19.886817 ], [ -44.128370599999982, -19.886661099999969 ], [ -44.128691099999969, -19.886329499999938 ], [ -44.128809699999977, -19.88607659999996 ], [ -44.128816299999983, -19.885912099999935 ], [ -44.12896649999994, -19.885742399999966 ], [ -44.128835799999933, -19.885544599999946 ], [ -44.128528599999989, -19.885416499999955 ], [ -44.128458799999983, -19.885277 ], [ -44.128498, -19.885169099999931 ], [ -44.128559299999949, -19.88500079999994 ], [ -44.12855449999995, -19.884990499999958 ], [ -44.128490199999931, -19.884901099999983 ], [ -44.128161399999954, -19.884886799999954 ], [ -44.128127199999938, -19.884749899999971 ], [ -44.128041599999953, -19.884666099999951 ], [ -44.127832099999978, -19.884611499999956 ], [ -44.127609099999972, -19.884621099999947 ], [ -44.127482599999944, -19.884553299999943 ], [ -44.127443699999951, -19.884422099999941 ], [ -44.1275227, -19.884293199999949 ], [ -44.127674299999967, -19.88419289999996 ], [ -44.127841, -19.884026 ], [ -44.128027099999947, -19.884006299999946 ], [ -44.128157399999971, -19.883473199999962 ], [ -44.12812219999995, -19.883313199999971 ], [ -44.128226, -19.883210799999965 ], [ -44.128048599999943, -19.88302 ], [ -44.12766449999998, -19.88283129999996 ], [ -44.127218199999966, -19.882737399999932 ], [ -44.126094299999977, -19.882597099999948 ], [ -44.125935799999979, -19.882529599999945 ], [ -44.125745799999954, -19.882447899999931 ], [ -44.125478099999953, -19.882260399999947 ], [ -44.125302, -19.882039699999957 ], [ -44.125041499999952, -19.881798399999976 ], [ -44.124887299999955, -19.881667399999962 ], [ -44.124675899999943, -19.881504799999959 ], [ -44.124251099999981, -19.881356499999978 ], [ -44.123668, -19.881443599999958 ], [ -44.122981699999968, -19.881343399999942 ], [ -44.122877, -19.88144039999997 ], [ -44.122755899999959, -19.881482199999926 ], [ -44.122616099999966, -19.88146919999997 ], [ -44.122493699999957, -19.881432299999975 ], [ -44.122378199999957, -19.881422599999954 ], [ -44.122320299999963, -19.881415199999928 ], [ -44.122272499999958, -19.881393499999945 ], [ -44.12222289999994, -19.881370199999942 ], [ -44.122185399999985, -19.881312199999968 ], [ -44.122112199999947, -19.881258 ], [ -44.122023799999965, -19.881237599999952 ], [ -44.121945199999971, -19.881183799999974 ], [ -44.1218952, -19.881119 ], [ -44.121842399999935, -19.881109399999954 ], [ -44.12177329999998, -19.881140099999971 ], [ -44.121567599999942, -19.881282899999963 ], [ -44.121514, -19.881340099999928 ], [ -44.121474499999984, -19.881400299999935 ], [ -44.121419899999978, -19.881427499999969 ], [ -44.121186399999942, -19.881399199999983 ], [ -44.121032599999978, -19.881353099999949 ], [ -44.120964299999969, -19.881307799999952 ], [ -44.120935799999984, -19.88124009999996 ], [ -44.120931899999967, -19.881152699999962 ], [ -44.120868499999972, -19.881075199999927 ], [ -44.120770499999935, -19.881025799999982 ], [ -44.120701499999939, -19.88095119999997 ], [ -44.120619899999951, -19.880912199999944 ], [ -44.120553199999961, -19.880922799999951 ], [ -44.120396599999935, -19.880994299999948 ], [ -44.120297599999958, -19.881022099999932 ], [ -44.120186499999932, -19.881016199999973 ], [ -44.120100599999944, -19.880965799999952 ], [ -44.120036899999945, -19.880936599999931 ], [ -44.119986699999977, -19.880866699999949 ], [ -44.119908899999984, -19.880707 ], [ -44.119796699999945, -19.88058089999992 ], [ -44.119639399999983, -19.880492799999953 ], [ -44.119456099999979, -19.880477899999949 ], [ -44.119302699999942, -19.880480899999945 ], [ -44.119143299999962, -19.880463 ], [ -44.119097499999953, -19.88048079999993 ], [ -44.118991499999936, -19.880623199999945 ], [ -44.118749899999962, -19.880725899999948 ], [ -44.118621899999937, -19.880817699999948 ], [ -44.118540599999967, -19.880899499999938 ], [ -44.118463399999939, -19.880908199999958 ], [ -44.118379299999958, -19.880872599999961 ], [ -44.118312, -19.880827399999937 ], [ -44.118212099999937, -19.88079549999998 ], [ -44.11808579999996, -19.88068509999994 ], [ -44.11802049999995, -19.880678 ], [ -44.117940599999947, -19.88072939999995 ], [ -44.117868399999963, -19.880843399999939 ], [ -44.117815, -19.880981899999927 ], [ -44.117748399999982, -19.881045199999956 ], [ -44.11762269999997, -19.881087499999982 ], [ -44.117408499999954, -19.881203799999987 ], [ -44.1171892, -19.881229699999945 ], [ -44.117018099999932, -19.881187699999945 ], [ -44.116896499999946, -19.88119619999998 ], [ -44.116746199999973, -19.881272399999936 ], [ -44.1166712, -19.881374299999944 ], [ -44.116598, -19.881433599999987 ], [ -44.116510599999977, -19.88148539999996 ], [ -44.116487599999971, -19.881559299999939 ], [ -44.116377199999931, -19.881634899999941 ], [ -44.116246599999954, -19.881620599999959 ], [ -44.115925299999951, -19.881522799999967 ], [ -44.11562129999993, -19.881442499999924 ], [ -44.115388799999948, -19.881437 ], [ -44.115045199999933, -19.881344699999946 ], [ -44.114943299999936, -19.881397499999938 ], [ -44.114904599999932, -19.881644699999971 ], [ -44.114810799999937, -19.881675099999931 ], [ -44.11468119999995, -19.881653599999936 ], [ -44.114576599999964, -19.881566399999929 ], [ -44.114513599999952, -19.88148209999996 ], [ -44.114385099999936, -19.881442899999954 ], [ -44.114218599999951, -19.881424 ], [ -44.113902399999972, -19.881256399999934 ], [ -44.113713, -19.881219399999949 ], [ -44.113597699999957, -19.88117359999994 ], [ -44.113482699999963, -19.880985699999943 ], [ -44.113349599999943, -19.880902399999957 ], [ -44.113273899999967, -19.880814799999936 ], [ -44.113241399999943, -19.880691399999922 ], [ -44.113188, -19.880615699999957 ], [ -44.11306819999993, -19.880577899999942 ], [ -44.11288239999994, -19.880552099999925 ], [ -44.112805399999949, -19.880496799999957 ], [ -44.112769399999941, -19.880356399999972 ], [ -44.112714699999962, -19.880304 ], [ -44.112632399999939, -19.880292399999984 ], [ -44.112468199999967, -19.88032279999992 ], [ -44.112360599999931, -19.880305 ], [ -44.112211699999939, -19.880252199999969 ], [ -44.112095599999982, -19.880268499999943 ], [ -44.111912099999984, -19.880345299999931 ], [ -44.111717299999953, -19.880394499999955 ], [ -44.111592599999938, -19.880356099999958 ], [ -44.111477, -19.880222399999973 ], [ -44.11139639999994, -19.880055499999962 ], [ -44.111393099999923, -19.879895199999957 ], [ -44.111334799999959, -19.879810599999931 ], [ -44.11120729999994, -19.879740899999945 ], [ -44.110782, -19.87977249999993 ], [ -44.110559199999962, -19.879728 ], [ -44.110288499999974, -19.879710599999964 ], [ -44.110008699999987, -19.879678899999917 ], [ -44.109749299999976, -19.879599399999954 ], [ -44.10964, -19.879602199999955 ], [ -44.10923709999998, -19.879683199999924 ], [ -44.109118799999983, -19.879611599999976 ], [ -44.109024299999938, -19.879637699999929 ], [ -44.109005699999962, -19.879762399999954 ], [ -44.109063599999963, -19.879922299999969 ], [ -44.109198099999958, -19.880152199999934 ], [ -44.109131, -19.880194399999937 ], [ -44.109036799999963, -19.880197899999917 ], [ -44.108903399999974, -19.880169299999981 ], [ -44.108741499999951, -19.880162599999945 ], [ -44.108582099999978, -19.880268199999932 ], [ -44.108520899999974, -19.880137399999963 ], [ -44.108475799999958, -19.880071399999967 ], [ -44.108413399999954, -19.880016299999962 ], [ -44.108312699999942, -19.87996859999993 ], [ -44.108249799999953, -19.879911899999968 ], [ -44.108210099999951, -19.879866399999958 ], [ -44.108188899999959, -19.879817 ], [ -44.108192, -19.87976 ], [ -44.108223199999941, -19.879707899999953 ], [ -44.108322199999982, -19.879593499999931 ], [ -44.108446099999981, -19.879522099999971 ], [ -44.108785299999973, -19.879300499999935 ], [ -44.10887119999996, -19.879253699999936 ], [ -44.108950399999969, -19.879218099999935 ], [ -44.109037599999972, -19.87919909999993 ], [ -44.109195399999983, -19.879199 ], [ -44.109519399999961, -19.879237099999951 ], [ -44.109760899999969, -19.879273199999936 ], [ -44.10985629999994, -19.879277699999928 ], [ -44.109918099999959, -19.879273199999947 ], [ -44.11015, -19.879197199999972 ], [ -44.110258499999937, -19.87917449999998 ], [ -44.110298599999972, -19.879159 ], [ -44.110385399999977, -19.879099699999941 ], [ -44.110436199999974, -19.879074199999941 ], [ -44.110562, -19.879048099999974 ], [ -44.110689899999954, -19.87898639999997 ], [ -44.110722599999974, -19.87895 ], [ -44.110766499999961, -19.878873199999919 ], [ -44.110798199999977, -19.878781 ], [ -44.110797399999974, -19.878725899999957 ], [ -44.110781899999957, -19.878636599999936 ], [ -44.110756899999956, -19.878537499999929 ], [ -44.11071579999998, -19.878430099999939 ], [ -44.110678599999972, -19.878356799999938 ], [ -44.11060939999993, -19.878278099999921 ], [ -44.110255599999967, -19.87827179999994 ], [ -44.109851499999941, -19.878242799999946 ], [ -44.109509299999957, -19.878211499999971 ], [ -44.109162099999935, -19.87817519999993 ], [ -44.109078299999965, -19.87817229999996 ], [ -44.108642199999963, -19.87817 ], [ -44.10813939999997, -19.878513499999936 ], [ -44.105061499999969, -19.880356799999959 ], [ -44.104863199999954, -19.880492 ], [ -44.104555199999936, -19.880495099999969 ], [ -44.1041489, -19.880260199999945 ], [ -44.103822, -19.880112499999932 ], [ -44.103731299999929, -19.880062199999937 ], [ -44.103579199999963, -19.879930299999959 ], [ -44.103543299999949, -19.87992149999997 ], [ -44.10340089999994, -19.879927699999939 ], [ -44.103343, -19.87991709999994 ], [ -44.1032886, -19.879880399999934 ], [ -44.103254, -19.879853399999941 ], [ -44.103231299999941, -19.879801899999968 ], [ -44.103236299999942, -19.879645399999958 ], [ -44.103217199999968, -19.879600799999928 ], [ -44.103169299999934, -19.879558699999954 ], [ -44.103093899999976, -19.879528699999977 ], [ -44.102957099999962, -19.879508899999959 ], [ -44.10285609999994, -19.879517199999952 ], [ -44.102796699999942, -19.879563 ], [ -44.102727199999947, -19.879572899999967 ], [ -44.102673399999958, -19.879550699999982 ], [ -44.102553299999954, -19.879467199999965 ], [ -44.102470099999948, -19.879427899999932 ], [ -44.102084799999943, -19.879367499999944 ], [ -44.101996199999981, -19.879322499999944 ], [ -44.10184269999997, -19.879200599999926 ], [ -44.101801299999977, -19.879179299999972 ], [ -44.101739499999951, -19.879174799999923 ], [ -44.101646799999969, -19.879198599999938 ], [ -44.101499899999965, -19.879176099999938 ], [ -44.101463499999966, -19.879170599999956 ], [ -44.10143869999996, -19.878991699999961 ], [ -44.101394899999946, -19.878733699999938 ], [ -44.101354, -19.878522599999926 ], [ -44.101292, -19.878305899999923 ], [ -44.101235899999949, -19.878213899999931 ], [ -44.101180199999931, -19.878141699999951 ], [ -44.100773, -19.877706499999938 ], [ -44.100632499999953, -19.877542499999947 ], [ -44.100584199999957, -19.877458799999943 ], [ -44.100536099999943, -19.877352599999945 ], [ -44.100461399999972, -19.877111099999983 ], [ -44.10037779999994, -19.876771499999958 ], [ -44.10029319999996, -19.87636939999993 ], [ -44.100264, -19.8763 ], [ -44.099719, -19.876477199999947 ], [ -44.099372499999959, -19.876597599999972 ], [ -44.099171399999932, -19.876653299999923 ], [ -44.09892949999994, -19.876707199999945 ], [ -44.098644199999967, -19.876749799999978 ], [ -44.09847479999997, -19.876765899999949 ], [ -44.09832849999998, -19.876775799999958 ], [ -44.097085, -19.876951699999935 ], [ -44.096647399999938, -19.877014099999947 ], [ -44.096641899999959, -19.876984899999965 ], [ -44.096301499999974, -19.874849599999944 ], [ -44.095269899999948, -19.874978 ], [ -44.095443699999976, -19.87631819999995 ], [ -44.095095199999946, -19.876889199999926 ], [ -44.094969899999967, -19.877031199999976 ], [ -44.094883099999954, -19.876976699999933 ], [ -44.094822799999974, -19.876986199999966 ], [ -44.09477, -19.876965199999979 ], [ -44.094596899999942, -19.876818499999953 ], [ -44.094393299999986, -19.876819599999973 ], [ -44.094057299999974, -19.876851299999931 ], [ -44.093811199999948, -19.876846399999987 ], [ -44.093520799999972, -19.876807099999951 ], [ -44.093294599999986, -19.876727899999942 ], [ -44.092956599999987, -19.876801199999925 ], [ -44.092777599999984, -19.876841799999962 ], [ -44.092636499999969, -19.876791699999945 ], [ -44.09252749999996, -19.876776599999964 ], [ -44.092412799999977, -19.876888799999968 ], [ -44.092251399999952, -19.876950299999976 ], [ -44.092154599999958, -19.877044899999927 ], [ -44.092042499999934, -19.877078199999971 ], [ -44.091818899999964, -19.877119899999965 ], [ -44.09163859999996, -19.877103299999931 ], [ -44.091327299999932, -19.877019399999927 ], [ -44.091037799999988, -19.876978599999976 ], [ -44.090853799999927, -19.87693449999994 ], [ -44.090407799999987, -19.876935499999927 ], [ -44.090278699999942, -19.877000899999921 ], [ -44.090098799999971, -19.877125399999954 ], [ -44.089921599999975, -19.877188799999942 ], [ -44.089743599999963, -19.877157699999938 ], [ -44.089564, -19.877215599999932 ], [ -44.089327, -19.87719009999995 ], [ -44.089260099999933, -19.877067099999966 ], [ -44.089124599999927, -19.876975699999949 ], [ -44.088860099999984, -19.876990099999936 ], [ -44.088627199999962, -19.876918 ], [ -44.08832979999994, -19.876656599999926 ], [ -44.088277799999958, -19.876516 ], [ -44.088270399999949, -19.876387499999964 ], [ -44.088325199999986, -19.876229899999942 ], [ -44.088374599999952, -19.876124399999984 ], [ -44.088469499999974, -19.875761599999972 ], [ -44.088498699999953, -19.875364599999955 ], [ -44.088047499999959, -19.875701 ], [ -44.088058, -19.875533099999927 ], [ -44.08804669999995, -19.875419 ], [ -44.088022499999965, -19.875304399999944 ], [ -44.087893399999984, -19.874956199999922 ], [ -44.087735899999984, -19.874538099999945 ], [ -44.08768189999995, -19.87436649999994 ], [ -44.087652799999944, -19.874246299999974 ], [ -44.087649099999958, -19.874165299999941 ], [ -44.087656599999946, -19.873881299999937 ], [ -44.087649899999981, -19.873824899999928 ], [ -44.087621399999932, -19.873770399999966 ], [ -44.087484, -19.873607699999976 ], [ -44.08711459999995, -19.873185199999959 ], [ -44.086995399999978, -19.873080399999935 ], [ -44.086699299999964, -19.872876499999954 ], [ -44.086471, -19.872779 ], [ -44.08659849999998, -19.872492 ], [ -44.086712, -19.872268 ], [ -44.086865, -19.871945 ], [ -44.087054499999972, -19.87151219999993 ], [ -44.08722, -19.871114 ], [ -44.087550799999974, -19.871023799999929 ], [ -44.087585799999943, -19.871004899999953 ], [ -44.087514499999941, -19.870360299999959 ], [ -44.087391599999933, -19.869307899999978 ], [ -44.087375799999968, -19.869199299999941 ], [ -44.087378799999954, -19.869133099999939 ], [ -44.087383099999954, -19.869039599999944 ], [ -44.087528299999981, -19.86791149999992 ], [ -44.0872179, -19.867923 ], [ -44.08719259999998, -19.867125299999945 ], [ -44.087009199999954, -19.867140599999981 ], [ -44.086492799999974, -19.867185899999971 ], [ -44.085866499999952, -19.867240799999927 ], [ -44.08506239999997, -19.867304399999973 ], [ -44.084314, -19.86736309999997 ], [ -44.082559499999945, -19.867468499999973 ], [ -44.082523299999934, -19.867466699999959 ], [ -44.081969799999968, -19.867439799999936 ], [ -44.081918899999948, -19.867437299999946 ], [ -44.081610399999938, -19.867422299999934 ], [ -44.08158839999993, -19.867689799999933 ], [ -44.081533399999955, -19.867892299999937 ], [ -44.081562499999968, -19.868130799999967 ], [ -44.081651299999976, -19.868327499999964 ], [ -44.081849599999941, -19.868569499999982 ], [ -44.081895699999968, -19.868874 ], [ -44.081722199999938, -19.868941399999986 ], [ -44.081648499999964, -19.869008399999938 ], [ -44.081541499999958, -19.869185 ], [ -44.081362099999986, -19.86935289999996 ], [ -44.081220099999939, -19.869497299999974 ], [ -44.081140599999969, -19.869583099999936 ], [ -44.08104, -19.869695799999931 ], [ -44.080942499999935, -19.869814899999934 ], [ -44.080881, -19.86989009999996 ], [ -44.080793699999958, -19.869990599999937 ], [ -44.080722199999968, -19.870060599999935 ], [ -44.080711699999938, -19.87005269999997 ], [ -44.080623, -19.870051 ], [ -44.080547699999954, -19.870066699999928 ], [ -44.080450299999939, -19.87007489999997 ], [ -44.0803375, -19.870026599999949 ], [ -44.080248799999936, -19.869966 ], [ -44.080181799999934, -19.869864 ], [ -44.07999929999994, -19.869717799999933 ], [ -44.07994309999998, -19.869675799999978 ], [ -44.079901, -19.869622599999953 ], [ -44.079834699999942, -19.869605099999937 ], [ -44.079652799999963, -19.869664699999941 ], [ -44.079572799999944, -19.869666199999919 ], [ -44.079537899999934, -19.869652199999962 ], [ -44.079461399999957, -19.869632099999929 ], [ -44.079316899999981, -19.86970139999994 ], [ -44.079242099999931, -19.869704899999935 ], [ -44.079163599999966, -19.869669099999953 ], [ -44.079130799999973, -19.869637399999945 ], [ -44.07905379999994, -19.869593499999951 ], [ -44.078958, -19.869620899999969 ], [ -44.078881899999949, -19.869623099999956 ], [ -44.078798699999943, -19.869576199999916 ], [ -44.078691599999956, -19.869606199999946 ], [ -44.078591399999937, -19.86968259999998 ], [ -44.0785274, -19.869717599999934 ], [ -44.078421099999957, -19.869720799999975 ], [ -44.078364, -19.869661399999927 ], [ -44.0782885, -19.869650199999953 ], [ -44.078194899999971, -19.869669899999966 ], [ -44.078076199999948, -19.869656699999943 ], [ -44.077990599999971, -19.869607499999965 ], [ -44.077883699999973, -19.869609699999952 ], [ -44.077771, -19.869658799999968 ], [ -44.077711299999976, -19.869737499999932 ], [ -44.077647699999943, -19.86984619999992 ], [ -44.077541099999962, -19.869891899999981 ], [ -44.077414099999942, -19.869902599999929 ], [ -44.077299099999941, -19.869932299999963 ], [ -44.077206599999954, -19.869946899999931 ], [ -44.077119099999948, -19.869931199999943 ], [ -44.076945399999943, -19.869839 ], [ -44.076725799999963, -19.869683399999932 ], [ -44.076577499999985, -19.869591799999963 ], [ -44.076454499999961, -19.869478099999974 ], [ -44.076614399999983, -19.869383899999942 ], [ -44.076712299999947, -19.869270699999952 ], [ -44.07681649999995, -19.869191699999934 ], [ -44.076902, -19.869048899999949 ], [ -44.076954299999954, -19.868928399999952 ], [ -44.07683789999993, -19.868841699999965 ], [ -44.076780299999939, -19.86864549999995 ], [ -44.076729499999935, -19.868523599999939 ], [ -44.07656929999996, -19.868331099999967 ], [ -44.076435299999957, -19.86819069999996 ], [ -44.076249699999956, -19.86802879999993 ], [ -44.076099599999964, -19.867927499999954 ], [ -44.076110399999948, -19.867813099999982 ], [ -44.076066, -19.867661399999967 ], [ -44.076037099999958, -19.867519 ], [ -44.076038899999958, -19.867404899999926 ], [ -44.076075199999934, -19.867351599999939 ], [ -44.075975099999937, -19.867153499999972 ], [ -44.075988099999968, -19.866963799999944 ], [ -44.075985899999971, -19.866908899999942 ], [ -44.075945199999971, -19.866815199999969 ], [ -44.075940299999957, -19.866670299999949 ], [ -44.07586989999993, -19.866486499999947 ], [ -44.075818699999957, -19.866385599999933 ], [ -44.075802899999985, -19.865927199999923 ], [ -44.075738899999976, -19.865668399999937 ], [ -44.075518899999956, -19.865307499999961 ], [ -44.075129899999979, -19.864978299999962 ], [ -44.074935899999957, -19.864613 ], [ -44.074600099999941, -19.864227299999989 ], [ -44.074493399999938, -19.863943299999967 ], [ -44.074512899999945, -19.863666 ], [ -44.074577599999948, -19.863444499999961 ], [ -44.074557299999981, -19.863282399999939 ], [ -44.074436299999945, -19.863131899999935 ], [ -44.073957299999961, -19.862936899999969 ], [ -44.073649099999955, -19.862779 ], [ -44.073407699999962, -19.862536399999954 ], [ -44.073156399999966, -19.862107 ], [ -44.072826699999958, -19.861726299999923 ], [ -44.072452, -19.861369 ], [ -44.072153, -19.860800899999958 ], [ -44.072009499999979, -19.860504599999942 ], [ -44.071866499999949, -19.860076799999945 ], [ -44.071637099999975, -19.859670299999959 ], [ -44.071886799999966, -19.859049399999957 ], [ -44.072093799999948, -19.858334499999948 ], [ -44.072193399999946, -19.85767489999995 ], [ -44.072278799999935, -19.856200399999974 ], [ -44.072319899999968, -19.855490199999956 ], [ -44.072366699999975, -19.854404599999945 ], [ -44.072395599999936, -19.853537099999983 ], [ -44.0723809, -19.853484 ], [ -44.072381699999944, -19.853364299999946 ], [ -44.072382399999988, -19.85326049999998 ], [ -44.072383299999956, -19.853139399999961 ], [ -44.072499199999989, -19.850864299999962 ], [ -44.072548, -19.849475899999955 ], [ -44.072586599999966, -19.849003799999942 ], [ -44.072634799999946, -19.848682099999952 ], [ -44.072689, -19.84835749999996 ], [ -44.072774599999946, -19.847955099999986 ], [ -44.07287029999997, -19.847581899999959 ], [ -44.073041699999983, -19.847022399999947 ], [ -44.073242, -19.846478099999949 ], [ -44.073419, -19.846094399999963 ], [ -44.073653, -19.845621 ], [ -44.074674199999947, -19.843559699999958 ], [ -44.075706399999952, -19.841510099999926 ], [ -44.075958899999939, -19.841173499999957 ], [ -44.075841099999934, -19.841001399999978 ], [ -44.075751199999956, -19.840831399999953 ], [ -44.07564449999996, -19.840442299999946 ], [ -44.07558379999994, -19.840049399999938 ], [ -44.075463799999966, -19.839783199999943 ], [ -44.075346299999978, -19.839647599999964 ], [ -44.075182899999966, -19.839466799999975 ], [ -44.074982899999952, -19.839385899999968 ], [ -44.074824699999965, -19.839370099999929 ], [ -44.074697899999933, -19.839399399999941 ], [ -44.074523399999975, -19.839453399999972 ], [ -44.074408499999947, -19.839487699999939 ], [ -44.07424919999994, -19.839562 ], [ -44.07411639999998, -19.839641399999952 ], [ -44.073977199999945, -19.839745899999961 ], [ -44.073837399999945, -19.839865699999951 ], [ -44.073655899999949, -19.840040899999966 ], [ -44.073542199999963, -19.840122699999927 ], [ -44.073393599999974, -19.840196 ], [ -44.073245199999981, -19.840252899999946 ], [ -44.073117099999934, -19.840323599999966 ], [ -44.072986199999946, -19.840390099999976 ], [ -44.0728084, -19.84047309999994 ], [ -44.072599, -19.840529699999923 ], [ -44.07164419999998, -19.840484499999953 ], [ -44.071442299999944, -19.840558 ], [ -44.0711788, -19.840689199999929 ], [ -44.071020199999964, -19.840845699999925 ], [ -44.070966899999966, -19.84096969999996 ], [ -44.070728699999954, -19.841281099999954 ], [ -44.070376299999957, -19.841631699999933 ], [ -44.070197399999984, -19.841778 ], [ -44.070125399999938, -19.841868499999983 ], [ -44.070018199999936, -19.842003199999958 ], [ -44.069829299999988, -19.842270299999939 ], [ -44.069521399999985, -19.842763699999963 ], [ -44.069414299999956, -19.843011599999954 ], [ -44.068931699999951, -19.843712 ], [ -44.068825, -19.843864699999919 ], [ -44.068519199999976, -19.844201099999957 ], [ -44.068357, -19.84442839999997 ], [ -44.068275, -19.844612199999972 ], [ -44.068236099999986, -19.844699399999971 ], [ -44.068067299999939, -19.845077599999964 ], [ -44.067968299999968, -19.845195299999929 ], [ -44.067815399999972, -19.845238699999985 ], [ -44.067588799999953, -19.845233399999923 ], [ -44.067526299999948, -19.845231899999934 ], [ -44.067342599999954, -19.845227699999946 ], [ -44.067241299999985, -19.845233499999956 ], [ -44.06717169999996, -19.845237499999939 ], [ -44.067051899999967, -19.845269199999962 ], [ -44.066901599999937, -19.845354699999973 ], [ -44.066801099999964, -19.845411799999969 ], [ -44.066672899999958, -19.845484699999918 ], [ -44.066526299999964, -19.845568 ], [ -44.066406499999971, -19.845610499999957 ], [ -44.066367299999968, -19.845616899999971 ], [ -44.066246899999953, -19.84563659999997 ], [ -44.066110899999956, -19.845625599999952 ], [ -44.065987699999944, -19.845615599999974 ], [ -44.065849599999979, -19.845565799999974 ], [ -44.065717499999955, -19.845461499999939 ], [ -44.065622799999971, -19.845394799999941 ], [ -44.065434699999969, -19.845410799999961 ], [ -44.065106499999956, -19.845438599999962 ], [ -44.0650644, -19.845440699999919 ], [ -44.065022399999968, -19.845442799999944 ], [ -44.064813, -19.845444199999971 ], [ -44.06443, -19.845445599999948 ], [ -44.064047699999946, -19.845469799999933 ], [ -44.06385679999994, -19.845463 ], [ -44.063212199999953, -19.845295799999963 ], [ -44.063028499999973, -19.845299799999964 ], [ -44.062826199999968, -19.845340899999943 ], [ -44.062565499999955, -19.845493399999938 ], [ -44.062415699999974, -19.84552739999998 ], [ -44.062213599999957, -19.84553619999998 ], [ -44.061068299999931, -19.845331299999952 ], [ -44.060441499999975, -19.845321599999981 ], [ -44.060017299999977, -19.845262 ], [ -44.058891699999947, -19.845256099999979 ], [ -44.0578546, -19.845116699999952 ], [ -44.057575799999938, -19.844988199999925 ], [ -44.057445699999953, -19.84488779999997 ], [ -44.057038499999976, -19.844516699999932 ], [ -44.056651399999964, -19.844166299999937 ], [ -44.056467599999969, -19.844001399999989 ], [ -44.056208799999972, -19.843798099999972 ], [ -44.055669699999953, -19.843350499999936 ], [ -44.055429, -19.843079799999938 ], [ -44.055122899999965, -19.842743 ], [ -44.054904799999974, -19.842524499999964 ], [ -44.054681899999935, -19.84237109999998 ], [ -44.054500099999984, -19.842246099999947 ], [ -44.05409, -19.842051699999956 ], [ -44.053937599999983, -19.841989799999975 ], [ -44.053837, -19.841918399999926 ], [ -44.053746499999932, -19.841850499999971 ], [ -44.053272199999988, -19.841494399999924 ], [ -44.052725199999941, -19.841104599999934 ], [ -44.052591599999971, -19.841011099999953 ], [ -44.052296, -19.840907099999978 ], [ -44.052051599999977, -19.840808699999961 ], [ -44.052001699999956, -19.840787799999937 ], [ -44.051382299999943, -19.840529 ], [ -44.050935, -19.840251099999936 ], [ -44.05086879999994, -19.84021 ], [ -44.050760299999979, -19.840142699999955 ], [ -44.050414099999962, -19.839886099999934 ], [ -44.05004919999994, -19.839700299999951 ], [ -44.049308799999949, -19.839209899999965 ], [ -44.048715199999947, -19.838938499999927 ], [ -44.048645499999964, -19.838906599999973 ], [ -44.048328, -19.838761499999972 ], [ -44.047952, -19.838532499999925 ], [ -44.047837899999934, -19.838429299999969 ], [ -44.047701199999956, -19.838218399999953 ], [ -44.047632699999951, -19.838112799999987 ], [ -44.047554799999943, -19.837688299999972 ], [ -44.04750149999996, -19.836970399999924 ], [ -44.047420399999965, -19.836521199999929 ], [ -44.047407, -19.836446899999945 ], [ -44.047241699999972, -19.83567279999993 ], [ -44.047182799999973, -19.835398499999943 ], [ -44.047043, -19.834907099999949 ], [ -44.046872699999945, -19.834404499999934 ], [ -44.046726599999936, -19.834159499999942 ], [ -44.046340299999947, -19.83394809999993 ], [ -44.045135399999936, -19.833459 ], [ -44.044789, -19.83331829999997 ], [ -44.044768099999942, -19.833302799999949 ], [ -44.044666899999982, -19.833227 ], [ -44.044562499999984, -19.833143499999949 ], [ -44.044451499999987, -19.833054699999938 ], [ -44.044210499999963, -19.832841199999958 ], [ -44.043989, -19.832645 ], [ -44.043836, -19.832473099999969 ], [ -44.043620899999951, -19.83223129999994 ], [ -44.043604099999982, -19.832244799999966 ], [ -44.043587599999967, -19.832258 ], [ -44.043355299999973, -19.83244429999996 ], [ -44.043202599999972, -19.832590399999958 ], [ -44.043077599999947, -19.83271 ], [ -44.042642, -19.833122899999974 ], [ -44.042311699999971, -19.832805699999938 ], [ -44.041793599999956, -19.832295899999966 ], [ -44.041728899999953, -19.83230669999994 ], [ -44.041612899999961, -19.832404799999942 ], [ -44.041496799999948, -19.832503 ], [ -44.041183799999935, -19.832621399999937 ], [ -44.041230499999976, -19.832900299999949 ], [ -44.041309499999954, -19.83313 ], [ -44.041381299999955, -19.83344 ], [ -44.041431599999953, -19.83359919999997 ], [ -44.04152849999997, -19.833796599999967 ], [ -44.041593099999943, -19.833928299999972 ], [ -44.041626599999972, -19.834064699999949 ], [ -44.041629, -19.834189099999943 ], [ -44.041425599999968, -19.834114899999971 ], [ -44.041043799999954, -19.833937799999934 ], [ -44.040717099999938, -19.833775099999968 ], [ -44.04063819999994, -19.834249 ], [ -44.040017599999942, -19.834223299999962 ], [ -44.040042899999939, -19.834277699999987 ], [ -44.040024799999969, -19.834551 ], [ -44.040005199999946, -19.834896799999974 ], [ -44.039988, -19.835392 ], [ -44.039987399999973, -19.835411899999936 ], [ -44.039984, -19.835518899999968 ], [ -44.039965899999977, -19.835879799999933 ], [ -44.039953299999979, -19.835879599999963 ], [ -44.039931699999954, -19.83662759999994 ], [ -44.039262299999962, -19.836553299999931 ], [ -44.039253699999968, -19.836710299999933 ], [ -44.039247199999984, -19.836831099999923 ], [ -44.039233299999978, -19.836957399999967 ], [ -44.039215499999962, -19.837119499999968 ], [ -44.039197099999974, -19.83718889999993 ], [ -44.039186599999944, -19.837228799999934 ], [ -44.039176, -19.837268799999954 ], [ -44.03916879999997, -19.837296199999976 ], [ -44.039159599999941, -19.83733089999993 ], [ -44.039141699999959, -19.837366799999934 ], [ -44.039116799999931, -19.837416799999968 ], [ -44.039092199999978, -19.837466299999971 ], [ -44.039005599999939, -19.837640399999948 ], [ -44.038960599999939, -19.837759699999946 ], [ -44.038940599999933, -19.837812599999953 ], [ -44.038904399999979, -19.837857899999953 ], [ -44.038823499999985, -19.837930699999962 ], [ -44.038751899999966, -19.837995299999932 ], [ -44.038701799999956, -19.83801769999997 ], [ -44.03861, -19.838058699999976 ], [ -44.038461199999972, -19.838038799999943 ], [ -44.038418199999974, -19.838033 ], [ -44.038218799999981, -19.837997099999939 ], [ -44.038040699999954, -19.837965099999963 ], [ -44.037497099999939, -19.83787749999993 ], [ -44.037444299999954, -19.837835199999965 ], [ -44.037428099999936, -19.837815699999968 ], [ -44.037397299999952, -19.837778399999934 ], [ -44.037358199999971, -19.837731 ], [ -44.03727059999995, -19.837666099999975 ], [ -44.037205699999959, -19.837645 ], [ -44.037158299999923, -19.837646 ], [ -44.037136199999964, -19.837646499999945 ], [ -44.037024499999973, -19.837664599999982 ], [ -44.036671199999944, -19.837791399999954 ], [ -44.036509399999943, -19.8378494 ], [ -44.036489899999943, -19.837856399999961 ], [ -44.036489899999943, -19.836745 ], [ -44.036494499999939, -19.83640069999996 ], [ -44.03649, -19.836065599999934 ], [ -44.036485399999954, -19.835727299999963 ], [ -44.036132099999982, -19.835715199999978 ], [ -44.035862299999962, -19.835705399999938 ], [ -44.03586329999996, -19.835694799999949 ], [ -44.035896499999978, -19.835374 ], [ -44.035924, -19.835004199999968 ], [ -44.035944299999983, -19.834732399999957 ], [ -44.035944799999989, -19.834724699999985 ], [ -44.035921199999962, -19.834718499999944 ], [ -44.035875399999952, -19.834706499999974 ], [ -44.035639799999956, -19.834649199999948 ], [ -44.035412199999939, -19.834622099999933 ], [ -44.035334799999937, -19.834612899999957 ], [ -44.034960499999954, -19.834567799999952 ], [ -44.034558699999934, -19.834519299999961 ], [ -44.034466499999958, -19.834514699999946 ], [ -44.034415499999959, -19.834512099999923 ], [ -44.03425969999995, -19.834504199999969 ], [ -44.034073899999953, -19.834477399999958 ], [ -44.033966799999973, -19.834461899999958 ], [ -44.033987899999943, -19.83422639999997 ], [ -44.034014899999931, -19.834070399999973 ], [ -44.034042299999946, -19.833912299999948 ], [ -44.034176, -19.83330929999995 ], [ -44.033506, -19.833192799999942 ], [ -44.033118, -19.833125399999972 ], [ -44.032937, -19.833093899999934 ], [ -44.032636899999943, -19.833044199999964 ], [ -44.032217499999945, -19.832974599999947 ], [ -44.031852299999976, -19.832914099999979 ], [ -44.031843699999968, -19.832912699999962 ], [ -44.03165949999994, -19.832918699999922 ], [ -44.031611199999929, -19.833012299999954 ], [ -44.031525, -19.833236799999963 ], [ -44.031481299999946, -19.833350599999964 ], [ -44.03133639999993, -19.833705399999936 ], [ -44.031329399999947, -19.83372079999998 ], [ -44.031294, -19.833798899999966 ], [ -44.031246599999974, -19.833903599999932 ], [ -44.031212599999947, -19.833978699999935 ], [ -44.031202899999982, -19.834016099999918 ], [ -44.031195899999943, -19.83404309999997 ], [ -44.031172599999941, -19.834132899999922 ], [ -44.031164099999955, -19.834165899999956 ], [ -44.031157499999956, -19.834191199999964 ], [ -44.03114759999994, -19.83422939999998 ], [ -44.03109459999996, -19.834462399999943 ], [ -44.031090199999937, -19.834481599999943 ], [ -44.03105249999993, -19.834711099999947 ], [ -44.031050199999981, -19.834757 ], [ -44.031049699999983, -19.834765399999981 ], [ -44.031041699999946, -19.834923399999976 ], [ -44.031041499999958, -19.834926299999953 ], [ -44.030767499999975, -19.835051299999972 ], [ -44.030734, -19.83506529999995 ], [ -44.03066, -19.835096299999979 ], [ -44.030648799999945, -19.835101 ], [ -44.030572199999945, -19.835167599999981 ], [ -44.030553299999958, -19.835184 ], [ -44.03053459999996, -19.8352 ], [ -44.030510399999976, -19.835220799999941 ], [ -44.030417199999938, -19.835300499999963 ], [ -44.030373899999979, -19.835337699999954 ], [ -44.030365, -19.835345199999953 ], [ -44.030286499999931, -19.835412499999965 ], [ -44.030277699999942, -19.83542 ], [ -44.030234199999938, -19.835416899999924 ], [ -44.030206699999958, -19.835392499999948 ], [ -44.0301434, -19.835336699999971 ], [ -44.030114699999963, -19.835311299999947 ], [ -44.030026799999973, -19.835206899999935 ], [ -44.029862699999967, -19.835011899999927 ], [ -44.029850799999956, -19.834997699999981 ], [ -44.02983519999998, -19.834977899999959 ], [ -44.029815099999951, -19.834952499999932 ], [ -44.029787099999965, -19.834917 ], [ -44.029756899999938, -19.834939799999979 ], [ -44.02972989999995, -19.834960199999955 ], [ -44.029714799999965, -19.834971599999967 ], [ -44.029706499999968, -19.83497789999997 ], [ -44.029681499999981, -19.834996799999931 ], [ -44.029648, -19.835022099999946 ], [ -44.029628799999962, -19.835036499999941 ], [ -44.029613199999964, -19.835049099999928 ], [ -44.029596399999946, -19.835062699999984 ], [ -44.029565599999955, -19.835087599999945 ], [ -44.029530499999964, -19.835116 ], [ -44.029493199999941, -19.83514619999994 ], [ -44.02948889999994, -19.835149599999966 ], [ -44.029484399999951, -19.835153199999986 ], [ -44.029483199999959, -19.83515419999998 ], [ -44.029482199999961, -19.835155 ], [ -44.029480499999984, -19.83515629999993 ], [ -44.029476099999961, -19.835159699999963 ], [ -44.029469699999929, -19.835164499999955 ], [ -44.029466499999955, -19.83516689999993 ], [ -44.029464399999931, -19.835168499999956 ], [ -44.029459399999958, -19.83517229999995 ], [ -44.029335099999969, -19.835266299999944 ], [ -44.029246899999983, -19.835333099999957 ], [ -44.027838399999951, -19.833712399999968 ], [ -44.027437099999929, -19.833250599999921 ], [ -44.027288599999963, -19.833079699999928 ], [ -44.027265399999976, -19.833053 ], [ -44.027255, -19.833041099999956 ], [ -44.027274099999943, -19.833009499999946 ], [ -44.027341899999946, -19.832897799999952 ], [ -44.027063599999963, -19.832696799999958 ], [ -44.026853899999935, -19.83247949999997 ], [ -44.026819099999948, -19.832421199999942 ], [ -44.026807399999939, -19.832366699999984 ], [ -44.026831099999981, -19.832096699999951 ], [ -44.026848499999964, -19.83200579999993 ], [ -44.026836499999945, -19.831930599999961 ], [ -44.0267985, -19.831859499999958 ], [ -44.026733799999931, -19.831738599999941 ], [ -44.026670799999977, -19.831595 ], [ -44.026644799999978, -19.831509399999959 ], [ -44.026572799999933, -19.831350499999935 ], [ -44.026382099999978, -19.830635199999961 ], [ -44.026202199999943, -19.830135299999938 ], [ -44.026158599999981, -19.829937799999978 ], [ -44.026077599999951, -19.829661899999952 ], [ -44.026057299999934, -19.829529699999981 ], [ -44.026052899999975, -19.829485599999938 ], [ -44.02602, -19.829402299999987 ], [ -44.025987499999985, -19.829385 ], [ -44.025860099999932, -19.829509599999948 ], [ -44.025816499999962, -19.829562599999974 ], [ -44.025732899999987, -19.829630299999966 ], [ -44.025701599999941, -19.829683499999931 ], [ -44.025625099999957, -19.829703699999989 ], [ -44.025528699999938, -19.829745899999988 ], [ -44.025380099999943, -19.829797399999965 ], [ -44.025308399999972, -19.829812299999951 ], [ -44.025200599999941, -19.829841 ], [ -44.024795599999948, -19.829950699999923 ], [ -44.024642699999958, -19.830027899999941 ], [ -44.024547799999944, -19.829992899999979 ], [ -44.024511599999983, -19.829975499999925 ], [ -44.024401499999961, -19.829922299999968 ], [ -44.02435909999997, -19.829907599999959 ], [ -44.024275699999968, -19.829878799999967 ], [ -44.02425089999997, -19.829870199999956 ], [ -44.024071399999968, -19.829840599999962 ], [ -44.024052199999971, -19.829837499999929 ], [ -44.024022199999941, -19.829832599999982 ], [ -44.023928799999965, -19.829811099999976 ], [ -44.023915099999954, -19.829808 ], [ -44.023879199999946, -19.829813599999962 ], [ -44.023834, -19.829820699999971 ], [ -44.023795, -19.829826799999978 ], [ -44.023779399999974, -19.829830699999953 ], [ -44.023702, -19.829850199999964 ], [ -44.023640899999982, -19.829865599999959 ], [ -44.023634299999969, -19.82986729999994 ], [ -44.023618899999981, -19.829870799999977 ], [ -44.023487, -19.829900299999956 ], [ -44.023468399999963, -19.829904499999934 ], [ -44.023369399999979, -19.82992669999993 ], [ -44.023352199999984, -19.829930399999956 ], [ -44.023319199999953, -19.829937699999956 ], [ -44.02319, -19.829966 ], [ -44.0231189, -19.829981699999969 ], [ -44.023072599999985, -19.829992599999979 ], [ -44.023019499999975, -19.830005199999967 ], [ -44.022975599999945, -19.830015499999934 ], [ -44.022880099999952, -19.830038099999964 ], [ -44.02277109999995, -19.830065899999955 ], [ -44.022751399999947, -19.830071 ], [ -44.022602199999938, -19.830109 ], [ -44.022498899999967, -19.830135199999976 ], [ -44.02248359999993, -19.830139 ], [ -44.022367899999949, -19.830168299999965 ], [ -44.022350299999971, -19.830172699999927 ], [ -44.02232, -19.830180099999943 ], [ -44.022145099999925, -19.830222499999937 ], [ -44.022128199999941, -19.830226599999939 ], [ -44.022105599999982, -19.830232099999932 ], [ -44.0220303, -19.830245799999943 ], [ -44.022018099999968, -19.83025 ], [ -44.022000099999957, -19.830256099999932 ], [ -44.02196339999994, -19.830268499999931 ], [ -44.021948299999963, -19.830273599999938 ], [ -44.021889399999964, -19.830292699999973 ], [ -44.021868899999959, -19.830299399999955 ], [ -44.02173, -19.830344399999962 ], [ -44.021664, -19.8303658 ], [ -44.021580899999947, -19.830441499999946 ], [ -44.021568, -19.830453199999972 ], [ -44.021554399999957, -19.830465599999968 ], [ -44.021515, -19.830501499999972 ], [ -44.021507199999974, -19.830506399999933 ], [ -44.021463299999944, -19.830534 ], [ -44.021432299999958, -19.830553399999928 ], [ -44.02141139999997, -19.830566599999948 ], [ -44.021348399999972, -19.830606099999958 ], [ -44.021312, -19.830629 ], [ -44.02129709999997, -19.830638899999936 ], [ -44.021266799999978, -19.830659099999931 ], [ -44.021224, -19.830687699999945 ], [ -44.021210199999977, -19.830697 ], [ -44.021112099999982, -19.830762399999966 ], [ -44.021016399999951, -19.830826299999963 ], [ -44.020993599999947, -19.830840199999951 ], [ -44.020933, -19.830877399999963 ], [ -44.020898199999976, -19.830898699999988 ], [ -44.020805099999961, -19.830955699999954 ], [ -44.020764, -19.830980899999918 ], [ -44.020695, -19.831023199999954 ], [ -44.020676399999957, -19.831001199999939 ], [ -44.020660499999963, -19.830982399999975 ], [ -44.020589499999971, -19.830898299999959 ], [ -44.02051, -19.830804299999947 ], [ -44.020490099999961, -19.830778399999936 ], [ -44.020454199999953, -19.830731599999989 ], [ -44.020421399999975, -19.830689 ], [ -44.020378099999959, -19.830639099999928 ], [ -44.020366799999977, -19.830626 ], [ -44.020345799999973, -19.83060179999995 ], [ -44.020264399999974, -19.830508 ], [ -44.020227699999971, -19.830464899999988 ], [ -44.020188499999968, -19.830418699999939 ], [ -44.020137799999922, -19.830359099999963 ], [ -44.020083399999983, -19.830295099999947 ], [ -44.020052199999945, -19.830255599999933 ], [ -44.019967, -19.830147499999953 ], [ -44.019934299999932, -19.830106099999963 ], [ -44.019904599999961, -19.830058699999942 ], [ -44.019876699999948, -19.830014199999937 ], [ -44.019848499999966, -19.829969099999978 ], [ -44.01979589999997, -19.829885099999952 ], [ -44.019789799999955, -19.82987 ], [ -44.019778699999968, -19.82984219999998 ], [ -44.019748, -19.829765399999939 ], [ -44.019729299999945, -19.829770699999912 ], [ -44.019677899999976, -19.829785399999942 ], [ -44.019644699999958, -19.829794899999957 ], [ -44.019598899999941, -19.829807899999931 ], [ -44.019445399999945, -19.829861699999963 ], [ -44.01933269999995, -19.829901099999962 ], [ -44.019310299999972, -19.829908699999983 ], [ -44.019236399999954, -19.829933899999951 ], [ -44.019076599999948, -19.829988299999979 ], [ -44.01894939999994, -19.830031499999965 ], [ -44.01887319999998, -19.830056599999971 ], [ -44.01878789999995, -19.83008469999994 ], [ -44.018747099999985, -19.83009809999993 ], [ -44.018683199999941, -19.830119399999948 ], [ -44.018601299999936, -19.83014669999995 ], [ -44.018563399999948, -19.830159299999941 ], [ -44.018551499999944, -19.830162899999948 ], [ -44.018449, -19.830193899999923 ], [ -44.018361099999936, -19.830228499999972 ], [ -44.018299399999933, -19.830245499999922 ], [ -44.018286199999984, -19.830249099999943 ], [ -44.018224699999962, -19.830265899999972 ], [ -44.018196099999955, -19.830273799999926 ], [ -44.018105599999963, -19.830303099999973 ], [ -44.018061799999934, -19.830322199999955 ], [ -44.017964899999981, -19.83036449999997 ], [ -44.01795, -19.830368799999974 ], [ -44.017925899999966, -19.830375799999942 ], [ -44.017797299999984, -19.830412799999984 ], [ -44.017752199999968, -19.83042579999994 ], [ -44.017731099999935, -19.830431899999947 ], [ -44.017724, -19.830434399999941 ], [ -44.017628499999944, -19.830469 ], [ -44.017599899999936, -19.830473299999944 ], [ -44.017575699999952, -19.830481399999943 ], [ -44.017510299999977, -19.830503599999929 ], [ -44.017433499999989, -19.830529599999974 ], [ -44.017402199999935, -19.830540199999966 ], [ -44.017342499999977, -19.830560399999978 ], [ -44.017306499999961, -19.830572599999986 ], [ -44.017266199999938, -19.830588599999938 ], [ -44.017214299999985, -19.830609299999928 ], [ -44.017093099999961, -19.830657499999965 ], [ -44.017086399999975, -19.830660199999958 ], [ -44.017026, -19.830682299999971 ], [ -44.016888699999988, -19.83073249999995 ], [ -44.016824, -19.830756199999939 ], [ -44.01676939999993, -19.83077609999998 ], [ -44.016774099999964, -19.8308 ], [ -44.016778799999948, -19.830823399999939 ], [ -44.016796799999959, -19.8308661 ], [ -44.016803599999953, -19.830882199999969 ], [ -44.016824299999939, -19.830931299999985 ], [ -44.016868699999975, -19.831036599999948 ], [ -44.016876699999955, -19.831055799999948 ], [ -44.016883899999982, -19.83107289999997 ], [ -44.016918399999959, -19.831154699999956 ], [ -44.016938799999934, -19.831180599999975 ], [ -44.016944599999938, -19.831187899999978 ], [ -44.01696249999997, -19.831210699999929 ], [ -44.017000499999938, -19.831258799999947 ], [ -44.017021599999964, -19.831285699999977 ], [ -44.017064499999947, -19.831340199999939 ], [ -44.017142, -19.831438399999964 ], [ -44.017194599999982, -19.831505199999988 ], [ -44.017226, -19.831545099999971 ], [ -44.017297, -19.831630299999979 ], [ -44.017225299999957, -19.83167879999996 ], [ -44.017105899999933, -19.831759499999979 ], [ -44.016968099999978, -19.831852699999963 ], [ -44.016960799999936, -19.831864099999969 ], [ -44.01691789999996, -19.831931 ], [ -44.016909, -19.831945 ], [ -44.016550799999955, -19.832215199999961 ], [ -44.016557599999942, -19.832226199999983 ], [ -44.016615599999966, -19.832318799999932 ], [ -44.01662539999996, -19.832330699999929 ], [ -44.016634799999963, -19.832342199999971 ], [ -44.016658599999971, -19.832370799999971 ], [ -44.016822899999973, -19.832569699999961 ], [ -44.016945899999932, -19.832718499999942 ], [ -44.016979099999958, -19.83275869999996 ], [ -44.016998899999976, -19.832782599999963 ], [ -44.017111899999968, -19.832903799999944 ], [ -44.017139099999952, -19.832933 ], [ -44.017183799999948, -19.832980899999942 ], [ -44.017218099999972, -19.833017699999964 ], [ -44.017256, -19.83305839999997 ], [ -44.017259199999948, -19.833063799999945 ], [ -44.017305199999946, -19.833141199999943 ], [ -44.017328299999974, -19.833180099999936 ], [ -44.017426399999977, -19.833320799999974 ], [ -44.017458599999934, -19.833367099999975 ], [ -44.01705879999998, -19.833687699999913 ], [ -44.017376599999984, -19.833754799999952 ], [ -44.017810099999963, -19.834333399999942 ], [ -44.017813299999943, -19.834786899999919 ], [ -44.018262499999935, -19.835545499999963 ], [ -44.01846919999997, -19.835864599999976 ], [ -44.018826799999943, -19.836416399999962 ], [ -44.01893519999993, -19.836583799999978 ], [ -44.019024399999978, -19.836669599999937 ], [ -44.019131499999958, -19.836772799999949 ], [ -44.01926519999995, -19.836890399999955 ], [ -44.019289399999941, -19.836911599999954 ], [ -44.019507199999964, -19.836997799999956 ], [ -44.019620799999984, -19.837051499999973 ], [ -44.019729799999936, -19.837103099999979 ], [ -44.019804299999976, -19.837141299999924 ], [ -44.019954, -19.837218 ], [ -44.020078099999985, -19.83729459999995 ], [ -44.020161799999983, -19.837622499999949 ], [ -44.020177199999978, -19.837627799999947 ], [ -44.020252199999959, -19.838007 ], [ -44.020116399999949, -19.838323799999952 ], [ -44.019999099999957, -19.838383599999936 ], [ -44.01991639999995, -19.838581599999941 ], [ -44.019912, -19.838592199999947 ], [ -44.019903499999948, -19.838612499999957 ], [ -44.019850799999979, -19.838738699999968 ], [ -44.019757099999936, -19.83896309999994 ], [ -44.019671299999978, -19.839168399999949 ], [ -44.019331799999982, -19.839981399999946 ], [ -44.019307399999946, -19.840039899999962 ], [ -44.019288499999959, -19.840085199999987 ], [ -44.019082399999938, -19.840580799999948 ], [ -44.01903, -19.840752 ], [ -44.018919, -19.840982 ], [ -44.018808, -19.841247 ], [ -44.01866, -19.841546 ], [ -44.018583899999953, -19.841750399999967 ], [ -44.018543899999948, -19.841857699999927 ], [ -44.018425399999956, -19.842088599999968 ], [ -44.018410299999978, -19.842122099999926 ], [ -44.018311099999949, -19.842342099999936 ], [ -44.018305299999959, -19.842355 ], [ -44.018260299999959, -19.842454799999931 ], [ -44.018135699999966, -19.842761 ], [ -44.017895299999971, -19.843352299999953 ], [ -44.017719, -19.843767 ], [ -44.017598499999963, -19.844050499999984 ], [ -44.0174229, -19.844463599999923 ], [ -44.017392599999937, -19.844534699999937 ], [ -44.017368799999986, -19.844587899999961 ], [ -44.017317799999944, -19.844701499999932 ], [ -44.017076699999961, -19.845238399999971 ], [ -44.016859899999986, -19.845738299999947 ], [ -44.0168422, -19.845779299999947 ], [ -44.016735499999989, -19.846015699999942 ], [ -44.016583899999944, -19.846351699999968 ], [ -44.016521399999931, -19.8464901 ], [ -44.0164018, -19.846762899999931 ], [ -44.016282099999955, -19.847035799999947 ], [ -44.016244399999948, -19.847081799999952 ], [ -44.016213299999947, -19.847119599999932 ], [ -44.015981699999941, -19.847401899999966 ], [ -44.015920699999981, -19.847476199999953 ], [ -44.0156, -19.847792099999936 ], [ -44.015493799999945, -19.84787949999998 ], [ -44.01544389999998, -19.84792049999993 ], [ -44.015006399999955, -19.848280399999961 ], [ -44.01464389999996, -19.848575599999958 ], [ -44.014553499999984, -19.848649099999935 ], [ -44.014465499999972, -19.84872079999997 ], [ -44.014087299999971, -19.84903189999995 ], [ -44.01369649999998, -19.849344599999949 ], [ -44.012962399999942, -19.849931899999937 ], [ -44.011841299999958, -19.850849199999971 ], [ -44.010564699999975, -19.851893899999943 ], [ -44.00977069999994, -19.852543599999926 ], [ -44.009427699999954, -19.852824299999956 ], [ -44.008652, -19.853459 ], [ -44.008606699999973, -19.853526 ], [ -44.008562899999959, -19.853590699999931 ], [ -44.008545899999952, -19.853647 ], [ -44.008528799999972, -19.853703499999938 ], [ -44.008875099999962, -19.853818099999955 ], [ -44.009104299999933, -19.853882799999951 ], [ -44.009166, -19.853900399999933 ], [ -44.009331699999962, -19.853947599999962 ], [ -44.009688499999974, -19.854017499999941 ], [ -44.009707299999938, -19.854020299999949 ], [ -44.009984199999963, -19.854061299999945 ], [ -44.010196699999938, -19.854092699999963 ], [ -44.010488799999962, -19.85413739999996 ], [ -44.010901599999961, -19.854179299999942 ], [ -44.010976199999959, -19.854186299999981 ], [ -44.011247099999935, -19.854211699999947 ], [ -44.01176049999998, -19.854262399999989 ], [ -44.012011699999952, -19.85427929999997 ], [ -44.01243919999996, -19.85430789999997 ], [ -44.012822699999958, -19.854322199999952 ], [ -44.012955299999931, -19.854327099999974 ], [ -44.01313789999994, -19.85433919999997 ], [ -44.013273599999934, -19.854348099999989 ], [ -44.013516799999941, -19.854367399999948 ], [ -44.013655, -19.854400599999956 ], [ -44.013679399999944, -19.854414199999962 ], [ -44.013752899999979, -19.854454799999932 ], [ -44.013756399999984, -19.854457899999932 ], [ -44.013894599999958, -19.854580799999951 ], [ -44.013873799999942, -19.8546057 ], [ -44.013677799999989, -19.85484 ], [ -44.013568199999952, -19.854971099999947 ], [ -44.013483499999957, -19.855072299999968 ], [ -44.013471799999941, -19.855086599999932 ], [ -44.013373699999931, -19.855206 ], [ -44.01325989999998, -19.855344499999944 ], [ -44.013217599999969, -19.855395899999962 ], [ -44.013192799999956, -19.855420699999975 ], [ -44.012990599999974, -19.855622099999948 ], [ -44.012755799999987, -19.855856 ], [ -44.012385699999982, -19.856211399999946 ], [ -44.012308399999945, -19.856285599999971 ], [ -44.012286599999982, -19.856306599999982 ], [ -44.012229299999944, -19.856361499999938 ], [ -44.011748299999965, -19.856788299999948 ], [ -44.011544, -19.857044299999931 ], [ -44.011354499999982, -19.857281799999956 ], [ -44.011280699999929, -19.857365699999946 ], [ -44.011229699999944, -19.857423 ], [ -44.011224699999964, -19.857428599999938 ], [ -44.011203899999948, -19.857452 ], [ -44.011199499999982, -19.857457 ], [ -44.011232799999959, -19.857478799999967 ], [ -44.011267, -19.857501499999959 ], [ -44.011277199999938, -19.857508299999953 ], [ -44.011291699999965, -19.857518 ], [ -44.011339099999923, -19.85753919999997 ], [ -44.011389499999957, -19.857561699999959 ], [ -44.011449299999981, -19.857578199999981 ], [ -44.011508499999934, -19.857594599999977 ], [ -44.011921199999968, -19.857708599999963 ], [ -44.012084899999934, -19.857775 ], [ -44.012140299999942, -19.85779749999995 ], [ -44.012158899999974, -19.857805 ], [ -44.012341099999965, -19.857878899999939 ], [ -44.012386799999952, -19.857907099999981 ], [ -44.012597599999928, -19.858037499999966 ], [ -44.012609099999963, -19.858054199999959 ], [ -44.012638099999954, -19.858096399999965 ], [ -44.012700199999983, -19.858186799999935 ], [ -44.012788599999965, -19.858283299999986 ], [ -44.012812099999962, -19.858309 ], [ -44.012848799999972, -19.858349 ], [ -44.013041199999975, -19.858559199999934 ], [ -44.013064299999947, -19.858584299999968 ], [ -44.013080399999978, -19.858601899999936 ], [ -44.013166399999925, -19.858742599999978 ], [ -44.013198599999953, -19.85879529999994 ], [ -44.013208699999957, -19.858811799999952 ], [ -44.013235, -19.858886799999951 ], [ -44.013253, -19.858937799999978 ], [ -44.013328699999938, -19.85907439999993 ], [ -44.013360299999931, -19.859131399999967 ], [ -44.013394299999959, -19.859183599999945 ], [ -44.013486199999939, -19.85932489999994 ], [ -44.013539399999956, -19.859382699999966 ], [ -44.013589599999939, -19.859437099999976 ], [ -44.013876699999969, -19.859748799999977 ], [ -44.01389439999997, -19.85976809999994 ], [ -44.013976199999938, -19.859862499999981 ], [ -44.014153299999982, -19.860066599999975 ], [ -44.014181899999983, -19.860100299999949 ], [ -44.014261899999951, -19.860194499999963 ], [ -44.014297899999974, -19.860236899999961 ], [ -44.014343599999961, -19.860286899999949 ], [ -44.014696699999945, -19.860673 ], [ -44.014748, -19.860771 ], [ -44.014797599999959, -19.860800199999964 ], [ -44.014906599999961, -19.860864299999946 ], [ -44.015473399999962, -19.860474799999974 ], [ -44.015511299999964, -19.860445799999976 ], [ -44.015769599999942, -19.860248499999962 ], [ -44.015837899999951, -19.860181599999969 ], [ -44.015866799999969, -19.860153199999946 ], [ -44.01588849999996, -19.860131899999946 ], [ -44.015944499999932, -19.859966299999936 ], [ -44.015959899999977, -19.859880299999926 ], [ -44.015974, -19.859801899999976 ], [ -44.015988799999953, -19.859719099999953 ], [ -44.016000899999938, -19.859602299999956 ], [ -44.016012099999948, -19.859492899999964 ], [ -44.016012899999964, -19.859329899999988 ], [ -44.016013, -19.859301 ], [ -44.016079799999943, -19.859164 ], [ -44.016121, -19.85911359999994 ], [ -44.016266399999949, -19.858935399999936 ], [ -44.016474, -19.858674199999946 ], [ -44.016644199999973, -19.85874889999997 ], [ -44.016671599999938, -19.858768599999966 ], [ -44.016831599999939, -19.858884 ], [ -44.016945099999923, -19.858965799999957 ], [ -44.017024799999945, -19.859016399999973 ], [ -44.017114, -19.859073 ], [ -44.017283299999974, -19.859180299999942 ], [ -44.017472499999947, -19.859311 ], [ -44.017535599999974, -19.859354499999935 ], [ -44.017810399999973, -19.859544199999959 ], [ -44.018127399999962, -19.85974739999995 ], [ -44.018134599999939, -19.859752 ], [ -44.018232499999954, -19.859814699999951 ], [ -44.018306499999937, -19.859838399999948 ], [ -44.018446599999947, -19.859883199999953 ], [ -44.018555399999975, -19.859918 ], [ -44.018692, -19.859961699999928 ], [ -44.018809399999952, -19.859996399999947 ], [ -44.018983499999933, -19.860048 ], [ -44.01900459999996, -19.860058499999976 ], [ -44.019053499999984, -19.860083 ], [ -44.019095499999935, -19.860103899999952 ], [ -44.019144599999954, -19.86017449999996 ], [ -44.01917009999994, -19.860211199999984 ], [ -44.019168499999978, -19.860262399999961 ], [ -44.019160799999952, -19.860512099999944 ], [ -44.019128699999953, -19.860976499999932 ], [ -44.019098699999972, -19.861411699999973 ], [ -44.019066, -19.861884499999984 ], [ -44.019061799999982, -19.861945499999933 ], [ -44.019054399999966, -19.86205249999994 ], [ -44.019052299999942, -19.862083699999978 ], [ -44.019048799999958, -19.862133099999934 ], [ -44.019039899999946, -19.86234469999993 ], [ -44.019036099999937, -19.862434699999941 ], [ -44.019268199999949, -19.862448 ], [ -44.019405699999929, -19.862455499999946 ], [ -44.019405, -19.862473 ], [ -44.019303, -19.86272 ], [ -44.019388799999945, -19.862764899999942 ], [ -44.019368899999961, -19.862802899999956 ], [ -44.019349, -19.862841 ], [ -44.019571, -19.86295 ], [ -44.019435799999947, -19.863167799999925 ], [ -44.020271, -19.863597799999976 ], [ -44.020051299999977, -19.864009299999964 ], [ -44.020055799999966, -19.864011699999924 ], [ -44.020497599999949, -19.864227299999982 ], [ -44.020156099999951, -19.864935099999975 ], [ -44.020224299999946, -19.864969199999962 ], [ -44.021385799999962, -19.865566299999966 ], [ -44.021370199999978, -19.865595399999957 ], [ -44.020988299999942, -19.866306699999928 ], [ -44.020961199999931, -19.866357199999978 ], [ -44.021832599999989, -19.866777199999941 ], [ -44.022247, -19.867007699999935 ], [ -44.022051899999944, -19.867372799999941 ], [ -44.022081799999974, -19.867396899999967 ], [ -44.022139, -19.867443 ], [ -44.022199, -19.867622 ], [ -44.022233, -19.86792 ], [ -44.021717, -19.868047 ], [ -44.021769, -19.867937 ], [ -44.021718, -19.867903 ], [ -44.021435899999972, -19.867853699999959 ], [ -44.020983, -19.867816 ], [ -44.02078, -19.867865 ], [ -44.020224, -19.868102 ], [ -44.020194699999934, -19.868116799999939 ], [ -44.019768, -19.868333 ], [ -44.019413199999974, -19.868456199999965 ], [ -44.019136, -19.868585 ], [ -44.018919, -19.868717 ], [ -44.01882, -19.868808 ], [ -44.018694, -19.868918 ], [ -44.018495, -19.869178 ], [ -44.018483, -19.869226 ], [ -44.018432, -19.86929949999994 ], [ -44.018398299999944, -19.869348099999968 ], [ -44.018381, -19.869373 ], [ -44.018319, -19.869735 ], [ -44.018313, -19.869739699999968 ], [ -44.018449199999964, -19.86980629999994 ], [ -44.018336, -19.870026 ], [ -44.01834, -19.87045 ], [ -44.01833309999995, -19.870498399999967 ], [ -44.018419299999948, -19.87054 ], [ -44.018632499999974, -19.870664099999932 ], [ -44.018641299999956, -19.870670499999957 ], [ -44.018867399999976, -19.870835 ], [ -44.018994699999951, -19.870972299999956 ], [ -44.019085699999955, -19.871070499999977 ], [ -44.019243699999954, -19.871241 ], [ -44.019331599999937, -19.871335899999952 ], [ -44.019041, -19.871529 ], [ -44.019084, -19.871574 ], [ -44.018996299999976, -19.871645799999943 ], [ -44.01931959999996, -19.871942699999977 ], [ -44.018979, -19.871972 ], [ -44.018906099999974, -19.872207499999959 ], [ -44.018739799999942, -19.872703599999969 ], [ -44.018687799999952, -19.872883699999942 ], [ -44.018852399999957, -19.873105599999974 ], [ -44.019052699999975, -19.873266599999965 ], [ -44.019001799999948, -19.873487499999953 ], [ -44.018586, -19.873553499999954 ], [ -44.01849969999995, -19.873567199999961 ], [ -44.018449699999955, -19.873576899999936 ], [ -44.018291199999972, -19.873607599999957 ], [ -44.018231699999944, -19.873613499999966 ], [ -44.018177799999933, -19.873618899999926 ], [ -44.01812039999993, -19.8738 ], [ -44.016917299999932, -19.875172499999969 ], [ -44.016667299999945, -19.874913099999969 ], [ -44.016654799999969, -19.874900099999927 ], [ -44.016567699999939, -19.874809699999965 ], [ -44.0162926, -19.874618099999967 ], [ -44.015498199999975, -19.874416 ], [ -44.015487, -19.87481 ], [ -44.015481099999924, -19.874816399999919 ], [ -44.015484499999957, -19.874817899999982 ], [ -44.015742099999954, -19.87505659999994 ], [ -44.015995699999962, -19.875275399999964 ], [ -44.016241, -19.87549029999996 ], [ -44.01729609999996, -19.876616899999927 ], [ -44.017287299999964, -19.876622899999987 ], [ -44.016774099999964, -19.876903199999955 ], [ -44.016013, -19.876233 ], [ -44.015562, -19.876769 ], [ -44.015537, -19.876831 ], [ -44.015378, -19.877067 ], [ -44.015315, -19.877185 ], [ -44.015307, -19.877228 ], [ -44.015684, -19.87763 ], [ -44.015638899999942, -19.877686799999932 ], [ -44.015612099999942, -19.877704199999982 ], [ -44.015527499999962, -19.877763 ], [ -44.015552099999987, -19.877794499999951 ], [ -44.0156358, -19.877950899999977 ], [ -44.015623199999943, -19.878028099999941 ], [ -44.015405899999962, -19.878581799999946 ], [ -44.015216, -19.879068 ], [ -44.015172, -19.879156 ], [ -44.015115699999967, -19.879240299999932 ], [ -44.014995, -19.879421 ], [ -44.014532199999962, -19.879303299999954 ], [ -44.014042899999943, -19.879194599999938 ], [ -44.013925399999948, -19.879771799999958 ], [ -44.013907, -19.879862 ], [ -44.01380759999995, -19.880120099999942 ], [ -44.013712399999974, -19.880367 ], [ -44.01368059999993, -19.880449499999948 ], [ -44.01365329999993, -19.880520299999947 ], [ -44.013451699999962, -19.881081199999986 ], [ -44.01343769999994, -19.88112 ], [ -44.013266799999947, -19.88159549999996 ], [ -44.01310669999998, -19.882148099999942 ], [ -44.013114199999961, -19.882162 ], [ -44.013130299999951, -19.882191799999919 ], [ -44.01319129999996, -19.88230509999994 ], [ -44.013798299999962, -19.883129599999954 ], [ -44.013813299999981, -19.883154799999947 ], [ -44.013826699999981, -19.883177199999988 ], [ -44.013866899999982, -19.883244699999985 ], [ -44.013891899999976, -19.883286599999966 ], [ -44.014000599999974, -19.883446699999979 ], [ -44.014103299999931, -19.883652099999942 ], [ -44.014138399999979, -19.883735299999959 ], [ -44.014151599999934, -19.883766799999922 ], [ -44.014203, -19.884014399999959 ], [ -44.01420609999996, -19.884048099999983 ], [ -44.014238, -19.884391299999944 ], [ -44.014239199999963, -19.884404 ], [ -44.01424829999997, -19.884709 ], [ -44.014259599999946, -19.885016499999953 ], [ -44.014263399999948, -19.885119799999941 ], [ -44.014288499999971, -19.885331599999976 ], [ -44.014294, -19.885377699999943 ], [ -44.014305699999973, -19.885476099999945 ], [ -44.014329699999962, -19.885695399999978 ], [ -44.014357, -19.885944199999987 ], [ -44.014362, -19.885980699999944 ], [ -44.014305599999943, -19.886173299999939 ], [ -44.014069599999971, -19.886332099999944 ], [ -44.014410799999951, -19.886745199999957 ], [ -44.01435429999998, -19.886984499999976 ], [ -44.014324599999959, -19.886995 ], [ -44.014373899999953, -19.88705919999995 ], [ -44.014408599999967, -19.887104399999945 ], [ -44.0144509, -19.887281299999913 ], [ -44.014542, -19.887394 ], [ -44.014578, -19.887555 ], [ -44.014623, -19.887528 ], [ -44.014686799999936, -19.887701 ], [ -44.014726499999945, -19.887797199999969 ], [ -44.014755599999944, -19.887867899999943 ], [ -44.014906599999954, -19.88835109999998 ], [ -44.015019299999949, -19.888668599999964 ], [ -44.015116, -19.888940899999962 ], [ -44.015133399999968, -19.88899 ], [ -44.015187499999968, -19.889142299999943 ], [ -44.015333099999964, -19.889538499999958 ], [ -44.015347899999945, -19.889578699999959 ], [ -44.01552269999997, -19.890054399999944 ], [ -44.015529199999946, -19.890071599999949 ], [ -44.015650499999943, -19.89039129999998 ], [ -44.015651699999978, -19.89039449999995 ], [ -44.01570659999993, -19.890539099999948 ], [ -44.015788499999985, -19.890755 ], [ -44.015793099999946, -19.890761399999967 ], [ -44.015847599999972, -19.890836299999929 ], [ -44.01586089999995, -19.8908547 ], [ -44.015984799999963, -19.890915099999969 ], [ -44.015982799999961, -19.89092219999997 ], [ -44.015924499999983, -19.891131199999965 ], [ -44.015845799999973, -19.891413399999973 ], [ -44.015767299999943, -19.891688199999976 ], [ -44.017177599999961, -19.892132099999973 ], [ -44.017297399999968, -19.892168499999961 ], [ -44.017357899999979, -19.892186899999945 ], [ -44.017724299999934, -19.892298199999967 ], [ -44.018082699999979, -19.892409099999952 ], [ -44.018476199999952, -19.892530699999948 ], [ -44.019192, -19.892751199999964 ], [ -44.019578499999973, -19.892872 ], [ -44.019315399999975, -19.893630699999964 ], [ -44.019045499999947, -19.894409199999917 ], [ -44.019277, -19.894481099999954 ], [ -44.019444099999937, -19.894533 ], [ -44.019903199999931, -19.894677899999976 ], [ -44.020224199999973, -19.894780199999971 ], [ -44.020244399999974, -19.894786699999944 ], [ -44.020569099999939, -19.894887599999961 ], [ -44.020963199999983, -19.895010099999975 ], [ -44.02067679999994, -19.895772899999944 ], [ -44.0206884, -19.895776499999958 ], [ -44.020996399999945, -19.895873799999944 ], [ -44.021655899999985, -19.896075399999969 ], [ -44.02215759999995, -19.896228699999938 ], [ -44.022597, -19.896364599999959 ], [ -44.022474699999968, -19.896737599999945 ], [ -44.022333, -19.897144799999975 ], [ -44.022702699999961, -19.897257 ], [ -44.022939199999932, -19.897324399999953 ], [ -44.02295179999993, -19.897328 ], [ -44.02306729999998, -19.897363799999951 ], [ -44.023611099999982, -19.897532599999977 ], [ -44.023644299999944, -19.897542899999969 ], [ -44.02422619999993, -19.897723599999949 ], [ -44.024218499999961, -19.897746699999978 ], [ -44.023968499999967, -19.898487799999934 ], [ -44.024253399999971, -19.898578199999982 ], [ -44.024675299999956, -19.898710699999977 ], [ -44.025897799999939, -19.899094599999959 ], [ -44.025624499999935, -19.899898 ], [ -44.025683899999933, -19.900023599999937 ], [ -44.02576, -19.900184599999921 ], [ -44.026231499999938, -19.901181399999938 ], [ -44.025908399999942, -19.901311299999975 ], [ -44.025908599999987, -19.901325299999947 ], [ -44.025909899999938, -19.901423 ], [ -44.025917299999946, -19.901442499999977 ], [ -44.02599139999996, -19.901637499999936 ], [ -44.02600769999998, -19.901680099999975 ], [ -44.026090699999948, -19.901897599999913 ], [ -44.026118299999943, -19.901969599999976 ], [ -44.026124799999934, -19.901985899999943 ], [ -44.026191299999937, -19.902151799999952 ], [ -44.026362899999981, -19.902579699999926 ], [ -44.026221699999951, -19.903007 ], [ -44.026172699999961, -19.903155099999935 ], [ -44.02617, -19.903163499999945 ], [ -44.026133399999942, -19.903274299999961 ], [ -44.026122499999985, -19.90330789999997 ], [ -44.025943099999942, -19.9038662 ], [ -44.025710599999968, -19.904168199999962 ], [ -44.025703, -19.904185099999946 ], [ -44.025694, -19.904205499999932 ], [ -44.025545399999942, -19.904539499999945 ], [ -44.025357199999981, -19.904962399999938 ], [ -44.026019799999965, -19.90521659999996 ], [ -44.026137199999937, -19.90545439999994 ], [ -44.025957499999954, -19.905862499999955 ], [ -44.0256366, -19.90596509999995 ], [ -44.025790499999971, -19.906216699999966 ], [ -44.025690499999939, -19.906497699999932 ], [ -44.025391899999931, -19.906557 ], [ -44.026726799999949, -19.907064299999956 ], [ -44.026493499999958, -19.907103799999959 ], [ -44.026348099999957, -19.907390599999928 ], [ -44.02645849999994, -19.907585699999981 ], [ -44.026435399999961, -19.907635699999961 ], [ -44.026187899999968, -19.90762 ], [ -44.025896399999972, -19.907877 ], [ -44.025975099999982, -19.908085699999958 ], [ -44.025944599999946, -19.908119899999967 ], [ -44.02591659999996, -19.908145099999953 ], [ -44.025688899999977, -19.908118399999974 ], [ -44.025524299999979, -19.908349799999947 ], [ -44.025496599999947, -19.908477699999935 ], [ -44.025680799999982, -19.908687699999966 ], [ -44.025665099999969, -19.908766499999953 ], [ -44.025469799999939, -19.908830099999935 ], [ -44.025491199999976, -19.908989899999945 ], [ -44.025700899999947, -19.909116399999956 ], [ -44.025715799999944, -19.909166599999935 ], [ -44.025558399999966, -19.9093301 ], [ -44.025601099999967, -19.909435099999932 ], [ -44.025734099999966, -19.909634699999966 ], [ -44.026073599999968, -19.909733699999947 ], [ -44.026102099999946, -19.90978489999998 ], [ -44.025511499999936, -19.909825 ], [ -44.025523, -19.909998499999976 ], [ -44.025535899999966, -19.910137499999962 ], [ -44.02557459999997, -19.910417 ], [ -44.025689299999954, -19.91059329999996 ], [ -44.025725499999965, -19.910644399999953 ], [ -44.025764799999934, -19.910699699999945 ], [ -44.025783899999965, -19.910726599999958 ], [ -44.025943, -19.91093589999997 ], [ -44.025966399999959, -19.91097 ], [ -44.026002599999963, -19.911022699999926 ], [ -44.02609689999997, -19.91115989999998 ], [ -44.026112299999973, -19.911182299999954 ], [ -44.026150799999989, -19.911238299999976 ], [ -44.026257399999956, -19.911362099999959 ], [ -44.026298699999984, -19.911410099999955 ], [ -44.02632849999997, -19.911444699999947 ], [ -44.026374299999929, -19.911490499999957 ], [ -44.026513399999942, -19.911629599999976 ], [ -44.026534699999964, -19.911648599999985 ], [ -44.026688199999967, -19.911785699999932 ], [ -44.026781399999948, -19.911868899999945 ], [ -44.026811099999982, -19.911889499999976 ], [ -44.026962299999987, -19.91199459999995 ], [ -44.02702469999997, -19.912038 ], [ -44.027101099999982, -19.912091099999937 ], [ -44.027270199999975, -19.912212899999936 ], [ -44.027316299999946, -19.912336199999974 ], [ -44.027327499999956, -19.91236629999997 ], [ -44.027327599999985, -19.912374 ], [ -44.027327799999973, -19.912380599999938 ], [ -44.027330799999959, -19.912575 ], [ -44.027331799999963, -19.912638599999983 ], [ -44.027341, -19.912843499999948 ], [ -44.027343499999979, -19.912897099999949 ], [ -44.027344699999965, -19.912925299999934 ], [ -44.0273471, -19.912999799999966 ], [ -44.027353299999966, -19.913196199999962 ], [ -44.027354, -19.913220399999947 ], [ -44.027355899999975, -19.913288499999968 ], [ -44.027363399999956, -19.913550199999971 ], [ -44.02736409999995, -19.913560899999926 ], [ -44.027366299999983, -19.913593 ], [ -44.027369599999986, -19.91364259999995 ], [ -44.027377699999938, -19.913762299999966 ], [ -44.027395399999932, -19.913809 ], [ -44.027450099999946, -19.91395289999998 ], [ -44.027470899999976, -19.914007399999942 ], [ -44.027609, -19.914099399999941 ], [ -44.027687499999956, -19.91415169999992 ], [ -44.027814299999932, -19.914273899999944 ], [ -44.027884799999981, -19.914341899999943 ], [ -44.027908, -19.914364299999935 ], [ -44.028052599999967, -19.914498699999967 ], [ -44.028054199999985, -19.91450019999996 ], [ -44.028091499999967, -19.914534899999978 ], [ -44.028111299999978, -19.914576299999968 ], [ -44.028188899999968, -19.914738399999976 ], [ -44.02820429999997, -19.91481849999996 ], [ -44.02822249999997, -19.914913799999962 ], [ -44.028228099999986, -19.91494269999993 ], [ -44.02823479999995, -19.914977799999964 ], [ -44.028249099999989, -19.915146899999971 ], [ -44.028252699999932, -19.915205199999942 ], [ -44.028254899999972, -19.915241499999976 ], [ -44.028251299999965, -19.915422799999948 ], [ -44.028243, -19.915474099999987 ], [ -44.028221899999949, -19.915604799999972 ], [ -44.028204599999981, -19.915690499999986 ], [ -44.028183899999931, -19.91579269999993 ], [ -44.028177, -19.915827 ], [ -44.02809, -19.915976099999966 ], [ -44.027777599999979, -19.916112199999926 ], [ -44.027681599999937, -19.916118 ], [ -44.027564, -19.916128 ], [ -44.027277399999946, -19.916271299999948 ], [ -44.027225499999986, -19.916308699999941 ], [ -44.027092499999981, -19.916404599999961 ], [ -44.026907599999966, -19.916509299999976 ], [ -44.026948, -19.916574299999972 ], [ -44.027353099999964, -19.917351499999938 ], [ -44.027380099999959, -19.917403299999947 ], [ -44.027393599999989, -19.917429299999974 ], [ -44.027409099999943, -19.917459 ], [ -44.02741089999995, -19.917462399999966 ], [ -44.027441299999964, -19.917520799999988 ], [ -44.027463099999977, -19.917562599999943 ], [ -44.027472699999976, -19.917580899999965 ], [ -44.027497099999955, -19.917617899999986 ], [ -44.027526699999953, -19.917662699999944 ], [ -44.027645299999953, -19.917841899999921 ], [ -44.027702799999986, -19.917928799999967 ], [ -44.027739199999985, -19.917984 ], [ -44.027771899999941, -19.91808489999995 ], [ -44.027788299999941, -19.918135399999986 ], [ -44.027794299999982, -19.918183699999929 ], [ -44.027798299999979, -19.91821549999997 ], [ -44.027802299999962, -19.91824739999992 ], [ -44.027805299999962, -19.918271899999986 ], [ -44.027436, -19.91838579999996 ], [ -44.027211899999948, -19.918455 ], [ -44.027169299999969, -19.918457 ], [ -44.027119799999987, -19.91845939999995 ], [ -44.027070299999934, -19.918461799999942 ], [ -44.027052199999957, -19.918471099999977 ], [ -44.026795499999935, -19.91860249999996 ], [ -44.02675, -19.918625899999938 ], [ -44.026685199999974, -19.918674199999941 ], [ -44.026487899999942, -19.918821499999986 ], [ -44.026472599999977, -19.918832899999927 ], [ -44.026295899999987, -19.918979799999924 ], [ -44.026171899999959, -19.919082899999971 ], [ -44.026139199999939, -19.919106599999967 ], [ -44.025989399999965, -19.91921519999994 ], [ -44.025950199999954, -19.919243699999988 ], [ -44.02591479999996, -19.919279499999963 ], [ -44.025851099999961, -19.919344199999959 ], [ -44.025789, -19.91940709999994 ], [ -44.025594599999977, -19.919543799999929 ], [ -44.02539459999997, -19.919684299999979 ], [ -44.025374, -19.919698899999968 ], [ -44.025251199999964, -19.919785199999978 ], [ -44.025046299999985, -19.919929199999956 ], [ -44.024852499999952, -19.920065399999952 ], [ -44.024609199999929, -19.92024309999994 ], [ -44.02416009999996, -19.920571199999923 ], [ -44.024079, -19.920635599999962 ], [ -44.023742099999936, -19.920903199999938 ], [ -44.023589799999961, -19.921098499999978 ], [ -44.023528299999953, -19.921161499999979 ], [ -44.023481899999986, -19.921214199999952 ], [ -44.023546, -19.921274 ], [ -44.023578, -19.921327 ], [ -44.023522, -19.921459 ], [ -44.023416899999972, -19.921551 ], [ -44.022972, -19.921940399999983 ], [ -44.02287339999998, -19.922110399999958 ], [ -44.022799699999958, -19.922306899999967 ], [ -44.022778199999948, -19.922364299999973 ], [ -44.022729799999979, -19.922471499999979 ], [ -44.022656899999959, -19.922633099999931 ], [ -44.022632, -19.922688199999985 ], [ -44.022401099999968, -19.92319619999995 ], [ -44.022345399999949, -19.92331889999997 ], [ -44.022317099999952, -19.923372499999964 ], [ -44.022230099999945, -19.923537299999971 ], [ -44.022153299999957, -19.92368289999996 ], [ -44.022023499999925, -19.923857399999978 ], [ -44.021978399999966, -19.923918 ], [ -44.021620099999957, -19.924196099999961 ], [ -44.021630299999977, -19.924200299999939 ], [ -44.021120599999961, -19.924362499999972 ], [ -44.020738799999947, -19.924369899999931 ], [ -44.021128899999958, -19.92530289999997 ], [ -44.02118349999995, -19.925295199999947 ], [ -44.021374199999968, -19.9252686 ], [ -44.021402, -19.92526469999995 ], [ -44.021487, -19.925252799999949 ], [ -44.022616, -19.925095 ], [ -44.022767, -19.925147 ], [ -44.022796, -19.925129 ], [ -44.022854, -19.925115 ], [ -44.023087, -19.925144 ], [ -44.023208, -19.92516 ], [ -44.02331, -19.925163 ], [ -44.023329, -19.925164 ], [ -44.023459, -19.925198 ], [ -44.023521499999958, -19.925221 ], [ -44.023584, -19.925244 ], [ -44.023597, -19.925253 ], [ -44.023646, -19.925284 ], [ -44.023665, -19.925314 ], [ -44.023726, -19.925408 ], [ -44.023734, -19.925408 ], [ -44.023759, -19.925452 ], [ -44.023846, -19.925592 ], [ -44.023869, -19.925625 ], [ -44.023909, -19.925685 ], [ -44.023925, -19.925712 ], [ -44.023948, -19.925751 ], [ -44.023993, -19.925827 ], [ -44.023996, -19.925831 ], [ -44.024013, -19.92586 ], [ -44.024061, -19.925943 ], [ -44.02408, -19.92598 ], [ -44.024125, -19.926066 ], [ -44.024141, -19.926098 ], [ -44.024165, -19.926144 ], [ -44.024173, -19.92616 ], [ -44.024189, -19.926191 ], [ -44.024203, -19.926219 ], [ -44.02426, -19.926308 ], [ -44.024273, -19.926328 ], [ -44.024352, -19.926444 ], [ -44.024417, -19.926539 ], [ -44.024486, -19.926657 ], [ -44.02442, -19.926694 ], [ -44.024472, -19.926793 ], [ -44.024488, -19.926824 ], [ -44.024547, -19.92693 ], [ -44.024554, -19.926942 ], [ -44.024614, -19.92705 ], [ -44.024684, -19.927164 ], [ -44.024753, -19.927288 ], [ -44.024769, -19.927327 ], [ -44.024788, -19.927373 ], [ -44.02481, -19.927409 ], [ -44.024812, -19.927417 ], [ -44.024822, -19.927462 ], [ -44.024835, -19.927515 ], [ -44.024845, -19.927557 ], [ -44.02485, -19.927578 ], [ -44.024853, -19.927589 ], [ -44.024857, -19.927603 ], [ -44.024873, -19.927664 ], [ -44.024887, -19.927713 ], [ -44.024896, -19.927748 ], [ -44.024898, -19.927755 ], [ -44.024904, -19.927775 ], [ -44.024916, -19.927817 ], [ -44.024917, -19.927823 ], [ -44.024922, -19.927838 ], [ -44.024938, -19.927892 ], [ -44.024962, -19.927975 ], [ -44.024994, -19.928083 ], [ -44.024999, -19.928099 ], [ -44.025006, -19.928121 ], [ -44.025017, -19.928166 ], [ -44.02502, -19.928179 ], [ -44.025034, -19.928237 ], [ -44.025043, -19.928236 ], [ -44.025045, -19.928247 ], [ -44.025039, -19.928248 ], [ -44.025063, -19.928368 ], [ -44.025076, -19.928432 ], [ -44.025095, -19.928492 ], [ -44.025128, -19.928587 ], [ -44.025157, -19.928673 ], [ -44.025162, -19.928689 ], [ -44.025159, -19.928691 ], [ -44.025164, -19.928714 ], [ -44.02517, -19.928736 ], [ -44.025183, -19.928794 ], [ -44.025188, -19.92882 ], [ -44.025216, -19.928927 ], [ -44.025255, -19.929077 ], [ -44.025269, -19.929114 ], [ -44.025265, -19.929196 ], [ -44.025256699999943, -19.92942539999996 ], [ -44.025252, -19.929556 ], [ -44.025214799999958, -19.929644499999934 ], [ -44.025289799999939, -19.929781799999954 ], [ -44.025248799999986, -19.930021899999918 ], [ -44.025167099999969, -19.930446899999936 ], [ -44.025085299999951, -19.930877199999923 ], [ -44.025004399999943, -19.931313599999946 ], [ -44.024892899999941, -19.931758599999959 ], [ -44.024788899999976, -19.932180899999938 ], [ -44.024703099999954, -19.932527299999951 ], [ -44.024680799999942, -19.9326129 ], [ -44.024620399999954, -19.932835499999957 ], [ -44.024554, -19.93287 ], [ -44.024548, -19.932896 ], [ -44.024406, -19.933443 ], [ -44.024403, -19.933453 ], [ -44.024407, -19.933456 ], [ -44.024434499999984, -19.933476 ], [ -44.024462, -19.933496 ], [ -44.02452, -19.933537 ], [ -44.024579, -19.933574 ], [ -44.024609, -19.933593 ], [ -44.02464, -19.933612 ], [ -44.024702, -19.93365 ], [ -44.02526, -19.933972 ], [ -44.025391499999955, -19.934096499999956 ], [ -44.025523, -19.934221 ], [ -44.025616699999951, -19.934228099999924 ], [ -44.025802899999974, -19.934331499999931 ], [ -44.025908, -19.934406 ], [ -44.0261, -19.934513 ], [ -44.026419799999985, -19.934743199999964 ], [ -44.026539499999956, -19.934883799999977 ], [ -44.02664139999996, -19.934950799999967 ], [ -44.026748699999985, -19.935038899999942 ], [ -44.026801099999943, -19.935113399999977 ], [ -44.026856, -19.935554 ], [ -44.026891, -19.936065 ], [ -44.026888, -19.936145 ], [ -44.026884, -19.936158 ], [ -44.026862, -19.936186 ], [ -44.026864, -19.936293 ], [ -44.026912, -19.936547 ], [ -44.026934799999943, -19.936644299999944 ], [ -44.026973, -19.936736 ], [ -44.027004, -19.936872 ], [ -44.027047699999969, -19.937082499999967 ], [ -44.027050199999962, -19.937088199999952 ], [ -44.027048, -19.937087099999928 ], [ -44.02705, -19.937122 ], [ -44.027055, -19.937145 ], [ -44.027062, -19.937247 ], [ -44.027057, -19.937268 ], [ -44.027048, -19.937278 ], [ -44.027028, -19.937292 ], [ -44.026977, -19.937302 ], [ -44.026946099999968, -19.937296899999986 ], [ -44.026903, -19.937282 ], [ -44.026862, -19.937254 ], [ -44.026761, -19.937209 ], [ -44.026648, -19.937218 ], [ -44.026576, -19.937243 ], [ -44.026539, -19.937276 ], [ -44.026507199999976, -19.937340399999979 ], [ -44.026483, -19.937433 ], [ -44.026487399999951, -19.937486799999931 ], [ -44.026479, -19.937561 ], [ -44.026469, -19.937584 ], [ -44.026435, -19.937596 ], [ -44.026411, -19.93759 ], [ -44.026268, -19.937472 ], [ -44.026141499999937, -19.937457499999955 ], [ -44.025897799999939, -19.937732699999966 ], [ -44.025883499999964, -19.937749699999927 ], [ -44.025779899999982, -19.937872499999973 ], [ -44.025743, -19.937916199999961 ], [ -44.025675699999965, -19.938108199999927 ], [ -44.025645499999939, -19.938194199999938 ], [ -44.025561699999969, -19.93847819999996 ], [ -44.025505099999975, -19.938670099999957 ], [ -44.025337399999948, -19.939140199999954 ], [ -44.025315899999953, -19.939200399999951 ], [ -44.025164699999948, -19.93961349999995 ], [ -44.025143899999932, -19.939670499999973 ], [ -44.025122099999976, -19.939738 ], [ -44.025066399999957, -19.939910299999951 ], [ -44.024988, -19.940152799999975 ], [ -44.024897399999929, -19.940433099999961 ], [ -44.024777599999936, -19.940793399999954 ], [ -44.024445099999987, -19.941794399999935 ], [ -44.024438799999984, -19.941813299999975 ], [ -44.024429299999952, -19.941841899999943 ], [ -44.024324, -19.942158799999962 ], [ -44.024225099999967, -19.942423199999968 ], [ -44.024051699999973, -19.942886899999966 ], [ -44.023822399999972, -19.943523299999981 ], [ -44.02360479999993, -19.943601 ], [ -44.023275799999965, -19.943864799999968 ], [ -44.023105, -19.944018499999977 ], [ -44.023031, -19.944081 ], [ -44.022899099999954, -19.944305 ], [ -44.022900599999964, -19.944624 ], [ -44.022813499999984, -19.944634499999953 ], [ -44.022726499999976, -19.944645099999949 ], [ -44.022653699999978, -19.944650299999982 ], [ -44.022450499999934, -19.94466489999995 ], [ -44.022183199999972, -19.944713 ], [ -44.022141499999982, -19.944720499999971 ], [ -44.022004299999935, -19.944782 ], [ -44.021881399999984, -19.944837 ], [ -44.021796699999982, -19.944899599999928 ], [ -44.021603299999988, -19.945042399999966 ], [ -44.021531699999969, -19.945095299999934 ], [ -44.021266299999979, -19.945278199999962 ], [ -44.021029299999952, -19.945468199999933 ], [ -44.020998199999944, -19.945493099999958 ], [ -44.020716899999975, -19.945664699999949 ], [ -44.020535, -19.945724899999966 ], [ -44.020457099999931, -19.945750699999959 ], [ -44.020421299999953, -19.945757499999964 ], [ -44.020188, -19.945801899999921 ], [ -44.019827099999929, -19.945870699999944 ], [ -44.019597099999942, -19.94589729999996 ], [ -44.019494, -19.945913799999975 ], [ -44.019283699999967, -19.945947399999959 ], [ -44.01899369999996, -19.946007399999935 ], [ -44.018962199999976, -19.946017099999949 ], [ -44.018799899999976, -19.946067499999973 ], [ -44.018103699999976, -19.946257399999979 ], [ -44.018031399999984, -19.946262299999958 ], [ -44.017555, -19.946294799999968 ], [ -44.017301, -19.946325599999966 ], [ -44.01710379999998, -19.94635789999996 ], [ -44.016910099999969, -19.94641879999995 ], [ -44.016796499999941, -19.946465899999961 ], [ -44.016624599999943, -19.946537099999947 ], [ -44.016521599999983, -19.946642499999939 ], [ -44.016498399999932, -19.946658799999962 ], [ -44.016291599999931, -19.946804099999941 ], [ -44.016217799999943, -19.946851199999962 ], [ -44.016144, -19.94689829999994 ], [ -44.015792199999964, -19.946995699999931 ], [ -44.0154, -19.947017799999966 ], [ -44.015236599999973, -19.947 ], [ -44.015089499999931, -19.946984 ], [ -44.01500549999998, -19.946974799999964 ], [ -44.014789899999982, -19.946960599999965 ], [ -44.0145141, -19.946942499999974 ], [ -44.014133899999933, -19.946877899999951 ], [ -44.013802299999952, -19.946767399999938 ], [ -44.013681899999938, -19.94672729999996 ], [ -44.013556699999974, -19.94668589999997 ], [ -44.013301699999943, -19.946601799999943 ], [ -44.013242599999955, -19.946585599999938 ], [ -44.012961, -19.946508499999947 ], [ -44.012699699999978, -19.946494699999967 ], [ -44.0125695, -19.94652839999997 ], [ -44.012360399999977, -19.946582599999942 ], [ -44.012317699999983, -19.946599 ], [ -44.012115399999978, -19.94667689999994 ], [ -44.012026499999934, -19.946734199999984 ], [ -44.011920599999947, -19.94680249999994 ], [ -44.011905699999943, -19.94681479999997 ], [ -44.011878299999985, -19.94683729999997 ], [ -44.011744699999952, -19.946947 ], [ -44.011720199999949, -19.946977399999977 ], [ -44.011587699999957, -19.947141799999937 ], [ -44.011179299999981, -19.947795099999951 ], [ -44.011102199999975, -19.947905 ], [ -44.010881, -19.948220299999942 ], [ -44.010780699999941, -19.9483633 ], [ -44.010593699999959, -19.948629899999947 ], [ -44.010565299999939, -19.948678299999933 ], [ -44.010544699999976, -19.94871349999994 ], [ -44.010519099999954, -19.948757099999966 ], [ -44.01035509999997, -19.949037 ], [ -44.010010799999982, -19.949340599999964 ], [ -44.009951, -19.949422799999979 ], [ -44.009901299999967, -19.949491099999936 ], [ -44.009662599999963, -19.949819399999967 ], [ -44.009659, -19.949824299999932 ], [ -44.009464199999975, -19.950113299999948 ], [ -44.009272299999964, -19.95047319999998 ], [ -44.009162699999933, -19.950678699999976 ], [ -44.009152, -19.950722399999968 ], [ -44.009093599999972, -19.9509614 ], [ -44.009093599999972, -19.951139099999974 ], [ -44.009093599999972, -19.951175 ], [ -44.009138099999973, -19.951284599999966 ], [ -44.009159799999964, -19.951385 ], [ -44.009166099999959, -19.951551599999959 ], [ -44.009170599999955, -19.951569 ], [ -44.009209799999951, -19.951721499999962 ], [ -44.009210499999938, -19.951723599999976 ], [ -44.009236199999975, -19.9518045 ], [ -44.009258799999948, -19.951875899999941 ], [ -44.009260899999958, -19.951882499999947 ], [ -44.009265599999928, -19.951919599999947 ], [ -44.009288, -19.952093 ], [ -44.009308399999959, -19.952251799999928 ], [ -44.009311899999943, -19.952278899999968 ], [ -44.009297499999946, -19.952395099999922 ], [ -44.009294699999941, -19.952417399999952 ], [ -44.009294199999943, -19.952421699999956 ], [ -44.009284499999978, -19.95250029999994 ], [ -44.009284299999933, -19.952501599999941 ], [ -44.009283699999969, -19.952507499999975 ], [ -44.009283399999951, -19.952510299999972 ], [ -44.00928319999997, -19.952512699999939 ], [ -44.00928289999996, -19.952514699999931 ], [ -44.009282399999961, -19.952520099999962 ], [ -44.009275299999956, -19.952587599999969 ], [ -44.009270799999967, -19.952630599999956 ], [ -44.009270199999932, -19.952636099999957 ], [ -44.009269399999937, -19.952641099999934 ], [ -44.009265599999935, -19.952663499999961 ], [ -44.009261199999969, -19.952690399999934 ], [ -44.009214099999951, -19.952745299999929 ], [ -44.009194299999933, -19.952768399999961 ], [ -44.009175199999952, -19.952772599999957 ], [ -44.009121899999968, -19.952784199999936 ], [ -44.008862299999983, -19.952840799999926 ], [ -44.008790599999948, -19.95285679999995 ], [ -44.008725899999952, -19.952876699999926 ], [ -44.008434399999949, -19.95296669999993 ], [ -44.008259099999975, -19.95302079999994 ], [ -44.008169599999981, -19.953048499999973 ], [ -44.00811, -19.953072099999932 ], [ -44.008082099999967, -19.953083099999965 ], [ -44.00797189999998, -19.953126799999946 ], [ -44.007683799999938, -19.953241 ], [ -44.007506899999953, -19.953311 ], [ -44.007390899999955, -19.953372399999978 ], [ -44.007350699999961, -19.953393599999959 ], [ -44.007321499999932, -19.953409099999934 ], [ -44.007288699999947, -19.953426399999955 ], [ -44.007081099999937, -19.953536099999948 ], [ -44.007048699999977, -19.95355329999995 ], [ -44.006833899999947, -19.953666699999918 ], [ -44.006825299999953, -19.953671299999939 ], [ -44.006502399999924, -19.953940099999958 ], [ -44.006462699999986, -19.953973099999931 ], [ -44.006122899999987, -19.954256099999959 ], [ -44.006068, -19.954301699999974 ], [ -44.006028399999934, -19.95433469999994 ], [ -44.005855199999985, -19.954537399999936 ], [ -44.005765099999962, -19.954642899999943 ], [ -44.005577799999969, -19.954862299999942 ], [ -44.00550359999994, -19.95494919999993 ], [ -44.005429399999969, -19.955036199999942 ], [ -44.005531499999968, -19.955085399999987 ], [ -44.005548899999951, -19.955083799999958 ], [ -44.005606199999932, -19.955078599999972 ], [ -44.005806499999949, -19.955060399999972 ], [ -44.005992, -19.955131299999945 ], [ -44.00609749999996, -19.955168499999967 ], [ -44.006710299999952, -19.955121299999973 ], [ -44.006740699999966, -19.955123599999968 ], [ -44.0070166, -19.955144699999948 ], [ -44.007278199999973, -19.955164599999929 ], [ -44.007331499999971, -19.955175099999963 ], [ -44.007381099999975, -19.955184899999946 ], [ -44.007571499999983, -19.955222499999923 ], [ -44.007600299999972, -19.955225799999948 ], [ -44.007848699999961, -19.955254399999941 ], [ -44.008107799999955, -19.955284199999941 ], [ -44.00815289999997, -19.955292 ], [ -44.008680899999938, -19.955382799999942 ], [ -44.008825499999944, -19.955407699999967 ], [ -44.0088636, -19.95540769999997 ], [ -44.009081099999946, -19.95540769999997 ], [ -44.009091699999942, -19.95540769999997 ], [ -44.009200299999975, -19.955374299999963 ], [ -44.009373, -19.955358399999973 ], [ -44.009569299999953, -19.955340299999932 ], [ -44.010060199999941, -19.955295 ], [ -44.010500199999967, -19.955264799999959 ], [ -44.010538099999962, -19.955262199999932 ], [ -44.010607, -19.955257399999937 ], [ -44.011160499999953, -19.955134799999936 ], [ -44.011304, -19.955103 ], [ -44.011415099999965, -19.95510359999998 ], [ -44.011993399999938, -19.955106799999957 ], [ -44.012063699999949, -19.955107199999933 ], [ -44.012144799999938, -19.955116699999955 ], [ -44.012527199999965, -19.955161599999947 ], [ -44.012592699999978, -19.955176299999955 ], [ -44.012769099999957, -19.95521569999994 ], [ -44.013144799999964, -19.955386799999921 ], [ -44.013227499999971, -19.955431699999963 ], [ -44.013345099999981, -19.955495399999965 ], [ -44.013365799999981, -19.955513599999964 ], [ -44.013583099999956, -19.955705899999931 ], [ -44.013670699999977, -19.955783399999969 ], [ -44.013759399999969, -19.955889599999981 ], [ -44.013804499999935, -19.955943599999962 ], [ -44.014008799999942, -19.956188299999962 ], [ -44.014032, -19.956241699999961 ], [ -44.014177599999982, -19.956576399999957 ], [ -44.014227699999935, -19.956691799999927 ], [ -44.014259199999969, -19.956764299999975 ], [ -44.014324199999976, -19.957115599999955 ], [ -44.01432879999993, -19.95714089999996 ], [ -44.014330199999954, -19.957148299999972 ], [ -44.014324099999953, -19.957244599999967 ], [ -44.014296399999978, -19.95768279999993 ], [ -44.014293499999951, -19.957728699999961 ], [ -44.014288799999981, -19.957741 ], [ -44.01428, -19.957764199999925 ], [ -44.014100599999949, -19.958233499999949 ], [ -44.014001, -19.958372 ], [ -44.013779199999938, -19.95868019999995 ], [ -44.013584, -19.958853199999965 ], [ -44.013411899999937, -19.959005699999974 ], [ -44.0133163, -19.959092499999933 ], [ -44.013228799999979, -19.959172 ], [ -44.013002899999954, -19.959377199999938 ], [ -44.012475799999947, -19.959871699999944 ], [ -44.012303699999961, -19.960033099999965 ], [ -44.012259899999947, -19.960074299999981 ], [ -44.012289799999962, -19.960107099999959 ], [ -44.01231219999994, -19.960131699999966 ], [ -44.012431, -19.960262099999973 ], [ -44.012558499999955, -19.960359099999955 ], [ -44.012589699999978, -19.960382799999934 ], [ -44.012720799999961, -19.960482599999974 ], [ -44.012815, -19.960554299999949 ], [ -44.013052899999934, -19.960683699999951 ], [ -44.013088799999942, -19.960698199999971 ], [ -44.013224599999944, -19.960752499999955 ], [ -44.013218399999971, -19.960797699999937 ], [ -44.012837099999956, -19.961228299999959 ], [ -44.012154299999956, -19.961991499999947 ], [ -44.012097499999982, -19.962063 ], [ -44.012032199999965, -19.962166699999962 ], [ -44.011961799999938, -19.962386699999975 ], [ -44.011954799999955, -19.96260449999993 ], [ -44.012049, -19.962992899999961 ], [ -44.012084399999935, -19.963044499999967 ], [ -44.01245369999998, -19.963457599999973 ], [ -44.013066199999969, -19.96402089999998 ], [ -44.013162399999949, -19.964316899999957 ], [ -44.013156299999935, -19.964483 ], [ -44.012857, -19.965204299999982 ], [ -44.012634899999966, -19.965924299999934 ], [ -44.012427399999979, -19.966629299999965 ], [ -44.012458099999954, -19.966813099999978 ], [ -44.012530699999957, -19.966990599999981 ], [ -44.012587399999973, -19.967129299999954 ], [ -44.012840099999949, -19.967633099999951 ], [ -44.012849499999952, -19.967648299999954 ], [ -44.013005899999946, -19.967901 ], [ -44.013296, -19.96837 ], [ -44.01336619999995, -19.96851439999995 ], [ -44.01337419999993, -19.968520099999985 ], [ -44.013391199999951, -19.96854 ], [ -44.013529599999977, -19.968702499999946 ], [ -44.013560299999938, -19.96877319999993 ], [ -44.013705899999934, -19.968921799999976 ], [ -44.013775, -19.968992199999953 ], [ -44.01379339999994, -19.969010899999937 ], [ -44.01398219999993, -19.969203499999942 ], [ -44.014111499999956, -19.96933539999997 ], [ -44.01419389999996, -19.969419399999929 ], [ -44.014266099999936, -19.96950059999994 ], [ -44.014346599999953, -19.969594199999953 ], [ -44.014426, -19.969627899999967 ], [ -44.014561699999945, -19.969685599999931 ], [ -44.01459659999994, -19.969700499999931 ], [ -44.014646299999981, -19.969741 ], [ -44.014774299999935, -19.969839299999943 ], [ -44.014853499999965, -19.969912299999976 ], [ -44.014894899999952, -19.969976799999912 ], [ -44.014954799999941, -19.96999559999994 ], [ -44.015085099999965, -19.970036399999977 ], [ -44.015136, -19.970052399999933 ], [ -44.015181199999972, -19.97007 ], [ -44.015217, -19.970083899999956 ], [ -44.015309499999944, -19.970119899999933 ], [ -44.015344099999936, -19.970131499999979 ], [ -44.015586, -19.970212699999937 ], [ -44.015686, -19.970246299999928 ], [ -44.015698599999951, -19.970254299999965 ], [ -44.015790199999977, -19.970312699999965 ], [ -44.015805899999982, -19.970309499999924 ], [ -44.015979599999987, -19.970274599999978 ], [ -44.015985199999932, -19.970273499999962 ], [ -44.015998499999966, -19.970273899999928 ], [ -44.016131299999984, -19.970277699999929 ], [ -44.016198699999968, -19.970278299999951 ], [ -44.016266, -19.970278899999979 ], [ -44.016372899999965, -19.97027989999998 ], [ -44.016586299999972, -19.970281899999986 ], [ -44.017024499999934, -19.970277699999944 ], [ -44.017158099999953, -19.97027229999998 ], [ -44.017323699999963, -19.970265699999956 ], [ -44.017337599999962, -19.970265199999975 ], [ -44.017671499999949, -19.970265199999982 ], [ -44.018022099999939, -19.970261 ], [ -44.018198399999967, -19.970292499999971 ], [ -44.018372699999922, -19.970323599999976 ], [ -44.018514299999929, -19.970370199999937 ], [ -44.01866, -19.97041819999993 ], [ -44.018715, -19.970436299999946 ], [ -44.018998799999963, -19.97056149999997 ], [ -44.019294699999932, -19.970704599999962 ], [ -44.019325199999976, -19.970719299999931 ], [ -44.019758499999966, -19.970928799999975 ], [ -44.020181699999974, -19.971124299999921 ], [ -44.020223899999955, -19.971143799999929 ], [ -44.02051819999997, -19.971300299999932 ], [ -44.020532799999955, -19.971307399999954 ], [ -44.020558499999936, -19.971319899999962 ], [ -44.021076799999946, -19.97157169999997 ], [ -44.02120709999997, -19.97163489999998 ], [ -44.021248599999979, -19.97165509999996 ], [ -44.02197079999997, -19.971817899999952 ], [ -44.022688699999946, -19.971918099999964 ], [ -44.023097699999944, -19.971972299999944 ], [ -44.023277199999939, -19.972005699999958 ], [ -44.023648699999967, -19.972064199999984 ], [ -44.023894699999971, -19.972187 ], [ -44.024092799999949, -19.972356 ], [ -44.024122199999965, -19.972381099999946 ], [ -44.024276599999951, -19.972537699999972 ], [ -44.024489499999952, -19.97269 ], [ -44.024839399999962, -19.972783199999981 ], [ -44.024936099999934, -19.972809 ], [ -44.025118, -19.972878099999946 ], [ -44.025282199999936, -19.972958799999951 ], [ -44.025297399999943, -19.972974799999971 ], [ -44.025451899999958, -19.973136899999929 ], [ -44.02552019999996, -19.973221699999968 ], [ -44.025572899999936, -19.973287199999966 ], [ -44.025648099999948, -19.973429099999972 ], [ -44.025928399999941, -19.97392619999993 ], [ -44.025936099999967, -19.973939799999982 ], [ -44.026053, -19.974147 ], [ -44.026330299999984, -19.974412599999933 ], [ -44.026349299999936, -19.974430799999944 ], [ -44.026787599999977, -19.974622899999932 ], [ -44.027203, -19.974704499999973 ], [ -44.027255099999941, -19.974714699999932 ], [ -44.027601499999939, -19.974785599999972 ], [ -44.027807399999972, -19.974870499999948 ], [ -44.027958599999977, -19.974963799999962 ], [ -44.028014399999961, -19.974998499999973 ], [ -44.02802829999996, -19.97500719999994 ], [ -44.028114899999927, -19.975061099999937 ], [ -44.028219299999932, -19.975173799999929 ], [ -44.028366199999944, -19.975489 ], [ -44.028366499999947, -19.97549389999995 ], [ -44.028380099999936, -19.975732799999946 ], [ -44.028382099999931, -19.975766499999956 ], [ -44.028386199999943, -19.975900099999944 ], [ -44.028845399999973, -19.975870899999968 ], [ -44.029293299999956, -19.975921299999971 ], [ -44.029337, -19.975931399999983 ], [ -44.0298246, -19.976043899999976 ], [ -44.029834599999958, -19.976046199999924 ], [ -44.030302099999979, -19.976271599999961 ], [ -44.030531699999983, -19.97643439999997 ], [ -44.030727899999938, -19.976572099999959 ], [ -44.031028, -19.976880399999978 ], [ -44.031031599999949, -19.976886099999952 ], [ -44.031047199999939, -19.976910299999929 ], [ -44.031073899999967, -19.976951599999953 ], [ -44.031139699999976, -19.97705359999998 ], [ -44.03123359999995, -19.977199 ], [ -44.031272799999954, -19.977259799999963 ], [ -44.031339199999934, -19.97736279999998 ], [ -44.031345399999964, -19.97737229999996 ], [ -44.031362299999955, -19.977398599999965 ], [ -44.031416199999967, -19.977554199999926 ], [ -44.031550199999963, -19.977941199999982 ], [ -44.031646199999962, -19.978287699999949 ], [ -44.031939699999946, -19.979042599999946 ], [ -44.031996799999945, -19.979189199999947 ], [ -44.032016499999948, -19.979219899999975 ], [ -44.03215849999998, -19.979440699999941 ], [ -44.032240599999973, -19.979568299999972 ], [ -44.032346299999972, -19.979732699999939 ], [ -44.032360199999971, -19.979754299999968 ], [ -44.032432599999943, -19.979866899999941 ], [ -44.032565499999976, -19.980073599999962 ], [ -44.032593499999969, -19.980117 ], [ -44.03266549999995, -19.980229099999981 ], [ -44.032718899999963, -19.980312099999935 ], [ -44.032838199999958, -19.980495799999964 ], [ -44.033368399999972, -19.981312499999941 ], [ -44.03344519999996, -19.981430699999983 ], [ -44.033596699999975, -19.981668599999981 ], [ -44.033601199999971, -19.981675799999959 ], [ -44.033976899999971, -19.982265699999978 ], [ -44.034067099999959, -19.982407399999943 ], [ -44.034070299999939, -19.982412399999941 ], [ -44.034243799999956, -19.982682599999972 ], [ -44.034593, -19.982970899999952 ], [ -44.034736799999969, -19.983075699999972 ], [ -44.034922399999971, -19.983210799999927 ], [ -44.034931099999937, -19.983217199999959 ], [ -44.035281599999962, -19.983388299999945 ], [ -44.035681699999941, -19.983563199999935 ], [ -44.036022599999967, -19.983669499999976 ], [ -44.036146599999938, -19.983708199999967 ], [ -44.036191699999961, -19.983722199999935 ], [ -44.03656969999998, -19.983774499999988 ], [ -44.036593799999928, -19.983777899999957 ], [ -44.036817799999938, -19.983768199999933 ], [ -44.037443499999938, -19.983719199999932 ], [ -44.037510699999977, -19.983713899999948 ], [ -44.038044899999925, -19.983542799999956 ], [ -44.038613899999973, -19.983272199999931 ], [ -44.03864179999993, -19.983258899999964 ], [ -44.038579, -19.983112799999969 ], [ -44.038485499999972, -19.982895299999953 ], [ -44.038467699999948, -19.98280909999993 ], [ -44.038495499999961, -19.982673599999938 ], [ -44.03917679999995, -19.981854 ], [ -44.039188599999939, -19.98183969999997 ], [ -44.039837499999983, -19.981151299999961 ], [ -44.039870399999984, -19.981116499999931 ], [ -44.040085799999979, -19.980879799999983 ], [ -44.040088799999971, -19.980876499999962 ], [ -44.040986399999952, -19.97989 ], [ -44.040989399999951, -19.979886699999945 ], [ -44.041478099999949, -19.979349599999988 ], [ -44.041723399999967, -19.97908 ], [ -44.041889199999964, -19.978884499999943 ], [ -44.04189839999998, -19.978874499999968 ], [ -44.042132499999987, -19.978619599999941 ], [ -44.042763, -19.977932899999914 ], [ -44.042801399999973, -19.97789029999997 ], [ -44.04310659999993, -19.977551899999973 ], [ -44.043784799999969, -19.976800299999976 ], [ -44.043824099999938, -19.97675669999995 ], [ -44.044276799999977, -19.976254899999955 ], [ -44.044522, -19.976002299999941 ], [ -44.044978, -19.975532799999939 ], [ -44.045107399999949, -19.975395 ], [ -44.04517, -19.975269799999975 ], [ -44.045182199999942, -19.975198199999973 ], [ -44.045203399999934, -19.975073599999984 ], [ -44.045211699999989, -19.974906699999963 ], [ -44.04518249999996, -19.974781499999956 ], [ -44.045090699999953, -19.974635399999958 ], [ -44.044953, -19.974576899999938 ], [ -44.044715, -19.974556099999969 ], [ -44.044714599999963, -19.974552499999952 ], [ -44.044670899999971, -19.974219799999968 ], [ -44.044803199999933, -19.974198299999955 ], [ -44.04586339999998, -19.974020799999938 ], [ -44.045992099999971, -19.97399919999998 ], [ -44.046861, -19.973834 ], [ -44.046905, -19.973825599999948 ], [ -44.047163499999961, -19.973743599999967 ], [ -44.047211599999976, -19.973728299999944 ], [ -44.04728, -19.973706599999964 ], [ -44.047680599999978, -19.973529499999927 ], [ -44.048020899999983, -19.973379 ], [ -44.048248099999967, -19.973277099999958 ], [ -44.049024699999968, -19.972928699999947 ], [ -44.049035199999935, -19.972924 ], [ -44.049393199999948, -19.972867399999931 ], [ -44.049395699999934, -19.972867 ], [ -44.050354199999965, -19.972715299999955 ], [ -44.05058409999998, -19.972700499999974 ], [ -44.050972599999973, -19.972783899999961 ], [ -44.051614699999966, -19.972964399999974 ], [ -44.051974599999937, -19.973035 ], [ -44.052157299999976, -19.9730618 ], [ -44.052360499999963, -19.973069 ], [ -44.052424599999938, -19.973071299999955 ], [ -44.05243489999998, -19.973071699999938 ], [ -44.052508, -19.973074299999951 ], [ -44.052884199999944, -19.973074199999939 ], [ -44.053129799999972, -19.973068299999973 ], [ -44.053451299999956, -19.973024199999934 ], [ -44.053701599999961, -19.973036699999966 ], [ -44.05371, -19.973048699999929 ], [ -44.053948, -19.973387299999953 ], [ -44.054016099999956, -19.973465399999967 ], [ -44.054117099999985, -19.973581199999966 ], [ -44.054148299999952, -19.973616899999968 ], [ -44.054686799999956, -19.973992599999978 ], [ -44.054709599999967, -19.974008199999947 ], [ -44.05483879999997, -19.974096799999927 ], [ -44.055053799999939, -19.974238199999945 ], [ -44.055115899999983, -19.97427139999996 ], [ -44.055126499999972, -19.974277 ], [ -44.055246, -19.97432479999998 ], [ -44.055363199999931, -19.974367299999983 ], [ -44.05539529999993, -19.974379 ], [ -44.055743799999952, -19.974464299999969 ], [ -44.055780899999945, -19.974471 ], [ -44.055845599999941, -19.974482599999938 ], [ -44.055868799999985, -19.974486799999962 ], [ -44.055910299999937, -19.974494299999943 ], [ -44.055939099999932, -19.974499499999979 ], [ -44.056331399999983, -19.974568599999937 ], [ -44.056832199999974, -19.974731399999932 ], [ -44.05843519999997, -19.974393599999928 ], [ -44.059205899999938, -19.97423119999997 ], [ -44.059512199999979, -19.974166699999948 ], [ -44.05952909999997, -19.974162399999944 ], [ -44.059749599999975, -19.974106499999941 ], [ -44.060312, -19.973978299999946 ], [ -44.060621499999968, -19.97390779999996 ], [ -44.060679599999958, -19.973898 ], [ -44.061063199999978, -19.973833599999978 ], [ -44.061213, -19.973808399999943 ], [ -44.061266099999955, -19.973799499999924 ], [ -44.061303599999981, -19.973796499999938 ], [ -44.061575, -19.973774499999941 ], [ -44.061620299999966, -19.973769 ], [ -44.062000099999985, -19.973722699999936 ], [ -44.062119899999971, -19.973708099999968 ], [ -44.062206299999957, -19.9736976 ], [ -44.06269389999995, -19.973638199999979 ], [ -44.062706099999964, -19.973636699999929 ], [ -44.062876699999947, -19.974112399999974 ], [ -44.063079, -19.974676799999948 ], [ -44.063260299999968, -19.975182499999963 ], [ -44.063340599999947, -19.975406499999959 ], [ -44.062664199999972, -19.975628099999948 ], [ -44.06280849999996, -19.976050699999973 ], [ -44.063023099999953, -19.976678799999942 ], [ -44.063016499999947, -19.976682599999961 ], [ -44.062934299999938, -19.976730399999948 ], [ -44.06290139999993, -19.976778199999959 ], [ -44.062868599999945, -19.976825899999927 ], [ -44.062887599999961, -19.976924299999951 ], [ -44.062904, -19.977009 ], [ -44.062963599999932, -19.977078799999955 ], [ -44.063073099999947, -19.977127499999938 ], [ -44.063217299999963, -19.977073299999969 ], [ -44.063282099999988, -19.977001899999951 ], [ -44.063314099999957, -19.976966699999927 ], [ -44.063379, -19.976809299999957 ], [ -44.063499299999933, -19.976765399999977 ], [ -44.063669899999987, -19.976715299999967 ], [ -44.063715099999975, -19.976701599999956 ], [ -44.064741099999935, -19.976392 ], [ -44.064963899999952, -19.977064199999983 ], [ -44.065283199999953, -19.976955699999955 ], [ -44.065364099999954, -19.976733299999964 ], [ -44.066139299999975, -19.976451399999974 ], [ -44.066360399999951, -19.976635299999948 ], [ -44.066132899999964, -19.97597 ], [ -44.066307699999982, -19.976083599999981 ], [ -44.067626099999984, -19.97568629999995 ], [ -44.06772419999993, -19.975498899999934 ], [ -44.067811899999981, -19.975283899999955 ], [ -44.067509499999979, -19.974387699999976 ], [ -44.067280799999942, -19.974215399999917 ], [ -44.067474799999964, -19.974286299999964 ], [ -44.06806169999993, -19.97413059999996 ], [ -44.068128699999932, -19.973968799999945 ], [ -44.068183799999986, -19.973812599999974 ], [ -44.068264, -19.973665399999948 ], [ -44.06841849999995, -19.973392 ], [ -44.068498799999936, -19.973242399999947 ], [ -44.068568499999969, -19.973125399999965 ], [ -44.068573299999969, -19.973117299999966 ], [ -44.068609699999975, -19.973074299999947 ], [ -44.068661, -19.97301339999996 ], [ -44.068829, -19.972876099999954 ], [ -44.068853399999973, -19.972856199999963 ], [ -44.069016899999959, -19.972767499999971 ], [ -44.069116299999962, -19.972712299999955 ], [ -44.069205, -19.972663 ], [ -44.069529799999934, -19.972494499999989 ], [ -44.069578799999938, -19.972469 ], [ -44.069616399999973, -19.972433 ], [ -44.069980799999946, -19.972085 ], [ -44.070002799999948, -19.972061399999983 ], [ -44.07037169999996, -19.971666399999943 ], [ -44.070412599999941, -19.971622599999922 ], [ -44.070505399999945, -19.971523199999986 ], [ -44.071200799999986, -19.970784199999972 ], [ -44.071560699999964, -19.970403299999923 ], [ -44.072056699999962, -19.969870599999982 ], [ -44.072099799999933, -19.969825699999948 ], [ -44.072225399999979, -19.969695 ], [ -44.072238599999935, -19.969681299999941 ], [ -44.072343199999978, -19.969587399999973 ], [ -44.072380299999963, -19.969562599999957 ], [ -44.072465, -19.969506199999941 ], [ -44.072668599999986, -19.969449399999984 ], [ -44.072882199999981, -19.969416399999947 ], [ -44.073059699999938, -19.969375699999933 ], [ -44.073234099999986, -19.969276099999941 ], [ -44.073357699999974, -19.969174799999969 ], [ -44.073527499999948, -19.969030599999947 ], [ -44.073542899999957, -19.969017 ], [ -44.073592499999961, -19.968973399999978 ], [ -44.073767699999962, -19.968819499999931 ], [ -44.074031699999978, -19.968576699999968 ], [ -44.074035799999933, -19.968570799999945 ], [ -44.074047, -19.968554399999952 ], [ -44.074170699999968, -19.968373899999964 ], [ -44.074301899999966, -19.968162899999978 ], [ -44.074465399999958, -19.967877599999948 ], [ -44.07457739999996, -19.967753599999977 ], [ -44.074675599999978, -19.967652 ], [ -44.074979, -19.967415399999933 ], [ -44.075010299999974, -19.967390899999934 ], [ -44.075318, -19.967253299999982 ], [ -44.075595899999932, -19.967195199999942 ], [ -44.075485499999957, -19.967091 ], [ -44.075474, -19.967029099999937 ], [ -44.075458799999979, -19.966947299999958 ], [ -44.07539769999994, -19.966772399999972 ], [ -44.075252499999976, -19.966605 ], [ -44.075138099999947, -19.966470899999926 ], [ -44.075031299999978, -19.966338 ], [ -44.074810499999955, -19.966051799999935 ], [ -44.074602099999929, -19.965739499999934 ], [ -44.074441899999954, -19.965598499999938 ], [ -44.074336699999947, -19.965454399999935 ], [ -44.074307199999971, -19.965406899999941 ], [ -44.074252399999978, -19.965318699999965 ], [ -44.074077899999963, -19.965015499999929 ], [ -44.073904, -19.964798099999946 ], [ -44.07379959999998, -19.96469559999997 ], [ -44.073491699999977, -19.964376599999976 ], [ -44.073416699999939, -19.964251 ], [ -44.072797499999979, -19.963399299999939 ], [ -44.072285, -19.963044799999977 ], [ -44.072173899999939, -19.962997399999942 ], [ -44.072093799999948, -19.9629811 ], [ -44.07185879999998, -19.962887299999981 ], [ -44.071585599999935, -19.962792799999939 ], [ -44.071400299999937, -19.962657299999929 ], [ -44.071335099999942, -19.962563799999945 ], [ -44.071216299999953, -19.962283799999962 ], [ -44.071152, -19.962045499999924 ], [ -44.071085299999936, -19.961884799999957 ], [ -44.071061499999985, -19.961656099999963 ], [ -44.071020199999971, -19.961313 ], [ -44.070966499999948, -19.961189299999955 ], [ -44.070860799999942, -19.961065 ], [ -44.070777199999952, -19.960981199999942 ], [ -44.070695899999976, -19.96091 ], [ -44.070609699999977, -19.960744899999955 ], [ -44.07045839999995, -19.960548599999981 ], [ -44.07019779999996, -19.960423699999978 ], [ -44.06994769999995, -19.960360699999967 ], [ -44.069763299999977, -19.96023619999993 ], [ -44.069698699999954, -19.960102099999975 ], [ -44.06966749999998, -19.959855 ], [ -44.069577299999942, -19.959426399999924 ], [ -44.069453799999955, -19.958963 ], [ -44.069420299999933, -19.958847099999954 ], [ -44.069228499999952, -19.958450299999971 ], [ -44.068961799999954, -19.957993399999967 ], [ -44.068617299999964, -19.95750929999997 ], [ -44.068490599999961, -19.957381099999957 ], [ -44.068278899999939, -19.957192699999954 ], [ -44.06800329999993, -19.957050599999945 ], [ -44.067862199999979, -19.95694929999997 ], [ -44.067686399999957, -19.956707299999959 ], [ -44.067561099999978, -19.9563181 ], [ -44.067548199999976, -19.956097 ], [ -44.067700099999968, -19.955190499999969 ], [ -44.067710599999941, -19.954844499999968 ], [ -44.067745299999949, -19.954669699999961 ], [ -44.067790599999967, -19.954360399999924 ], [ -44.067792599999969, -19.954139599999962 ], [ -44.067817199999979, -19.953929499999951 ], [ -44.067805199999952, -19.953736099999954 ], [ -44.067746599999971, -19.953394399999969 ], [ -44.067610199999933, -19.95306079999995 ], [ -44.067566299999953, -19.952978699999964 ], [ -44.067534799999976, -19.95291989999992 ], [ -44.067407399999979, -19.952615899999955 ], [ -44.067371299999934, -19.952338399999977 ], [ -44.067392799999944, -19.952239399999943 ], [ -44.067582199999947, -19.95177119999995 ], [ -44.067625799999973, -19.951600299999935 ], [ -44.067720299999962, -19.951327 ], [ -44.067765199999947, -19.951197099999948 ], [ -44.067822299999932, -19.95115 ], [ -44.067934799999939, -19.951068499999959 ], [ -44.068002499999984, -19.951016099999954 ], [ -44.068055599999987, -19.950936099999986 ], [ -44.068118799999979, -19.950837799999935 ], [ -44.06821, -19.950634499999989 ], [ -44.068288399999965, -19.950429399999965 ], [ -44.068466399999977, -19.949931699999972 ], [ -44.068731399999926, -19.949260599999942 ], [ -44.068906699999957, -19.948790699999954 ], [ -44.068965799999944, -19.94872079999994 ], [ -44.068991099999948, -19.948691099999955 ], [ -44.069128799999937, -19.948472199999969 ], [ -44.069285899999961, -19.948298299999976 ], [ -44.069474599999978, -19.948141699999962 ], [ -44.069667299999928, -19.948023899999946 ], [ -44.069878599999988, -19.947990899999979 ], [ -44.070389199999973, -19.947997099999945 ], [ -44.071306599999964, -19.947992799999955 ], [ -44.071864799999958, -19.947989599999961 ], [ -44.072063499999963, -19.947977 ], [ -44.072264799999971, -19.947941899999925 ], [ -44.072393599999941, -19.947897299999955 ], [ -44.07276209999997, -19.947730499999977 ], [ -44.072975199999973, -19.947603 ], [ -44.073146099999974, -19.947486899999934 ], [ -44.073356099999963, -19.9472871 ], [ -44.074276399999981, -19.946382799999984 ], [ -44.074371399999961, -19.946288699999972 ], [ -44.074920399999939, -19.945744099999953 ], [ -44.074988499999961, -19.945589 ], [ -44.07510069999995, -19.945498799999946 ], [ -44.075180799999941, -19.945404899999961 ], [ -44.075266099999965, -19.945239499999957 ], [ -44.075753599999985, -19.944575699999966 ], [ -44.07587239999998, -19.944416599999958 ], [ -44.075889799999977, -19.944394 ], [ -44.076519, -19.943575799999959 ], [ -44.076684499999949, -19.943328699999942 ], [ -44.076751699999932, -19.943073 ], [ -44.076770099999976, -19.942971799999953 ], [ -44.076773899999985, -19.942884799999941 ], [ -44.076764799999978, -19.942791199999927 ], [ -44.07673779999994, -19.942665399999946 ], [ -44.076585, -19.942187699999977 ], [ -44.076470399999955, -19.941825899999969 ], [ -44.076441099999961, -19.941734199999928 ], [ -44.076427699999954, -19.941663299999963 ], [ -44.076411699999944, -19.941544299999965 ], [ -44.076416699999982, -19.941456399999936 ], [ -44.076429699999949, -19.941384599999925 ], [ -44.076467399999956, -19.941261399999963 ], [ -44.076785099999938, -19.94125489999993 ], [ -44.077019199999938, -19.941121899999942 ], [ -44.07723249999998, -19.940536099999978 ], [ -44.077406099999962, -19.940151099999987 ], [ -44.077557599999984, -19.939909399999969 ], [ -44.077697399999977, -19.939739699999954 ], [ -44.077947, -19.939486799999944 ], [ -44.078200899999956, -19.9391955 ], [ -44.078449599999949, -19.938963099999963 ], [ -44.078634799999975, -19.938824599999975 ], [ -44.078884099999982, -19.938653699999971 ], [ -44.079070499999951, -19.938489099999966 ], [ -44.079508, -19.938206199999968 ], [ -44.079788899999983, -19.938053699999941 ], [ -44.079906299999948, -19.937964599999926 ], [ -44.080094, -19.937856399999927 ], [ -44.080325, -19.937717099999944 ], [ -44.080620499999952, -19.937520299999957 ], [ -44.080854199999969, -19.937391499999926 ], [ -44.081035199999974, -19.937291699999946 ], [ -44.081195099999945, -19.937174499999966 ], [ -44.081264399999952, -19.937123599999943 ], [ -44.081366399999986, -19.937040199999942 ], [ -44.08156289999993, -19.936904899999941 ], [ -44.081666499999983, -19.936808 ], [ -44.081842599999966, -19.936653099999944 ], [ -44.081956699999985, -19.93650759999996 ], [ -44.08207079999994, -19.936344199999954 ], [ -44.082112599999959, -19.936284499999932 ], [ -44.082234299999975, -19.936129399999981 ], [ -44.082284699999938, -19.936065099999947 ], [ -44.08234089999997, -19.935993499999935 ], [ -44.082475699999982, -19.935849499999961 ], [ -44.082631199999973, -19.93568329999993 ], [ -44.082702299999937, -19.935628 ], [ -44.082798699999962, -19.935552899999941 ], [ -44.082941799999958, -19.935441499999964 ], [ -44.083006099999977, -19.935407699999921 ], [ -44.083114899999948, -19.935321299999945 ], [ -44.083354899999954, -19.935294899999978 ], [ -44.083572299999965, -19.935230299999947 ], [ -44.083774099999971, -19.935192399999945 ], [ -44.083871399999964, -19.93512289999995 ], [ -44.083929399999924, -19.935081499999953 ], [ -44.084256799999935, -19.935021099999972 ], [ -44.084338099999975, -19.935006 ], [ -44.08464, -19.934950299999965 ], [ -44.084915599999931, -19.934899399999946 ], [ -44.085324899999932, -19.934730499999947 ], [ -44.085666899999978, -19.93458929999996 ], [ -44.086348799999939, -19.934487099999959 ], [ -44.087141299999985, -19.934506199999941 ], [ -44.087391899999943, -19.934499499999951 ], [ -44.087949099999953, -19.934504599999965 ], [ -44.087977599999938, -19.934504699999927 ], [ -44.088131499999967, -19.934504699999934 ], [ -44.088794199999938, -19.934442499999939 ], [ -44.089122299999985, -19.934411699999952 ], [ -44.089491099999975, -19.934377 ], [ -44.08970439999996, -19.934341 ], [ -44.089911, -19.934306099999954 ], [ -44.089851899999985, -19.934199299999936 ], [ -44.090305199999939, -19.934012699999986 ], [ -44.090817199999947, -19.933705199999974 ], [ -44.090906499999967, -19.933429099999959 ], [ -44.091092099999976, -19.933111499999939 ], [ -44.091335, -19.932905299999959 ], [ -44.091527599999949, -19.932638299999955 ], [ -44.091748, -19.932395299999929 ], [ -44.093217099999947, -19.932421499999968 ], [ -44.093533899999954, -19.932344799999957 ], [ -44.093936599999957, -19.932120399999967 ], [ -44.094538399999976, -19.931855299999931 ], [ -44.0952923, -19.930694499999962 ], [ -44.095683899999983, -19.930299899999966 ], [ -44.096196399999933, -19.92993719999993 ], [ -44.096398, -19.929835899999937 ], [ -44.096976599999941, -19.929624599999944 ], [ -44.09739239999994, -19.929535899999955 ], [ -44.098125, -19.92983259999993 ], [ -44.098495, -19.929565299999982 ], [ -44.098513699999948, -19.929551799999956 ], [ -44.098587499999951, -19.929557899999956 ], [ -44.098671, -19.92956479999998 ], [ -44.098998199999983, -19.929591899999945 ], [ -44.09916, -19.929606599999939 ], [ -44.099376499999941, -19.929613499999967 ], [ -44.099600099999975, -19.92961379999997 ], [ -44.099860399999955, -19.929536199999969 ], [ -44.099992199999974, -19.929483099999963 ], [ -44.100208099999975, -19.92937979999995 ], [ -44.100530399999968, -19.929213699999924 ], [ -44.100774299999955, -19.929138099999928 ], [ -44.100996499999951, -19.929094 ], [ -44.101230399999963, -19.929068599999933 ], [ -44.102549599999982, -19.929014699999978 ], [ -44.102722899999947, -19.929005299999979 ], [ -44.102892199999985, -19.928976299999917 ], [ -44.10320709999997, -19.928862 ], [ -44.103614799999946, -19.928661099999939 ], [ -44.104853099999957, -19.92804069999994 ], [ -44.105599199999979, -19.927657199999945 ], [ -44.10604009999998, -19.927438699999975 ], [ -44.106282299999975, -19.92735069999998 ], [ -44.106585499999937, -19.927257299999955 ], [ -44.106861199999969, -19.927239099999948 ], [ -44.107096499999962, -19.927253199999932 ], [ -44.107461199999932, -19.927321699999936 ], [ -44.107664499999942, -19.927408 ], [ -44.107916299999943, -19.927538099999921 ], [ -44.107969499999967, -19.927575599999958 ], [ -44.108222799999965, -19.927754099999969 ], [ -44.108369699999976, -19.927896299999919 ], [ -44.108474099999974, -19.928039499999944 ], [ -44.108559, -19.928169 ], [ -44.108672399999939, -19.928385799999937 ], [ -44.108615399999962, -19.928483899999932 ], [ -44.108670699999948, -19.928989199999929 ], [ -44.108692499999961, -19.929597 ], [ -44.10888019999993, -19.929866799999942 ], [ -44.10887809999997, -19.92988119999994 ], [ -44.108857399999977, -19.930019699999942 ], [ -44.108972199999982, -19.930463799999924 ], [ -44.109110299999941, -19.930862499999936 ], [ -44.109320699999948, -19.930930599999961 ], [ -44.109218399999982, -19.931388199999969 ], [ -44.109763, -19.93154 ], [ -44.109885499999962, -19.931684299999976 ], [ -44.109910599999971, -19.932062499999976 ], [ -44.11050739999996, -19.932860099999978 ], [ -44.110994699999935, -19.933153899999979 ], [ -44.110918399999946, -19.933312899999972 ], [ -44.111124299999979, -19.933624299999963 ], [ -44.111356199999939, -19.933710499999965 ], [ -44.111299099999947, -19.933899399999962 ], [ -44.11156809999995, -19.93431589999993 ], [ -44.11208239999997, -19.934968699999942 ], [ -44.112666399999966, -19.935610199999918 ], [ -44.112934499999938, -19.935795499999941 ], [ -44.113160899999968, -19.93587279999997 ], [ -44.113195899999944, -19.935884799999929 ], [ -44.113305299999979, -19.935898099999957 ], [ -44.113527899999958, -19.93589459999993 ], [ -44.113971299999946, -19.935944099999976 ], [ -44.114211499999954, -19.935910399999955 ], [ -44.115217, -19.935724399999962 ], [ -44.116657499999974, -19.935461499999985 ], [ -44.116676699999978, -19.935458 ], [ -44.117314899999947, -19.935341699999977 ], [ -44.11738859999997, -19.935324599999941 ], [ -44.117541699999947, -19.93528909999997 ], [ -44.118030399999952, -19.935174499999956 ], [ -44.118052, -19.935171199999964 ], [ -44.118713499999956, -19.935069599999963 ], [ -44.119400699999979, -19.934953199999935 ], [ -44.119425199999966, -19.934948099999922 ], [ -44.119557699999973, -19.934920399999953 ], [ -44.119890599999962, -19.934844499999944 ], [ -44.120077699999968, -19.934829299999922 ], [ -44.120108699999946, -19.934827399999968 ], [ -44.12038129999997, -19.934810899999945 ], [ -44.120515299999973, -19.934824 ], [ -44.120640699999967, -19.934845399999972 ], [ -44.120831199999941, -19.934888399999977 ], [ -44.121000899999963, -19.934955299999942 ], [ -44.121139099999937, -19.935020499999947 ], [ -44.121310299999948, -19.935113499999943 ], [ -44.121471799999938, -19.935210699999967 ], [ -44.121474099999944, -19.93521289999995 ], [ -44.121819099999989, -19.935547199999966 ], [ -44.122028199999932, -19.935362699999935 ], [ -44.122198, -19.935233699999969 ], [ -44.122658299999955, -19.934905699999941 ], [ -44.123068799999949, -19.934609399999957 ], [ -44.123180099999956, -19.934515799999925 ], [ -44.12384179999998, -19.934059099999953 ], [ -44.12435789999995, -19.932661399999969 ], [ -44.125045299999947, -19.932901099999981 ], [ -44.125514199999941, -19.931678899999948 ], [ -44.125677699999983, -19.931597699999941 ], [ -44.125894799999969, -19.931158699999958 ], [ -44.125809199999942, -19.93098689999994 ], [ -44.12597159999995, -19.930956899999959 ], [ -44.126120699999944, -19.930610499999933 ], [ -44.126053599999985, -19.930465699999967 ], [ -44.126224599999944, -19.930399099999924 ], [ -44.126360799999929, -19.929962699999983 ], [ -44.126266599999944, -19.92981019999996 ], [ -44.126439599999976, -19.929738399999948 ], [ -44.126572599999974, -19.929333599999943 ], [ -44.126523, -19.929174299999943 ], [ -44.126668699999989, -19.929104099999964 ], [ -44.126801299999961, -19.928769699999958 ], [ -44.12673539999998, -19.928581699999931 ], [ -44.126911799999959, -19.928506099999932 ], [ -44.127015299999982, -19.928159799999957 ], [ -44.126963099999962, -19.928005599999945 ], [ -44.127168799999936, -19.927886399999981 ], [ -44.127335799999969, -19.927547699999938 ], [ -44.12718789999996, -19.92736519999994 ], [ -44.12741919999997, -19.927286599999931 ], [ -44.127509499999981, -19.92698079999996 ], [ -44.127333399999934, -19.926777899999941 ], [ -44.129484199999972, -19.9274574 ], [ -44.129234199999985, -19.926851099999972 ], [ -44.129347899999971, -19.926706499999973 ], [ -44.129788399999931, -19.926589899999946 ], [ -44.13024379999996, -19.926575599999978 ], [ -44.130764099999972, -19.926584299999945 ], [ -44.131034799999952, -19.926583799999936 ], [ -44.131379099999947, -19.92657289999994 ], [ -44.131471399999946, -19.92657 ], [ -44.131477899999936, -19.926571299999971 ], [ -44.131672799999933, -19.926610099999944 ], [ -44.132025099999964, -19.926589599999939 ], [ -44.132461199999973, -19.926581499999934 ], [ -44.132753899999955, -19.926575799999963 ], [ -44.133056699999948, -19.926571499999969 ], [ -44.133441099999978, -19.92656079999993 ], [ -44.133740599999953, -19.926553799999969 ], [ -44.134069799999963, -19.926550399999932 ], [ -44.134547499999947, -19.926538699999977 ], [ -44.134776899999963, -19.926535199999933 ], [ -44.135069699999974, -19.926529499999948 ] ] ], [ [ [ -44.147056899999939, -19.905588599999934 ], [ -44.147113299999951, -19.905644499999941 ], [ -44.147279699999963, -19.905759 ], [ -44.147422299999967, -19.905834399999947 ], [ -44.147510299999972, -19.905859599999921 ], [ -44.147797299999979, -19.905834399999932 ], [ -44.148008799999964, -19.905827699999982 ], [ -44.148189399999985, -19.905843399999977 ], [ -44.148372399999971, -19.90587689999996 ], [ -44.148505499999949, -19.905926099999938 ], [ -44.148605399999951, -19.905986399999968 ], [ -44.148690899999963, -19.906062399999936 ], [ -44.149251899999967, -19.906596499999981 ], [ -44.149192299999982, -19.906759899999951 ], [ -44.148866199999929, -19.907116399999961 ], [ -44.148733399999969, -19.907298499999971 ], [ -44.14853619999996, -19.907514699999972 ], [ -44.148369299999956, -19.90762089999993 ], [ -44.148191, -19.907617099999989 ], [ -44.148009, -19.907628399999972 ], [ -44.14789519999993, -19.907681499999963 ], [ -44.147845899999943, -19.907757399999976 ], [ -44.147804199999946, -19.907893899999973 ], [ -44.14777, -19.908186 ], [ -44.147743499999933, -19.908303599999947 ], [ -44.147667599999984, -19.908356699999953 ], [ -44.1475425, -19.908368 ], [ -44.147330099999976, -19.908402199999948 ], [ -44.147075899999948, -19.908424899999936 ], [ -44.146962199999962, -19.908478 ], [ -44.146666299999936, -19.908474199999937 ], [ -44.146609399999939, -19.908504599999969 ], [ -44.146552499999984, -19.908644899999953 ], [ -44.147587399999964, -19.908987699999951 ], [ -44.147621099999981, -19.908927699999932 ], [ -44.147731299999982, -19.908817799999955 ], [ -44.147927399999951, -19.908767599999987 ], [ -44.148111599999943, -19.908789899999928 ], [ -44.148206699999953, -19.908834599999967 ], [ -44.149163299999948, -19.909019 ], [ -44.149487699999959, -19.908585399999939 ], [ -44.149765099999968, -19.908214499999925 ], [ -44.150047699999966, -19.907836899999939 ], [ -44.150839, -19.906778599999932 ], [ -44.150868699999933, -19.906666899999941 ], [ -44.151046899999983, -19.906454599999972 ], [ -44.151201399999934, -19.906192 ], [ -44.151332199999956, -19.906041099999985 ], [ -44.151557899999943, -19.905990899999946 ], [ -44.151706499999939, -19.906007599999953 ], [ -44.153073199999938, -19.906449 ], [ -44.153245499999976, -19.906443399999944 ], [ -44.153495, -19.906382 ], [ -44.153649499999972, -19.906292599999961 ], [ -44.153821799999946, -19.906097 ], [ -44.15392879999996, -19.905800899999971 ], [ -44.153851599999946, -19.90564449999993 ], [ -44.153652799999975, -19.90556439999995 ], [ -44.153602, -19.905543899999948 ], [ -44.153530699999976, -19.905448899999946 ], [ -44.153530699999976, -19.905320399999944 ], [ -44.153132599999928, -19.905113699999951 ], [ -44.1529781, -19.904985199999928 ], [ -44.152746299999933, -19.904879099999967 ], [ -44.15245519999997, -19.904806399999927 ], [ -44.151962, -19.904599699999942 ], [ -44.151783299999977, -19.904497299999939 ], [ -44.151581699999959, -19.904381799999946 ], [ -44.151344, -19.904337099999974 ], [ -44.151159799999959, -19.904398599999968 ], [ -44.150945899999954, -19.904426499999939 ], [ -44.150767699999967, -19.904527099999935 ], [ -44.150399299999947, -19.904549399999951 ], [ -44.150221, -19.904493599999963 ], [ -44.150024899999949, -19.904493599999963 ], [ -44.149846699999955, -19.904415299999975 ], [ -44.149537699999939, -19.904365099999946 ], [ -44.149353499999961, -19.90425329999993 ], [ -44.149175199999938, -19.904035399999952 ], [ -44.148836499999959, -19.903828699999945 ], [ -44.148652299999981, -19.903845499999921 ], [ -44.148527499999936, -19.903627599999929 ], [ -44.148521599999981, -19.903471099999933 ], [ -44.148503799999958, -19.903404099999939 ], [ -44.148361199999954, -19.903370599999946 ], [ -44.14821859999995, -19.903303499999947 ], [ -44.148058099999965, -19.903191799999945 ], [ -44.148055599999964, -19.903122299999957 ], [ -44.147722599999952, -19.903194599999946 ], [ -44.147533, -19.903304599999952 ], [ -44.147187799999983, -19.903361499999964 ], [ -44.146986799999979, -19.903422199999973 ], [ -44.146650199999961, -19.903453499999955 ], [ -44.146683399999972, -19.903767399999929 ], [ -44.146755499999983, -19.903994899999923 ], [ -44.146819899999969, -19.904512599999972 ], [ -44.146827499999972, -19.904732599999925 ], [ -44.146806699999956, -19.904933599999929 ], [ -44.146784799999978, -19.904983 ], [ -44.147024199999976, -19.905535499999928 ], [ -44.147056899999939, -19.905588599999934 ] ] ], [ [ [ -44.141720699999951, -19.88355689999997 ], [ -44.141689, -19.883840499999959 ], [ -44.141728199999932, -19.883954299999967 ], [ -44.141789799999977, -19.884066399999938 ], [ -44.141881799999972, -19.884181199999929 ], [ -44.142154299999966, -19.884305599999937 ], [ -44.142195699999945, -19.884446599999929 ], [ -44.142253799999935, -19.884545 ], [ -44.142278199999964, -19.884690699999958 ], [ -44.142419799999971, -19.884803799999933 ], [ -44.142564299999947, -19.885132499999941 ], [ -44.14273309999993, -19.885357 ], [ -44.14293059999995, -19.885553 ], [ -44.142963299999955, -19.885730899999938 ], [ -44.142928799999943, -19.885917299999964 ], [ -44.142974399999957, -19.886074699999931 ], [ -44.143087099999939, -19.886230799999954 ], [ -44.143255399999923, -19.88633249999998 ], [ -44.143423599999949, -19.886474199999956 ], [ -44.143423299999938, -19.88662109999995 ], [ -44.143578899999966, -19.886893099999938 ], [ -44.143839499999956, -19.887129099999978 ], [ -44.14414389999996, -19.887221199999932 ], [ -44.144188899999968, -19.88731359999996 ], [ -44.144329099999936, -19.887433299999948 ], [ -44.144531699999966, -19.887484099999952 ], [ -44.144758899999943, -19.887332799999964 ], [ -44.144964099999981, -19.887084699999939 ], [ -44.145141799999969, -19.886849599999948 ], [ -44.145263, -19.886627799999932 ], [ -44.145376, -19.886211099999965 ], [ -44.145448, -19.885939799999964 ], [ -44.145408899999957, -19.885413399999941 ], [ -44.14545819999995, -19.885216499999952 ], [ -44.145457099999931, -19.88480219999995 ], [ -44.145422499999945, -19.884520399999925 ], [ -44.145352099999968, -19.884308599999937 ], [ -44.145332099999962, -19.884172199999966 ], [ -44.145294, -19.884063199999961 ], [ -44.145277, -19.883866299999973 ], [ -44.145250099999949, -19.883724499999985 ], [ -44.145219, -19.883627799999935 ], [ -44.145267199999978, -19.883504099999975 ], [ -44.145295599999933, -19.883421799999955 ], [ -44.145278599999983, -19.883353399999976 ], [ -44.145302299999976, -19.88327 ], [ -44.145251099999939, -19.883121 ], [ -44.14509209999995, -19.88288719999996 ], [ -44.145092, -19.88249669999993 ], [ -44.145100199999945, -19.882298399999968 ], [ -44.145181599999951, -19.882234099999959 ], [ -44.145269499999984, -19.882234199999964 ], [ -44.145428299999942, -19.882175 ], [ -44.145437199999954, -19.882190899999951 ], [ -44.14548549999995, -19.882304599999944 ], [ -44.145490299999949, -19.882461 ], [ -44.145594899999942, -19.882621899999947 ], [ -44.145680899999952, -19.882797199999963 ], [ -44.145832499999983, -19.883104699999933 ], [ -44.145850699999983, -19.883181399999945 ], [ -44.145889599999975, -19.883346099999986 ], [ -44.145880099999943, -19.883529399999937 ], [ -44.14582009999998, -19.883648899999955 ], [ -44.145813499999974, -19.883757399999983 ], [ -44.145899099999951, -19.883945099999952 ], [ -44.146060699999964, -19.884070299999969 ], [ -44.146060699999964, -19.884240199999965 ], [ -44.146136199999951, -19.884352099999941 ], [ -44.146212799999944, -19.884419 ], [ -44.146264199999962, -19.884515299999965 ], [ -44.14646, -19.884633499999946 ], [ -44.146517099999983, -19.884776599999963 ], [ -44.146431499999949, -19.884883899999966 ], [ -44.146488499999975, -19.885053699999951 ], [ -44.146982899999955, -19.88521469999996 ], [ -44.147154, -19.885473899999958 ], [ -44.147144499999968, -19.885840499999972 ], [ -44.147391699999964, -19.886055 ], [ -44.147155599999962, -19.886227599999916 ], [ -44.146933399999966, -19.886157099999931 ], [ -44.146525599999961, -19.886457499999942 ], [ -44.146292299999971, -19.886517799999975 ], [ -44.145931899999937, -19.887102199999955 ], [ -44.145428899999963, -19.887691199999949 ], [ -44.145539, -19.887891199999959 ], [ -44.145504599999981, -19.888112099999944 ], [ -44.145335399999958, -19.888378099999965 ], [ -44.145092299999931, -19.888523399999926 ], [ -44.144842399999959, -19.888605599999945 ], [ -44.144578599999932, -19.888851499999923 ], [ -44.144529, -19.88938429999995 ], [ -44.143664, -19.890512199999929 ], [ -44.143702399999938, -19.890714899999981 ], [ -44.143525, -19.891002299999965 ], [ -44.143582699999968, -19.89110039999996 ], [ -44.144389799999942, -19.890901799999934 ], [ -44.144727399999965, -19.890993499999965 ], [ -44.145179399999968, -19.891043499999956 ], [ -44.145298199999957, -19.891241499999985 ], [ -44.145525899999946, -19.891406299999957 ], [ -44.145938299999962, -19.891562699999945 ], [ -44.146197299999983, -19.891485399999965 ], [ -44.146503299999956, -19.891124699999985 ], [ -44.146788799999968, -19.890598499999943 ], [ -44.147095699999973, -19.890579 ], [ -44.147205, -19.890873399999972 ], [ -44.147483799999975, -19.891141299999955 ], [ -44.147699799999941, -19.891202599999922 ], [ -44.148695399999951, -19.892257699999952 ], [ -44.149218399999938, -19.892170299999968 ], [ -44.149307299999975, -19.892809799999952 ], [ -44.149502599999956, -19.892988399999982 ], [ -44.150209799999971, -19.893051899999936 ], [ -44.150404399999957, -19.893310799999927 ], [ -44.15044069999994, -19.893692499999915 ], [ -44.150521899999944, -19.894047699999931 ], [ -44.150650399999961, -19.894257399999955 ], [ -44.150811199999964, -19.894293399999974 ], [ -44.15105779999994, -19.894198099999979 ], [ -44.151284299999929, -19.894214799999936 ], [ -44.151434399999964, -19.894412799999952 ], [ -44.151379699999957, -19.894608099999978 ], [ -44.15055719999998, -19.894980699999966 ], [ -44.150344899999936, -19.895233199999957 ], [ -44.1502905, -19.895634399999945 ], [ -44.150406399999952, -19.896268899999942 ], [ -44.150660499999951, -19.896949599999957 ], [ -44.15153729999998, -19.897202199999974 ], [ -44.151916499999963, -19.897344499999981 ], [ -44.152164699999965, -19.897645299999958 ], [ -44.152546799999989, -19.897837399999958 ], [ -44.152937699999939, -19.897920699999926 ], [ -44.154064799999958, -19.898639099999968 ], [ -44.154213, -19.899188599999942 ], [ -44.154524099999954, -19.899335699999941 ], [ -44.155053199999941, -19.899163699999974 ], [ -44.15542209999996, -19.898872699999981 ], [ -44.155636599999987, -19.898579 ], [ -44.155757699999988, -19.898221 ], [ -44.155598199999986, -19.897714499999946 ], [ -44.155387299999973, -19.897497599999951 ], [ -44.155501099999981, -19.897208399999947 ], [ -44.155452799999978, -19.896945199999951 ], [ -44.155331799999949, -19.89665129999997 ], [ -44.1550539, -19.896228599999965 ], [ -44.15504089999996, -19.89594459999995 ], [ -44.155171099999961, -19.895773899999934 ], [ -44.155336199999965, -19.895778699999937 ], [ -44.155539599999948, -19.895885599999936 ], [ -44.155669799999949, -19.895823499999949 ], [ -44.155433499999958, -19.895595699999951 ], [ -44.15536689999994, -19.895433399999934 ], [ -44.155169299999955, -19.895122399999931 ], [ -44.15533419999997, -19.894902599999959 ], [ -44.155595399999982, -19.894766 ], [ -44.15577889999998, -19.894626599999981 ], [ -44.15571, -19.894462 ], [ -44.155462799999952, -19.894228799999944 ], [ -44.155345299999958, -19.89385289999996 ], [ -44.154953299999939, -19.89373739999996 ], [ -44.155091099999936, -19.893464699999981 ], [ -44.154934199999964, -19.893240799999944 ], [ -44.155046399999947, -19.892921799999954 ], [ -44.154944899999975, -19.892570399999954 ], [ -44.154755499999965, -19.892290199999941 ], [ -44.154819099999948, -19.892011299999975 ], [ -44.154992199999988, -19.891821899999968 ], [ -44.155497299999979, -19.891776899999968 ], [ -44.155774599999965, -19.891669099999945 ], [ -44.155964899999958, -19.891273399999928 ], [ -44.156981, -19.890953199999963 ], [ -44.157624, -19.890902099999948 ], [ -44.157867799999963, -19.8907 ], [ -44.15800239999993, -19.890751699999949 ], [ -44.158113299999961, -19.890521699999958 ], [ -44.15817519999996, -19.890267699999978 ], [ -44.158286399999959, -19.89003769999994 ], [ -44.158336399999939, -19.889915899999945 ], [ -44.158369899999968, -19.889738399999953 ], [ -44.15837659999994, -19.889671399999937 ], [ -44.158383299999976, -19.889604299999974 ], [ -44.158391299999941, -19.889542699999932 ], [ -44.158395799999937, -19.889438699999978 ], [ -44.15840019999996, -19.889334699999953 ], [ -44.158401299999973, -19.889104699999951 ], [ -44.158414199999989, -19.888850699999967 ], [ -44.158416399999965, -19.888620699999926 ], [ -44.158395399999961, -19.888480699999931 ], [ -44.158341499999949, -19.888369399999924 ], [ -44.158287699999967, -19.888258 ], [ -44.158166599999959, -19.888109399999959 ], [ -44.1579761, -19.887951499999915 ], [ -44.157865799999968, -19.887893099999928 ], [ -44.157762299999952, -19.887846 ], [ -44.157677399999962, -19.887805399999941 ], [ -44.15759259999993, -19.887763199999934 ], [ -44.157511099999965, -19.887733899999944 ], [ -44.157419299999965, -19.887714199999948 ], [ -44.157348, -19.887712899999936 ], [ -44.157306199999937, -19.887745499999937 ], [ -44.157278399999939, -19.887761799999961 ], [ -44.157254099999932, -19.887765 ], [ -44.157226299999934, -19.887768099999953 ], [ -44.157205499999975, -19.887764699999927 ], [ -44.157188199999958, -19.887764599999969 ], [ -44.157167299999969, -19.887764499999935 ], [ -44.157146499999953, -19.887767699999923 ], [ -44.157132599999962, -19.88777749999997 ], [ -44.157115099999942, -19.887793799999937 ], [ -44.157111599999958, -19.887810199999926 ], [ -44.157104499999953, -19.887836399999969 ], [ -44.15710439999998, -19.887859299999942 ], [ -44.15709389999995, -19.8878789 ], [ -44.157086899999975, -19.887885499999971 ], [ -44.157069499999977, -19.887895199999949 ], [ -44.157041699999972, -19.887898399999937 ], [ -44.157014, -19.887898199999938 ], [ -44.156979299999932, -19.887891499999959 ], [ -44.156955099999955, -19.88788159999995 ], [ -44.156941199999949, -19.887881499999924 ], [ -44.156916899999942, -19.887881399999973 ], [ -44.15690909999995, -19.887881299999943 ], [ -44.156892699999965, -19.887881299999936 ], [ -44.156871799999976, -19.887884399999965 ], [ -44.156844, -19.887887599999942 ], [ -44.156805899999938, -19.88789069999995 ], [ -44.156781599999931, -19.887893899999927 ], [ -44.156750299999949, -19.887900299999956 ], [ -44.156736399999943, -19.887903499999929 ], [ -44.156698199999944, -19.887906599999951 ], [ -44.156642799999986, -19.887899799999953 ], [ -44.156611599999962, -19.887889799999972 ], [ -44.15658389999993, -19.887883099999954 ], [ -44.156556099999932, -19.887879699999914 ], [ -44.156528399999956, -19.887873 ], [ -44.156507699999963, -19.887863099999944 ], [ -44.15649389999993, -19.887843299999929 ], [ -44.156487, -19.887830199999925 ], [ -44.156480299999942, -19.887797399999947 ], [ -44.15647679999995, -19.887787499999941 ], [ -44.15647, -19.88776119999994 ], [ -44.156466699999953, -19.887731699999957 ], [ -44.15646, -19.887689099999925 ], [ -44.156449699999939, -19.88766609999993 ], [ -44.156439499999976, -19.887639799999938 ], [ -44.156422299999974, -19.887600399999943 ], [ -44.156405199999945, -19.887557699999942 ], [ -44.156381099999976, -19.887521499999931 ], [ -44.156363899999974, -19.887498499999921 ], [ -44.156346599999949, -19.887482 ], [ -44.156301699999972, -19.887452299999957 ], [ -44.15626709999998, -19.887435699999969 ], [ -44.156229, -19.887419099999935 ], [ -44.156194399999954, -19.887405899999973 ], [ -44.156132, -19.887389199999966 ], [ -44.156100899999956, -19.887379199999934 ], [ -44.156076599999949, -19.887369199999966 ], [ -44.156052399999965, -19.887359299999957 ], [ -44.156018899999943, -19.887339899999976 ], [ -44.155973699999947, -19.88731 ], [ -44.155942399999965, -19.887286799999977 ], [ -44.155914699999983, -19.887257 ], [ -44.155879899999938, -19.887227099999972 ], [ -44.155859099999937, -19.887203899999957 ], [ -44.155834899999945, -19.887174199999944 ], [ -44.155814, -19.887151 ], [ -44.155793399999929, -19.887129899999934 ], [ -44.155777, -19.887114299999944 ], [ -44.155766099999944, -19.887098599999938 ], [ -44.155753899999979, -19.887074 ], [ -44.1557471, -19.887050599999956 ], [ -44.155737699999968, -19.887022 ], [ -44.155732299999947, -19.886996099999976 ], [ -44.155727, -19.88697139999994 ], [ -44.155721599999936, -19.886946799999979 ], [ -44.15572039999995, -19.886919599999928 ], [ -44.155715, -19.886902699999965 ], [ -44.155706899999984, -19.886881899999931 ], [ -44.155697399999951, -19.886863699999939 ], [ -44.155678299999977, -19.886841599999975 ], [ -44.15566739999997, -19.886831199999964 ], [ -44.155653699999959, -19.886820699999937 ], [ -44.155631799999981, -19.886807699999959 ], [ -44.15560719999997, -19.886794599999977 ], [ -44.155579899999971, -19.88678149999993 ], [ -44.155558, -19.886772299999961 ], [ -44.15553749999998, -19.886759299999934 ], [ -44.155522399999938, -19.886748799999953 ], [ -44.155506, -19.886734499999925 ], [ -44.155492499999987, -19.886707199999936 ], [ -44.155484399999978, -19.88668379999995 ], [ -44.155484499999943, -19.886657899999932 ], [ -44.155489299999942, -19.886643399999961 ], [ -44.155493499999977, -19.886622499999923 ], [ -44.155503299999971, -19.886612099999969 ], [ -44.155504699999945, -19.886599 ], [ -44.155506199999934, -19.886586 ], [ -44.155504799999967, -19.886574199999927 ], [ -44.155496599999935, -19.88655459999995 ], [ -44.155484299999962, -19.886534899999962 ], [ -44.155465099999965, -19.886511299999949 ], [ -44.155451299999989, -19.886490299999924 ], [ -44.155428, -19.886461399999977 ], [ -44.155414299999968, -19.886435199999937 ], [ -44.155408899999941, -19.886407699999939 ], [ -44.155396599999968, -19.886372299999952 ], [ -44.155380099999945, -19.886352599999956 ], [ -44.155367799999972, -19.886331599999952 ], [ -44.155362399999952, -19.886298899999925 ], [ -44.155363899999941, -19.886275399999917 ], [ -44.15537089999998, -19.88625449999995 ], [ -44.155383499999971, -19.886236299999958 ], [ -44.155400199999974, -19.886220699999978 ], [ -44.155407199999956, -19.886210199999937 ], [ -44.155414199999939, -19.886192 ], [ -44.155415699999935, -19.886168399999971 ], [ -44.155414399999977, -19.88614879999994 ], [ -44.155410399999937, -19.886123899999959 ], [ -44.155407699999955, -19.88610429999995 ], [ -44.155402299999928, -19.886084699999969 ], [ -44.155402399999957, -19.886061099999946 ], [ -44.155404, -19.886039599999943 ], [ -44.155394399999985, -19.885995799999922 ], [ -44.155383299999983, -19.88596519999993 ], [ -44.155377799999947, -19.88594 ], [ -44.155369599999972, -19.885908099999941 ], [ -44.155361299999988, -19.885876199999913 ], [ -44.155357299999928, -19.885839099999934 ], [ -44.155363099999931, -19.885800599999971 ], [ -44.155367499999954, -19.885776699999955 ], [ -44.15536759999997, -19.885751499999976 ], [ -44.155360799999983, -19.88571039999994 ], [ -44.15535529999994, -19.88569179999995 ], [ -44.155337099999933, -19.885669099999966 ], [ -44.155324599999965, -19.88565709999995 ], [ -44.155307799999953, -19.885647799999951 ], [ -44.155288199999966, -19.885637099999943 ], [ -44.155278299999971, -19.885614599999929 ], [ -44.155277, -19.885597699999938 ], [ -44.155265799999938, -19.885556799999971 ], [ -44.155268299999932, -19.885518 ], [ -44.155273, -19.88549 ], [ -44.155282299999953, -19.885466399999927 ], [ -44.155291499999983, -19.885436299999974 ], [ -44.155305399999975, -19.885399699999937 ], [ -44.155314699999963, -19.885373899999937 ], [ -44.155328499999946, -19.885341699999955 ], [ -44.155340099999933, -19.885303 ], [ -44.155342599999983, -19.885264199999941 ], [ -44.155342799999978, -19.885231899999951 ], [ -44.155331599999947, -19.885195199999945 ], [ -44.155320299999964, -19.885162899999944 ], [ -44.155304599999972, -19.885128299999952 ], [ -44.155288699999979, -19.885102399999937 ], [ -44.155268399999954, -19.885076499999968 ], [ -44.155257099999972, -19.885054899999936 ], [ -44.155245899999962, -19.88501819999993 ], [ -44.155234699999937, -19.884979399999956 ], [ -44.155232599999977, -19.884944899999947 ], [ -44.155232799999972, -19.88491479999993 ], [ -44.155230799999977, -19.884863099999947 ], [ -44.155231399999941, -19.884829299999982 ], [ -44.155234, -19.884775 ], [ -44.155234199999938, -19.884733699999959 ], [ -44.155223, -19.884690199999969 ], [ -44.155213899999978, -19.884664099999949 ], [ -44.155193399999966, -19.88463569999994 ], [ -44.155175199999974, -19.884600899999953 ], [ -44.155157, -19.884563799999956 ], [ -44.155143399999986, -19.88452679999995 ], [ -44.155127499999935, -19.884483299999939 ], [ -44.155100099999963, -19.884441899999956 ], [ -44.155081899999971, -19.884409199999929 ], [ -44.155049899999938, -19.88437649999997 ], [ -44.155024699999956, -19.884361099999989 ], [ -44.154990299999959, -19.884341399999972 ], [ -44.1549687, -19.884327799999944 ], [ -44.15495419999997, -19.884315399999938 ], [ -44.154952799999933, -19.884305699999967 ], [ -44.154952899999955, -19.884290599999925 ], [ -44.154961699999944, -19.88427 ], [ -44.154961799999974, -19.884250799999961 ], [ -44.15496189999994, -19.884234299999946 ], [ -44.154962, -19.884220599999935 ], [ -44.15496939999997, -19.884195899999948 ], [ -44.154975299999933, -19.884180799999971 ], [ -44.154976799999986, -19.884169799999924 ], [ -44.154978299999982, -19.884151899999939 ], [ -44.154982799999971, -19.884127199999959 ], [ -44.154984399999933, -19.884108 ], [ -44.154984499999948, -19.884092899999931 ], [ -44.1549768, -19.884054099999961 ], [ -44.154991099999961, -19.884014399999959 ], [ -44.15499589999996, -19.883992299999942 ], [ -44.154986799999961, -19.883943599999952 ], [ -44.154977499999973, -19.883919299999953 ], [ -44.154963599999967, -19.883903699999973 ], [ -44.15494259999997, -19.883881499999973 ], [ -44.154919399999983, -19.883848199999935 ], [ -44.15490079999995, -19.883819399999929 ], [ -44.15488239999997, -19.883777299999959 ], [ -44.154870799999976, -19.883744099999952 ], [ -44.154866299999973, -19.883719699999961 ], [ -44.154864099999948, -19.883693199999982 ], [ -44.154864099999941, -19.883684299999981 ], [ -44.154878399999973, -19.883642399999928 ], [ -44.154892599999982, -19.883607099999946 ], [ -44.15490449999993, -19.883578399999966 ], [ -44.154918699999939, -19.883547499999953 ], [ -44.154928199999972, -19.883516599999961 ], [ -44.154940099999976, -19.883481199999952 ], [ -44.154945, -19.883430399999931 ], [ -44.154944, -19.883411199999959 ], [ -44.15497119999997, -19.883356899999971 ], [ -44.154998199999966, -19.883338799999937 ], [ -44.155044399999952, -19.883313599999966 ], [ -44.155086799999935, -19.883288399999969 ], [ -44.155113799999988, -19.883277699999958 ], [ -44.155150599999956, -19.883264499999939 ], [ -44.155163799999968, -19.88325969999994 ], [ -44.155225399999949, -19.88324909999994 ], [ -44.155271499999969, -19.883242099999965 ], [ -44.155313899999953, -19.883235 ], [ -44.155387, -19.883202699999973 ], [ -44.155460299999966, -19.883159399999943 ], [ -44.155502799999965, -19.883119699999952 ], [ -44.15552219999995, -19.883079799999965 ], [ -44.155553399999981, -19.882989199999944 ], [ -44.15555269999993, -19.882923799999961 ], [ -44.155541299999982, -19.882883599999964 ], [ -44.15552229999998, -19.882832299999954 ], [ -44.155499399999947, -19.882766499999935 ], [ -44.155480399999931, -19.882700599999954 ], [ -44.155469299999936, -19.882623899999935 ], [ -44.155469599999947, -19.882558099999976 ], [ -44.155512899999962, -19.882419499999958 ], [ -44.155544, -19.882386799999949 ], [ -44.155617499999948, -19.882361499999949 ], [ -44.155660199999943, -19.882336199999937 ], [ -44.155691199999978, -19.882310699999945 ], [ -44.155699199999965, -19.88226329999998 ], [ -44.155703399999936, -19.882204899999977 ], [ -44.15570369999994, -19.88213909999995 ], [ -44.155704099999987, -19.88208069999996 ], [ -44.155677299999972, -19.882018399999932 ], [ -44.155654399999939, -19.881970799999969 ], [ -44.155639299999962, -19.881905 ], [ -44.155635699999955, -19.881850199999981 ], [ -44.155632199999957, -19.881777099999962 ], [ -44.155628699999973, -19.881722299999975 ], [ -44.155628899999954, -19.881671199999978 ], [ -44.155623399999961, -19.881637 ], [ -44.15561619999994, -19.8815954 ], [ -44.155609099999943, -19.881553799999949 ], [ -44.155609299999988, -19.881521399999937 ], [ -44.155607099999941, -19.881484499999942 ], [ -44.155602399999964, -19.881431299999978 ], [ -44.155588, -19.88139659999996 ], [ -44.155571, -19.881368799999965 ], [ -44.155539399999952, -19.881329299999944 ], [ -44.155510099999958, -19.88132 ], [ -44.1554857, -19.881317499999959 ], [ -44.15547219999997, -19.881318599999918 ], [ -44.155458799999963, -19.881319699999942 ], [ -44.155419599999966, -19.881331099999947 ], [ -44.155395099999964, -19.881337899999952 ], [ -44.155358399999955, -19.881347 ], [ -44.155344899999932, -19.881350399999967 ], [ -44.155331499999924, -19.881353799999943 ], [ -44.155307, -19.881358299999924 ], [ -44.155267899999963, -19.881367299999965 ], [ -44.155226199999959, -19.881374099999956 ], [ -44.155204199999964, -19.881374 ], [ -44.155162699999948, -19.881369099999969 ], [ -44.15512119999994, -19.881359699999951 ], [ -44.155087, -19.88135259999995 ], [ -44.155065, -19.881352499999927 ], [ -44.15504789999995, -19.881352399999969 ], [ -44.155025899999941, -19.881354599999941 ], [ -44.155003799999974, -19.88137069999993 ], [ -44.154981699999958, -19.881393699999929 ], [ -44.154954599999932, -19.881423599999945 ], [ -44.154937399999945, -19.881439699999927 ], [ -44.154915299999963, -19.881458099999982 ], [ -44.154890799999983, -19.881471799999929 ], [ -44.154868699999952, -19.881483299999953 ], [ -44.154829499999956, -19.881506199999929 ], [ -44.154795299999932, -19.88150829999995 ], [ -44.154765899999973, -19.881508199999931 ], [ -44.154754499999974, -19.88151 ], [ -44.154743399999973, -19.881524799999969 ], [ -44.154684, -19.881591799999963 ], [ -44.154617499999979, -19.881641 ], [ -44.154412399999956, -19.881720499999968 ], [ -44.154196899999931, -19.881794099999968 ], [ -44.154085099999968, -19.881833199999953 ], [ -44.153885399999986, -19.881931599999962 ], [ -44.153644, -19.882118299999945 ], [ -44.153456799999958, -19.882287499999954 ], [ -44.153200199999965, -19.882536499999958 ], [ -44.153082499999982, -19.882640399999953 ], [ -44.152747199999965, -19.882867099999938 ], [ -44.152520199999962, -19.883036199999939 ], [ -44.152273699999967, -19.883290499999923 ], [ -44.15211469999997, -19.883502299999972 ], [ -44.151945299999966, -19.883775499999963 ], [ -44.151819, -19.88395 ], [ -44.151728499999933, -19.884049299999969 ], [ -44.151560899999936, -19.88431759999996 ], [ -44.151166399999966, -19.884295199999947 ], [ -44.150345399999942, -19.884084699999956 ], [ -44.149695799999961, -19.883691899999977 ], [ -44.149284899999948, -19.8833653 ], [ -44.14927129999996, -19.883390799999976 ], [ -44.148961899999968, -19.883041599999945 ], [ -44.148724499999965, -19.882748 ], [ -44.148267299999937, -19.882385599999964 ], [ -44.148213399999975, -19.882295799999948 ], [ -44.148184599999979, -19.882210799999946 ], [ -44.14816339999993, -19.882078299999922 ], [ -44.148158499999973, -19.881960199999977 ], [ -44.14817179999995, -19.881879699999949 ], [ -44.148274, -19.881660699999934 ], [ -44.148282699999982, -19.881554499999925 ], [ -44.148275899999923, -19.881450099999952 ], [ -44.148190799999952, -19.881283299999957 ], [ -44.14813289999995, -19.881129699999963 ], [ -44.148107899999957, -19.880959199999957 ], [ -44.148097299999961, -19.880808599999963 ], [ -44.148135499999974, -19.880656399999964 ], [ -44.148228099999983, -19.880482699999963 ], [ -44.148375699999967, -19.880161699999974 ], [ -44.148438499999948, -19.880090299999939 ], [ -44.148500799999972, -19.880030299999927 ], [ -44.14864149999994, -19.879939699999955 ], [ -44.148709099999962, -19.879866 ], [ -44.148768, -19.879774099999974 ], [ -44.148880899999945, -19.879526599999963 ], [ -44.14890459999998, -19.879418399999963 ], [ -44.1489074, -19.879238899999965 ], [ -44.148902399999947, -19.879139799999962 ], [ -44.1488806, -19.878951499999978 ], [ -44.148851199999967, -19.878733499999949 ], [ -44.148839, -19.878514299999946 ], [ -44.148819499999945, -19.87843289999995 ], [ -44.14875909999995, -19.878350499999957 ], [ -44.148396799999951, -19.878063199999932 ], [ -44.148308499999985, -19.87794649999994 ], [ -44.148250699999949, -19.877830699999947 ], [ -44.14818709999998, -19.877586499999961 ], [ -44.148148599999956, -19.877521499999936 ], [ -44.148092499999962, -19.877450199999942 ], [ -44.147894099999966, -19.877241899999941 ], [ -44.14763389999996, -19.876729 ], [ -44.147602099999972, -19.876607399999958 ], [ -44.14758709999996, -19.876451 ], [ -44.147554099999979, -19.875756799999987 ], [ -44.147564099999947, -19.87552009999996 ], [ -44.147580499999954, -19.875306599999934 ], [ -44.147589199999977, -19.875227799999937 ], [ -44.147587099999953, -19.875126 ], [ -44.147570299999984, -19.875025599999951 ], [ -44.147538599999962, -19.874911499999936 ], [ -44.147486299999969, -19.874790299999955 ], [ -44.147453899999967, -19.874720699999951 ], [ -44.147395599999982, -19.874632299999963 ], [ -44.147315199999987, -19.874549199999926 ], [ -44.147256399999954, -19.874461599999947 ], [ -44.147045499999933, -19.874166 ], [ -44.146683099999962, -19.873674199999982 ], [ -44.146643099999956, -19.873586099999955 ], [ -44.146521299999954, -19.873265199999938 ], [ -44.146323799999941, -19.872676299999963 ], [ -44.146241299999986, -19.872303899999949 ], [ -44.146192599999949, -19.872142199999931 ], [ -44.146131899999943, -19.872000899999936 ], [ -44.14594, -19.871615199999944 ], [ -44.145903799999978, -19.871501199999955 ], [ -44.145887899999934, -19.871413199999939 ], [ -44.145880699999964, -19.871331699999935 ], [ -44.145883699999956, -19.871254099999927 ], [ -44.145918299999956, -19.871092399999952 ], [ -44.146063399999953, -19.870538 ], [ -44.146186, -19.870044899999979 ], [ -44.14595369999995, -19.869461599999966 ], [ -44.145687899999984, -19.868796499999974 ], [ -44.145285, -19.867767 ], [ -44.143703799999969, -19.868193399999939 ], [ -44.139843799999937, -19.869870899999963 ], [ -44.139312499999967, -19.869068899999949 ], [ -44.138998399999942, -19.868591199999976 ], [ -44.138814699999948, -19.86836669999996 ], [ -44.138186599999983, -19.867779099999954 ], [ -44.13736369999998, -19.867523299999959 ], [ -44.136976199999935, -19.867718199999945 ], [ -44.13597429999993, -19.868659699999974 ], [ -44.135401399999985, -19.869166199999942 ], [ -44.1345123, -19.86917369999998 ], [ -44.133855399999959, -19.869123 ], [ -44.133371099999977, -19.868970499999932 ], [ -44.133130599999959, -19.868902899999956 ], [ -44.13286439999996, -19.868801899999937 ], [ -44.132553499999972, -19.868765 ], [ -44.132169099999942, -19.86876 ], [ -44.131898699999972, -19.868907799999921 ], [ -44.131649399999958, -19.869134199999969 ], [ -44.131420499999933, -19.869457699999948 ], [ -44.131377799999946, -19.869518099999929 ], [ -44.131298299999969, -19.869630299999972 ], [ -44.131229699999949, -19.870005299999935 ], [ -44.131241099999954, -19.87035689999993 ], [ -44.131392799999958, -19.87098079999992 ], [ -44.13143759999997, -19.871243799999949 ], [ -44.131421799999941, -19.871590799999971 ], [ -44.131165, -19.872188 ], [ -44.131117299999971, -19.872905699999926 ], [ -44.131106699999975, -19.8736 ], [ -44.131011599999965, -19.874072199999933 ], [ -44.130395399999941, -19.874453099999979 ], [ -44.129917599999942, -19.874615499999926 ], [ -44.128877099999961, -19.874703199999939 ], [ -44.12849319999998, -19.874785199999966 ], [ -44.127848, -19.874985599999931 ], [ -44.127407799999958, -19.875115099999952 ], [ -44.126637399999936, -19.875203399999965 ], [ -44.126352099999963, -19.875337899999977 ], [ -44.125881499999927, -19.87548 ], [ -44.125523899999969, -19.875661299999923 ], [ -44.12534329999994, -19.876032499999958 ], [ -44.125284199999953, -19.876339099999939 ], [ -44.125207399999958, -19.876488 ], [ -44.125105899999944, -19.87668009999993 ], [ -44.124840699999936, -19.876999099999971 ], [ -44.124830799999984, -19.877176499999955 ], [ -44.124756099999956, -19.87737949999995 ], [ -44.124616299999964, -19.877368799999946 ], [ -44.124531099999963, -19.877418799999933 ], [ -44.124591, -19.87773959999992 ], [ -44.12441, -19.877880699999938 ], [ -44.124405399999944, -19.877982 ], [ -44.124432299999967, -19.878094099999938 ], [ -44.124419599999953, -19.878261499999955 ], [ -44.124534199999971, -19.878749099999933 ], [ -44.124608799999976, -19.878935199999944 ], [ -44.1246149, -19.879036299999928 ], [ -44.124591099999975, -19.879145599999958 ], [ -44.124479099999974, -19.879267899999949 ], [ -44.124239399999965, -19.879382599999925 ], [ -44.123982699999942, -19.87948109999996 ], [ -44.1238944, -19.879705299999952 ], [ -44.123788799999936, -19.879928099999979 ], [ -44.124094699999951, -19.880038499999944 ], [ -44.124430199999949, -19.880058499999947 ], [ -44.124777399999978, -19.879892 ], [ -44.124944099999936, -19.879851499999965 ], [ -44.125513699999942, -19.879713299999942 ], [ -44.12591679999997, -19.879734599999946 ], [ -44.126490299999944, -19.880145399999947 ], [ -44.127009199999982, -19.880688299999974 ], [ -44.127322399999969, -19.880746699999978 ], [ -44.127652599999983, -19.881107399999973 ], [ -44.128259499999956, -19.881456599999986 ], [ -44.12882239999994, -19.881711199999927 ], [ -44.129341699999941, -19.882073599999948 ], [ -44.129985499999975, -19.882508499999975 ], [ -44.130533499999963, -19.882464 ], [ -44.13105759999997, -19.882544299999957 ], [ -44.131308199999978, -19.882734799999973 ], [ -44.131371, -19.882979899999945 ], [ -44.131264599999952, -19.88329089999997 ], [ -44.131062199999974, -19.883571099999912 ], [ -44.130764099999972, -19.884013299999943 ], [ -44.130861799999927, -19.884488299999934 ], [ -44.131840299999965, -19.88477459999995 ], [ -44.132683299999933, -19.88513949999998 ], [ -44.133384, -19.885442699999931 ], [ -44.134055499999938, -19.885671599999956 ], [ -44.134626899999937, -19.886094199999953 ], [ -44.135165499999971, -19.886359 ], [ -44.135455099999952, -19.886468 ], [ -44.136173299999939, -19.886721099999932 ], [ -44.136829299999931, -19.886868599999943 ], [ -44.137038399999931, -19.886886499999957 ], [ -44.137152499999964, -19.886797099999956 ], [ -44.137099099999951, -19.886115199999949 ], [ -44.137031899999961, -19.88552709999993 ], [ -44.13695759999996, -19.88504029999995 ], [ -44.13709549999993, -19.884387699999923 ], [ -44.137270799999953, -19.883853099999943 ], [ -44.137428199999931, -19.883453399999947 ], [ -44.137665899999952, -19.882832 ], [ -44.137943299999961, -19.882400399999938 ], [ -44.138350399999986, -19.881736799999935 ], [ -44.13833139999997, -19.881517799999923 ], [ -44.138353399999971, -19.881384299999983 ], [ -44.138407399999949, -19.881057399999982 ], [ -44.138453199999958, -19.880799399999944 ], [ -44.138559199999975, -19.880686399999931 ], [ -44.138677799999982, -19.880645399999938 ], [ -44.138782599999956, -19.880642299999973 ], [ -44.138951599999984, -19.880865599999922 ], [ -44.13901019999998, -19.880967699999921 ], [ -44.139073, -19.881082 ], [ -44.13915, -19.881192699999936 ], [ -44.139255199999987, -19.881250099999935 ], [ -44.139424399999946, -19.881404599999929 ], [ -44.139627299999972, -19.881426899999944 ], [ -44.139829599999985, -19.881519499999971 ], [ -44.140017499999942, -19.881682799999954 ], [ -44.140244799999948, -19.881778499999935 ], [ -44.140345499999967, -19.881892899999961 ], [ -44.140426599999955, -19.882047399999983 ], [ -44.140545699999969, -19.882236699999961 ], [ -44.140747899999958, -19.882369099999956 ], [ -44.141023899999944, -19.882814 ], [ -44.141131099999946, -19.882963 ], [ -44.141241599999951, -19.883061799999957 ], [ -44.141367399999979, -19.88327339999994 ], [ -44.14163949999994, -19.883404099999954 ], [ -44.141720699999951, -19.88355689999997 ] ], [ [ -44.13687049999993, -19.874460899999967 ], [ -44.136993199999949, -19.874446 ], [ -44.137096099999944, -19.874408199999948 ], [ -44.137212799999929, -19.874349499999951 ], [ -44.137274599999948, -19.874313199999957 ], [ -44.137571299999941, -19.874084 ], [ -44.137938499999962, -19.873858799999923 ], [ -44.138045499999983, -19.873784299999947 ], [ -44.138148899999976, -19.873651099999972 ], [ -44.13820839999994, -19.873576599999978 ], [ -44.13829, -19.873510799999973 ], [ -44.138440499999945, -19.873431699999962 ], [ -44.138710499999945, -19.873349099999928 ], [ -44.138908399999941, -19.873325599999923 ], [ -44.139122599999951, -19.873351 ], [ -44.139277099999958, -19.87341639999994 ], [ -44.13945659999996, -19.873528799999981 ], [ -44.13994, -19.873836899999954 ], [ -44.140020499999935, -19.873903099999964 ], [ -44.1400733, -19.873964399999966 ], [ -44.14012189999994, -19.874035099999961 ], [ -44.140159299999937, -19.874112799999967 ], [ -44.140243099999971, -19.874326799999945 ], [ -44.1412926, -19.873762199999923 ], [ -44.142700399999967, -19.873003099999952 ], [ -44.143204899999944, -19.872730299999947 ], [ -44.143214899999968, -19.872749 ], [ -44.143225899999948, -19.872769499999936 ], [ -44.1432559, -19.872836799999956 ], [ -44.143447899999963, -19.873236099999922 ], [ -44.143572799999959, -19.873445299999954 ], [ -44.143913299999952, -19.873732099999941 ], [ -44.14404959999996, -19.873902499999936 ], [ -44.144316599999968, -19.874369799999961 ], [ -44.144406399999987, -19.874584699999961 ], [ -44.141913599999953, -19.875166399999962 ], [ -44.14147, -19.875276499999917 ], [ -44.140833, -19.874702799999977 ], [ -44.140661099999932, -19.875035 ], [ -44.14064239999994, -19.875289599999963 ], [ -44.140590199999963, -19.875721599999956 ], [ -44.140526399999949, -19.87572549999992 ], [ -44.140184599999941, -19.875895499999952 ], [ -44.1397444, -19.875792199999967 ], [ -44.138910599999974, -19.875842199999969 ], [ -44.13851039999998, -19.875882199999982 ], [ -44.137973399999957, -19.8761957 ], [ -44.137870599999978, -19.876405799999933 ], [ -44.137867599999943, -19.876400699999969 ], [ -44.137791299999954, -19.876180599999927 ], [ -44.137705299999944, -19.875832799999955 ], [ -44.137667499999964, -19.875538299999949 ], [ -44.137680799999949, -19.875306599999927 ], [ -44.137693399999932, -19.875095099999943 ], [ -44.137656299999954, -19.874946 ], [ -44.137473399999976, -19.874804299999941 ], [ -44.137263799999978, -19.87469869999995 ], [ -44.137090799999953, -19.874579699999959 ], [ -44.137071499999934, -19.874566399999935 ], [ -44.13687049999993, -19.874460899999967 ] ] ], [ [ [ -44.09089629999994, -19.855317599999982 ], [ -44.091347699999972, -19.855432199999935 ], [ -44.091499899999974, -19.855398699999967 ], [ -44.091844399999957, -19.855449699999944 ], [ -44.092279399999939, -19.85556629999996 ], [ -44.09276669999997, -19.855725 ], [ -44.093080399999963, -19.855894899999949 ], [ -44.093338699999947, -19.856145499999965 ], [ -44.093824399999967, -19.856726499999969 ], [ -44.094059699999946, -19.856932199999967 ], [ -44.094337699999983, -19.857090899999935 ], [ -44.094589699999972, -19.857245199999976 ], [ -44.094809499999947, -19.857530199999928 ], [ -44.09491289999994, -19.857640799999967 ], [ -44.095157699999966, -19.857730299999957 ], [ -44.0952243, -19.858007499999921 ], [ -44.095226699999955, -19.858181799999965 ], [ -44.095199499999978, -19.858426 ], [ -44.095188599999972, -19.858725 ], [ -44.095286099999953, -19.858926199999917 ], [ -44.095528499999951, -19.859391199999948 ], [ -44.09572339999994, -19.859639299999969 ], [ -44.096217799999977, -19.860061799999983 ], [ -44.096576699999957, -19.860524599999962 ], [ -44.096733599999943, -19.860587199999944 ], [ -44.097194599999966, -19.860591599999967 ], [ -44.09761, -19.860697499999961 ], [ -44.098278499999935, -19.86088449999993 ], [ -44.098625499999969, -19.860895699999958 ], [ -44.098783099999935, -19.860993099999973 ], [ -44.099131699999937, -19.86120859999993 ], [ -44.099811499999937, -19.861588599999958 ], [ -44.100008799999955, -19.861666899999939 ], [ -44.100103799999943, -19.86174289999996 ], [ -44.100217899999969, -19.862024499999961 ], [ -44.100303499999939, -19.862268199999956 ], [ -44.100493599999936, -19.862362099999935 ], [ -44.100966599999943, -19.862424699999959 ], [ -44.101292199999932, -19.862482799999952 ], [ -44.101349299999988, -19.862713 ], [ -44.101494299999956, -19.862929899999937 ], [ -44.101931599999951, -19.86326739999992 ], [ -44.102372, -19.863514899999931 ], [ -44.102687399999986, -19.863654099999952 ], [ -44.103041599999983, -19.86370329999993 ], [ -44.103256099999953, -19.863696799999957 ], [ -44.10341, -19.863721199999926 ], [ -44.103717699999947, -19.863985299999957 ], [ -44.103911499999981, -19.864165 ], [ -44.104111099999962, -19.864302399999929 ], [ -44.104351199999947, -19.864389599999981 ], [ -44.104767099999947, -19.864490199999981 ], [ -44.105150299999934, -19.864682499999962 ], [ -44.105365399999982, -19.864798399999916 ], [ -44.105667899999958, -19.864973 ], [ -44.105808599999939, -19.86507419999997 ], [ -44.105889, -19.865212199999974 ], [ -44.105965, -19.865377599999938 ], [ -44.106112399999972, -19.865520699999919 ], [ -44.106214599999923, -19.865755399999955 ], [ -44.106197899999984, -19.865882799999959 ], [ -44.106024399999974, -19.866200199999987 ], [ -44.105739299999989, -19.866620199999936 ], [ -44.105416, -19.867067499999944 ], [ -44.104960499999954, -19.867587699999937 ], [ -44.104615599999931, -19.868129599999971 ], [ -44.104474799999934, -19.868609899999964 ], [ -44.104500899999955, -19.869041299999932 ], [ -44.104391599999985, -19.869331899999956 ], [ -44.104216, -19.869706299999955 ], [ -44.10440379999995, -19.869641499999943 ], [ -44.104902899999963, -19.869612399999934 ], [ -44.10540919999994, -19.869598499999938 ], [ -44.106024699999978, -19.869578899999972 ], [ -44.10657139999995, -19.869494 ], [ -44.106887499999978, -19.869268799999929 ], [ -44.107187, -19.869015599999955 ], [ -44.107530899999972, -19.868827299999957 ], [ -44.108140099999957, -19.868537299999957 ], [ -44.108642399999951, -19.867976899999967 ], [ -44.109106799999957, -19.867516199999962 ], [ -44.109690099999973, -19.866952399999953 ], [ -44.110036799999932, -19.866610399999956 ], [ -44.110136599999983, -19.866447199999985 ], [ -44.110217399999954, -19.866109699999981 ], [ -44.110191199999974, -19.865848099999926 ], [ -44.110108099999934, -19.865528499999975 ], [ -44.110349199999966, -19.86506489999994 ], [ -44.110562, -19.864707 ], [ -44.110909, -19.864923799999932 ], [ -44.111278499999969, -19.865019499999963 ], [ -44.111931099999936, -19.865131699999939 ], [ -44.112456299999963, -19.865138399999974 ], [ -44.11266309999997, -19.865156299999956 ], [ -44.113242299999968, -19.86535 ], [ -44.114017399999973, -19.865697299999962 ], [ -44.114234199999942, -19.865813499999955 ], [ -44.114331599999964, -19.865918599999919 ], [ -44.114474199999961, -19.866032599999972 ], [ -44.11464049999995, -19.866134299999953 ], [ -44.114817899999942, -19.866217099999975 ], [ -44.114975699999938, -19.866289599999966 ], [ -44.115058899999958, -19.866370099999923 ], [ -44.115127799999982, -19.866419299999951 ], [ -44.115192299999933, -19.866454799999929 ], [ -44.115322699999979, -19.866515399999965 ], [ -44.1153877, -19.866536799999945 ], [ -44.115505799999937, -19.866575799999971 ], [ -44.115651699999944, -19.866608899999967 ], [ -44.115829899999945, -19.866645699999928 ], [ -44.116082, -19.866693599999955 ], [ -44.116187899999943, -19.866704 ], [ -44.116256499999963, -19.866705099999937 ], [ -44.116315099999952, -19.866703399999952 ], [ -44.116395899999929, -19.866695 ], [ -44.116471099999963, -19.866686599999976 ], [ -44.116463299999957, -19.866660299999978 ], [ -44.116437499999961, -19.866574299999957 ], [ -44.116342699999961, -19.866331299999946 ], [ -44.1162791, -19.866027299999939 ], [ -44.116250599999944, -19.865813699999936 ], [ -44.11624, -19.865516899999925 ], [ -44.116188499999971, -19.865336899999928 ], [ -44.116089899999963, -19.865148799999925 ], [ -44.115955899999967, -19.864958299999945 ], [ -44.115720199999942, -19.864702 ], [ -44.115564799999959, -19.864492099999957 ], [ -44.11545, -19.864271599999935 ], [ -44.115396199999957, -19.863983799999975 ], [ -44.115383, -19.863802699999933 ], [ -44.115407599999969, -19.863661699999966 ], [ -44.115464199999963, -19.863452799999948 ], [ -44.115615, -19.863182499999947 ], [ -44.11576469999995, -19.86297919999992 ], [ -44.115951199999984, -19.862762899999943 ], [ -44.116246, -19.862362599999976 ], [ -44.116511599999974, -19.862073499999958 ], [ -44.116595099999984, -19.861872899999973 ], [ -44.116637199999957, -19.861675 ], [ -44.116635799999976, -19.861516099999971 ], [ -44.116657299999986, -19.861292299999953 ], [ -44.116763299999946, -19.861086099999973 ], [ -44.116868299999965, -19.860954099999947 ], [ -44.11700639999998, -19.860810899999937 ], [ -44.117067799999965, -19.860684299999932 ], [ -44.1171, -19.860541299999976 ], [ -44.117099, -19.860359799999959 ], [ -44.117025899999923, -19.860060399999941 ], [ -44.116943299999946, -19.859650599999959 ], [ -44.116959, -19.859443399999975 ], [ -44.11717619999996, -19.858996699999988 ], [ -44.117239399999967, -19.858695 ], [ -44.117064699999958, -19.858320499999927 ], [ -44.116926899999953, -19.858025399999978 ], [ -44.116802, -19.857534299999934 ], [ -44.116710399999924, -19.857333699999973 ], [ -44.116607399999957, -19.85721349999994 ], [ -44.116512299999961, -19.857137099999939 ], [ -44.116234699999957, -19.856917 ], [ -44.11603759999997, -19.856810299999939 ], [ -44.115916699999957, -19.856704199999964 ], [ -44.115757499999972, -19.856456599999934 ], [ -44.115683099999956, -19.856373 ], [ -44.116076799999973, -19.855254 ], [ -44.1165807, -19.85457 ], [ -44.117206199999949, -19.85385 ], [ -44.117710199999976, -19.853431499999949 ], [ -44.118115199999977, -19.853179499999946 ], [ -44.118956699999956, -19.852734099999953 ], [ -44.119001899999944, -19.852390199999942 ], [ -44.119068599999935, -19.852124899999971 ], [ -44.119103, -19.851850199999948 ], [ -44.119105199999971, -19.851558099999984 ], [ -44.119028, -19.851281599999933 ], [ -44.11890949999998, -19.85103289999995 ], [ -44.118803599999978, -19.85076069999996 ], [ -44.118700799999949, -19.850208099999982 ], [ -44.118565199999978, -19.849543599999944 ], [ -44.1195446, -19.846371199999965 ], [ -44.119272599999931, -19.846265299999963 ], [ -44.118747599999942, -19.845970299999983 ], [ -44.118470799999962, -19.845866199999932 ], [ -44.118202, -19.845993099999923 ], [ -44.117943599999933, -19.846126399999939 ], [ -44.117076499999932, -19.84630819999996 ], [ -44.116765699999981, -19.846356 ], [ -44.116482599999983, -19.84640939999996 ], [ -44.11620309999995, -19.846479099999947 ], [ -44.115907499999942, -19.846531499999966 ], [ -44.115619299999942, -19.84661659999994 ], [ -44.116967799999941, -19.848120599999952 ], [ -44.116226799999936, -19.850391599999966 ], [ -44.115989799999966, -19.850517599999915 ], [ -44.115821799999935, -19.850592599999967 ], [ -44.115515799999969, -19.850835499999967 ], [ -44.115056799999927, -19.851153499999956 ], [ -44.114828799999941, -19.851288499999942 ], [ -44.114513799999941, -19.851285499999957 ], [ -44.114687499999945, -19.856007 ], [ -44.114371099999971, -19.855920599999926 ], [ -44.114061199999981, -19.855769799999965 ], [ -44.113841399999956, -19.855649299999978 ], [ -44.113719299999957, -19.855557599999933 ], [ -44.11359669999996, -19.855519099999974 ], [ -44.113449499999952, -19.855537699999946 ], [ -44.113313099999971, -19.855525099999966 ], [ -44.113195799999971, -19.85547589999992 ], [ -44.113057699999963, -19.855368699999914 ], [ -44.112900099999933, -19.8553247 ], [ -44.112699199999952, -19.855230799999966 ], [ -44.112520499999967, -19.855108199999954 ], [ -44.112453199999948, -19.855002 ], [ -44.111875399999974, -19.85471919999997 ], [ -44.111700299999939, -19.854537199999974 ], [ -44.111555099999968, -19.854452399999968 ], [ -44.111267799999958, -19.854392299999972 ], [ -44.110969299999965, -19.854140799999989 ], [ -44.11085589999994, -19.853794899999976 ], [ -44.110869299999933, -19.85349859999998 ], [ -44.110891, -19.853238499999978 ], [ -44.110949699999942, -19.853077499999934 ], [ -44.110961799999984, -19.852904299999981 ], [ -44.111056699999956, -19.852700499999973 ], [ -44.111083799999953, -19.852326299999962 ], [ -44.111166199999957, -19.852174299999938 ], [ -44.111263, -19.852102599999963 ], [ -44.111422199999943, -19.851660299999935 ], [ -44.111564899999962, -19.851317299999945 ], [ -44.111672599999963, -19.851111599999964 ], [ -44.111745599999949, -19.850882399999914 ], [ -44.111738599999974, -19.850433599999974 ], [ -44.111696099999961, -19.850239699999968 ], [ -44.111609599999952, -19.85012249999993 ], [ -44.111538199999984, -19.84997149999997 ], [ -44.111537699999985, -19.849757199999942 ], [ -44.111600799999962, -19.849587299999939 ], [ -44.111592599999938, -19.849413099999929 ], [ -44.111545699999965, -19.849231499999952 ], [ -44.11143849999997, -19.848989599999975 ], [ -44.111381699999981, -19.848818899999973 ], [ -44.111346099999935, -19.848629299999974 ], [ -44.111242299999958, -19.8485 ], [ -44.11092629999996, -19.848287 ], [ -44.110759899999955, -19.848168799999922 ], [ -44.110699, -19.848100399999968 ], [ -44.11065, -19.847931899999928 ], [ -44.110660699999983, -19.847743499999975 ], [ -44.110710899999958, -19.847643399999967 ], [ -44.11072669999993, -19.847612099999939 ], [ -44.110782299999983, -19.847501399999931 ], [ -44.110741699999949, -19.847310499999928 ], [ -44.110646199999962, -19.847039399999979 ], [ -44.110538199999951, -19.846812399999973 ], [ -44.110322799999956, -19.846634099999953 ], [ -44.109876599999957, -19.846543099999959 ], [ -44.109648099999951, -19.84647949999993 ], [ -44.109429399999954, -19.84643739999996 ], [ -44.109291599999949, -19.846440499999975 ], [ -44.109137299999929, -19.846489599999916 ], [ -44.108988699999948, -19.846556199999945 ], [ -44.108731699999971, -19.84660679999995 ], [ -44.108439199999964, -19.846635499999937 ], [ -44.108179299999961, -19.846645799999969 ], [ -44.107914499999936, -19.846696199999947 ], [ -44.107606899999958, -19.84676759999995 ], [ -44.1072425, -19.846800699999957 ], [ -44.107092799999975, -19.846752399999943 ], [ -44.10697209999995, -19.846663299999932 ], [ -44.106947699999978, -19.846637699999974 ], [ -44.106927599999956, -19.846616399999956 ], [ -44.106713699999943, -19.846623799999985 ], [ -44.106622799999961, -19.846636799999953 ], [ -44.106508099999985, -19.846651599999969 ], [ -44.106417699999952, -19.846649799999952 ], [ -44.10632389999995, -19.846638899999956 ], [ -44.106158799999953, -19.84660079999998 ], [ -44.106010799999986, -19.846552599999935 ], [ -44.105896199999968, -19.846505899999944 ], [ -44.105796099999964, -19.846451399999967 ], [ -44.105628299999978, -19.846320199999976 ], [ -44.105203399999944, -19.845988199999951 ], [ -44.104943, -19.845752699999938 ], [ -44.104740699999979, -19.845540099999944 ], [ -44.104484899999939, -19.845299199999936 ], [ -44.10436669999995, -19.845177199999974 ], [ -44.104341599999941, -19.845122299999954 ], [ -44.10425819999994, -19.845050099999987 ], [ -44.104181799999935, -19.845021899999949 ], [ -44.10402919999995, -19.844986899999988 ], [ -44.103776299999929, -19.844925399999969 ], [ -44.103663799999943, -19.84489 ], [ -44.103432299999952, -19.844799699999957 ], [ -44.103330399999955, -19.844749899999947 ], [ -44.103259099999953, -19.844696299999953 ], [ -44.103206, -19.844645099999973 ], [ -44.10311489999998, -19.844541899999978 ], [ -44.102981599999964, -19.84438449999994 ], [ -44.102827399999967, -19.844196899999925 ], [ -44.10264, -19.843968099999923 ], [ -44.102557599999962, -19.843877899999946 ], [ -44.102121199999949, -19.843428 ], [ -44.102054099999975, -19.843351699999975 ], [ -44.102037499999938, -19.843315099999934 ], [ -44.101917, -19.843041699999951 ], [ -44.101859499999925, -19.842929 ], [ -44.101823699999954, -19.842896899999968 ], [ -44.101776, -19.842879799999935 ], [ -44.101719899999978, -19.842867499999944 ], [ -44.101638, -19.842867499999961 ], [ -44.101383299999959, -19.842940199999934 ], [ -44.100949399999934, -19.843096 ], [ -44.1006182, -19.843223699999946 ], [ -44.100366199999939, -19.843329 ], [ -44.100245, -19.843384899999933 ], [ -44.100160199999948, -19.843433 ], [ -44.100061899999957, -19.84349 ], [ -44.099982799999971, -19.843546299999954 ], [ -44.099796899999951, -19.843704599999967 ], [ -44.099538499999937, -19.843943199999956 ], [ -44.099083899999989, -19.844364099999947 ], [ -44.098804499999979, -19.844593899999939 ], [ -44.098514299999977, -19.84481879999991 ], [ -44.098464, -19.844854499999933 ], [ -44.098321699999985, -19.844927399999968 ], [ -44.0981695, -19.845006099999974 ], [ -44.097925299999986, -19.845125299999946 ], [ -44.097603099999958, -19.84528 ], [ -44.097498399999949, -19.845309699999969 ], [ -44.097400099999959, -19.845323699999934 ], [ -44.097296699999958, -19.845324699999932 ], [ -44.097028799999975, -19.845271299999975 ], [ -44.096877599999971, -19.845238799999951 ], [ -44.096758899999941, -19.845230399999931 ], [ -44.096665899999948, -19.845233499999946 ], [ -44.096574199999964, -19.845254399999931 ], [ -44.096492499999954, -19.845284799999952 ], [ -44.096369599999946, -19.845353399999972 ], [ -44.096299899999963, -19.84541709999996 ], [ -44.096090599999975, -19.845704499999954 ], [ -44.095862299999958, -19.846050299999945 ], [ -44.095781699999968, -19.84617749999995 ], [ -44.0957021, -19.84625479999994 ], [ -44.095624499999978, -19.846304399999958 ], [ -44.095105099999962, -19.846591 ], [ -44.094525199999964, -19.846973899999956 ], [ -44.094261199999949, -19.847146799999958 ], [ -44.093999199999985, -19.847324099999984 ], [ -44.093876, -19.847412699999946 ], [ -44.093757499999988, -19.847506299999964 ], [ -44.093657799999967, -19.84760289999997 ], [ -44.09356169999996, -19.847716799999947 ], [ -44.093454599999973, -19.847864 ], [ -44.093382199999951, -19.84799 ], [ -44.093307599999946, -19.848139099999962 ], [ -44.093266399999955, -19.848275699999927 ], [ -44.093210499999941, -19.848527099999949 ], [ -44.093187099999966, -19.848709099999954 ], [ -44.093128499999978, -19.84915709999995 ], [ -44.093118799999964, -19.849346799999982 ], [ -44.093096799999962, -19.849422199999943 ], [ -44.093053899999965, -19.849519499999936 ], [ -44.092893599999968, -19.849777299999975 ], [ -44.092787599999951, -19.849995799999924 ], [ -44.092607199999982, -19.85041869999997 ], [ -44.092551699999952, -19.85062189999995 ], [ -44.092534699999931, -19.85073129999995 ], [ -44.092481, -19.851078099999931 ], [ -44.092486199999946, -19.851169499999965 ], [ -44.092552499999954, -19.851532599999935 ], [ -44.092608199999972, -19.852051899999921 ], [ -44.092673899999973, -19.85269939999996 ], [ -44.092665699999948, -19.852861199999939 ], [ -44.092626899999971, -19.853300099999949 ], [ -44.09260479999994, -19.853412699999978 ], [ -44.092571299999975, -19.853495099999968 ], [ -44.092527, -19.853564799999962 ], [ -44.092467099999965, -19.853630299999967 ], [ -44.09238269999998, -19.853671199999951 ], [ -44.0922609, -19.853692299999988 ], [ -44.09212969999993, -19.853699699999932 ], [ -44.09200739999995, -19.853691299999962 ], [ -44.09184049999994, -19.853657099999957 ], [ -44.091665899999953, -19.853607199999942 ], [ -44.091491699999956, -19.853558699999944 ], [ -44.091369599999958, -19.85346219999996 ], [ -44.0912881, -19.853376799999964 ], [ -44.091202299999964, -19.853234 ], [ -44.091165799999935, -19.85319149999998 ], [ -44.091116899999975, -19.853157799999952 ], [ -44.091063299999966, -19.853143499999931 ], [ -44.090835299999981, -19.85318019999994 ], [ -44.090408799999985, -19.853241599999922 ], [ -44.090108799999939, -19.853284099999922 ], [ -44.090121299999957, -19.853494 ], [ -44.09010939999996, -19.853576699999955 ], [ -44.090078499999954, -19.853652699999937 ], [ -44.089950199999976, -19.85378459999993 ], [ -44.089829, -19.853912 ], [ -44.089731499999978, -19.854023799999929 ], [ -44.089672099999973, -19.854162399999939 ], [ -44.089679199999971, -19.85430329999997 ], [ -44.089731499999978, -19.854464199999939 ], [ -44.08986219999997, -19.854696699999977 ], [ -44.090066599999943, -19.854920299999943 ], [ -44.090409799999975, -19.855106899999946 ], [ -44.09089629999994, -19.855317599999982 ] ] ], [ [ [ -44.127089799999965, -19.843247299999966 ], [ -44.12641229999997, -19.843785699999959 ], [ -44.126047399999948, -19.843982099999952 ], [ -44.125520399999971, -19.844201399999967 ], [ -44.125111299999965, -19.844250499999934 ], [ -44.124237499999936, -19.844207899999947 ], [ -44.124198199999974, -19.844227599999961 ], [ -44.12581329999994, -19.84730409999997 ], [ -44.127597099999946, -19.847806499999933 ], [ -44.127983299999983, -19.847889899999931 ], [ -44.128497099999947, -19.847421899999976 ], [ -44.129315299999973, -19.847690299999947 ], [ -44.13273879999997, -19.847258199999946 ], [ -44.133900599999954, -19.846322199999989 ], [ -44.134545399999986, -19.845144 ], [ -44.133992299999939, -19.844207899999944 ], [ -44.133982399999979, -19.844203 ], [ -44.13229739999997, -19.84444 ], [ -44.131881299999982, -19.844883799999923 ], [ -44.131754799999953, -19.844918199999931 ], [ -44.131194, -19.845021199999959 ], [ -44.130631, -19.844811799999942 ], [ -44.13008119999995, -19.844275 ], [ -44.129551, -19.843718599999921 ], [ -44.128981499999952, -19.843208099999977 ], [ -44.128418599999982, -19.843168799999951 ], [ -44.127089799999965, -19.843247299999966 ] ] ], [ [ [ -44.087897699999985, -19.83325329999996 ], [ -44.088086899999951, -19.833511699999978 ], [ -44.088259499999936, -19.833755599999964 ], [ -44.088416799999948, -19.833998399999928 ], [ -44.088495299999984, -19.834124699999958 ], [ -44.08854439999994, -19.834170299999972 ], [ -44.088628399999955, -19.83419259999993 ], [ -44.088799499999944, -19.83421619999995 ], [ -44.088922599999933, -19.83423589999995 ], [ -44.088983399999961, -19.834255599999949 ], [ -44.089030299999934, -19.834284599999922 ], [ -44.089079, -19.834340899999962 ], [ -44.089127799999972, -19.834418499999966 ], [ -44.089186, -19.83452989999995 ], [ -44.089234899999958, -19.834654 ], [ -44.089275099999959, -19.834905299999932 ], [ -44.089327899999951, -19.835511 ], [ -44.08932979999998, -19.835600499999938 ], [ -44.089358299999958, -19.835679099999936 ], [ -44.089775699999954, -19.836253599999964 ], [ -44.090034699999933, -19.836610399999923 ], [ -44.090093199999949, -19.836707799999932 ], [ -44.090167399999984, -19.837119299999923 ], [ -44.090196099999964, -19.837259099999962 ], [ -44.090255499999955, -19.837333599999969 ], [ -44.090400599999946, -19.837492399999974 ], [ -44.090460799999967, -19.83754869999995 ], [ -44.090580699999975, -19.837604399999986 ], [ -44.090831, -19.837715099999965 ], [ -44.091038399999952, -19.837800799999961 ], [ -44.091457199999979, -19.837970399999953 ], [ -44.09184879999998, -19.838125099999957 ], [ -44.092062399999982, -19.838215399999978 ], [ -44.092570099999932, -19.838441499999927 ], [ -44.093308299999933, -19.838629699999949 ], [ -44.0933333, -19.838614599999953 ], [ -44.093512699999955, -19.838506099999965 ], [ -44.094040599999978, -19.838169899999968 ], [ -44.094778699999949, -19.837753099999926 ], [ -44.095666099999967, -19.837255499999959 ], [ -44.0964891, -19.83680459999993 ], [ -44.097426899999967, -19.836280799999948 ], [ -44.097447799999941, -19.83626669999995 ], [ -44.098026, -19.835875 ], [ -44.09772659999993, -19.835478599999931 ], [ -44.09759269999995, -19.835213399999937 ], [ -44.09746679999995, -19.834964 ], [ -44.09708459999996, -19.834617199999968 ], [ -44.097130199999988, -19.834013399999932 ], [ -44.097499, -19.832969899999963 ], [ -44.09782139999993, -19.83248739999992 ], [ -44.097859399999955, -19.83214659999993 ], [ -44.09787509999996, -19.831761 ], [ -44.097959599999975, -19.831661399999959 ], [ -44.097998099999984, -19.831543799999949 ], [ -44.098108599999939, -19.83140209999992 ], [ -44.098174899999947, -19.831171799999929 ], [ -44.098204499999952, -19.831162899999985 ], [ -44.098223899999944, -19.831157099999928 ], [ -44.098226499999953, -19.831156299999968 ], [ -44.09831, -19.831362699999939 ], [ -44.098365299999955, -19.831438099999946 ], [ -44.098412599999961, -19.831471299999968 ], [ -44.098735199999972, -19.831500399999971 ], [ -44.09885479999997, -19.831498399999919 ], [ -44.098963399999938, -19.831516499999964 ], [ -44.09971719999993, -19.831686399999963 ], [ -44.100053, -19.831772799999946 ], [ -44.100268099999944, -19.831272199999944 ], [ -44.100761599999949, -19.830182699999963 ], [ -44.100955599999963, -19.82962879999997 ], [ -44.101368699999966, -19.828386499999954 ], [ -44.101594899999952, -19.827764299999966 ], [ -44.101629, -19.827050599999961 ], [ -44.101654199999984, -19.826049499999961 ], [ -44.101601899999935, -19.826097799999967 ], [ -44.10152549999998, -19.82614 ], [ -44.101387799999948, -19.82618819999994 ], [ -44.100918399999955, -19.826300799999956 ], [ -44.100826899999959, -19.826338 ], [ -44.100539499999975, -19.826517899999939 ], [ -44.1004339, -19.826603299999935 ], [ -44.100150499999984, -19.826760099999941 ], [ -44.09982679999996, -19.826973199999944 ], [ -44.099798699999951, -19.826964199999971 ], [ -44.099524299999985, -19.8271602 ], [ -44.099543399999959, -19.827002399999966 ], [ -44.09957049999997, -19.826919 ], [ -44.099653899999964, -19.826799299999955 ], [ -44.099771499999981, -19.826597299999953 ], [ -44.100310299999933, -19.825628399999982 ], [ -44.100342399999924, -19.825480599999935 ], [ -44.10043289999993, -19.824917699999958 ], [ -44.100465099999944, -19.824842299999933 ], [ -44.10050329999995, -19.824710699999965 ], [ -44.100587699999949, -19.824667399999957 ], [ -44.100740499999972, -19.824623199999969 ], [ -44.100986699999964, -19.824394 ], [ -44.101074199999971, -19.824204099999978 ], [ -44.101143, -19.824073299999952 ], [ -44.101113299999959, -19.823994199999948 ], [ -44.101040599999976, -19.82381989999994 ], [ -44.100977299999954, -19.8237205 ], [ -44.100882699999943, -19.823612499999971 ], [ -44.100805299999941, -19.823545399999936 ], [ -44.100728699999934, -19.823491499999918 ], [ -44.100645, -19.82344959999995 ], [ -44.100563099999938, -19.823419699999921 ], [ -44.100474299999981, -19.823404099999944 ], [ -44.100385399999944, -19.823393499999955 ], [ -44.100249699999956, -19.82339119999995 ], [ -44.100089699999963, -19.823405 ], [ -44.099937599999976, -19.823453 ], [ -44.099729199999963, -19.823622899999965 ], [ -44.099647799999964, -19.823689299999955 ], [ -44.099643899999926, -19.823692399999977 ], [ -44.099566, -19.823729799999967 ], [ -44.099239099999984, -19.82388659999997 ], [ -44.098923599999971, -19.823968399999949 ], [ -44.098513, -19.824074799999938 ], [ -44.098443699999962, -19.824075 ], [ -44.097904599999936, -19.824076599999955 ], [ -44.097441199999935, -19.824032499999927 ], [ -44.097189199999953, -19.82402379999996 ], [ -44.097018599999956, -19.824017799999979 ], [ -44.097016, -19.824019099999926 ], [ -44.096939799999973, -19.824055399999967 ], [ -44.096868899999947, -19.82408919999995 ], [ -44.096739599999985, -19.824150799999931 ], [ -44.095834499999974, -19.824582199999952 ], [ -44.095718199999972, -19.824637599999956 ], [ -44.095689399999976, -19.824651299999971 ], [ -44.095490099999942, -19.824769499999931 ], [ -44.095419299999946, -19.824811499999942 ], [ -44.095346699999943, -19.824854399999932 ], [ -44.095304799999958, -19.824879199999934 ], [ -44.094308799999965, -19.825468199999932 ], [ -44.0941706, -19.825549899999928 ], [ -44.094014799999968, -19.825642099999975 ], [ -44.093959399999967, -19.825674799999934 ], [ -44.09365269999995, -19.825889499999953 ], [ -44.093518899999935, -19.826072599999979 ], [ -44.093515099999934, -19.826077699999917 ], [ -44.093209299999955, -19.826496 ], [ -44.09247849999997, -19.827495399999986 ], [ -44.092472899999969, -19.827503099999944 ], [ -44.092456199999951, -19.827525899999955 ], [ -44.092401399999972, -19.827600899999936 ], [ -44.091706399999971, -19.828508199999934 ], [ -44.091633099999974, -19.828603799999939 ], [ -44.091568299999949, -19.828648699999974 ], [ -44.091618899999965, -19.828744499999974 ], [ -44.091468, -19.828978399999976 ], [ -44.091444299999978, -19.829086399999944 ], [ -44.091410399999972, -19.829192199999952 ], [ -44.091396399999951, -19.829393899999957 ], [ -44.091380599999987, -19.829589899999977 ], [ -44.0913781, -19.829690799999984 ], [ -44.091391199999975, -19.829768299999966 ], [ -44.091420799999987, -19.829907799999937 ], [ -44.091348799999935, -19.830064499999946 ], [ -44.091015399999954, -19.830006699999952 ], [ -44.090364799999968, -19.829987 ], [ -44.089195399999937, -19.830004799999926 ], [ -44.08870509999997, -19.830025299999917 ], [ -44.088574799999947, -19.830043899999957 ], [ -44.088500299999964, -19.830064899999957 ], [ -44.08842669999995, -19.830176099999949 ], [ -44.088072499999953, -19.830324699999945 ], [ -44.087749099999947, -19.830287899999966 ], [ -44.087689, -19.830578099999965 ], [ -44.087637199999961, -19.830720599999946 ], [ -44.087505, -19.830914699999937 ], [ -44.087535299999963, -19.831210399999975 ], [ -44.087400199999941, -19.831377499999974 ], [ -44.08740789999996, -19.831804199999976 ], [ -44.087347499999964, -19.832114899999961 ], [ -44.087342699999965, -19.832190399999945 ], [ -44.087355099999968, -19.832276 ], [ -44.0874118, -19.832433899999952 ], [ -44.087483899999945, -19.832603099999972 ], [ -44.087585199999985, -19.832793299999928 ], [ -44.087713299999962, -19.832989799999943 ], [ -44.087897699999985, -19.83325329999996 ] ] ], [ [ [ -44.130958899999939, -19.865119399999969 ], [ -44.131114199999956, -19.865035599999949 ], [ -44.131444899999956, -19.864983799999941 ], [ -44.131623599999955, -19.86495039999993 ], [ -44.131869699999989, -19.864818399999933 ], [ -44.131941899999958, -19.864698399999948 ], [ -44.13198019999993, -19.864559899999961 ], [ -44.132080499999972, -19.86428119999993 ], [ -44.132198099999982, -19.864111499999979 ], [ -44.132313499999952, -19.864036 ], [ -44.132579199999952, -19.86395 ], [ -44.132705899999969, -19.863936599999921 ], [ -44.134294899999936, -19.863577799999987 ], [ -44.135550199999955, -19.863451899999959 ], [ -44.13578, -19.863396599999934 ], [ -44.136064599999941, -19.863188099999938 ], [ -44.13735, -19.861826299999958 ], [ -44.137842399999954, -19.861168099999929 ], [ -44.138468899999971, -19.86097749999993 ], [ -44.141745399999941, -19.860448599999931 ], [ -44.14200569999997, -19.860324399999957 ], [ -44.142132699999934, -19.860343699999923 ], [ -44.142270199999984, -19.860342699999933 ], [ -44.142967299999953, -19.860263599999943 ], [ -44.143307, -19.860197099999944 ], [ -44.143978299999958, -19.860102699999977 ], [ -44.14448909999993, -19.86001569999997 ], [ -44.144743, -19.85999009999993 ], [ -44.14534069999997, -19.859927199999948 ], [ -44.1464395, -19.859747499999965 ], [ -44.14823789999997, -19.85948089999993 ], [ -44.14838489999994, -19.859476799999982 ], [ -44.149268699999936, -19.859333099999954 ], [ -44.149352799999981, -19.859316199999963 ], [ -44.149443899999945, -19.85930459999997 ], [ -44.150065599999955, -19.859203599999947 ], [ -44.1501373, -19.859191899999917 ], [ -44.150373499999944, -19.859153499999927 ], [ -44.150372399999988, -19.859141399999949 ], [ -44.150371299999961, -19.859129299999946 ], [ -44.150128699999982, -19.858799699999963 ], [ -44.150047899999947, -19.858613199999979 ], [ -44.150054099999984, -19.858289799999962 ], [ -44.150054099999977, -19.858090699999931 ], [ -44.149708199999964, -19.857840499999941 ], [ -44.149700899999971, -19.857436199999949 ], [ -44.150047399999956, -19.857373199999934 ], [ -44.149915899999939, -19.857394199999931 ], [ -44.149905, -19.857269199999966 ], [ -44.149675899999977, -19.857158599999945 ], [ -44.149699099999964, -19.856737799999962 ], [ -44.149903199999983, -19.856715099999974 ], [ -44.149896799999965, -19.856608399999967 ], [ -44.149658599999945, -19.856461 ], [ -44.149667, -19.855894 ], [ -44.149854799999957, -19.855806499999971 ], [ -44.149618799999985, -19.855516 ], [ -44.149527299999932, -19.855429199999946 ], [ -44.149494399999988, -19.855397899999954 ], [ -44.14937, -19.855180199999946 ], [ -44.149387499999932, -19.855178899999927 ], [ -44.149459499999978, -19.85517329999994 ], [ -44.149472199999934, -19.855172299999936 ], [ -44.149565699999982, -19.855165199999924 ], [ -44.149742599999968, -19.855151599999935 ], [ -44.1499841, -19.855133 ], [ -44.150055799999961, -19.855127499999977 ], [ -44.150083599999959, -19.85512929999993 ], [ -44.150153599999953, -19.855118 ], [ -44.150265, -19.855049899999916 ], [ -44.150389899999936, -19.854838199999961 ], [ -44.150595199999941, -19.854496099999945 ], [ -44.150781699999982, -19.854185199999961 ], [ -44.150906099999929, -19.853973699999933 ], [ -44.151204599999971, -19.853955 ], [ -44.151351299999931, -19.853955 ], [ -44.15136629999995, -19.853955 ], [ -44.151449, -19.853928399999965 ], [ -44.151559099999986, -19.853892899999941 ], [ -44.151680699999986, -19.853760099999928 ], [ -44.151390299999946, -19.853685199999973 ], [ -44.151740199999949, -19.852787599999939 ], [ -44.152164199999952, -19.852777799999959 ], [ -44.15235679999995, -19.852803299999948 ], [ -44.152505799999972, -19.852825099999954 ], [ -44.152513499999941, -19.85280569999998 ], [ -44.152521099999937, -19.852786399999957 ], [ -44.152610099999954, -19.852562 ], [ -44.152815399999952, -19.852064399999968 ], [ -44.153039299999939, -19.85152649999997 ], [ -44.153154299999983, -19.85127149999995 ], [ -44.153045499999969, -19.851103599999934 ], [ -44.153019, -19.851057799999985 ], [ -44.152849599999968, -19.850764599999938 ], [ -44.152853399999969, -19.850681399999932 ], [ -44.152858899999963, -19.850562499999967 ], [ -44.152871299999958, -19.850438099999955 ], [ -44.152883799999984, -19.850313799999981 ], [ -44.15296, -19.850147 ], [ -44.153122299999957, -19.849984099999975 ], [ -44.153215299999943, -19.849842799999987 ], [ -44.15349359999994, -19.849582299999952 ], [ -44.153748699999937, -19.849321699999948 ], [ -44.154084099999977, -19.849159699999962 ], [ -44.154326699999956, -19.849073599999937 ], [ -44.15454619999997, -19.849009199999962 ], [ -44.155008399999986, -19.848869499999974 ], [ -44.155205, -19.848772299999933 ], [ -44.155418199999986, -19.848723299999964 ], [ -44.155631299999982, -19.848693299999969 ], [ -44.155811699999958, -19.848647699999955 ], [ -44.156019599999979, -19.848576399999967 ], [ -44.15623869999996, -19.84845359999996 ], [ -44.156409599999968, -19.848347699999959 ], [ -44.156491399999936, -19.848250899999982 ], [ -44.156632899999977, -19.848092899999934 ], [ -44.156758299999971, -19.847919599999969 ], [ -44.156883799999953, -19.847741099999954 ], [ -44.156949399999974, -19.847603199999973 ], [ -44.157031399999944, -19.847460399999918 ], [ -44.157124099999983, -19.847322699999932 ], [ -44.157232599999936, -19.847182399999941 ], [ -44.157356899999968, -19.846975899999954 ], [ -44.157549899999935, -19.846730899999962 ], [ -44.157729499999967, -19.846421199999941 ], [ -44.157894899999974, -19.846202 ], [ -44.158129099999947, -19.845931299999961 ], [ -44.158254099999965, -19.845595399999976 ], [ -44.158310099999937, -19.845349799999955 ], [ -44.15836649999995, -19.845039499999935 ], [ -44.158400499999978, -19.844699599999952 ], [ -44.158461599999953, -19.844433699999964 ], [ -44.158513699999958, -19.844272599999947 ], [ -44.1585573, -19.844087299999966 ], [ -44.158652199999956, -19.843902199999938 ], [ -44.158789299999967, -19.84379 ], [ -44.158943299999976, -19.843718099999936 ], [ -44.159216699999945, -19.843654799999953 ], [ -44.159558199999935, -19.843616099999963 ], [ -44.159917, -19.843529099999945 ], [ -44.160216099999957, -19.843457899999965 ], [ -44.160293899999942, -19.843429799999971 ], [ -44.160481099999977, -19.843362399999947 ], [ -44.160542199999952, -19.843325599999961 ], [ -44.160720799999979, -19.843218299999922 ], [ -44.160798199999931, -19.843097699999937 ], [ -44.160978699999937, -19.842856499999979 ], [ -44.161102399999947, -19.842749799999982 ], [ -44.161491, -19.842429199999962 ], [ -44.161617599999943, -19.842377399999979 ], [ -44.162035499999945, -19.842206299999944 ], [ -44.162053699999937, -19.841759699999958 ], [ -44.162056, -19.841703899999967 ], [ -44.161963699999944, -19.841375699999954 ], [ -44.161768899999977, -19.841180899999916 ], [ -44.161492, -19.840811799999916 ], [ -44.161174299999971, -19.840542399999947 ], [ -44.160558899999955, -19.839919599999966 ], [ -44.1603128, -19.839581299999956 ], [ -44.160558699999967, -19.839396099999931 ], [ -44.160328, -19.839412499999987 ], [ -44.159619, -19.838698899999933 ], [ -44.159697199999982, -19.838549799999953 ], [ -44.159628599999969, -19.838486199999981 ], [ -44.159287699999943, -19.838584099999927 ], [ -44.158448399999941, -19.839324399999949 ], [ -44.157327399999986, -19.839330799999967 ], [ -44.157269, -19.839415 ], [ -44.157210599999985, -19.83949919999997 ], [ -44.157141699999961, -19.839490299999959 ], [ -44.157125899999983, -19.839484299999981 ], [ -44.1571259, -19.839486599999933 ], [ -44.15707279999998, -19.839481499999977 ], [ -44.156988099999978, -19.839393099999935 ], [ -44.155337899999957, -19.840330399999978 ], [ -44.155415399999981, -19.840139399999948 ], [ -44.155388299999977, -19.839945599999947 ], [ -44.155140199999948, -19.839759599999976 ], [ -44.154922499999941, -19.83938029999997 ], [ -44.154722399999969, -19.839149899999928 ], [ -44.155025599999938, -19.838868599999955 ], [ -44.155262499999935, -19.838602399999949 ], [ -44.155411599999972, -19.838459599999961 ], [ -44.15610079999994, -19.837800199999943 ], [ -44.155538899999961, -19.835724699999954 ], [ -44.155525699999949, -19.835672599999945 ], [ -44.155388899999942, -19.835131299999951 ], [ -44.155335, -19.834918099999982 ], [ -44.155442799999946, -19.834889399999952 ], [ -44.155611399999934, -19.834874499999955 ], [ -44.156289699999945, -19.83494149999996 ], [ -44.156300199999976, -19.834897699999935 ], [ -44.156600699999949, -19.83441549999997 ], [ -44.156970699999938, -19.834074099999945 ], [ -44.156938299999979, -19.833646699999978 ], [ -44.156736299999977, -19.83345 ], [ -44.157029299999977, -19.832941399999974 ], [ -44.157136799999932, -19.832820299999977 ], [ -44.157236499999961, -19.832807799999955 ], [ -44.157255699999943, -19.832805399999934 ], [ -44.157369599999981, -19.83276079999996 ], [ -44.157543, -19.832706399999957 ], [ -44.157721299999942, -19.832587499999931 ], [ -44.157825299999956, -19.832502799999929 ], [ -44.157839899999942, -19.832491 ], [ -44.158279399999969, -19.83289979999995 ], [ -44.158505499999933, -19.832773199999963 ], [ -44.158539, -19.832753199999953 ], [ -44.158290199999954, -19.832445299999954 ], [ -44.159102099999984, -19.831630099999927 ], [ -44.159332, -19.831277399999987 ], [ -44.159422799999966, -19.830968 ], [ -44.159256699999958, -19.830908299999987 ], [ -44.159101299999975, -19.830881099999939 ], [ -44.159127199999944, -19.830570199999958 ], [ -44.159141, -19.829903499999951 ], [ -44.158787199999956, -19.829491299999972 ], [ -44.158734799999934, -19.829418099999938 ], [ -44.158710199999973, -19.829364199999926 ], [ -44.158698299999976, -19.829256 ], [ -44.158703799999955, -19.829108199999954 ], [ -44.158701, -19.828974 ], [ -44.158681099999974, -19.828801799999955 ], [ -44.158656599999979, -19.828662499999954 ], [ -44.158612, -19.828508199999913 ], [ -44.158545399999987, -19.828359599999935 ], [ -44.158540799999962, -19.828360399999955 ], [ -44.15836029999997, -19.828352199999916 ], [ -44.1581968, -19.828263 ], [ -44.158345499999939, -19.828074799999989 ], [ -44.158380099999931, -19.827955899999949 ], [ -44.158396299999936, -19.827830199999934 ], [ -44.158399599999946, -19.82780479999996 ], [ -44.158401399999946, -19.827790799999942 ], [ -44.158405099999982, -19.827762399999926 ], [ -44.158419799999933, -19.82764879999996 ], [ -44.15848409999996, -19.827411 ], [ -44.158578299999931, -19.827198 ], [ -44.158652599999982, -19.82709889999995 ], [ -44.158746699999938, -19.826955299999952 ], [ -44.158721899999939, -19.8268265 ], [ -44.15845939999997, -19.826445099999937 ], [ -44.158420399999947, -19.826383199999949 ], [ -44.15836319999994, -19.826292199999948 ], [ -44.158307499999978, -19.82620379999997 ], [ -44.158291, -19.826177599999934 ], [ -44.158284499999972, -19.826170499999932 ], [ -44.158138199999939, -19.826011 ], [ -44.158007299999952, -19.825844399999941 ], [ -44.157968299999936, -19.825794699999953 ], [ -44.15751, -19.825068699999971 ], [ -44.1573, -19.824733899999959 ], [ -44.156881799999951, -19.824342599999962 ], [ -44.156681, -19.824121199999968 ], [ -44.156531599999937, -19.824043899999932 ], [ -44.156186599999955, -19.823889499999954 ], [ -44.155747, -19.823757499999939 ], [ -44.155220899999961, -19.823653699999969 ], [ -44.155035, -19.823686899999927 ], [ -44.15490449999993, -19.82353419999993 ], [ -44.15451829999995, -19.823612299999983 ], [ -44.154495099999963, -19.823757599999954 ], [ -44.154413199999965, -19.823767099999937 ], [ -44.154286599999978, -19.823638 ], [ -44.154088599999959, -19.823668599999973 ], [ -44.154041299999967, -19.823796899999937 ], [ -44.153954299999953, -19.823821099999972 ], [ -44.153835699999945, -19.823745499999976 ], [ -44.153646899999956, -19.823739699999983 ], [ -44.153685699999983, -19.823924299999927 ], [ -44.153506799999946, -19.823985499999932 ], [ -44.153414099999964, -19.823996899999944 ], [ -44.153252599999973, -19.824016599999922 ], [ -44.15295469999996, -19.823961199999939 ], [ -44.152639599999929, -19.823815699999951 ], [ -44.152570299999979, -19.823722199999942 ], [ -44.152400599999972, -19.823524799999973 ], [ -44.152095899999949, -19.823206199999941 ], [ -44.151777199999977, -19.823026099999932 ], [ -44.151760499999966, -19.823014299999947 ], [ -44.151754899999965, -19.823010299999964 ], [ -44.151586799999968, -19.822891 ], [ -44.151365099999964, -19.822773299999938 ], [ -44.150826199999983, -19.82251459999998 ], [ -44.150264899999961, -19.822252 ], [ -44.149894199999942, -19.822035699999951 ], [ -44.14942469999994, -19.821832499999964 ], [ -44.149124599999936, -19.821812399999938 ], [ -44.149056199999968, -19.821747699999953 ], [ -44.149075099999948, -19.821406799999973 ], [ -44.148823099999966, -19.821289099999955 ], [ -44.148648099999946, -19.821258199999946 ], [ -44.148545099999971, -19.821211799999958 ], [ -44.14837, -19.821119099999976 ], [ -44.148148599999956, -19.821000699999956 ], [ -44.147767499999937, -19.820805 ], [ -44.147448299999951, -19.820666 ], [ -44.147268, -19.820568199999961 ], [ -44.147118699999965, -19.820475499999922 ], [ -44.14685609999998, -19.82026949999992 ], [ -44.146343299999955, -19.819612599999964 ], [ -44.146183599999965, -19.819609699999944 ], [ -44.146364499999947, -19.819153799999977 ], [ -44.14649309999993, -19.818847599999962 ], [ -44.146562, -19.81881559999994 ], [ -44.146702699999928, -19.818651199999973 ], [ -44.146920399999942, -19.818217499999943 ], [ -44.147404, -19.816686599999976 ], [ -44.147534499999949, -19.816391899999932 ], [ -44.147552499999961, -19.816196799999933 ], [ -44.147409, -19.816018699999958 ], [ -44.147566399999967, -19.81604569999995 ], [ -44.147578, -19.815919 ], [ -44.147525, -19.815718799999964 ], [ -44.147553499999958, -19.815536899999934 ], [ -44.14745809999993, -19.815456 ], [ -44.147494799999954, -19.815342 ], [ -44.147636299999938, -19.815162 ], [ -44.147698199999979, -19.81473039999997 ], [ -44.148074899999983, -19.814656399999922 ], [ -44.148065499999973, -19.814526 ], [ -44.148152799999927, -19.813804799999954 ], [ -44.147876299999957, -19.813649499999947 ], [ -44.147819299999981, -19.813478799999917 ], [ -44.147892099999986, -19.813195799999963 ], [ -44.147352699999942, -19.81278309999993 ], [ -44.146792599999969, -19.812595299999934 ], [ -44.14620629999996, -19.812475299999956 ], [ -44.146007699999984, -19.812435799999953 ], [ -44.145847099999976, -19.812468399999936 ], [ -44.145449699999979, -19.812364 ], [ -44.145313599999952, -19.812345099999959 ], [ -44.144927899999978, -19.812364 ], [ -44.144610399999976, -19.812326199999966 ], [ -44.144360899999981, -19.812273199999932 ], [ -44.144088699999941, -19.812118199999933 ], [ -44.143593399999929, -19.811823299999954 ], [ -44.143241799999949, -19.811475499999968 ], [ -44.142890199999954, -19.81120709999993 ], [ -44.142539899999974, -19.811025699999956 ], [ -44.142270399999965, -19.81095 ], [ -44.142040299999962, -19.810885599999935 ], [ -44.141988699999963, -19.810871199999951 ], [ -44.141980399999966, -19.810870399999935 ], [ -44.141737299999932, -19.810847 ], [ -44.141608599999984, -19.810855299999954 ], [ -44.141552799999943, -19.810859 ], [ -44.14150409999997, -19.810862099999955 ], [ -44.141383099999985, -19.810767899999973 ], [ -44.141353299999928, -19.810613899999968 ], [ -44.141298599999971, -19.810350599999936 ], [ -44.141263799999926, -19.810122099999933 ], [ -44.141273799999965, -19.809416699999922 ], [ -44.141209199999942, -19.808934799999967 ], [ -44.141050199999938, -19.807504 ], [ -44.140803199999944, -19.805509299999972 ], [ -44.140746, -19.805189799999944 ], [ -44.140065499999928, -19.805272899999974 ], [ -44.139236, -19.805386399999975 ], [ -44.139124899999963, -19.805401599999989 ], [ -44.13904969999993, -19.805408099999958 ], [ -44.138620199999934, -19.805445199999959 ], [ -44.138080499999951, -19.805434399999953 ], [ -44.137577699999952, -19.805364599999955 ], [ -44.137249599999961, -19.805294799999952 ], [ -44.137033099999933, -19.80529479999996 ], [ -44.13682979999993, -19.805331499999976 ], [ -44.136677, -19.805322699999969 ], [ -44.1364746, -19.805259899999953 ], [ -44.136376799999937, -19.805106299999977 ], [ -44.136279099999967, -19.804792099999936 ], [ -44.13605559999997, -19.804303299999962 ], [ -44.135971799999929, -19.804135699999968 ], [ -44.13579029999994, -19.803975099999938 ], [ -44.135231699999963, -19.80364 ], [ -44.134966399999939, -19.803549199999956 ], [ -44.134784899999943, -19.80343749999998 ], [ -44.134617299999952, -19.803283899999929 ], [ -44.134470699999952, -19.803109299999957 ], [ -44.134407799999956, -19.80298369999997 ], [ -44.13437289999996, -19.802837 ], [ -44.134379899999942, -19.802543799999963 ], [ -44.135057199999949, -19.800581799999975 ], [ -44.135280599999938, -19.799841699999927 ], [ -44.135294599999959, -19.799688099999955 ], [ -44.135217799999964, -19.799492599999947 ], [ -44.13518629999993, -19.799321499999969 ], [ -44.135165399999948, -19.799248199999969 ], [ -44.135130499999953, -19.799178399999956 ], [ -44.135113, -19.799049199999956 ], [ -44.135095599999943, -19.79892 ], [ -44.135083799999961, -19.79883939999997 ], [ -44.135031, -19.798839399999952 ], [ -44.134825199999966, -19.798898399999928 ], [ -44.134727199999922, -19.798926499999933 ], [ -44.134565399999978, -19.798995399999963 ], [ -44.134563499999956, -19.798996199999973 ], [ -44.134554, -19.798999 ], [ -44.134542299999964, -19.799002399999953 ], [ -44.134538099999929, -19.799003599999942 ], [ -44.134396499999987, -19.799045099999944 ], [ -44.134365599999974, -19.799056099999969 ], [ -44.13425419999993, -19.799095599999927 ], [ -44.134227099999976, -19.799098199999939 ], [ -44.134191399999963, -19.799101499999956 ], [ -44.133930899999939, -19.799126099999956 ], [ -44.133878899999957, -19.799131 ], [ -44.133685599999978, -19.799149099999958 ], [ -44.132761499999965, -19.799311499999934 ], [ -44.13230539999995, -19.799396599999962 ], [ -44.132129299999974, -19.799389099999914 ], [ -44.131995299999971, -19.79939 ], [ -44.131570199999949, -19.799343399999941 ], [ -44.131421699999976, -19.799287799999959 ], [ -44.131190099999976, -19.799213299999959 ], [ -44.1309275, -19.799290599999939 ], [ -44.130641499999967, -19.799414299999963 ], [ -44.130395799999981, -19.799522199999945 ], [ -44.130067, -19.799687099999964 ], [ -44.129715899999951, -19.799737499999928 ], [ -44.129468599999939, -19.799787899999941 ], [ -44.129297899999983, -19.799822699999932 ], [ -44.128935299999959, -19.799890199999936 ], [ -44.128680899999956, -19.799994 ], [ -44.128649399999972, -19.800013799999931 ], [ -44.128572299999973, -19.800062299999976 ], [ -44.128373199999942, -19.800141199999924 ], [ -44.128337, -19.800148799999928 ], [ -44.128217799999959, -19.800174099999932 ], [ -44.128178499999933, -19.800199599999914 ], [ -44.128075699999947, -19.800266399999945 ], [ -44.127832099999978, -19.800374699999949 ], [ -44.127633099999969, -19.800432299999951 ], [ -44.127447699999948, -19.800469 ], [ -44.126974299999979, -19.800466099999937 ], [ -44.126527, -19.800445699999951 ], [ -44.126328399999977, -19.800366699999937 ], [ -44.126116399999951, -19.800320099999961 ], [ -44.125928699999974, -19.800269099999969 ], [ -44.1257667, -19.80018739999997 ], [ -44.125663799999984, -19.800111399999931 ], [ -44.125550899999958, -19.800048099999973 ], [ -44.12538, -19.799948799999971 ], [ -44.125212099999942, -19.799851599999954 ], [ -44.124740399999958, -19.799638 ], [ -44.124547799999959, -19.799604399999954 ], [ -44.12430059999997, -19.799574 ], [ -44.124126299999944, -19.799537599999944 ], [ -44.12392379999995, -19.799483 ], [ -44.123805899999979, -19.799414199999948 ], [ -44.123588299999938, -19.799331199999934 ], [ -44.123453099999956, -19.799325199999952 ], [ -44.123279, -19.799305 ], [ -44.122926499999956, -19.799341099999943 ], [ -44.1226339, -19.799384199999974 ], [ -44.122453699999944, -19.799397499999948 ], [ -44.122287299999982, -19.799407899999949 ], [ -44.121975099999936, -19.799309499999936 ], [ -44.121716099999958, -19.799224699999957 ], [ -44.121552599999973, -19.799226499999975 ], [ -44.12124509999996, -19.799098199999932 ], [ -44.121106299999958, -19.799088099999945 ], [ -44.120835199999938, -19.799090699999955 ], [ -44.120595599999938, -19.799127499999944 ], [ -44.120405499999947, -19.799138599999928 ], [ -44.120181799999955, -19.7992197 ], [ -44.120016799999974, -19.799310599999966 ], [ -44.119842399999982, -19.799354099999942 ], [ -44.119535099999958, -19.799497499999976 ], [ -44.11933339999996, -19.799649099999954 ], [ -44.118922699999985, -19.800703099999968 ], [ -44.118575799999974, -19.801571299999981 ], [ -44.118404, -19.802006299999956 ], [ -44.118317599999955, -19.802249599999985 ], [ -44.117763699999962, -19.804114499999972 ], [ -44.118351799999971, -19.804565199999953 ], [ -44.118783299999961, -19.805178599999984 ], [ -44.118821399999945, -19.805665099999935 ], [ -44.119079399999983, -19.805796199999975 ], [ -44.119719799999977, -19.806425599999951 ], [ -44.11971269999998, -19.806848199999937 ], [ -44.119726899999932, -19.806933199999943 ], [ -44.11977219999995, -19.807063299999971 ], [ -44.120156499999958, -19.80756429999996 ], [ -44.119984599999952, -19.808139699999959 ], [ -44.119980399999974, -19.808664199999964 ], [ -44.120052299999948, -19.809036499999937 ], [ -44.120094599999952, -19.80976829999997 ], [ -44.119883099999974, -19.810309799999974 ], [ -44.119756199999983, -19.81077509999994 ], [ -44.119781599999953, -19.810940099999982 ], [ -44.11992969999995, -19.811236199999939 ], [ -44.120115799999951, -19.811426499999989 ], [ -44.120451899999978, -19.811311599999947 ], [ -44.12131519999997, -19.81106 ], [ -44.122522, -19.810792799999934 ], [ -44.122941499999975, -19.811329199999918 ], [ -44.123271499999937, -19.811841099999985 ], [ -44.123538, -19.812534799999977 ], [ -44.123504099999934, -19.812737899999942 ], [ -44.123495699999978, -19.813080499999955 ], [ -44.123487199999943, -19.81355009999994 ], [ -44.123559099999966, -19.813981499999958 ], [ -44.123626799999954, -19.814248 ], [ -44.123796, -19.814552599999953 ], [ -44.12384609999998, -19.814700499999958 ], [ -44.125349899999947, -19.814676599999927 ], [ -44.126039399999968, -19.814646 ], [ -44.133910699999944, -19.814485199999982 ], [ -44.133891699999936, -19.814924199999954 ], [ -44.133778099999972, -19.81497659999998 ], [ -44.133546899999942, -19.815031899999944 ], [ -44.133323, -19.815147499999973 ], [ -44.13318929999997, -19.815262 ], [ -44.133095399999945, -19.815411499999986 ], [ -44.132967299999962, -19.815724099999954 ], [ -44.132960199999957, -19.815862699999965 ], [ -44.133027699999957, -19.816021599999953 ], [ -44.133018199999981, -19.816116699999959 ], [ -44.132961599999931, -19.816233 ], [ -44.132962199999952, -19.816384099999951 ], [ -44.133063399999969, -19.816615899999931 ], [ -44.133031099999975, -19.816739699999953 ], [ -44.132921099999983, -19.816805099999947 ], [ -44.132844399999954, -19.81688029999998 ], [ -44.132856399999987, -19.817145299999929 ], [ -44.132851599999988, -19.817328699999962 ], [ -44.132754, -19.817489099999936 ], [ -44.132581199999947, -19.817614099999961 ], [ -44.132444599999985, -19.817676699999929 ], [ -44.132319199999984, -19.8177803 ], [ -44.132262199999964, -19.81796819999995 ], [ -44.132254099999955, -19.818133799999949 ], [ -44.132234099999948, -19.818332799999943 ], [ -44.132300199999975, -19.818793 ], [ -44.132224099999974, -19.819010199999973 ], [ -44.132119499999931, -19.819471799999974 ], [ -44.131984599999953, -19.819747599999971 ], [ -44.131793299999963, -19.819904699999931 ], [ -44.131555399999968, -19.819991499999947 ], [ -44.132239699999957, -19.820086399999973 ], [ -44.1328, -19.820085899999977 ], [ -44.133149299999957, -19.820048199999974 ], [ -44.13345819999995, -19.820085499999937 ], [ -44.13387419999998, -19.820072799999931 ], [ -44.13419179999994, -19.820151099999972 ], [ -44.134844499999986, -19.820237 ], [ -44.135184099999947, -19.820252799999942 ], [ -44.135185599999943, -19.820266799999956 ], [ -44.135187799999983, -19.820290599999961 ], [ -44.135270199999979, -19.821383299999976 ], [ -44.135266899999976, -19.822037299999977 ], [ -44.135676299999943, -19.822095199999978 ], [ -44.137028, -19.822387699999975 ], [ -44.138164299999971, -19.823145599999982 ], [ -44.138214899999987, -19.823702199999953 ], [ -44.138297799999982, -19.824173 ], [ -44.138335199999972, -19.824207199999943 ], [ -44.138364099999933, -19.82422119999994 ], [ -44.138530299999957, -19.824650099999918 ], [ -44.13875239999993, -19.825189099999928 ], [ -44.138816499999962, -19.825262099999968 ], [ -44.138821199999938, -19.825279 ], [ -44.138848899999971, -19.825378299999951 ], [ -44.139027399999982, -19.826017599999943 ], [ -44.138878, -19.82655439999996 ], [ -44.138873599999954, -19.826570199999924 ], [ -44.139186, -19.826594399999973 ], [ -44.139189799999947, -19.826607599999928 ], [ -44.139219399999952, -19.826713199999979 ], [ -44.139552699999975, -19.827683599999936 ], [ -44.139724099999974, -19.828110599999931 ], [ -44.139994499999943, -19.82840619999995 ], [ -44.140290399999969, -19.828743499999973 ], [ -44.14042, -19.82880379999995 ], [ -44.14060829999994, -19.828806 ], [ -44.140866599999988, -19.82868059999992 ], [ -44.141040499999981, -19.828628699999964 ], [ -44.141204399999943, -19.828602399999973 ], [ -44.141341399999938, -19.828531699999928 ], [ -44.141575199999977, -19.828513099999956 ], [ -44.141817, -19.828582199999978 ], [ -44.142118399999958, -19.828593099999974 ], [ -44.142338399999971, -19.828658799999971 ], [ -44.142569399999964, -19.828759599999955 ], [ -44.142756299999981, -19.828867099999965 ], [ -44.143029, -19.828991399999953 ], [ -44.143324, -19.829072399999973 ], [ -44.143410099999983, -19.82908829999997 ], [ -44.143550499999947, -19.829106499999959 ], [ -44.143734299999949, -19.829161799999955 ], [ -44.143986699999971, -19.8291996 ], [ -44.144314, -19.829193199999956 ], [ -44.144568299999946, -19.82916589999996 ], [ -44.144823699999968, -19.829194199999957 ], [ -44.145133399999956, -19.829239099999938 ], [ -44.145310399999971, -19.829344899999967 ], [ -44.145463, -19.82941349999993 ], [ -44.145652899999966, -19.829456299999951 ], [ -44.145498399999951, -19.831207899999978 ], [ -44.14627379999996, -19.832336399999974 ], [ -44.146394599999951, -19.832489499999941 ], [ -44.146500099999962, -19.832747 ], [ -44.1465707, -19.832865899999945 ], [ -44.146627399999943, -19.833006699999935 ], [ -44.146580199999953, -19.83311839999994 ], [ -44.146572599999949, -19.833258799999957 ], [ -44.146541899999932, -19.833414199999929 ], [ -44.146536899999951, -19.833589599999986 ], [ -44.146559199999956, -19.833674199999969 ], [ -44.146558499999969, -19.833775799999952 ], [ -44.146510799999923, -19.833854899999952 ], [ -44.14649349999997, -19.833945099999926 ], [ -44.146520399999986, -19.834048099999961 ], [ -44.14651379999998, -19.834158799999948 ], [ -44.146417399999962, -19.834407 ], [ -44.146421399999959, -19.834482899999959 ], [ -44.146460399999967, -19.834586 ], [ -44.146712799999939, -19.834749399999968 ], [ -44.146880099999976, -19.834840799999924 ], [ -44.147026499999981, -19.834887399999957 ], [ -44.147155699999985, -19.83489689999994 ], [ -44.14749489999997, -19.834913799999981 ], [ -44.147622899999931, -19.834933599999943 ], [ -44.14779319999996, -19.83493239999996 ], [ -44.147825399999938, -19.834932099999943 ], [ -44.147823499999959, -19.835067599999942 ], [ -44.147827, -19.835656599999929 ], [ -44.147653899999966, -19.835738699999983 ], [ -44.147157299999954, -19.83601 ], [ -44.14685, -19.836185499999939 ], [ -44.146694799999977, -19.836296899999972 ], [ -44.146574099999953, -19.836406299999975 ], [ -44.146336499999961, -19.836729799999937 ], [ -44.146150099999943, -19.836646599999945 ], [ -44.145951299999979, -19.83653129999993 ], [ -44.145795099999937, -19.836448699999952 ], [ -44.145686299999973, -19.836407099999956 ], [ -44.145569899999941, -19.836388399999965 ], [ -44.145380399999965, -19.836398899999939 ], [ -44.145257199999946, -19.83643439999998 ], [ -44.145157799999943, -19.836480199999979 ], [ -44.144821399999962, -19.836781499999972 ], [ -44.144595699999961, -19.836981699999971 ], [ -44.144491599999974, -19.837061599999963 ], [ -44.144370299999935, -19.83710179999996 ], [ -44.144128499999965, -19.83718129999993 ], [ -44.14386269999995, -19.837240599999973 ], [ -44.143664799999954, -19.837275799999933 ], [ -44.143244699999961, -19.83735369999993 ], [ -44.142971, -19.837402 ], [ -44.14281879999993, -19.837435699999965 ], [ -44.142076199999963, -19.837669199999926 ], [ -44.141971699999935, -19.837718199999934 ], [ -44.141867499999933, -19.837775599999933 ], [ -44.141261699999973, -19.838214099999966 ], [ -44.141612699999946, -19.838418199999989 ], [ -44.141694399999949, -19.838479199999931 ], [ -44.142368899999951, -19.839298 ], [ -44.142464399999938, -19.839304799999965 ], [ -44.142578399999934, -19.839546599999949 ], [ -44.142773399999953, -19.840001 ], [ -44.142947499999934, -19.840407199999959 ], [ -44.143033099999975, -19.840630399999959 ], [ -44.143016799999941, -19.841143399999961 ], [ -44.143015599999963, -19.841246899999931 ], [ -44.143028499999957, -19.841358499999949 ], [ -44.143218699999977, -19.842021799999941 ], [ -44.143248099999937, -19.842120299999976 ], [ -44.143279799999952, -19.842367799999977 ], [ -44.143268499999976, -19.842484399999925 ], [ -44.14325869999994, -19.842714399999981 ], [ -44.143258699999933, -19.843033299999952 ], [ -44.143871, -19.843160699999927 ], [ -44.143975799999964, -19.843124599999964 ], [ -44.145750799999981, -19.842813599999939 ], [ -44.146716099999935, -19.842644499999949 ], [ -44.146637699999985, -19.842751199999945 ], [ -44.146602399999949, -19.842860299999924 ], [ -44.146597, -19.843505799999956 ], [ -44.146511699999969, -19.843636199999931 ], [ -44.146422099999945, -19.843738 ], [ -44.146299299999946, -19.843792799999953 ], [ -44.146113499999963, -19.843808299999974 ], [ -44.145903, -19.843848799999936 ], [ -44.145807699999985, -19.84389339999996 ], [ -44.145709099999976, -19.843995099999972 ], [ -44.145674599999957, -19.844075199999953 ], [ -44.145642299999963, -19.844115699999982 ], [ -44.145565899999951, -19.844123799999974 ], [ -44.14539689999998, -19.844083299999962 ], [ -44.145244299999945, -19.84410239999993 ], [ -44.14500419999996, -19.844191599999924 ], [ -44.144897899999926, -19.844263799999968 ], [ -44.144717299999968, -19.844471399999968 ], [ -44.14460269999995, -19.844599699999947 ], [ -44.144404, -19.844636 ], [ -44.144274799999955, -19.844697499999942 ], [ -44.144233399999962, -19.844819799999971 ], [ -44.144300799999939, -19.844950799999943 ], [ -44.144399799999974, -19.845081899999972 ], [ -44.144422099999986, -19.84518079999998 ], [ -44.14439589999995, -19.845308499999934 ], [ -44.144339499999944, -19.845391199999938 ], [ -44.144137299999961, -19.845443 ], [ -44.144028499999941, -19.84551759999993 ], [ -44.143958099999963, -19.845657299999964 ], [ -44.143903199999961, -19.845717299999926 ], [ -44.143848, -19.845789099999926 ], [ -44.143832099999933, -19.845889599999964 ], [ -44.143900199999955, -19.845960899999962 ], [ -44.143988799999924, -19.84601309999994 ], [ -44.144013399999949, -19.846127599999935 ], [ -44.143984699999976, -19.846205599999973 ], [ -44.143981599999954, -19.846348699999972 ], [ -44.143932699999944, -19.84646 ], [ -44.143792799999972, -19.846554899999948 ], [ -44.143586199999952, -19.846593499999933 ], [ -44.143424299999943, -19.846683599999938 ], [ -44.14306449999998, -19.847004699999946 ], [ -44.142895399999929, -19.847190399999935 ], [ -44.1427743, -19.847264199999923 ], [ -44.142625199999948, -19.847301 ], [ -44.142374599999989, -19.847348799999963 ], [ -44.142294099999958, -19.847433499999955 ], [ -44.142257099999938, -19.84762889999995 ], [ -44.1422654, -19.847757199999929 ], [ -44.142240399999935, -19.847865599999967 ], [ -44.142274699999973, -19.847959 ], [ -44.142393199999958, -19.847948599999928 ], [ -44.142474799999945, -19.847915899999975 ], [ -44.14253309999998, -19.847991299999936 ], [ -44.14250329999993, -19.848106 ], [ -44.14243909999994, -19.848254599999954 ], [ -44.142350599999929, -19.84831469999995 ], [ -44.142252099999951, -19.848390399999964 ], [ -44.142254199999968, -19.848488399999948 ], [ -44.142192399999942, -19.848614 ], [ -44.142244499999954, -19.848743199999937 ], [ -44.142276199999969, -19.848788799999966 ], [ -44.142298499999981, -19.84882079999992 ], [ -44.142053399999952, -19.849014199999949 ], [ -44.141763199999964, -19.849241699999936 ], [ -44.140498199999968, -19.850229499999951 ], [ -44.139540799999963, -19.85097 ], [ -44.138730099999975, -19.851669399999935 ], [ -44.138276799999971, -19.852097699999948 ], [ -44.137800399999954, -19.852548599999977 ], [ -44.137436, -19.852896199999979 ], [ -44.13688019999995, -19.853432 ], [ -44.136317399999946, -19.853983899999939 ], [ -44.135880899999961, -19.854409099999931 ], [ -44.135583499999932, -19.854711599999966 ], [ -44.135358799999949, -19.85494209999996 ], [ -44.135157599999957, -19.855182399999943 ], [ -44.135022699999979, -19.855368799999955 ], [ -44.13486549999994, -19.855600399999947 ], [ -44.13472759999997, -19.855821299999949 ], [ -44.134618899999971, -19.85602759999993 ], [ -44.134314499999959, -19.856613 ], [ -44.134216299999942, -19.856768 ], [ -44.133884599999938, -19.857231599999974 ], [ -44.13376, -19.857364499999949 ], [ -44.133600599999966, -19.857503399999931 ], [ -44.133389199999954, -19.857638499999947 ], [ -44.13320559999994, -19.857732499999937 ], [ -44.133012499999943, -19.857797 ], [ -44.132823599999938, -19.857844699999934 ], [ -44.132443799999969, -19.857894199999983 ], [ -44.13180889999996, -19.857936199999926 ], [ -44.131245099999944, -19.857965699999951 ], [ -44.130746899999963, -19.858010499999974 ], [ -44.130307599999981, -19.858067899999977 ], [ -44.129915099999941, -19.858159899999976 ], [ -44.129338099999977, -19.858282 ], [ -44.128953799999977, -19.858396599999924 ], [ -44.12813029999996, -19.858671799999957 ], [ -44.128633699999966, -19.859537199999977 ], [ -44.129046699999954, -19.860338299999963 ], [ -44.129366399999988, -19.860246899999929 ], [ -44.129610299999968, -19.860177199999953 ], [ -44.130427399999981, -19.862205299999967 ], [ -44.130759699999935, -19.862918899999954 ], [ -44.128592, -19.863525199999973 ], [ -44.129209899999985, -19.864201199999961 ], [ -44.129688799999947, -19.864895199999964 ], [ -44.130136499999942, -19.865533699999965 ], [ -44.130316299999947, -19.865366399999978 ], [ -44.1304588, -19.865251299999947 ], [ -44.130728899999951, -19.865156 ], [ -44.130958899999939, -19.865119399999969 ] ] ] ] } }
]
}
