{
"type": "FeatureCollection",
"name": "3201209",
"crs": { "type": "name", "properties": { "name": "urn:ogc:def:crs:OGC:1.3:CRS84" } },
"features": [
{ "type": "Feature", "properties": { "CD_MUN": "3201209", "NM_MUN": "Cachoeiro de Itapemirim" }, "geometry": { "type": "MultiPolygon", "coordinates": [ [ [ [ -41.208070599999985, -20.873907099999936 ], [ -41.207875599999966, -20.873352299999969 ], [ -41.20769839999997, -20.87306249999995 ], [ -41.207565499999937, -20.872656699999922 ], [ -41.206918499999972, -20.871787299999951 ], [ -41.207459099999944, -20.871075099999921 ], [ -41.207928799999934, -20.871108299999953 ], [ -41.208186099999971, -20.871076 ], [ -41.208655499999963, -20.87071079999993 ], [ -41.209107499999966, -20.870528599999933 ], [ -41.209462, -20.870321599999961 ], [ -41.209292499999954, -20.870071299999939 ], [ -41.209187199999974, -20.869915799999941 ], [ -41.208930199999948, -20.869642599999963 ], [ -41.208948, -20.869253399999934 ], [ -41.20901, -20.869013199999934 ], [ -41.209469399999932, -20.869371399999974 ], [ -41.209636599999961, -20.869537099999953 ], [ -41.20982939999994, -20.869757899999968 ], [ -41.210057699999936, -20.869895199999974 ], [ -41.210208799999975, -20.869958899999979 ], [ -41.210439799999961, -20.87006219999995 ], [ -41.210716, -20.870177299999963 ], [ -41.210838599999931, -20.870274 ], [ -41.21107939999996, -20.870645299999982 ], [ -41.211131499999965, -20.870725699999976 ], [ -41.21118749999993, -20.870806899999941 ], [ -41.211034499999982, -20.870951899999966 ], [ -41.211178799999978, -20.871119899999943 ], [ -41.212008, -20.871186699999946 ], [ -41.212195399999985, -20.871677699999964 ], [ -41.212613199999971, -20.87150969999994 ], [ -41.212565799999936, -20.871143599999982 ], [ -41.212465599999966, -20.87082229999994 ], [ -41.212259699999954, -20.870432299999948 ], [ -41.21213, -20.870072199999981 ], [ -41.211973799999953, -20.87004479999996 ], [ -41.21152989999996, -20.869587199999948 ], [ -41.210987399999972, -20.869083 ], [ -41.210132499999929, -20.868398 ], [ -41.210458599999981, -20.868198 ], [ -41.210077699999943, -20.867754099999953 ], [ -41.209981699999965, -20.867726299999951 ], [ -41.209770899999967, -20.86729269999994 ], [ -41.209327199999969, -20.86758129999993 ], [ -41.208873599999947, -20.867911 ], [ -41.20873279999995, -20.867807 ], [ -41.208495599999935, -20.867714299999928 ], [ -41.208353399999964, -20.86770979999994 ], [ -41.208270299999981, -20.867707199999938 ], [ -41.208051099999985, -20.867745299999967 ], [ -41.207833299999947, -20.867879099999985 ], [ -41.207698799999953, -20.867915 ], [ -41.20740109999997, -20.86785529999997 ], [ -41.207169599999936, -20.867859899999921 ], [ -41.206940799999977, -20.86800959999994 ], [ -41.206834499999964, -20.867917499999969 ], [ -41.206522299999961, -20.867734599999959 ], [ -41.206304899999964, -20.867610699999936 ], [ -41.205872199999938, -20.867354 ], [ -41.20535689999997, -20.867022399999932 ], [ -41.205013399999984, -20.867278099999957 ], [ -41.20478849999995, -20.867455599999968 ], [ -41.204139599999962, -20.867847899999958 ], [ -41.203895399999965, -20.867986599999938 ], [ -41.203156899999961, -20.868160799999949 ], [ -41.202799199999966, -20.868229199999973 ], [ -41.202447599999964, -20.868368799999924 ], [ -41.202051599999947, -20.86849859999996 ], [ -41.202160299999953, -20.868751699999965 ], [ -41.202230399999969, -20.869010499999938 ], [ -41.202637299999942, -20.868875399999975 ], [ -41.202988799999964, -20.868725399999953 ], [ -41.203214899999978, -20.868691399999932 ], [ -41.203457699999944, -20.868637799999924 ], [ -41.203771599999982, -20.868568499999977 ], [ -41.203914499999954, -20.868536899999974 ], [ -41.204104099999938, -20.868630699999979 ], [ -41.204444, -20.868417499999964 ], [ -41.205050299999982, -20.86802619999996 ], [ -41.205337799999946, -20.868419399999933 ], [ -41.205233099999937, -20.868524099999949 ], [ -41.2055271, -20.868751899999936 ], [ -41.205861699999964, -20.869047699999957 ], [ -41.20602359999998, -20.869147399999974 ], [ -41.206272599999977, -20.869434 ], [ -41.206112699999949, -20.869536899999964 ], [ -41.206033699999978, -20.869622399999958 ], [ -41.205866599999986, -20.869758399999959 ], [ -41.205807699999987, -20.869715099999947 ], [ -41.205274899999949, -20.870275499999924 ], [ -41.205376, -20.870657699999985 ], [ -41.205872, -20.870878199999936 ], [ -41.206107199999963, -20.871170299999967 ], [ -41.2062337, -20.871326299999968 ], [ -41.205927899999942, -20.871896399999962 ], [ -41.205719699999975, -20.872237799999933 ], [ -41.205234599999983, -20.872713699999963 ], [ -41.205107099999964, -20.872790899999927 ], [ -41.204781499999967, -20.872954799999945 ], [ -41.204490699999951, -20.8731797 ], [ -41.204227299999957, -20.873354899999985 ], [ -41.203880899999952, -20.873642299999979 ], [ -41.203267199999971, -20.874221099999946 ], [ -41.203562, -20.874599399999976 ], [ -41.203856799999983, -20.874977699999921 ], [ -41.203914099999963, -20.875022 ], [ -41.205188299999982, -20.874046899999946 ], [ -41.205979099999986, -20.874710299999954 ], [ -41.206340199999943, -20.874940699999971 ], [ -41.20710459999998, -20.874056199999927 ], [ -41.207485699999943, -20.874826299999935 ], [ -41.207813599999959, -20.874917299999936 ], [ -41.207947, -20.874540099999923 ], [ -41.20801929999994, -20.8741965 ], [ -41.208070599999985, -20.873907099999936 ] ] ], [ [ [ -41.202808099999977, -20.863778499999952 ], [ -41.201568, -20.862450399999943 ], [ -41.198570599999982, -20.860194099999941 ], [ -41.197787199999929, -20.8590895 ], [ -41.197104199999949, -20.857688599999957 ], [ -41.19613789999994, -20.855996199999936 ], [ -41.194785199999956, -20.854112099999945 ], [ -41.194165299999959, -20.854261799999961 ], [ -41.194219, -20.853155299999962 ], [ -41.194842899999976, -20.852842799999962 ], [ -41.196178199999963, -20.851677899999967 ], [ -41.196449399999949, -20.851465799999978 ], [ -41.196767799999975, -20.851192899999955 ], [ -41.197113099999974, -20.851486 ], [ -41.197234399999964, -20.851567299999932 ], [ -41.197491199999945, -20.851729899999945 ], [ -41.197721399999978, -20.85180389999994 ], [ -41.198162499999967, -20.85181209999995 ], [ -41.198543399999949, -20.851976499999971 ], [ -41.199011899999959, -20.852239499999939 ], [ -41.199178699999948, -20.85232289999993 ], [ -41.199264099999937, -20.852428299999918 ], [ -41.199615699999981, -20.852979 ], [ -41.199741399999937, -20.85289209999997 ], [ -41.200172799999955, -20.852804499999941 ], [ -41.200812499999984, -20.852518499999981 ], [ -41.200471499999935, -20.851869 ], [ -41.200714599999969, -20.851315499999949 ], [ -41.200931799999985, -20.850490099999938 ], [ -41.20243929999998, -20.849723199999964 ], [ -41.20259, -20.849593699999964 ], [ -41.201966299999988, -20.84857239999997 ], [ -41.202131899999976, -20.848348 ], [ -41.20158569999996, -20.84770189999994 ], [ -41.201641299999956, -20.84768629999996 ], [ -41.201649499999981, -20.847393199999946 ], [ -41.201586499999962, -20.847220499999935 ], [ -41.201444699999961, -20.847031099999974 ], [ -41.20097, -20.846364699999974 ], [ -41.200841499999967, -20.846288099999981 ], [ -41.201117199999942, -20.846258499999973 ], [ -41.202205399999968, -20.845668199999977 ], [ -41.19969679999997, -20.84495 ], [ -41.19903579999994, -20.84373289999996 ], [ -41.199528199999968, -20.843154899999945 ], [ -41.199677799999961, -20.842783 ], [ -41.199769399999973, -20.842524 ], [ -41.199801599999944, -20.842277 ], [ -41.199844699999971, -20.841962599999921 ], [ -41.199779399999954, -20.841571099999953 ], [ -41.199629499999958, -20.841102199999973 ], [ -41.199469299999976, -20.840745599999945 ], [ -41.199614499999932, -20.840071199999954 ], [ -41.200512599999968, -20.839510399999931 ], [ -41.201562299999985, -20.839541699999913 ], [ -41.202252299999941, -20.839432 ], [ -41.202597399999952, -20.839382699999923 ], [ -41.202905699999981, -20.839266599999966 ], [ -41.20333259999996, -20.839104199999948 ], [ -41.203852599999948, -20.838783599999942 ], [ -41.204264499999965, -20.838408399999945 ], [ -41.204743899999983, -20.837763299999942 ], [ -41.205140399999948, -20.837152899999964 ], [ -41.205465099999969, -20.836521 ], [ -41.205633, -20.835767799999921 ], [ -41.205644099999972, -20.834893299999965 ], [ -41.205528299999962, -20.833493599999944 ], [ -41.205376599999973, -20.832901499999945 ], [ -41.205033899999933, -20.832216299999963 ], [ -41.205118399999954, -20.831764599999921 ], [ -41.205255099999931, -20.831632499999966 ], [ -41.205804599999965, -20.831282799999936 ], [ -41.206409, -20.83090639999995 ], [ -41.206986099999945, -20.830548899999926 ], [ -41.207549699999952, -20.830083699999932 ], [ -41.207949099999958, -20.829501299999951 ], [ -41.208073899999938, -20.828822 ], [ -41.207980199999952, -20.82837259999997 ], [ -41.2096471, -20.823388399999949 ], [ -41.209204399999983, -20.822055699999972 ], [ -41.208683199999939, -20.820615499999967 ], [ -41.207464899999927, -20.818858699999968 ], [ -41.206260899999968, -20.818078399999923 ], [ -41.204325399999966, -20.817271299999959 ], [ -41.202246099999975, -20.817153299999962 ], [ -41.200329099999969, -20.817612 ], [ -41.194741199999953, -20.819637099999969 ], [ -41.193129799999952, -20.819947099999982 ], [ -41.191033499999946, -20.821312299999931 ], [ -41.189962099999946, -20.821724 ], [ -41.188532, -20.821272 ], [ -41.18768659999995, -20.82117449999993 ], [ -41.186836299999989, -20.821076599999966 ], [ -41.185031899999956, -20.821352799999946 ], [ -41.184223899999942, -20.821646099999946 ], [ -41.184071399999937, -20.821520499999952 ], [ -41.183756399999936, -20.820589 ], [ -41.183749399999961, -20.819327599999955 ], [ -41.183894199999941, -20.818645399999987 ], [ -41.183947, -20.818120299999979 ], [ -41.18392579999994, -20.817695399999941 ], [ -41.183735299999974, -20.816811399999946 ], [ -41.183269, -20.816059599999956 ], [ -41.182917099999948, -20.815695499999944 ], [ -41.182534399999952, -20.815289399999923 ], [ -41.182239, -20.814669499999972 ], [ -41.18223329999995, -20.814272699999957 ], [ -41.18233209999994, -20.813803699999941 ], [ -41.182676199999953, -20.812580399999934 ], [ -41.182758599999943, -20.812189799999945 ], [ -41.182783699999959, -20.811745799999983 ], [ -41.182711799999936, -20.811125599999965 ], [ -41.182579899999944, -20.810701299999955 ], [ -41.182316199999946, -20.810302399999955 ], [ -41.182054, -20.81001 ], [ -41.18164679999996, -20.809695699999956 ], [ -41.181037899999978, -20.809354399999958 ], [ -41.180839199999973, -20.809096599999975 ], [ -41.18058979999995, -20.80882169999995 ], [ -41.180195199999964, -20.808501399999955 ], [ -41.180032, -20.807657499999948 ], [ -41.179970399999945, -20.807309299999918 ], [ -41.179871899999959, -20.807020599999923 ], [ -41.179742399999945, -20.806767899999951 ], [ -41.179813, -20.806429799999933 ], [ -41.179852199999964, -20.806092099999944 ], [ -41.179831699999966, -20.80554219999993 ], [ -41.179801199999929, -20.805169899999957 ], [ -41.179695299999942, -20.804754299999946 ], [ -41.179069699999957, -20.803460499999964 ], [ -41.178936599999922, -20.802971099999983 ], [ -41.177467399999955, -20.800991399999919 ], [ -41.1774966, -20.800516899999931 ], [ -41.177124, -20.79965789999995 ], [ -41.176849099999977, -20.799322699999951 ], [ -41.177071699999949, -20.798523899999957 ], [ -41.177298299999961, -20.797996 ], [ -41.177344499999947, -20.797453499999961 ], [ -41.1770959, -20.796440499999953 ], [ -41.176454499999984, -20.795669699999959 ], [ -41.177035399999966, -20.795349299999927 ], [ -41.176701199999975, -20.784137699999963 ], [ -41.17658019999994, -20.783834299999974 ], [ -41.176337799999949, -20.782922199999977 ], [ -41.176090399999971, -20.781975 ], [ -41.175515399999938, -20.780671299999941 ], [ -41.175374499999982, -20.780303499999945 ], [ -41.175827399999953, -20.77983069999993 ], [ -41.174251799999979, -20.780546899999933 ], [ -41.172676199999955, -20.78197919999997 ], [ -41.171172299999967, -20.783196699999955 ], [ -41.169954799999971, -20.784629 ], [ -41.169717399999968, -20.784727299999926 ], [ -41.167877899999951, -20.785488399999974 ], [ -41.166959899999938, -20.785685099999959 ], [ -41.166875299999958, -20.785703299999966 ], [ -41.166159099999959, -20.785703299999955 ], [ -41.16487, -20.785488399999952 ], [ -41.164461599999981, -20.785268499999976 ], [ -41.163672699999957, -20.78484369999995 ], [ -41.163008, -20.78448579999997 ], [ -41.162363399999947, -20.783268299999978 ], [ -41.160718699999961, -20.781411399999971 ], [ -41.160143299999959, -20.780761699999967 ], [ -41.159355499999947, -20.779615799999934 ], [ -41.159865399999937, -20.779158899999974 ], [ -41.161138799999954, -20.777360099999953 ], [ -41.163105099999932, -20.776707699999985 ], [ -41.164188, -20.775890599999972 ], [ -41.164847399999978, -20.775329899999971 ], [ -41.165893599999954, -20.773810199999946 ], [ -41.167213299999958, -20.770881099999933 ], [ -41.169003699999962, -20.769535299999966 ], [ -41.172361299999984, -20.766849 ], [ -41.173921699999944, -20.765825 ], [ -41.171104199999952, -20.762004599999962 ], [ -41.169504799999963, -20.762584899999982 ], [ -41.168302699999977, -20.762599799999972 ], [ -41.167100599999969, -20.762614599999953 ], [ -41.165325399999972, -20.762041899999932 ], [ -41.162876799999935, -20.762549799999928 ], [ -41.161953399999966, -20.763314599999944 ], [ -41.160420699999975, -20.764413499999929 ], [ -41.159420399999931, -20.765405299999944 ], [ -41.159001599999961, -20.765988099999966 ], [ -41.158377399999949, -20.767150899999937 ], [ -41.157784599999964, -20.768639699999934 ], [ -41.156481699999972, -20.769007599999945 ], [ -41.155765299999985, -20.769317899999979 ], [ -41.154843599999936, -20.770162399999947 ], [ -41.155130099999951, -20.771165 ], [ -41.155065099999945, -20.773441399999967 ], [ -41.155201699999964, -20.77503239999994 ], [ -41.156204299999956, -20.776321499999941 ], [ -41.15674259999998, -20.776629 ], [ -41.156635, -20.777052499999961 ], [ -41.156503, -20.777327 ], [ -41.15633559999997, -20.777570499999968 ], [ -41.156069799999962, -20.777927899999941 ], [ -41.155842799999967, -20.778226599999982 ], [ -41.155640299999959, -20.778551799999942 ], [ -41.155386599999929, -20.779112299999941 ], [ -41.154191199999957, -20.781977599999941 ], [ -41.154026199999976, -20.782368799999972 ], [ -41.153814699999941, -20.782974199999945 ], [ -41.153716399999951, -20.783393399999969 ], [ -41.153665799999942, -20.783799399999957 ], [ -41.153640299999957, -20.784430799999946 ], [ -41.153658399999983, -20.784930899999953 ], [ -41.153721, -20.785468899999955 ], [ -41.153939299999934, -20.78703129999997 ], [ -41.154155799999963, -20.788539599999972 ], [ -41.154380299999964, -20.790065299999977 ], [ -41.154772699999974, -20.792875 ], [ -41.154938399999935, -20.793950099999957 ], [ -41.154611799999948, -20.793765899999968 ], [ -41.153579899999961, -20.79312989999994 ], [ -41.152678, -20.792557599999945 ], [ -41.151897599999984, -20.792239699999968 ], [ -41.151446599999936, -20.792176099999942 ], [ -41.150816499999969, -20.79225119999996 ], [ -41.150255699999946, -20.792470899999955 ], [ -41.149544699999986, -20.792881399999942 ], [ -41.14878159999995, -20.793268699999931 ], [ -41.148411599999974, -20.793598199999959 ], [ -41.148168799999951, -20.794031799999981 ], [ -41.147729399999946, -20.795176399999946 ], [ -41.147365199999967, -20.795656299999955 ], [ -41.146694599999925, -20.796049399999948 ], [ -41.145127899999984, -20.796477199999963 ], [ -41.143202899999949, -20.796656399999961 ], [ -41.142249, -20.796748899999958 ], [ -41.141618799999947, -20.796928099999942 ], [ -41.139312199999956, -20.797795299999965 ], [ -41.137271499999947, -20.798535199999936 ], [ -41.136659, -20.798701399999967 ], [ -41.13698949999997, -20.797563799999974 ], [ -41.136654, -20.795356399999946 ], [ -41.137028499999985, -20.793612 ], [ -41.137115799999947, -20.79320679999995 ], [ -41.136485299999947, -20.793487199999959 ], [ -41.135229099999954, -20.793846 ], [ -41.135058499999957, -20.793695899999925 ], [ -41.132251399999973, -20.794724399999943 ], [ -41.131831899999952, -20.794754299999976 ], [ -41.130927899999968, -20.792050899999932 ], [ -41.130548199999971, -20.791335299999954 ], [ -41.12993809999994, -20.790706 ], [ -41.128208399999956, -20.789 ], [ -41.126759599999964, -20.788059799999928 ], [ -41.126566499999974, -20.787934499999952 ], [ -41.125538799999966, -20.787626399999962 ], [ -41.125147299999981, -20.785903799999971 ], [ -41.124792699999936, -20.784945799999953 ], [ -41.123803, -20.783600799999935 ], [ -41.122795299999957, -20.782848199999936 ], [ -41.120734699999957, -20.781861899999971 ], [ -41.118500499999989, -20.781593399999963 ], [ -41.114726699999949, -20.781936 ], [ -41.111928099999936, -20.780711899999972 ], [ -41.111714899999981, -20.780566699999948 ], [ -41.110789, -20.779936199999948 ], [ -41.109440699999936, -20.779212499999975 ], [ -41.107876599999948, -20.778875799999973 ], [ -41.107331199999983, -20.778932 ], [ -41.106889299999978, -20.778987199999957 ], [ -41.10526809999994, -20.779189699999964 ], [ -41.102785299999937, -20.779911099999936 ], [ -41.099140199999965, -20.780079099999963 ], [ -41.096829699999951, -20.779983899999934 ], [ -41.092471099999962, -20.779790399999964 ], [ -41.090074099999981, -20.779128599999975 ], [ -41.088233499999951, -20.778854799999973 ], [ -41.086506, -20.779172 ], [ -41.083999799999958, -20.780115499999958 ], [ -41.080905399999949, -20.78217669999998 ], [ -41.077822799999986, -20.785101399999974 ], [ -41.077184099999954, -20.785916399999973 ], [ -41.076819499999942, -20.786269199999936 ], [ -41.076421799999942, -20.78627819999997 ], [ -41.074001199999941, -20.78870279999995 ], [ -41.074529299999938, -20.789283299999955 ], [ -41.075845399999935, -20.791712799999967 ], [ -41.076658299999963, -20.79284419999993 ], [ -41.076869899999956, -20.793102499999982 ], [ -41.076658, -20.795855799999963 ], [ -41.076635599999975, -20.796147 ], [ -41.076332, -20.796861399999951 ], [ -41.07620339999994, -20.797164099999986 ], [ -41.075798799999973, -20.798279499999968 ], [ -41.075686499999968, -20.799662799999961 ], [ -41.076098, -20.800965799999968 ], [ -41.076477199999943, -20.801824899999936 ], [ -41.076711599999953, -20.802239699999973 ], [ -41.07682779999994, -20.802477399999916 ], [ -41.076878599999937, -20.802544199999954 ], [ -41.076934399999971, -20.802633799999967 ], [ -41.076792199999943, -20.803015899999931 ], [ -41.07677259999997, -20.803384099999963 ], [ -41.077701599999955, -20.804993599999939 ], [ -41.077769299999943, -20.806103299999958 ], [ -41.078073499999952, -20.80723479999995 ], [ -41.0785638, -20.808536799999953 ], [ -41.079048599999958, -20.809444099999954 ], [ -41.079715799999981, -20.810250399999962 ], [ -41.080215599999974, -20.812243199999966 ], [ -41.079417699999965, -20.813388099999948 ], [ -41.07889119999993, -20.814411299999964 ], [ -41.078576699999985, -20.815224499999943 ], [ -41.078307699999989, -20.816659099999985 ], [ -41.078697799999937, -20.81830779999996 ], [ -41.079745699999933, -20.820072 ], [ -41.0806578, -20.821269199999964 ], [ -41.080857899999963, -20.821531899999968 ], [ -41.08089079999997, -20.8215901 ], [ -41.080975199999962, -20.821685799999962 ], [ -41.081691899999953, -20.822269399999975 ], [ -41.082072599999954, -20.823227199999959 ], [ -41.08261, -20.824133799999966 ], [ -41.082831799999958, -20.824994799999956 ], [ -41.082640199999958, -20.826329699999977 ], [ -41.082700799999941, -20.826921299999981 ], [ -41.082955699999957, -20.828275499999961 ], [ -41.083546699999935, -20.829255399999958 ], [ -41.083053399999983, -20.829656299999957 ], [ -41.082016199999941, -20.830582 ], [ -41.081037899999956, -20.831975799999952 ], [ -41.080452199999968, -20.833290899999938 ], [ -41.080152499999954, -20.834405099999966 ], [ -41.079460099999949, -20.835598 ], [ -41.078888799999959, -20.836098 ], [ -41.078087, -20.836922599999987 ], [ -41.076725299999964, -20.837161299999934 ], [ -41.076099099999965, -20.837440299999969 ], [ -41.074511299999983, -20.838422 ], [ -41.073246099999949, -20.839967399999971 ], [ -41.072500799999951, -20.84113629999996 ], [ -41.071948699999943, -20.842993799999935 ], [ -41.071809499999972, -20.844328199999953 ], [ -41.071927, -20.845239799999952 ], [ -41.072206, -20.846445699999943 ], [ -41.072464899999943, -20.848096 ], [ -41.072845899999948, -20.849078499999958 ], [ -41.073221199999978, -20.849641599999927 ], [ -41.073942399999964, -20.850545899999926 ], [ -41.074686499999984, -20.851203199999929 ], [ -41.075513099999966, -20.852131 ], [ -41.076237399999961, -20.853257399999958 ], [ -41.075607399999974, -20.853265 ], [ -41.074235, -20.852738799999944 ], [ -41.07259739999995, -20.852018199999971 ], [ -41.070988399999969, -20.851672299999958 ], [ -41.068952599999932, -20.849911799999969 ], [ -41.070133899999981, -20.851250499999928 ], [ -41.071315099999943, -20.85298309999996 ], [ -41.072968899999978, -20.855188199999926 ], [ -41.074622699999956, -20.856211899999952 ], [ -41.076310499999984, -20.857229799999956 ], [ -41.077457799999934, -20.858259499999971 ], [ -41.077098699999972, -20.858169099999934 ], [ -41.076721199999952, -20.85825489999996 ], [ -41.076195599999956, -20.85830169999997 ], [ -41.075116399999956, -20.858254899999967 ], [ -41.074760799999979, -20.858178499999941 ], [ -41.074127499999975, -20.858010099999952 ], [ -41.073810899999955, -20.857947699999954 ], [ -41.073274399999946, -20.857740199999963 ], [ -41.07258969999998, -20.857320699999949 ], [ -41.072059399999944, -20.856983799999966 ], [ -41.071742799999988, -20.856862199999959 ], [ -41.071256199999929, -20.856762299999946 ], [ -41.070231499999977, -20.856556499999947 ], [ -41.06977459999996, -20.856427 ], [ -41.068835699999973, -20.856116599999961 ], [ -41.068459799999971, -20.85603709999998 ], [ -41.067043599999977, -20.856019899999961 ], [ -41.06593, -20.856018399999982 ], [ -41.065529199999958, -20.855982499999989 ], [ -41.064510699999964, -20.855718899999939 ], [ -41.06339719999994, -20.855407 ], [ -41.062336599999988, -20.855029599999956 ], [ -41.062087099999985, -20.854929699999957 ], [ -41.061815699999961, -20.854883 ], [ -41.061552099999972, -20.854912599999981 ], [ -41.060837499999927, -20.855102499999933 ], [ -41.060617099999952, -20.855062699999962 ], [ -41.060353499999962, -20.85501279999994 ], [ -41.059614199999949, -20.854743 ], [ -41.05936939999998, -20.854694599999966 ], [ -41.059197799999943, -20.854613499999971 ], [ -41.05898569999993, -20.854474699999969 ], [ -41.058857799999949, -20.854431 ], [ -41.058700299999941, -20.854409199999964 ], [ -41.058486599999988, -20.854423299999951 ], [ -41.058243299999951, -20.854482499999964 ], [ -41.058012499999961, -20.854557399999976 ], [ -41.057886099999962, -20.854588599999936 ], [ -41.057507099999953, -20.855405799999971 ], [ -41.056037599999968, -20.856809299999952 ], [ -41.055959199999968, -20.856826299999952 ], [ -41.055335299999967, -20.857103899999959 ], [ -41.054708399999974, -20.857462599999959 ], [ -41.054362099999935, -20.857621699999985 ], [ -41.054135199999969, -20.857655199999943 ], [ -41.053905899999961, -20.857658399999931 ], [ -41.05338809999995, -20.857560899999964 ], [ -41.053176, -20.857546799999973 ], [ -41.052954499999942, -20.85759129999996 ], [ -41.052732299999946, -20.857702 ], [ -41.052425799999988, -20.857900099999931 ], [ -41.052116199999944, -20.858141799999931 ], [ -41.051749699999959, -20.85850449999997 ], [ -41.051196799999957, -20.859091699999954 ], [ -41.050531599999943, -20.859788099999932 ], [ -41.049864099999979, -20.860496899999927 ], [ -41.049567699999962, -20.860808099999922 ], [ -41.049372799999958, -20.860972599999965 ], [ -41.049158299999931, -20.861110599999954 ], [ -41.04890649999993, -20.861238499999956 ], [ -41.04852429999994, -20.861428 ], [ -41.048306, -20.861560599999958 ], [ -41.047772599999973, -20.861984799999963 ], [ -41.047519899999941, -20.862154799999917 ], [ -41.047236899999973, -20.862313099999927 ], [ -41.046806399999973, -20.862550199999919 ], [ -41.046471799999942, -20.86273969999997 ], [ -41.04590259999997, -20.861549299999975 ], [ -41.045303699999977, -20.861861199999975 ], [ -41.044926199999971, -20.863087099999976 ], [ -41.045047899999929, -20.86356439999998 ], [ -41.045198399999947, -20.86427749999995 ], [ -41.04429609999994, -20.864396799999955 ], [ -41.043689399999948, -20.864399899999963 ], [ -41.04314039999997, -20.86452469999994 ], [ -41.042341899999947, -20.864481 ], [ -41.040791599999977, -20.864337599999946 ], [ -41.040514, -20.864322 ], [ -41.040064799999989, -20.864265799999931 ], [ -41.039487699999938, -20.864250199999955 ], [ -41.038948099999971, -20.86427829999997 ], [ -41.038514499999962, -20.864371899999984 ], [ -41.038233799999944, -20.86450289999993 ], [ -41.038015399999956, -20.864658799999972 ], [ -41.037890699999927, -20.864821 ], [ -41.037818899999934, -20.865058099999946 ], [ -41.037825099999964, -20.86528739999995 ], [ -41.037934299999961, -20.865912 ], [ -41.037967899999956, -20.866174799999953 ], [ -41.037771299999974, -20.866188899999944 ], [ -41.037595099999976, -20.8662715 ], [ -41.037443799999949, -20.866427499999922 ], [ -41.037292499999985, -20.866503899999941 ], [ -41.037089799999933, -20.866569399999939 ], [ -41.036860499999932, -20.866524199999947 ], [ -41.03665, -20.866391599999915 ], [ -41.036500199999978, -20.866266799999952 ], [ -41.036311499999954, -20.866037599999963 ], [ -41.036027699999977, -20.865632099999964 ], [ -41.035890399999978, -20.865507299999926 ], [ -41.035759399999961, -20.865426199999938 ], [ -41.035419399999967, -20.86521719999995 ], [ -41.035135499999967, -20.865075299999944 ], [ -41.034755, -20.864897499999927 ], [ -41.034140499999978, -20.864633899999944 ], [ -41.034001699999976, -20.864568399999936 ], [ -41.033800499999984, -20.864418699999931 ], [ -41.03370069999994, -20.864275199999945 ], [ -41.03359769999998, -20.864038099999956 ], [ -41.033535299999976, -20.863974199999973 ], [ -41.033264, -20.863758899999919 ], [ -41.033090799999968, -20.863674699999926 ], [ -41.032753899999932, -20.863564 ], [ -41.032651, -20.863468799999961 ], [ -41.032582399999967, -20.86336279999994 ], [ -41.032200299999943, -20.863211499999984 ], [ -41.03188369999998, -20.863117899999963 ], [ -41.031692199999952, -20.863050099999956 ], [ -41.031618499999979, -20.86304929999995 ], [ -41.031551799999939, -20.863077699999959 ], [ -41.031493, -20.863119499999982 ], [ -41.03047219999997, -20.864225599999948 ], [ -41.030258499999945, -20.864373799999953 ], [ -41.029817099999939, -20.864518899999961 ], [ -41.029759399999939, -20.864540699999971 ], [ -41.02960969999998, -20.864553199999936 ], [ -41.029441299999981, -20.864523499999965 ], [ -41.028925, -20.864536 ], [ -41.028385399999941, -20.864571899999927 ], [ -41.028032899999971, -20.864543799999979 ], [ -41.027706899999949, -20.864539099999952 ], [ -41.027591499999971, -20.864465799999945 ], [ -41.027535399999984, -20.864375399999965 ], [ -41.02744649999994, -20.864166399999931 ], [ -41.027148599999975, -20.863924599999958 ], [ -41.026983199999961, -20.863611099999968 ], [ -41.026983199999954, -20.863375599999934 ], [ -41.026936499999977, -20.863202499999936 ], [ -41.026735299999984, -20.862923299999967 ], [ -41.026442, -20.862360299999981 ], [ -41.026025599999976, -20.861369899999932 ], [ -41.025625799999951, -20.860938 ], [ -41.025350299999964, -20.860694599999931 ], [ -41.025174099999951, -20.860532399999961 ], [ -41.02501339999997, -20.860242299999985 ], [ -41.024816899999962, -20.859836799999979 ], [ -41.02462509999998, -20.85953579999995 ], [ -41.024475299999949, -20.859209799999981 ], [ -41.024280399999959, -20.858908799999931 ], [ -41.024108799999972, -20.858709199999968 ], [ -41.023767199999959, -20.858500199999966 ], [ -41.023343, -20.858275599999956 ], [ -41.023240599999951, -20.85818839999996 ], [ -41.023170399999977, -20.858198699999946 ], [ -41.023065899999949, -20.85821389999996 ], [ -41.022510599999983, -20.858278599999949 ], [ -41.021667199999975, -20.858366 ], [ -41.02111089999994, -20.858353199999961 ], [ -41.019101499999977, -20.858255499999931 ], [ -41.018246099999949, -20.858207199999985 ], [ -41.017702799999938, -20.85825739999995 ], [ -41.01739409999994, -20.85842179999997 ], [ -41.01715, -20.858760699999948 ], [ -41.016483199999982, -20.859370299999966 ], [ -41.016132199999959, -20.859962099999972 ], [ -41.015844899999927, -20.860988399999943 ], [ -41.016367899999977, -20.862875699999954 ], [ -41.0143, -20.864075299999971 ], [ -41.012387499999932, -20.865259099999943 ], [ -41.011371799999949, -20.865883499999942 ], [ -41.010328799999968, -20.866679199999965 ], [ -41.008903299999936, -20.867435899999954 ], [ -41.007939599999929, -20.868100199999954 ], [ -41.0067466, -20.868912799999979 ], [ -41.006707099999979, -20.868945299999954 ], [ -41.006184899999951, -20.869375 ], [ -41.019544699999983, -20.869366899999935 ], [ -41.023774599999967, -20.869364299999972 ], [ -41.023935299999948, -20.869364199999939 ], [ -41.025541799999985, -20.869363299999975 ], [ -41.039553399999932, -20.869354799999936 ], [ -41.039932799999974, -20.869321 ], [ -41.043436899999961, -20.868576 ], [ -41.045169399999963, -20.868418499999969 ], [ -41.047847, -20.868339799999944 ], [ -41.050918299999978, -20.868418499999972 ], [ -41.053280899999955, -20.867709799999936 ], [ -41.05504719999994, -20.866175899999966 ], [ -41.056273499999975, -20.86511089999993 ], [ -41.060604799999965, -20.862984599999958 ], [ -41.06144089999998, -20.862689499999927 ], [ -41.06194359999995, -20.862512099999936 ], [ -41.066196199999979, -20.862275799999953 ], [ -41.070291399999974, -20.862433399999929 ], [ -41.072338899999984, -20.862827099999951 ], [ -41.074859, -20.862669599999943 ], [ -41.076197799999939, -20.861724599999945 ], [ -41.078669099999964, -20.862087299999921 ], [ -41.079819699999973, -20.861747 ], [ -41.08194089999995, -20.861356599999958 ], [ -41.08319709999995, -20.861191799999972 ], [ -41.083701099999985, -20.861474899999966 ], [ -41.084555299999977, -20.862043 ], [ -41.085871499999939, -20.862641699999923 ], [ -41.087875599999968, -20.862906499999937 ], [ -41.088643899999965, -20.862824799999949 ], [ -41.09021689999998, -20.86251639999994 ], [ -41.09117149999998, -20.861998499999963 ], [ -41.093195, -20.860888899999964 ], [ -41.094583199999931, -20.861125099999981 ], [ -41.095926399999939, -20.860891699999968 ], [ -41.097122099999979, -20.860665099999949 ], [ -41.097218899999973, -20.861142499999968 ], [ -41.097090399999956, -20.861485399999928 ], [ -41.097024899999944, -20.861902199999982 ], [ -41.097007699999956, -20.86237339999996 ], [ -41.096918699999947, -20.862837799999962 ], [ -41.096931799999929, -20.863459899999953 ], [ -41.097187699999949, -20.863897399999932 ], [ -41.098341699999928, -20.864411899999936 ], [ -41.099598599999986, -20.865276799999943 ], [ -41.101886199999967, -20.867218799999939 ], [ -41.102115799999986, -20.867720699999946 ], [ -41.102233199999944, -20.868360799999945 ], [ -41.102030299999967, -20.869069899999943 ], [ -41.101692, -20.869602899999975 ], [ -41.10108009999994, -20.869635799999958 ], [ -41.100323199999934, -20.869559899999956 ], [ -41.099333599999973, -20.869795399999923 ], [ -41.098784399999943, -20.870119699999965 ], [ -41.098625899999945, -20.870747399999974 ], [ -41.098280799999948, -20.871363599999935 ], [ -41.097843399999924, -20.872199199999962 ], [ -41.097526899999934, -20.873289599999961 ], [ -41.097317699999969, -20.874476899999923 ], [ -41.096806, -20.876399699999979 ], [ -41.096469599999985, -20.877734399999948 ], [ -41.095553599999967, -20.881863099999961 ], [ -41.094753, -20.884177299999976 ], [ -41.0935262, -20.886712099999954 ], [ -41.092491499999944, -20.888607399999952 ], [ -41.09151769999994, -20.890205499999972 ], [ -41.09094139999997, -20.892473599999953 ], [ -41.090601599999957, -20.893945199999965 ], [ -41.088740399999956, -20.90030929999995 ], [ -41.087827399999988, -20.902172299999958 ], [ -41.08546309999997, -20.904558199999943 ], [ -41.081441299999938, -20.907702199999964 ], [ -41.080054399999938, -20.911203099999955 ], [ -41.079313899999931, -20.913269499999956 ], [ -41.078393, -20.914752099999927 ], [ -41.073746, -20.90972429999994 ], [ -41.073849, -20.90881909999996 ], [ -41.073678199999961, -20.907591699999958 ], [ -41.073275099999933, -20.906258699999967 ], [ -41.072723, -20.905289099999944 ], [ -41.072096, -20.904465 ], [ -41.071239599999956, -20.903752199999936 ], [ -41.069920599999939, -20.902972699999964 ], [ -41.068564499999987, -20.902302099999929 ], [ -41.0680589, -20.901910499999914 ], [ -41.066892299999957, -20.901020599999981 ], [ -41.065687699999948, -20.900167299999957 ], [ -41.063982499999952, -20.899283899999936 ], [ -41.062668, -20.898829699999961 ], [ -41.061391899999933, -20.898375099999946 ], [ -41.060769499999942, -20.897876299999957 ], [ -41.060065099999981, -20.897017 ], [ -41.059163699999942, -20.896270499999957 ], [ -41.058043299999952, -20.895486499999944 ], [ -41.056411, -20.894657799999948 ], [ -41.056406499999987, -20.894673699999942 ], [ -41.0563888, -20.894734899999943 ], [ -41.056352299999965, -20.894779 ], [ -41.056320599999943, -20.894831699999934 ], [ -41.056321599999933, -20.894910099999944 ], [ -41.056317599999943, -20.894958099999947 ], [ -41.056281399999932, -20.895019599999966 ], [ -41.056231299999979, -20.89509 ], [ -41.0562384, -20.895153799999935 ], [ -41.056241899999975, -20.895185799999979 ], [ -41.056213099999972, -20.895237899999923 ], [ -41.056174, -20.895308699999916 ], [ -41.055976399999963, -20.895782 ], [ -41.055945, -20.895856499999969 ], [ -41.055908699999975, -20.895918 ], [ -41.055872399999956, -20.895979399999934 ], [ -41.055853299999967, -20.896060399999946 ], [ -41.05583739999998, -20.896128099999938 ], [ -41.055702399999973, -20.896434899999974 ], [ -41.055688699999962, -20.896449899999936 ], [ -41.055633899999975, -20.896509899999952 ], [ -41.055644399999949, -20.896601299999933 ], [ -41.055634699999985, -20.896625799999978 ], [ -41.055625099999929, -20.896650299999983 ], [ -41.055389299999945, -20.897249 ], [ -41.05502789999997, -20.898166299999961 ], [ -41.054547699999951, -20.899385599999956 ], [ -41.053800399999943, -20.901192 ], [ -41.053254, -20.902466299999958 ], [ -41.053133499999944, -20.902638799999981 ], [ -41.053076199999971, -20.902720699999971 ], [ -41.053013699999951, -20.902877299999943 ], [ -41.052927, -20.903094599999978 ], [ -41.054062, -20.903642299999944 ], [ -41.054710599999972, -20.903848399999955 ], [ -41.055452299999956, -20.904084199999939 ], [ -41.055813399999977, -20.904180199999939 ], [ -41.055846499999966, -20.904182899999967 ], [ -41.056387399999956, -20.904226099999953 ], [ -41.056957299999972, -20.904383 ], [ -41.057291599999978, -20.904458199999969 ], [ -41.05747039999995, -20.904498299999929 ], [ -41.058264799999968, -20.904626099999959 ], [ -41.058379599999967, -20.904653499999927 ], [ -41.058580599999971, -20.904701499999923 ], [ -41.058803699999942, -20.904740699999927 ], [ -41.059059599999955, -20.904785599999965 ], [ -41.059398, -20.904866 ], [ -41.059803399999964, -20.904913899999929 ], [ -41.060130499999957, -20.904994499999926 ], [ -41.060468399999941, -20.905038 ], [ -41.060845899999954, -20.905096799999967 ], [ -41.060856, -20.905097699999938 ], [ -41.061121599999979, -20.905119899999935 ], [ -41.06153809999995, -20.90515709999994 ], [ -41.061939099999968, -20.90528959999995 ], [ -41.062435599999965, -20.905421 ], [ -41.06252249999995, -20.905464399999971 ], [ -41.062607299999968, -20.905506799999955 ], [ -41.062786499999959, -20.905596299999946 ], [ -41.063155499999944, -20.905739199999974 ], [ -41.063446899999981, -20.905861199999944 ], [ -41.063577899999984, -20.905919599999955 ], [ -41.063805399999985, -20.906008899999961 ], [ -41.063917099999969, -20.906052799999948 ], [ -41.064077299999951, -20.90611539999998 ], [ -41.064244899999949, -20.906180899999981 ], [ -41.064510899999952, -20.906315 ], [ -41.064709199999982, -20.90644019999996 ], [ -41.064749099999972, -20.906465299999983 ], [ -41.065033299999982, -20.906694299999977 ], [ -41.065081, -20.906742 ], [ -41.065346799999922, -20.90700749999996 ], [ -41.065458099999944, -20.907129799999943 ], [ -41.06557509999994, -20.907258299999956 ], [ -41.06582949999995, -20.90753889999997 ], [ -41.066185799999971, -20.907932299999981 ], [ -41.066403499999979, -20.908230799999945 ], [ -41.066521, -20.908387 ], [ -41.066551799999957, -20.908427899999939 ], [ -41.066572099999973, -20.908455 ], [ -41.066592499999949, -20.908482 ], [ -41.066754099999976, -20.908786499999962 ], [ -41.06693759999996, -20.909053599999947 ], [ -41.06717279999998, -20.909494799999941 ], [ -41.06721459999995, -20.909573199999958 ], [ -41.067272099999968, -20.909683199999947 ], [ -41.067419199999968, -20.90996389999998 ], [ -41.067461199999968, -20.910044099999929 ], [ -41.067503199999976, -20.91012439999998 ], [ -41.068041199999989, -20.911353399999932 ], [ -41.068091799999934, -20.911484299999913 ], [ -41.068128299999955, -20.911586 ], [ -41.068224799999939, -20.911911599999936 ], [ -41.068262699999934, -20.912212199999939 ], [ -41.068275299999982, -20.912312499999924 ], [ -41.068279499999967, -20.912429 ], [ -41.068284299999959, -20.912560699999972 ], [ -41.068286099999966, -20.91269269999998 ], [ -41.068287899999973, -20.912824699999923 ], [ -41.068302299999971, -20.913051699999979 ], [ -41.068353299999956, -20.913293499999956 ], [ -41.0684045, -20.913536399999948 ], [ -41.068477, -20.913716499999971 ], [ -41.06854419999997, -20.913883399999971 ], [ -41.068660799999982, -20.914183099999939 ], [ -41.068893399999986, -20.914750699999967 ], [ -41.069022099999984, -20.915113599999923 ], [ -41.069117399999989, -20.915503399999963 ], [ -41.069184, -20.91585119999997 ], [ -41.069262099999946, -20.916214699999955 ], [ -41.069276, -20.91627949999998 ], [ -41.06929, -20.916344299999928 ], [ -41.069317899999923, -20.916473899999971 ], [ -41.069346099999969, -20.916604599999989 ], [ -41.069379199999965, -20.916720599999959 ], [ -41.06938659999998, -20.916746799999942 ], [ -41.06944649999997, -20.916957299999979 ], [ -41.069497799999972, -20.917054699999934 ], [ -41.069579299999923, -20.917209299999961 ], [ -41.06963, -20.917266899999962 ], [ -41.069645399999949, -20.917284399999975 ], [ -41.069790599999983, -20.91744969999996 ], [ -41.069814399999984, -20.91748659999995 ], [ -41.072252899999974, -20.915449199999948 ], [ -41.074537199999952, -20.917964299999941 ], [ -41.074897399999941, -20.91835529999997 ], [ -41.075114299999939, -20.918246099999966 ], [ -41.075654199999974, -20.917848599999967 ], [ -41.075829499999948, -20.91768 ], [ -41.075936099999986, -20.917556199999979 ], [ -41.076464599999952, -20.9169424 ], [ -41.077018799999962, -20.917063499999927 ], [ -41.077296399999973, -20.917124099999963 ], [ -41.077357199999945, -20.917299599999978 ], [ -41.077364199999984, -20.91730559999997 ], [ -41.0775048, -20.917427 ], [ -41.077554699999943, -20.917720099999944 ], [ -41.077503199999967, -20.917972199999944 ], [ -41.077623, -20.918142399999979 ], [ -41.07772789999995, -20.918238299999924 ], [ -41.077765799999952, -20.918272899999973 ], [ -41.077797699999962, -20.918289299999973 ], [ -41.077863299999933, -20.918322899999968 ], [ -41.077905599999958, -20.91830009999995 ], [ -41.078002099999935, -20.918248199999933 ], [ -41.078194499999938, -20.918261 ], [ -41.078308699999972, -20.918285299999987 ], [ -41.078338899999942, -20.918291699999948 ], [ -41.078401399999962, -20.918305 ], [ -41.078453899999936, -20.918314199999934 ], [ -41.078613699999948, -20.918342199999923 ], [ -41.078728099999985, -20.918428699999936 ], [ -41.078754299999957, -20.918448499999954 ], [ -41.078859199999954, -20.918595 ], [ -41.078866699999935, -20.91862539999995 ], [ -41.078904, -20.918776299999934 ], [ -41.078998399999939, -20.919042299999944 ], [ -41.079071799999952, -20.919210299999971 ], [ -41.079104599999937, -20.919285499999948 ], [ -41.079210899999957, -20.919534299999956 ], [ -41.079340699999932, -20.919731599999974 ], [ -41.079463899999951, -20.919895 ], [ -41.079574299999933, -20.920001599999985 ], [ -41.079703299999956, -20.920142099999957 ], [ -41.079760199999946, -20.920209599999975 ], [ -41.079807799999976, -20.920265899999947 ], [ -41.079936699999962, -20.920400799999982 ], [ -41.080078399999934, -20.920586599999982 ], [ -41.080195499999952, -20.920738699999962 ], [ -41.080258899999933, -20.920948199999955 ], [ -41.08025559999993, -20.921152899999978 ], [ -41.080209399999944, -20.921312599999965 ], [ -41.080160299999932, -20.921436099999937 ], [ -41.080086699999981, -20.921621 ], [ -41.079745899999978, -20.922352699999973 ], [ -41.07971079999993, -20.922436299999951 ], [ -41.079675699999939, -20.922519799999964 ], [ -41.079441299999985, -20.923078299999933 ], [ -41.078825599999966, -20.924495499999981 ], [ -41.078775, -20.92470859999997 ], [ -41.078692899999972, -20.924874899999974 ], [ -41.07868, -20.924900799999936 ], [ -41.078674899999953, -20.924922199999973 ], [ -41.078657099999937, -20.924997799999975 ], [ -41.078616899999929, -20.925151699999955 ], [ -41.078604699999971, -20.925310299999978 ], [ -41.078596399999988, -20.925419099999939 ], [ -41.0786, -20.925680499999938 ], [ -41.078669899999966, -20.925924099999975 ], [ -41.078788499999973, -20.926189799999985 ], [ -41.078872399999966, -20.926342499999972 ], [ -41.078937399999973, -20.92646079999998 ], [ -41.079001, -20.926551399999937 ], [ -41.079031899999968, -20.926595399999936 ], [ -41.079091699999935, -20.926680599999944 ], [ -41.079114799999957, -20.926714699999945 ], [ -41.079252299999951, -20.926917399999972 ], [ -41.079326599999945, -20.927071 ], [ -41.079364399999974, -20.927149099999966 ], [ -41.07945779999995, -20.927341199999947 ], [ -41.079539799999971, -20.927584599999939 ], [ -41.079545099999962, -20.927675699999938 ], [ -41.079547699999978, -20.927721 ], [ -41.079640599999955, -20.929624 ], [ -41.079613699999982, -20.929868699999918 ], [ -41.079574499999978, -20.930096599999953 ], [ -41.0795366, -20.930421 ], [ -41.079500399999972, -20.930730499999978 ], [ -41.079493299999967, -20.930791 ], [ -41.079489199999962, -20.930846099999929 ], [ -41.079467799999975, -20.931132399999974 ], [ -41.079465699999957, -20.93134 ], [ -41.079465299999981, -20.931388199999962 ], [ -41.079488, -20.931723299999941 ], [ -41.079527, -20.931916099999967 ], [ -41.079531199999956, -20.9319604 ], [ -41.079548299999949, -20.932143199999924 ], [ -41.07954419999993, -20.932285299999929 ], [ -41.079532399999948, -20.93232 ], [ -41.079520899999977, -20.932353799999937 ], [ -41.079521899999982, -20.932422 ], [ -41.079541199999937, -20.932507099999956 ], [ -41.079603299999974, -20.93262 ], [ -41.079616699999974, -20.932716399999943 ], [ -41.079683199999977, -20.932905499999944 ], [ -41.079701399999983, -20.933033899999938 ], [ -41.079730399999953, -20.933151899999935 ], [ -41.079776, -20.933251899999952 ], [ -41.079798099999948, -20.933300199999962 ], [ -41.079867899999954, -20.933597699999947 ], [ -41.079915899999946, -20.933703299999934 ], [ -41.079986499999954, -20.933858599999947 ], [ -41.080060399999979, -20.934053199999923 ], [ -41.080164399999937, -20.934261499999941 ], [ -41.080249499999972, -20.934383599999933 ], [ -41.080261399999983, -20.934400699999966 ], [ -41.080294, -20.934447499999973 ], [ -41.080329699999936, -20.934491499999979 ], [ -41.080417099999984, -20.934599499999926 ], [ -41.080477499999972, -20.93474939999993 ], [ -41.080483899999933, -20.934765299999977 ], [ -41.080492299999953, -20.934786199999973 ], [ -41.080529299999974, -20.934846399999962 ], [ -41.080609899999956, -20.934978 ], [ -41.080628499999932, -20.935028099999958 ], [ -41.080697899999969, -20.935215599999925 ], [ -41.080863899999947, -20.935406899999968 ], [ -41.081110499999973, -20.935739199999947 ], [ -41.081152699999961, -20.935798099999936 ], [ -41.081168299999952, -20.935819799999933 ], [ -41.081332599999946, -20.936049099999927 ], [ -41.081520699999942, -20.936229399999956 ], [ -41.081708699999972, -20.936409799999989 ], [ -41.0817954, -20.936492899999955 ], [ -41.081952399999977, -20.936643399999969 ], [ -41.082091499999933, -20.936801199999923 ], [ -41.082086699999941, -20.937095499999934 ], [ -41.082212399999946, -20.937215699999957 ], [ -41.082234399999948, -20.937236699999971 ], [ -41.082254299999931, -20.937284499999976 ], [ -41.082303599999932, -20.937402899999938 ], [ -41.082330399999933, -20.937449399999927 ], [ -41.082443, -20.937645099999941 ], [ -41.082525499999974, -20.937800899999949 ], [ -41.082578799999972, -20.93792939999997 ], [ -41.082583, -20.93793949999997 ], [ -41.082651899999981, -20.938002599999948 ], [ -41.082763499999942, -20.938024399999964 ], [ -41.082874699999934, -20.938023099999963 ], [ -41.082953099999941, -20.937978799999939 ], [ -41.083008699999937, -20.937967599999979 ], [ -41.083105599999953, -20.937976899999956 ], [ -41.083174199999974, -20.938016299999962 ], [ -41.083206799999964, -20.938035099999976 ], [ -41.083294899999942, -20.938164699999962 ], [ -41.08338949999996, -20.938336799999941 ], [ -41.083454299999978, -20.938402099999955 ], [ -41.083478499999956, -20.938426399999962 ], [ -41.083703499999956, -20.938461599999982 ], [ -41.08385, -20.938549599999941 ], [ -41.08389109999996, -20.938568299999925 ], [ -41.083924299999985, -20.938588899999942 ], [ -41.083984899999962, -20.938626599999964 ], [ -41.084041899999932, -20.938709699999947 ], [ -41.084055399999954, -20.938748 ], [ -41.084069, -20.938786299999943 ], [ -41.084044, -20.93886 ], [ -41.084003799999955, -20.938912899999938 ], [ -41.083934699999929, -20.939029 ], [ -41.08390959999997, -20.939092199999955 ], [ -41.083914, -20.939112599999941 ], [ -41.083925399999941, -20.939165399999979 ], [ -41.083926499999961, -20.939242299999936 ], [ -41.083979399999983, -20.939297599999968 ], [ -41.084021199999938, -20.939313799999972 ], [ -41.084033699999971, -20.939318599999972 ], [ -41.084057899999948, -20.939328 ], [ -41.084098899999958, -20.939334499999966 ], [ -41.084119599999951, -20.93937829999993 ], [ -41.0841334, -20.939407499999959 ], [ -41.08415279999997, -20.93947019999997 ], [ -41.084172299999977, -20.93952929999995 ], [ -41.084187599999957, -20.939559199999966 ], [ -41.084199, -20.939581399999955 ], [ -41.084218, -20.939598799999946 ], [ -41.084244199999944, -20.939622799999949 ], [ -41.084285499999964, -20.939646699999965 ], [ -41.084334199999944, -20.939674099999923 ], [ -41.084375299999984, -20.939684099999969 ], [ -41.084406899999976, -20.939683699999925 ], [ -41.084438499999969, -20.939683299999949 ], [ -41.084516699999945, -20.939692799999928 ], [ -41.084532199999956, -20.93969519999996 ], [ -41.084554399999952, -20.939698599999925 ], [ -41.084580099999989, -20.939702499999949 ], [ -41.084632799999952, -20.939747299999958 ], [ -41.084772799999939, -20.939920299999979 ], [ -41.084786, -20.939929899999974 ], [ -41.084815099999965, -20.939950899999921 ], [ -41.084844199999971, -20.939971899999932 ], [ -41.084978699999965, -20.940015699999936 ], [ -41.085075799999977, -20.94010679999996 ], [ -41.085125699999942, -20.940153599999963 ], [ -41.085209399999947, -20.940288899999924 ], [ -41.085231, -20.94032719999996 ], [ -41.085235799999971, -20.940335499999943 ], [ -41.085274199999958, -20.940403399999969 ], [ -41.085364, -20.940516099999972 ], [ -41.085400499999935, -20.940561799999962 ], [ -41.085437, -20.940607599999957 ], [ -41.085468199999987, -20.940664499999976 ], [ -41.085501799999975, -20.940725599999944 ], [ -41.085515699999974, -20.940741399999979 ], [ -41.085547199999951, -20.94077749999996 ], [ -41.085572599999978, -20.940797399999948 ], [ -41.085599799999962, -20.940818699999962 ], [ -41.085641599999981, -20.940838599999942 ], [ -41.08568589999993, -20.94085959999996 ], [ -41.085738299999946, -20.940876499999955 ], [ -41.085790499999973, -20.940886299999928 ], [ -41.085833199999968, -20.94088579999994 ], [ -41.085876, -20.94088529999993 ], [ -41.085972699999949, -20.940884099999952 ], [ -41.085989499999982, -20.940870699999952 ], [ -41.086035199999969, -20.940834399999968 ], [ -41.08614259999996, -20.940798099999935 ], [ -41.086183399999982, -20.940787199999932 ], [ -41.086280199999976, -20.940796499999976 ], [ -41.086645499999975, -20.940562099999958 ], [ -41.086939599999944, -20.940332 ], [ -41.087010599999985, -20.940168799999974 ], [ -41.087180199999978, -20.940007099999949 ], [ -41.087548499999976, -20.939759299999931 ], [ -41.087930699999959, -20.939767399999941 ], [ -41.088081399999972, -20.93982979999992 ], [ -41.08846479999994, -20.939863699999933 ], [ -41.088623199999965, -20.939855 ], [ -41.089349699999957, -20.939570199999931 ], [ -41.089704199999986, -20.93948869999997 ], [ -41.090225, -20.939572299999949 ], [ -41.090775, -20.939781699999962 ], [ -41.091117599999968, -20.93994139999996 ], [ -41.090892799999949, -20.938907099999934 ], [ -41.08873629999993, -20.935915599999927 ], [ -41.088203199999953, -20.935205299999947 ], [ -41.087447899999979, -20.934197199999979 ], [ -41.086334899999947, -20.932544799999963 ], [ -41.085166199999939, -20.930722199999938 ], [ -41.086017799999972, -20.925029799999944 ], [ -41.086316699999948, -20.921420199999933 ], [ -41.086741, -20.918498499999945 ], [ -41.086728299999947, -20.917580499999925 ], [ -41.087142599999936, -20.916146499999964 ], [ -41.087514, -20.914943799999953 ], [ -41.087699, -20.91429039999996 ], [ -41.088195599999942, -20.910117 ], [ -41.089043599999968, -20.909299199999968 ], [ -41.090024299999989, -20.908063099999936 ], [ -41.091733199999965, -20.907365 ], [ -41.093023399999936, -20.906463599999935 ], [ -41.093241199999966, -20.906174399999944 ], [ -41.093733499999985, -20.905699599999942 ], [ -41.094519499999933, -20.904413699999964 ], [ -41.095215399999979, -20.902634 ], [ -41.095612699999961, -20.901300799999941 ], [ -41.095952299999965, -20.899812 ], [ -41.09687919999994, -20.896701199999928 ], [ -41.097059799999954, -20.895735299999952 ], [ -41.097132, -20.894953099999956 ], [ -41.097119699999944, -20.894067599999975 ], [ -41.097498599999945, -20.893070599999927 ], [ -41.098248599999977, -20.893470399999945 ], [ -41.098691699999961, -20.892694299999967 ], [ -41.099012799999961, -20.892130599999977 ], [ -41.099382699999978, -20.892358299999945 ], [ -41.099578299999969, -20.892404699999922 ], [ -41.099987799999958, -20.89249749999993 ], [ -41.100278299999964, -20.892626599999979 ], [ -41.10062719999997, -20.892876699999935 ], [ -41.10091569999998, -20.893205499999961 ], [ -41.101186, -20.893655299999981 ], [ -41.100970099999984, -20.894006299999933 ], [ -41.101240399999938, -20.894316899999975 ], [ -41.101526899999953, -20.894351199999949 ], [ -41.102027099999923, -20.894189899999951 ], [ -41.102519299999983, -20.894532799999983 ], [ -41.102926699999962, -20.894760699999949 ], [ -41.103099699999973, -20.894534799999974 ], [ -41.103094699999986, -20.894461699999965 ], [ -41.10305429999994, -20.894272099999963 ], [ -41.103018, -20.894080399999957 ], [ -41.103028, -20.893921099999936 ], [ -41.103085599999936, -20.893828299999935 ], [ -41.103193499999968, -20.893757699999977 ], [ -41.103535399999942, -20.893654799999982 ], [ -41.103736099999935, -20.893570099999984 ], [ -41.103919699999949, -20.893441 ], [ -41.104155699999986, -20.893237299999949 ], [ -41.10448649999995, -20.892724899999958 ], [ -41.104700299999941, -20.892464699999941 ], [ -41.104785, -20.892295299999944 ], [ -41.104819299999981, -20.892099599999934 ], [ -41.104750699999954, -20.891754699999979 ], [ -41.104787, -20.891385599999971 ], [ -41.104744699999969, -20.891042699999961 ], [ -41.104672099999959, -20.890556499999942 ], [ -41.104702299999985, -20.890375 ], [ -41.104746699999964, -20.89020359999995 ], [ -41.104908099999932, -20.889800099999952 ], [ -41.105210599999964, -20.889503599999962 ], [ -41.10562009999996, -20.889178899999933 ], [ -41.105747199999939, -20.889057799999939 ], [ -41.105854099999931, -20.88885809999995 ], [ -41.105864199999985, -20.888563599999937 ], [ -41.105965, -20.888380099999956 ], [ -41.106011399999943, -20.888214699999935 ], [ -41.105997299999956, -20.888091599999935 ], [ -41.105865, -20.887898699999944 ], [ -41.105700299999967, -20.887684699999976 ], [ -41.105644799999936, -20.887582799999961 ], [ -41.105614, -20.887410399999954 ], [ -41.10565419999994, -20.887258799999927 ], [ -41.105674099999938, -20.887208099999945 ], [ -41.105819299999943, -20.887450199999925 ], [ -41.105983699999967, -20.887621599999935 ], [ -41.106192499999963, -20.887762799999948 ], [ -41.106354799999963, -20.887805199999949 ], [ -41.10651009999998, -20.887806199999936 ], [ -41.106971099999953, -20.887719499999946 ], [ -41.107197, -20.887671099999974 ], [ -41.107383599999935, -20.887654899999973 ], [ -41.107583299999931, -20.887668 ], [ -41.107742599999938, -20.887725499999934 ], [ -41.107846499999937, -20.887817299999934 ], [ -41.1079453, -20.888060399999976 ], [ -41.108032099999946, -20.88822069999998 ], [ -41.10825489999997, -20.888417399999977 ], [ -41.1085303, -20.888614099999923 ], [ -41.108639199999963, -20.888641299999954 ], [ -41.108820699999967, -20.888622099999971 ], [ -41.109086, -20.88849 ], [ -41.109288699999979, -20.888410299999979 ], [ -41.109418799999958, -20.888332699999982 ], [ -41.109621499999946, -20.888165299999962 ], [ -41.109860599999941, -20.887993799999936 ], [ -41.110072399999986, -20.887911099999933 ], [ -41.110336599999989, -20.887849599999974 ], [ -41.111431899999964, -20.88795749999997 ], [ -41.111735499999959, -20.887940299999965 ], [ -41.11203, -20.887894 ], [ -41.112369899999976, -20.887809199999943 ], [ -41.113173699999948, -20.887544 ], [ -41.113269499999944, -20.887520799999955 ], [ -41.113397599999985, -20.887544 ], [ -41.113886699999966, -20.887693299999963 ], [ -41.113995699999975, -20.88772049999994 ], [ -41.114082399999972, -20.887680099999962 ], [ -41.114171099999965, -20.887563099999966 ], [ -41.114235699999938, -20.887415899999958 ], [ -41.1142579, -20.887333199999933 ], [ -41.114280099999974, -20.887204099999966 ], [ -41.114277, -20.887089099999976 ], [ -41.11417009999996, -20.88683089999995 ], [ -41.114168099999972, -20.886744199999956 ], [ -41.114200399999959, -20.886673599999948 ], [ -41.114278099999979, -20.886641299999958 ], [ -41.11437489999998, -20.886653399999947 ], [ -41.1145332, -20.886688699999965 ], [ -41.115448, -20.886843 ], [ -41.115621399999952, -20.886852099999931 ], [ -41.115763699999945, -20.886881399999943 ], [ -41.115922, -20.886962 ], [ -41.116281, -20.88708709999997 ], [ -41.1163597, -20.88714259999994 ], [ -41.116418199999941, -20.887243399999928 ], [ -41.116405099999959, -20.887380599999972 ], [ -41.116325399999937, -20.887506699999953 ], [ -41.116309299999955, -20.887731599999935 ], [ -41.116346599999929, -20.887850599999975 ], [ -41.116421199999934, -20.887886899999952 ], [ -41.116534199999933, -20.887884899999964 ], [ -41.117054599999967, -20.887677099999966 ], [ -41.11734609999997, -20.887507699999958 ], [ -41.117681899999987, -20.88734079999994 ], [ -41.117897299999989, -20.88720259999997 ], [ -41.118118099999947, -20.887113799999945 ], [ -41.118343, -20.887011 ], [ -41.118562899999979, -20.886882899999929 ], [ -41.118838199999971, -20.886690199999986 ], [ -41.119072199999948, -20.886528899999981 ], [ -41.119381899999958, -20.886368499999946 ], [ -41.120030399999969, -20.886016499999986 ], [ -41.120314799999967, -20.885861199999965 ], [ -41.120528599999943, -20.885736099999974 ], [ -41.120863399999962, -20.885713 ], [ -41.121084299999957, -20.885647399999986 ], [ -41.121265799999946, -20.885597 ], [ -41.121455399999952, -20.885571799999983 ], [ -41.121683399999938, -20.885597 ], [ -41.12193149999996, -20.885645399999934 ], [ -41.122183599999971, -20.885733099999978 ], [ -41.122279399999961, -20.885812799999936 ], [ -41.122371199999968, -20.8859409 ], [ -41.122602199999967, -20.885792599999945 ], [ -41.122818, -20.885714 ], [ -41.1229259, -20.885651399999986 ], [ -41.123085299999964, -20.885528399999945 ], [ -41.123289, -20.885385199999966 ], [ -41.123486699999937, -20.885307499999957 ], [ -41.123676299999943, -20.885219799999959 ], [ -41.123855799999944, -20.88508979999995 ], [ -41.124049499999956, -20.8848819 ], [ -41.124264299999936, -20.884733599999951 ], [ -41.124461799999956, -20.884629699999945 ], [ -41.124557799999941, -20.884599499999972 ], [ -41.124679799999967, -20.884531899999946 ], [ -41.124785099999947, -20.884404899999943 ], [ -41.124863399999981, -20.884263699999963 ], [ -41.124951099999976, -20.884161799999966 ], [ -41.125059, -20.88409119999994 ], [ -41.125193199999956, -20.884053899999966 ], [ -41.12529, -20.884071 ], [ -41.125362599999967, -20.884130499999962 ], [ -41.125406, -20.884209199999926 ], [ -41.125418099999933, -20.884306 ], [ -41.125354699999946, -20.884517399999936 ], [ -41.125305099999935, -20.884771 ], [ -41.125269799999963, -20.884945399999943 ], [ -41.12527179999995, -20.885052299999916 ], [ -41.125324299999932, -20.885122899999931 ], [ -41.125397899999946, -20.885121899999938 ], [ -41.125478599999951, -20.885056399999939 ], [ -41.125604599999974, -20.884889 ], [ -41.125721599999963, -20.8847972 ], [ -41.125866299999984, -20.884776599999956 ], [ -41.126281899999981, -20.884767399999927 ], [ -41.126534, -20.884733099999945 ], [ -41.126638899999932, -20.884646399999944 ], [ -41.126733499999943, -20.884339799999971 ], [ -41.126889, -20.884027099999958 ], [ -41.12708669999995, -20.883654 ], [ -41.12713309999998, -20.88339179999997 ], [ -41.127195599999943, -20.883129499999949 ], [ -41.127288399999941, -20.882925799999949 ], [ -41.127403399999935, -20.882609099999968 ], [ -41.127476, -20.882482 ], [ -41.127635399999981, -20.882338799999953 ], [ -41.1277846, -20.882270199999933 ], [ -41.127964199999951, -20.882248099999966 ], [ -41.128213899999935, -20.882248 ], [ -41.128313599999956, -20.882230399999962 ], [ -41.12848709999998, -20.882173899999948 ], [ -41.128680699999961, -20.882046799999948 ], [ -41.129919899999948, -20.881517 ], [ -41.139928199999929, -20.877187599999949 ], [ -41.151855799999971, -20.869587599999925 ], [ -41.152595899999945, -20.868604 ], [ -41.152689399999929, -20.868168899999944 ], [ -41.152704, -20.86796169999997 ], [ -41.152660499999968, -20.867679799999948 ], [ -41.152562, -20.867289499999973 ], [ -41.152524299999982, -20.867091699999939 ], [ -41.152507, -20.866893 ], [ -41.152527799999973, -20.866700799999933 ], [ -41.152573799999978, -20.866472199999976 ], [ -41.152879399999975, -20.865621699999963 ], [ -41.153066699999954, -20.864909699999945 ], [ -41.152915499999942, -20.864509199999944 ], [ -41.152802399999985, -20.86425039999995 ], [ -41.152711099999969, -20.864018199999983 ], [ -41.152655899999957, -20.863748899999965 ], [ -41.152601199999935, -20.863374099999927 ], [ -41.152570399999945, -20.863224399999989 ], [ -41.15245909999993, -20.862964499999979 ], [ -41.152253699999953, -20.862638299999958 ], [ -41.151817599999966, -20.862059299999935 ], [ -41.151565699999935, -20.861634 ], [ -41.151191499999989, -20.860924 ], [ -41.151111899999933, -20.86078079999994 ], [ -41.150999099999986, -20.860629199999948 ], [ -41.150936, -20.860546599999964 ], [ -41.151809299999968, -20.860981 ], [ -41.153464299999939, -20.861510599999985 ], [ -41.155273799999982, -20.861422299999958 ], [ -41.156664099999944, -20.861356099999959 ], [ -41.158098399999972, -20.861047199999973 ], [ -41.15960519999993, -20.860658199999943 ], [ -41.159820299999978, -20.860544699999934 ], [ -41.160584099999944, -20.860141599999956 ], [ -41.16120669999998, -20.85981309999994 ], [ -41.161616799999933, -20.859596699999948 ], [ -41.162316099999941, -20.859227699999963 ], [ -41.163188199999979, -20.858767499999939 ], [ -41.163984599999942, -20.858347199999979 ], [ -41.164154899999964, -20.858211699999977 ], [ -41.164452899999958, -20.85796659999993 ], [ -41.165073199999938, -20.857456499999959 ], [ -41.165469199999968, -20.857130799999929 ], [ -41.166033099999943, -20.856667099999978 ], [ -41.1665809, -20.856216499999967 ], [ -41.167018599999949, -20.855856499999955 ], [ -41.167809, -20.855129099999935 ], [ -41.169422299999958, -20.85275879999994 ], [ -41.170142899999981, -20.850982699999967 ], [ -41.170386, -20.849964299999947 ], [ -41.170488, -20.848533 ], [ -41.170704, -20.84860249999997 ], [ -41.170896599999935, -20.848653 ], [ -41.171061699999939, -20.848671499999963 ], [ -41.181309499999948, -20.849230699999968 ], [ -41.182161699999938, -20.852447399999956 ], [ -41.183106299999956, -20.854773699999964 ], [ -41.183815099999947, -20.857761699999969 ], [ -41.18431389999995, -20.858628199999941 ], [ -41.185217499999965, -20.860246799999967 ], [ -41.18737109999995, -20.863477199999977 ], [ -41.187730799999947, -20.864430299999974 ], [ -41.188556499999947, -20.865803 ], [ -41.189662099999964, -20.867139099999964 ], [ -41.190336799999955, -20.86775619999997 ], [ -41.193564499999987, -20.870448399999919 ], [ -41.194421599999949, -20.871557199999923 ], [ -41.200192199999954, -20.868387199999969 ], [ -41.204377399999942, -20.86615149999994 ], [ -41.202808099999977, -20.863778499999952 ] ] ], [ [ [ -41.066834699999966, -20.777309699999932 ], [ -41.066543899999949, -20.777084499999944 ], [ -41.065744499999937, -20.776465299999916 ], [ -41.065275399999955, -20.776815699999929 ], [ -41.064939899999956, -20.776978299999936 ], [ -41.064917099999946, -20.776994 ], [ -41.06624859999993, -20.778034099999946 ], [ -41.065887099999948, -20.77833279999993 ], [ -41.066114299999981, -20.778663099999971 ], [ -41.066553099999965, -20.77905509999993 ], [ -41.066322199999945, -20.779284599999968 ], [ -41.0694764, -20.781734699999951 ], [ -41.070399499999958, -20.78065329999998 ], [ -41.069238799999944, -20.779755499999965 ], [ -41.069534399999959, -20.779390899999946 ], [ -41.06837349999995, -20.778504499999947 ], [ -41.068301399999946, -20.77825589999998 ], [ -41.068597199999942, -20.777957099999981 ], [ -41.069092399999931, -20.777344299999989 ], [ -41.069630099999983, -20.776414199999962 ], [ -41.069788099999975, -20.775498 ], [ -41.070187699999963, -20.775236699999937 ], [ -41.070196099999976, -20.774878899999969 ], [ -41.070100699999955, -20.774685399999953 ], [ -41.069925699999949, -20.774564299999952 ], [ -41.069615, -20.77400309999997 ], [ -41.069956199999979, -20.774027599999958 ], [ -41.070551199999954, -20.774023 ], [ -41.070851499999947, -20.773647599999943 ], [ -41.070710499999961, -20.773404399999947 ], [ -41.070292799999947, -20.772847499999962 ], [ -41.069922499999961, -20.773008899999986 ], [ -41.069666899999959, -20.773096599999974 ], [ -41.06944789999995, -20.77305089999993 ], [ -41.0686, -20.771766299999967 ], [ -41.068451399999958, -20.771541099999983 ], [ -41.067915199999959, -20.770630399999956 ], [ -41.067748699999989, -20.770320899999945 ], [ -41.067686599999945, -20.769891199999961 ], [ -41.067840199999985, -20.769165599999944 ], [ -41.067786499999954, -20.769131299999973 ], [ -41.067746899999982, -20.768844 ], [ -41.067681199999988, -20.768736099999952 ], [ -41.06761639999997, -20.768612499999964 ], [ -41.067435399999965, -20.768578299999945 ], [ -41.067332399999941, -20.768583299999939 ], [ -41.067499899999966, -20.767598599999928 ], [ -41.066877199999965, -20.767555599999984 ], [ -41.066457499999956, -20.76855049999995 ], [ -41.066096799999968, -20.769493199999935 ], [ -41.06595, -20.769792499999941 ], [ -41.065066399999985, -20.768935 ], [ -41.064728499999944, -20.768625199999967 ], [ -41.064539, -20.768450599999937 ], [ -41.064370699999984, -20.76832659999997 ], [ -41.064226799999972, -20.768245299999933 ], [ -41.064021, -20.768152 ], [ -41.063628599999966, -20.767977199999972 ], [ -41.062556399999941, -20.767461 ], [ -41.062308499999972, -20.767337099999963 ], [ -41.062231399999973, -20.767300599999945 ], [ -41.062655, -20.76647759999997 ], [ -41.061654699999963, -20.765632 ], [ -41.061544199999958, -20.765053599999934 ], [ -41.061994099999943, -20.76414229999995 ], [ -41.061296399999954, -20.763571 ], [ -41.060138599999966, -20.762727299999924 ], [ -41.057881299999963, -20.761039199999964 ], [ -41.056791499999981, -20.760218899999927 ], [ -41.055893499999961, -20.759680299999964 ], [ -41.055074399999967, -20.759895499999963 ], [ -41.055116199999937, -20.760754 ], [ -41.055113699999936, -20.76086169999996 ], [ -41.055108399999938, -20.761096599999963 ], [ -41.055191399999963, -20.761542499999962 ], [ -41.055329799999988, -20.762344899999956 ], [ -41.055435599999953, -20.762505799999925 ], [ -41.056463299999962, -20.7634839 ], [ -41.05659419999995, -20.763663499999957 ], [ -41.056136399999964, -20.763995099999931 ], [ -41.054830099999947, -20.764863 ], [ -41.054868299999953, -20.764909 ], [ -41.054926199999954, -20.765010199999949 ], [ -41.054991099999938, -20.76515639999997 ], [ -41.055146399999948, -20.765502699999953 ], [ -41.054776499999946, -20.765992199999967 ], [ -41.053072799999946, -20.76746779999997 ], [ -41.052846799999941, -20.767302799999971 ], [ -41.052334099999939, -20.766937 ], [ -41.052198799999985, -20.766839099999981 ], [ -41.052165399999978, -20.767014199999942 ], [ -41.05220379999998, -20.767513199999925 ], [ -41.052231399999989, -20.767713599999972 ], [ -41.052135499999963, -20.768222099999939 ], [ -41.052177299999983, -20.768463099999952 ], [ -41.052307799999937, -20.768618599999961 ], [ -41.052528399999964, -20.768785 ], [ -41.05277509999997, -20.768987399999958 ], [ -41.052931599999965, -20.769166699999971 ], [ -41.053100799999982, -20.769333799999966 ], [ -41.053230499999984, -20.769428899999973 ], [ -41.053155499999946, -20.769574699999961 ], [ -41.052915899999959, -20.769903699999929 ], [ -41.053304399999952, -20.770140599999937 ], [ -41.0537437, -20.770340699999966 ], [ -41.054428, -20.770610299999937 ], [ -41.054673399999956, -20.770716099999962 ], [ -41.055126799999975, -20.76988579999994 ], [ -41.055277199999985, -20.769728599999954 ], [ -41.055432099999969, -20.769515899999934 ], [ -41.055590499999937, -20.769296399999977 ], [ -41.055771399999969, -20.769429199999934 ], [ -41.056002099999944, -20.76959759999994 ], [ -41.056295299999938, -20.769813499999948 ], [ -41.058310899999988, -20.769054 ], [ -41.059319399999936, -20.768722299999979 ], [ -41.059385199999952, -20.768812 ], [ -41.059603899999964, -20.769094 ], [ -41.060231099999953, -20.768694699999955 ], [ -41.061959599999973, -20.76902629999995 ], [ -41.061853299999946, -20.767960699999939 ], [ -41.061952499999961, -20.767821199999961 ], [ -41.061991899999953, -20.76776579999995 ], [ -41.063517199999978, -20.768496299999981 ], [ -41.0633036, -20.76884919999997 ], [ -41.064045499999956, -20.769577 ], [ -41.064918399999954, -20.770496499999979 ], [ -41.065530799999976, -20.771141399999973 ], [ -41.065346599999941, -20.771759599999946 ], [ -41.065323199999966, -20.771929 ], [ -41.065367899999956, -20.772387399999964 ], [ -41.065743199999936, -20.77354239999994 ], [ -41.066319799999981, -20.774077599999938 ], [ -41.066709499999952, -20.774116899999971 ], [ -41.067021899999929, -20.7741397 ], [ -41.067402, -20.774161499999931 ], [ -41.067475399999971, -20.773712799999949 ], [ -41.067685499999989, -20.773787499999969 ], [ -41.067989799999964, -20.773909299999964 ], [ -41.068223199999984, -20.774587499999932 ], [ -41.068382699999972, -20.774984199999949 ], [ -41.068437199999948, -20.775213 ], [ -41.068704099999934, -20.775374799999948 ], [ -41.06872019999998, -20.775597399999981 ], [ -41.0685357, -20.775992199999965 ], [ -41.068147599999975, -20.776503 ], [ -41.067739299999978, -20.776779499999979 ], [ -41.067318199999931, -20.776977799999926 ], [ -41.066834699999966, -20.777309699999932 ] ] ], [ [ [ -41.275254299999972, -20.766303499999939 ], [ -41.275184299999985, -20.766198899999956 ], [ -41.275155599999948, -20.765953 ], [ -41.275229099999933, -20.765658799999979 ], [ -41.275005399999941, -20.765295299999931 ], [ -41.274874499999953, -20.764483599999938 ], [ -41.274842, -20.763961199999976 ], [ -41.274512499999965, -20.76360139999997 ], [ -41.274058, -20.76343149999996 ], [ -41.273586799999983, -20.763188599999975 ], [ -41.2734387, -20.762662799999937 ], [ -41.273431199999955, -20.762132599999973 ], [ -41.273339, -20.761750399999983 ], [ -41.272969199999984, -20.761496299999969 ], [ -41.272901699999984, -20.761419299999936 ], [ -41.272588699999979, -20.761133 ], [ -41.271541, -20.761286199999969 ], [ -41.270566099999947, -20.761345599999974 ], [ -41.269809599999974, -20.761146499999938 ], [ -41.26913859999997, -20.762188599999938 ], [ -41.269402099999979, -20.762341099999961 ], [ -41.26960779999996, -20.762430199999976 ], [ -41.270171, -20.762538599999978 ], [ -41.270186299999985, -20.762830699999945 ], [ -41.270226, -20.762932799999934 ], [ -41.270865399999934, -20.763691699999978 ], [ -41.271934699999981, -20.764487599999942 ], [ -41.271968299999976, -20.764506799999936 ], [ -41.272058499999964, -20.764575899999954 ], [ -41.272433, -20.764771899999964 ], [ -41.273479899999984, -20.765385 ], [ -41.275254299999972, -20.766303499999939 ] ] ], [ [ [ -41.196391199999937, -20.753852899999966 ], [ -41.195471199999929, -20.753616899999948 ], [ -41.19458949999995, -20.75337 ], [ -41.194508, -20.753422699999927 ], [ -41.194409699999937, -20.753511199999934 ], [ -41.194345499999947, -20.753721799999926 ], [ -41.194320099999977, -20.753764899999961 ], [ -41.194302799999939, -20.753790799999937 ], [ -41.194150399999955, -20.75398469999994 ], [ -41.194013399999967, -20.754056099999964 ], [ -41.19374739999995, -20.754080799999937 ], [ -41.193724499999981, -20.753688399999934 ], [ -41.193563599999955, -20.753667799999963 ], [ -41.193200699999984, -20.753551599999973 ], [ -41.192731199999962, -20.753439099999984 ], [ -41.19178409999995, -20.753282799999972 ], [ -41.191386099999932, -20.752409699999934 ], [ -41.190956199999967, -20.751906499999961 ], [ -41.190511299999976, -20.751654899999949 ], [ -41.1895909, -20.751145199999947 ], [ -41.189565799999976, -20.751133699999958 ], [ -41.189196, -20.750964199999945 ], [ -41.188938799999967, -20.750797899999956 ], [ -41.188374299999971, -20.750064299999973 ], [ -41.188147199999953, -20.750459799999927 ], [ -41.187936099999952, -20.750855099999971 ], [ -41.187789399999986, -20.751257199999948 ], [ -41.187548399999969, -20.752230499999939 ], [ -41.187294599999966, -20.753110699999979 ], [ -41.187314599999986, -20.753197099999962 ], [ -41.187394699999963, -20.753303799999973 ], [ -41.187595, -20.75347679999992 ], [ -41.188714599999962, -20.7536315 ], [ -41.189832699999954, -20.753790899999959 ], [ -41.191224299999931, -20.753992099999952 ], [ -41.191538399999956, -20.754063599999924 ], [ -41.19194, -20.75418 ], [ -41.192111, -20.754245099999928 ], [ -41.192240399999953, -20.754311399999938 ], [ -41.192548199999983, -20.754503799999949 ], [ -41.192905799999949, -20.754808799999971 ], [ -41.193260299999963, -20.755215599999936 ], [ -41.193553599999973, -20.755751899999947 ], [ -41.194191599999954, -20.757133099999979 ], [ -41.194390199999937, -20.757456199999975 ], [ -41.194637099999973, -20.757756799999978 ], [ -41.194801, -20.75795659999995 ], [ -41.194973499999946, -20.758140899999937 ], [ -41.195152, -20.758341899999937 ], [ -41.195237199999951, -20.758434799999964 ], [ -41.195394299999968, -20.75859789999992 ], [ -41.195521399999954, -20.758729699999947 ], [ -41.195521199999973, -20.758732 ], [ -41.195644899999934, -20.758821 ], [ -41.196106499999985, -20.759094499999939 ], [ -41.1965431, -20.759315399999927 ], [ -41.197020099999982, -20.75954339999992 ], [ -41.19760169999995, -20.759792699999934 ], [ -41.197810199999935, -20.75911549999994 ], [ -41.19692809999998, -20.758831799999946 ], [ -41.196386599999983, -20.758479299999983 ], [ -41.196077199999934, -20.75818119999996 ], [ -41.195905699999969, -20.757979499999983 ], [ -41.195668399999931, -20.757546899999966 ], [ -41.19561809999994, -20.756990899999952 ], [ -41.195716299999958, -20.756472799999987 ], [ -41.195897799999948, -20.755874099999982 ], [ -41.196099699999927, -20.755215499999959 ], [ -41.196237199999977, -20.754498099999982 ], [ -41.196391199999937, -20.753852899999966 ] ] ], [ [ [ -41.081884199999941, -20.724759399999968 ], [ -41.082453099999952, -20.725792699999939 ], [ -41.082535199999931, -20.726019399999924 ], [ -41.083036799999952, -20.726456299999935 ], [ -41.083682, -20.727010099999973 ], [ -41.083941699999976, -20.727184399999931 ], [ -41.083886799999966, -20.72734719999994 ], [ -41.083824, -20.727543299999979 ], [ -41.083763199999964, -20.727668799999943 ], [ -41.083694599999937, -20.727780599999953 ], [ -41.083610299999968, -20.727911899999988 ], [ -41.083504399999981, -20.728072699999938 ], [ -41.083439699999985, -20.728280599999955 ], [ -41.083406399999944, -20.72835509999992 ], [ -41.083386799999978, -20.728396299999929 ], [ -41.083265199999971, -20.728568799999945 ], [ -41.083094599999981, -20.728788399999917 ], [ -41.083010299999962, -20.728884499999925 ], [ -41.08288669999996, -20.729017899999974 ], [ -41.082841599999938, -20.729066899999964 ], [ -41.082790599999953, -20.729137499999972 ], [ -41.08275539999994, -20.729214 ], [ -41.082727899999952, -20.729278699999963 ], [ -41.082704399999955, -20.729345299999977 ], [ -41.082637699999964, -20.729449299999946 ], [ -41.082435699999962, -20.729708099999989 ], [ -41.082290599999965, -20.729904199999972 ], [ -41.082137699999976, -20.730108099999942 ], [ -41.08203959999998, -20.730233599999956 ], [ -41.08428969999995, -20.731912599999941 ], [ -41.084364199999982, -20.731904799999946 ], [ -41.084560299999964, -20.731928299999939 ], [ -41.084893699999952, -20.732026299999969 ], [ -41.085615299999972, -20.732293 ], [ -41.086117299999955, -20.732430299999969 ], [ -41.086640299999942, -20.732492499999974 ], [ -41.086863899999969, -20.732445499999979 ], [ -41.087001099999959, -20.732363099999937 ], [ -41.087161599999945, -20.732208299999975 ], [ -41.087276599999946, -20.732113099999935 ], [ -41.08750509999993, -20.731930699999975 ], [ -41.087741399999977, -20.731741499999938 ], [ -41.087900799999936, -20.731629299999955 ], [ -41.087910499999971, -20.731642899999947 ], [ -41.088186399999984, -20.731987699999941 ], [ -41.088468499999983, -20.732346 ], [ -41.088756599999954, -20.732704 ], [ -41.089050799999939, -20.733057599999945 ], [ -41.089350899999943, -20.733406799999958 ], [ -41.089656899999973, -20.733751399999967 ], [ -41.089968699999929, -20.734095299999982 ], [ -41.090274399999942, -20.734446299999945 ], [ -41.090346799999971, -20.734367299999981 ], [ -41.090417399999978, -20.734316299999936 ], [ -41.090493899999963, -20.734269299999934 ], [ -41.090646799999938, -20.734157499999974 ], [ -41.090960599999967, -20.733932 ], [ -41.089751699999965, -20.732433399999938 ], [ -41.088726799999961, -20.731159699999985 ], [ -41.088714299999936, -20.731113199999982 ], [ -41.088739699999955, -20.730798799999945 ], [ -41.088746799999974, -20.730710699999982 ], [ -41.088752899999982, -20.730596699999985 ], [ -41.088756, -20.730529599999954 ], [ -41.088756, -20.730455 ], [ -41.088752299999953, -20.730345599999961 ], [ -41.088739199999971, -20.73024 ], [ -41.088733899999966, -20.730197599999947 ], [ -41.088710199999987, -20.730085699999965 ], [ -41.088694099999941, -20.730021199999943 ], [ -41.088654799999972, -20.729887899999945 ], [ -41.088524199999938, -20.729513099999966 ], [ -41.088376499999981, -20.729088299999955 ], [ -41.088170499999933, -20.728495099999979 ], [ -41.088043599999935, -20.728129099999936 ], [ -41.087980899999948, -20.727948699999946 ], [ -41.087895699999933, -20.727702799999978 ], [ -41.087845599999987, -20.727586199999951 ], [ -41.088110599999936, -20.727497899999953 ], [ -41.088626299999937, -20.727329799999946 ], [ -41.088712899999969, -20.727284599999955 ], [ -41.088787399999944, -20.727246399999959 ], [ -41.088872699999968, -20.72718559999992 ], [ -41.088949199999952, -20.727136599999923 ], [ -41.089027599999959, -20.727089499999984 ], [ -41.08911489999997, -20.727027799999973 ], [ -41.089190399999957, -20.726968 ], [ -41.089262, -20.726911099999931 ], [ -41.089325699999961, -20.726853199999937 ], [ -41.08935709999998, -20.726810099999966 ], [ -41.089390399999964, -20.726761099999983 ], [ -41.08944379999997, -20.726667899999931 ], [ -41.089477199999983, -20.726616 ], [ -41.08950949999997, -20.726540499999938 ], [ -41.089553599999938, -20.726475799999942 ], [ -41.089593499999985, -20.726420499999961 ], [ -41.089672299999954, -20.726330699999949 ], [ -41.089716399999936, -20.726275799999939 ], [ -41.089783099999984, -20.726193399999953 ], [ -41.089830099999979, -20.726136499999942 ], [ -41.089879099999969, -20.726091399999969 ], [ -41.089936, -20.726043399999973 ], [ -41.089993899999968, -20.726004199999977 ], [ -41.090062499999931, -20.725976699999929 ], [ -41.090154599999948, -20.725934599999967 ], [ -41.090221299999946, -20.725896299999928 ], [ -41.090341899999949, -20.725824799999938 ], [ -41.090415399999976, -20.72578649999997 ], [ -41.090496799999983, -20.725754199999983 ], [ -41.090633099999934, -20.725713 ], [ -41.090734099999963, -20.725664 ], [ -41.090771299999979, -20.725642399999966 ], [ -41.090794899999935, -20.725614 ], [ -41.090814499999972, -20.725569899999986 ], [ -41.090827199999978, -20.725523799999962 ], [ -41.090838, -20.725482599999953 ], [ -41.090876199999961, -20.725354199999966 ], [ -41.090908599999977, -20.725243399999961 ], [ -41.09096059999996, -20.725091399999936 ], [ -41.090995899999939, -20.725028699999928 ], [ -41.091028199999982, -20.724972799999918 ], [ -41.091053699999975, -20.724932599999935 ], [ -41.091093899999976, -20.724891399999933 ], [ -41.091137, -20.724850199999945 ], [ -41.091159599999969, -20.724814899999952 ], [ -41.091189, -20.724762 ], [ -41.091279199999967, -20.724604099999969 ], [ -41.091342899999972, -20.72451979999995 ], [ -41.091376299999979, -20.724471799999943 ], [ -41.091415499999982, -20.724424699999936 ], [ -41.09144689999993, -20.72438939999995 ], [ -41.091503699999976, -20.724348199999945 ], [ -41.091579199999956, -20.724293299999953 ], [ -41.091625299999976, -20.724259 ], [ -41.091717499999959, -20.724197199999924 ], [ -41.091783199999959, -20.724158 ], [ -41.091814499999934, -20.724144299999971 ], [ -41.091835099999976, -20.724142299999983 ], [ -41.09192239999993, -20.724134499999931 ], [ -41.09199, -20.724125699999945 ], [ -41.092024299999942, -20.724116799999937 ], [ -41.092058699999946, -20.724103099999972 ], [ -41.092098899999947, -20.724077599999926 ], [ -41.092134099999953, -20.724047199999966 ], [ -41.09218419999997, -20.724000199999974 ], [ -41.092239099999979, -20.723945299999961 ], [ -41.092294, -20.723899199999948 ], [ -41.092324399999946, -20.72387569999994 ], [ -41.092380199999987, -20.723833499999955 ], [ -41.092417499999954, -20.723803099999948 ], [ -41.092436099999937, -20.723768799999959 ], [ -41.09244689999997, -20.72373639999995 ], [ -41.092444, -20.723711899999955 ], [ -41.092423399999973, -20.723662899999962 ], [ -41.092306699999938, -20.723509 ], [ -41.09224, -20.723453099999972 ], [ -41.092159599999945, -20.723378599999929 ], [ -41.0921087, -20.723313899999937 ], [ -41.092088099999955, -20.723264799999978 ], [ -41.092083199999941, -20.723219699999952 ], [ -41.092111599999953, -20.723177599999925 ], [ -41.09213509999995, -20.723157 ], [ -41.092175299999958, -20.723149199999977 ], [ -41.092223399999973, -20.723157 ], [ -41.09226259999997, -20.723173699999965 ], [ -41.092306699999938, -20.723201099999986 ], [ -41.092366499999976, -20.723243299999979 ], [ -41.092431199999965, -20.723268799999968 ], [ -41.092474399999965, -20.723282499999986 ], [ -41.092524399999945, -20.723266799999973 ], [ -41.092555699999934, -20.723242299999978 ], [ -41.092577299999959, -20.723209 ], [ -41.092599899999989, -20.723151099999946 ], [ -41.092626299999942, -20.72305409999996 ], [ -41.092653799999944, -20.722959899999974 ], [ -41.092696899999972, -20.722832499999974 ], [ -41.092753799999976, -20.722704 ], [ -41.092792, -20.722612899999955 ], [ -41.092855799999946, -20.72250009999993 ], [ -41.092916499999944, -20.722405 ], [ -41.092977299999966, -20.722324599999972 ], [ -41.093044, -20.722270699999964 ], [ -41.093086199999959, -20.722254 ], [ -41.093090499999967, -20.722253599999927 ], [ -41.091374899999956, -20.721261 ], [ -41.08924049999996, -20.720026099999924 ], [ -41.088602599999945, -20.719657 ], [ -41.087329399999931, -20.718920399999941 ], [ -41.085791499999964, -20.718030599999956 ], [ -41.083077099999969, -20.716460099999953 ], [ -41.083058799999939, -20.716449899999922 ], [ -41.079155199999946, -20.714282 ], [ -41.076671, -20.713678599999973 ], [ -41.075229299999926, -20.711720499999952 ], [ -41.074468299999978, -20.711139199999927 ], [ -41.073516599999948, -20.711262799999933 ], [ -41.073529799999967, -20.711264799999984 ], [ -41.073520499999972, -20.711331399999946 ], [ -41.073502, -20.711439 ], [ -41.073485799999965, -20.711539099999978 ], [ -41.073472199999969, -20.711615 ], [ -41.07345609999993, -20.711715799999979 ], [ -41.073452499999981, -20.711793799999942 ], [ -41.073447599999959, -20.711852299999975 ], [ -41.073448099999958, -20.711932099999949 ], [ -41.07345109999995, -20.712036 ], [ -41.073443199999986, -20.712130099999968 ], [ -41.073454599999941, -20.712203599999956 ], [ -41.073467599999958, -20.71226159999997 ], [ -41.07347639999994, -20.712315199999981 ], [ -41.073482099999978, -20.712383099999951 ], [ -41.073474, -20.712445099999968 ], [ -41.07345829999997, -20.712492699999938 ], [ -41.073437399999939, -20.712530099999984 ], [ -41.073398899999972, -20.712577199999931 ], [ -41.073353099999963, -20.71261589999995 ], [ -41.073285799999944, -20.712651499999939 ], [ -41.073215399999988, -20.712682499999957 ], [ -41.073132599999951, -20.71271049999995 ], [ -41.073062799999953, -20.712726399999958 ], [ -41.07295629999993, -20.712732299999974 ], [ -41.072847299999985, -20.712733099999987 ], [ -41.072760799999969, -20.712730699999945 ], [ -41.072644199999957, -20.712714399999971 ], [ -41.072540099999969, -20.712682299999983 ], [ -41.07244, -20.712656799999941 ], [ -41.072338399999985, -20.712628399999968 ], [ -41.07224059999993, -20.712601 ], [ -41.072140199999986, -20.712568799999925 ], [ -41.072065899999984, -20.71255369999994 ], [ -41.071993899999939, -20.712544299999937 ], [ -41.071902399999942, -20.712531899999938 ], [ -41.071816299999973, -20.712531399999929 ], [ -41.071739199999968, -20.712548799999983 ], [ -41.071666899999975, -20.712577399999915 ], [ -41.071568399999933, -20.712635899999956 ], [ -41.071491499999986, -20.71267129999995 ], [ -41.071426899999949, -20.71269059999997 ], [ -41.071359599999944, -20.712709299999965 ], [ -41.071288199999969, -20.71272629999994 ], [ -41.071209299999964, -20.712767 ], [ -41.071151899999968, -20.712804599999973 ], [ -41.071102199999984, -20.712853899999978 ], [ -41.071041699999967, -20.712918899999963 ], [ -41.071000099999935, -20.712987399999964 ], [ -41.070963899999981, -20.713049199999944 ], [ -41.070848099999971, -20.713232699999939 ], [ -41.070808399999983, -20.713331499999981 ], [ -41.070786699999985, -20.713396299999946 ], [ -41.070773799999976, -20.713488799999936 ], [ -41.070793, -20.713611299999965 ], [ -41.070796799999982, -20.713665499999934 ], [ -41.070768899999969, -20.713788 ], [ -41.070772899999959, -20.713893799999934 ], [ -41.070780099999979, -20.714144699999963 ], [ -41.070780199999952, -20.714215799999973 ], [ -41.070788399999969, -20.714253099999947 ], [ -41.070822299999975, -20.71431639999998 ], [ -41.070851499999939, -20.714404299999952 ], [ -41.07088859999994, -20.714489599999975 ], [ -41.070913, -20.714585699999933 ], [ -41.070925599999946, -20.714673299999955 ], [ -41.070943, -20.714738299999969 ], [ -41.070963799999966, -20.714801799999982 ], [ -41.071009599999975, -20.714874 ], [ -41.071046599999939, -20.714943699999925 ], [ -41.071096099999977, -20.715010499999945 ], [ -41.071148, -20.715065199999962 ], [ -41.071213299999961, -20.715111099999948 ], [ -41.071277, -20.71515079999994 ], [ -41.071341299999972, -20.715177199999971 ], [ -41.071408799999979, -20.715203599999938 ], [ -41.07148959999995, -20.715227 ], [ -41.071568499999955, -20.715246 ], [ -41.071641899999982, -20.715256699999948 ], [ -41.07173379999994, -20.715264899999976 ], [ -41.071808199999971, -20.715265599999945 ], [ -41.071883199999945, -20.715255899999931 ], [ -41.071953199999939, -20.715236799999953 ], [ -41.072027399999968, -20.715208399999952 ], [ -41.072089899999973, -20.715191299999972 ], [ -41.072152099999983, -20.715160399999931 ], [ -41.072199699999949, -20.715129899999969 ], [ -41.072254699999981, -20.715093199999949 ], [ -41.072304799999976, -20.715047899999934 ], [ -41.072351399999938, -20.71502 ], [ -41.072390299999945, -20.714975599999939 ], [ -41.072421899999945, -20.714941299999957 ], [ -41.072445499999951, -20.714905899999962 ], [ -41.072463099999929, -20.714857599999966 ], [ -41.072475499999939, -20.71481649999993 ], [ -41.072485, -20.714764699999943 ], [ -41.072487599999938, -20.714708899999941 ], [ -41.072482299999933, -20.714640799999923 ], [ -41.072472399999988, -20.714587899999952 ], [ -41.07246809999998, -20.71454319999998 ], [ -41.072464299999979, -20.714498599999963 ], [ -41.072454199999974, -20.714454899999957 ], [ -41.072438099999943, -20.714412699999976 ], [ -41.072419099999934, -20.714371 ], [ -41.072278899999958, -20.714264599999982 ], [ -41.072245599999974, -20.714237 ], [ -41.072204399999976, -20.714204799999944 ], [ -41.072185099999949, -20.714180599999963 ], [ -41.072155599999974, -20.714120199999975 ], [ -41.072152199999948, -20.714089099999967 ], [ -41.07215919999993, -20.714042199999938 ], [ -41.072181199999932, -20.714001899999971 ], [ -41.072212099999938, -20.713970099999976 ], [ -41.072246199999938, -20.713948499999962 ], [ -41.072278099999949, -20.713939599999936 ], [ -41.072317799999958, -20.713931299999953 ], [ -41.072376799999965, -20.713933399999974 ], [ -41.07241879999998, -20.713952199999941 ], [ -41.072449899999974, -20.713966099999936 ], [ -41.072537699999941, -20.714018599999967 ], [ -41.072672699999941, -20.714132099999965 ], [ -41.072748099999956, -20.714195199999949 ], [ -41.072812899999981, -20.714260499999966 ], [ -41.072863799999944, -20.714321099999939 ], [ -41.072911799999922, -20.714382399999984 ], [ -41.072953599999963, -20.714449 ], [ -41.072969399999977, -20.714487099999939 ], [ -41.072997099999952, -20.714538699999942 ], [ -41.073023899999953, -20.714635299999941 ], [ -41.073041199999984, -20.714748799999942 ], [ -41.073057799999965, -20.714887599999944 ], [ -41.07306379999995, -20.714999299999935 ], [ -41.073074699999943, -20.715073 ], [ -41.073076399999934, -20.715126599999966 ], [ -41.073082499999948, -20.715176 ], [ -41.073092799999984, -20.715253899999936 ], [ -41.073089399999958, -20.715313299999934 ], [ -41.073085699999979, -20.715380599999936 ], [ -41.073068299999939, -20.71545019999996 ], [ -41.073045399999955, -20.715491199999985 ], [ -41.073010499999953, -20.715536299999929 ], [ -41.072970899999973, -20.715573299999949 ], [ -41.072901799999954, -20.715615399999944 ], [ -41.072843099999943, -20.715636599999979 ], [ -41.072787799999951, -20.71566119999995 ], [ -41.072725199999987, -20.715701 ], [ -41.072678599999961, -20.715744699999952 ], [ -41.072645799999975, -20.715771099999923 ], [ -41.072616299999936, -20.71580589999995 ], [ -41.072593299999937, -20.715839399999933 ], [ -41.072579199999957, -20.715881499999966 ], [ -41.072583499999951, -20.715952899999941 ], [ -41.072604299999973, -20.716011499999986 ], [ -41.072626, -20.716052299999941 ], [ -41.072638799999943, -20.716091199999941 ], [ -41.072647, -20.716144399999973 ], [ -41.07265479999996, -20.716308599999937 ], [ -41.072665399999948, -20.716345799999932 ], [ -41.072684799999934, -20.716371799999926 ], [ -41.072725899999966, -20.716399299999971 ], [ -41.072781599999985, -20.716420899999935 ], [ -41.072990599999976, -20.716506299999935 ], [ -41.073224699999969, -20.716588 ], [ -41.073382399999957, -20.716636299999941 ], [ -41.073518299999932, -20.716675 ], [ -41.073638799999969, -20.716725299999947 ], [ -41.073724099999936, -20.716764599999969 ], [ -41.073804, -20.716813299999952 ], [ -41.073906899999947, -20.716877199999949 ], [ -41.074002, -20.716937399999953 ], [ -41.074103699999966, -20.71700749999998 ], [ -41.074199099999937, -20.717083299999953 ], [ -41.074294399999985, -20.717153199999931 ], [ -41.074373199999961, -20.717209699999955 ], [ -41.074444299999989, -20.717270899999956 ], [ -41.074544699999926, -20.717356799999955 ], [ -41.07466009999996, -20.717432299999928 ], [ -41.074717099999923, -20.717468599999957 ], [ -41.07482769999995, -20.71750719999994 ], [ -41.074962799999987, -20.717578399999972 ], [ -41.07510069999995, -20.717644899999978 ], [ -41.075212, -20.717710199999935 ], [ -41.0753165, -20.717775799999952 ], [ -41.0753893, -20.717830799999941 ], [ -41.075432099999951, -20.717869 ], [ -41.075656199999969, -20.717946199999975 ], [ -41.075729799999984, -20.717958199999945 ], [ -41.07583, -20.717977499999968 ], [ -41.07591119999995, -20.717998099999939 ], [ -41.076052099999977, -20.718055499999931 ], [ -41.076194199999982, -20.718122299999948 ], [ -41.076336099999935, -20.718198499999971 ], [ -41.076458, -20.718269199999956 ], [ -41.076601799999935, -20.718341099999964 ], [ -41.076701599999978, -20.718400299999921 ], [ -41.076836599999972, -20.718519299999979 ], [ -41.076900699999953, -20.718592 ], [ -41.077044899999976, -20.718712699999969 ], [ -41.077185099999951, -20.718824199999979 ], [ -41.077287599999977, -20.718914499999972 ], [ -41.077392499999981, -20.71902259999997 ], [ -41.077491899999977, -20.71912489999994 ], [ -41.077593299999926, -20.719227 ], [ -41.077678299999945, -20.719299 ], [ -41.07776819999998, -20.719365599999943 ], [ -41.077862699999969, -20.719426399999982 ], [ -41.077961199999947, -20.719481199999976 ], [ -41.078063299999947, -20.719529699999942 ], [ -41.078168699999935, -20.719571699999968 ], [ -41.078276799999969, -20.719607099999962 ], [ -41.078387099999929, -20.71963559999994 ], [ -41.078499199999953, -20.719663 ], [ -41.078611599999938, -20.719675499999937 ], [ -41.07872679999997, -20.719679 ], [ -41.078841199999943, -20.719665499999966 ], [ -41.078930499999956, -20.719646199999939 ], [ -41.079024, -20.719631 ], [ -41.079096699999987, -20.719610399999958 ], [ -41.079192199999959, -20.719604899999982 ], [ -41.079284599999937, -20.719617499999977 ], [ -41.079392, -20.719656899999954 ], [ -41.079479699999986, -20.719691799999964 ], [ -41.079571499999929, -20.719719 ], [ -41.079659299999953, -20.719747299999938 ], [ -41.079823899999951, -20.719807499999956 ], [ -41.079989899999923, -20.719869899999935 ], [ -41.080153699999983, -20.719931799999927 ], [ -41.080175399999973, -20.719940299999958 ], [ -41.080307099999963, -20.719990199999934 ], [ -41.080565699999966, -20.720093899999938 ], [ -41.080690499999939, -20.720155299999934 ], [ -41.080798499999965, -20.720226399999945 ], [ -41.080911099999987, -20.720323899999975 ], [ -41.081092399999932, -20.720503299999955 ], [ -41.081361899999933, -20.720778 ], [ -41.081612, -20.721039799999978 ], [ -41.081998599999963, -20.721494199999942 ], [ -41.0823056, -20.721865199999954 ], [ -41.08246679999997, -20.722048199999961 ], [ -41.082693399999975, -20.722440599999981 ], [ -41.08218259999996, -20.722730899999927 ], [ -41.081792499999949, -20.722760199999978 ], [ -41.081610699999942, -20.722809299999934 ], [ -41.08152779999994, -20.722853499999925 ], [ -41.081464299999929, -20.722905599999944 ], [ -41.081399599999941, -20.722992199999958 ], [ -41.081341099999975, -20.723097 ], [ -41.081210699999986, -20.723227599999969 ], [ -41.081373199999973, -20.723416899999972 ], [ -41.081477, -20.723532899999963 ], [ -41.081884199999941, -20.724759399999968 ] ] ], [ [ [ -41.126293199999971, -20.730992499999971 ], [ -41.126386499999967, -20.731161299999936 ], [ -41.126459499999953, -20.731269899999972 ], [ -41.126515499999989, -20.731356499999944 ], [ -41.126591799999979, -20.731510899999925 ], [ -41.126717399999961, -20.73178079999996 ], [ -41.126802299999952, -20.731964 ], [ -41.126804899999968, -20.731972 ], [ -41.126821799999966, -20.732023899999948 ], [ -41.127027099999971, -20.732388699999948 ], [ -41.127179899999931, -20.732704399999935 ], [ -41.127312199999956, -20.732958899999961 ], [ -41.127390299999945, -20.733115099999971 ], [ -41.127410699999977, -20.733216899999949 ], [ -41.12742419999995, -20.733373 ], [ -41.127383499999958, -20.733759899999932 ], [ -41.127355499999972, -20.733934699999971 ], [ -41.127333499999963, -20.734136699999969 ], [ -41.127326, -20.734229399999958 ], [ -41.127325, -20.734241899999972 ], [ -41.127311299999974, -20.734285 ], [ -41.127294399999982, -20.734338599999933 ], [ -41.127262199999961, -20.734403099999948 ], [ -41.127269299999966, -20.734444799999945 ], [ -41.127407099999978, -20.734335199999965 ], [ -41.12754949999993, -20.734209499999963 ], [ -41.127736, -20.733976399999946 ], [ -41.1279919, -20.733619799999932 ], [ -41.128064499999944, -20.733493899999925 ], [ -41.128131799999956, -20.733354799999965 ], [ -41.128188799999968, -20.733117599999968 ], [ -41.128229099999949, -20.732962199999974 ], [ -41.128265, -20.732809399999951 ], [ -41.128294399999959, -20.732744199999949 ], [ -41.128359799999942, -20.732635199999947 ], [ -41.128629299999943, -20.732260799999938 ], [ -41.128995499999981, -20.732620199999925 ], [ -41.130763299999956, -20.734754 ], [ -41.132597899999951, -20.735893199999964 ], [ -41.133296799999975, -20.735606599999976 ], [ -41.133228599999939, -20.735456499999948 ], [ -41.133079299999963, -20.735240799999943 ], [ -41.132902299999955, -20.73507429999994 ], [ -41.132783199999956, -20.734991499999968 ], [ -41.132627699999944, -20.734768599999928 ], [ -41.132439899999959, -20.734461 ], [ -41.132281899999946, -20.734113499999985 ], [ -41.132122699999968, -20.733807899999942 ], [ -41.131858399999942, -20.73366209999995 ], [ -41.131734, -20.733534899999935 ], [ -41.131954199999946, -20.733083799999967 ], [ -41.132395499999973, -20.732092499999975 ], [ -41.132397399999945, -20.732078099999967 ], [ -41.132408299999952, -20.731994599999958 ], [ -41.132418799999989, -20.731892599999977 ], [ -41.132417099999934, -20.731569599999933 ], [ -41.132272899999975, -20.731246199999923 ], [ -41.133146599999982, -20.730286099999944 ], [ -41.134174199999961, -20.729083199999923 ], [ -41.134243399999946, -20.729171799999961 ], [ -41.134676299999974, -20.729510599999966 ], [ -41.134949799999958, -20.729658099999941 ], [ -41.135118099999936, -20.729789399999952 ], [ -41.13527449999998, -20.729944199999984 ], [ -41.13540629999995, -20.730105 ], [ -41.135536699999939, -20.730173 ], [ -41.135722599999959, -20.730234499999934 ], [ -41.136328499999934, -20.730343 ], [ -41.136556699999979, -20.729539299999946 ], [ -41.136804499999982, -20.728666099999945 ], [ -41.136464099999955, -20.728577499999986 ], [ -41.136246599999936, -20.728458399999962 ], [ -41.135997599999946, -20.728299 ], [ -41.135570599999937, -20.72795449999996 ], [ -41.134884799999952, -20.727615399999937 ], [ -41.134655299999963, -20.727513199999976 ], [ -41.134469299999978, -20.727367899999944 ], [ -41.13425459999997, -20.727294799999971 ], [ -41.134490399999947, -20.727075 ], [ -41.134649499999966, -20.72689569999994 ], [ -41.1351294, -20.72702849999996 ], [ -41.135356099999974, -20.726984799999965 ], [ -41.135443699999946, -20.726969799999956 ], [ -41.13570129999993, -20.726911799999986 ], [ -41.136011899999971, -20.72653239999995 ], [ -41.136469799999936, -20.725966599999929 ], [ -41.1366958, -20.725583499999981 ], [ -41.137105399999939, -20.724876 ], [ -41.137922599999968, -20.723089499999944 ], [ -41.137939399999944, -20.722967399999959 ], [ -41.137902899999972, -20.72278789999995 ], [ -41.137878599999965, -20.722742699999973 ], [ -41.137827199999947, -20.722664 ], [ -41.137773899999956, -20.722609599999952 ], [ -41.137724, -20.722576799999956 ], [ -41.137640099999949, -20.722524199999945 ], [ -41.137438, -20.72241639999994 ], [ -41.138134699999959, -20.721278599999955 ], [ -41.138221699999981, -20.721100499999984 ], [ -41.138238799999954, -20.720998699999949 ], [ -41.138168099999973, -20.720581599999935 ], [ -41.138006699999949, -20.720287599999942 ], [ -41.13781739999996, -20.719985299999962 ], [ -41.137602099999988, -20.719581799999958 ], [ -41.137850399999941, -20.71970049999992 ], [ -41.138067099999944, -20.719755899999935 ], [ -41.138301499999947, -20.71975649999996 ], [ -41.138669199999981, -20.719825899999929 ], [ -41.138958899999977, -20.719765099999961 ], [ -41.139561399999934, -20.719686199999952 ], [ -41.139837, -20.719674699999935 ], [ -41.139960399999957, -20.719632799999932 ], [ -41.140123, -20.719507 ], [ -41.140439099999988, -20.719316699999986 ], [ -41.14088669999996, -20.719044 ], [ -41.14135129999994, -20.718878299999965 ], [ -41.141680299999962, -20.718834599999969 ], [ -41.142017499999952, -20.718834199999957 ], [ -41.14207909999994, -20.718869499999979 ], [ -41.142167799999989, -20.718656899999917 ], [ -41.142353899999932, -20.71813259999994 ], [ -41.142518199999977, -20.717883699999966 ], [ -41.142621699999957, -20.717589899999954 ], [ -41.142630599999961, -20.717437699999962 ], [ -41.142521799999948, -20.717361199999957 ], [ -41.142256799999984, -20.717260499999956 ], [ -41.142211499999988, -20.717288299999943 ], [ -41.142186, -20.717275099999931 ], [ -41.141601, -20.717772699999944 ], [ -41.141541599999975, -20.717947899999952 ], [ -41.140966499999934, -20.718421199999966 ], [ -41.140323099999939, -20.718656499999952 ], [ -41.140023899999967, -20.719021599999966 ], [ -41.139791599999974, -20.719217299999976 ], [ -41.139549799999941, -20.719319199999969 ], [ -41.139353599999943, -20.719392699999958 ], [ -41.13875539999998, -20.719542099999952 ], [ -41.138201799999926, -20.719498399999964 ], [ -41.138006899999944, -20.7194661 ], [ -41.137641099999946, -20.719285399999944 ], [ -41.137610099999961, -20.718969299999969 ], [ -41.137640699999963, -20.718847399999962 ], [ -41.137630799999961, -20.718718399999947 ], [ -41.137556, -20.718567499999956 ], [ -41.137526799999939, -20.718216899999959 ], [ -41.137511199999949, -20.717837699999951 ], [ -41.137379799999962, -20.717679899999943 ], [ -41.137176599999975, -20.717479 ], [ -41.13689739999996, -20.717588499999966 ], [ -41.136648799999932, -20.71775869999993 ], [ -41.136441499999933, -20.717943499999926 ], [ -41.135967699999981, -20.718116399999925 ], [ -41.135736, -20.718278799999954 ], [ -41.135504899999951, -20.718494299999971 ], [ -41.134795599999961, -20.718563799999981 ], [ -41.134393399999965, -20.718659899999967 ], [ -41.134299, -20.71825859999996 ], [ -41.132897599999978, -20.718319099999981 ], [ -41.132562599999972, -20.718138 ], [ -41.132511599999923, -20.718146499999936 ], [ -41.132428299999965, -20.717959099999963 ], [ -41.13225, -20.717942299999944 ], [ -41.131973, -20.718000299999975 ], [ -41.13183609999993, -20.718139699999945 ], [ -41.131861, -20.718243699999963 ], [ -41.13183729999998, -20.718247099999928 ], [ -41.132136499999945, -20.720024399999943 ], [ -41.132123499999977, -20.720252399999939 ], [ -41.132073699999978, -20.720351299999951 ], [ -41.132067699999943, -20.720363399999936 ], [ -41.132025099999964, -20.720448199999975 ], [ -41.131951899999933, -20.720630099999944 ], [ -41.131618799999956, -20.721101499999978 ], [ -41.131342899999943, -20.721568199999975 ], [ -41.131068299999988, -20.722133499999924 ], [ -41.13104, -20.722422399999974 ], [ -41.131082699999986, -20.722588899999941 ], [ -41.131148899999971, -20.722701399999945 ], [ -41.131312899999962, -20.722889799999955 ], [ -41.131392699999935, -20.723024799999965 ], [ -41.131447499999979, -20.723179399999943 ], [ -41.131492099999953, -20.72329139999993 ], [ -41.13150539999998, -20.723388 ], [ -41.131535899999953, -20.72351139999995 ], [ -41.131576099999961, -20.723648199999957 ], [ -41.131628, -20.723766899999934 ], [ -41.131701499999963, -20.723892 ], [ -41.131774699999944, -20.723996899999978 ], [ -41.1318285, -20.724079499999949 ], [ -41.131625, -20.724239599999979 ], [ -41.131541699999957, -20.724269899999967 ], [ -41.131464499999929, -20.724319699999953 ], [ -41.131402199999975, -20.72438649999998 ], [ -41.131362699999947, -20.724474699999966 ], [ -41.131351799999941, -20.724546899999947 ], [ -41.13136, -20.724625599999978 ], [ -41.131380099999944, -20.724688399999916 ], [ -41.131446699999969, -20.724831599999966 ], [ -41.131469699999968, -20.724934899999944 ], [ -41.131522699999948, -20.725134499999971 ], [ -41.131562199999962, -20.725221799999929 ], [ -41.131625799999931, -20.725322299999963 ], [ -41.131672499999986, -20.725409499999959 ], [ -41.13166849999994, -20.725463599999951 ], [ -41.131673499999977, -20.725479299999957 ], [ -41.131707499999948, -20.725688199999983 ], [ -41.131718299999932, -20.725773599999972 ], [ -41.131743399999948, -20.725858799999965 ], [ -41.131763, -20.725890099999962 ], [ -41.131713099999956, -20.72592 ], [ -41.131670399999962, -20.72594079999994 ], [ -41.131534299999942, -20.725962699999979 ], [ -41.13144589999996, -20.725972799999965 ], [ -41.131315699999959, -20.726026399999967 ], [ -41.13101, -20.726134199999933 ], [ -41.130910199999953, -20.726161799999943 ], [ -41.130805399999979, -20.726192399999945 ], [ -41.130724199999982, -20.726223199999946 ], [ -41.130608099999968, -20.726289299999962 ], [ -41.130518299999949, -20.726367 ], [ -41.130461799999978, -20.726430699999987 ], [ -41.130086899999981, -20.72665369999994 ], [ -41.129962399999954, -20.726748899999958 ], [ -41.127724399999977, -20.727460899999979 ], [ -41.127202399999931, -20.727134299999928 ], [ -41.127082899999955, -20.727069599999925 ], [ -41.126723, -20.72693529999998 ], [ -41.126621599999964, -20.726866199999957 ], [ -41.126431399999944, -20.726529 ], [ -41.126183799999978, -20.726352699999957 ], [ -41.124494499999976, -20.725310299999933 ], [ -41.124302599999965, -20.725223 ], [ -41.123168399999948, -20.72471069999995 ], [ -41.122532799999931, -20.724482199999944 ], [ -41.12238, -20.72531709999992 ], [ -41.122710799999936, -20.725379699999969 ], [ -41.12328679999996, -20.725481099999975 ], [ -41.123649399999977, -20.72556539999994 ], [ -41.124057099999959, -20.725624399999958 ], [ -41.124431399999935, -20.725858399999943 ], [ -41.124882099999979, -20.726103499999965 ], [ -41.125036699999953, -20.726200899999981 ], [ -41.124869, -20.726478299999947 ], [ -41.124364099999973, -20.727120299999964 ], [ -41.123899499999929, -20.728031699999978 ], [ -41.123725799999939, -20.728465199999963 ], [ -41.123508799999975, -20.728736099999935 ], [ -41.12354879999998, -20.728840099999953 ], [ -41.123699699999975, -20.728994799999949 ], [ -41.123837199999976, -20.729092899999941 ], [ -41.124076799999955, -20.72916789999994 ], [ -41.12437569999998, -20.729306599999976 ], [ -41.124792099999979, -20.729524499999961 ], [ -41.125078099999939, -20.729652699999981 ], [ -41.125355, -20.729847599999971 ], [ -41.125504699999965, -20.72996089999997 ], [ -41.125616099999952, -20.730029699999928 ], [ -41.125875199999946, -20.730165399999979 ], [ -41.125952099999957, -20.730211899999976 ], [ -41.126028399999946, -20.730345899999971 ], [ -41.126084399999968, -20.730498599999972 ], [ -41.12614549999995, -20.730693799999987 ], [ -41.126182899999947, -20.730787099999926 ], [ -41.126211699999935, -20.730853299999985 ], [ -41.126293199999971, -20.730992499999971 ] ] ], [ [ [ -41.195850299999961, -20.67534489999997 ], [ -41.195888299999979, -20.675459899999961 ], [ -41.196033, -20.675568899999966 ], [ -41.19617889999995, -20.675643599999944 ], [ -41.196401799999933, -20.675748899999967 ], [ -41.196725199999953, -20.675943399999923 ], [ -41.19703869999995, -20.676142199999955 ], [ -41.197436599999946, -20.676390799999975 ], [ -41.198149, -20.67654089999996 ], [ -41.198411399999941, -20.676557399999979 ], [ -41.198977099999979, -20.676805399999974 ], [ -41.199471699999947, -20.67705159999997 ], [ -41.199802799999929, -20.677172699999975 ], [ -41.200166699999954, -20.677336299999983 ], [ -41.200310799999954, -20.677479 ], [ -41.200368399999938, -20.677608599999939 ], [ -41.20035709999997, -20.677807499999972 ], [ -41.200301899999943, -20.677962499999982 ], [ -41.20014359999994, -20.678049699999971 ], [ -41.200004099999944, -20.678147299999974 ], [ -41.19978889999993, -20.678465799999966 ], [ -41.199521699999941, -20.678740699999931 ], [ -41.199097, -20.679064799999939 ], [ -41.19949, -20.679501099999989 ], [ -41.200115099999948, -20.680158699999932 ], [ -41.200563599999953, -20.679778199999927 ], [ -41.201402199999968, -20.680249599999957 ], [ -41.201514, -20.680093 ], [ -41.201605599999937, -20.679939199999971 ], [ -41.201691, -20.679773799999953 ], [ -41.201795599999969, -20.679560599999945 ], [ -41.201848799999937, -20.679425799999944 ], [ -41.202012599999925, -20.67899569999998 ], [ -41.202179799999954, -20.678483299999975 ], [ -41.202181699999983, -20.677977399999985 ], [ -41.201972599999984, -20.677500099999971 ], [ -41.201432199999942, -20.676758499999934 ], [ -41.20095729999997, -20.676182799999932 ], [ -41.201340199999947, -20.675815899999964 ], [ -41.202328899999941, -20.675504 ], [ -41.204849, -20.67483789999994 ], [ -41.205686299999968, -20.674993899999947 ], [ -41.208000299999988, -20.674498899999943 ], [ -41.208591299999966, -20.674537199999975 ], [ -41.208927599999988, -20.674799199999931 ], [ -41.209469099999978, -20.675278299999942 ], [ -41.20999779999994, -20.674772799999971 ], [ -41.209859299999948, -20.674700499999958 ], [ -41.209756699999957, -20.67463279999992 ], [ -41.209554, -20.674478499999967 ], [ -41.209341699999982, -20.674290799999945 ], [ -41.211174, -20.67210619999997 ], [ -41.210670799999953, -20.670608399999931 ], [ -41.210670599999958, -20.670606699999958 ], [ -41.209493399999985, -20.67081119999995 ], [ -41.205146099999979, -20.671566299999935 ], [ -41.204989099999985, -20.671593599999923 ], [ -41.204605299999969, -20.671660199999959 ], [ -41.203160699999948, -20.671404799999959 ], [ -41.203140099999985, -20.671585799999953 ], [ -41.202848799999977, -20.671622599999967 ], [ -41.20252359999995, -20.671886299999976 ], [ -41.202365799999939, -20.672185499999951 ], [ -41.202187099999946, -20.672557599999937 ], [ -41.201801599999953, -20.672757099999966 ], [ -41.201584199999957, -20.672771899999923 ], [ -41.201431, -20.672847599999955 ], [ -41.201288699999964, -20.672968899999937 ], [ -41.201234099999972, -20.673127899999947 ], [ -41.201149399999963, -20.67322129999997 ], [ -41.2009786, -20.673414 ], [ -41.200792599999943, -20.673541699999916 ], [ -41.200621099999978, -20.673563599999977 ], [ -41.200480599999942, -20.673459599999944 ], [ -41.19967, -20.673366199999972 ], [ -41.199645099999941, -20.67368649999997 ], [ -41.19962019999997, -20.674240599999962 ], [ -41.199184099999975, -20.67434569999994 ], [ -41.198430599999931, -20.674501799999973 ], [ -41.197926699999982, -20.674581199999981 ], [ -41.197438499999983, -20.674636599999936 ], [ -41.197123899999958, -20.674669199999979 ], [ -41.196803399999965, -20.674727699999956 ], [ -41.196549199999936, -20.674781799999945 ], [ -41.196317099999931, -20.674859899999941 ], [ -41.196095899999939, -20.674997699999945 ], [ -41.195935299999981, -20.675110399999934 ], [ -41.195861499999978, -20.675195499999969 ], [ -41.195850299999961, -20.67534489999997 ] ] ], [ [ [ -41.349754299999972, -20.682587399999939 ], [ -41.349945399999967, -20.682617399999973 ], [ -41.349225, -20.681571899999938 ], [ -41.348842899999973, -20.681160699999953 ], [ -41.348782299999989, -20.681212399999925 ], [ -41.348404099999982, -20.680881499999945 ], [ -41.348530099999955, -20.680759299999973 ], [ -41.347883299999978, -20.680273599999953 ], [ -41.348018899999943, -20.680121199999977 ], [ -41.347597199999939, -20.679963199999975 ], [ -41.347019499999931, -20.679954499999948 ], [ -41.346919, -20.679937199999912 ], [ -41.346155499999952, -20.680614099999943 ], [ -41.346320099999964, -20.681001399999953 ], [ -41.346186099999954, -20.681508499999939 ], [ -41.346115399999974, -20.681506199999944 ], [ -41.345998399999985, -20.68149939999995 ], [ -41.345971399999939, -20.68156969999994 ], [ -41.346210399999968, -20.681691599999965 ], [ -41.346286899999946, -20.681746799999932 ], [ -41.346704399999958, -20.681925099999948 ], [ -41.347225099999953, -20.682164299999947 ], [ -41.347587199999971, -20.682541899999936 ], [ -41.34789619999998, -20.683190499999963 ], [ -41.348825899999952, -20.682845699999969 ], [ -41.349380399999973, -20.682627499999974 ], [ -41.349754299999972, -20.682587399999939 ] ] ], [ [ [ -41.087054499999972, -20.65978409999996 ], [ -41.08740609999996, -20.659851199999938 ], [ -41.087598699999951, -20.65987609999997 ], [ -41.087707, -20.659937399999922 ], [ -41.08789, -20.660040899999959 ], [ -41.088449299999979, -20.660046599999944 ], [ -41.089061499999964, -20.66002219999995 ], [ -41.088934, -20.660148699999965 ], [ -41.08891159999996, -20.660438199999934 ], [ -41.088861699999939, -20.661672699999933 ], [ -41.089110799999958, -20.66200239999996 ], [ -41.089346499999976, -20.661762799999956 ], [ -41.089846699999953, -20.661535699999948 ], [ -41.090622899999971, -20.661450399999982 ], [ -41.091209299999946, -20.660837199999946 ], [ -41.091149899999948, -20.661568299999939 ], [ -41.09210619999994, -20.661854799999951 ], [ -41.092406099999948, -20.660677199999956 ], [ -41.091986399999939, -20.6602 ], [ -41.091711299999929, -20.660017499999977 ], [ -41.091619399999956, -20.659751499999967 ], [ -41.091554199999962, -20.659567499999969 ], [ -41.091428699999938, -20.659375899999937 ], [ -41.091219799999976, -20.65929159999995 ], [ -41.09088729999997, -20.659355799999965 ], [ -41.09067749999997, -20.659465 ], [ -41.090395799999953, -20.659417099999935 ], [ -41.090271199999961, -20.659305 ], [ -41.090152399999958, -20.65907889999994 ], [ -41.089825599999983, -20.658799099999946 ], [ -41.089353199999948, -20.658630399999929 ], [ -41.089092599999951, -20.658683099999966 ], [ -41.088841499999951, -20.65864189999996 ], [ -41.088660399999974, -20.65856529999996 ], [ -41.088511899999958, -20.65859109999997 ], [ -41.088308799999936, -20.658732899999947 ], [ -41.088124799999946, -20.65876069999997 ], [ -41.087924499999986, -20.658740599999927 ], [ -41.087678299999936, -20.658695599999927 ], [ -41.087479, -20.658707099999965 ], [ -41.087314199999973, -20.658962899999953 ], [ -41.086998899999969, -20.659249399999972 ], [ -41.086779499999984, -20.659341399999956 ], [ -41.086610799999967, -20.65946119999996 ], [ -41.086308, -20.659597199999943 ], [ -41.086473799999972, -20.659670099999971 ], [ -41.086799599999949, -20.659721799999947 ], [ -41.087054499999972, -20.65978409999996 ] ] ] ] } }
]
}
