{
"type": "FeatureCollection",
"name": "3204906",
"crs": { "type": "name", "properties": { "name": "urn:ogc:def:crs:OGC:1.3:CRS84" } },
"features": [
{ "type": "Feature", "properties": { "CD_MUN": "3204906", "NM_MUN": "São Mateus" }, "geometry": { "type": "MultiPolygon", "coordinates": [ [ [ [ -39.930327399999953, -18.85443609999993 ], [ -39.930544599999962, -18.854711299999966 ], [ -39.93046609999994, -18.854747299999929 ], [ -39.930390399999965, -18.854788199999966 ], [ -39.930317899999984, -18.854834 ], [ -39.930248799999958, -18.854884499999965 ], [ -39.930183499999949, -18.854939299999963 ], [ -39.930122299999944, -18.854998299999977 ], [ -39.930065499999955, -18.855061099999944 ], [ -39.930046599999969, -18.85510239999995 ], [ -39.930033399999957, -18.855145599999961 ], [ -39.930026199999929, -18.855190099999959 ], [ -39.930025, -18.855235 ], [ -39.930100299999943, -18.855549099999962 ], [ -39.930115499999943, -18.855546499999953 ], [ -39.930361399999981, -18.855504799999949 ], [ -39.930760499999963, -18.855430199999937 ], [ -39.931158099999955, -18.855348899999964 ], [ -39.931360299999938, -18.855296799999955 ], [ -39.931803399999978, -18.8558973 ], [ -39.931291799999947, -18.85636559999995 ], [ -39.932152099999939, -18.857466699999975 ], [ -39.932204899999938, -18.85745639999994 ], [ -39.932255699999985, -18.857439299999943 ], [ -39.932303699999977, -18.857415799999956 ], [ -39.932347799999945, -18.857386299999973 ], [ -39.932387299999959, -18.857351399999974 ], [ -39.932421399999953, -18.857311599999953 ], [ -39.932449499999962, -18.857267799999939 ], [ -39.932459599999959, -18.857244799999922 ], [ -39.932465599999951, -18.857220499999983 ], [ -39.932467299999985, -18.857195599999958 ], [ -39.932464599999953, -18.857170699999926 ], [ -39.932457699999929, -18.857146599999961 ], [ -39.932466, -18.857111 ], [ -39.932480299999952, -18.857077199999932 ], [ -39.932500299999958, -18.857046099999927 ], [ -39.932525299999959, -18.857018499999988 ], [ -39.932554799999942, -18.856995199999979 ], [ -39.932805899999941, -18.856851799999969 ], [ -39.933438699999954, -18.85767339999995 ], [ -39.933458, -18.857691499999934 ], [ -39.933473799999945, -18.857712399999976 ], [ -39.933485799999978, -18.857735599999963 ], [ -39.933493599999963, -18.857760299999935 ], [ -39.933496899999966, -18.857785899999953 ], [ -39.933495699999973, -18.857811599999931 ], [ -39.93349, -18.857836899999938 ], [ -39.93348, -18.857860799999976 ], [ -39.933465899999931, -18.857882899999925 ], [ -39.933448199999937, -18.857902399999954 ], [ -39.933367899999944, -18.858003299999954 ], [ -39.933283199999948, -18.858101 ], [ -39.933194299999961, -18.858195199999962 ], [ -39.933101299999976, -18.858285699999954 ], [ -39.933004399999959, -18.858372399999947 ], [ -39.932993199999942, -18.858383599999971 ], [ -39.932983899999954, -18.858396299999978 ], [ -39.932976799999956, -18.8584102 ], [ -39.9329719, -18.858425 ], [ -39.932969499999956, -18.858440299999931 ], [ -39.932969599999979, -18.858455799999952 ], [ -39.932972099999965, -18.858471099999964 ], [ -39.932977, -18.858485799999979 ], [ -39.932979, -18.858498499999939 ], [ -39.932978699999978, -18.858511299999979 ], [ -39.932976099999962, -18.858523799999936 ], [ -39.932971399999985, -18.858535799999974 ], [ -39.932964599999941, -18.858546899999965 ], [ -39.932955899999968, -18.858556699999951 ], [ -39.932945699999941, -18.858564899999973 ], [ -39.932934099999954, -18.858571499999982 ], [ -39.932921599999929, -18.858576 ], [ -39.932865099999958, -18.858594799999942 ], [ -39.932811099999981, -18.858619399999952 ], [ -39.932760199999969, -18.858649499999952 ], [ -39.932713199999966, -18.858684699999962 ], [ -39.932670499999972, -18.858724699999982 ], [ -39.93263259999997, -18.85876879999995 ], [ -39.932600099999945, -18.858816599999958 ], [ -39.932573299999952, -18.858867599999943 ], [ -39.932568199999942, -18.858899299999965 ], [ -39.932567799999958, -18.858931399999957 ], [ -39.932572099999952, -18.858963199999952 ], [ -39.932581, -18.858994099999965 ], [ -39.932587399999932, -18.859035099999975 ], [ -39.932586499999964, -18.859076599999987 ], [ -39.932578199999973, -18.859117399999953 ], [ -39.932576299999937, -18.859132099999954 ], [ -39.932577, -18.859146899999931 ], [ -39.932580399999949, -18.859161399999952 ], [ -39.932586199999953, -18.859175099999952 ], [ -39.932594399999978, -18.859187699999946 ], [ -39.932604799999986, -18.859198899999967 ], [ -39.932616899999978, -18.859208099999936 ], [ -39.932630499999966, -18.859215399999989 ], [ -39.932645199999975, -18.859220299999937 ], [ -39.932722199999944, -18.859235099999982 ], [ -39.932797299999947, -18.859256899999938 ], [ -39.932869899999957, -18.859285399999973 ], [ -39.93293929999993, -18.859320199999949 ], [ -39.933004899999965, -18.859361299999936 ], [ -39.933066099999969, -18.859408 ], [ -39.933132599999958, -18.859431599999944 ], [ -39.9332012, -18.859448799999939 ], [ -39.933271199999979, -18.859459499999964 ], [ -39.933342, -18.859463599999966 ], [ -39.933412799999985, -18.859461 ], [ -39.933483099999933, -18.859451799999931 ], [ -39.933552099999929, -18.859436 ], [ -39.933619, -18.859413899999932 ], [ -39.93368339999995, -18.859385599999936 ], [ -39.933744599999962, -18.859351299999961 ], [ -39.933846299999978, -18.859305799999948 ], [ -39.933946, -18.859256299999963 ], [ -39.934043599999931, -18.859203099999949 ], [ -39.934138799999978, -18.859146199999941 ], [ -39.934381699999967, -18.859418099999964 ], [ -39.934463499999936, -18.859394 ], [ -39.934542799999967, -18.859363399999946 ], [ -39.934619099999964, -18.859326499999966 ], [ -39.934691899999962, -18.859283599999966 ], [ -39.93476069999997, -18.859235 ], [ -39.934824799999944, -18.859181099999958 ], [ -39.934884, -18.859122199999948 ], [ -39.934922899999947, -18.859076199999958 ], [ -39.934937699999978, -18.859058799999968 ], [ -39.9352105, -18.859419799999966 ], [ -39.936007399999937, -18.860464 ], [ -39.936028299999975, -18.860491699999951 ], [ -39.936055099999976, -18.860409399999984 ], [ -39.936067699999974, -18.860316099999984 ], [ -39.936063099999963, -18.860222199999942 ], [ -39.936041699999976, -18.86013029999997 ], [ -39.936004, -18.860043399999935 ], [ -39.935951099999954, -18.859964 ], [ -39.935296799999954, -18.859080299999963 ], [ -39.935356099999979, -18.859056199999934 ], [ -39.935618599999948, -18.858949399999958 ], [ -39.935451099999973, -18.858658199999965 ], [ -39.939265899999945, -18.857154599999948 ], [ -39.940289, -18.859194399999971 ], [ -39.940878199999929, -18.858906499999918 ], [ -39.940925899999961, -18.8588832 ], [ -39.940728099999944, -18.858514899999939 ], [ -39.940465, -18.858024899999975 ], [ -39.940501299999937, -18.857923299999978 ], [ -39.940750799999932, -18.857226099999934 ], [ -39.940532099999984, -18.856682399999961 ], [ -39.940225899999973, -18.856794499999975 ], [ -39.938907099999945, -18.855277299999948 ], [ -39.938806199999931, -18.855318699999941 ], [ -39.937699099999982, -18.85577289999997 ], [ -39.936272199999969, -18.854185199999947 ], [ -39.935156699999936, -18.854917199999932 ], [ -39.934956599999964, -18.854728699999949 ], [ -39.93303879999997, -18.852202299999931 ], [ -39.932968399999936, -18.852109499999919 ], [ -39.930273299999961, -18.852130899999977 ], [ -39.930211099999951, -18.852129699999978 ], [ -39.930162, -18.852133299999924 ], [ -39.930149099999937, -18.852134199999963 ], [ -39.930087899999933, -18.85214429999996 ], [ -39.930028, -18.85216 ], [ -39.929969899999953, -18.852181099999932 ], [ -39.929914199999985, -18.852207399999937 ], [ -39.929893399999969, -18.852219699999974 ], [ -39.929864, -18.85223719999993 ], [ -39.929861399999936, -18.852238699999926 ], [ -39.929812, -18.852274599999941 ], [ -39.929795399999939, -18.85225249999997 ], [ -39.929608599999945, -18.852005299999977 ], [ -39.929552899999976, -18.851931599999947 ], [ -39.929546599999981, -18.85193519999995 ], [ -39.929483, -18.851972199999974 ], [ -39.929410799999971, -18.852009 ], [ -39.929336499999977, -18.852041699999983 ], [ -39.92926029999996, -18.852070299999983 ], [ -39.93000939999996, -18.85305719999997 ], [ -39.929649099999956, -18.853231499999943 ], [ -39.929975099999986, -18.853711499999974 ], [ -39.930489399999935, -18.853732599999933 ], [ -39.930782099999931, -18.854165399999939 ], [ -39.930327399999953, -18.85443609999993 ] ] ], [ [ [ -40.353481399999964, -18.74852589999994 ], [ -40.353261499999974, -18.748306099999979 ], [ -40.353156299999966, -18.748194 ], [ -40.35304629999996, -18.748086299999951 ], [ -40.352922099999944, -18.747965199999957 ], [ -40.3527218, -18.747831099999924 ], [ -40.352555399999979, -18.74778259999993 ], [ -40.352374699999984, -18.747716199999964 ], [ -40.352203299999985, -18.747631599999966 ], [ -40.352017799999942, -18.74756519999994 ], [ -40.351947899999978, -18.747529299999947 ], [ -40.351817799999935, -18.747462699999975 ], [ -40.351574599999942, -18.747288199999961 ], [ -40.350650899999955, -18.746834099999937 ], [ -40.350446, -18.746709099999986 ], [ -40.35023179999996, -18.746606699999976 ], [ -40.349983699999946, -18.746427799999928 ], [ -40.349707399999943, -18.746271599999943 ], [ -40.349154399999975, -18.745905099999952 ], [ -40.348906599999971, -18.745753299999926 ], [ -40.348763899999938, -18.745700099999961 ], [ -40.348663899999963, -18.745646599999922 ], [ -40.348530699999969, -18.745597899999943 ], [ -40.348416799999939, -18.745589699999989 ], [ -40.34832149999994, -18.745531599999939 ], [ -40.348173699999968, -18.745433299999942 ], [ -40.348049499999945, -18.745316699999936 ], [ -40.347992099999949, -18.745258399999962 ], [ -40.347920199999976, -18.745155 ], [ -40.347805599999965, -18.745065499999942 ], [ -40.347719, -18.744908 ], [ -40.34772739999994, -18.744772399999924 ], [ -40.34777379999997, -18.744632 ], [ -40.347886899999942, -18.74454529999996 ], [ -40.347981, -18.744458799999954 ], [ -40.348027499999951, -18.744336499999978 ], [ -40.347988499999978, -18.744201199999956 ], [ -40.347869, -18.744084599999951 ], [ -40.347735599999965, -18.744004299999968 ], [ -40.347654099999943, -18.743896399999979 ], [ -40.347613299999978, -18.743535299999959 ], [ -40.347602399999978, -18.743363699999975 ], [ -40.347592099999929, -18.743250799999942 ], [ -40.347581199999979, -18.743079199999958 ], [ -40.347594, -18.742893899999959 ], [ -40.347575, -18.742798399999973 ], [ -40.346963499999958, -18.742963299999932 ], [ -40.346973599999963, -18.743074299999932 ], [ -40.346978799999931, -18.743264499999945 ], [ -40.34696839999998, -18.743385499999917 ], [ -40.34691619999996, -18.743662199999964 ], [ -40.34683529999996, -18.743869699999948 ], [ -40.346757099999934, -18.744035099999969 ], [ -40.346634499999936, -18.744200599999935 ], [ -40.346514499999955, -18.744361199999968 ], [ -40.346410199999987, -18.744504399999979 ], [ -40.346347599999945, -18.744660099999976 ], [ -40.346345, -18.744776099999967 ], [ -40.34635279999997, -18.744904599999924 ], [ -40.346373699999951, -18.745082399999948 ], [ -40.346407599999957, -18.745257799999933 ], [ -40.346444099999978, -18.745460299999927 ], [ -40.346478, -18.745727099999954 ], [ -40.346511899999939, -18.745882699999974 ], [ -40.346584899999975, -18.746067899999954 ], [ -40.346655399999968, -18.746243299999946 ], [ -40.34669839999998, -18.746324799999961 ], [ -40.346792299999947, -18.746515799999941 ], [ -40.346900399999981, -18.74663849999995 ], [ -40.346989099999973, -18.746712 ], [ -40.347076499999964, -18.746795299999967 ], [ -40.347198599999963, -18.746903899999946 ], [ -40.347307199999932, -18.746980199999928 ], [ -40.347421399999973, -18.747046799999971 ], [ -40.3475524, -18.747102899999959 ], [ -40.34770959999998, -18.747158 ], [ -40.347857199999964, -18.747196899999956 ], [ -40.347953799999964, -18.747228199999931 ], [ -40.348083499999973, -18.747288199999964 ], [ -40.348169599999942, -18.747346799999953 ], [ -40.348238399999964, -18.747434099999968 ], [ -40.348303599999959, -18.747552699999975 ], [ -40.348329199999974, -18.747719099999919 ], [ -40.348294099999983, -18.747921299999977 ], [ -40.348237399999967, -18.748127599999972 ], [ -40.34813829999996, -18.748385699999979 ], [ -40.348017899999945, -18.748697399999969 ], [ -40.347865699999936, -18.749029199999949 ], [ -40.347660399999938, -18.749441499999929 ], [ -40.347625, -18.749615799999962 ], [ -40.347614399999948, -18.749786799999978 ], [ -40.347586099999937, -18.750363299999954 ], [ -40.347564899999952, -18.750711899999938 ], [ -40.347533, -18.751057099999958 ], [ -40.347476399999948, -18.751275 ], [ -40.347242699999981, -18.752005699999934 ], [ -40.347125899999988, -18.752374399999947 ], [ -40.346952499999929, -18.752937599999946 ], [ -40.346821499999983, -18.753386699999954 ], [ -40.34679669999997, -18.753540899999951 ], [ -40.346771899999965, -18.753695099999966 ], [ -40.346757799999985, -18.753886099999939 ], [ -40.346754199999964, -18.754033599999953 ], [ -40.346764899999982, -18.754274899999924 ], [ -40.346761299999969, -18.754486099999941 ], [ -40.346743599999968, -18.754704 ], [ -40.346715299999964, -18.754915099999955 ], [ -40.346690499999973, -18.755042499999941 ], [ -40.346665199999961, -18.755248099999967 ], [ -40.34665629999995, -18.755258 ], [ -40.347077399999932, -18.75566289999993 ], [ -40.347357, -18.755917299999975 ], [ -40.347904599999943, -18.756381699999974 ], [ -40.348936599999938, -18.75721359999995 ], [ -40.349315699999977, -18.757518399999981 ], [ -40.349523299999937, -18.757655099999958 ], [ -40.349583499999937, -18.757695 ], [ -40.349655699999971, -18.757729199999982 ], [ -40.349746, -18.757754899999942 ], [ -40.349851299999955, -18.757800399999947 ], [ -40.349995699999972, -18.757877399999934 ], [ -40.3502003, -18.757991299999961 ], [ -40.350386799999967, -18.758108099999966 ], [ -40.350516199999966, -18.758182199999965 ], [ -40.350684699999931, -18.75825629999996 ], [ -40.350838099999969, -18.758296199999954 ], [ -40.351090899999974, -18.758310399999957 ], [ -40.35117809999997, -18.758256299999978 ], [ -40.35132549999998, -18.758193599999966 ], [ -40.351512099999979, -18.758099599999976 ], [ -40.35171669999994, -18.758002699999956 ], [ -40.351933299999978, -18.757897299999978 ], [ -40.352143899999938, -18.757772 ], [ -40.35236359999994, -18.757598199999954 ], [ -40.352553099999966, -18.757373099999931 ], [ -40.35268849999995, -18.757207899999965 ], [ -40.352974299999978, -18.756977099999975 ], [ -40.353248099999973, -18.756743499999967 ], [ -40.353693399999933, -18.756364599999937 ], [ -40.353852899999943, -18.756222099999942 ], [ -40.353991299999961, -18.755971399999961 ], [ -40.354063499999945, -18.75579479999994 ], [ -40.35412369999996, -18.755601099999975 ], [ -40.354153799999956, -18.755353199999934 ], [ -40.354177799999945, -18.755179399999967 ], [ -40.354210899999941, -18.754997099999972 ], [ -40.354244, -18.754814699999933 ], [ -40.354292199999982, -18.754683699999934 ], [ -40.355955399999971, -18.751225899999945 ], [ -40.355719599999937, -18.750877099999972 ], [ -40.355389299999956, -18.750491 ], [ -40.355130699999961, -18.750176599999985 ], [ -40.354976799999974, -18.749911199999922 ], [ -40.354699699999976, -18.749651099999941 ], [ -40.354446699999976, -18.749440599999961 ], [ -40.354179099999953, -18.749189499999947 ], [ -40.354064599999958, -18.749104499999923 ], [ -40.353935799999931, -18.749010599999973 ], [ -40.353816499999937, -18.748921099999972 ], [ -40.353644699999954, -18.748791299999944 ], [ -40.353481399999964, -18.74852589999994 ] ] ], [ [ [ -40.054761699999972, -18.710282599999978 ], [ -40.054620699999937, -18.710280099999977 ], [ -40.054453599999938, -18.710203399999955 ], [ -40.054218599999963, -18.710022899999942 ], [ -40.053978399999949, -18.70980279999997 ], [ -40.053777299999979, -18.709649499999951 ], [ -40.053396099999922, -18.70944419999995 ], [ -40.053095799999944, -18.7092661 ], [ -40.052826899999957, -18.709169699999961 ], [ -40.052620599999955, -18.70912269999998 ], [ -40.052289, -18.709102899999955 ], [ -40.052085299999931, -18.709102899999941 ], [ -40.051850299999948, -18.709162299999957 ], [ -40.051698899999963, -18.709276 ], [ -40.051621099999977, -18.709403499999961 ], [ -40.053182499999934, -18.710976899999945 ], [ -40.054079099999974, -18.712121299999978 ], [ -40.054477299999981, -18.712718199999927 ], [ -40.055234899999967, -18.714068499999939 ], [ -40.055539, -18.714323499999967 ], [ -40.055744499999946, -18.714438199999972 ], [ -40.056473599999947, -18.714425899999977 ], [ -40.058243099999977, -18.714425899999981 ], [ -40.060210699999971, -18.714874799999972 ], [ -40.06122739999995, -18.715271 ], [ -40.062944099999989, -18.715290799999941 ], [ -40.064568299999969, -18.715290799999941 ], [ -40.065822799999978, -18.715462399999979 ], [ -40.068490199999985, -18.715277599999975 ], [ -40.070787899999978, -18.715343599999972 ], [ -40.070637799999936, -18.715740099999955 ], [ -40.070679799999937, -18.716075699999969 ], [ -40.070552499999962, -18.716105 ], [ -40.070328899999936, -18.716183199999932 ], [ -40.07008819999993, -18.716307 ], [ -40.069960899999955, -18.716398199999968 ], [ -40.06985769999995, -18.716548 ], [ -40.069833699999947, -18.716649 ], [ -40.06982679999993, -18.716785799999965 ], [ -40.069916199999966, -18.716952 ], [ -40.070060699999942, -18.717222399999969 ], [ -40.070198199999929, -18.717427599999954 ], [ -40.070225799999946, -18.717476499999982 ], [ -40.070218899999929, -18.717880399999956 ], [ -40.070215399999938, -18.718437499999936 ], [ -40.070208599999944, -18.718597099999965 ], [ -40.070163899999962, -18.71880879999998 ], [ -40.070064099999961, -18.719196499999956 ], [ -40.069909299999949, -18.719724199999963 ], [ -40.069733899999967, -18.720222699999962 ], [ -40.069641, -18.720636399999929 ], [ -40.069586, -18.720796 ], [ -40.069482799999946, -18.721024 ], [ -40.069438099999957, -18.72117059999994 ], [ -40.069372699999974, -18.721401899999947 ], [ -40.069231699999932, -18.72167549999994 ], [ -40.069042499999973, -18.722050199999959 ], [ -40.068901499999974, -18.722395499999955 ], [ -40.068798299999976, -18.722649599999944 ], [ -40.068736399999985, -18.722877599999954 ], [ -40.068698599999955, -18.723089299999973 ], [ -40.0686573, -18.72352259999996 ], [ -40.068609199999969, -18.723952599999951 ], [ -40.068578199999934, -18.724271799999944 ], [ -40.068554099999979, -18.724477 ], [ -40.068574799999965, -18.724646399999926 ], [ -40.068595399999943, -18.724929799999924 ], [ -40.068633199999965, -18.725213199999924 ], [ -40.068674499999936, -18.725571599999977 ], [ -40.068691699999938, -18.725809399999953 ], [ -40.068664199999937, -18.726037399999939 ], [ -40.068640099999982, -18.726284899999925 ], [ -40.068650399999967, -18.726522699999968 ], [ -40.068702, -18.726991799999951 ], [ -40.068702, -18.727252399999944 ], [ -40.068722699999967, -18.727470699999962 ], [ -40.068791499999975, -18.727786599999952 ], [ -40.068791499999975, -18.728004899999977 ], [ -40.068794899999951, -18.728330599999932 ], [ -40.068815499999978, -18.728731299999946 ], [ -40.06882839999998, -18.728942899999954 ], [ -40.068884299999986, -18.729353499999938 ], [ -40.068942799999945, -18.729662899999937 ], [ -40.068937, -18.729886299999979 ], [ -40.068935899999978, -18.72992679999993 ], [ -40.068925599999943, -18.730213399999968 ], [ -40.068925599999943, -18.73043169999994 ], [ -40.068905, -18.731379599999968 ], [ -40.06892559999995, -18.731724899999964 ], [ -40.06893249999996, -18.731956099999941 ], [ -40.068935899999985, -18.732685799999956 ], [ -40.068942799999938, -18.733112499999951 ], [ -40.068942799999945, -18.733382899999977 ], [ -40.068922199999982, -18.733539199999946 ], [ -40.068925599999936, -18.733936599999939 ], [ -40.068915299999951, -18.734412199999962 ], [ -40.068929, -18.734750899999941 ], [ -40.068946199999971, -18.735073399999976 ], [ -40.068987499999935, -18.735448 ], [ -40.069052899999974, -18.735897499999965 ], [ -40.069118199999934, -18.736187399999938 ], [ -40.069142299999953, -18.736366599999933 ], [ -40.069132, -18.73662389999993 ], [ -40.069094099999965, -18.736952899999945 ], [ -40.069070099999976, -18.737278599999971 ], [ -40.069052899999974, -18.737555499999932 ], [ -40.069052899999974, -18.737861699999943 ], [ -40.069059699999968, -18.738099399999946 ], [ -40.069097599999971, -18.738330699999942 ], [ -40.069094099999973, -18.738539199999941 ], [ -40.069094099999973, -18.738663 ], [ -40.069162899999988, -18.738783499999947 ], [ -40.069211099999961, -18.739031 ], [ -40.069197299999985, -18.739265499999949 ], [ -40.069169799999941, -18.739526099999978 ], [ -40.069169799999948, -18.739721599999935 ], [ -40.069211099999961, -18.739917 ], [ -40.069283299999938, -18.74010259999995 ], [ -40.069297099999972, -18.740203599999973 ], [ -40.0693108, -18.740337199999932 ], [ -40.069334899999944, -18.74050649999997 ], [ -40.069376199999965, -18.740669399999955 ], [ -40.069407099999985, -18.740848599999936 ], [ -40.069427799999971, -18.740965799999959 ], [ -40.069451899999933, -18.741092799999926 ], [ -40.069506899999972, -18.741180799999942 ], [ -40.069589399999977, -18.741291499999946 ], [ -40.069782099999948, -18.741571699999948 ], [ -40.070012499999962, -18.741812699999979 ], [ -40.070037899999932, -18.741824399999921 ], [ -40.070014499999957, -18.742056299999941 ], [ -40.070007399999952, -18.742272699999944 ], [ -40.069983599999944, -18.742466599999943 ], [ -40.07005259999994, -18.742687499999935 ], [ -40.070100199999956, -18.742802399999952 ], [ -40.07012229999998, -18.742850499999978 ], [ -40.070256799999981, -18.742852699999961 ], [ -40.071269299999976, -18.743387699999975 ], [ -40.071887899999979, -18.744423599999948 ], [ -40.072819199999977, -18.74486839999998 ], [ -40.07638749999996, -18.744049499999967 ], [ -40.079340399999978, -18.743251 ], [ -40.08004649999998, -18.74334969999996 ], [ -40.080631699999962, -18.74317729999996 ], [ -40.080860099999938, -18.743069399999978 ], [ -40.080861, -18.742927199999944 ], [ -40.080894099999973, -18.742807299999978 ], [ -40.080902699999967, -18.742641 ], [ -40.08081489999995, -18.742398399999956 ], [ -40.080809199999976, -18.742346599999973 ], [ -40.080816099999936, -18.742218599999951 ], [ -40.080838099999937, -18.742101099999964 ], [ -40.08087119999994, -18.741934499999946 ], [ -40.080913799999969, -18.741887099999932 ], [ -40.080983099999969, -18.741809799999935 ], [ -40.081124699999982, -18.741616599999926 ], [ -40.081276099999975, -18.741354799999964 ], [ -40.081292499999961, -18.741292499999933 ], [ -40.081368199999929, -18.741155299999953 ], [ -40.081539299999974, -18.74105249999997 ], [ -40.081723699999948, -18.740971499999937 ], [ -40.081927699999937, -18.740902899999977 ], [ -40.08212519999995, -18.740884199999986 ], [ -40.082335799999953, -18.74083429999996 ], [ -40.082553, -18.740750199999987 ], [ -40.082862399999954, -18.740613 ], [ -40.083138899999945, -18.740494599999977 ], [ -40.083228099999985, -18.74047849999992 ], [ -40.083415299999956, -18.740444699999941 ], [ -40.083619399999975, -18.740401099999932 ], [ -40.083856299999987, -18.74028889999995 ], [ -40.084086699999943, -18.74016109999997 ], [ -40.084261199999958, -18.740067599999978 ], [ -40.084392799999932, -18.740036399999944 ], [ -40.084563899999985, -18.740024 ], [ -40.084728499999983, -18.740080099999943 ], [ -40.084935799999975, -18.740182899999979 ], [ -40.085107, -18.740282699999963 ], [ -40.0852814, -18.740348099999952 ], [ -40.0854131, -18.740360599999978 ], [ -40.085531499999938, -18.740363699999929 ], [ -40.085722399999952, -18.740329399999954 ], [ -40.085860699999962, -18.740338799999964 ], [ -40.086084499999977, -18.740391799999948 ], [ -40.086318099999971, -18.740475899999982 ], [ -40.086825, -18.740625499999979 ], [ -40.087187, -18.74072839999997 ], [ -40.087483199999951, -18.740818699999974 ], [ -40.087855099999963, -18.740899799999976 ], [ -40.088055899999972, -18.740937199999976 ], [ -40.088174399999957, -18.740918499999957 ], [ -40.088299399999983, -18.740865499999931 ], [ -40.088447499999972, -18.740821899999954 ], [ -40.088622, -18.740793799999956 ], [ -40.08886629999995, -18.740771499999934 ], [ -40.088937599999952, -18.740722 ], [ -40.089224599999966, -18.740514899999937 ], [ -40.089555399999938, -18.740237899999947 ], [ -40.089793199999981, -18.740020399999942 ], [ -40.089949, -18.739898799999931 ], [ -40.090159499999977, -18.739715 ], [ -40.090329, -18.73951559999994 ], [ -40.090457499999957, -18.739362899999943 ], [ -40.090517599999941, -18.739230899999953 ], [ -40.090553199999931, -18.73906779999993 ], [ -40.090566799999984, -18.73882959999996 ], [ -40.090591399999937, -18.738601799999969 ], [ -40.090635199999959, -18.738332599999975 ], [ -40.090706299999965, -18.738073699999976 ], [ -40.090760899999964, -18.737965 ], [ -40.090862099999988, -18.737809599999927 ], [ -40.091001499999955, -18.737594799999954 ], [ -40.091069799999957, -18.737455 ], [ -40.091124499999978, -18.737294499999962 ], [ -40.09116, -18.737131399999949 ], [ -40.091190099999949, -18.736862199999962 ], [ -40.091234, -18.736719399999966 ], [ -40.091302799999937, -18.736524 ], [ -40.091413899999964, -18.736338499999924 ], [ -40.091551599999953, -18.736118 ], [ -40.091694499999967, -18.735937499999981 ], [ -40.09195909999994, -18.735631799999972 ], [ -40.092213199999939, -18.735371099999963 ], [ -40.092409, -18.735220699999953 ], [ -40.0926578, -18.735095399999988 ], [ -40.092801299999969, -18.735008 ], [ -40.092964699999982, -18.73501519999996 ], [ -40.093197599999932, -18.735035299999929 ], [ -40.093382899999931, -18.735125499999985 ], [ -40.093578699999966, -18.735220699999957 ], [ -40.0938063, -18.735346099999951 ], [ -40.09406689999998, -18.735431 ], [ -40.094054899999946, -18.735411299999956 ], [ -40.093300699999929, -18.734178799999931 ], [ -40.093293, -18.734166099999975 ], [ -40.081963099999939, -18.715649099999943 ], [ -40.081991899999935, -18.715486699999932 ], [ -40.080540599999956, -18.715003799999977 ], [ -40.079337099999975, -18.714601499999969 ], [ -40.0791263, -18.714533 ], [ -40.078700099999935, -18.714397099999921 ], [ -40.077904, -18.714138 ], [ -40.075682699999959, -18.713321399999913 ], [ -40.0734667, -18.712485899999926 ], [ -40.062533299999984, -18.708276 ], [ -40.062099499999931, -18.708118299999967 ], [ -40.060970599999969, -18.707708199999953 ], [ -40.060882699999986, -18.707678699999981 ], [ -40.060227099999963, -18.707502899999959 ], [ -40.060100199999972, -18.707483199999967 ], [ -40.05964639999997, -18.707405599999952 ], [ -40.058959199999954, -18.707315799999947 ], [ -40.05848919999994, -18.707267199999944 ], [ -40.058070499999985, -18.707237199999952 ], [ -40.057703099999962, -18.70722979999994 ], [ -40.057355599999944, -18.707248499999928 ], [ -40.056822299999972, -18.707293399999958 ], [ -40.056027899999947, -18.707375699999943 ], [ -40.056111599999952, -18.707579499999945 ], [ -40.05609069999997, -18.707769899999967 ], [ -40.056002, -18.708081499999931 ], [ -40.055850499999956, -18.708417899999983 ], [ -40.05571469999996, -18.70873689999997 ], [ -40.055696499999954, -18.709036099999928 ], [ -40.055644199999961, -18.709238899999946 ], [ -40.055505799999935, -18.709503599999952 ], [ -40.055344, -18.709698899999985 ], [ -40.055043699999942, -18.710067399999961 ], [ -40.054897499999988, -18.710225699999967 ], [ -40.054761699999972, -18.710282599999978 ] ] ], [ [ [ -40.217623299999957, -18.733788 ], [ -40.2184099, -18.735238699999961 ], [ -40.218529499999931, -18.735473899999931 ], [ -40.218690499999987, -18.735857199999931 ], [ -40.218759499999983, -18.736131699999923 ], [ -40.218800899999962, -18.736445299999964 ], [ -40.218805499999981, -18.736859199999969 ], [ -40.218738499999972, -18.737479399999931 ], [ -40.227307, -18.734724299999971 ], [ -40.225122899999981, -18.731893299999975 ], [ -40.224747499999985, -18.731374 ], [ -40.226351399999942, -18.731014199999947 ], [ -40.227437299999963, -18.730778599999947 ], [ -40.227446, -18.730776699999975 ], [ -40.227277499999964, -18.73027129999997 ], [ -40.227087399999967, -18.7297215 ], [ -40.22690079999996, -18.729184799999913 ], [ -40.228062199999961, -18.728865099999947 ], [ -40.228423499999963, -18.728800399999955 ], [ -40.22897119999994, -18.728777599999948 ], [ -40.229617699999949, -18.728880299999947 ], [ -40.229518799999944, -18.729861499999974 ], [ -40.23318509999995, -18.730987299999985 ], [ -40.234307099999967, -18.73123069999998 ], [ -40.234283099999978, -18.731096799999928 ], [ -40.234252199999958, -18.73089889999995 ], [ -40.23418869999994, -18.73063209999998 ], [ -40.234141499999964, -18.730187299999947 ], [ -40.234087, -18.729960299999956 ], [ -40.234053199999948, -18.729679499999978 ], [ -40.234052199999951, -18.72966829999995 ], [ -40.23316879999993, -18.729368499999971 ], [ -40.231865199999959, -18.728944899999941 ], [ -40.230861499999946, -18.72863169999993 ], [ -40.22975659999998, -18.728361499999941 ], [ -40.229450199999974, -18.728291399999925 ], [ -40.229004599999939, -18.728235099999939 ], [ -40.229010299999977, -18.728163099999939 ], [ -40.229028599999936, -18.727946499999966 ], [ -40.229037699999935, -18.727782299999948 ], [ -40.229044499999929, -18.727666 ], [ -40.229036199999939, -18.727569299999971 ], [ -40.224664499999967, -18.72690839999996 ], [ -40.223401599999931, -18.725033799999952 ], [ -40.222469399999966, -18.723775099999962 ], [ -40.221717799999965, -18.722775499999958 ], [ -40.221587899999975, -18.722784599999951 ], [ -40.221510299999977, -18.722782299999949 ], [ -40.221419099999935, -18.722773199999938 ], [ -40.221286899999932, -18.722739 ], [ -40.221213899999945, -18.722693399999979 ], [ -40.221113599999967, -18.722625 ], [ -40.220901599999934, -18.722533799999944 ], [ -40.220819499999948, -18.722531499999942 ], [ -40.220696399999959, -18.722558899999974 ], [ -40.22056189999995, -18.722661499999958 ], [ -40.2204091, -18.722846199999942 ], [ -40.220258599999966, -18.722946499999967 ], [ -40.220076199999944, -18.723135699999958 ], [ -40.21976159999997, -18.723283899999963 ], [ -40.219291899999973, -18.723354599999933 ], [ -40.219139199999979, -18.723363699999936 ], [ -40.218924799999975, -18.723432099999965 ], [ -40.218541799999969, -18.723584899999935 ], [ -40.218409599999973, -18.723676099999981 ], [ -40.218345699999929, -18.723730799999945 ], [ -40.218320699999943, -18.723749 ], [ -40.218126899999959, -18.723981599999956 ], [ -40.217880599999944, -18.724143499999983 ], [ -40.217700099999945, -18.724186099999937 ], [ -40.217696699999976, -18.724185599999942 ], [ -40.217566, -18.724237 ], [ -40.217141899999945, -18.724323599999924 ], [ -40.216918499999956, -18.724346399999948 ], [ -40.216758899999945, -18.724369199999945 ], [ -40.216603799999966, -18.724373699999951 ], [ -40.216360899999984, -18.724331699999937 ], [ -40.216115899999984, -18.724282499999955 ], [ -40.215933499999956, -18.724209599999934 ], [ -40.215531699999985, -18.723979499999935 ], [ -40.215262699999982, -18.724245699999923 ], [ -40.215032599999979, -18.723989099999976 ], [ -40.214784799999961, -18.723735499999965 ], [ -40.213629899999944, -18.724175699999936 ], [ -40.2126641, -18.724724799999926 ], [ -40.211865799999948, -18.725160599999978 ], [ -40.21098429999995, -18.725728799999949 ], [ -40.210829399999973, -18.726292299999955 ], [ -40.21154839999997, -18.728407899999979 ], [ -40.211378099999934, -18.730009899999963 ], [ -40.211379599999923, -18.730026 ], [ -40.2113801, -18.730129499999975 ], [ -40.213156099999935, -18.730521699999933 ], [ -40.215775499999943, -18.731050799999927 ], [ -40.216260099999936, -18.731089699999924 ], [ -40.216256399999963, -18.731097499999976 ], [ -40.216188099999954, -18.731230799999924 ], [ -40.216220199999952, -18.731326699999958 ], [ -40.216223299999967, -18.731352399999924 ], [ -40.216229499999947, -18.731405099999957 ], [ -40.216326099999954, -18.731522699999967 ], [ -40.216491699999949, -18.73183639999996 ], [ -40.216648099999929, -18.732080299999954 ], [ -40.216891899999951, -18.732529 ], [ -40.217623299999957, -18.733788 ] ] ], [ [ [ -40.13925, -18.578697399999946 ], [ -40.139170099999944, -18.578730599999957 ], [ -40.139140199999929, -18.578767199999959 ], [ -40.139116899999976, -18.578807199999979 ], [ -40.13915019999996, -18.579136599999966 ], [ -40.13860109999996, -18.579139899999973 ], [ -40.138850699999978, -18.582078299999985 ], [ -40.138868799999955, -18.58215979999995 ], [ -40.138771099999985, -18.582196399999933 ], [ -40.138427099999944, -18.582321099999945 ], [ -40.1383891, -18.582453599999944 ], [ -40.138236899999981, -18.582520699999971 ], [ -40.138401699999982, -18.582950899999972 ], [ -40.138452299999983, -18.582932699999954 ], [ -40.138597499999946, -18.582873699999936 ], [ -40.13874, -18.582809299999951 ], [ -40.138783699999976, -18.582787499999945 ], [ -40.138785299999945, -18.582795599999944 ], [ -40.138800499999945, -18.582869599999974 ], [ -40.1388166, -18.582948199999965 ], [ -40.1388434, -18.58311 ], [ -40.138864299999966, -18.583272499999957 ], [ -40.138879199999963, -18.583435699999939 ], [ -40.138888, -18.583599299999939 ], [ -40.13940979999996, -18.583601399999953 ], [ -40.139425899999935, -18.582685599999927 ], [ -40.1394246, -18.582677299999954 ], [ -40.139424899999938, -18.582668899999931 ], [ -40.139426599999979, -18.582660699999977 ], [ -40.139429699999944, -18.582652899999964 ], [ -40.139434199999982, -18.582645799999963 ], [ -40.139439899999957, -18.582639399999945 ], [ -40.139446599999978, -18.582634 ], [ -40.139454199999932, -18.582629799999957 ], [ -40.139462399999957, -18.58262689999998 ], [ -40.139471, -18.582625399999923 ], [ -40.139479699999981, -18.582625199999942 ], [ -40.139488399999948, -18.582626499999936 ], [ -40.139552699999967, -18.582622 ], [ -40.139616099999955, -18.582610399999968 ], [ -40.13967759999997, -18.582591799999925 ], [ -40.139736399999947, -18.582566599999943 ], [ -40.139791699999932, -18.582534899999935 ], [ -40.139842799999947, -18.582497299999943 ], [ -40.139854699999944, -18.582481899999948 ], [ -40.139869099999942, -18.582468499999944 ], [ -40.139885499999934, -18.582457399999949 ], [ -40.139903499999946, -18.582448899999978 ], [ -40.139922699999943, -18.58244319999995 ], [ -40.139942599999983, -18.582440599999934 ], [ -40.139962699999963, -18.582440899999938 ], [ -40.139982499999974, -18.582444299999967 ], [ -40.140001399999953, -18.582450699999981 ], [ -40.140019099999961, -18.582459799999981 ], [ -40.140035099999977, -18.582471499999947 ], [ -40.140059199999946, -18.582489 ], [ -40.140086, -18.582502599999945 ], [ -40.140114699999977, -18.582512 ], [ -40.140144599999978, -18.582516899999963 ], [ -40.140174899999977, -18.582517299999946 ], [ -40.140204899999958, -18.582513 ], [ -40.140233799999976, -18.582504299999979 ], [ -40.14026089999993, -18.582491299999962 ], [ -40.140401, -18.58240219999994 ], [ -40.140434399999947, -18.582378899999984 ], [ -40.140464099999981, -18.582351499999966 ], [ -40.140489499999944, -18.582320399999961 ], [ -40.140510199999945, -18.582286199999945 ], [ -40.140525799999978, -18.582249699999981 ], [ -40.14053469999994, -18.582216499999955 ], [ -40.140549299999975, -18.582185099999961 ], [ -40.140569, -18.582156499999954 ], [ -40.140593399999943, -18.582131299999958 ], [ -40.140621799999963, -18.582110299999961 ], [ -40.1406535, -18.582094 ], [ -40.140687499999956, -18.582082899999929 ], [ -40.140810199999976, -18.582071899999949 ], [ -40.140933399999938, -18.582067599999956 ], [ -40.141056599999956, -18.58207 ], [ -40.141179499999971, -18.582079 ], [ -40.141301699999985, -18.582094599999941 ], [ -40.141422699999964, -18.582116799999945 ], [ -40.141542199999947, -18.582145399999941 ], [ -40.141614199999935, -18.582173099999977 ], [ -40.142812099999958, -18.582093599999954 ], [ -40.142860599999956, -18.582072 ], [ -40.142903699999977, -18.582070799999951 ], [ -40.14294589999998, -18.582062799999949 ], [ -40.14298609999998, -18.582048 ], [ -40.143023199999966, -18.582027099999959 ], [ -40.143055899999979, -18.582000399999977 ], [ -40.143083599999954, -18.581968899999932 ], [ -40.14310519999998, -18.581933399999976 ], [ -40.143120299999971, -18.581894899999952 ], [ -40.143128299999944, -18.581854599999922 ], [ -40.143129099999953, -18.581813499999953 ], [ -40.143122599999963, -18.581772899999983 ], [ -40.143114599999933, -18.581769199999943 ], [ -40.143053699999939, -18.581721799999961 ], [ -40.142993599999961, -18.581649599999928 ], [ -40.142968599999968, -18.581604399999957 ], [ -40.142952799999932, -18.581549299999953 ], [ -40.142963399999985, -18.581225199999942 ], [ -40.14298969999993, -18.580743799999937 ], [ -40.143099199999938, -18.580736399999967 ], [ -40.143208, -18.580722299999938 ], [ -40.143315599999937, -18.580701599999944 ], [ -40.143421599999954, -18.580674299999927 ], [ -40.143525599999975, -18.580640599999988 ], [ -40.143627, -18.580600499999939 ], [ -40.14369679999993, -18.580542099999938 ], [ -40.14377, -18.580487499999951 ], [ -40.14384629999995, -18.580437 ], [ -40.143925399999951, -18.580390699999953 ], [ -40.144007299999942, -18.580348799999957 ], [ -40.144091399999986, -18.580311399999967 ], [ -40.144389099999955, -18.580153799999938 ], [ -40.144684299999938, -18.57999209999997 ], [ -40.144977099999942, -18.579826399999945 ], [ -40.145011599999975, -18.579795499999943 ], [ -40.145041499999941, -18.579760399999945 ], [ -40.145066, -18.579721699999933 ], [ -40.145084799999957, -18.579680299999961 ], [ -40.145097499999963, -18.57963679999995 ], [ -40.145103899999988, -18.579592 ], [ -40.145103899999974, -18.57954679999995 ], [ -40.144783799999971, -18.579109699999957 ], [ -40.144764, -18.579082699999962 ], [ -40.144948799999959, -18.578929399999929 ], [ -40.14495009999996, -18.578869599999962 ], [ -40.144970199999932, -18.577899199999937 ], [ -40.144528599999951, -18.577991599999965 ], [ -40.144592499999924, -18.577473599999966 ], [ -40.144619199999966, -18.577250699999983 ], [ -40.144612499999937, -18.577224 ], [ -40.144585899999981, -18.577189099999941 ], [ -40.144529299999931, -18.577172499999964 ], [ -40.143594299999968, -18.577357199999938 ], [ -40.14359179999996, -18.577903699999986 ], [ -40.143611899999939, -18.578183399999951 ], [ -40.143580699999973, -18.57819 ], [ -40.14354869999994, -18.578242299999932 ], [ -40.143510299999946, -18.578290699999968 ], [ -40.143466199999978, -18.578334399999964 ], [ -40.143417, -18.578372799999951 ], [ -40.143363299999976, -18.57840529999994 ], [ -40.143306, -18.578431599999927 ], [ -40.142350799999981, -18.578597699999939 ], [ -40.142344699999967, -18.578534299999948 ], [ -40.139359799999973, -18.578684099999965 ], [ -40.13925, -18.578697399999946 ] ] ], [ [ [ -40.017673099999968, -18.509797599999956 ], [ -40.017823, -18.509785199999953 ], [ -40.017915899999942, -18.509757399999955 ], [ -40.017978099999929, -18.5097206 ], [ -40.018028799999968, -18.50967019999997 ], [ -40.018068, -18.509611199999938 ], [ -40.018130299999939, -18.509406199999948 ], [ -40.018301399999984, -18.508842699999935 ], [ -40.018412799999965, -18.508871799999948 ], [ -40.018525199999949, -18.508901199999972 ], [ -40.018679199999951, -18.508941499999938 ], [ -40.018810299999984, -18.508975799999963 ], [ -40.018861499999957, -18.508817099999931 ], [ -40.018989199999957, -18.508852199999971 ], [ -40.019098699999972, -18.508882399999933 ], [ -40.019295399999976, -18.50893849999995 ], [ -40.019437399999958, -18.508980699999931 ], [ -40.019615899999962, -18.509035599999947 ], [ -40.019645599999933, -18.509044699999944 ], [ -40.019888399999957, -18.509122199999986 ], [ -40.019891399999956, -18.50912309999995 ], [ -40.020045499999981, -18.508836199999966 ], [ -40.020179499999983, -18.508574 ], [ -40.020249199999967, -18.508429899999967 ], [ -40.02037149999996, -18.508170199999945 ], [ -40.020379299999945, -18.5081527 ], [ -40.020423699999988, -18.508053499999967 ], [ -40.020444299999959, -18.508007499999966 ], [ -40.020480899999939, -18.507925599999972 ], [ -40.020493, -18.507897299999961 ], [ -40.020585299999944, -18.507680199999985 ], [ -40.020681199999956, -18.507443299999974 ], [ -40.020730299999968, -18.507314199999936 ], [ -40.020790799999929, -18.507154599999961 ], [ -40.02080239999998, -18.507062099999931 ], [ -40.020807199999979, -18.50691239999998 ], [ -40.020794299999977, -18.506745699999946 ], [ -40.020772, -18.50662369999997 ], [ -40.020726099999933, -18.506467499999914 ], [ -40.020699499999978, -18.506398399999973 ], [ -40.020671899999968, -18.506335 ], [ -40.020900599999948, -18.506178299999924 ], [ -40.020794599999924, -18.506068 ], [ -40.020602099999962, -18.505916199999938 ], [ -40.020425799999948, -18.505819499999983 ], [ -40.020158799999933, -18.505719499999941 ], [ -40.019993599999971, -18.50564 ], [ -40.019887299999944, -18.505577299999963 ], [ -40.01977729999993, -18.50552069999997 ], [ -40.019616099999951, -18.505452199999969 ], [ -40.01946779999998, -18.505401199999945 ], [ -40.01933339999993, -18.505352499999962 ], [ -40.019239899999953, -18.505310499999947 ], [ -40.019149099999929, -18.50526339999994 ], [ -40.019061499999957, -18.505211099999951 ], [ -40.018896699999971, -18.505092299999955 ], [ -40.018898699999966, -18.505286199999933 ], [ -40.018873299999946, -18.505413299999933 ], [ -40.018859599999985, -18.50557659999992 ], [ -40.018880499999966, -18.505821199999957 ], [ -40.018952299999974, -18.506023399999936 ], [ -40.018981, -18.506153099999946 ], [ -40.018972499999961, -18.506297699999951 ], [ -40.018961599999955, -18.506554099999953 ], [ -40.018616399999985, -18.506461799999961 ], [ -40.018258899999978, -18.506372199999944 ], [ -40.01777089999996, -18.506261 ], [ -40.017298199999978, -18.506164 ], [ -40.016736299999934, -18.506061599999953 ], [ -40.014925299999966, -18.506132399999963 ], [ -40.014850299999978, -18.506442 ], [ -40.014551899999951, -18.506362599999939 ], [ -40.014232399999969, -18.506286199999973 ], [ -40.013969699999969, -18.506236599999962 ], [ -40.01360109999996, -18.50618819999994 ], [ -40.0132814, -18.50616459999997 ], [ -40.012776499999966, -18.506161 ], [ -40.012543899999976, -18.506176099999948 ], [ -40.012221199999942, -18.506212299999955 ], [ -40.012037799999973, -18.506242 ], [ -40.012017899999933, -18.506393499999955 ], [ -40.011891399999968, -18.506579099999961 ], [ -40.011850799999934, -18.506636699999945 ], [ -40.011789299999975, -18.506762299999949 ], [ -40.011769, -18.506829 ], [ -40.012466099999983, -18.506860099999919 ], [ -40.01352, -18.506914699999985 ], [ -40.014164099999959, -18.506952799999976 ], [ -40.01421629999993, -18.506961 ], [ -40.014317699999935, -18.50698929999994 ], [ -40.01447909999996, -18.507038899999948 ], [ -40.014647, -18.507061199999956 ], [ -40.014900099999977, -18.507042499999958 ], [ -40.015129799999961, -18.50701769999996 ], [ -40.015404399999959, -18.507032099999957 ], [ -40.01553279999996, -18.507055199999975 ], [ -40.015411799999981, -18.507871699999964 ], [ -40.015308499999946, -18.508511799999962 ], [ -40.015208599999937, -18.509088499999951 ], [ -40.015111599999962, -18.509615699999916 ], [ -40.015063299999952, -18.509873399999954 ], [ -40.015053099999932, -18.509924 ], [ -40.015047899999956, -18.509968199999943 ], [ -40.015058799999963, -18.510011499999969 ], [ -40.015084499999944, -18.510048599999951 ], [ -40.016514099999945, -18.509902499999942 ], [ -40.017673099999968, -18.509797599999956 ] ] ], [ [ [ -40.044089399999969, -18.503272099999943 ], [ -40.043691199999962, -18.504286 ], [ -40.044090399999966, -18.504347499999938 ], [ -40.044100399999941, -18.504401499999972 ], [ -40.04411709999993, -18.504454 ], [ -40.044140399999947, -18.504504099999973 ], [ -40.044169899999929, -18.504551099999965 ], [ -40.044205199999965, -18.50459439999997 ], [ -40.044245799999942, -18.504633299999973 ], [ -40.044291, -18.504667099999939 ], [ -40.044340199999972, -18.504695499999961 ], [ -40.044392599999981, -18.504718 ], [ -40.04517, -18.504972899999935 ], [ -40.045945699999947, -18.50523249999998 ], [ -40.0467197, -18.505496899999962 ], [ -40.046771599999936, -18.505458899999962 ], [ -40.046826299999964, -18.505394399999947 ], [ -40.047080499999936, -18.504808799999978 ], [ -40.04737259999996, -18.504038799999936 ], [ -40.047658199999944, -18.503266699999923 ], [ -40.047937299999944, -18.50249239999993 ], [ -40.048068299999962, -18.502119699999984 ], [ -40.046713899999929, -18.501803399999975 ], [ -40.046716799999963, -18.501745499999977 ], [ -40.046712199999952, -18.501687599999983 ], [ -40.046702599999954, -18.501465299999936 ], [ -40.046203599999963, -18.501336899999956 ], [ -40.046101, -18.501602699999982 ], [ -40.045507199999975, -18.50145509999993 ], [ -40.045448599999929, -18.501440599999974 ], [ -40.045124499999929, -18.502407699999932 ], [ -40.045071899999975, -18.502585799999967 ], [ -40.045013699999963, -18.502762299999972 ], [ -40.044950099999937, -18.502937199999952 ], [ -40.04488159999994, -18.50310809999997 ], [ -40.044808399999958, -18.503277 ], [ -40.044806599999959, -18.503281 ], [ -40.044726899999944, -18.503449799999942 ], [ -40.044089399999969, -18.503272099999943 ] ] ], [ [ [ -40.088677599999983, -18.491728 ], [ -40.089135, -18.491053799999971 ], [ -40.089953299999934, -18.491200799999952 ], [ -40.090049799999974, -18.490911399999959 ], [ -40.090084399999967, -18.490923199999944 ], [ -40.090944799999939, -18.491216699999946 ], [ -40.091024099999963, -18.490942599999986 ], [ -40.091729799999946, -18.488504299999924 ], [ -40.090873899999963, -18.488552299999977 ], [ -40.090859, -18.488214299999974 ], [ -40.090600599999959, -18.488279799999944 ], [ -40.09053729999993, -18.488305899999947 ], [ -40.090471899999955, -18.488327 ], [ -40.090404899999953, -18.488342899999964 ], [ -40.090336799999932, -18.488353399999934 ], [ -40.090268, -18.488358499999936 ], [ -40.090199, -18.488358199999944 ], [ -40.090010199999938, -18.488364499999939 ], [ -40.089821699999959, -18.488375399999942 ], [ -40.089633499999941, -18.488391 ], [ -40.089445799999964, -18.488411299999939 ], [ -40.089273399999968, -18.488437799999932 ], [ -40.0891003, -18.488459399999961 ], [ -40.088926599999979, -18.488476299999931 ], [ -40.088752399999983, -18.488488299999986 ], [ -40.088577899999969, -18.488495499999939 ], [ -40.088546699999945, -18.488611399999982 ], [ -40.088501399999984, -18.488733 ], [ -40.088452099999984, -18.488853099999972 ], [ -40.088449299999986, -18.488859399999971 ], [ -40.088329699999981, -18.489122799999954 ], [ -40.08817369999997, -18.489416899999984 ], [ -40.088087, -18.489559599999954 ], [ -40.088043199999959, -18.489626 ], [ -40.087918499999951, -18.489817 ], [ -40.087781599999964, -18.490061599999947 ], [ -40.087721299999949, -18.490187799999944 ], [ -40.087666699999943, -18.490316299999961 ], [ -40.087659599999938, -18.490397599999934 ], [ -40.087678199999978, -18.49047719999993 ], [ -40.087753399999947, -18.490629 ], [ -40.087794399999943, -18.490815199999933 ], [ -40.087770499999976, -18.490932199999968 ], [ -40.0876593, -18.491273399999955 ], [ -40.087609499999985, -18.491382699999967 ], [ -40.087491499999942, -18.491592899999947 ], [ -40.087423699999938, -18.491693 ], [ -40.087288099999974, -18.491860199999973 ], [ -40.087178799999947, -18.49201259999996 ], [ -40.08709139999997, -18.49217729999997 ], [ -40.087036099999978, -18.492328399999966 ], [ -40.086983, -18.492522799999961 ], [ -40.086937699999972, -18.492788 ], [ -40.086916599999952, -18.493103 ], [ -40.086833199999944, -18.493270799999951 ], [ -40.086763399999938, -18.493322899999956 ], [ -40.086677199999947, -18.493401799999955 ], [ -40.086227399999984, -18.494470599999939 ], [ -40.08640859999997, -18.494559099999936 ], [ -40.086754899999967, -18.494728099999975 ], [ -40.086795399999971, -18.494747899999936 ], [ -40.086876, -18.494590799999973 ], [ -40.086993, -18.494363199999967 ], [ -40.087084299999965, -18.494151199999983 ], [ -40.087121399999944, -18.49404219999996 ], [ -40.087196899999988, -18.493706199999952 ], [ -40.087219899999987, -18.493496099999955 ], [ -40.08724529999995, -18.4932636 ], [ -40.087271299999941, -18.493026299999933 ], [ -40.087275399999953, -18.492988399999952 ], [ -40.087305699999945, -18.4927 ], [ -40.087338, -18.492544499999944 ], [ -40.087362699999971, -18.49246879999993 ], [ -40.087428599999953, -18.49232329999996 ], [ -40.087593899999945, -18.492098699999929 ], [ -40.087701399999958, -18.491956899999938 ], [ -40.087746699999968, -18.491970799999933 ], [ -40.088010699999984, -18.492052199999929 ], [ -40.089105599999982, -18.492389899999985 ], [ -40.089322099999947, -18.491919299999946 ], [ -40.088677599999983, -18.491728 ] ] ], [ [ [ -39.737113499999964, -19.117412299999948 ], [ -39.737193799999943, -19.117081599999945 ], [ -39.737098599999968, -19.116877699999971 ], [ -39.737035, -19.116708599999988 ], [ -39.737128199999972, -19.116469099999964 ], [ -39.737106599999954, -19.116319699999963 ], [ -39.737189099999974, -19.116030399999932 ], [ -39.737157099999934, -19.115891099999946 ], [ -39.737134799999978, -19.115582299999968 ], [ -39.737259299999955, -19.115342699999921 ], [ -39.737383799999975, -19.115063199999963 ], [ -39.737571, -19.114773499999956 ], [ -39.737863599999969, -19.114652799999927 ], [ -39.738125199999949, -19.114621899999968 ], [ -39.738355299999974, -19.114561199999958 ], [ -39.738626699999934, -19.114370799999964 ], [ -39.738908199999969, -19.114090699999959 ], [ -39.739136899999956, -19.11372109999996 ], [ -39.739183499999967, -19.113601399999933 ], [ -39.739230099999936, -19.113481599999947 ], [ -39.739249799999982, -19.113202599999958 ], [ -39.739123199999945, -19.112983899999968 ], [ -39.738975899999957, -19.112825099999959 ], [ -39.738733699999962, -19.112527099999973 ], [ -39.738534, -19.112348599999962 ], [ -39.7383445, -19.112120199999922 ], [ -39.738248799999958, -19.111791799999938 ], [ -39.738247199999932, -19.111433099999935 ], [ -39.738246599999968, -19.111283699999941 ], [ -39.7381726, -19.111144499999948 ], [ -39.738192799999986, -19.110975 ], [ -39.738223399999981, -19.110775599999961 ], [ -39.738107099999986, -19.110537 ], [ -39.737885899999988, -19.110239 ], [ -39.737823499999941, -19.110104799999924 ], [ -39.737778099999957, -19.109993799999934 ], [ -39.737741299999975, -19.109800199999938 ], [ -39.737764, -19.10951509999995 ], [ -39.737834899999946, -19.109303899999937 ], [ -39.737882099999979, -19.109144199999953 ], [ -39.737887399999977, -19.108978899999936 ], [ -39.737874699999963, -19.108825 ], [ -39.737891799999936, -19.10863119999992 ], [ -39.737925299999972, -19.108083899999937 ], [ -39.737956, -19.107341199999958 ], [ -39.737964799999936, -19.107088 ], [ -39.737967, -19.10684719999994 ], [ -39.738002299999948, -19.106653299999952 ], [ -39.738077099999941, -19.106471599999971 ], [ -39.738144699999971, -19.106236399999943 ], [ -39.738216799999982, -19.10607089999996 ], [ -39.738294499999945, -19.105811099999986 ], [ -39.73833609999997, -19.105532799999935 ], [ -39.738308899999936, -19.105348399999976 ], [ -39.738320499999929, -19.104985699999922 ], [ -39.738273599999964, -19.104804599999959 ], [ -39.73823, -19.104598399999922 ], [ -39.738172699999957, -19.104286099999971 ], [ -39.738052799999934, -19.103939499999974 ], [ -39.737817799999959, -19.103615299999948 ], [ -39.737695, -19.10335009999994 ], [ -39.737592099999979, -19.103134799999971 ], [ -39.737463, -19.102944599999944 ], [ -39.737205499999966, -19.10272679999996 ], [ -39.736908199999959, -19.102421699999972 ], [ -39.736698099999963, -19.102254499999969 ], [ -39.736515299999951, -19.102110799999927 ], [ -39.736268099999961, -19.101949 ], [ -39.736163499999975, -19.101902599999967 ], [ -39.736058899999932, -19.101856099999953 ], [ -39.735822, -19.101780099999917 ], [ -39.73549509999998, -19.101676 ], [ -39.735212599999954, -19.101432 ], [ -39.734781799999951, -19.101266 ], [ -39.734537099999955, -19.101036 ], [ -39.734275399999952, -19.100784199999961 ], [ -39.733899299999962, -19.100458699999937 ], [ -39.733670599999982, -19.100147199999981 ], [ -39.733563099999962, -19.100011699999982 ], [ -39.733406199999934, -19.099709399999938 ], [ -39.73322729999996, -19.099441599999967 ], [ -39.73320869999997, -19.099314099999951 ], [ -39.73314239999997, -19.099206099999954 ], [ -39.732928299999969, -19.09899419999994 ], [ -39.732796099999973, -19.098771399999972 ], [ -39.732672299999933, -19.098211899999971 ], [ -39.732625499999983, -19.097788899999951 ], [ -39.732619199999938, -19.097374299999963 ], [ -39.732616, -19.097279399999934 ], [ -39.732601799999948, -19.0968655 ], [ -39.732590799999976, -19.09654509999995 ], [ -39.732438099999968, -19.092088 ], [ -39.7324139, -19.091381499999958 ], [ -39.732406299999987, -19.091160299999945 ], [ -39.733672, -19.086967599999969 ], [ -39.73182159999994, -19.083312199999973 ], [ -39.732808599999942, -19.078510399999967 ], [ -39.73041, -19.075030599999938 ], [ -39.732565399999935, -19.064903599999976 ], [ -39.728888199999972, -19.062649399999948 ], [ -39.732816499999949, -19.059407 ], [ -39.737024199999951, -19.057121899999977 ], [ -39.740875699999954, -19.057455299999958 ], [ -39.744896099999956, -19.054298799999959 ], [ -39.74497249999996, -19.05089629999997 ], [ -39.741347099999984, -19.044747499999964 ], [ -39.741290099999958, -19.044766899999949 ], [ -39.741095799999982, -19.044799399999935 ], [ -39.74076, -19.044908499999959 ], [ -39.740227499999946, -19.045156599999927 ], [ -39.735111499999967, -19.047694799999935 ], [ -39.727671899999955, -19.051436699999964 ], [ -39.725340899999942, -19.052529499999928 ], [ -39.725094, -19.053460699999953 ], [ -39.725084499999987, -19.053497499999924 ], [ -39.7250734, -19.053572599999935 ], [ -39.724987699999929, -19.05399539999997 ], [ -39.724946499999923, -19.054427899999947 ], [ -39.724911899999945, -19.054661099999972 ], [ -39.724632299999932, -19.056776599999978 ], [ -39.724452799999938, -19.058702399999955 ], [ -39.724422, -19.059033299999953 ], [ -39.723924599999982, -19.061865299999969 ], [ -39.723565699999938, -19.063727599999932 ], [ -39.723472199999946, -19.063890699999948 ], [ -39.723019399999941, -19.06467959999997 ], [ -39.722758199999937, -19.06555289999995 ], [ -39.722396399999973, -19.066736699999968 ], [ -39.722188399999936, -19.067672299999966 ], [ -39.722149299999963, -19.068084299999949 ], [ -39.722125599999977, -19.068809099999953 ], [ -39.722061499999946, -19.073691099999959 ], [ -39.722040699999987, -19.074046 ], [ -39.721945199999936, -19.075538899999962 ], [ -39.721937899999944, -19.076088599999938 ], [ -39.721914399999946, -19.077845699999948 ], [ -39.721822399999951, -19.080133399999962 ], [ -39.721680899999967, -19.081116699999935 ], [ -39.721523, -19.082213299999975 ], [ -39.721512099999984, -19.082288599999966 ], [ -39.72143959999994, -19.083122599999957 ], [ -39.721391299999944, -19.08370269999995 ], [ -39.721342499999935, -19.084162 ], [ -39.721217099999933, -19.084525 ], [ -39.72105369999997, -19.084900199999929 ], [ -39.720966199999971, -19.085214699999938 ], [ -39.720853399999953, -19.085541299999917 ], [ -39.72090559999998, -19.085879399999961 ], [ -39.720983099999955, -19.086181199999935 ], [ -39.721048, -19.086519199999938 ], [ -39.721125499999971, -19.086821 ], [ -39.720783599999947, -19.087027699999965 ], [ -39.720778, -19.087032899999944 ], [ -39.720596, -19.087107799999949 ], [ -39.72051, -19.087321699999961 ], [ -39.720438199999933, -19.087452899999953 ], [ -39.720287499999984, -19.087770299999921 ], [ -39.720173, -19.088087599999938 ], [ -39.720074099999977, -19.088673499999967 ], [ -39.720025899999939, -19.089231599999941 ], [ -39.719933899999944, -19.089748599999943 ], [ -39.719907, -19.090217099999954 ], [ -39.71985849999993, -19.090733899999975 ], [ -39.719795499999982, -19.091236899999945 ], [ -39.7196972, -19.091933 ], [ -39.719685599999934, -19.092601199999919 ], [ -39.719573199999964, -19.093414399999975 ], [ -39.719564599999963, -19.093598 ], [ -39.719533399999925, -19.09426179999997 ], [ -39.719516499999948, -19.094397 ], [ -39.719414399999948, -19.095212899999968 ], [ -39.719410599999939, -19.095249799999973 ], [ -39.719289099999969, -19.096966399999928 ], [ -39.721081899999952, -19.096959399999939 ], [ -39.720925499999964, -19.09880609999993 ], [ -39.720932299999959, -19.098963599999937 ], [ -39.720936499999937, -19.099061499999955 ], [ -39.720957899999981, -19.099556199999938 ], [ -39.720962899999968, -19.099670799999942 ], [ -39.720974199999944, -19.099933299999968 ], [ -39.721040799999969, -19.101473 ], [ -39.721061699999957, -19.101803 ], [ -39.721072699999979, -19.101975899999964 ], [ -39.721103299999974, -19.10245829999997 ], [ -39.721153399999935, -19.103248899999986 ], [ -39.721171, -19.103526499999933 ], [ -39.72118009999997, -19.103670599999912 ], [ -39.721241499999955, -19.106312499999937 ], [ -39.721531499999976, -19.110742399999943 ], [ -39.721592499999929, -19.111675599999963 ], [ -39.721709499999974, -19.113461799999978 ], [ -39.721855099999964, -19.11544819999995 ], [ -39.722097599999984, -19.118755299999965 ], [ -39.722286499999939, -19.121266699999975 ], [ -39.722430399999951, -19.123665399999936 ], [ -39.722617899999925, -19.124975199999934 ], [ -39.722621799999956, -19.125854299999951 ], [ -39.7222958, -19.126903899999945 ], [ -39.722019899999971, -19.127784099999914 ], [ -39.721878599999968, -19.128405599999951 ], [ -39.722007099999985, -19.129515299999973 ], [ -39.722052799999979, -19.12991 ], [ -39.722190599999983, -19.130897399999984 ], [ -39.722700399999951, -19.132179699999945 ], [ -39.722808899999961, -19.133251799999982 ], [ -39.722818599999989, -19.133966699999974 ], [ -39.722830799999933, -19.134860599999961 ], [ -39.722691199999936, -19.136081699999981 ], [ -39.722622499999943, -19.138181299999928 ], [ -39.722654299999924, -19.139514899999927 ], [ -39.723148599999945, -19.139784599999928 ], [ -39.724083299999968, -19.139830299999971 ], [ -39.725821499999945, -19.139625899999942 ], [ -39.72813119999995, -19.139518 ], [ -39.729974499999969, -19.139584799999962 ], [ -39.731600799999967, -19.140076399999945 ], [ -39.732508299999949, -19.140693699999929 ], [ -39.733208, -19.141269599999923 ], [ -39.733790099999965, -19.142099899999952 ], [ -39.734610099999948, -19.143028099999984 ], [ -39.735698, -19.144181 ], [ -39.737691199999972, -19.145533299999954 ], [ -39.73748819999998, -19.14471239999995 ], [ -39.737047099999984, -19.14394389999995 ], [ -39.736353599999973, -19.142991399999982 ], [ -39.736213, -19.140823599999965 ], [ -39.73555709999993, -19.137125299999965 ], [ -39.734015599999957, -19.128432199999963 ], [ -39.734422299999942, -19.126900699999965 ], [ -39.735225199999945, -19.123313199999924 ], [ -39.736070699999971, -19.119464499999939 ], [ -39.736799799999972, -19.119085699999978 ], [ -39.736937699999942, -19.118059299999967 ], [ -39.737113499999964, -19.117412299999948 ] ] ], [ [ [ -39.739526699999942, -18.947070899999979 ], [ -39.73931749999997, -18.947462899999941 ], [ -39.739108399999957, -18.947854899999971 ], [ -39.738955399999959, -18.948405299999934 ], [ -39.738913599999933, -18.948997499999958 ], [ -39.738606399999988, -18.949823299999927 ], [ -39.738453599999957, -18.950394799999966 ], [ -39.73823289999995, -18.950691699999929 ], [ -39.738146699999952, -18.951284099999953 ], [ -39.738148, -18.951591799999946 ], [ -39.738149299999975, -18.951876099999925 ], [ -39.738196599999981, -18.95255259999993 ], [ -39.738355399999932, -18.953313099999935 ], [ -39.738090599999964, -18.953673599999945 ], [ -39.737796599999974, -18.954125899999958 ], [ -39.737591699999939, -18.954662399999961 ], [ -39.737533299999946, -18.954845799999941 ], [ -39.737326099999962, -18.954846699999965 ], [ -39.737163599999974, -18.954903699999928 ], [ -39.736987, -18.955144 ], [ -39.736797099999933, -18.955694499999943 ], [ -39.736768899999959, -18.956018899999947 ], [ -39.736743, -18.956878799999973 ], [ -39.736746899999957, -18.957766899999974 ], [ -39.736711, -18.959147799999979 ], [ -39.741213699999946, -18.95943549999992 ], [ -39.744076699999944, -18.957512599999969 ], [ -39.75155319999994, -18.956469299999974 ], [ -39.752079699999967, -18.956395799999946 ], [ -39.753856599999956, -18.95514339999994 ], [ -39.756892899999968, -18.953996599999986 ], [ -39.754681199999943, -18.95064 ], [ -39.752581399999947, -18.947453099999958 ], [ -39.747676, -18.942889699999967 ], [ -39.746862599999929, -18.940808 ], [ -39.745824399999954, -18.937877799999963 ], [ -39.745142599999944, -18.935648699999948 ], [ -39.743075899999944, -18.935486299999976 ], [ -39.742846799999931, -18.935510699999945 ], [ -39.742794099999976, -18.936083499999935 ], [ -39.742356399999956, -18.938450199999977 ], [ -39.742199699999958, -18.939865899999969 ], [ -39.741939899999977, -18.940991199999928 ], [ -39.741659099999936, -18.942000299999957 ], [ -39.741498299999932, -18.942495199999954 ], [ -39.741337499999929, -18.94299019999994 ], [ -39.740855799999963, -18.944620399999952 ], [ -39.74001149999998, -18.946036399999969 ], [ -39.739763, -18.946453099999935 ], [ -39.739710299999949, -18.946717399999955 ], [ -39.739526699999942, -18.947070899999979 ] ] ], [ [ [ -39.768918099999951, -18.735251399999985 ], [ -39.771829399999952, -18.735413699999974 ], [ -39.773562, -18.735523499999942 ], [ -39.77361609999997, -18.734471399999951 ], [ -39.773667599999953, -18.733482899999956 ], [ -39.774159499999946, -18.733492699999939 ], [ -39.774925599999968, -18.733536299999969 ], [ -39.7793521, -18.733818699999961 ], [ -39.778641, -18.733010399999944 ], [ -39.778050099999966, -18.731152899999927 ], [ -39.777645399999983, -18.730799499999943 ], [ -39.777194099999974, -18.730236199999972 ], [ -39.776548499999933, -18.730012199999965 ], [ -39.776156, -18.729715 ], [ -39.775720299999932, -18.729340099999945 ], [ -39.775460199999948, -18.728870699999959 ], [ -39.775398399999972, -18.728699799999958 ], [ -39.775390799999983, -18.72868149999994 ], [ -39.775358599999954, -18.728620399999954 ], [ -39.775053299999961, -18.727802699999934 ], [ -39.774554, -18.72681469999997 ], [ -39.773758299999933, -18.725922299999983 ], [ -39.771280099999963, -18.72402349999993 ], [ -39.771126699999968, -18.723906 ], [ -39.770875699999984, -18.723105499999978 ], [ -39.771165299999957, -18.721501499999917 ], [ -39.771403299999974, -18.719426199999923 ], [ -39.772000499999933, -18.71717679999994 ], [ -39.772153599999967, -18.716617099999954 ], [ -39.772229599999953, -18.716341899999964 ], [ -39.771820399999967, -18.716296599999957 ], [ -39.770413, -18.716155399999938 ], [ -39.769266499999958, -18.716039099999932 ], [ -39.768390899999929, -18.715967099999954 ], [ -39.76762279999997, -18.715918699999968 ], [ -39.762056499999971, -18.71551129999995 ], [ -39.759896899999937, -18.715341899999952 ], [ -39.759193, -18.715283699999915 ], [ -39.758261399999981, -18.715195399999967 ], [ -39.75824549999993, -18.715193699999933 ], [ -39.757839199999971, -18.715162299999971 ], [ -39.756737, -18.715077199999939 ], [ -39.75591129999998, -18.715019 ], [ -39.75449279999998, -18.71490789999995 ], [ -39.753381299999944, -18.714828499999957 ], [ -39.752566199999933, -18.714759699999945 ], [ -39.751671599999959, -18.714706699999955 ], [ -39.750666, -18.714616699999958 ], [ -39.748956299999968, -18.714458 ], [ -39.747638399999971, -18.714373299999973 ], [ -39.747349899999953, -18.714369099999935 ], [ -39.746548099999984, -18.71436639999996 ], [ -39.746543599999946, -18.714449599999966 ], [ -39.746545599999934, -18.714919299999959 ], [ -39.74654929999997, -18.715763899999953 ], [ -39.746526399999937, -18.71681529999994 ], [ -39.746449799999944, -18.718195599999945 ], [ -39.746371299999964, -18.719142199999958 ], [ -39.746388799999984, -18.720009599999958 ], [ -39.746363, -18.720403899999951 ], [ -39.746339, -18.72121889999994 ], [ -39.746135, -18.724965299999948 ], [ -39.746077599999978, -18.72634 ], [ -39.74604769999997, -18.72705529999995 ], [ -39.746054299999969, -18.728553599999927 ], [ -39.74615479999995, -18.731611299999937 ], [ -39.746169599999973, -18.732062199999977 ], [ -39.746308399999968, -18.735094599999965 ], [ -39.746509099999969, -18.739467799999936 ], [ -39.746509899999978, -18.739486399999969 ], [ -39.746512499999938, -18.739542199999956 ], [ -39.746756599999969, -18.741829099999958 ], [ -39.746771199999962, -18.741966 ], [ -39.746822499999951, -18.742868099999956 ], [ -39.746915899999976, -18.744511299999953 ], [ -39.746939199999929, -18.744922399999943 ], [ -39.747011599999951, -18.747265599999935 ], [ -39.74703889999995, -18.748150899999924 ], [ -39.747098199999982, -18.750069199999928 ], [ -39.747115, -18.750614099999954 ], [ -39.747121499999935, -18.750811899999963 ], [ -39.747139699999927, -18.751367399999932 ], [ -39.747200699999951, -18.753228599999932 ], [ -39.747233899999962, -18.754241199999967 ], [ -39.747345099999961, -18.757635399999977 ], [ -39.747374299999933, -18.757802 ], [ -39.747639499999941, -18.763105599999946 ], [ -39.747679499999954, -18.764303799999933 ], [ -39.747737699999952, -18.766044399999945 ], [ -39.747852099999932, -18.769469899999937 ], [ -39.74785379999998, -18.769521599999965 ], [ -39.747869199999968, -18.769758299999964 ], [ -39.74790249999996, -18.770273499999966 ], [ -39.74786789999996, -18.771716699999942 ], [ -39.748047399999962, -18.774429 ], [ -39.748125899999934, -18.775241699999988 ], [ -39.748158, -18.776198799999982 ], [ -39.767700699999985, -18.775867099999964 ], [ -39.768199199999962, -18.772685699999954 ], [ -39.768561199999965, -18.770453699999958 ], [ -39.768579199999984, -18.77034289999995 ], [ -39.768793199999955, -18.768997199999959 ], [ -39.768876, -18.768457599999973 ], [ -39.769075, -18.767110899999984 ], [ -39.769211799999937, -18.766185199999942 ], [ -39.76927459999996, -18.765760499999931 ], [ -39.769316599999968, -18.76547609999994 ], [ -39.76942709999998, -18.76472839999996 ], [ -39.769485199999963, -18.7643351 ], [ -39.769521, -18.764092599999952 ], [ -39.769572399999959, -18.763745 ], [ -39.769609899999985, -18.763490899999969 ], [ -39.7696519, -18.763206599999936 ], [ -39.76971089999995, -18.762807399999925 ], [ -39.769643899999949, -18.762429 ], [ -39.76942159999993, -18.76117279999994 ], [ -39.769238799999989, -18.76014019999996 ], [ -39.769185899999968, -18.759841199999983 ], [ -39.76914759999994, -18.759624799999923 ], [ -39.76909779999994, -18.759343499999925 ], [ -39.768815099999983, -18.757746099999952 ], [ -39.768644199999983, -18.756780299999946 ], [ -39.768630199999961, -18.756662399999978 ], [ -39.768569599999971, -18.756358899999967 ], [ -39.768400399999969, -18.755402599999957 ], [ -39.768349899999976, -18.755117099999939 ], [ -39.768311899999958, -18.754902799999954 ], [ -39.768042099999946, -18.753377799999942 ], [ -39.767916099999987, -18.75266589999995 ], [ -39.767745699999985, -18.751703199999952 ], [ -39.767655799999943, -18.75119519999993 ], [ -39.767795099999951, -18.749629899999952 ], [ -39.767870499999958, -18.748782399999982 ], [ -39.767897699999935, -18.748477 ], [ -39.767908699999964, -18.748352599999972 ], [ -39.767931199999964, -18.748100099999924 ], [ -39.767999199999963, -18.747335599999921 ], [ -39.768060699999978, -18.74664469999993 ], [ -39.768068899999953, -18.746552699999938 ], [ -39.768071699999958, -18.746521299999912 ], [ -39.768110799999938, -18.746082 ], [ -39.768177599999945, -18.745331399999948 ], [ -39.768227499999973, -18.744770499999962 ], [ -39.768359499999974, -18.742726699999931 ], [ -39.768427599999946, -18.741672899999969 ], [ -39.768439599999972, -18.741486799999961 ], [ -39.768450899999955, -18.741311099999951 ], [ -39.768458199999941, -18.741199199999979 ], [ -39.768495599999937, -18.740620099999951 ], [ -39.7684996, -18.740558 ], [ -39.768544499999962, -18.739862699999943 ], [ -39.768561199999965, -18.739603799999944 ], [ -39.768726199999946, -18.737050099999973 ], [ -39.768787599999939, -18.736577099999984 ], [ -39.768804399999965, -18.736333499999951 ], [ -39.768918099999951, -18.735251399999985 ] ] ], [ [ [ -39.795299, -18.735521 ], [ -39.795272599999976, -18.735507599999941 ], [ -39.794964399999969, -18.735350599999954 ], [ -39.794669699999936, -18.735149099999951 ], [ -39.794640499999964, -18.735129099999931 ], [ -39.794122599999987, -18.734761899999977 ], [ -39.793996399999969, -18.734672499999935 ], [ -39.793828, -18.734550099999975 ], [ -39.7924321, -18.736212499999972 ], [ -39.792004499999962, -18.737468899999957 ], [ -39.78905119999996, -18.736614399999947 ], [ -39.789037699999938, -18.736648199999934 ], [ -39.788980299999935, -18.736806899999984 ], [ -39.788892499999974, -18.736969 ], [ -39.788838399999968, -18.737090599999924 ], [ -39.788824899999952, -18.737164899999982 ], [ -39.788791099999976, -18.737408099999971 ], [ -39.78876409999998, -18.737536499999976 ], [ -39.788716799999975, -18.737745899999936 ], [ -39.788548, -18.738151199999947 ], [ -39.788338599999967, -18.738468599999972 ], [ -39.787886, -18.739272499999974 ], [ -39.788305199999968, -18.739376299999947 ], [ -39.7975977, -18.741495 ], [ -39.798614799999932, -18.741688099999976 ], [ -39.798584399999982, -18.741217399999989 ], [ -39.798025899999978, -18.73967539999995 ], [ -39.79708839999995, -18.737087399999947 ], [ -39.796391599999943, -18.735648899999948 ], [ -39.796385899999969, -18.735649799999976 ], [ -39.796004399999966, -18.735664199999977 ], [ -39.795730899999974, -18.735653899999932 ], [ -39.795672299999978, -18.735641499999932 ], [ -39.795522199999944, -18.735609599999979 ], [ -39.795335299999977, -18.73553539999995 ], [ -39.795299, -18.735521 ] ] ], [ [ [ -39.893422099999952, -18.724420899999924 ], [ -39.893565299999977, -18.724155599999968 ], [ -39.893628599999943, -18.724108199999925 ], [ -39.89416679999993, -18.7239221 ], [ -39.894158799999964, -18.724109 ], [ -39.89429679999995, -18.724055799999977 ], [ -39.894357699999944, -18.723999799999945 ], [ -39.894413499999985, -18.723948899999982 ], [ -39.894554199999959, -18.723895499999976 ], [ -39.894634299999943, -18.723885799999941 ], [ -39.894813899999967, -18.723859099999959 ], [ -39.894949699999984, -18.723793599999972 ], [ -39.895105, -18.723711099999935 ], [ -39.895255499999955, -18.723660099999965 ], [ -39.895505399999927, -18.723546099999972 ], [ -39.895592699999952, -18.723538799999975 ], [ -39.895876599999944, -18.723514499999958 ], [ -39.896039199999969, -18.723463599999942 ], [ -39.896286699999955, -18.723398099999937 ], [ -39.896597199999974, -18.723398099999944 ], [ -39.896752499999941, -18.723378699999952 ], [ -39.897041299999962, -18.723325299999935 ], [ -39.897458599999936, -18.72332769999997 ], [ -39.897701799999936, -18.723233099999973 ], [ -39.898099699999932, -18.723145699999982 ], [ -39.898623799999946, -18.723145699999961 ], [ -39.898915, -18.723116599999976 ], [ -39.899177, -18.722951599999938 ], [ -39.899604099999969, -18.722631399999962 ], [ -39.899778799999972, -18.722398399999978 ], [ -39.900045699999971, -18.722104799999951 ], [ -39.900154899999968, -18.721947099999973 ], [ -39.900302899999936, -18.721702099999959 ], [ -39.900382899999968, -18.721529799999928 ], [ -39.900431499999961, -18.721396399999954 ], [ -39.900487299999952, -18.720971699999946 ], [ -39.900504199999943, -18.720845599999965 ], [ -39.900530899999978, -18.720717 ], [ -39.900560799999944, -18.720417299999962 ], [ -39.90048, -18.720015799999942 ], [ -39.905886499999951, -18.718541699999943 ], [ -39.90526559999995, -18.716779799999919 ], [ -39.905203099999945, -18.716768699999932 ], [ -39.905253499999958, -18.716751899999963 ], [ -39.905402499999973, -18.716702899999966 ], [ -39.906655399999977, -18.716291399999928 ], [ -39.906777699999957, -18.716134199999942 ], [ -39.906678799999959, -18.715956699999943 ], [ -39.906385, -18.715676 ], [ -39.90609859999995, -18.715438199999934 ], [ -39.90598609999995, -18.71529889999994 ], [ -39.905928399999937, -18.715140399999942 ], [ -39.905898, -18.714918 ], [ -39.905908899999929, -18.714787 ], [ -39.905921099999951, -18.714713 ], [ -39.905947699999956, -18.71462079999997 ], [ -39.905968399999949, -18.714493399999988 ], [ -39.905963499999977, -18.714326 ], [ -39.905927099999985, -18.71416459999994 ], [ -39.905889499999951, -18.714080899999939 ], [ -39.905752399999983, -18.713839499999953 ], [ -39.905669899999964, -18.713674499999978 ], [ -39.905626299999938, -18.713554399999957 ], [ -39.905617799999966, -18.713441599999943 ], [ -39.90562539999997, -18.713323199999937 ], [ -39.905683099999983, -18.713142799999957 ], [ -39.905822199999939, -18.712987099999957 ], [ -39.906059, -18.71268149999997 ], [ -39.906384099999968, -18.712476699999986 ], [ -39.906607299999969, -18.711985499999983 ], [ -39.906606899999936, -18.711917199999963 ], [ -39.906252399999971, -18.710726699999945 ], [ -39.906214299999931, -18.710598699999938 ], [ -39.90333, -18.711552899999955 ], [ -39.903539399999943, -18.712165099999936 ], [ -39.904045599999961, -18.71354 ], [ -39.904662, -18.715241599999963 ], [ -39.904697899999974, -18.715340499999975 ], [ -39.903374, -18.715338199999966 ], [ -39.903189699999984, -18.714842299999937 ], [ -39.901988599999981, -18.714806799999955 ], [ -39.901892, -18.714494199999937 ], [ -39.901768599999969, -18.714096599999948 ], [ -39.901675, -18.713775099999964 ], [ -39.901610499999954, -18.713537299999942 ], [ -39.901245199999941, -18.713457899999966 ], [ -39.900995599999938, -18.713508699999963 ], [ -39.900859699999955, -18.713586299999985 ], [ -39.900767499999979, -18.713882299999955 ], [ -39.900762699999973, -18.714940199999948 ], [ -39.900651, -18.715061599999956 ], [ -39.900182799999982, -18.715542 ], [ -39.900136699999962, -18.715609899999944 ], [ -39.900078399999984, -18.715736099999962 ], [ -39.900066299999928, -18.715835599999938 ], [ -39.900071099999934, -18.715993299999987 ], [ -39.900139099999933, -18.716136399999971 ], [ -39.900219199999974, -18.716206799999956 ], [ -39.900364699999962, -18.716260199999958 ], [ -39.900774799999972, -18.71628439999995 ], [ -39.90093029999997, -18.716296499999945 ], [ -39.900951699999951, -18.716334599999985 ], [ -39.900928399999941, -18.716669499999959 ], [ -39.900837, -18.71688539999996 ], [ -39.900816899999938, -18.716933 ], [ -39.900562499999978, -18.717130599999962 ], [ -39.899978199999964, -18.717307699999928 ], [ -39.899135899999976, -18.716988899999929 ], [ -39.899071799999945, -18.716726199999982 ], [ -39.899170499999968, -18.716414899999961 ], [ -39.89936959999995, -18.716103099999927 ], [ -39.899389099999951, -18.716048499999939 ], [ -39.898622099999955, -18.71601309999993 ], [ -39.89623249999994, -18.715772599999976 ], [ -39.8946438, -18.715592899999933 ], [ -39.89457619999996, -18.715488199999978 ], [ -39.894498499999941, -18.715383499999984 ], [ -39.894380299999973, -18.715268699999964 ], [ -39.894289099999988, -18.715153799999936 ], [ -39.894275599999958, -18.714927499999934 ], [ -39.894316199999935, -18.714708 ], [ -39.894479599999954, -18.714374899999939 ], [ -39.894550099999947, -18.713827599999949 ], [ -39.895134799999944, -18.709289299999973 ], [ -39.892414099999947, -18.709287 ], [ -39.8924, -18.709287 ], [ -39.89231529999995, -18.709291799999967 ], [ -39.892190699999965, -18.709328599999935 ], [ -39.8920629, -18.709360499999949 ], [ -39.891936699999974, -18.709378099999974 ], [ -39.891743399999946, -18.709341299999949 ], [ -39.891545299999954, -18.709279 ], [ -39.891539399999942, -18.709277499999914 ], [ -39.890919, -18.70911929999993 ], [ -39.889275199999936, -18.708692699999965 ], [ -39.888938099999962, -18.708603299999933 ], [ -39.888407699999959, -18.708470699999967 ], [ -39.888262299999951, -18.70843709999998 ], [ -39.887548199999969, -18.708405199999962 ], [ -39.886586499999964, -18.708395599999953 ], [ -39.886644299999944, -18.709141 ], [ -39.886167199999939, -18.709139099999955 ], [ -39.885849299999961, -18.709178899999927 ], [ -39.885630599999956, -18.709324599999935 ], [ -39.885412, -18.709470299999968 ], [ -39.88498809999993, -18.709841299999937 ], [ -39.884892499999985, -18.709960799999969 ], [ -39.884617099999957, -18.710305 ], [ -39.884511099999933, -18.710464 ], [ -39.884405099999988, -18.710623 ], [ -39.884288399999953, -18.710894 ], [ -39.883941299999954, -18.711727799999949 ], [ -39.883834399999955, -18.71194169999994 ], [ -39.883710099999966, -18.712241499999948 ], [ -39.88349089999997, -18.71239839999992 ], [ -39.8831067, -18.712159899999957 ], [ -39.882709199999972, -18.71192139999993 ], [ -39.882272, -18.711682899999978 ], [ -39.881927499999961, -18.711550399999961 ], [ -39.881450599999944, -18.711418 ], [ -39.881198799999929, -18.711365 ], [ -39.880827899999936, -18.711365 ], [ -39.880443599999985, -18.711444499999981 ], [ -39.880099199999968, -18.711523899999971 ], [ -39.879913699999982, -18.711550399999965 ], [ -39.879635399999984, -18.711523899999982 ], [ -39.879570499999943, -18.711493399999934 ], [ -39.879410199999938, -18.711418 ], [ -39.879333899999949, -18.71136069999995 ], [ -39.879198199999955, -18.711259 ], [ -39.87900609999997, -18.710994799999984 ], [ -39.878986199999936, -18.710967499999967 ], [ -39.878893499999954, -18.710662799999962 ], [ -39.878794699999965, -18.710317 ], [ -39.878791099999937, -18.710304399999941 ], [ -39.87878749999993, -18.710291799999936 ], [ -39.878643099999977, -18.710075199999949 ], [ -39.878628499999934, -18.710053299999966 ], [ -39.878594699999951, -18.709988699999936 ], [ -39.879009499999945, -18.709836499999927 ], [ -39.879051899999979, -18.709582199999943 ], [ -39.879737399999954, -18.709113699999939 ], [ -39.879744399999936, -18.7089731 ], [ -39.879483, -18.708585 ], [ -39.879483, -18.708283799999951 ], [ -39.87960309999994, -18.707755 ], [ -39.880005899999958, -18.70734669999996 ], [ -39.88050759999993, -18.706945199999954 ], [ -39.88055, -18.706884899999984 ], [ -39.880451099999959, -18.7066172 ], [ -39.881617, -18.705881 ], [ -39.881279, -18.705668699999922 ], [ -39.880798199999965, -18.705734299999975 ], [ -39.880255899999959, -18.706156099999944 ], [ -39.879948799999966, -18.706402499999967 ], [ -39.879341599999975, -18.706889699999984 ], [ -39.878964499999938, -18.707240899999938 ], [ -39.878561299999951, -18.70761629999992 ], [ -39.877628499999958, -18.708199099999952 ], [ -39.877101499999988, -18.708335299999938 ], [ -39.877097399999968, -18.708336299999932 ], [ -39.876827699999971, -18.708406 ], [ -39.876749399999945, -18.708426199999955 ], [ -39.876631399999951, -18.70845669999995 ], [ -39.876452799999974, -18.708502799999966 ], [ -39.875867899999946, -18.708653899999938 ], [ -39.875633099999959, -18.708714599999954 ], [ -39.875295499999943, -18.708857 ], [ -39.874336199999966, -18.709261599999945 ], [ -39.873694399999984, -18.709532199999948 ], [ -39.873437399999943, -18.70964059999994 ], [ -39.87319089999994, -18.709764199999942 ], [ -39.872571099999966, -18.710074899999942 ], [ -39.87161789999994, -18.710552699999933 ], [ -39.870953299999947, -18.710885899999933 ], [ -39.86959829999995, -18.71169059999994 ], [ -39.868613099999948, -18.712100899999935 ], [ -39.868069799999951, -18.712307899999931 ], [ -39.867867699999977, -18.712399499999936 ], [ -39.867738299999985, -18.712455 ], [ -39.867632599999986, -18.712500299999927 ], [ -39.867003599999968, -18.712770099999947 ], [ -39.866421799999955, -18.713019599999939 ], [ -39.865808499999964, -18.713272399999944 ], [ -39.864757499999939, -18.713705699999949 ], [ -39.863180099999958, -18.713943 ], [ -39.8615291, -18.714190599999935 ], [ -39.860284, -18.714377 ], [ -39.858792299999948, -18.714090499999951 ], [ -39.857496599999941, -18.713416499999944 ], [ -39.857360599999936, -18.713345699999934 ], [ -39.857210199999933, -18.713277 ], [ -39.856397699999945, -18.712905499999973 ], [ -39.856350599999978, -18.712884 ], [ -39.85596449999997, -18.712707499999969 ], [ -39.855668599999944, -18.712572199999951 ], [ -39.854376299999956, -18.711981299999927 ], [ -39.854199199999982, -18.711739699999963 ], [ -39.853961699999957, -18.711562 ], [ -39.853662899999961, -18.7125033 ], [ -39.852894699999986, -18.712498099999941 ], [ -39.851747, -18.712490299999953 ], [ -39.851088199999943, -18.712485799999975 ], [ -39.850515799999982, -18.712481899999933 ], [ -39.850008499999944, -18.712478499999975 ], [ -39.849413599999934, -18.712474399999959 ], [ -39.848049799999956, -18.712890299999966 ], [ -39.847648299999939, -18.712751199999961 ], [ -39.847430299999985, -18.712827199999936 ], [ -39.846165599999956, -18.71238359999996 ], [ -39.845884799999958, -18.712284599999972 ], [ -39.845682299999964, -18.712214099999979 ], [ -39.845554, -18.7121691 ], [ -39.845091199999956, -18.712008599999947 ], [ -39.844685099999936, -18.711864399999971 ], [ -39.844212699999964, -18.711698699999943 ], [ -39.844640399999946, -18.714565199999988 ], [ -39.844647799999954, -18.714614499999989 ], [ -39.844657099999949, -18.714675799999952 ], [ -39.844666299999972, -18.714727799999924 ], [ -39.844527399999954, -18.714706 ], [ -39.844212099999936, -18.714704299999948 ], [ -39.84414929999997, -18.714713699999955 ], [ -39.844148399999938, -18.714710099999934 ], [ -39.844130399999983, -18.714650699999932 ], [ -39.836882899999971, -18.712344699999971 ], [ -39.836537, -18.71243289999995 ], [ -39.835130099999958, -18.712746899999956 ], [ -39.835002299999985, -18.712387299999921 ], [ -39.834798699999972, -18.71217659999996 ], [ -39.831881, -18.712039299999955 ], [ -39.831115099999977, -18.711999199999973 ], [ -39.830371499999956, -18.711900699999941 ], [ -39.828548099999985, -18.711659 ], [ -39.827592199999977, -18.71098689999997 ], [ -39.827457, -18.710913 ], [ -39.827345599999951, -18.710882099999935 ], [ -39.827254399999958, -18.710875399999967 ], [ -39.825657, -18.711208 ], [ -39.82154989999998, -18.710775799999958 ], [ -39.821388199999944, -18.710811699999972 ], [ -39.821228399999939, -18.710854399999956 ], [ -39.821070899999945, -18.710904099999929 ], [ -39.820915799999966, -18.710960499999945 ], [ -39.820763599999964, -18.711023599999979 ], [ -39.820469, -18.71116909999995 ], [ -39.820327199999952, -18.711251299999962 ], [ -39.820257, -18.711283699999971 ], [ -39.82019, -18.711321899999977 ], [ -39.820126799999969, -18.71136539999997 ], [ -39.820067699999981, -18.711414 ], [ -39.820033899999935, -18.71144459999994 ], [ -39.817685599999947, -18.711278399999962 ], [ -39.816306599999962, -18.709889599999943 ], [ -39.815003299999937, -18.710748499999973 ], [ -39.815034, -18.710974299999965 ], [ -39.815213599999943, -18.711340799999963 ], [ -39.815244799999967, -18.711651299999968 ], [ -39.814711199999977, -18.711653699999943 ], [ -39.814324899999981, -18.711457599999957 ], [ -39.813883099999941, -18.712052699999962 ], [ -39.814095899999984, -18.713153399999953 ], [ -39.814961499999988, -18.714392499999981 ], [ -39.815376499999957, -18.714390699999974 ], [ -39.815582099999979, -18.713994299999968 ], [ -39.815726599999948, -18.71323109999997 ], [ -39.816051199999954, -18.71291889999997 ], [ -39.81643969999994, -18.71356689999994 ], [ -39.8165901, -18.714018199999952 ], [ -39.817125199999964, -18.714326599999943 ], [ -39.817304499999977, -18.71463649999993 ], [ -39.816803199999988, -18.715175399999953 ], [ -39.815973899999968, -18.715348499999951 ], [ -39.815383099999963, -18.715774699999933 ], [ -39.815444799999966, -18.716282899999957 ], [ -39.815889499999969, -18.716281 ], [ -39.816984099999956, -18.715824299999944 ], [ -39.817637099999956, -18.715990899999952 ], [ -39.818024499999979, -18.71641289999997 ], [ -39.818379599999965, -18.716270099999967 ], [ -39.818381099999954, -18.716243699999946 ], [ -39.818481799999972, -18.716064599999989 ], [ -39.818753899999926, -18.71578 ], [ -39.818998699999959, -18.715842499999951 ], [ -39.819200499999965, -18.716173499999957 ], [ -39.819232199999931, -18.716597099999952 ], [ -39.818908, -18.716994 ], [ -39.818885399999935, -18.716993399999971 ], [ -39.818878899999959, -18.717001199999967 ], [ -39.817967899999978, -18.71697809999996 ], [ -39.817974099999958, -18.716997799999938 ], [ -39.8179679, -18.716997699999975 ], [ -39.818201399999971, -18.717751199999956 ], [ -39.818239, -18.717852499999935 ], [ -39.818244299999954, -18.717853 ], [ -39.818241499999942, -18.717845299999965 ], [ -39.819713099999952, -18.717979099999969 ], [ -39.820193199999956, -18.718835299999967 ], [ -39.820302, -18.719537899999985 ], [ -39.819669099999942, -18.719440199999951 ], [ -39.819032799999952, -18.718639599999953 ], [ -39.818559299999947, -18.718792299999961 ], [ -39.818929399999945, -18.719785299999959 ], [ -39.81930379999995, -18.720195099999948 ], [ -39.819414599999959, -18.721299299999934 ], [ -39.819628, -18.721850799999974 ], [ -39.819525099999964, -18.722353399999971 ], [ -39.819577599999946, -18.723099499999933 ], [ -39.81941409999996, -18.723251499999943 ], [ -39.818688099999974, -18.723662699999977 ], [ -39.818661199999958, -18.72395129999995 ], [ -39.818567799999983, -18.724038199999928 ], [ -39.818538599999961, -18.724031399999941 ], [ -39.818461499999955, -18.724085299999953 ], [ -39.818370199999947, -18.724119299999927 ], [ -39.818166099999985, -18.724093299999932 ], [ -39.817997099999957, -18.724113599999942 ], [ -39.817870899999946, -18.724148199999952 ], [ -39.817659599999956, -18.724095499999972 ], [ -39.817504399999969, -18.724015799999957 ], [ -39.81735649999996, -18.72398289999996 ], [ -39.817249899999979, -18.723755499999982 ], [ -39.817259699999966, -18.723502699999923 ], [ -39.817261299999984, -18.723403 ], [ -39.817254399999975, -18.723219199999953 ], [ -39.817148299999978, -18.723119099999966 ], [ -39.816944, -18.723053 ], [ -39.816898799999933, -18.723004099999962 ], [ -39.816820899999982, -18.722919699999967 ], [ -39.816692699999976, -18.722781099999949 ], [ -39.816691499999934, -18.72277669999994 ], [ -39.816676899999948, -18.722760799999953 ], [ -39.816639899999984, -18.722573499999957 ], [ -39.816612, -18.722432599999927 ], [ -39.816567899999946, -18.722030599999982 ], [ -39.816540799999984, -18.722010799999971 ], [ -39.816471, -18.721959499999965 ], [ -39.816377299999949, -18.721890699999964 ], [ -39.816227599999927, -18.72183709999997 ], [ -39.816081299999958, -18.72178469999994 ], [ -39.815791899999972, -18.721584899999986 ], [ -39.815696499999945, -18.721333 ], [ -39.815650799999965, -18.721200699999944 ], [ -39.815524399999966, -18.720809599999949 ], [ -39.815347699999961, -18.720488699999983 ], [ -39.815120099999945, -18.720336 ], [ -39.815000099999963, -18.720255599999966 ], [ -39.814635499999952, -18.720006799999965 ], [ -39.814437199999929, -18.719870299999965 ], [ -39.81442849999997, -18.719994 ], [ -39.814418499999938, -18.720033099999952 ], [ -39.814343, -18.720326599999961 ], [ -39.813847299999964, -18.721491699999941 ], [ -39.814062199999967, -18.721995899999975 ], [ -39.814410599999967, -18.722813299999917 ], [ -39.814568099999974, -18.723182699999942 ], [ -39.814707899999974, -18.72351069999997 ], [ -39.814947699999948, -18.724073199999975 ], [ -39.815941299999963, -18.726404099999964 ], [ -39.81544039999995, -18.726489299999958 ], [ -39.81408509999995, -18.725643799999943 ], [ -39.813255899999945, -18.725439799999943 ], [ -39.812602399999946, -18.725504899999972 ], [ -39.812278299999946, -18.725593799999956 ], [ -39.812276599999961, -18.725594299999962 ], [ -39.811448799999944, -18.72582139999998 ], [ -39.811616199999953, -18.726420799999975 ], [ -39.811606799999936, -18.726987699999924 ], [ -39.811884799999966, -18.727381599999948 ], [ -39.812070199999944, -18.727590199999966 ], [ -39.812255599999958, -18.72779869999993 ], [ -39.812742199999946, -18.729049899999954 ], [ -39.813112899999965, -18.729884099999936 ], [ -39.813506799999963, -18.73004619999994 ], [ -39.813528, -18.730085499999976 ], [ -39.81354929999997, -18.730124799999945 ], [ -39.813400399999978, -18.730171499999916 ], [ -39.812424599999936, -18.730480299999957 ], [ -39.806874499999928, -18.732281299999954 ], [ -39.807576099999949, -18.735839299999956 ], [ -39.807598299999938, -18.735926499999948 ], [ -39.807644699999976, -18.736004699999977 ], [ -39.807692799999984, -18.736054199999959 ], [ -39.807751499999945, -18.736092 ], [ -39.807839599999966, -18.736123899999932 ], [ -39.807933399999968, -18.736131599999972 ], [ -39.808802699999944, -18.735993399999927 ], [ -39.80886349999998, -18.735989699999951 ], [ -39.808890399999939, -18.735994 ], [ -39.808923599999957, -18.735999199999984 ], [ -39.808978399999951, -18.736024299999936 ], [ -39.809025899999938, -18.73606059999997 ], [ -39.809060799999934, -18.736108199999936 ], [ -39.809083499999929, -18.736162 ], [ -39.809817599999974, -18.739927699999949 ], [ -39.810356099999979, -18.742716799999979 ], [ -39.810615699999971, -18.744138699999951 ], [ -39.81085029999997, -18.74535149999997 ], [ -39.812236399999961, -18.745591899999972 ], [ -39.813008899999936, -18.745725799999949 ], [ -39.815853699999927, -18.746234899999926 ], [ -39.818202, -18.74663669999995 ], [ -39.818194499999954, -18.745883099999954 ], [ -39.8181795, -18.745346499999982 ], [ -39.818135599999955, -18.744157899999941 ], [ -39.8181307, -18.743065499999936 ], [ -39.818203599999947, -18.741423799999957 ], [ -39.817926599999964, -18.738265299999973 ], [ -39.817912699999972, -18.738105699999945 ], [ -39.81881309999995, -18.735300699999982 ], [ -39.821829199999968, -18.734610599999943 ], [ -39.823860299999978, -18.734153099999958 ], [ -39.823892, -18.734156099999954 ], [ -39.824274799999955, -18.733809599999976 ], [ -39.824592299999949, -18.733571399999956 ], [ -39.825100099999943, -18.733108199999947 ], [ -39.825286599999977, -18.732314199999966 ], [ -39.825902699999972, -18.731835499999928 ], [ -39.82609089999994, -18.731404 ], [ -39.826304099999959, -18.731221799999961 ], [ -39.82659069999994, -18.731447199999945 ], [ -39.82725609999995, -18.731308199999933 ], [ -39.8276585, -18.730898499999959 ], [ -39.828362199999958, -18.730514499999963 ], [ -39.828633599999932, -18.730380099999934 ], [ -39.829343199999983, -18.730029799999951 ], [ -39.829987799999977, -18.730502899999973 ], [ -39.8309953, -18.731708499999968 ], [ -39.831283799999945, -18.732053599999961 ], [ -39.831301, -18.732045299999974 ], [ -39.831426199999953, -18.731934499999962 ], [ -39.831470699999961, -18.731794 ], [ -39.831576, -18.732436399999926 ], [ -39.831716199999953, -18.733270099999974 ], [ -39.831778099999951, -18.733651799999965 ], [ -39.831953599999963, -18.733621799999977 ], [ -39.832761699999942, -18.733482299999938 ], [ -39.832996099999953, -18.734605399999971 ], [ -39.83312959999995, -18.735207099999958 ], [ -39.833576, -18.735207099999972 ], [ -39.83400549999994, -18.735216799999932 ], [ -39.83421409999994, -18.73522649999995 ], [ -39.834461599999941, -18.735284699999958 ], [ -39.834624199999951, -18.735415799999945 ], [ -39.834796499999975, -18.735430299999969 ], [ -39.835145899999937, -18.735442499999966 ], [ -39.835354499999937, -18.735408499999945 ], [ -39.835902899999951, -18.73536 ], [ -39.836097, -18.735321099999972 ], [ -39.83636869999998, -18.735248299999977 ], [ -39.836790899999976, -18.735117299999953 ], [ -39.837907, -18.734588399999947 ], [ -39.838216599999946, -18.734426199999966 ], [ -39.838225, -18.734430099999948 ], [ -39.838637399999982, -18.734236599999974 ], [ -39.8388485, -18.734100699999942 ], [ -39.839176, -18.733843499999985 ], [ -39.839506, -18.733579 ], [ -39.839697699999938, -18.733443099999924 ], [ -39.840100399999983, -18.733336399999935 ], [ -39.840754099999977, -18.73316049999994 ], [ -39.841054199999981, -18.733102599999935 ], [ -39.841507, -18.732987 ], [ -39.841863399999966, -18.732890699999924 ], [ -39.842123599999979, -18.732775099999973 ], [ -39.842316199999971, -18.732630599999943 ], [ -39.842470399999975, -18.732572799999957 ], [ -39.842663099999982, -18.732563099999933 ], [ -39.842807599999958, -18.732582399999963 ], [ -39.843000299999972, -18.732640199999942 ], [ -39.843082099999947, -18.732649799999944 ], [ -39.843250699999942, -18.732654699999966 ], [ -39.843438599999956, -18.732654699999966 ], [ -39.843530099999953, -18.732669099999953 ], [ -39.843665, -18.732712499999945 ], [ -39.843852899999945, -18.732842499999958 ], [ -39.843944399999941, -18.732948499999967 ], [ -39.844281599999931, -18.733107499999971 ], [ -39.844517599999961, -18.733107499999971 ], [ -39.844715099999974, -18.733035199999961 ], [ -39.845721899999944, -18.732596899999969 ], [ -39.846097599999958, -18.732201899999954 ], [ -39.846218, -18.732076599999974 ], [ -39.846502199999975, -18.731932099999938 ], [ -39.846752699999968, -18.731855 ], [ -39.846945399999981, -18.731811699999977 ], [ -39.847345199999957, -18.731744199999987 ], [ -39.847918399999969, -18.731676799999949 ], [ -39.848506099999945, -18.731537099999969 ], [ -39.849553799999967, -18.731101199999959 ], [ -39.849796699999956, -18.731915 ], [ -39.849810499999933, -18.73201609999996 ], [ -39.849859, -18.732087399999962 ], [ -39.849871499999949, -18.732105699999988 ], [ -39.849935799999969, -18.732269399999939 ], [ -39.850459799999953, -18.733939299999967 ], [ -39.851001, -18.735667099999951 ], [ -39.851491799999962, -18.73725119999995 ], [ -39.851742299999962, -18.738073499999928 ], [ -39.851899699999933, -18.738979399999948 ], [ -39.852342799999974, -18.738854099999973 ], [ -39.852853399999965, -18.738372399999932 ], [ -39.853065399999934, -18.7379774 ], [ -39.853267699999947, -18.737534299999933 ], [ -39.85359519999998, -18.737081499999935 ], [ -39.853717499999966, -18.736968599999951 ], [ -39.853845699999972, -18.736850299999958 ], [ -39.854038399999986, -18.736734699999953 ], [ -39.854568299999983, -18.736580499999942 ], [ -39.855088499999958, -18.736426399999978 ], [ -39.855772499999937, -18.73621439999993 ], [ -39.85614829999998, -18.736012099999975 ], [ -39.856264099999969, -18.735980499999986 ], [ -39.856485399999933, -18.735830299999972 ], [ -39.85663, -18.735796499999942 ], [ -39.856750399999953, -18.735796499999942 ], [ -39.856969599999964, -18.735683299999938 ], [ -39.857208, -18.735526799999946 ], [ -39.857742699999967, -18.73501379999993 ], [ -39.857911299999955, -18.734785 ], [ -39.858128, -18.73452 ], [ -39.858465199999955, -18.73432739999992 ], [ -39.858638599999956, -18.734231 ], [ -39.858816899999972, -18.734144299999979 ], [ -39.859274499999962, -18.733966099999982 ], [ -39.859867, -18.733893799999983 ], [ -39.86021379999994, -18.733913099999938 ], [ -39.860565399999984, -18.733927599999966 ], [ -39.860793199999925, -18.736152 ], [ -39.860856599999977, -18.73678079999997 ], [ -39.860871699999954, -18.736931199999962 ], [ -39.861062, -18.738676799999944 ], [ -39.861345099999937, -18.741281799999964 ], [ -39.861405099999956, -18.741831399999981 ], [ -39.861383099999962, -18.741829799999945 ], [ -39.860954399999976, -18.741829799999955 ], [ -39.86064609999994, -18.741868399999937 ], [ -39.860496799999957, -18.74186839999993 ], [ -39.860174099999938, -18.741853899999963 ], [ -39.859938, -18.741834699999977 ], [ -39.859525799999979, -18.741819799999973 ], [ -39.859231, -18.74190539999994 ], [ -39.857935899999973, -18.741905399999961 ], [ -39.85685669999998, -18.742229099999982 ], [ -39.855723399999931, -18.742445 ], [ -39.855035399999963, -18.742543299999955 ], [ -39.855340199999944, -18.743469 ], [ -39.855236099999956, -18.743851799999966 ], [ -39.854997399999952, -18.74399579999994 ], [ -39.854530499999953, -18.744233899999923 ], [ -39.854543799999931, -18.744252199999952 ], [ -39.85465789999995, -18.74445349999996 ], [ -39.854752399999938, -18.744549799999962 ], [ -39.854830599999964, -18.744596299999955 ], [ -39.855021499999964, -18.74475469999993 ], [ -39.85510869999996, -18.744835599999924 ], [ -39.855127499999981, -18.74485269999996 ], [ -39.855168699999979, -18.744876099999942 ], [ -39.855223299999977, -18.744933199999931 ], [ -39.855282899999963, -18.745009899999946 ], [ -39.855352299999936, -18.745104099999946 ], [ -39.855412299999955, -18.7452039 ], [ -39.855479499999944, -18.745341599999946 ], [ -39.85552679999995, -18.745510299999971 ], [ -39.855570399999984, -18.745646299999965 ], [ -39.85560129999994, -18.745773699999976 ], [ -39.855659299999949, -18.745954099999956 ], [ -39.855881499999953, -18.746682399999937 ], [ -39.855975699999924, -18.746864799999976 ], [ -39.856069599999955, -18.746985099999954 ], [ -39.856174899999985, -18.747101599999958 ], [ -39.856332699999939, -18.747218099999941 ], [ -39.856535599999972, -18.747376 ], [ -39.856753599999941, -18.747563899999932 ], [ -39.856870099999981, -18.747642799999937 ], [ -39.85724589999996, -18.747789299999962 ], [ -39.857430799999975, -18.747852299999977 ], [ -39.857623499999931, -18.749323899999986 ], [ -39.857888099999968, -18.749264099999941 ], [ -39.857905399999936, -18.74926 ], [ -39.858107, -18.749216099999952 ], [ -39.858361399999978, -18.749160599999978 ], [ -39.858631099999968, -18.749101799999956 ], [ -39.85888709999994, -18.749046 ], [ -39.859143399999937, -18.748990099999968 ], [ -39.859419, -18.74893 ], [ -39.859673899999962, -18.748874499999939 ], [ -39.859929699999959, -18.748818699999951 ], [ -39.86019749999997, -18.748760299999958 ], [ -39.860479799999958, -18.748698699999988 ], [ -39.861059399999931, -18.748572399999947 ], [ -39.86169909999996, -18.748430599999946 ], [ -39.862082799999939, -18.748350899999934 ], [ -39.862222399999951, -18.749602699999965 ], [ -39.862363799999969, -18.750969499999936 ], [ -39.862616899999985, -18.753439599999979 ], [ -39.862676499999964, -18.753999399999934 ], [ -39.86291609999995, -18.756252 ], [ -39.86297, -18.756792299999965 ], [ -39.863502599999954, -18.75692029999993 ], [ -39.864085499999931, -18.75701179999993 ], [ -39.864859599999924, -18.757103099999938 ], [ -39.865366799999954, -18.75718519999997 ], [ -39.865631699999931, -18.75722379999997 ], [ -39.866205, -18.757344199999977 ], [ -39.86727429999997, -18.757604299999961 ], [ -39.867442899999958, -18.757686199999952 ], [ -39.867402099999943, -18.756881199999945 ], [ -39.867321499999939, -18.756615599999986 ], [ -39.867053799999951, -18.755734 ], [ -39.866888799999963, -18.755301599999946 ], [ -39.866662599999984, -18.754382199999952 ], [ -39.86649759999996, -18.753771399999941 ], [ -39.866341, -18.753149 ], [ -39.863613499999985, -18.743811599999958 ], [ -39.863569899999966, -18.742841499999944 ], [ -39.863559099999975, -18.742817099999968 ], [ -39.863536899999929, -18.742682799999951 ], [ -39.863272599999959, -18.742551099999961 ], [ -39.862844199999984, -18.742277099999963 ], [ -39.862591099999975, -18.742071699999943 ], [ -39.862455699999948, -18.741895299999953 ], [ -39.862413099999969, -18.741839799999976 ], [ -39.862304599999959, -18.741626499999935 ], [ -39.862296199999953, -18.741542199999973 ], [ -39.862298699999933, -18.741468699999931 ], [ -39.862299, -18.741460499999956 ], [ -39.862326, -18.741295699999966 ], [ -39.862360699999954, -18.741188099999924 ], [ -39.862485699999979, -18.740865099999947 ], [ -39.862669799999935, -18.74046229999993 ], [ -39.862975299999967, -18.739910199999947 ], [ -39.863044799999955, -18.739691399999973 ], [ -39.86306559999997, -18.739559499999924 ], [ -39.86307069999998, -18.738743099999979 ], [ -39.863069499999938, -18.738672299999962 ], [ -39.862995299999966, -18.737810199999956 ], [ -39.862923699999953, -18.736976599999945 ], [ -39.86275059999997, -18.734418799999961 ], [ -39.862722399999946, -18.734265699999987 ], [ -39.862667799999947, -18.733136699999935 ], [ -39.862934, -18.73242769999996 ], [ -39.863432599999953, -18.732244099999949 ], [ -39.863428099999972, -18.731889499999973 ], [ -39.862978699999978, -18.73056719999995 ], [ -39.86179989999993, -18.726481099999933 ], [ -39.86182539999993, -18.72599379999998 ], [ -39.861865899999941, -18.725221499999964 ], [ -39.862096599999965, -18.725135199999947 ], [ -39.862154799999985, -18.72476279999994 ], [ -39.862385399999937, -18.724535899999978 ], [ -39.86263839999998, -18.724279699999965 ], [ -39.863086, -18.72375669999996 ], [ -39.863181499999946, -18.723827799999984 ], [ -39.863435699999968, -18.723592 ], [ -39.863473599999963, -18.723555499999971 ], [ -39.863529, -18.723524 ], [ -39.86358679999995, -18.723492699999948 ], [ -39.863968299999947, -18.723594699999975 ], [ -39.864089299999932, -18.723853399999943 ], [ -39.863975, -18.724146799999978 ], [ -39.86381, -18.724570199999963 ], [ -39.863594299999932, -18.72495489999995 ], [ -39.863819099999951, -18.724989499999943 ], [ -39.863986399999931, -18.725015299999932 ], [ -39.864210399999934, -18.725142 ], [ -39.86468549999995, -18.725203699999952 ], [ -39.865456299999956, -18.725133 ], [ -39.865743, -18.725298099999971 ], [ -39.865904599999972, -18.725391099999971 ], [ -39.865901199999946, -18.725405 ], [ -39.86603949999995, -18.725618499999925 ], [ -39.866332499999949, -18.725798 ], [ -39.866699699999977, -18.725871799999933 ], [ -39.867136199999955, -18.725835099999912 ], [ -39.867529499999932, -18.725759 ], [ -39.868104099999982, -18.725554099999947 ], [ -39.868589399999962, -18.725411099999963 ], [ -39.868623799999966, -18.725398699999978 ], [ -39.868916199999944, -18.725304 ], [ -39.869244399999957, -18.725199399999948 ], [ -39.869682599999976, -18.725273899999934 ], [ -39.870171599999942, -18.725194699999967 ], [ -39.870503599999957, -18.725094399999932 ], [ -39.87113219999997, -18.725269499999964 ], [ -39.871273399999957, -18.725284699999985 ], [ -39.87146059999997, -18.725218 ], [ -39.872548599999966, -18.724828899999977 ], [ -39.87304149999995, -18.724942199999933 ], [ -39.874195799999946, -18.725552099999959 ], [ -39.874186299999963, -18.725711199999985 ], [ -39.874205299999979, -18.725801499999935 ], [ -39.87426709999994, -18.72590589999993 ], [ -39.874397699999975, -18.725960499999939 ], [ -39.874518799999983, -18.725960499999925 ], [ -39.874606599999936, -18.725941599999953 ], [ -39.874806099999944, -18.725853699999963 ], [ -39.875062499999956, -18.725775299999952 ], [ -39.875374499999964, -18.725688299999941 ], [ -39.875395199999957, -18.725673399999952 ], [ -39.875800899999945, -18.725476199999953 ], [ -39.876427799999931, -18.725184099999982 ], [ -39.876687799999964, -18.72505649999994 ], [ -39.877329399999951, -18.724880699999968 ], [ -39.878570899999943, -18.724805499999952 ], [ -39.879696299999978, -18.72501479999994 ], [ -39.880013299999973, -18.725293299999969 ], [ -39.880651499999949, -18.726617699999952 ], [ -39.880793499999989, -18.72672069999992 ], [ -39.881282499999941, -18.726573199999965 ], [ -39.881856699999958, -18.726335099999972 ], [ -39.883461699999941, -18.725669399999948 ], [ -39.883689499999946, -18.725631199999945 ], [ -39.884040299999981, -18.725627499999973 ], [ -39.88433619999995, -18.725667 ], [ -39.884465199999966, -18.72597549999994 ], [ -39.884510099999943, -18.72606989999997 ], [ -39.884579299999984, -18.726184899999975 ], [ -39.884631399999932, -18.726289099999981 ], [ -39.884682599999962, -18.726589099999963 ], [ -39.884743699999952, -18.726777799999972 ], [ -39.884785, -18.726896399999927 ], [ -39.884898199999952, -18.7270311 ], [ -39.885085099999969, -18.727121 ], [ -39.886439799999948, -18.727300599999985 ], [ -39.887066899999979, -18.727342 ], [ -39.887627499999944, -18.727359899999957 ], [ -39.887920299999969, -18.727302399999925 ], [ -39.88843559999998, -18.726719799999966 ], [ -39.8891407, -18.726283899999935 ], [ -39.889317099999978, -18.726524099999946 ], [ -39.88974589999998, -18.72665179999996 ], [ -39.889786199999953, -18.726679599999958 ], [ -39.889906399999973, -18.726762399999927 ], [ -39.890021599999955, -18.726841799999935 ], [ -39.890039899999984, -18.726975799999931 ], [ -39.89004239999997, -18.727005499999969 ], [ -39.890072799999984, -18.727371299999959 ], [ -39.889848499999971, -18.727459099999983 ], [ -39.888908399999934, -18.727810899999955 ], [ -39.890343299999984, -18.732086 ], [ -39.89486919999996, -18.730738599999935 ], [ -39.893749, -18.727433599999927 ], [ -39.893578099999964, -18.72627319999998 ], [ -39.893493199999966, -18.725525 ], [ -39.893490799999945, -18.725068699999948 ], [ -39.893422099999952, -18.724420899999924 ] ] ], [ [ [ -39.872661299999947, -18.693250899999946 ], [ -39.873856899999964, -18.692967199999941 ], [ -39.875160599999958, -18.692548299999942 ], [ -39.875027599999953, -18.692188499999926 ], [ -39.874410699999942, -18.690531899999936 ], [ -39.873354899999981, -18.687637499999937 ], [ -39.872884699999936, -18.686186 ], [ -39.872516699999949, -18.685216599999933 ], [ -39.871888099999978, -18.683561099999967 ], [ -39.871863199999957, -18.683495299999951 ], [ -39.871403899999962, -18.682285499999988 ], [ -39.871188899999943, -18.681719399999967 ], [ -39.871163, -18.681651099999957 ], [ -39.870409199999976, -18.679893199999974 ], [ -39.869420299999952, -18.677434799999961 ], [ -39.869138699999951, -18.67673469999994 ], [ -39.866142199999956, -18.677603299999927 ], [ -39.8661044, -18.677488199999978 ], [ -39.866083199999927, -18.677423499999975 ], [ -39.865852899999943, -18.677487399999968 ], [ -39.864849499999941, -18.677892499999924 ], [ -39.864946599999939, -18.677558399999942 ], [ -39.864996099999985, -18.67738849999995 ], [ -39.865091499999949, -18.677060499999985 ], [ -39.865125399999947, -18.676944 ], [ -39.865178899999933, -18.67675979999996 ], [ -39.865243799999973, -18.676536799999955 ], [ -39.865334, -18.676226399999955 ], [ -39.865418, -18.675937799999925 ], [ -39.865501899999977, -18.675649099999919 ], [ -39.86553379999998, -18.675539399999927 ], [ -39.865591299999956, -18.675341799999959 ], [ -39.865726, -18.674878599999943 ], [ -39.865789099999972, -18.674661699999934 ], [ -39.864937199999929, -18.674422899999961 ], [ -39.863199199999947, -18.673935699999948 ], [ -39.862881199999954, -18.673199599999965 ], [ -39.861147899999935, -18.673623 ], [ -39.860148899999956, -18.673860299999951 ], [ -39.859839299999976, -18.673936099999928 ], [ -39.86025049999995, -18.675122099999953 ], [ -39.860568699999931, -18.676038799999951 ], [ -39.860992099999976, -18.677258599999963 ], [ -39.858667299999979, -18.676861 ], [ -39.858929299999943, -18.677634399999942 ], [ -39.859251399999955, -18.67858519999994 ], [ -39.85932, -18.678893 ], [ -39.859322599999985, -18.679403499999975 ], [ -39.859974499999964, -18.679710399999987 ], [ -39.860266799999984, -18.680412299999951 ], [ -39.860483, -18.680536199999956 ], [ -39.8605745, -18.681199199999977 ], [ -39.86075, -18.682470799999976 ], [ -39.860892399999955, -18.683400399999982 ], [ -39.860392599999955, -18.683579399999932 ], [ -39.860250699999931, -18.685987599999969 ], [ -39.861253799999936, -18.686018 ], [ -39.861367799999989, -18.686691 ], [ -39.861462099999983, -18.687211599999962 ], [ -39.861561799999947, -18.687731299999935 ], [ -39.861687099999976, -18.688005699999959 ], [ -39.86163659999994, -18.688185 ], [ -39.861614699999961, -18.688275499999975 ], [ -39.861592799999983, -18.688365899999951 ], [ -39.861563599999961, -18.688509499999956 ], [ -39.86155569999994, -18.688548199999961 ], [ -39.861525399999948, -18.688731599999976 ], [ -39.861502, -18.688916 ], [ -39.861485499999958, -18.689101 ], [ -39.861475799999937, -18.689286399999958 ], [ -39.861475099999957, -18.689335 ], [ -39.861473099999955, -18.689472 ], [ -39.861489499999948, -18.689639399999979 ], [ -39.861501299999937, -18.6897226 ], [ -39.861513199999933, -18.689805899999946 ], [ -39.861544, -18.689971299999971 ], [ -39.861563, -18.690053399999957 ], [ -39.861582099999971, -18.690135399999967 ], [ -39.86162719999993, -18.690297899999958 ], [ -39.861652899999967, -18.690376399999924 ], [ -39.861671699999931, -18.690433699999968 ], [ -39.861688599999972, -18.690483 ], [ -39.861694899999975, -18.690499799999944 ], [ -39.861700599999956, -18.690515 ], [ -39.861708, -18.690534499999963 ], [ -39.861718499999931, -18.690562499999931 ], [ -39.861723499999989, -18.690574399999949 ], [ -39.861733, -18.69059829999998 ], [ -39.861746899999964, -18.690632399999963 ], [ -39.861760799999956, -18.690666399999952 ], [ -39.86177059999995, -18.69069039999993 ], [ -39.86178479999996, -18.690725099999945 ], [ -39.861794599999946, -18.690749199999971 ], [ -39.861822299999972, -18.690810799999962 ], [ -39.861876699999982, -18.690925799999949 ], [ -39.861884599999939, -18.690940599999976 ], [ -39.861928199999959, -18.69102329999993 ], [ -39.861955899999941, -18.691076 ], [ -39.86205479999996, -18.691226599999929 ], [ -39.862159399999946, -18.691373799999958 ], [ -39.862269399999946, -18.691517299999933 ], [ -39.862384899999945, -18.691656799999983 ], [ -39.862505699999936, -18.691792299999967 ], [ -39.862631499999964, -18.69192349999998 ], [ -39.86276219999997, -18.692050299999941 ], [ -39.86289759999994, -18.69217239999994 ], [ -39.863037599999984, -18.692289799999966 ], [ -39.863182, -18.692402299999962 ], [ -39.8633306, -18.692509699999974 ], [ -39.863435399999958, -18.692612599999954 ], [ -39.863534799999975, -18.692720099999978 ], [ -39.863628499999948, -18.692832199999941 ], [ -39.863716499999953, -18.69294839999997 ], [ -39.8637983, -18.693068699999969 ], [ -39.86387389999993, -18.693192599999982 ], [ -39.863943099999972, -18.69331979999993 ], [ -39.864005699999957, -18.69345009999995 ], [ -39.864061599999957, -18.693583199999978 ], [ -39.864110499999981, -18.693718699999977 ], [ -39.864152499999932, -18.693856299999936 ], [ -39.864187399999942, -18.693995699999956 ], [ -39.864217799999942, -18.694196 ], [ -39.864319699999953, -18.694867 ], [ -39.864344399999936, -18.694869299999947 ], [ -39.86455449999994, -18.694893499999981 ], [ -39.864683899999925, -18.69490819999994 ], [ -39.865454899999975, -18.694995799999962 ], [ -39.865588399999979, -18.695019899999981 ], [ -39.86566159999996, -18.695033099999918 ], [ -39.865796599999953, -18.695057499999969 ], [ -39.865833399999985, -18.695377699999938 ], [ -39.867047399999933, -18.695423199999937 ], [ -39.867659199999942, -18.695176 ], [ -39.86820639999997, -18.694784199999962 ], [ -39.868834599999957, -18.694230299999951 ], [ -39.869287199999974, -18.693966899999968 ], [ -39.869736399999958, -18.693804799999949 ], [ -39.870324099999955, -18.693696699999983 ], [ -39.871242699999989, -18.693581899999973 ], [ -39.872661299999947, -18.693250899999946 ] ] ], [ [ [ -39.879591699999935, -18.649781699999949 ], [ -39.87971, -18.649692 ], [ -39.879896499999973, -18.64955069999996 ], [ -39.880133699999924, -18.649485299999988 ], [ -39.880372399999949, -18.649419399999939 ], [ -39.880693199999946, -18.649360499999936 ], [ -39.880883, -18.649192199999959 ], [ -39.88091749999996, -18.649082099999926 ], [ -39.880805799999962, -18.648814799999965 ], [ -39.880674099999965, -18.648581099999948 ], [ -39.880673199999933, -18.648394599999946 ], [ -39.880731599999926, -18.648054799999969 ], [ -39.880900899999965, -18.647810099999958 ], [ -39.881115699999953, -18.647636899999949 ], [ -39.881134399999951, -18.647364199999966 ], [ -39.881203, -18.647243299999964 ], [ -39.881265499999984, -18.647133199999931 ], [ -39.881453099999938, -18.646908399999962 ], [ -39.881573499999945, -18.646893499999972 ], [ -39.88198029999996, -18.646996799999947 ], [ -39.882026499999931, -18.647183099999957 ], [ -39.881982899999969, -18.647489399999927 ], [ -39.881934499999943, -18.64776489999997 ], [ -39.881924399999953, -18.647829199999922 ], [ -39.88186769999993, -18.647946299999948 ], [ -39.881815199999956, -18.64805449999994 ], [ -39.881742799999977, -18.648157099999921 ], [ -39.88164589999996, -18.648294399999941 ], [ -39.881631499999969, -18.648423599999962 ], [ -39.881797399999982, -18.648494499999963 ], [ -39.882047199999924, -18.648472799999972 ], [ -39.882339, -18.648444199999975 ], [ -39.882696299999964, -18.648356499999984 ], [ -39.882935199999963, -18.648297899999942 ], [ -39.883242599999967, -18.648313499999968 ], [ -39.883346699999954, -18.648226 ], [ -39.883505, -18.648092699999957 ], [ -39.883679699999959, -18.647945799999945 ], [ -39.883379399999967, -18.647170299999971 ], [ -39.883169599999974, -18.646628299999971 ], [ -39.882103699999959, -18.643850299999936 ], [ -39.875828399999925, -18.642126399999945 ], [ -39.873127099999977, -18.651510599999945 ], [ -39.875511699999947, -18.652152499999961 ], [ -39.877912, -18.652798699999945 ], [ -39.878058099999976, -18.652675799999937 ], [ -39.878289599999967, -18.652170399999939 ], [ -39.87851749999993, -18.651632599999974 ], [ -39.878591199999953, -18.651316699999935 ], [ -39.878860499999973, -18.650829099999957 ], [ -39.879148299999947, -18.650400699999977 ], [ -39.879332299999938, -18.650074599999975 ], [ -39.879483099999966, -18.649904299999939 ], [ -39.879591699999935, -18.649781699999949 ] ] ] ] } }
]
}
