{
"type": "FeatureCollection",
"name": "3205101",
"crs": { "type": "name", "properties": { "name": "urn:ogc:def:crs:OGC:1.3:CRS84" } },
"features": [
{ "type": "Feature", "properties": { "CD_MUN": "3205101", "NM_MUN": "Viana" }, "geometry": { "type": "MultiPolygon", "coordinates": [ [ [ [ -40.48534669999998, -20.462568599999951 ], [ -40.48411729999998, -20.462878499999928 ], [ -40.48400369999996, -20.462933199999963 ], [ -40.483987599999978, -20.462947599999953 ], [ -40.483929099999962, -20.462999899999932 ], [ -40.48387589999993, -20.463139699999942 ], [ -40.48382109999995, -20.46327789999998 ], [ -40.483812599999965, -20.463299199999938 ], [ -40.483730899999955, -20.463441699999983 ], [ -40.483688, -20.463567299999969 ], [ -40.483682099999946, -20.463694 ], [ -40.483683699999979, -20.463853899999943 ], [ -40.483686199999966, -20.463873399999951 ], [ -40.483694899999932, -20.46394179999993 ], [ -40.483708099999937, -20.464044899999962 ], [ -40.483714399999947, -20.464113499999936 ], [ -40.483710699999968, -20.464202499999949 ], [ -40.483709799999986, -20.464222899999978 ], [ -40.483645699999961, -20.464445099999978 ], [ -40.483586299999963, -20.464598599999935 ], [ -40.483548699999972, -20.464695699999936 ], [ -40.483452099999973, -20.464980699999945 ], [ -40.48338119999994, -20.465204799999977 ], [ -40.483353199999954, -20.46528759999995 ], [ -40.483356399999934, -20.465422199999978 ], [ -40.48335259999994, -20.465486799999944 ], [ -40.483348799999938, -20.465551399999978 ], [ -40.483358599999974, -20.465651199999972 ], [ -40.483351, -20.465784499999938 ], [ -40.483303399999954, -20.465888899999985 ], [ -40.483181499999951, -20.466069 ], [ -40.48307269999998, -20.466244799999973 ], [ -40.483005, -20.466357599999977 ], [ -40.482898699999971, -20.466490099999927 ], [ -40.482881199999952, -20.466511399999941 ], [ -40.482941899999958, -20.466554199999955 ], [ -40.482992299999978, -20.466567299999952 ], [ -40.483049499999936, -20.466582199999952 ], [ -40.483292399999989, -20.466575899999938 ], [ -40.483500699999972, -20.466573399999966 ], [ -40.483700899999967, -20.466571699999978 ], [ -40.483892399999945, -20.466589599999956 ], [ -40.483919, -20.466592099999964 ], [ -40.484043, -20.466618799999928 ], [ -40.484049799999987, -20.466599699999971 ], [ -40.48407519999995, -20.466528599999936 ], [ -40.484517699999969, -20.465293199999962 ], [ -40.484526499999966, -20.465268599999927 ], [ -40.484629, -20.465158799999923 ], [ -40.48470419999996, -20.465078299999963 ], [ -40.484960899999969, -20.464917899999936 ], [ -40.485216299999934, -20.464752 ], [ -40.485232799999949, -20.464741499999935 ], [ -40.485444199999968, -20.464606 ], [ -40.48556879999996, -20.464559099999978 ], [ -40.485693399999946, -20.464512199999945 ], [ -40.485887199999979, -20.464485299999975 ], [ -40.485894599999945, -20.464484299999977 ], [ -40.486148399999927, -20.464592 ], [ -40.486166699999956, -20.46459979999997 ], [ -40.486369399999944, -20.464722499999937 ], [ -40.486999799999978, -20.465007 ], [ -40.487018599999942, -20.465015499999936 ], [ -40.487164099999973, -20.465036499999936 ], [ -40.487241099999949, -20.465047599999938 ], [ -40.487526399999972, -20.465011299999965 ], [ -40.487560199999969, -20.465007 ], [ -40.48793749999993, -20.464808199999922 ], [ -40.487962299999936, -20.464795099999943 ], [ -40.488188199999968, -20.464578199999949 ], [ -40.488219299999969, -20.464548499999974 ], [ -40.488498099999958, -20.464383499999936 ], [ -40.488533599999975, -20.46434789999994 ], [ -40.488570499999987, -20.464340599999957 ], [ -40.489873599999953, -20.463911 ], [ -40.490479899999968, -20.463736499999978 ], [ -40.490852899999936, -20.463629199999961 ], [ -40.491318899999953, -20.463425499999982 ], [ -40.491500799999983, -20.463263299999937 ], [ -40.491698799999938, -20.463019599999935 ], [ -40.491746299999939, -20.4628595 ], [ -40.491793099999946, -20.46270189999996 ], [ -40.491799, -20.462553399999944 ], [ -40.491802099999973, -20.462417499999948 ], [ -40.491776499999958, -20.462269599999964 ], [ -40.491744, -20.462088199999975 ], [ -40.4917071, -20.461977899999965 ], [ -40.491620399999931, -20.461830599999917 ], [ -40.491559699999989, -20.461723799999959 ], [ -40.490855, -20.461152599999938 ], [ -40.490551299999936, -20.460910399999928 ], [ -40.490413699999984, -20.460800699999936 ], [ -40.488849799999969, -20.461974299999945 ], [ -40.488848, -20.461975599999946 ], [ -40.488740599999971, -20.461852399999938 ], [ -40.488259899999946, -20.461300299999941 ], [ -40.488111099999969, -20.461414599999959 ], [ -40.488076499999977, -20.461433099999962 ], [ -40.488047599999959, -20.46144489999995 ], [ -40.487761499999984, -20.461617399999977 ], [ -40.487357299999985, -20.461964799999983 ], [ -40.487352399999963, -20.461969299999961 ], [ -40.487084399999965, -20.462168299999973 ], [ -40.487076299999956, -20.462174299999951 ], [ -40.486114199999975, -20.462418 ], [ -40.48565959999997, -20.462507199999951 ], [ -40.48534669999998, -20.462568599999951 ] ] ], [ [ [ -40.460546899999947, -20.426671799999941 ], [ -40.460426599999948, -20.427519099999913 ], [ -40.459882699999987, -20.429083 ], [ -40.459589799999954, -20.429956499999943 ], [ -40.459443299999975, -20.430448099999982 ], [ -40.4594355, -20.430547499999932 ], [ -40.45942759999997, -20.430646899999939 ], [ -40.459411899999964, -20.430845599999948 ], [ -40.45945119999994, -20.431674599999951 ], [ -40.459482099999953, -20.432239699999968 ], [ -40.463453799999968, -20.432206399999938 ], [ -40.466722199999928, -20.431492399999968 ], [ -40.468880699999936, -20.431021 ], [ -40.472093399999942, -20.427904499999961 ], [ -40.472111699999964, -20.427886699999927 ], [ -40.472130099999966, -20.427868899999957 ], [ -40.474053199999965, -20.426003399999967 ], [ -40.476064, -20.424052299999964 ], [ -40.476271099999963, -20.42385129999996 ], [ -40.476592599999947, -20.423539399999978 ], [ -40.476640799999984, -20.423492599999971 ], [ -40.476633199999974, -20.423493299999969 ], [ -40.475959799999934, -20.42356 ], [ -40.474724699999967, -20.424433099999931 ], [ -40.47329, -20.424141899999938 ], [ -40.472553399999981, -20.423293899999969 ], [ -40.472215099999971, -20.422647199999968 ], [ -40.471945299999952, -20.422390299999964 ], [ -40.471816799999942, -20.421979199999949 ], [ -40.471474199999939, -20.421722199999969 ], [ -40.470977399999974, -20.421700799999943 ], [ -40.471164599999952, -20.421023099999953 ], [ -40.471319, -20.420124799999943 ], [ -40.471323199999972, -20.419908499999973 ], [ -40.468948499999954, -20.418867799999926 ], [ -40.466130599999978, -20.417643 ], [ -40.466002099999969, -20.41742029999995 ], [ -40.465466799999945, -20.417146199999934 ], [ -40.465302899999983, -20.417251099999927 ], [ -40.465123099999978, -20.417086299999923 ], [ -40.464971499999926, -20.416985299999965 ], [ -40.464511, -20.417007399999935 ], [ -40.464323599999943, -20.416992499999942 ], [ -40.46399, -20.416948699999985 ], [ -40.463891799999949, -20.416984399999933 ], [ -40.4636953, -20.417165399999927 ], [ -40.46333889999994, -20.417530799999941 ], [ -40.463309699999968, -20.417511099999963 ], [ -40.463009099999972, -20.417554299999946 ], [ -40.462786799999954, -20.417711 ], [ -40.462439699999962, -20.418142499999941 ], [ -40.462327799999976, -20.418492 ], [ -40.462313499999937, -20.418517599999973 ], [ -40.462266799999952, -20.418455399999967 ], [ -40.462163399999952, -20.418272699999946 ], [ -40.461918199999957, -20.417487899999966 ], [ -40.461859, -20.417313699999973 ], [ -40.461796, -20.416999 ], [ -40.461796, -20.416600599999988 ], [ -40.462366399999951, -20.415896799999913 ], [ -40.462726199999963, -20.415189299999952 ], [ -40.462855899999958, -20.414901699999966 ], [ -40.462931099999935, -20.414642399999924 ], [ -40.462879399999963, -20.414141599999919 ], [ -40.462779799999957, -20.413986499999961 ], [ -40.462602199999942, -20.41384939999995 ], [ -40.46136469999994, -20.413213199999976 ], [ -40.4611642, -20.413110099999983 ], [ -40.460877699999969, -20.412962 ], [ -40.46085039999997, -20.412948799999974 ], [ -40.460539399999959, -20.412798299999952 ], [ -40.460458899999935, -20.41275939999997 ], [ -40.460446799999943, -20.412761 ], [ -40.460435699999948, -20.412762499999911 ], [ -40.46023189999994, -20.412669899999969 ], [ -40.460232799999972, -20.412651799999942 ], [ -40.460331099999962, -20.4106854 ], [ -40.461819499999933, -20.409048099999946 ], [ -40.461680599999973, -20.408869499999977 ], [ -40.461153799999977, -20.408309299999928 ], [ -40.460646499999939, -20.408639199999975 ], [ -40.460064099999961, -20.409037299999962 ], [ -40.459581799999967, -20.408966799999977 ], [ -40.459506699999963, -20.409263599999967 ], [ -40.458576199999975, -20.409174899999982 ], [ -40.458866, -20.410440599999959 ], [ -40.459001099999966, -20.411048499999929 ], [ -40.459260599999936, -20.412182599999923 ], [ -40.459422699999948, -20.41289949999998 ], [ -40.459894799999972, -20.414988299999951 ], [ -40.459916599999985, -20.415268199999964 ], [ -40.459892, -20.415702 ], [ -40.459861899999972, -20.416374099999924 ], [ -40.459804, -20.417545699999941 ], [ -40.459665799999982, -20.420072699999938 ], [ -40.459664699999969, -20.420112199999945 ], [ -40.459333499999957, -20.420107699999964 ], [ -40.459305899999947, -20.420107 ], [ -40.458871, -20.420096099999977 ], [ -40.458717399999962, -20.422820399999967 ], [ -40.458420299999943, -20.422564099999924 ], [ -40.456062, -20.420513 ], [ -40.455821199999953, -20.420918299999979 ], [ -40.455614699999956, -20.421274399999962 ], [ -40.454795299999951, -20.421649399999975 ], [ -40.455150899999985, -20.42318 ], [ -40.455825799999957, -20.424797699999953 ], [ -40.45639569999998, -20.426161899999954 ], [ -40.456397899999963, -20.426182099999941 ], [ -40.456705599999964, -20.426921199999974 ], [ -40.457645499999956, -20.426865499999963 ], [ -40.457613599999938, -20.425670699999955 ], [ -40.457332799999968, -20.424722799999923 ], [ -40.45789439999993, -20.423203399999977 ], [ -40.459164899999969, -20.423770899999958 ], [ -40.459416399999959, -20.423741899999975 ], [ -40.459430199999929, -20.423899699999939 ], [ -40.459731, -20.42473659999996 ], [ -40.459754099999941, -20.424786099999949 ], [ -40.46013889999994, -20.42561 ], [ -40.460226499999976, -20.425642299999939 ], [ -40.460337699999968, -20.425683199999987 ], [ -40.460546899999947, -20.426671799999941 ] ] ], [ [ [ -40.376288799999941, -20.399693799999977 ], [ -40.376661, -20.399942299999967 ], [ -40.376773099999987, -20.400047399999949 ], [ -40.377282899999955, -20.400205099999948 ], [ -40.378465699999929, -20.400596899999989 ], [ -40.378924499999989, -20.399937499999968 ], [ -40.378891099999976, -20.399881499999932 ], [ -40.378853199999988, -20.399818 ], [ -40.378975499999967, -20.399751099999943 ], [ -40.379626, -20.398724299999969 ], [ -40.379716899999949, -20.398590399999932 ], [ -40.379867699999977, -20.398298499999949 ], [ -40.379750399999978, -20.398279399999989 ], [ -40.37898059999997, -20.398628199999955 ], [ -40.378628899999967, -20.398762 ], [ -40.37843, -20.398685599999958 ], [ -40.378042599999958, -20.398609099999931 ], [ -40.377992399999982, -20.398582899999958 ], [ -40.376555499999938, -20.397833099999964 ], [ -40.376097899999934, -20.39762629999996 ], [ -40.37602289999996, -20.397607599999951 ], [ -40.375775699999963, -20.39752869999996 ], [ -40.375709, -20.397507399999945 ], [ -40.375333299999973, -20.397337 ], [ -40.37510709999998, -20.397139699999968 ], [ -40.374826799999937, -20.396987799999973 ], [ -40.374628199999961, -20.396841699999978 ], [ -40.37445729999996, -20.396753199999971 ], [ -40.374287299999935, -20.396754499999926 ], [ -40.374104399999965, -20.396852299999981 ], [ -40.373861499999975, -20.397072499999979 ], [ -40.373626099999967, -20.39737609999997 ], [ -40.373329399999932, -20.397680299999941 ], [ -40.372675699999945, -20.398378899999958 ], [ -40.372398499999981, -20.398573699999929 ], [ -40.372086099999933, -20.398646799999945 ], [ -40.371957299999963, -20.398692699999973 ], [ -40.371693099999959, -20.398816799999956 ], [ -40.371550099999979, -20.398805099999937 ], [ -40.371338699999967, -20.398755399999967 ], [ -40.371176099999964, -20.39882729999994 ], [ -40.371007099999936, -20.398950599999981 ], [ -40.370825299999979, -20.399163899999966 ], [ -40.370753, -20.399249799999954 ], [ -40.371316, -20.399345899999961 ], [ -40.372444799999982, -20.399540899999984 ], [ -40.374417799999954, -20.400917099999958 ], [ -40.374688, -20.399617399999965 ], [ -40.3750194, -20.399540899999984 ], [ -40.375335499999949, -20.399521799999942 ], [ -40.375773899999956, -20.399550499999975 ], [ -40.37597779999993, -20.39956959999995 ], [ -40.376288799999941, -20.399693799999977 ] ] ], [ [ [ -40.490915199999954, -20.396346199999979 ], [ -40.491017499999934, -20.39644 ], [ -40.491124099999979, -20.396542399999923 ], [ -40.491264799999961, -20.396653199999946 ], [ -40.491371399999942, -20.396717199999951 ], [ -40.491507799999972, -20.396742699999944 ], [ -40.491695399999969, -20.396785399999942 ], [ -40.492002299999974, -20.396781099999945 ], [ -40.492292299999974, -20.396772599999959 ], [ -40.492820899999977, -20.396819499999932 ], [ -40.493025599999953, -20.396866399999965 ], [ -40.493878299999949, -20.397113699999988 ], [ -40.494036, -20.397130699999931 ], [ -40.494338699999957, -20.397135 ], [ -40.495370499999979, -20.397216 ], [ -40.495865, -20.397220199999925 ], [ -40.496091, -20.397190399999928 ], [ -40.496355299999955, -20.397143499999963 ], [ -40.496517399999952, -20.397147799999978 ], [ -40.497677, -20.39757839999994 ], [ -40.497684199999981, -20.397581699999932 ], [ -40.49842689999997, -20.395048599999932 ], [ -40.498513399999979, -20.394753699999963 ], [ -40.498721799999934, -20.394042899999928 ], [ -40.498724299999935, -20.394034199999961 ], [ -40.498723799999937, -20.39403179999994 ], [ -40.498726799999929, -20.394022199999931 ], [ -40.498730399999943, -20.394010399999953 ], [ -40.498733499999965, -20.394000599999966 ], [ -40.498768099999957, -20.393888499999942 ], [ -40.499477199999944, -20.391473099999914 ], [ -40.501023199999963, -20.386207 ], [ -40.49887, -20.384509499999982 ], [ -40.498863099999944, -20.384504099999969 ], [ -40.498856299999943, -20.384498699999945 ], [ -40.4987996, -20.384453899999986 ], [ -40.498795899999948, -20.38445019999995 ], [ -40.49788129999996, -20.385019799999952 ], [ -40.496903699999969, -20.385696599999946 ], [ -40.496589399999955, -20.385914199999938 ], [ -40.495993199999937, -20.386437199999939 ], [ -40.49597979999993, -20.386453299999957 ], [ -40.495896199999954, -20.386553599999957 ], [ -40.495571499999983, -20.386943199999958 ], [ -40.494968, -20.387667399999938 ], [ -40.49451849999997, -20.388206899999943 ], [ -40.494446099999948, -20.388156099999954 ], [ -40.49444219999998, -20.388153399999958 ], [ -40.494437799999965, -20.388150299999946 ], [ -40.494365499999965, -20.388099499999942 ], [ -40.494153799999928, -20.387950899999957 ], [ -40.493523399999958, -20.38888389999995 ], [ -40.493326199999956, -20.388767599999934 ], [ -40.492998599999964, -20.389158599999966 ], [ -40.492423699999961, -20.389277699999983 ], [ -40.492425499999968, -20.389285299999933 ], [ -40.492306299999946, -20.389285199999961 ], [ -40.492137399999933, -20.389285099999935 ], [ -40.492108799999983, -20.389285099999931 ], [ -40.491885, -20.389265899999938 ], [ -40.491699799999935, -20.389250099999966 ], [ -40.491668399999988, -20.389247399999945 ], [ -40.491638099999939, -20.389250299999951 ], [ -40.491375399999981, -20.389275399999971 ], [ -40.491154799999947, -20.38929649999994 ], [ -40.49109669999995, -20.389302099999963 ], [ -40.49090039999993, -20.389311799999962 ], [ -40.490539899999931, -20.389329699999958 ], [ -40.490489699999955, -20.389332199999959 ], [ -40.490224799999964, -20.389439299999943 ], [ -40.490007399999975, -20.389527199999971 ], [ -40.489915099999969, -20.389628499999962 ], [ -40.489904, -20.389640699999976 ], [ -40.489702499999972, -20.389861799999945 ], [ -40.489571299999966, -20.389995 ], [ -40.489410099999937, -20.39015859999996 ], [ -40.489208, -20.390359799999953 ], [ -40.489153299999941, -20.390414199999949 ], [ -40.488774699999965, -20.390521299999946 ], [ -40.48877, -20.390522599999933 ], [ -40.488426699999934, -20.390608599999954 ], [ -40.488080899999943, -20.390695199999985 ], [ -40.487685799999952, -20.390794099999933 ], [ -40.487669699999977, -20.390798099999927 ], [ -40.487360899999942, -20.390867399999934 ], [ -40.48732879999995, -20.390874499999924 ], [ -40.487147, -20.390890099999975 ], [ -40.487054899999976, -20.390883299999935 ], [ -40.486976099999936, -20.39087759999995 ], [ -40.486712299999965, -20.390862299999977 ], [ -40.486664399999945, -20.390858499999972 ], [ -40.486515299999951, -20.390846499999959 ], [ -40.486330099999975, -20.390819499999981 ], [ -40.486288499999944, -20.39081339999996 ], [ -40.486190099999931, -20.390791699999959 ], [ -40.486159199999975, -20.390784799999949 ], [ -40.486135899999965, -20.390779699999943 ], [ -40.486058399999933, -20.39071689999998 ], [ -40.48604609999996, -20.390706899999934 ], [ -40.485926099999979, -20.390610599999949 ], [ -40.485822299999938, -20.390516899999973 ], [ -40.485808399999947, -20.390504299999979 ], [ -40.48571259999995, -20.390411 ], [ -40.4856961, -20.390400799999952 ], [ -40.485615, -20.390350399999935 ], [ -40.485581399999951, -20.390342 ], [ -40.485468499999968, -20.390313699999975 ], [ -40.485342399999979, -20.390291 ], [ -40.485323799999954, -20.390288299999938 ], [ -40.485216199999968, -20.390273 ], [ -40.485105099999942, -20.390240699999925 ], [ -40.485039399999948, -20.390224699999976 ], [ -40.484973699999948, -20.390208599999944 ], [ -40.484846799999957, -20.390152299999947 ], [ -40.484837099999936, -20.390148 ], [ -40.484679899999946, -20.390044799999945 ], [ -40.484658099999933, -20.39002969999996 ], [ -40.484517599999947, -20.389932199999979 ], [ -40.484405099999947, -20.389866799999943 ], [ -40.484340299999978, -20.389829199999962 ], [ -40.484209899999932, -20.389771199999927 ], [ -40.484193499999947, -20.389763899999938 ], [ -40.484065899999962, -20.389761499999963 ], [ -40.484023099999945, -20.389772799999935 ], [ -40.483873699999954, -20.389802399999962 ], [ -40.483780699999961, -20.389836199999923 ], [ -40.483676899999985, -20.389923899999921 ], [ -40.4836294, -20.389977599999945 ], [ -40.483510499999966, -20.390072499999974 ], [ -40.483364, -20.390116199999955 ], [ -40.483128699999959, -20.390025899999955 ], [ -40.482947099999933, -20.389872399999945 ], [ -40.482902299999978, -20.389850899999949 ], [ -40.482825099999964, -20.38984279999994 ], [ -40.482767699999961, -20.389852299999973 ], [ -40.482691399999958, -20.389880099999978 ], [ -40.48257719999998, -20.389962299999983 ], [ -40.482520299999976, -20.390026099999933 ], [ -40.482473299999981, -20.39011679999993 ], [ -40.482382099999938, -20.390234899999943 ], [ -40.48235909999994, -20.390254599999928 ], [ -40.48227879999996, -20.390286199999942 ], [ -40.482198399999959, -20.390317699999962 ], [ -40.482069299999978, -20.390343199999968 ], [ -40.481997299999932, -20.390357399999964 ], [ -40.481830199999941, -20.390278099999925 ], [ -40.481627399999979, -20.390168899999928 ], [ -40.481616699999968, -20.390183599999943 ], [ -40.481603599999971, -20.390201499999922 ], [ -40.481594099999931, -20.390214499999946 ], [ -40.481507599999929, -20.390333099999964 ], [ -40.480932299999949, -20.391141899999969 ], [ -40.480806599999937, -20.391276199999936 ], [ -40.480764499999964, -20.391321099999963 ], [ -40.480864499999939, -20.391382 ], [ -40.4809997, -20.391464399999961 ], [ -40.48111879999994, -20.391522199999947 ], [ -40.481552, -20.391732599999951 ], [ -40.481659299999926, -20.391775099999972 ], [ -40.482116299999973, -20.391956099999955 ], [ -40.482640799999956, -20.392125299999968 ], [ -40.484929799999975, -20.392872899999926 ], [ -40.485128399999951, -20.392937699999948 ], [ -40.485243, -20.392974199999969 ], [ -40.485256699999979, -20.392978599999932 ], [ -40.485597799999937, -20.393087199999972 ], [ -40.485961499999981, -20.393153 ], [ -40.486181899999963, -20.393192899999974 ], [ -40.486437499999965, -20.393195599999967 ], [ -40.486555699999947, -20.393196899999964 ], [ -40.486725799999931, -20.393187699999938 ], [ -40.486899099999967, -20.393163899999934 ], [ -40.486899699999981, -20.393227699999958 ], [ -40.486901, -20.393374899999976 ], [ -40.487163299999963, -20.393336199999961 ], [ -40.487521399999935, -20.393255199999949 ], [ -40.488216399999942, -20.394146299999921 ], [ -40.488408199999981, -20.394265699999945 ], [ -40.488770599999953, -20.394491599999984 ], [ -40.489150099999968, -20.394738899999929 ], [ -40.489286599999957, -20.394821699999969 ], [ -40.489410199999952, -20.394896699999947 ], [ -40.489798099999973, -20.395139699999966 ], [ -40.490416299999943, -20.395536199999981 ], [ -40.490463199999972, -20.395595899999936 ], [ -40.490531499999982, -20.395702399999948 ], [ -40.490608199999933, -20.395877299999931 ], [ -40.490655099999962, -20.395954 ], [ -40.490753199999972, -20.396107499999978 ], [ -40.490851199999952, -20.396261 ], [ -40.490915199999954, -20.396346199999979 ] ] ], [ [ [ -40.474963299999956, -20.396108399999946 ], [ -40.475911899999971, -20.39656489999993 ], [ -40.476427599999958, -20.396802399999956 ], [ -40.476656099999957, -20.396646099999938 ], [ -40.477187899999933, -20.39688909999996 ], [ -40.477463099999966, -20.396278099999968 ], [ -40.477192899999977, -20.396156399999931 ], [ -40.476655399999977, -20.395902599999932 ], [ -40.47714, -20.395164399999953 ], [ -40.477257799999961, -20.395122299999969 ], [ -40.477344099999982, -20.39506919999997 ], [ -40.477428599999946, -20.394980899999943 ], [ -40.477451599999938, -20.394917699999954 ], [ -40.477464299999951, -20.39485609999997 ], [ -40.47746989999996, -20.394757799999983 ], [ -40.477458099999978, -20.394610599999972 ], [ -40.47737, -20.394125699999961 ], [ -40.477371399999988, -20.393994599999935 ], [ -40.477301399999931, -20.393812599999926 ], [ -40.477137399999947, -20.393469699999972 ], [ -40.477323899999931, -20.391771 ], [ -40.477624699999978, -20.391425499999965 ], [ -40.478430099999969, -20.390889699999928 ], [ -40.478721099999973, -20.391011499999937 ], [ -40.479277899999936, -20.391166 ], [ -40.47962809999995, -20.391149699999975 ], [ -40.479706299999975, -20.391106299999926 ], [ -40.479756599999973, -20.39092229999995 ], [ -40.479701199999965, -20.390703399999943 ], [ -40.479494, -20.390364299999938 ], [ -40.479188499999964, -20.3900508 ], [ -40.479187799999977, -20.390045099999963 ], [ -40.478693, -20.389593599999966 ], [ -40.478202799999963, -20.389157699999927 ], [ -40.477917699999978, -20.388914099999962 ], [ -40.477534899999974, -20.388644399999965 ], [ -40.477064299999938, -20.388361099999937 ], [ -40.476607299999955, -20.388103399999984 ], [ -40.476058599999924, -20.387821299999935 ], [ -40.47560759999994, -20.387589599999956 ], [ -40.47535849999997, -20.387471 ], [ -40.475210599999969, -20.387409 ], [ -40.47504169999997, -20.38733819999992 ], [ -40.473707, -20.386794299999963 ], [ -40.472078199999942, -20.386130499999982 ], [ -40.469706799999983, -20.385160299999939 ], [ -40.468182399999939, -20.384536599999947 ], [ -40.467634799999985, -20.384312499999972 ], [ -40.467237399999938, -20.384177899999933 ], [ -40.466868, -20.384052699999927 ], [ -40.46632169999998, -20.383999899999935 ], [ -40.465604499999984, -20.384058699999976 ], [ -40.464515, -20.384203199999948 ], [ -40.46453919999994, -20.384142 ], [ -40.464687799999979, -20.383766 ], [ -40.465082699999982, -20.382766699999934 ], [ -40.465142199999946, -20.382576299999972 ], [ -40.4652081, -20.382365599999957 ], [ -40.465213899999988, -20.382347 ], [ -40.465219599999955, -20.382328499999968 ], [ -40.465255199999945, -20.382214799999915 ], [ -40.464505, -20.382155 ], [ -40.46434869999996, -20.382143 ], [ -40.4639562, -20.382118199999987 ], [ -40.463557399999964, -20.382080699999953 ], [ -40.463078899999971, -20.382018799999969 ], [ -40.46279849999997, -20.381905199999945 ], [ -40.462590299999938, -20.381797799999951 ], [ -40.462224, -20.381589499999965 ], [ -40.461916599999945, -20.381441599999963 ], [ -40.461632699999939, -20.381273299999975 ], [ -40.461373199999969, -20.381073 ], [ -40.461094, -20.380793699999984 ], [ -40.460853899999954, -20.380532 ], [ -40.460604299999936, -20.380294 ], [ -40.460357899999963, -20.380078699999959 ], [ -40.46010519999993, -20.379925799999967 ], [ -40.4597644, -20.379711799999935 ], [ -40.459585299999958, -20.379614599999968 ], [ -40.459156899999989, -20.37937769999996 ], [ -40.458905, -20.379179599999919 ], [ -40.458749599999983, -20.378829199999927 ], [ -40.458664699999929, -20.378642899999935 ], [ -40.458501799999965, -20.378370299999965 ], [ -40.458432899999927, -20.378255 ], [ -40.458233299999961, -20.378030899999949 ], [ -40.458102299999958, -20.377884399999974 ], [ -40.457928399999957, -20.377692199999952 ], [ -40.457672199999934, -20.377442 ], [ -40.457352199999946, -20.377280799999934 ], [ -40.457089099999969, -20.377136 ], [ -40.457054699999958, -20.377117099999978 ], [ -40.457052299999937, -20.377115799999959 ], [ -40.457050099999954, -20.377114599999967 ], [ -40.456780499999986, -20.376933 ], [ -40.456677399999933, -20.37693959999994 ], [ -40.456344899999984, -20.376938599999963 ], [ -40.455850699999985, -20.3770211 ], [ -40.455685499999952, -20.377114099999979 ], [ -40.455600199999942, -20.377210099999964 ], [ -40.455444599999964, -20.377325099999947 ], [ -40.455180699999978, -20.377581299999974 ], [ -40.454905, -20.377724899999972 ], [ -40.454893399999953, -20.377730899999946 ], [ -40.454813, -20.377742 ], [ -40.454730299999945, -20.377743799999951 ], [ -40.454626399999938, -20.377732499999965 ], [ -40.454594299999947, -20.377725799999958 ], [ -40.454537699999946, -20.377714 ], [ -40.454416099999953, -20.377698799999965 ], [ -40.454390399999966, -20.377698399999922 ], [ -40.454366, -20.377698 ], [ -40.45431259999998, -20.377697299999962 ], [ -40.454255299999936, -20.377712899999963 ], [ -40.454023799999966, -20.377776099999956 ], [ -40.454002899999978, -20.377779799999931 ], [ -40.453852199999972, -20.377806599999939 ], [ -40.453721, -20.37781079999996 ], [ -40.453687799999948, -20.377810899999936 ], [ -40.45354969999994, -20.377779899999958 ], [ -40.4534776, -20.377757299999931 ], [ -40.453360399999958, -20.377720699999944 ], [ -40.453245899999963, -20.377669599999933 ], [ -40.4531133, -20.377610299999954 ], [ -40.45279939999994, -20.377312399999944 ], [ -40.452651, -20.377127299999927 ], [ -40.452554199999952, -20.377071899999969 ], [ -40.452339499999944, -20.37706339999994 ], [ -40.451920899999948, -20.376978899999926 ], [ -40.451108099999949, -20.37687829999992 ], [ -40.451079699999973, -20.376874599999955 ], [ -40.450712099999976, -20.376826699999985 ], [ -40.45039259999993, -20.376786299999928 ], [ -40.450221699999936, -20.376738299999932 ], [ -40.450079199999955, -20.376698399999949 ], [ -40.44988409999997, -20.376669599999953 ], [ -40.449878599999977, -20.376668799999944 ], [ -40.449658799999959, -20.376595 ], [ -40.449647699999957, -20.376588799999979 ], [ -40.449375899999943, -20.376435299999972 ], [ -40.449252799999961, -20.376348899999982 ], [ -40.449216699999965, -20.376323499999959 ], [ -40.448961099999963, -20.376144 ], [ -40.448335299999947, -20.375999799999928 ], [ -40.448123, -20.375923799999946 ], [ -40.448112099999946, -20.375919899999928 ], [ -40.447679499999929, -20.37561879999992 ], [ -40.447327299999984, -20.3753 ], [ -40.447198399999941, -20.375183299999946 ], [ -40.447167899999954, -20.375167599999934 ], [ -40.447032099999944, -20.375097799999939 ], [ -40.446862899999985, -20.37511139999997 ], [ -40.446494599999944, -20.375183299999936 ], [ -40.44642279999993, -20.375179699999936 ], [ -40.446298199999944, -20.37517339999993 ], [ -40.446142699999946, -20.37512449999997 ], [ -40.446040799999935, -20.375013199999962 ], [ -40.445826099999984, -20.374812099999939 ], [ -40.445615, -20.374726099999975 ], [ -40.445546099999945, -20.374698 ], [ -40.445355299999967, -20.374658199999953 ], [ -40.445243099999978, -20.374641499999946 ], [ -40.444938, -20.374643499999934 ], [ -40.444757599999939, -20.374629499999966 ], [ -40.444630399999937, -20.374626499999977 ], [ -40.444553, -20.374597299999948 ], [ -40.44447329999997, -20.374581299999928 ], [ -40.444393499999933, -20.374537099999944 ], [ -40.444309499999974, -20.374505299999949 ], [ -40.444102799999946, -20.374345599999973 ], [ -40.444072799999965, -20.374314499999965 ], [ -40.4439359, -20.37419339999996 ], [ -40.443808599999961, -20.374009399999977 ], [ -40.443785099999957, -20.373854 ], [ -40.443772499999966, -20.373796899999949 ], [ -40.443775, -20.373776499999966 ], [ -40.443804899999975, -20.373533799999972 ], [ -40.443873099999969, -20.373344399999947 ], [ -40.443924299999942, -20.373243399999982 ], [ -40.443998499999964, -20.373056399999928 ], [ -40.443971799999936, -20.372905199999931 ], [ -40.443955799999976, -20.372814499999944 ], [ -40.443981099999981, -20.372615799999949 ], [ -40.444014899999956, -20.372503899999963 ], [ -40.444075, -20.372375 ], [ -40.444111299999982, -20.372297199999924 ], [ -40.444159599999971, -20.372067499999961 ], [ -40.444174199999964, -20.371802099999957 ], [ -40.444197499999973, -20.371753599999977 ], [ -40.44432269999993, -20.371493199999989 ], [ -40.444324399999971, -20.371436799999962 ], [ -40.444318, -20.371294099999943 ], [ -40.444249499999955, -20.371221799999937 ], [ -40.444136899999933, -20.37115509999995 ], [ -40.444039099999941, -20.371097899999935 ], [ -40.443991299999936, -20.371065299999945 ], [ -40.443918, -20.371013299999962 ], [ -40.443877799999939, -20.370964099999973 ], [ -40.443899599999952, -20.370792 ], [ -40.443901499999974, -20.370685599999945 ], [ -40.443898599999947, -20.370682299999949 ], [ -40.443834299999942, -20.370627399999936 ], [ -40.443794, -20.370605799999957 ], [ -40.450493, -20.365297 ], [ -40.45119619999997, -20.364958 ], [ -40.451472899999942, -20.364484899999979 ], [ -40.451680299999964, -20.364130299999935 ], [ -40.451794099999979, -20.36418889999992 ], [ -40.451886399999985, -20.364211 ], [ -40.452414699999963, -20.364204099999938 ], [ -40.452613, -20.364208099999932 ], [ -40.453266099999951, -20.364197299999933 ], [ -40.45344149999994, -20.364197 ], [ -40.453758299999947, -20.364193199999924 ], [ -40.4538563, -20.364193599999965 ], [ -40.454861, -20.364143 ], [ -40.456474699999944, -20.363281099999941 ], [ -40.456612299999968, -20.363222799999964 ], [ -40.456686299999951, -20.363182699999978 ], [ -40.456829899999946, -20.363104799999981 ], [ -40.457012299999981, -20.362961599999945 ], [ -40.45732339999995, -20.362588899999924 ], [ -40.45757359999994, -20.362310499999978 ], [ -40.457616899999955, -20.362236699999983 ], [ -40.457851899999987, -20.361925299999939 ], [ -40.458103899999969, -20.361669399999986 ], [ -40.458160899999946, -20.361625299999954 ], [ -40.458185199999939, -20.361606499999933 ], [ -40.458232899999985, -20.361583799999956 ], [ -40.458299699999941, -20.361556199999935 ], [ -40.458357, -20.361537599999973 ], [ -40.458414299999959, -20.36151909999996 ], [ -40.458490799999936, -20.361500399999962 ], [ -40.458557599999956, -20.361472699999986 ], [ -40.458614699999941, -20.361436099999938 ], [ -40.458671899999956, -20.361408499999985 ], [ -40.458719699999953, -20.36139 ], [ -40.458777, -20.361371499999969 ], [ -40.458834299999978, -20.361352899999929 ], [ -40.45890119999995, -20.361343299999934 ], [ -40.458968199999958, -20.361333799999958 ], [ -40.459025699999984, -20.361333299999963 ], [ -40.459092799999951, -20.361341699999961 ], [ -40.459150199999954, -20.361332199999936 ], [ -40.45919779999997, -20.361295699999975 ], [ -40.459245299999964, -20.361259199999957 ], [ -40.459283399999947, -20.361231699999966 ], [ -40.459321299999942, -20.361195299999963 ], [ -40.45935, -20.361186 ], [ -40.459378599999987, -20.361167699999935 ], [ -40.459397599999932, -20.361158499999938 ], [ -40.459483799999937, -20.361148799999974 ], [ -40.459522, -20.36113939999996 ], [ -40.459569899999963, -20.361139 ], [ -40.459608099999961, -20.361129699999932 ], [ -40.459713499999971, -20.36112879999996 ], [ -40.459780499999958, -20.361128199999946 ], [ -40.459867, -20.361154599999967 ], [ -40.459924599999972, -20.361172199999945 ], [ -40.45997269999998, -20.361189799999988 ], [ -40.460020599999957, -20.361189399999933 ], [ -40.460068399999955, -20.36118 ], [ -40.460135299999934, -20.361161399999943 ], [ -40.460202199999969, -20.361151799999952 ], [ -40.460259599999979, -20.361142299999976 ], [ -40.460364899999952, -20.361132399999963 ], [ -40.460498799999982, -20.36110409999997 ], [ -40.460556099999962, -20.361094599999937 ], [ -40.460613599999938, -20.361094099999939 ], [ -40.460680799999977, -20.361111599999969 ], [ -40.460767199999964, -20.361129 ], [ -40.460834299999931, -20.361128399999934 ], [ -40.460882199999965, -20.361128 ], [ -40.460958499999947, -20.361100299999983 ], [ -40.461034799999936, -20.361063499999947 ], [ -40.461082599999948, -20.361054099999933 ], [ -40.461149499999983, -20.361035499999957 ], [ -40.461226, -20.361025799999922 ], [ -40.461293299999966, -20.361043299999938 ], [ -40.461360599999978, -20.361069799999946 ], [ -40.461408699999929, -20.36109649999997 ], [ -40.461437699999976, -20.361123399999947 ], [ -40.461476299999966, -20.36115019999993 ], [ -40.461533799999984, -20.361158699999979 ], [ -40.461600899999958, -20.361158199999981 ], [ -40.461667899999959, -20.361148599999975 ], [ -40.461744499999952, -20.361147899999946 ], [ -40.461821199999982, -20.361156299999948 ], [ -40.461888399999964, -20.361173799999971 ], [ -40.461926799999958, -20.361182499999916 ], [ -40.46201339999994, -20.361217899999925 ], [ -40.462090299999943, -20.361253399999953 ], [ -40.46215749999994, -20.361261899999931 ], [ -40.46222169999993, -20.361281499999965 ], [ -40.462243899999976, -20.361288299999945 ], [ -40.462282499999958, -20.361315099999945 ], [ -40.462321, -20.36133279999996 ], [ -40.462397799999962, -20.361350199999944 ], [ -40.462484199999956, -20.361367599999941 ], [ -40.462570599999935, -20.361394 ], [ -40.462647399999987, -20.361411399999948 ], [ -40.462724299999934, -20.361437799999972 ], [ -40.462763, -20.361473599999961 ], [ -40.462820799999974, -20.361509299999963 ], [ -40.462888299999975, -20.361562899999967 ], [ -40.462955699999952, -20.361598499999953 ], [ -40.463023, -20.361616 ], [ -40.463090199999954, -20.361633499999975 ], [ -40.463167099999964, -20.36166 ], [ -40.463224799999978, -20.361686599999924 ], [ -40.463273, -20.36172229999994 ], [ -40.463321299999969, -20.361758099999971 ], [ -40.463350299999945, -20.361793899999938 ], [ -40.464812799999947, -20.359810099999947 ], [ -40.464815599999959, -20.359809699999957 ], [ -40.467666, -20.359468799999942 ], [ -40.467667499999948, -20.359468599999946 ], [ -40.467694399999971, -20.359465299999947 ], [ -40.467677799999933, -20.359344099999937 ], [ -40.467613899999947, -20.359175 ], [ -40.467628899999966, -20.359001199999962 ], [ -40.467756299999955, -20.359044399999966 ], [ -40.468003799999963, -20.359220599999958 ], [ -40.468031599999961, -20.359323 ], [ -40.468002899999931, -20.359428499999972 ], [ -40.467973799999982, -20.359588899999959 ], [ -40.468006199999934, -20.35964389999998 ], [ -40.468346799999949, -20.359707299999968 ], [ -40.468504199999984, -20.359659399999938 ], [ -40.468623499999978, -20.359553699999942 ], [ -40.468757799999935, -20.359338099999938 ], [ -40.468788299999972, -20.359334499999932 ], [ -40.468971599999982, -20.359312599999946 ], [ -40.471386099999961, -20.362196099999956 ], [ -40.471391, -20.362419299999939 ], [ -40.494108, -20.361496 ], [ -40.494155799999938, -20.361531199999956 ], [ -40.494231699999943, -20.361616199999965 ], [ -40.494357099999952, -20.361810399999968 ], [ -40.49447, -20.361963699999933 ], [ -40.494672099999946, -20.362174399999951 ], [ -40.494742599999931, -20.36231829999997 ], [ -40.494837699999948, -20.362518599999934 ], [ -40.494900399999949, -20.362573199999929 ], [ -40.494930699999941, -20.362589399999937 ], [ -40.494957099999972, -20.362603599999947 ], [ -40.494965099999952, -20.362633899999931 ], [ -40.495001599999966, -20.362720899999943 ], [ -40.495165499999985, -20.362905 ], [ -40.495270699999935, -20.363068899999973 ], [ -40.495307099999934, -20.363206499999929 ], [ -40.495333399999936, -20.363477699999969 ], [ -40.495396099999944, -20.363777099999922 ], [ -40.495444699999958, -20.364236399999978 ], [ -40.495523599999956, -20.364533899999977 ], [ -40.495556, -20.364620899999974 ], [ -40.495677399999984, -20.364869699999932 ], [ -40.495964699999945, -20.365401899999934 ], [ -40.495989, -20.365507099999956 ], [ -40.496055699999943, -20.365644699999965 ], [ -40.496136699999965, -20.365814699999923 ], [ -40.496148799999965, -20.365917799999973 ], [ -40.496205499999974, -20.366110099999947 ], [ -40.496260099999965, -20.366213299999973 ], [ -40.496363299999985, -20.36630839999998 ], [ -40.496446299999953, -20.366458099999932 ], [ -40.496612199999959, -20.366632099999944 ], [ -40.496812499999983, -20.366802099999965 ], [ -40.496979, -20.366924899999962 ], [ -40.497133599999977, -20.367035899999969 ], [ -40.497424899999949, -20.367503499999948 ], [ -40.497521499999948, -20.367601699999963 ], [ -40.497697799999969, -20.367728899999971 ], [ -40.49798149999998, -20.367989499999961 ], [ -40.498191499999962, -20.368172 ], [ -40.49826969999998, -20.368282399999945 ], [ -40.498403099999962, -20.368454099999951 ], [ -40.498478199999965, -20.368602799999962 ], [ -40.498612599999944, -20.368878899999974 ], [ -40.498630699999985, -20.368921699999927 ], [ -40.49864569999994, -20.368961399999922 ], [ -40.498842499999967, -20.369483899999974 ], [ -40.499364799999967, -20.370032099999943 ], [ -40.499436099999976, -20.370355899999925 ], [ -40.498766899999964, -20.372311499999974 ], [ -40.498535799999964, -20.37325439999994 ], [ -40.497564, -20.373428099999959 ], [ -40.497007399999973, -20.373515699999931 ], [ -40.49692239999996, -20.373655299999943 ], [ -40.497003199999938, -20.373791599999954 ], [ -40.497072, -20.373968899999969 ], [ -40.497201, -20.374077799999956 ], [ -40.49733, -20.37418659999997 ], [ -40.497639599999964, -20.374275299999955 ], [ -40.497906099999959, -20.37433979999998 ], [ -40.498103899999933, -20.37438809999998 ], [ -40.498293099999962, -20.374517099999927 ], [ -40.498404899999969, -20.374694499999976 ], [ -40.498413499999977, -20.37499679999997 ], [ -40.498387699999967, -20.375077399999945 ], [ -40.498301699999963, -20.375238599999925 ], [ -40.498138299999937, -20.375367599999954 ], [ -40.497966299999973, -20.375585299999958 ], [ -40.497863099999968, -20.375754599999937 ], [ -40.497794399999982, -20.375915799999969 ], [ -40.497820199999978, -20.376117399999941 ], [ -40.497867399999954, -20.376218099999964 ], [ -40.497914699999967, -20.376318899999941 ], [ -40.498035099999981, -20.376617199999941 ], [ -40.49807809999993, -20.376802599999962 ], [ -40.498086699999924, -20.377004099999965 ], [ -40.49802649999998, -20.377358799999964 ], [ -40.497751399999977, -20.37752009999997 ], [ -40.497785799999974, -20.377923099999968 ], [ -40.497785799999974, -20.378100499999967 ], [ -40.497682599999955, -20.378519699999973 ], [ -40.497682599999969, -20.378793799999986 ], [ -40.497768599999979, -20.379132299999974 ], [ -40.497738599999934, -20.379284499999983 ], [ -40.497562199999948, -20.380180299999939 ], [ -40.49785449999996, -20.380341599999948 ], [ -40.498060899999984, -20.380454399999962 ], [ -40.4980609, -20.38063179999995 ], [ -40.498009299999978, -20.380889699999965 ], [ -40.498060899999984, -20.380962299999965 ], [ -40.498112499999934, -20.381034799999956 ], [ -40.498284499999954, -20.381123499999937 ], [ -40.498456499999975, -20.381212199999926 ], [ -40.498714499999942, -20.381131599999936 ], [ -40.498722599999958, -20.381131099999948 ], [ -40.498905099999945, -20.381121 ], [ -40.499006899999983, -20.381115399999942 ], [ -40.49907909999996, -20.381108299999934 ], [ -40.499333699999958, -20.381083199999985 ], [ -40.499435799999965, -20.381085599999938 ], [ -40.499773799999964, -20.381035799999946 ], [ -40.499855699999962, -20.381038299999929 ], [ -40.499886099999976, -20.381096499999963 ], [ -40.500151799999976, -20.381605499999974 ], [ -40.500725699999975, -20.382649799999967 ], [ -40.50099709999995, -20.383077899999943 ], [ -40.502431799999961, -20.382174399999936 ], [ -40.50373929999995, -20.381369 ], [ -40.504039599999942, -20.381195099999964 ], [ -40.505037, -20.380526699999962 ], [ -40.505687899999941, -20.380090499999941 ], [ -40.505728799999929, -20.380116799999946 ], [ -40.507891099999938, -20.378764099999955 ], [ -40.510622499999954, -20.377068599999976 ], [ -40.511797899999976, -20.376383399999952 ], [ -40.511806099999944, -20.376318799999968 ], [ -40.511823299999946, -20.376243199999969 ], [ -40.51184759999996, -20.376169499999943 ], [ -40.511878899999935, -20.376098 ], [ -40.51191689999996, -20.376029599999981 ], [ -40.511961399999961, -20.375964699999933 ], [ -40.512011899999955, -20.375903799999939 ], [ -40.512068, -20.375847499999967 ], [ -40.512129299999962, -20.375796199999979 ], [ -40.512195199999951, -20.375750399999955 ], [ -40.512265299999967, -20.375710299999977 ], [ -40.512455699999975, -20.37559169999998 ], [ -40.512649199999942, -20.375477699999976 ], [ -40.512845699999957, -20.375368199999979 ], [ -40.513044899999947, -20.375263299999983 ], [ -40.513293599999948, -20.375134499999955 ], [ -40.513360599999949, -20.37510119999996 ], [ -40.513543199999958, -20.375010799999938 ], [ -40.51379639999994, -20.374890199999985 ], [ -40.514051799999955, -20.374773699999938 ], [ -40.514152, -20.374682699999941 ], [ -40.51424679999996, -20.374586699999956 ], [ -40.514335899999935, -20.374485899999961 ], [ -40.514419099999934, -20.374380799999976 ], [ -40.514496099999981, -20.37427149999996 ], [ -40.514694299999967, -20.373979299999981 ], [ -40.514888, -20.373684499999968 ], [ -40.515261799999962, -20.373087199999922 ], [ -40.515441799999962, -20.372784699999958 ], [ -40.515474099999949, -20.37272229999996 ], [ -40.515501, -20.372657599999975 ], [ -40.515522499999982, -20.372591099999969 ], [ -40.515538199999988, -20.372523299999955 ], [ -40.515548199999955, -20.372454399999977 ], [ -40.515552399999933, -20.372385 ], [ -40.515483599999989, -20.37214379999995 ], [ -40.515350899999937, -20.37166859999995 ], [ -40.515328299999958, -20.37158229999994 ], [ -40.515313, -20.371494699999968 ], [ -40.515305, -20.371406099999938 ], [ -40.515304499999957, -20.37131729999993 ], [ -40.515311399999973, -20.371228699999968 ], [ -40.515318599999944, -20.371147799999953 ], [ -40.515319199999958, -20.371066699999961 ], [ -40.515313399999968, -20.370985699999956 ], [ -40.515301199999961, -20.370905399999963 ], [ -40.515282599999985, -20.370826199999957 ], [ -40.51525769999995, -20.37074859999996 ], [ -40.515226699999971, -20.370672899999938 ], [ -40.515168199999948, -20.370502 ], [ -40.515103899999978, -20.370333 ], [ -40.515033599999988, -20.370166099999949 ], [ -40.514957599999946, -20.37000149999994 ], [ -40.514875899999943, -20.36983929999996 ], [ -40.514788599999974, -20.369679699999953 ], [ -40.51469579999997, -20.369522899999932 ], [ -40.514675099999977, -20.369466299999953 ], [ -40.514661399999966, -20.369407799999983 ], [ -40.514654899999982, -20.369348299999963 ], [ -40.514655599999976, -20.369288399999949 ], [ -40.514663599999949, -20.369229 ], [ -40.514678599999975, -20.369170899999972 ], [ -40.514700599999969, -20.369114699999948 ], [ -40.514729199999977, -20.369061299999949 ], [ -40.514764099999987, -20.369011299999958 ], [ -40.514804799999986, -20.368965399999979 ], [ -40.514877099999985, -20.368849 ], [ -40.51495459999996, -20.368735699999949 ], [ -40.515037099999972, -20.368625499999954 ], [ -40.515124399999934, -20.368518799999947 ], [ -40.515216499999951, -20.368415599999931 ], [ -40.515313099999965, -20.368316299999947 ], [ -40.515414199999945, -20.368220799999968 ], [ -40.515484199999946, -20.368181899999964 ], [ -40.515550599999983, -20.368137599999958 ], [ -40.515612899999958, -20.368088199999931 ], [ -40.515670499999942, -20.368034099999935 ], [ -40.515728299999978, -20.367972099999985 ], [ -40.515770499999974, -20.367913299999945 ], [ -40.515812199999971, -20.367847399999949 ], [ -40.515847899999983, -20.367778499999936 ], [ -40.515877399999972, -20.367707 ], [ -40.51590049999993, -20.367633499999943 ], [ -40.515917, -20.36755839999995 ], [ -40.515926799999939, -20.367482199999934 ], [ -40.515929799999988, -20.367405599999923 ], [ -40.515926099999945, -20.367329 ], [ -40.515916699999934, -20.367255499999946 ], [ -40.515895899999968, -20.367204399999931 ], [ -40.515882899999951, -20.367153899999938 ], [ -40.515876699999978, -20.367102299999949 ], [ -40.515877399999972, -20.367050399999982 ], [ -40.515885, -20.366998899999928 ], [ -40.515899399999967, -20.366948799999932 ], [ -40.515920399999978, -20.366900799999943 ], [ -40.51594759999994, -20.366855599999941 ], [ -40.515980599999978, -20.366814 ], [ -40.516018899999956, -20.366776699999949 ], [ -40.516061799999932, -20.366744099999949 ], [ -40.516108799999984, -20.366717 ], [ -40.516159, -20.366695599999961 ], [ -40.516211599999963, -20.366680299999935 ], [ -40.516265899999951, -20.36667129999995 ], [ -40.516320899999982, -20.366668899999976 ], [ -40.516375799999935, -20.366673 ], [ -40.516429699999946, -20.366683599999924 ], [ -40.51657739999996, -20.366696699999984 ], [ -40.516724399999937, -20.366714799999947 ], [ -40.516934, -20.366746699999965 ], [ -40.517124599999924, -20.366732399999929 ], [ -40.517244199999936, -20.36669 ], [ -40.517350799999974, -20.366623499999935 ], [ -40.517439, -20.366536399999969 ], [ -40.51750439999995, -20.366432899999953 ], [ -40.517527499999971, -20.36637659999996 ], [ -40.517543799999935, -20.366318199999959 ], [ -40.517553, -20.366258499999944 ], [ -40.517542499999927, -20.366084199999932 ], [ -40.517550699999958, -20.366043799999954 ], [ -40.517564899999975, -20.366004899999947 ], [ -40.517585, -20.365968399999918 ], [ -40.517610399999974, -20.365935 ], [ -40.517640599999936, -20.365905399999971 ], [ -40.517675099999963, -20.365880199999925 ], [ -40.517713, -20.365859899999975 ], [ -40.517753599999928, -20.365845 ], [ -40.517796099999948, -20.365835799999946 ], [ -40.517839499999972, -20.365832399999924 ], [ -40.517887399999957, -20.365815599999969 ], [ -40.517932499999979, -20.365793199999924 ], [ -40.517974199999976, -20.365765499999963 ], [ -40.518011799999961, -20.365733 ], [ -40.518044599999939, -20.365696099999976 ], [ -40.5180721, -20.365655599999965 ], [ -40.518093799999974, -20.36561209999995 ], [ -40.51810939999995, -20.365566299999955 ], [ -40.518118599999987, -20.365519 ], [ -40.518121299999954, -20.365470899999938 ], [ -40.518117399999944, -20.365422899999931 ], [ -40.518159899999951, -20.365226499999945 ], [ -40.518208199999954, -20.365031299999938 ], [ -40.51826229999994, -20.364837399999942 ], [ -40.518322, -20.364645099999954 ], [ -40.518387399999945, -20.36445429999997 ], [ -40.518458399999929, -20.364265399999962 ], [ -40.518488799999943, -20.364189 ], [ -40.518513299999945, -20.364110699999976 ], [ -40.518531799999948, -20.364031 ], [ -40.518544099999986, -20.363950199999977 ], [ -40.518550199999936, -20.363868799999967 ], [ -40.518550199999936, -20.363787299999959 ], [ -40.518543899999941, -20.363705899999953 ], [ -40.518531399999972, -20.363625099999975 ], [ -40.518530499999947, -20.363303799999976 ], [ -40.518536099999956, -20.362982499999934 ], [ -40.518552199999931, -20.362615 ], [ -40.518553399999973, -20.362579899999965 ], [ -40.518549799999967, -20.362495499999959 ], [ -40.518539499999974, -20.362411699999932 ], [ -40.518522699999949, -20.362328699999978 ], [ -40.518499499999969, -20.362247199999945 ], [ -40.518434099999979, -20.362090099999936 ], [ -40.518344899999931, -20.361943799999942 ], [ -40.518292, -20.361875699999924 ], [ -40.518126899999977, -20.36168409999993 ], [ -40.518025899999941, -20.361552399999933 ], [ -40.517842499999972, -20.361277299999923 ], [ -40.517760399999929, -20.361134499999935 ], [ -40.517655499999925, -20.360971099999979 ], [ -40.517573099999936, -20.360825799999937 ], [ -40.51748809999998, -20.360713099999938 ], [ -40.517385399999966, -20.360614399999982 ], [ -40.517277799999924, -20.360497399999936 ], [ -40.517231, -20.360433699999927 ], [ -40.517189199999962, -20.360366899999985 ], [ -40.517127, -20.360286099999929 ], [ -40.517088599999965, -20.360193 ], [ -40.517079099999933, -20.36014379999995 ], [ -40.517080299999982, -20.360043899999933 ], [ -40.517067799999964, -20.359965399999954 ], [ -40.51704929999994, -20.359887899999933 ], [ -40.517024899999967, -20.359811899999961 ], [ -40.516994599999983, -20.359737799999941 ], [ -40.516958799999941, -20.359666 ], [ -40.516917399999954, -20.359596799999974 ], [ -40.516868499999937, -20.359494699999964 ], [ -40.516813399999933, -20.359395499999938 ], [ -40.516752399999973, -20.35929949999997 ], [ -40.51661329999996, -20.359118099999925 ], [ -40.51653569999997, -20.359033299999961 ], [ -40.516453099999978, -20.358952899999956 ], [ -40.516199599999943, -20.358478799999933 ], [ -40.516005099999973, -20.358176 ], [ -40.51593209999993, -20.358106899999942 ], [ -40.515800499999955, -20.357956599999969 ], [ -40.5156899, -20.357791799999962 ], [ -40.515643099999977, -20.357704899999938 ], [ -40.515602099999967, -20.357615399999933 ], [ -40.515567199999964, -20.357523599999979 ], [ -40.515385199999976, -20.357239399999976 ], [ -40.51519749999995, -20.356958499999966 ], [ -40.515004099999949, -20.356681199999979 ], [ -40.514940099999926, -20.356631 ], [ -40.514880799999951, -20.356576099999938 ], [ -40.514777299999935, -20.356453499999933 ], [ -40.514696399999927, -20.356316499999942 ], [ -40.514665099999945, -20.356243899999985 ], [ -40.5146266, -20.356171899999936 ], [ -40.514581599999985, -20.35610329999998 ], [ -40.514530399999963, -20.35603859999997 ], [ -40.514473599999974, -20.355978399999969 ], [ -40.514411399999979, -20.355923 ], [ -40.514344399999977, -20.355872799999918 ], [ -40.514009399999964, -20.355651799999983 ], [ -40.513688199999933, -20.355413399999975 ], [ -40.513615799999968, -20.355337499999973 ], [ -40.513549099999985, -20.355257099999967 ], [ -40.513434199999949, -20.355084299999934 ], [ -40.513386499999967, -20.354992799999934 ], [ -40.513345599999973, -20.354898299999945 ], [ -40.513311699999974, -20.354801399999921 ], [ -40.513284899999974, -20.35470249999997 ], [ -40.513111, -20.354031199999948 ], [ -40.513072299999976, -20.353895899999937 ], [ -40.513040899999964, -20.353759 ], [ -40.51301669999998, -20.353620699999965 ], [ -40.512999899999954, -20.353481499999933 ], [ -40.512988399999983, -20.353201599999981 ], [ -40.513004599999931, -20.353113199999942 ], [ -40.51302, -20.352934599999973 ], [ -40.513019099999951, -20.352845 ], [ -40.513012499999945, -20.352755599999966 ], [ -40.513000299999931, -20.352666699999933 ], [ -40.513081799999952, -20.352448499999987 ], [ -40.513131399999963, -20.352028 ], [ -40.513258699999938, -20.351841799999935 ], [ -40.51328239999998, -20.351695699999933 ], [ -40.513346799999972, -20.351508899999942 ], [ -40.513413299999968, -20.351437299999933 ], [ -40.513528099999981, -20.351355199999929 ], [ -40.513656699999963, -20.351308499999959 ], [ -40.513712799999958, -20.35128009999994 ], [ -40.513754899999981, -20.351183399999965 ], [ -40.513743099999949, -20.351074499999982 ], [ -40.513712599999955, -20.350982199999972 ], [ -40.513657599999938, -20.350848599999949 ], [ -40.513335699999978, -20.350365099999983 ], [ -40.513302499999952, -20.350266499999965 ], [ -40.513285399999965, -20.350172899999965 ], [ -40.513284499999941, -20.350074 ], [ -40.513314, -20.349959599999988 ], [ -40.513460299999956, -20.349596 ], [ -40.513634, -20.348976799999942 ], [ -40.51371759999995, -20.348733499999987 ], [ -40.514191699999969, -20.347758199999923 ], [ -40.514208399999973, -20.347738799999952 ], [ -40.514320099999964, -20.347441499999949 ], [ -40.513798799999961, -20.347751299999977 ], [ -40.513327599999968, -20.347639399999927 ], [ -40.513150199999984, -20.347076299999973 ], [ -40.51311359999994, -20.346808799999963 ], [ -40.512784599999975, -20.346845899999956 ], [ -40.512583499999948, -20.34699089999998 ], [ -40.512324799999938, -20.347170499999944 ], [ -40.512052099999948, -20.347391199999954 ], [ -40.51186609999997, -20.347597499999953 ], [ -40.51152819999993, -20.347805099999956 ], [ -40.511090399999944, -20.348163599999982 ], [ -40.510700799999938, -20.34826239999995 ], [ -40.510418799999968, -20.34826489999995 ], [ -40.510144099999927, -20.348287699999947 ], [ -40.509898399999955, -20.34830349999994 ], [ -40.509615899999972, -20.348241199999958 ], [ -40.509296699999936, -20.348161599999969 ], [ -40.509054599999956, -20.347954899999923 ], [ -40.508787899999959, -20.347911199999935 ], [ -40.508488, -20.347938599999964 ], [ -40.508315299999943, -20.347918799999935 ], [ -40.508021399999961, -20.347786899999964 ], [ -40.507786799999955, -20.347576699999941 ], [ -40.507152099999985, -20.347111599999952 ], [ -40.506851899999965, -20.3471 ], [ -40.506604799999941, -20.34715169999993 ], [ -40.50644379999995, -20.347188499999952 ], [ -40.506274299999973, -20.347115599999945 ], [ -40.506078699999932, -20.347060699999926 ], [ -40.505939399999939, -20.347008799999966 ], [ -40.505755799999974, -20.347024599999926 ], [ -40.505628299999962, -20.347032799999951 ], [ -40.505549, -20.346980399999953 ], [ -40.505439899999942, -20.346942399999932 ], [ -40.505259499999966, -20.346912099999944 ], [ -40.505031, -20.346949399999978 ], [ -40.504948199999951, -20.346918299999981 ], [ -40.504771799999958, -20.34691279999992 ], [ -40.504603199999963, -20.346928399999967 ], [ -40.504389699999933, -20.346962 ], [ -40.504183699999942, -20.346992099999973 ], [ -40.504071299999964, -20.347010799999957 ], [ -40.50381, -20.34704609999995 ], [ -40.503536799999956, -20.347038799999947 ], [ -40.50324709999996, -20.34736179999992 ], [ -40.503104099999973, -20.347548599999989 ], [ -40.502985199999969, -20.347542599999933 ], [ -40.502835699999935, -20.347438899999926 ], [ -40.502719499999955, -20.347331299999954 ], [ -40.502637499999942, -20.34729 ], [ -40.502352899999948, -20.347432499999957 ], [ -40.502287299999985, -20.347552099999966 ], [ -40.502131299999981, -20.34755349999994 ], [ -40.502041499999962, -20.347480699999952 ], [ -40.50194769999996, -20.34738 ], [ -40.501833499999982, -20.34746849999993 ], [ -40.501778599999966, -20.34756 ], [ -40.501657099999939, -20.347659099999927 ], [ -40.50172879999996, -20.347777599999976 ], [ -40.501703899999946, -20.347896799999944 ], [ -40.501592699999954, -20.347918799999949 ], [ -40.501529499999947, -20.347908799999971 ], [ -40.5014, -20.347948499999973 ], [ -40.501281, -20.347932 ], [ -40.501158099999941, -20.347891 ], [ -40.501008199999944, -20.347752199999942 ], [ -40.500878799999953, -20.347812899999951 ], [ -40.500764899999972, -20.347936399999977 ], [ -40.500644399999942, -20.348140599999965 ], [ -40.500497899999978, -20.348352 ], [ -40.500406199999929, -20.348475299999958 ], [ -40.500355899999931, -20.348647299999975 ], [ -40.500324, -20.348805199999966 ], [ -40.500302199999972, -20.34885439999994 ], [ -40.500172499999955, -20.34888 ], [ -40.500072599999953, -20.348870099999946 ], [ -40.499954099999968, -20.348873899999944 ], [ -40.499859399999941, -20.348817399999962 ], [ -40.499807, -20.348740499999955 ], [ -40.499836399999936, -20.34864 ], [ -40.499859399999941, -20.348502499999938 ], [ -40.499767399999939, -20.348419899999961 ], [ -40.499711699999978, -20.348314299999966 ], [ -40.49966869999998, -20.348266 ], [ -40.499631799999975, -20.348223299999972 ], [ -40.499616199999934, -20.348180499999955 ], [ -40.49959529999996, -20.348142699999979 ], [ -40.499594699999932, -20.348083099999947 ], [ -40.499576, -20.348036799999939 ], [ -40.499539199999958, -20.348010599999938 ], [ -40.499509399999972, -20.347981699999931 ], [ -40.499474, -20.347963399999962 ], [ -40.499437099999966, -20.347957799999961 ], [ -40.499389299999955, -20.347920399999968 ], [ -40.499358199999961, -20.347859099999948 ], [ -40.499361499999971, -20.347807899999957 ], [ -40.499353699999972, -20.34772969999996 ], [ -40.499309699999969, -20.347682799999969 ], [ -40.499235, -20.347617199999942 ], [ -40.499162199999951, -20.347553699999935 ], [ -40.499122299999954, -20.347501 ], [ -40.499081, -20.347443 ], [ -40.498956199999952, -20.347438799999974 ], [ -40.498831899999978, -20.347371099999961 ], [ -40.498698699999977, -20.347363299999923 ], [ -40.498590799999931, -20.347355299999947 ], [ -40.498461099999929, -20.34738329999993 ], [ -40.498296099999948, -20.347369799999964 ], [ -40.498083599999973, -20.347356599999944 ], [ -40.49791619999997, -20.347417899999979 ], [ -40.49775359999996, -20.347437099999972 ], [ -40.49757059999996, -20.347409499999973 ], [ -40.497345899999971, -20.347435299999962 ], [ -40.497242, -20.34744679999994 ], [ -40.497036499999972, -20.347427399999951 ], [ -40.496830799999941, -20.347386699999962 ], [ -40.496577699999939, -20.347383599999944 ], [ -40.496349599999974, -20.347345699999952 ], [ -40.496120199999943, -20.347175299999947 ], [ -40.495936799999988, -20.346966499999944 ], [ -40.495813299999952, -20.346890299999931 ], [ -40.495707299999935, -20.346808399999922 ], [ -40.495613199999987, -20.346754 ], [ -40.495496, -20.346732899999942 ], [ -40.495413399999968, -20.346656299999953 ], [ -40.495308299999976, -20.346582699999949 ], [ -40.495170599999938, -20.34647469999992 ], [ -40.494969399999945, -20.346331 ], [ -40.494754499999949, -20.346217199999955 ], [ -40.494390299999971, -20.346240099999942 ], [ -40.493843799999979, -20.346274499999936 ], [ -40.493612599999949, -20.346276499999927 ], [ -40.493381199999938, -20.346271899999984 ], [ -40.492965, -20.346320499999933 ], [ -40.492938099999947, -20.346316899999966 ], [ -40.49234, -20.346238599999928 ], [ -40.492214299999944, -20.34619029999994 ], [ -40.491914599999966, -20.346075 ], [ -40.491647899999975, -20.345993699999958 ], [ -40.491300599999938, -20.345931299999968 ], [ -40.490780399999949, -20.34592849999995 ], [ -40.490371599999953, -20.345895599999942 ], [ -40.490137199999936, -20.34595579999996 ], [ -40.4897716, -20.34600249999994 ], [ -40.489271699999968, -20.346101199999968 ], [ -40.488864499999977, -20.346235499999981 ], [ -40.488422699999951, -20.346366499999935 ], [ -40.488103599999938, -20.346438199999966 ], [ -40.487637599999971, -20.346464 ], [ -40.487148499999932, -20.34649 ], [ -40.485977499999947, -20.346521799999937 ], [ -40.485230299999948, -20.346153799999968 ], [ -40.484758599999971, -20.345983399999955 ], [ -40.483599099999935, -20.345201 ], [ -40.482374, -20.344408299999937 ], [ -40.481700099999962, -20.344047 ], [ -40.481697299999951, -20.344044799999942 ], [ -40.481432299999938, -20.343838499999936 ], [ -40.481094099999957, -20.343525199999938 ], [ -40.480883799999951, -20.34329439999993 ], [ -40.480585299999966, -20.343107899999954 ], [ -40.480086099999944, -20.342879599999954 ], [ -40.479799599999986, -20.342729399999932 ], [ -40.479460199999949, -20.34269229999996 ], [ -40.4792796, -20.342744699999976 ], [ -40.479083499999952, -20.342786299999947 ], [ -40.479002699999974, -20.342801499999943 ], [ -40.478837399999975, -20.342839299999977 ], [ -40.478736199999958, -20.342738399999966 ], [ -40.478695799999969, -20.342685899999942 ], [ -40.478723399999978, -20.342652799999943 ], [ -40.478783399999948, -20.342615099999939 ], [ -40.478845899999953, -20.342594899999941 ], [ -40.478920099999982, -20.342589899999961 ], [ -40.479003599999949, -20.342580399999971 ], [ -40.479049699999962, -20.342549299999977 ], [ -40.479088699999977, -20.342503 ], [ -40.479097399999944, -20.342437299999958 ], [ -40.479087499999942, -20.342373899999927 ], [ -40.479031299999974, -20.342324 ], [ -40.478966199999945, -20.342307 ], [ -40.478882499999948, -20.342294599999949 ], [ -40.478782799999969, -20.342306399999924 ], [ -40.47868509999995, -20.342291899999953 ], [ -40.4785687, -20.34225559999992 ], [ -40.478426699999943, -20.342210899999944 ], [ -40.478387299999952, -20.342222099999969 ], [ -40.478348, -20.342233399999934 ], [ -40.478234799999939, -20.342295699999962 ], [ -40.478116799999952, -20.342329499999948 ], [ -40.477973099999929, -20.342354799999953 ], [ -40.477898899999964, -20.342366399999928 ], [ -40.477831899999956, -20.342395399999941 ], [ -40.47778569999997, -20.342422099999968 ], [ -40.477741699999967, -20.342435599999938 ], [ -40.477688199999925, -20.342427299999944 ], [ -40.477627899999959, -20.34242779999995 ], [ -40.477567599999929, -20.342432699999964 ], [ -40.47755159999997, -20.342465699999941 ], [ -40.477561699999974, -20.342544399999959 ], [ -40.477578799999947, -20.342634 ], [ -40.477588599999933, -20.342695299999949 ], [ -40.477621299999953, -20.342710299999961 ], [ -40.477697399999954, -20.342659299999987 ], [ -40.477794299999971, -20.342599399999933 ], [ -40.47785939999995, -20.342603199999932 ], [ -40.477915799999948, -20.342677199999958 ], [ -40.477935299999956, -20.342777699999939 ], [ -40.47796649999998, -20.342886899999939 ], [ -40.477982099999963, -20.343057599999959 ], [ -40.477987599999956, -20.343153899999944 ], [ -40.477921099999946, -20.343239799999932 ], [ -40.477873699999982, -20.343254499999954 ], [ -40.477826199999981, -20.343269099999926 ], [ -40.477714799999944, -20.343272199999952 ], [ -40.477663499999949, -20.343242 ], [ -40.477598099999959, -20.343201 ], [ -40.477517, -20.343221299999978 ], [ -40.477412599999973, -20.343222199999961 ], [ -40.477326099999971, -20.343163799999957 ], [ -40.477274099999931, -20.343061399999954 ], [ -40.477208899999944, -20.34304 ], [ -40.477158, -20.343053599999955 ], [ -40.477062899999964, -20.343063199999971 ], [ -40.477016399999968, -20.343059199999978 ], [ -40.476997099999956, -20.342978299999967 ], [ -40.476938399999938, -20.342915299999959 ], [ -40.476813599999957, -20.342975499999959 ], [ -40.476742, -20.343004599999972 ], [ -40.47667679999995, -20.342983199999942 ], [ -40.476598299999978, -20.34303419999998 ], [ -40.476505499999966, -20.343035 ], [ -40.476454199999971, -20.343011399999973 ], [ -40.476360799999952, -20.342950899999934 ], [ -40.476267299999961, -20.342883799999967 ], [ -40.476238799999976, -20.342816099999929 ], [ -40.476344899999951, -20.342745199999968 ], [ -40.476392899999951, -20.342666 ], [ -40.476394699999958, -20.342613399999944 ], [ -40.476292199999932, -20.342572699999945 ], [ -40.476182899999969, -20.342558299999943 ], [ -40.476069, -20.342537299999957 ], [ -40.475987399999951, -20.342500799999979 ], [ -40.475901099999938, -20.342462099999974 ], [ -40.475817099999972, -20.342410299999933 ], [ -40.475728899999986, -20.34241319999995 ], [ -40.47568049999996, -20.342448699999977 ], [ -40.475627799999984, -20.34252569999995 ], [ -40.475605399999957, -20.34260909999994 ], [ -40.47556169999995, -20.342655499999978 ], [ -40.475494699999956, -20.342682299999982 ], [ -40.475387799999964, -20.342674499999919 ], [ -40.475227599999982, -20.342667 ], [ -40.475148399999973, -20.342648 ], [ -40.475066599999941, -20.342585199999967 ], [ -40.475054, -20.342482399999945 ], [ -40.475062399999956, -20.342381599999946 ], [ -40.475066099999935, -20.342287399999975 ], [ -40.475044399999945, -20.342202199999981 ], [ -40.475020399999956, -20.342117099999935 ], [ -40.475009899999975, -20.341992299999944 ], [ -40.474972099999945, -20.341927 ], [ -40.474909499999974, -20.34192529999995 ], [ -40.47485649999993, -20.341969499999948 ], [ -40.474820099999924, -20.342046499999984 ], [ -40.474783699999932, -20.342127799999968 ], [ -40.474737799999957, -20.342187299999971 ], [ -40.474689499999954, -20.342227099999935 ], [ -40.474657599999944, -20.342182299999923 ], [ -40.474449, -20.341913399999953 ], [ -40.474328099999987, -20.341765 ], [ -40.474204099999945, -20.341602499999972 ], [ -40.474073899999951, -20.341414699999959 ], [ -40.473988799999979, -20.341251899999975 ], [ -40.473907099999963, -20.341137 ], [ -40.47381409999997, -20.34109829999996 ], [ -40.473706599999964, -20.341099199999977 ], [ -40.47358429999997, -20.341108699999946 ], [ -40.473497599999973, -20.341103799999928 ], [ -40.473443699999955, -20.341084499999969 ], [ -40.473365199999932, -20.340994899999931 ], [ -40.473313699999949, -20.340913599999958 ], [ -40.47329509999998, -20.34084329999995 ], [ -40.473333399999945, -20.340789399999945 ], [ -40.473485299999936, -20.340745799999986 ], [ -40.473655399999984, -20.340738699999967 ], [ -40.473664099999944, -20.340707699999943 ], [ -40.473329399999962, -20.340053499999954 ], [ -40.473290599999984, -20.34003469999994 ], [ -40.473221299999985, -20.340028399999937 ], [ -40.4731738, -20.340015 ], [ -40.47314079999996, -20.339984299999969 ], [ -40.4731, -20.339909 ], [ -40.473077499999938, -20.3398438 ], [ -40.473073199999924, -20.339781899999934 ], [ -40.473083699999968, -20.339733599999928 ], [ -40.473108799999977, -20.339692099999972 ], [ -40.473152299999988, -20.339664199999952 ], [ -40.473140899999983, -20.339612699999961 ], [ -40.473086, -20.339592499999981 ], [ -40.473049399999972, -20.339572199999964 ], [ -40.473027, -20.339520799999942 ], [ -40.472997399999933, -20.339469399999928 ], [ -40.47295, -20.339466399999928 ], [ -40.472906299999977, -20.339470199999944 ], [ -40.472844499999951, -20.339481 ], [ -40.472764499999982, -20.339509199999945 ], [ -40.472673599999958, -20.339523799999942 ], [ -40.472611599999937, -20.339517399999966 ], [ -40.472563899999955, -20.339486799999968 ], [ -40.472526899999934, -20.339432099999947 ], [ -40.472526599999988, -20.339397699999939 ], [ -40.47255179999997, -20.339366499999979 ], [ -40.472555099999973, -20.339328599999931 ], [ -40.472518399999963, -20.339294499999941 ], [ -40.472470899999962, -20.339291499999952 ], [ -40.472448799999931, -20.339264199999931 ], [ -40.472455699999955, -20.339222799999973 ], [ -40.472513399999968, -20.339160399999987 ], [ -40.472505699999942, -20.339115699999983 ], [ -40.472469199999978, -20.339105699999951 ], [ -40.472389, -20.339106399999924 ], [ -40.472301499999958, -20.339096799999933 ], [ -40.472261299999957, -20.339086799999965 ], [ -40.472235399999924, -20.339049199999977 ], [ -40.472183899999948, -20.338994599999975 ], [ -40.472114499999975, -20.338981399999966 ], [ -40.472030699999948, -20.338978699999924 ], [ -40.471965099999977, -20.338979199999983 ], [ -40.471921899999984, -20.339038099999986 ], [ -40.471875699999941, -20.339155399999985 ], [ -40.471781199999953, -20.339190599999927 ], [ -40.471638699999978, -20.339150599999975 ], [ -40.471481499999982, -20.339089899999983 ], [ -40.471353499999971, -20.33904629999995 ], [ -40.47129179999996, -20.339074299999925 ], [ -40.471248599999967, -20.339126299999982 ], [ -40.471073899999965, -20.339155299999959 ], [ -40.470888399999978, -20.339191299999978 ], [ -40.470746199999944, -20.339178699999938 ], [ -40.470658, -20.339107199999948 ], [ -40.470712, -20.339027599999948 ], [ -40.470831399999945, -20.338947499999957 ], [ -40.470860299999977, -20.338911099999951 ], [ -40.470889099999965, -20.338874699999959 ], [ -40.470856, -20.338844 ], [ -40.470790199999954, -20.338827399999957 ], [ -40.470662799999957, -20.338842199999942 ], [ -40.470579399999963, -20.338884199999928 ], [ -40.470513499999981, -20.338846899999968 ], [ -40.470352699999985, -20.33880349999998 ], [ -40.470247099999931, -20.338807899999964 ], [ -40.470163299999967, -20.338808599999933 ], [ -40.470068399999953, -20.33879909999996 ], [ -40.470024, -20.338727199999941 ], [ -40.470019099999952, -20.338593 ], [ -40.470032699999933, -20.338493099999937 ], [ -40.46998839999997, -20.338435 ], [ -40.469934099999932, -20.33846989999995 ], [ -40.469846899999936, -20.338491299999937 ], [ -40.469733899999937, -20.338488799999936 ], [ -40.469697299999957, -20.338478799999958 ], [ -40.469602599999966, -20.338479499999956 ], [ -40.469544499999984, -20.338504099999959 ], [ -40.469486, -20.33848049999995 ], [ -40.469376599999983, -20.338471099999929 ], [ -40.46927819999997, -20.338472 ], [ -40.469187099999942, -20.338472699999958 ], [ -40.469157699999975, -20.338445399999955 ], [ -40.469153499999948, -20.338393899999978 ], [ -40.469153199999937, -20.338356 ], [ -40.469181899999967, -20.338311099999945 ], [ -40.469214199999954, -20.338259199999975 ], [ -40.469202799999948, -20.338204199999936 ], [ -40.469133499999941, -20.338204799999982 ], [ -40.469055599999933, -20.338213899999978 ], [ -40.469059299999977, -20.338138299999972 ], [ -40.469081099999983, -20.3380835 ], [ -40.469120199999963, -20.337990799999947 ], [ -40.469084, -20.337923899999961 ], [ -40.469039, -20.337869699999935 ], [ -40.468994, -20.337815499999973 ], [ -40.468891199999973, -20.337753399999936 ], [ -40.468734599999948, -20.337654 ], [ -40.468622499999974, -20.337562499999944 ], [ -40.468511199999973, -20.337546699999965 ], [ -40.468306799999937, -20.337565199999986 ], [ -40.468177899999951, -20.337574699999948 ], [ -40.46810209999996, -20.337550099999916 ], [ -40.468021399999941, -20.337483599999931 ], [ -40.467967, -20.337374899999933 ], [ -40.467948, -20.337240699999949 ], [ -40.467920099999958, -20.337110799999948 ], [ -40.467892099999972, -20.336976599999961 ], [ -40.467890799999964, -20.336838099999966 ], [ -40.467823699999947, -20.336792499999937 ], [ -40.467735099999977, -20.336831 ], [ -40.467690199999929, -20.336789399999937 ], [ -40.467640399999937, -20.33669319999996 ], [ -40.46762119999994, -20.336542199999947 ], [ -40.467620699999934, -20.336487699999967 ], [ -40.467646599999966, -20.336407699999945 ], [ -40.467703899999947, -20.336356799999972 ], [ -40.467797, -20.336318199999937 ], [ -40.467800899999929, -20.336263599999945 ], [ -40.467751199999945, -20.336184199999931 ], [ -40.467662, -20.336151399999945 ], [ -40.467608799999937, -20.336177 ], [ -40.467600299999958, -20.336210699999981 ], [ -40.467600899999979, -20.336282099999959 ], [ -40.467579099999966, -20.336328399999957 ], [ -40.467472199999975, -20.33630409999995 ], [ -40.467405099999958, -20.33626269999997 ], [ -40.467386699999963, -20.336204099999971 ], [ -40.467412299999978, -20.336082099999949 ], [ -40.467438199999947, -20.335997899999938 ], [ -40.467446299999949, -20.335918099999951 ], [ -40.467352199999944, -20.33583909999993 ], [ -40.467267599999957, -20.335831399999972 ], [ -40.467232499999973, -20.33588629999997 ], [ -40.467211099999936, -20.335970399999958 ], [ -40.467171699999938, -20.33603369999998 ], [ -40.467140699999966, -20.336046599999968 ], [ -40.467055599999981, -20.335988499999928 ], [ -40.467010699999946, -20.335938499999948 ], [ -40.466969899999981, -20.335859099999936 ], [ -40.466911899999964, -20.335834399999953 ], [ -40.466841, -20.335860199999964 ], [ -40.466837, -20.335910599999984 ], [ -40.466877799999963, -20.335994199999959 ], [ -40.466851399999939, -20.336023799999964 ], [ -40.466771399999971, -20.336032899999967 ], [ -40.466713, -20.335970399999944 ], [ -40.466636699999981, -20.335895499999939 ], [ -40.46650329999995, -20.335896599999959 ], [ -40.466361599999978, -20.335960799999938 ], [ -40.466281499999987, -20.335957199999939 ], [ -40.46618349999995, -20.335937099999956 ], [ -40.466094699999985, -20.335954599999987 ], [ -40.466023699999937, -20.335967799999935 ], [ -40.465867899999985, -20.335948099999936 ], [ -40.465738899999963, -20.335945 ], [ -40.465649799999944, -20.335929 ], [ -40.465569499999965, -20.335900199999969 ], [ -40.465506499999954, -20.335821 ], [ -40.465448699999975, -20.335825699999923 ], [ -40.465293599999953, -20.335881599999929 ], [ -40.465178399999957, -20.33592869999995 ], [ -40.465138199999956, -20.335908 ], [ -40.465146599999969, -20.33585759999994 ], [ -40.465163599999983, -20.335777699999937 ], [ -40.465194299999951, -20.335722799999925 ], [ -40.465171599999962, -20.335681 ], [ -40.465047199999958, -20.335694699999983 ], [ -40.464901099999956, -20.335763099999951 ], [ -40.464772699999969, -20.335822899999986 ], [ -40.464670699999935, -20.335849 ], [ -40.464554499999977, -20.335787 ], [ -40.464420199999957, -20.335695699999967 ], [ -40.464387699999968, -20.335544799999983 ], [ -40.464413099999952, -20.335410299999982 ], [ -40.464461099999937, -20.335317499999967 ], [ -40.464455699999966, -20.335212599999988 ], [ -40.4643799, -20.335188 ], [ -40.46409529999994, -20.335194599999966 ], [ -40.464020299999952, -20.33526239999998 ], [ -40.463806899999945, -20.335268399999954 ], [ -40.463738799999938, -20.335113599999939 ], [ -40.463692299999941, -20.33489979999996 ], [ -40.463753499999932, -20.334786 ], [ -40.463849499999981, -20.334592 ], [ -40.46399, -20.334401899999921 ], [ -40.46395769999998, -20.334276199999984 ], [ -40.464032299999985, -20.334174799999978 ], [ -40.463996099999981, -20.33410789999995 ], [ -40.46386229999996, -20.334062899999932 ], [ -40.463817, -20.33397929999995 ], [ -40.46380719999997, -20.333878599999931 ], [ -40.463806399999953, -20.333798799999954 ], [ -40.463720699999953, -20.333669399999955 ], [ -40.463732099999959, -20.333455099999984 ], [ -40.463724499999955, -20.333360699999957 ], [ -40.463563199999953, -20.33322979999997 ], [ -40.463476599999979, -20.333249399999946 ], [ -40.463417399999969, -20.333338099999921 ], [ -40.463365, -20.333439299999949 ], [ -40.463345699999934, -20.333515 ], [ -40.463126299999942, -20.333592499999948 ], [ -40.462959599999984, -20.333593799999953 ], [ -40.462865699999952, -20.333537899999957 ], [ -40.462865, -20.333468699999962 ], [ -40.462904699999967, -20.333430599999922 ], [ -40.463003899999933, -20.333341499999971 ], [ -40.463023399999948, -20.333284699999979 ], [ -40.462949199999969, -20.333197099999957 ], [ -40.462881399999958, -20.333078 ], [ -40.46278709999995, -20.332984399999926 ], [ -40.462666499999955, -20.332928699999968 ], [ -40.462392299999976, -20.332855399999971 ], [ -40.46231169999993, -20.332799399999942 ], [ -40.462278, -20.332755599999931 ], [ -40.462117499999977, -20.332719099999967 ], [ -40.462004499999978, -20.332751599999948 ], [ -40.461904299999958, -20.332746099999962 ], [ -40.461830299999974, -20.332671199999947 ], [ -40.46173669999996, -20.332646699999934 ], [ -40.461597499999982, -20.332742399999965 ], [ -40.461471899999935, -20.332869399999929 ], [ -40.461352499999975, -20.332933399999934 ], [ -40.46126559999994, -20.332921499999937 ], [ -40.461264599999936, -20.332814399999972 ], [ -40.461310699999956, -20.332751099999935 ], [ -40.461315599999971, -20.33255579999998 ], [ -40.461302, -20.332533899999937 ], [ -40.461288499999966, -20.33251189999994 ], [ -40.461021699999954, -20.332514199999949 ], [ -40.460954099999981, -20.332426499999936 ], [ -40.460865799999965, -20.332250899999959 ], [ -40.460746299999983, -20.332314899999975 ], [ -40.460594699999945, -20.332511399999923 ], [ -40.460501799999975, -20.332562599999957 ], [ -40.460361399999947, -20.332526 ], [ -40.460188499999958, -20.332584099999959 ], [ -40.460001599999941, -20.332566799999938 ], [ -40.459848199999954, -20.332568099999943 ], [ -40.459827699999956, -20.332524099999947 ], [ -40.459880599999956, -20.332467 ], [ -40.4599133, -20.33239749999996 ], [ -40.459819599999946, -20.332366699999973 ], [ -40.459660299999939, -20.332456299999937 ], [ -40.459473499999945, -20.332445199999942 ], [ -40.459205599999962, -20.332334099999962 ], [ -40.459131099999972, -20.332215 ], [ -40.459123299999938, -20.332095399999961 ], [ -40.459168699999964, -20.331950199999927 ], [ -40.459121699999969, -20.331919099999944 ], [ -40.458928499999956, -20.331945899999951 ], [ -40.458735199999971, -20.331966399999935 ], [ -40.45858, -20.332014799999961 ], [ -40.458569, -20.332018199999929 ], [ -40.458564299999978, -20.332019499999934 ], [ -40.458389299999965, -20.332070099999953 ], [ -40.457902299999951, -20.332061499999948 ], [ -40.457562, -20.332045499999932 ], [ -40.457502399999953, -20.332090099999952 ], [ -40.457363299999948, -20.332195199999948 ], [ -40.457195299999967, -20.332423299999959 ], [ -40.457005599999945, -20.332462699999947 ], [ -40.456686, -20.332531499999963 ], [ -40.456566699999939, -20.332608 ], [ -40.456608399999944, -20.332787199999924 ], [ -40.456620199999982, -20.332985499999939 ], [ -40.456641799999943, -20.333145899999984 ], [ -40.456563299999971, -20.333316599999936 ], [ -40.456443899999961, -20.333383699999942 ], [ -40.456395199999982, -20.333525899999927 ], [ -40.456398699999966, -20.333903699999947 ], [ -40.45643229999996, -20.334281299999926 ], [ -40.45649339999995, -20.334394199999956 ], [ -40.456525, -20.334573399999957 ], [ -40.456487599999946, -20.334847699999955 ], [ -40.456339199999945, -20.335028499999957 ], [ -40.4563108, -20.33519879999994 ], [ -40.456312799999985, -20.335416 ], [ -40.4563146, -20.335605 ], [ -40.45633609999993, -20.335765399999953 ], [ -40.45636769999993, -20.335935199999927 ], [ -40.456370099999951, -20.336190199999983 ], [ -40.456332099999948, -20.336407799999961 ], [ -40.455983399999987, -20.336571399999965 ], [ -40.455574399999932, -20.3366976 ], [ -40.455405299999946, -20.336802899999949 ], [ -40.455255899999941, -20.336879699999933 ], [ -40.455047, -20.337013699999947 ], [ -40.454627599999988, -20.337102199999944 ], [ -40.454301399999963, -20.337529399999937 ], [ -40.454228899999968, -20.337780399999939 ], [ -40.454203, -20.337921899999966 ], [ -40.454164399999968, -20.33815339999995 ], [ -40.454107, -20.338558399999947 ], [ -40.454176399999945, -20.338711899999968 ], [ -40.454313299999974, -20.33880709999994 ], [ -40.454566, -20.338920599999941 ], [ -40.454594199999974, -20.339029499999974 ], [ -40.454479499999934, -20.339120299999927 ], [ -40.454357099999982, -20.339121399999957 ], [ -40.454187099999956, -20.339122799999934 ], [ -40.45394239999996, -20.339144099999942 ], [ -40.453773199999944, -20.339222499999952 ], [ -40.453528899999988, -20.339282399999934 ], [ -40.453345, -20.339251799999939 ], [ -40.453148299999953, -20.339304799999976 ], [ -40.453012499999943, -20.339331599999976 ], [ -40.452938799999977, -20.339447799999967 ], [ -40.452810199999931, -20.339519499999938 ], [ -40.452674199999933, -20.339520599999943 ], [ -40.45258709999996, -20.339662599999951 ], [ -40.452478299999939, -20.339663499999965 ], [ -40.452457799999941, -20.339650799999955 ], [ -40.452396299999982, -20.339612799999951 ], [ -40.45234789999995, -20.339529699999968 ], [ -40.452350899999949, -20.33948479999998 ], [ -40.452353799999969, -20.33943979999998 ], [ -40.452359799999961, -20.339349899999949 ], [ -40.452385799999945, -20.33922119999994 ], [ -40.452330699999955, -20.339144599999937 ], [ -40.452268899999979, -20.339087399999983 ], [ -40.452220499999953, -20.338997899999971 ], [ -40.452198799999969, -20.33885679999997 ], [ -40.452156, -20.338645199999966 ], [ -40.452148, -20.338523299999952 ], [ -40.45208619999994, -20.338459599999975 ], [ -40.451936599999954, -20.338460899999976 ], [ -40.451835199999948, -20.338525899999972 ], [ -40.451699799999972, -20.338591299999969 ], [ -40.451604299999985, -20.338553499999925 ], [ -40.451576199999984, -20.338463899999958 ], [ -40.451554899999955, -20.338361299999978 ], [ -40.451479399999982, -20.338284899999959 ], [ -40.451384, -20.338266399999949 ], [ -40.451330199999973, -20.338337499999973 ], [ -40.451277, -20.338459899999965 ], [ -40.4511136, -20.33844839999994 ], [ -40.45084769999994, -20.33836719999994 ], [ -40.450547099999937, -20.338228399999942 ], [ -40.450280899999946, -20.338121499999936 ], [ -40.450144499999965, -20.338084099999946 ], [ -40.450002099999956, -20.338123799999956 ], [ -40.449880199999932, -20.338182599999985 ], [ -40.449713599999946, -20.338122399999971 ], [ -40.449689199999973, -20.338113499999956 ], [ -40.449675199999945, -20.338068699999955 ], [ -40.449691499999965, -20.337999099999934 ], [ -40.449694799999982, -20.337985099999976 ], [ -40.449796, -20.337900699999977 ], [ -40.449856099999977, -20.337784699999929 ], [ -40.449794, -20.337688899999932 ], [ -40.449527299999943, -20.337524099999932 ], [ -40.449301799999944, -20.33741039999995 ], [ -40.449055499999929, -20.337252 ], [ -40.449000299999966, -20.337168899999934 ], [ -40.449019799999967, -20.337072499999973 ], [ -40.449032799999934, -20.337052499999981 ], [ -40.449086899999941, -20.336969199999945 ], [ -40.449099899999958, -20.336908099999956 ], [ -40.449112899999932, -20.336847 ], [ -40.449074599999967, -20.336749499999932 ], [ -40.449022399999933, -20.336616499999941 ], [ -40.448906299999983, -20.336572599999943 ], [ -40.448750399999938, -20.336618799999933 ], [ -40.448491499999932, -20.336569599999965 ], [ -40.448252799999977, -20.336494499999958 ], [ -40.448123099999975, -20.336450599999978 ], [ -40.447917799999978, -20.336304699999971 ], [ -40.444421599999941, -20.334773299999942 ], [ -40.442830699999952, -20.334080099999937 ], [ -40.441922699999971, -20.333702399999925 ], [ -40.441123799999964, -20.333349399999978 ], [ -40.440263899999941, -20.333022599999939 ], [ -40.439732199999987, -20.332892099999977 ], [ -40.439404299999978, -20.332734299999977 ], [ -40.439389099999964, -20.332729199999971 ], [ -40.439063299999937, -20.332621499999952 ], [ -40.438797099999924, -20.332514499999949 ], [ -40.438586299999933, -20.33252269999997 ], [ -40.438375599999965, -20.332530899999938 ], [ -40.438343099999948, -20.332546699999966 ], [ -40.438335899999977, -20.332550199999954 ], [ -40.438331699999942, -20.332552199999956 ], [ -40.438280599999985, -20.332577099999977 ], [ -40.437744299999963, -20.332838299999931 ], [ -40.437678299999966, -20.332870499999949 ], [ -40.43702149999995, -20.333184099999983 ], [ -40.436520299999984, -20.333406499999967 ], [ -40.436429199999964, -20.333481099999975 ], [ -40.436338099999951, -20.33355569999997 ], [ -40.436028399999941, -20.333892099999961 ], [ -40.43584009999995, -20.334118399999969 ], [ -40.435812099999964, -20.334160799999953 ], [ -40.435699199999931, -20.334331499999969 ], [ -40.435594099999946, -20.334437299999934 ], [ -40.435557699999954, -20.334473899999981 ], [ -40.435477099999964, -20.334577299999989 ], [ -40.43540349999995, -20.334706299999922 ], [ -40.435329499999966, -20.334803199999961 ], [ -40.435194299999978, -20.334881399999972 ], [ -40.435154799999964, -20.334905299999956 ], [ -40.435011699999968, -20.334992099999962 ], [ -40.434905499999964, -20.335175099999951 ], [ -40.43488449999996, -20.335211399999942 ], [ -40.434757399999974, -20.335443599999952 ], [ -40.434555, -20.335618699999934 ], [ -40.434524, -20.335660699999949 ], [ -40.434131899999961, -20.336193599999948 ], [ -40.433708, -20.336685099999954 ], [ -40.433513, -20.336927499999945 ], [ -40.433318, -20.337169899999928 ], [ -40.433109599999966, -20.337428399999972 ], [ -40.432772399999983, -20.337739399999972 ], [ -40.432467399999958, -20.337851 ], [ -40.432005199999935, -20.337874099999965 ], [ -40.431576099999972, -20.337813399999952 ], [ -40.431269799999932, -20.337777399999933 ], [ -40.430943399999933, -20.33778 ], [ -40.4309325, -20.337780099999978 ], [ -40.430787, -20.337781299999953 ], [ -40.430509199999968, -20.33789279999997 ], [ -40.430458499999929, -20.337911299999966 ], [ -40.430204199999935, -20.338004399999935 ], [ -40.430160899999983, -20.338042199999958 ], [ -40.430055699999969, -20.338134 ], [ -40.429907599999979, -20.338289399999937 ], [ -40.429800199999924, -20.338449 ], [ -40.42976, -20.338508899999962 ], [ -40.429757399999971, -20.338512899999962 ], [ -40.429754899999978, -20.338516899999949 ], [ -40.429612499999962, -20.338741299999977 ], [ -40.429532799999947, -20.33895379999996 ], [ -40.42944609999995, -20.339134299999955 ], [ -40.429378699999972, -20.339205499999924 ], [ -40.42923, -20.339303 ], [ -40.429149799999948, -20.339457799999948 ], [ -40.428995899999968, -20.33972869999997 ], [ -40.428847799999978, -20.339896899999928 ], [ -40.428706199999958, -20.340026399999946 ], [ -40.428591399999959, -20.340117299999985 ], [ -40.42843529999994, -20.340150699999967 ], [ -40.42831989999997, -20.340177299999933 ], [ -40.42813689999997, -20.340243 ], [ -40.42791329999995, -20.340334699999968 ], [ -40.427712499999984, -20.340450699999963 ], [ -40.427671699999969, -20.3404743 ], [ -40.427651099999935, -20.340486199999937 ], [ -40.427649, -20.340487399999972 ], [ -40.427643099999955, -20.340490799999941 ], [ -40.427628099999936, -20.340500599999931 ], [ -40.427613399999984, -20.3405102 ], [ -40.427610499999957, -20.340512 ], [ -40.427593199999933, -20.34052329999998 ], [ -40.427524299999966, -20.340568299999987 ], [ -40.427518099999922, -20.340572399999939 ], [ -40.427509099999952, -20.340578199999985 ], [ -40.427453399999933, -20.340614599999981 ], [ -40.42738559999998, -20.340650899999968 ], [ -40.427209799999957, -20.340745 ], [ -40.42717219999998, -20.340759 ], [ -40.427033599999959, -20.340810599999951 ], [ -40.426816599999945, -20.340876599999937 ], [ -40.426626399999975, -20.340903899999947 ], [ -40.426347499999963, -20.340899699999976 ], [ -40.426, -20.340825499999944 ], [ -40.42567279999998, -20.340744699999959 ], [ -40.424807599999951, -20.340584799999935 ], [ -40.422435899999989, -20.340032699999934 ], [ -40.422102099999954, -20.339971199999987 ], [ -40.421864199999959, -20.339985899999924 ], [ -40.421808499999941, -20.339998699999963 ], [ -40.421545199999976, -20.340059199999921 ], [ -40.421335, -20.340125099999966 ], [ -40.421063499999946, -20.340178699999967 ], [ -40.421023099999957, -20.340195199999975 ], [ -40.421018599999968, -20.340197099999958 ], [ -40.421006699999957, -20.340201899999954 ], [ -40.42084349999994, -20.340268899999963 ], [ -40.420839899999983, -20.340270399999941 ], [ -40.420626599999942, -20.340384499999967 ], [ -40.420596199999984, -20.340400799999937 ], [ -40.420311699999964, -20.340525099999976 ], [ -40.420128599999941, -20.340584399999962 ], [ -40.419512399999981, -20.340871899999957 ], [ -40.419343399999953, -20.340982399999966 ], [ -40.419111499999978, -20.341536 ], [ -40.419041099999951, -20.341704099999962 ], [ -40.418558, -20.342857299999938 ], [ -40.41840429999997, -20.343182299999956 ], [ -40.417990799999984, -20.344056299999981 ], [ -40.417864299999962, -20.344346199999951 ], [ -40.417697399999952, -20.344694299999944 ], [ -40.417496699999958, -20.34505549999994 ], [ -40.417472199999963, -20.345116399999927 ], [ -40.417297199999958, -20.345551599999965 ], [ -40.417170399999975, -20.345815899999938 ], [ -40.416995799999938, -20.346061299999974 ], [ -40.416821199999966, -20.346306699999957 ], [ -40.416618299999982, -20.346430299999945 ], [ -40.416320499999983, -20.346593299999942 ], [ -40.416022599999962, -20.346743399999983 ], [ -40.415704499999954, -20.346906499999921 ], [ -40.415278, -20.347128299999937 ], [ -40.41495969999994, -20.347278499999963 ], [ -40.414729499999964, -20.347389499999966 ], [ -40.414553299999973, -20.347461599999985 ], [ -40.414336499999933, -20.347546799999982 ], [ -40.414079, -20.347658099999922 ], [ -40.413815199999931, -20.347814299999971 ], [ -40.413653099999983, -20.347937599999959 ], [ -40.413395599999944, -20.348042399999947 ], [ -40.413348399999961, -20.348087799999973 ], [ -40.413056399999959, -20.348135099999975 ], [ -40.412998599999987, -20.348135499999955 ], [ -40.412940799999951, -20.348136 ], [ -40.412884799999972, -20.348164799999942 ], [ -40.412737699999987, -20.348240399999948 ], [ -40.412615899999935, -20.348312 ], [ -40.412501199999951, -20.348415699999983 ], [ -40.412311299999949, -20.348468599999929 ], [ -40.412161899999944, -20.348495499999956 ], [ -40.411946499999942, -20.348587399999928 ], [ -40.411929899999969, -20.348594499999933 ], [ -40.411913399999946, -20.348601499999969 ], [ -40.411870599999922, -20.348619799999938 ], [ -40.41136889999995, -20.348790799999961 ], [ -40.411345, -20.348801799999929 ], [ -40.411321099999959, -20.348812899999924 ], [ -40.410901499999973, -20.34900649999997 ], [ -40.410549299999957, -20.349169899999929 ], [ -40.410319699999945, -20.349351499999955 ], [ -40.410176299999932, -20.349570399999955 ], [ -40.410125199999989, -20.34964849999994 ], [ -40.410006199999941, -20.350028299999956 ], [ -40.410014799999942, -20.350220799999924 ], [ -40.4100112, -20.350574 ], [ -40.409953, -20.350908399999987 ], [ -40.409921599999961, -20.351197599999978 ], [ -40.409910699999955, -20.351493 ], [ -40.409791899999966, -20.351892099999933 ], [ -40.409645699999942, -20.352265699999972 ], [ -40.409505199999955, -20.352523699999946 ], [ -40.409316399999966, -20.352705 ], [ -40.409079899999945, -20.352880299999974 ], [ -40.408876799999973, -20.352981399999976 ], [ -40.408673699999959, -20.353082599999929 ], [ -40.408319799999958, -20.353198799999966 ], [ -40.408212499999934, -20.353234 ], [ -40.408159299999966, -20.35328689999994 ], [ -40.408152299999983, -20.353293799999957 ], [ -40.408010299999944, -20.353434699999973 ], [ -40.407950899999946, -20.35362779999997 ], [ -40.407973, -20.35382019999998 ], [ -40.408042199999954, -20.35395449999994 ], [ -40.408124799999939, -20.354056599999964 ], [ -40.408200699999952, -20.354178 ], [ -40.408222799999983, -20.354370399999937 ], [ -40.408157199999955, -20.354627799999953 ], [ -40.408157599999981, -20.354677599999945 ], [ -40.408158099999987, -20.354727299999983 ], [ -40.408159, -20.354826799999962 ], [ -40.408038899999958, -20.355091099999974 ], [ -40.408017399999949, -20.355112499999972 ], [ -40.407997199999954, -20.355132699999967 ], [ -40.407953499999962, -20.355176199999949 ], [ -40.407948, -20.35518159999998 ], [ -40.40794429999994, -20.35518529999996 ], [ -40.407937899999986, -20.355191699999978 ], [ -40.407936899999982, -20.355192699999971 ], [ -40.40793489999993, -20.355194699999974 ], [ -40.407933599999986, -20.355196 ], [ -40.407929699999954, -20.355199799999983 ], [ -40.407924099999953, -20.355205399999942 ], [ -40.407913399999984, -20.355216099999957 ], [ -40.407910399999935, -20.355219099999943 ], [ -40.407894899999981, -20.355234499999938 ], [ -40.407856899999963, -20.35527229999996 ], [ -40.407559299999953, -20.355448099999929 ], [ -40.407254899999941, -20.355636799999953 ], [ -40.40695779999993, -20.355876699999961 ], [ -40.406762199999946, -20.356051699999977 ], [ -40.406613799999938, -20.356194099999989 ], [ -40.406560199999952, -20.356284499999955 ], [ -40.406500399999977, -20.356439099999939 ], [ -40.406481699999979, -20.356531299999968 ], [ -40.40647869999998, -20.356546299999934 ], [ -40.406478399999962, -20.356547899999942 ], [ -40.406475799999953, -20.356560299999956 ], [ -40.406474399999986, -20.356567699999971 ], [ -40.406481899999967, -20.356595199999958 ], [ -40.406523599999964, -20.356747099999943 ], [ -40.406531399999942, -20.356856199999974 ], [ -40.406471, -20.356946599999954 ], [ -40.40641119999998, -20.357107599999953 ], [ -40.40639879999997, -20.357236099999959 ], [ -40.406400399999939, -20.357409399999941 ], [ -40.406367299999943, -20.357515699999958 ], [ -40.406334299999962, -20.357621899999973 ], [ -40.406174, -20.357944199999956 ], [ -40.406074299999943, -20.358208299999941 ], [ -40.405961, -20.358466 ], [ -40.40586019999995, -20.358601699999952 ], [ -40.405670099999959, -20.358641699999968 ], [ -40.40558939999994, -20.358642399999958 ], [ -40.40552729999996, -20.358642899999946 ], [ -40.405515899999955, -20.358642699999972 ], [ -40.40528919999997, -20.358638399999951 ], [ -40.405180299999984, -20.358626399999935 ], [ -40.405030499999945, -20.358614799999931 ], [ -40.404846799999973, -20.358603399999939 ], [ -40.404731499999968, -20.35864289999995 ], [ -40.404658, -20.358784699999934 ], [ -40.404535599999981, -20.358792099999967 ], [ -40.40446129999998, -20.358770899999971 ], [ -40.40442649999995, -20.35876089999994 ], [ -40.404337399999974, -20.358684599999957 ], [ -40.404269399999983, -20.358685099999946 ], [ -40.404161399999964, -20.358782299999984 ], [ -40.4041625, -20.358897899999945 ], [ -40.404217299999971, -20.358942399999922 ], [ -40.404279299999985, -20.359031799999965 ], [ -40.404259799999984, -20.359134699999963 ], [ -40.404219799999964, -20.35921849999994 ], [ -40.404275299999945, -20.359333599999964 ], [ -40.40424889999997, -20.359430099999937 ], [ -40.404147799999976, -20.359527299999954 ], [ -40.404093899999964, -20.359591899999945 ], [ -40.404068, -20.359727 ], [ -40.404096099999947, -20.359829499999936 ], [ -40.404063399999984, -20.359977399999941 ], [ -40.403936299999941, -20.360209599999958 ], [ -40.403824, -20.360576499999986 ], [ -40.403759199999968, -20.360936599999945 ], [ -40.403694399999949, -20.361290299999943 ], [ -40.403596, -20.361695599999962 ], [ -40.403510799999935, -20.362049399999925 ], [ -40.403371899999975, -20.362480799999943 ], [ -40.403253199999938, -20.362892699999971 ], [ -40.403208099999972, -20.363175599999987 ], [ -40.403271, -20.363367699999973 ], [ -40.403408699999943, -20.363546399999958 ], [ -40.403662899999979, -20.363826799999966 ], [ -40.403786699999948, -20.363973499999933 ], [ -40.403992, -20.364113099999944 ], [ -40.404129499999961, -20.364272599999939 ], [ -40.404240199999947, -20.364483599999964 ], [ -40.404276199999977, -20.364628499999984 ], [ -40.40428959999997, -20.364682199999951 ], [ -40.404263899999933, -20.364843 ], [ -40.404238499999963, -20.36504859999997 ], [ -40.404267599999969, -20.365260299999928 ], [ -40.404277199999967, -20.365568399999965 ], [ -40.404319699999974, -20.365747899999974 ], [ -40.40433429999996, -20.365856899999979 ], [ -40.404410399999961, -20.366004 ], [ -40.404459499999973, -20.366164099999949 ], [ -40.404536399999984, -20.366394699999947 ], [ -40.404605099999969, -20.366471199999971 ], [ -40.404619399999945, -20.366554499999943 ], [ -40.4045728, -20.366664099999973 ], [ -40.40449209999997, -20.366761 ], [ -40.404493099999968, -20.366870199999934 ], [ -40.404549699999961, -20.367120099999962 ], [ -40.404634199999983, -20.367427699999958 ], [ -40.404711499999962, -20.367709599999955 ], [ -40.404761, -20.367914599999942 ], [ -40.404864499999981, -20.368080799999969 ], [ -40.404889, -20.368151199999939 ], [ -40.404913399999948, -20.368221599999963 ], [ -40.404983499999965, -20.368445799999954 ], [ -40.405052599999969, -20.368567199999983 ], [ -40.405091099999943, -20.368668899999932 ], [ -40.405108299999931, -20.36871449999995 ], [ -40.405099099999973, -20.368739199999933 ], [ -40.405096499999956, -20.368746099999942 ], [ -40.405084599999959, -20.368777799999975 ], [ -40.405081799999948, -20.368785299999956 ], [ -40.405035399999981, -20.368927 ], [ -40.404989099999959, -20.369068599999938 ], [ -40.405003399999941, -20.369145499999945 ], [ -40.405031399999977, -20.369235199999931 ], [ -40.405161299999975, -20.369304799999952 ], [ -40.405291599999941, -20.369419299999951 ], [ -40.405360799999983, -20.369547199999936 ], [ -40.405404199999964, -20.369835799999972 ], [ -40.405439899999983, -20.370021699999931 ], [ -40.405388099999989, -20.370311099999974 ], [ -40.405375899999967, -20.370471699999936 ], [ -40.405275599999975, -20.370658699999982 ], [ -40.405040299999939, -20.37096879999995 ], [ -40.404939199999944, -20.371065899999977 ], [ -40.404811399999979, -20.371227499999968 ], [ -40.404729799999984, -20.371228199999965 ], [ -40.404648799999961, -20.3713059 ], [ -40.404581399999984, -20.371370599999974 ], [ -40.40448, -20.371435599999927 ], [ -40.404385799999936, -20.371558399999977 ], [ -40.404250699999977, -20.371662199999935 ], [ -40.404135799999949, -20.371740199999962 ], [ -40.40400759999995, -20.371856799999922 ], [ -40.403913799999941, -20.372018099999949 ], [ -40.403894799999932, -20.372172399999954 ], [ -40.40389609999994, -20.372307199999963 ], [ -40.403924699999948, -20.372467499999967 ], [ -40.403852, -20.372705599999964 ], [ -40.40377929999994, -20.372931 ], [ -40.403760499999976, -20.373117299999929 ], [ -40.403762499999964, -20.37332919999994 ], [ -40.403783799999985, -20.373431799999935 ], [ -40.403805399999953, -20.37356 ], [ -40.403881199999951, -20.373675 ], [ -40.403889099999965, -20.37379049999992 ], [ -40.403964499999979, -20.373860499999978 ], [ -40.404073599999954, -20.373891799999953 ], [ -40.404217599999981, -20.374019 ], [ -40.404273299999943, -20.374153399999944 ], [ -40.404274099999952, -20.374243299999932 ], [ -40.404187, -20.374385299999975 ], [ -40.404201399999977, -20.374481499999945 ], [ -40.404332099999976, -20.374640899999982 ], [ -40.404442899999935, -20.37485839999994 ], [ -40.404567, -20.37504359999997 ], [ -40.404691, -20.37521589999994 ], [ -40.404815299999939, -20.375420399999928 ], [ -40.404892499999967, -20.375676599999977 ], [ -40.404951399999966, -20.375798199999959 ], [ -40.405010299999965, -20.375919699999933 ], [ -40.40502609999993, -20.376157099999944 ], [ -40.40502859999998, -20.376433199999958 ], [ -40.404982899999936, -20.376651899999963 ], [ -40.404978, -20.376857399999949 ], [ -40.404979, -20.37696659999995 ], [ -40.404981099999929, -20.377197699999954 ], [ -40.404989099999966, -20.377332499999966 ], [ -40.405026, -20.377653199999937 ], [ -40.405028, -20.377871499999962 ], [ -40.405029699999943, -20.378057699999935 ], [ -40.4050175, -20.378211899999933 ], [ -40.405080699999985, -20.378429699999959 ], [ -40.40520429999998, -20.378563599999961 ], [ -40.405327399999983, -20.378626799999957 ], [ -40.40538209999994, -20.37866489999994 ], [ -40.4054369, -20.378709399999934 ], [ -40.405485099999964, -20.378766799999934 ], [ -40.405533199999979, -20.378817799999972 ], [ -40.405560699999967, -20.378849699999929 ], [ -40.405609199999958, -20.378945599999952 ], [ -40.405623699999978, -20.379048199999946 ], [ -40.405624699999983, -20.379157399999936 ], [ -40.405626099999949, -20.379311499999975 ], [ -40.405606899999952, -20.379446499999972 ], [ -40.405554199999983, -20.379633099999989 ], [ -40.405480499999953, -20.37976209999994 ], [ -40.405392799999959, -20.379846299999947 ], [ -40.405325499999954, -20.379923899999945 ], [ -40.405278799999969, -20.380027 ], [ -40.405259799999953, -20.380181299999961 ], [ -40.405192799999952, -20.38029739999995 ], [ -40.405113199999967, -20.380516299999961 ], [ -40.405059599999959, -20.380613099999938 ], [ -40.404952399999956, -20.380793699999977 ], [ -40.404831199999933, -20.380923099999968 ], [ -40.404743399999973, -20.381000899999947 ], [ -40.404587799999952, -20.381092 ], [ -40.404459, -20.381138 ], [ -40.404201499999942, -20.381249199999953 ], [ -40.404005299999945, -20.381372799999955 ], [ -40.403789199999956, -20.38154789999993 ], [ -40.403580099999942, -20.381748699999946 ], [ -40.403432699999946, -20.381993899999934 ], [ -40.403305799999941, -20.382251699999927 ], [ -40.403260399999965, -20.382496099999969 ], [ -40.403201299999978, -20.38273409999994 ], [ -40.403196899999955, -20.382997399999969 ], [ -40.403144299999965, -20.38319689999997 ], [ -40.402920399999978, -20.383269299999924 ], [ -40.402777699999952, -20.38328329999996 ], [ -40.402335499999943, -20.383286899999963 ], [ -40.402009299999975, -20.383315199999966 ], [ -40.401669499999969, -20.383356399999965 ], [ -40.401295899999973, -20.383417199999943 ], [ -40.400847699999936, -20.383497899999959 ], [ -40.400481699999943, -20.383648499999939 ], [ -40.400137, -20.383895299999939 ], [ -40.399915299999975, -20.384205299999959 ], [ -40.399714, -20.384515099999934 ], [ -40.399404699999941, -20.384915699999951 ], [ -40.399257199999965, -20.385154399999976 ], [ -40.399055099999941, -20.385380799999954 ], [ -40.398854, -20.385709899999931 ], [ -40.398611899999935, -20.386013599999941 ], [ -40.398356499999977, -20.386362399999928 ], [ -40.398101, -20.386691899999963 ], [ -40.397677, -20.387202499999951 ], [ -40.397421199999947, -20.387499899999959 ], [ -40.397219899999982, -20.387809799999967 ], [ -40.397108699999933, -20.387929399999972 ], [ -40.396997499999941, -20.388049099999932 ], [ -40.396822099999959, -20.388211 ], [ -40.396701199999946, -20.388385399999954 ], [ -40.396580799999981, -20.388604699999963 ], [ -40.396473, -20.388727499999948 ], [ -40.396399199999962, -20.388837299999974 ], [ -40.396312099999932, -20.388992099999943 ], [ -40.396313, -20.389088399999931 ], [ -40.39621829999993, -20.389153299999968 ], [ -40.396103299999936, -20.389224899999927 ], [ -40.395968899999957, -20.389405799999963 ], [ -40.39583429999994, -20.389560899999935 ], [ -40.395761099999959, -20.389747699999926 ], [ -40.395709699999941, -20.389833799999948 ], [ -40.395593399999946, -20.390005899999956 ], [ -40.395436099999984, -20.390165599999918 ], [ -40.395279099999989, -20.390359399999955 ], [ -40.395139499999971, -20.390476099999955 ], [ -40.395049499999971, -20.390553899999937 ], [ -40.39498679999997, -20.390635699999958 ], [ -40.394906399999968, -20.390781899999968 ], [ -40.394789899999978, -20.390932699999947 ], [ -40.394700399999977, -20.391066099999925 ], [ -40.394669499999964, -20.391160499999962 ], [ -40.394621499999971, -20.391374899999963 ], [ -40.394554699999965, -20.391512399999939 ], [ -40.394560499999947, -20.391649399999952 ], [ -40.394593599999951, -20.391798899999969 ], [ -40.394595599999946, -20.392025799999931 ], [ -40.394660599999959, -20.392187899999954 ], [ -40.394688599999938, -20.392281899999944 ], [ -40.394735399999952, -20.392435599999935 ], [ -40.394686699999959, -20.392568699999973 ], [ -40.394661, -20.39274009999998 ], [ -40.394739199999954, -20.392859399999956 ], [ -40.394789899999978, -20.392953099999946 ], [ -40.394858599999971, -20.393025399999939 ], [ -40.394931699999979, -20.393089 ], [ -40.39496429999997, -20.393178599999946 ], [ -40.395024099999944, -20.393272299999982 ], [ -40.39514759999998, -20.39339119999994 ], [ -40.395248599999945, -20.393523099999982 ], [ -40.395399799999957, -20.39369309999995 ], [ -40.395401799999945, -20.393919899999961 ], [ -40.395380399999965, -20.394057099999944 ], [ -40.39532719999994, -20.394198799999955 ], [ -40.395260299999961, -20.394323499999924 ], [ -40.395198299999954, -20.39449089999993 ], [ -40.395122699999938, -20.394658399999965 ], [ -40.395024699999958, -20.394856099999959 ], [ -40.394908099999952, -20.39500259999993 ], [ -40.394732, -20.395089599999949 ], [ -40.394555299999979, -20.395108199999978 ], [ -40.394446399999929, -20.395104799999956 ], [ -40.394347499999988, -20.395199699999967 ], [ -40.394271299999964, -20.395303099999982 ], [ -40.394290099999985, -20.395367099999927 ], [ -40.394277399999964, -20.395478499999967 ], [ -40.394257199999977, -20.395493699999967 ], [ -40.394236899999953, -20.395508799999963 ], [ -40.394154899999933, -20.39547089999996 ], [ -40.394032099999947, -20.395424799999944 ], [ -40.393954899999983, -20.39541689999993 ], [ -40.39392829999997, -20.395485599999965 ], [ -40.394001599999974, -20.395570599999925 ], [ -40.394017, -20.395602599999965 ], [ -40.394020099999985, -20.395609 ], [ -40.394052299999942, -20.39566439999993 ], [ -40.39405759999994, -20.39574709999993 ], [ -40.394070399999983, -20.39582409999997 ], [ -40.394090099999971, -20.396000799999957 ], [ -40.39405789999995, -20.39611519999994 ], [ -40.394003599999969, -20.396132799999968 ], [ -40.393947899999944, -20.396155499999956 ], [ -40.394094099999968, -20.396333199999955 ], [ -40.394225799999965, -20.396415599999962 ], [ -40.394445399999938, -20.39661869999998 ], [ -40.394483899999962, -20.396673599999929 ], [ -40.394615599999952, -20.396728499999938 ], [ -40.394758299999985, -20.396761399999939 ], [ -40.395378699999974, -20.396766899999939 ], [ -40.395415899999939, -20.396903 ], [ -40.39573, -20.398051499999941 ], [ -40.395984799999951, -20.399727099999943 ], [ -40.397475799999953, -20.40018439999994 ], [ -40.398589899999934, -20.400533599999953 ], [ -40.398742399999946, -20.401340099999977 ], [ -40.398994599999973, -20.402670399999977 ], [ -40.399402, -20.402825599999979 ], [ -40.399817699999979, -20.402972399999946 ], [ -40.400607499999978, -20.403213599999951 ], [ -40.401067599999976, -20.403485199999981 ], [ -40.401242199999956, -20.403895299999931 ], [ -40.401208899999972, -20.404918 ], [ -40.401084199999957, -20.405408499999968 ], [ -40.401039899999951, -20.405608099999931 ], [ -40.400893, -20.406339699999936 ], [ -40.403174099999944, -20.406875099999969 ], [ -40.403245699999957, -20.406891899999945 ], [ -40.403384499999952, -20.406924499999953 ], [ -40.40352309999998, -20.40633419999995 ], [ -40.403769699999948, -20.40527 ], [ -40.404088499999951, -20.403917499999981 ], [ -40.40377249999996, -20.403576599999948 ], [ -40.403434399999981, -20.403210799999957 ], [ -40.403318, -20.403077799999952 ], [ -40.402935499999955, -20.402603799999962 ], [ -40.402442199999939, -20.402019099999965 ], [ -40.402334099999962, -20.401229199999925 ], [ -40.4021595, -20.399904499999931 ], [ -40.403270899999939, -20.398964899999953 ], [ -40.404975299999933, -20.397529299999977 ], [ -40.407514, -20.396997199999927 ], [ -40.409060399999923, -20.395808299999949 ], [ -40.408924599999978, -20.394361599999975 ], [ -40.408683499999938, -20.393275199999952 ], [ -40.408420199999959, -20.39208619999993 ], [ -40.408107099999945, -20.390631199999977 ], [ -40.407793899999945, -20.389209499999932 ], [ -40.408212399999961, -20.387757199999957 ], [ -40.409063199999935, -20.387225099999959 ], [ -40.409063199999935, -20.386429699999955 ], [ -40.408802699999967, -20.386075 ], [ -40.40792, -20.384882599999965 ], [ -40.407930799999974, -20.384693599999945 ], [ -40.407923499999981, -20.384509199999972 ], [ -40.40792079999995, -20.384440699999963 ], [ -40.407851099999952, -20.384349099999945 ], [ -40.407839199999962, -20.384259499999924 ], [ -40.407817299999984, -20.384124099999944 ], [ -40.407847099999969, -20.384020599999925 ], [ -40.407795399999941, -20.38369009999996 ], [ -40.407717599999948, -20.383133099999945 ], [ -40.407646, -20.382853799999978 ], [ -40.407602599999962, -20.382696 ], [ -40.407526599999983, -20.382419799999987 ], [ -40.407467899999986, -20.382152099999917 ], [ -40.40737919999998, -20.381945899999952 ], [ -40.407798899999939, -20.381672599999938 ], [ -40.408246799999972, -20.381256699999934 ], [ -40.408900599999988, -20.380649 ], [ -40.409227599999944, -20.380333599999975 ], [ -40.409667799999973, -20.379924299999967 ], [ -40.410721, -20.380554399999937 ], [ -40.413997099999968, -20.380357899999979 ], [ -40.41410029999998, -20.380425799999955 ], [ -40.414369, -20.380588699999965 ], [ -40.414743699999967, -20.380824899999944 ], [ -40.415059799999945, -20.381019499999983 ], [ -40.415319199999942, -20.381184 ], [ -40.41548309999996, -20.381282299999956 ], [ -40.415673299999973, -20.381406899999948 ], [ -40.417823699999985, -20.382724699999983 ], [ -40.418204, -20.382967299999958 ], [ -40.418636699999986, -20.383236099999969 ], [ -40.419167799999975, -20.38355079999997 ], [ -40.41963979999997, -20.383852399999967 ], [ -40.419644699999935, -20.383845399999927 ], [ -40.419776199999951, -20.383925599999955 ], [ -40.421260599999989, -20.384377599999933 ], [ -40.421261699999953, -20.384376099999947 ], [ -40.421757, -20.384525499999938 ], [ -40.42273449999994, -20.384822899999968 ], [ -40.423659599999944, -20.385104699999946 ], [ -40.424772099999984, -20.385444 ], [ -40.425841299999952, -20.385767699999967 ], [ -40.426901299999948, -20.38609 ], [ -40.428097699999967, -20.386455599999973 ], [ -40.428485599999931, -20.386572799999954 ], [ -40.42992739999994, -20.387011499999982 ], [ -40.429951299999971, -20.387018799999954 ], [ -40.429987, -20.386884099999971 ], [ -40.430068199999937, -20.386707 ], [ -40.430131299999978, -20.386622299999939 ], [ -40.430295899999976, -20.386486599999962 ], [ -40.43043119999993, -20.386405299999968 ], [ -40.430556299999978, -20.386367599999975 ], [ -40.430699899999986, -20.386348399999981 ], [ -40.431427499999984, -20.386308899999957 ], [ -40.431877399999962, -20.38644359999995 ], [ -40.432051699999924, -20.386445699999967 ], [ -40.432210599999962, -20.386374699999969 ], [ -40.432499699999937, -20.386141699999936 ], [ -40.432606799999981, -20.385992499999933 ], [ -40.432689, -20.385685099999947 ], [ -40.432743699999946, -20.385622499999961 ], [ -40.433020299999953, -20.385507199999946 ], [ -40.433218399999937, -20.38545419999998 ], [ -40.433413799999975, -20.385432499999983 ], [ -40.433738699999935, -20.385483299999972 ], [ -40.433986299999958, -20.385554199999945 ], [ -40.434157399999954, -20.385641699999947 ], [ -40.434319699999953, -20.385779199999931 ], [ -40.434489499999984, -20.385865599999928 ], [ -40.434882699999946, -20.385851499999941 ], [ -40.435035899999946, -20.38586429999997 ], [ -40.435151, -20.385899399999968 ], [ -40.435251599999951, -20.385970799999942 ], [ -40.435354699999948, -20.386084199999964 ], [ -40.435567899999967, -20.386443899999957 ], [ -40.435616399999951, -20.38649769999995 ], [ -40.435660899999959, -20.386536799999934 ], [ -40.435771399999965, -20.386533899999961 ], [ -40.435836599999966, -20.386486899999966 ], [ -40.43591059999995, -20.386408399999947 ], [ -40.436365199999955, -20.385624299999961 ], [ -40.436703399999949, -20.385334 ], [ -40.437268, -20.384830899999937 ], [ -40.437372299999943, -20.38471259999994 ], [ -40.437389899999964, -20.384540799999954 ], [ -40.437378799999976, -20.384378199999951 ], [ -40.437338099999984, -20.38412559999994 ], [ -40.437256199999986, -20.383973899999937 ], [ -40.437504099999956, -20.38388789999993 ], [ -40.437642899999958, -20.383868799999959 ], [ -40.437836699999927, -20.383898399999953 ], [ -40.437922699999945, -20.383944399999969 ], [ -40.438069799999937, -20.384009299999942 ], [ -40.438473, -20.384142699999927 ], [ -40.438766299999941, -20.384142799999942 ], [ -40.438911399999938, -20.384152899999947 ], [ -40.439117199999941, -20.384172099999954 ], [ -40.439995299999964, -20.384183399999923 ], [ -40.440338099999963, -20.384179299999975 ], [ -40.441160299999979, -20.384416599999948 ], [ -40.441537699999984, -20.384119099999968 ], [ -40.44178439999996, -20.383778799999963 ], [ -40.442334399999936, -20.383012299999951 ], [ -40.443535399999966, -20.3824332 ], [ -40.444135299999971, -20.382143899999946 ], [ -40.445651499999947, -20.382131399999935 ], [ -40.446681799999965, -20.38218129999996 ], [ -40.447632799999951, -20.38228539999994 ], [ -40.448600199999937, -20.382391399999964 ], [ -40.450054799999975, -20.383175799999943 ], [ -40.451714299999942, -20.383304199999934 ], [ -40.455413899999947, -20.385048 ], [ -40.455947899999963, -20.385586399999969 ], [ -40.456416899999972, -20.38573319999993 ], [ -40.45714959999998, -20.385899799999937 ], [ -40.457301, -20.385881499999979 ], [ -40.457159299999944, -20.386247599999937 ], [ -40.456862799999953, -20.387059299999979 ], [ -40.456789099999988, -20.387236699999967 ], [ -40.456667599999946, -20.387289599999985 ], [ -40.456019, -20.387460499999982 ], [ -40.455767, -20.387545899999974 ], [ -40.45575969999993, -20.387558899999927 ], [ -40.455438599999979, -20.388130199999967 ], [ -40.45535579999995, -20.388252799999982 ], [ -40.45524769999998, -20.388412699999947 ], [ -40.455153799999955, -20.388580799999939 ], [ -40.45512709999997, -20.388628499999985 ], [ -40.455045, -20.38879279999998 ], [ -40.455037699999934, -20.388799699999936 ], [ -40.454652099999983, -20.389167699999962 ], [ -40.4545816, -20.38931069999995 ], [ -40.45464329999993, -20.389527499999936 ], [ -40.454588899999983, -20.389693099999931 ], [ -40.45444039999996, -20.389746599999963 ], [ -40.454233599999945, -20.38980459999993 ], [ -40.45424219999996, -20.389984899999945 ], [ -40.454310699999958, -20.390164099999936 ], [ -40.454376799999984, -20.390616799999972 ], [ -40.454345799999942, -20.39078 ], [ -40.454253899999969, -20.390923499999925 ], [ -40.454256899999962, -20.391247 ], [ -40.454322899999966, -20.391382499999967 ], [ -40.454274599999962, -20.391542299999976 ], [ -40.454077399999967, -20.391726899999977 ], [ -40.453974699999954, -20.391905899999923 ], [ -40.453826599999957, -20.392024399999972 ], [ -40.453551199999943, -20.392104099999933 ], [ -40.453665899999976, -20.392293099999964 ], [ -40.453796, -20.392583099999971 ], [ -40.453832799999937, -20.39285319999993 ], [ -40.453797699999932, -20.39307679999995 ], [ -40.453688399999969, -20.393242599999947 ], [ -40.453377899999957, -20.393394 ], [ -40.453055899999988, -20.393537399999961 ], [ -40.452951399999968, -20.39343979999995 ], [ -40.452685399999943, -20.393411699999934 ], [ -40.452068399999973, -20.39338209999994 ], [ -40.451738199999966, -20.393154299999939 ], [ -40.451383899999932, -20.392948499999935 ], [ -40.450558, -20.393525699999934 ], [ -40.450537499999939, -20.39354 ], [ -40.451093, -20.394311799999976 ], [ -40.451421099999948, -20.394823699999957 ], [ -40.451465699999964, -20.394985899999938 ], [ -40.451346099999967, -20.395476899999959 ], [ -40.451342699999948, -20.395656199999955 ], [ -40.451398599999948, -20.395770899999945 ], [ -40.451466299999936, -20.395866899999938 ], [ -40.451703499999951, -20.396014099999935 ], [ -40.451782799999933, -20.396082699999962 ], [ -40.451850899999961, -20.396156299999976 ], [ -40.451973, -20.396344499999941 ], [ -40.45215909999996, -20.396631099999979 ], [ -40.4523071, -20.396843299999933 ], [ -40.452639599999941, -20.397037099999974 ], [ -40.452941799999962, -20.397213199999953 ], [ -40.453138199999962, -20.397397899999923 ], [ -40.453284499999945, -20.397535499999933 ], [ -40.4535092, -20.397708099999932 ], [ -40.453755399999977, -20.397803899999939 ], [ -40.453906199999949, -20.397862499999977 ], [ -40.454112799999969, -20.397999399999943 ], [ -40.4542522, -20.398234699999925 ], [ -40.454307599999936, -20.398417199999987 ], [ -40.454463399999945, -20.398871799999938 ], [ -40.454558799999973, -20.39897729999997 ], [ -40.454859199999937, -20.399184699999982 ], [ -40.45513829999993, -20.399317899999975 ], [ -40.455545699999959, -20.399409399999964 ], [ -40.45612159999996, -20.399037699999951 ], [ -40.456313199999954, -20.39885749999997 ], [ -40.45639129999995, -20.398822399999979 ], [ -40.456460799999945, -20.398823 ], [ -40.456523499999946, -20.398860899999924 ], [ -40.457521499999984, -20.397094199999973 ], [ -40.457786, -20.396789599999984 ], [ -40.459705299999939, -20.39514319999995 ], [ -40.463159499999961, -20.391175 ], [ -40.463331799999935, -20.390902499999989 ], [ -40.463820199999923, -20.389759199999951 ], [ -40.463983299999931, -20.388926299999984 ], [ -40.463964499999967, -20.388560899999959 ], [ -40.463922399999944, -20.388292299999929 ], [ -40.46390109999993, -20.388156 ], [ -40.463789499999962, -20.387822299999986 ], [ -40.463497099999984, -20.387091599999955 ], [ -40.463824699999982, -20.386974399999936 ], [ -40.464443399999936, -20.386808099999943 ], [ -40.464554699999958, -20.386826399999965 ], [ -40.465111499999985, -20.38735209999993 ], [ -40.465400399999972, -20.387665 ], [ -40.465706199999943, -20.387841199999968 ], [ -40.466994499999942, -20.388286599999958 ], [ -40.467172, -20.388378199999977 ], [ -40.467321399999946, -20.388520499999974 ], [ -40.467369399999939, -20.38858259999995 ], [ -40.467427099999952, -20.388911499999956 ], [ -40.46752319999996, -20.388910499999948 ], [ -40.467603099999963, -20.388983799999959 ], [ -40.467991799999936, -20.388738599999961 ], [ -40.46834269999993, -20.389116399999988 ], [ -40.468699499999957, -20.389504099999957 ], [ -40.469151899999929, -20.389995399999979 ], [ -40.469325699999949, -20.390184199999972 ], [ -40.472589199999959, -20.393728399999937 ], [ -40.473096799999951, -20.39427959999994 ], [ -40.473425599999985, -20.394636699999982 ], [ -40.473600799999929, -20.394828 ], [ -40.474256, -20.395543 ], [ -40.474514399999975, -20.395793399999938 ], [ -40.474691, -20.395944799999928 ], [ -40.474963299999956, -20.396108399999946 ] ] ] ] } }
]
}
