{
"type": "FeatureCollection",
"name": "3302403",
"crs": { "type": "name", "properties": { "name": "urn:ogc:def:crs:OGC:1.3:CRS84" } },
"features": [
{ "type": "Feature", "properties": { "CD_MUN": "3302403", "NM_MUN": "Macaé" }, "geometry": { "type": "MultiPolygon", "coordinates": [ [ [ [ -42.12180919999998, -22.384375199999962 ], [ -42.122202799999968, -22.382518299999948 ], [ -42.122144499999941, -22.381921 ], [ -42.12202549999995, -22.381506199999926 ], [ -42.122156399999938, -22.381237899999967 ], [ -42.122401799999977, -22.381030799999952 ], [ -42.122748899999976, -22.380562399999974 ], [ -42.122950299999964, -22.380067 ], [ -42.122995499999945, -22.379757199999958 ], [ -42.12317859999996, -22.379661399999968 ], [ -42.123421599999972, -22.379626199999961 ], [ -42.14520559999994, -22.380547699999962 ], [ -42.14530289999994, -22.380703799999932 ], [ -42.145734599999969, -22.380862099999955 ], [ -42.146102399999968, -22.380953499999986 ], [ -42.146307199999974, -22.381158799999977 ], [ -42.146330599999942, -22.381464099999963 ], [ -42.146624699999968, -22.381929299999957 ], [ -42.146760399999948, -22.382154199999949 ], [ -42.146807799999976, -22.382510199999953 ], [ -42.146953, -22.382728899999954 ], [ -42.147128099999975, -22.382880199999935 ], [ -42.147593399999948, -22.382996199999972 ], [ -42.147772199999963, -22.382985699999946 ], [ -42.147980199999949, -22.382932699999955 ], [ -42.148097799999967, -22.382808 ], [ -42.148117699999951, -22.382589299999935 ], [ -42.148124799999955, -22.382470799999954 ], [ -42.148226399999942, -22.382378499999948 ], [ -42.148553799999938, -22.382401199999951 ], [ -42.148948899999937, -22.382275 ], [ -42.149225599999973, -22.382133099999962 ], [ -42.149402699999939, -22.381826699999966 ], [ -42.149769199999987, -22.381649199999959 ], [ -42.1500377, -22.381401 ], [ -42.150248199999965, -22.38125 ], [ -42.150553299999963, -22.381160699999953 ], [ -42.150907399999944, -22.380723599999957 ], [ -42.151189099999947, -22.380463499999962 ], [ -42.151392, -22.380360699999976 ], [ -42.151992699999937, -22.380145 ], [ -42.151256699999983, -22.35433149999994 ], [ -42.136125499999935, -22.352846499999945 ], [ -42.135686099999937, -22.352590099999933 ], [ -42.135595899999942, -22.352252899999932 ], [ -42.135314899999976, -22.351985499999945 ], [ -42.135131899999976, -22.351705 ], [ -42.134956199999976, -22.351579199999957 ], [ -42.134869599999952, -22.351212 ], [ -42.134448, -22.351204699999972 ], [ -42.134317199999941, -22.350952499999941 ], [ -42.134336099999985, -22.350690099999948 ], [ -42.134259199999981, -22.35047459999992 ], [ -42.133827899999972, -22.350020799999971 ], [ -42.133583499999929, -22.349877599999949 ], [ -42.133389, -22.349667599999965 ], [ -42.133102199999946, -22.349234599999921 ], [ -42.13293909999993, -22.349104499999946 ], [ -42.132576099999945, -22.349009499999962 ], [ -42.132223099999976, -22.349201699999981 ], [ -42.132078299999932, -22.349202499999933 ], [ -42.112462699999988, -22.376342199999954 ], [ -42.117867299999951, -22.385072599999948 ], [ -42.11819509999998, -22.38530059999993 ], [ -42.118394, -22.38528289999994 ], [ -42.118691399999932, -22.385158099999941 ], [ -42.119482699999928, -22.38444149999998 ], [ -42.119612, -22.384402399999935 ], [ -42.119813399999941, -22.384472099999975 ], [ -42.120367599999952, -22.384908099999951 ], [ -42.120604699999944, -22.384940299999979 ], [ -42.120970399999976, -22.384895299999975 ], [ -42.121587299999931, -22.38456519999994 ], [ -42.12180919999998, -22.384375199999962 ] ] ], [ [ [ -42.07389969999997, -22.306533 ], [ -42.072054, -22.3102297 ], [ -42.071872599999956, -22.310994299999951 ], [ -42.070441099999989, -22.313814499999982 ], [ -42.070341099999951, -22.314818299999942 ], [ -42.071002199999953, -22.315470299999962 ], [ -42.071087899999952, -22.319935199999968 ], [ -42.072018, -22.320013499999959 ], [ -42.072989299999961, -22.319966699999949 ], [ -42.073959399999985, -22.31994 ], [ -42.074348799999939, -22.318694199999975 ], [ -42.07456289999994, -22.317214699999955 ], [ -42.075925599999948, -22.316825299999952 ], [ -42.076606899999945, -22.315696199999927 ], [ -42.075692, -22.314645 ], [ -42.075692, -22.314197299999933 ], [ -42.075361099999945, -22.31295139999996 ], [ -42.074329299999938, -22.311958599999961 ], [ -42.074640799999948, -22.310634799999942 ], [ -42.074164799999949, -22.309947699999956 ], [ -42.074150799999984, -22.309430299999971 ], [ -42.074631699999941, -22.308479899999941 ], [ -42.07389969999997, -22.306533 ] ] ], [ [ [ -42.187155799999971, -22.331256799999949 ], [ -42.18713379999997, -22.331487099999947 ], [ -42.187144399999958, -22.331668499999974 ], [ -42.187169599999947, -22.331827 ], [ -42.187316, -22.332735799999966 ], [ -42.18744449999997, -22.33301049999994 ], [ -42.187800599999946, -22.33353719999997 ], [ -42.188333499999942, -22.334235 ], [ -42.188609099999958, -22.334551499999964 ], [ -42.189197899999954, -22.335206799999977 ], [ -42.189688499999939, -22.335563399999948 ], [ -42.189975399999987, -22.336199399999941 ], [ -42.190016899999932, -22.336474899999931 ], [ -42.189957799999945, -22.336900899999939 ], [ -42.190001799999955, -22.337020199999916 ], [ -42.190213099999944, -22.337082499999948 ], [ -42.190751199999958, -22.336982199999969 ], [ -42.190927199999983, -22.336980399999952 ], [ -42.191175699999981, -22.33703729999997 ], [ -42.191898, -22.337359199999987 ], [ -42.192141299999946, -22.337488 ], [ -42.192288099999985, -22.337610299999941 ], [ -42.192418599999947, -22.337753199999959 ], [ -42.192564299999965, -22.337974299999928 ], [ -42.192730499999989, -22.338284699999988 ], [ -42.192928199999983, -22.33860679999998 ], [ -42.193265399999973, -22.338998299999947 ], [ -42.19353719999998, -22.339128799999969 ], [ -42.193856199999971, -22.339123299999979 ], [ -42.19405, -22.339088499999942 ], [ -42.194226899999933, -22.339056799999973 ], [ -42.194448899999941, -22.338896799999915 ], [ -42.194596599999947, -22.338827599999945 ], [ -42.194747699999944, -22.338823299999945 ], [ -42.195190099999941, -22.339054799999918 ], [ -42.195568299999941, -22.339283 ], [ -42.19554, -22.339764 ], [ -42.195521299999946, -22.33996309999997 ], [ -42.195472, -22.340488199999978 ], [ -42.195445, -22.340776 ], [ -42.19540539999997, -22.341197899999951 ], [ -42.195280399999945, -22.342183199999976 ], [ -42.19547149999994, -22.342909899999938 ], [ -42.195644299999969, -22.343157599999913 ], [ -42.196578499999937, -22.343917299999934 ], [ -42.197872, -22.344634899999971 ], [ -42.198822499999949, -22.344646299999962 ], [ -42.200178799999954, -22.344638599999929 ], [ -42.20045789999994, -22.344227699999973 ], [ -42.200625099999968, -22.343676499999955 ], [ -42.200870399999985, -22.343485099999956 ], [ -42.20126259999995, -22.343572699999974 ], [ -42.201618299999957, -22.343813 ], [ -42.201810599999938, -22.344011899999941 ], [ -42.20259429999993, -22.344086599999972 ], [ -42.202715499999954, -22.344019099999965 ], [ -42.202826899999941, -22.343018499999964 ], [ -42.20267, -22.342633599999942 ], [ -42.202925499999942, -22.34213179999994 ], [ -42.202954, -22.341877 ], [ -42.202902399999971, -22.341126399999958 ], [ -42.20273769999995, -22.341042299999962 ], [ -42.202488699999954, -22.340656499999955 ], [ -42.202592099999947, -22.340365799999962 ], [ -42.203424, -22.339767699999964 ], [ -42.203654099999937, -22.339381699999922 ], [ -42.204065599999979, -22.338018199999954 ], [ -42.204751499999929, -22.337369599999938 ], [ -42.205055199999947, -22.336658499999942 ], [ -42.205572199999949, -22.336120799999943 ], [ -42.20579639999994, -22.335928 ], [ -42.206441699999978, -22.335609799999919 ], [ -42.204467699999952, -22.333805599999938 ], [ -42.202909099999943, -22.332381 ], [ -42.188881299999935, -22.318167799999966 ], [ -42.179430199999956, -22.304478099999983 ], [ -42.176522299999931, -22.300183099999966 ], [ -42.169194499999939, -22.28936009999995 ], [ -42.161822, -22.293184499999946 ], [ -42.161669499999959, -22.292968099999936 ], [ -42.161511499999961, -22.292697 ], [ -42.161396199999956, -22.292818299999961 ], [ -42.161331699999948, -22.292886199999945 ], [ -42.161280899999952, -22.292939599999951 ], [ -42.161223099999972, -22.293114799999955 ], [ -42.161183499999936, -22.293267799999967 ], [ -42.161130599999979, -22.29349579999996 ], [ -42.161118199999976, -22.293703899999972 ], [ -42.16093479999995, -22.293635199999983 ], [ -42.160777799999948, -22.293576299999927 ], [ -42.160489, -22.293509599999933 ], [ -42.159978, -22.293642899999949 ], [ -42.15996709999996, -22.293647199999953 ], [ -42.15968589999995, -22.293756599999927 ], [ -42.159183399999968, -22.293952 ], [ -42.159178199999985, -22.293954 ], [ -42.15868629999995, -22.294258499999952 ], [ -42.158520399999929, -22.294361199999969 ], [ -42.158287899999955, -22.29450509999997 ], [ -42.158119499999934, -22.294608399999948 ], [ -42.15755629999996, -22.29495379999997 ], [ -42.156755, -22.295056099999961 ], [ -42.156512099999929, -22.295087099999936 ], [ -42.156445399999946, -22.294931599999913 ], [ -42.15647059999997, -22.294897299999938 ], [ -42.156567099999968, -22.294765699999974 ], [ -42.156689799999981, -22.294598299999961 ], [ -42.156763, -22.29440819999996 ], [ -42.156800899999951, -22.294309499999933 ], [ -42.156938, -22.294158699999965 ], [ -42.157023099999947, -22.294065099999941 ], [ -42.156912, -22.293776199999961 ], [ -42.156889799999931, -22.293354099999913 ], [ -42.156550599999953, -22.293154599999983 ], [ -42.156516199999949, -22.293134299999959 ], [ -42.156512099999929, -22.293131899999924 ], [ -42.156439299999931, -22.293098799999949 ], [ -42.1562704, -22.293019599999983 ], [ -42.156265, -22.293022099999977 ], [ -42.156023299999966, -22.293131899999938 ], [ -42.15577889999998, -22.293065299999963 ], [ -42.155490099999959, -22.293198599999979 ], [ -42.155267899999956, -22.293576299999916 ], [ -42.154956899999952, -22.293620699999963 ], [ -42.154490299999964, -22.293331899999927 ], [ -42.154266599999971, -22.293097599999946 ], [ -42.153801599999952, -22.293354099999931 ], [ -42.153171799999946, -22.2938 ], [ -42.152923799999947, -22.293848699999955 ], [ -42.152615599999926, -22.29391089999995 ], [ -42.1524328, -22.293869399999945 ], [ -42.152468499999948, -22.29359849999997 ], [ -42.152268599999957, -22.293443 ], [ -42.151974899999978, -22.293496299999958 ], [ -42.15178, -22.293427799999957 ], [ -42.151642799999934, -22.293355399999935 ], [ -42.150972099999933, -22.293344399999956 ], [ -42.150556699999981, -22.293311499999952 ], [ -42.150380099999957, -22.293131899999921 ], [ -42.150002399999941, -22.293176399999936 ], [ -42.149702399999967, -22.293235499999973 ], [ -42.149466099999984, -22.293215 ], [ -42.149283, -22.293292299999962 ], [ -42.149051099999959, -22.293388299999947 ], [ -42.14869159999995, -22.293398599999914 ], [ -42.148202799999979, -22.293509599999933 ], [ -42.147799199999952, -22.293443399999941 ], [ -42.147603899999979, -22.293345599999956 ], [ -42.147275, -22.293284599999918 ], [ -42.147266299999949, -22.293283 ], [ -42.146692, -22.293176399999933 ], [ -42.146101299999941, -22.293202799999968 ], [ -42.145684299999978, -22.293268 ], [ -42.145382099999942, -22.293190699999975 ], [ -42.145000699999976, -22.292975199999933 ], [ -42.144885699999975, -22.2926849 ], [ -42.144942099999987, -22.292455699999945 ], [ -42.14492, -22.292293899999954 ], [ -42.144637199999977, -22.292059599999945 ], [ -42.144428699999928, -22.29188739999994 ], [ -42.144411199999979, -22.291669 ], [ -42.144247199999938, -22.29072849999994 ], [ -42.144119499999938, -22.290644699999966 ], [ -42.14355089999998, -22.290805599999935 ], [ -42.143067399999957, -22.290642299999945 ], [ -42.142508899999939, -22.290568099999962 ], [ -42.14226519999994, -22.290452299999963 ], [ -42.141841399999976, -22.290236 ], [ -42.141086699999953, -22.289873 ], [ -42.140779799999962, -22.289677 ], [ -42.140520799999926, -22.289031299999973 ], [ -42.140222799999954, -22.288949199999934 ], [ -42.16309949999993, -22.332853399999973 ], [ -42.163106299999981, -22.332872899999916 ], [ -42.163396199999966, -22.333060099999955 ], [ -42.163893599999938, -22.333118499999955 ], [ -42.164057, -22.33287659999996 ], [ -42.164238199999943, -22.332793699999961 ], [ -42.164504, -22.332780399999933 ], [ -42.165128299999935, -22.332937799999964 ], [ -42.165582499999978, -22.333122399999972 ], [ -42.165865099999962, -22.333175499999975 ], [ -42.166142, -22.333053399999987 ], [ -42.166691299999975, -22.33302529999996 ], [ -42.167083099999964, -22.332916499999946 ], [ -42.16733, -22.332991299999946 ], [ -42.167480799999964, -22.333144599999958 ], [ -42.167524699999952, -22.333344399999923 ], [ -42.167575899999967, -22.333383099999931 ], [ -42.167695699999967, -22.333188899999978 ], [ -42.167825499999935, -22.332913699999949 ], [ -42.168109799999975, -22.332752099999936 ], [ -42.168446199999956, -22.332357499999944 ], [ -42.168523899999968, -22.332179599999964 ], [ -42.168738299999973, -22.332115 ], [ -42.169002499999976, -22.332122799999972 ], [ -42.169368699999943, -22.332264 ], [ -42.169516299999941, -22.332307199999935 ], [ -42.169620199999947, -22.33230089999994 ], [ -42.169912699999948, -22.332138899999954 ], [ -42.170063699999965, -22.331988499999966 ], [ -42.17028339999996, -22.33186419999992 ], [ -42.17036539999998, -22.331752399999957 ], [ -42.170465299999933, -22.331677799999959 ], [ -42.170652699999955, -22.331619399999976 ], [ -42.170781799999936, -22.331469899999934 ], [ -42.170956199999985, -22.331322099999952 ], [ -42.171122199999949, -22.331127199999965 ], [ -42.17169569999993, -22.331004299999961 ], [ -42.171862399999945, -22.331027699999929 ], [ -42.172199699999965, -22.331200899999935 ], [ -42.172794799999963, -22.331157899999933 ], [ -42.173042299999963, -22.330950899999952 ], [ -42.173177699999947, -22.330555 ], [ -42.173641299999986, -22.33033619999998 ], [ -42.173990299999957, -22.330195499999945 ], [ -42.17437579999995, -22.329554799999976 ], [ -42.174573799999969, -22.329226599999956 ], [ -42.174928, -22.329101599999934 ], [ -42.175162399999984, -22.329158899999985 ], [ -42.175495799999965, -22.329299499999927 ], [ -42.175756199999967, -22.32922139999993 ], [ -42.176152099999968, -22.329070299999948 ], [ -42.176386599999944, -22.328950499999962 ], [ -42.176818899999944, -22.328872399999959 ], [ -42.17713149999998, -22.329013 ], [ -42.177371499999929, -22.329028899999969 ], [ -42.177875, -22.328773 ], [ -42.178332099999984, -22.328449 ], [ -42.179866099999963, -22.32814 ], [ -42.180366099999965, -22.328089499999972 ], [ -42.181161099999947, -22.328103699999925 ], [ -42.182099699999981, -22.327916099999971 ], [ -42.182891199999972, -22.327970599999968 ], [ -42.184290099999942, -22.327859399999952 ], [ -42.184558199999969, -22.327887 ], [ -42.184952199999941, -22.32792059999996 ], [ -42.18520349999995, -22.32805829999996 ], [ -42.185581799999973, -22.328871699999972 ], [ -42.185730499999984, -22.329125699999953 ], [ -42.186298599999937, -22.329810699999936 ], [ -42.18729129999997, -22.330492799999945 ], [ -42.18747, -22.330626499999926 ], [ -42.187155799999971, -22.331256799999949 ] ] ], [ [ [ -42.10685749999994, -22.243440099999919 ], [ -42.107365199999954, -22.24351189999992 ], [ -42.107769899999937, -22.24356609999996 ], [ -42.108132899999937, -22.243765299999957 ], [ -42.108510699999954, -22.244144099999968 ], [ -42.10879569999998, -22.244544199999947 ], [ -42.108895, -22.244653699999951 ], [ -42.109089599999947, -22.244855299999987 ], [ -42.109397899999976, -22.245081899999935 ], [ -42.109842499999964, -22.245468499999951 ], [ -42.110209599999962, -22.245844699999957 ], [ -42.110340899999983, -22.246002499999967 ], [ -42.110560199999945, -22.246267199999959 ], [ -42.110755299999937, -22.246862699999951 ], [ -42.111452299999939, -22.247545899999967 ], [ -42.111702599999944, -22.247738899999934 ], [ -42.111914599999977, -22.247854 ], [ -42.112203599999937, -22.24785619999993 ], [ -42.11243689999997, -22.248053 ], [ -42.11262169999997, -22.248275299999925 ], [ -42.112625199999968, -22.248479899999953 ], [ -42.112521299999962, -22.248771499999972 ], [ -42.112412099999979, -22.248967599999958 ], [ -42.11233, -22.249259499999919 ], [ -42.112397, -22.249579699999966 ], [ -42.112397699999974, -22.249577799999937 ], [ -42.112526399999986, -22.249455699999935 ], [ -42.112521299999976, -22.249211399999979 ], [ -42.112557199999969, -22.249112699999952 ], [ -42.112718399999956, -22.248859899999953 ], [ -42.112859799999967, -22.248559 ], [ -42.112972299999967, -22.24851759999995 ], [ -42.114814199999962, -22.247363599999968 ], [ -42.111782099999971, -22.240724799999956 ], [ -42.111612699999966, -22.240403399999924 ], [ -42.111463599999986, -22.240459 ], [ -42.111337399999968, -22.240504199999961 ], [ -42.111135599999955, -22.240523099999955 ], [ -42.110891699999975, -22.240551699999955 ], [ -42.110621499999979, -22.240533399999947 ], [ -42.110370499999938, -22.240471499999959 ], [ -42.110028, -22.240315499999955 ], [ -42.109793199999956, -22.240190899999948 ], [ -42.109700299999929, -22.24008329999997 ], [ -42.109639899999934, -22.23992039999996 ], [ -42.109610699999955, -22.239821099999979 ], [ -42.10953539999997, -22.239568299999966 ], [ -42.109427, -22.239402299999927 ], [ -42.1092422, -22.23917919999997 ], [ -42.108916799999975, -22.238724199999979 ], [ -42.10873179999993, -22.238614099999943 ], [ -42.1085394, -22.238624499999954 ], [ -42.1083723, -22.238634399999956 ], [ -42.108112299999959, -22.238612299999939 ], [ -42.107831099999935, -22.238545099999946 ], [ -42.107467799999938, -22.238569899999959 ], [ -42.107301599999971, -22.23861979999997 ], [ -42.107074699999949, -22.238722399999961 ], [ -42.106573499999968, -22.238946799999937 ], [ -42.106276899999962, -22.239067199999962 ], [ -42.106016099999977, -22.239119299999963 ], [ -42.10573109999995, -22.239078899999981 ], [ -42.105633199999943, -22.238974299999935 ], [ -42.105496599999988, -22.238778599999925 ], [ -42.10530979999993, -22.238725 ], [ -42.105066299999976, -22.238748199999971 ], [ -42.104723099999944, -22.23888739999995 ], [ -42.104487799999966, -22.239032399999925 ], [ -42.104390799999983, -22.239162 ], [ -42.10429019999998, -22.239606299999924 ], [ -42.104179699999975, -22.239788599999944 ], [ -42.103554599999939, -22.240648899999936 ], [ -42.103429299999966, -22.240745 ], [ -42.103307199999961, -22.240728799999932 ], [ -42.103186199999982, -22.240628299999976 ], [ -42.102866199999944, -22.240289299999969 ], [ -42.102576199999923, -22.23990329999998 ], [ -42.102452, -22.239716799999929 ], [ -42.102262499999938, -22.239358399999951 ], [ -42.10205469999994, -22.239236 ], [ -42.101898199999944, -22.239233399999939 ], [ -42.101801499999965, -22.239556199999985 ], [ -42.101528399999943, -22.239391699999942 ], [ -42.101369199999965, -22.23942849999996 ], [ -42.101198299999965, -22.239487199999921 ], [ -42.100903899999935, -22.239687299999961 ], [ -42.100677699999949, -22.239837599999923 ], [ -42.100865499999941, -22.240139099999958 ], [ -42.1010156, -22.240337099999966 ], [ -42.101173299999971, -22.240571899999949 ], [ -42.101340199999981, -22.24072319999992 ], [ -42.101382199999932, -22.24083759999996 ], [ -42.101358199999936, -22.240965099999986 ], [ -42.101358399999981, -22.241171499999954 ], [ -42.101439499999969, -22.241290799999941 ], [ -42.101523399999969, -22.24136059999994 ], [ -42.101646599999974, -22.24151669999998 ], [ -42.101788099999965, -22.242115499999951 ], [ -42.101882799999949, -22.24219179999994 ], [ -42.102144399999936, -22.242193499999924 ], [ -42.102711799999952, -22.242288599999934 ], [ -42.102985, -22.242356099999924 ], [ -42.103317499999953, -22.242564899999934 ], [ -42.103529099999946, -22.242695499999954 ], [ -42.10386079999995, -22.242850699999952 ], [ -42.104079499999962, -22.242960099999948 ], [ -42.104264199999932, -22.243063899999967 ], [ -42.104532499999948, -22.243213599999926 ], [ -42.104740099999965, -22.24333069999993 ], [ -42.104922399999964, -22.243383499999943 ], [ -42.105127, -22.243396 ], [ -42.105206, -22.24339179999992 ], [ -42.105637, -22.24335659999997 ], [ -42.10592639999993, -22.243361 ], [ -42.106098199999963, -22.243384699999986 ], [ -42.106271, -22.243484199999948 ], [ -42.106344399999955, -22.243526599999946 ], [ -42.106596, -22.243524799999921 ], [ -42.106689099999983, -22.243487399999935 ], [ -42.10685749999994, -22.243440099999919 ] ] ], [ [ [ -42.054336299999932, -22.247561899999937 ], [ -42.05399529999994, -22.246960099999963 ], [ -42.053881599999954, -22.24694 ], [ -42.053607399999976, -22.247154 ], [ -42.05333319999994, -22.24751509999993 ], [ -42.052664499999935, -22.247695699999955 ], [ -42.051781799999958, -22.247983199999958 ], [ -42.051460799999973, -22.248270799999943 ], [ -42.057716699999965, -22.249869699999973 ], [ -42.060390299999938, -22.250557699999927 ], [ -42.060496, -22.249895299999928 ], [ -42.060694, -22.249512899999957 ], [ -42.061174199999989, -22.249839799999968 ], [ -42.061179899999949, -22.249843699999932 ], [ -42.061331799999955, -22.249947 ], [ -42.061958, -22.250242399999923 ], [ -42.062090099999978, -22.250304699999962 ], [ -42.062322599999959, -22.250414399999954 ], [ -42.063202099999948, -22.250829299999953 ], [ -42.063242099999975, -22.250848099999928 ], [ -42.064239699999973, -22.251318599999923 ], [ -42.064238, -22.251134 ], [ -42.064156399999945, -22.250841099999946 ], [ -42.063993299999936, -22.250518499999927 ], [ -42.063848099999973, -22.250246599999969 ], [ -42.063638499999975, -22.249884 ], [ -42.063478899999957, -22.249680499999943 ], [ -42.06332, -22.249524799999953 ], [ -42.063113499999922, -22.249314199999958 ], [ -42.062972699999932, -22.249204499999955 ], [ -42.062881499999946, -22.249096 ], [ -42.062661099999964, -22.248834199999973 ], [ -42.062364299999963, -22.248421499999946 ], [ -42.062108899999942, -22.248037099999976 ], [ -42.061854, -22.247568199999925 ], [ -42.061532599999964, -22.246977099999977 ], [ -42.061287099999952, -22.246624099999959 ], [ -42.060969099999966, -22.246162699999953 ], [ -42.060732, -22.245816099999953 ], [ -42.060398699999951, -22.245457199999983 ], [ -42.060036299999986, -22.245067699999922 ], [ -42.059907699999933, -22.244929199999937 ], [ -42.059816, -22.244569799999958 ], [ -42.059776499999948, -22.244424299999931 ], [ -42.059763199999963, -22.243993399999958 ], [ -42.05974839999994, -22.243571399999944 ], [ -42.059522099999981, -22.243129199999938 ], [ -42.059302799999955, -22.242694899999943 ], [ -42.058957699999958, -22.242220599999939 ], [ -42.058767399999972, -22.241958299999965 ], [ -42.058781599999975, -22.241633099999948 ], [ -42.058764499999938, -22.241257699999938 ], [ -42.058914399999942, -22.240696499999945 ], [ -42.059156899999955, -22.240285199999942 ], [ -42.059387399999942, -22.239406799999987 ], [ -42.059355, -22.239094 ], [ -42.059186199999949, -22.238509299999983 ], [ -42.059281099999964, -22.238495499999946 ], [ -42.059489399999961, -22.238451899999962 ], [ -42.059695799999936, -22.238378899999933 ], [ -42.059786499999973, -22.238236299999965 ], [ -42.05994, -22.238063499999956 ], [ -42.060069, -22.237955699999926 ], [ -42.060239599999932, -22.237909599999956 ], [ -42.060520799999949, -22.237914699999987 ], [ -42.060824199999956, -22.237972099999965 ], [ -42.061134299999935, -22.238080799999977 ], [ -42.061419399999977, -22.238184499999932 ], [ -42.061769399999953, -22.238354599999983 ], [ -42.062212299999942, -22.238365899999952 ], [ -42.062948499999948, -22.238353 ], [ -42.063221599999963, -22.238319599999947 ], [ -42.063529499999952, -22.238317699999978 ], [ -42.064317399999943, -22.238349 ], [ -42.064918299999931, -22.238353 ], [ -42.065067499999941, -22.238378399999931 ], [ -42.06521829999997, -22.238435399999958 ], [ -42.065411299999937, -22.238545699999985 ], [ -42.065541399999972, -22.238648199999943 ], [ -42.065644, -22.238715799999959 ], [ -42.065775299999984, -22.238713 ], [ -42.065916099999981, -22.238676899999962 ], [ -42.066508899999981, -22.238508899999939 ], [ -42.067249799999963, -22.23844019999995 ], [ -42.067367499999939, -22.238481399999941 ], [ -42.067571599999951, -22.238635799999937 ], [ -42.067696599999977, -22.238702 ], [ -42.067854699999948, -22.238707499999965 ], [ -42.068171, -22.238625099999972 ], [ -42.068288599999967, -22.238626599999964 ], [ -42.068417199999949, -22.238664 ], [ -42.0686214, -22.238687299999963 ], [ -42.068831899999971, -22.238676899999973 ], [ -42.068954099999985, -22.238626599999975 ], [ -42.06905339999998, -22.238536499999942 ], [ -42.069204199999945, -22.238453799999949 ], [ -42.06966129999995, -22.238404799999952 ], [ -42.070011199999946, -22.238482499999972 ], [ -42.070205499999936, -22.238625099999979 ], [ -42.070340399999971, -22.238821499999958 ], [ -42.070709399999942, -22.239242899999969 ], [ -42.07082759999998, -22.239324899999914 ], [ -42.071009, -22.239376699999969 ], [ -42.071213299999954, -22.239371799999947 ], [ -42.071345899999983, -22.239324899999914 ], [ -42.07138439999995, -22.239283499999942 ], [ -42.071410699999937, -22.239195299999942 ], [ -42.071395399999979, -22.239091899999952 ], [ -42.071345299999962, -22.238954099999951 ], [ -42.071322199999948, -22.238827299999969 ], [ -42.071330699999983, -22.238708899999928 ], [ -42.071397799999936, -22.238586199999922 ], [ -42.071482, -22.238510099999917 ], [ -42.071642299999951, -22.238426099999963 ], [ -42.07187719999996, -22.238404799999959 ], [ -42.072063799999967, -22.238350299999979 ], [ -42.072217499999965, -22.238300299999924 ], [ -42.072350699999959, -22.238294299999943 ], [ -42.072616399999959, -22.23837589999993 ], [ -42.072761499999963, -22.238408899999953 ], [ -42.07296579999997, -22.238404799999959 ], [ -42.073095799999983, -22.23836859999993 ], [ -42.073234799999966, -22.238305199999942 ], [ -42.073315699999966, -22.238227799999937 ], [ -42.073473199999967, -22.238048 ], [ -42.073605499999985, -22.237959799999945 ], [ -42.073681299999983, -22.237927 ], [ -42.073797199999952, -22.237911199999928 ], [ -42.073904499999969, -22.237940399999953 ], [ -42.074075299999954, -22.238035599999932 ], [ -42.074152099999942, -22.238053099999934 ], [ -42.074274599999967, -22.238041899999917 ], [ -42.07442419999996, -22.238030699999968 ], [ -42.074546799999951, -22.238054899999952 ], [ -42.074913299999935, -22.23831 ], [ -42.075017, -22.238384499999942 ], [ -42.075117199999973, -22.238528899999949 ], [ -42.075136499999985, -22.238702299999943 ], [ -42.075179799999944, -22.238358299999959 ], [ -42.075247499999932, -22.237819199999922 ], [ -42.07541, -22.235872599999929 ], [ -42.074046199999941, -22.235674299999978 ], [ -42.071905299999969, -22.235650599999932 ], [ -42.0707786, -22.235554 ], [ -42.06996259999994, -22.235484 ], [ -42.06815469999998, -22.235452299999952 ], [ -42.067797899999967, -22.23541269999992 ], [ -42.064729299999954, -22.235238199999959 ], [ -42.062889699999978, -22.235135099999958 ], [ -42.060296799999946, -22.23530959999994 ], [ -42.059900299999988, -22.235517499999968 ], [ -42.058679199999979, -22.236158 ], [ -42.057949699999945, -22.236277 ], [ -42.057355, -22.235825 ], [ -42.057259899999963, -22.234770399999945 ], [ -42.056752399999937, -22.233945799999955 ], [ -42.055190299999936, -22.232359899999942 ], [ -42.054032599999978, -22.232399499999911 ], [ -42.053311099999981, -22.231971399999964 ], [ -42.053065299999965, -22.231685899999945 ], [ -42.052906699999944, -22.231257699999958 ], [ -42.052549799999952, -22.229283299999963 ], [ -42.048993299999943, -22.226843699999957 ], [ -42.048682899999967, -22.226630799999942 ], [ -42.047731499999934, -22.226502699999955 ], [ -42.047149199999986, -22.226476099999964 ], [ -42.04486339999994, -22.2263718 ], [ -42.041755099999932, -22.227006099999979 ], [ -42.034859599999947, -22.228204899999977 ], [ -42.033937099999946, -22.228359 ], [ -42.034034899999938, -22.229124699999943 ], [ -42.033967599999983, -22.233195299999977 ], [ -42.033953699999984, -22.234038799999954 ], [ -42.033931499999944, -22.236659199999956 ], [ -42.034433499999977, -22.236391799999979 ], [ -42.03509489999994, -22.235961299999932 ], [ -42.037305299999957, -22.234919499999922 ], [ -42.038736799999981, -22.234232299999963 ], [ -42.04117569999994, -22.233077399999949 ], [ -42.041724399999964, -22.2328194 ], [ -42.045092099999984, -22.232173799999931 ], [ -42.047301299999958, -22.232198399999955 ], [ -42.047365799999973, -22.232205799999967 ], [ -42.04801729999997, -22.232277599999964 ], [ -42.048885799999937, -22.232373299999949 ], [ -42.049621, -22.232759699999981 ], [ -42.049887399999932, -22.232894099999953 ], [ -42.050536699999952, -22.233737199999943 ], [ -42.050766799999963, -22.234535299999944 ], [ -42.051076899999948, -22.235615799999948 ], [ -42.0514242, -22.23631209999996 ], [ -42.052098699999938, -22.238146 ], [ -42.053348599999936, -22.240336799999966 ], [ -42.053864399999952, -22.241242899999968 ], [ -42.056287399999981, -22.244688 ], [ -42.056306, -22.245149 ], [ -42.056215199999947, -22.245318299999951 ], [ -42.056207299999976, -22.245529899999937 ], [ -42.056009399999937, -22.245967199999932 ], [ -42.055634399999981, -22.246104399999972 ], [ -42.055299299999945, -22.246371599999978 ], [ -42.054797699999938, -22.24745489999998 ], [ -42.054583699999966, -22.247582 ], [ -42.054336299999932, -22.247561899999937 ] ] ], [ [ [ -42.022770099999939, -22.236649799999952 ], [ -42.023089, -22.236828499999941 ], [ -42.023397399999965, -22.236904599999942 ], [ -42.023625, -22.236965299999952 ], [ -42.023846799999944, -22.237027099999988 ], [ -42.024068599999964, -22.237055399999978 ], [ -42.024292799999955, -22.237064499999985 ], [ -42.024432899999972, -22.237069499999969 ], [ -42.024637199999972, -22.237075499999943 ], [ -42.0247998, -22.237075499999939 ], [ -42.024876399999982, -22.237046 ], [ -42.024953, -22.237005 ], [ -42.025011499999948, -22.236980099999979 ], [ -42.02512169999995, -22.236927 ], [ -42.025213799999968, -22.236877299999946 ], [ -42.025361599999947, -22.236883299999931 ], [ -42.025517599999944, -22.236861799999922 ], [ -42.025695, -22.236829599999961 ], [ -42.026263199999967, -22.23669539999997 ], [ -42.027027399999945, -22.23356629999995 ], [ -42.027067799999941, -22.233363 ], [ -42.026659199999983, -22.233219 ], [ -42.025365099999931, -22.232888499999934 ], [ -42.025520799999988, -22.231497899999951 ], [ -42.023982799999949, -22.231372 ], [ -42.022156, -22.231200799999947 ], [ -42.022373399999935, -22.229764799999934 ], [ -42.017057899999941, -22.22895039999997 ], [ -42.016639799999943, -22.2288847 ], [ -42.016029799999963, -22.229494799999944 ], [ -42.015577899999982, -22.229898899999956 ], [ -42.015470199999989, -22.230028299999951 ], [ -42.015166799999975, -22.229974199999958 ], [ -42.014747, -22.229920099999948 ], [ -42.014382, -22.229776099999974 ], [ -42.013765699999965, -22.229532099999965 ], [ -42.01344169999993, -22.230437 ], [ -42.013342899999941, -22.230667499999981 ], [ -42.013299599999975, -22.230774299999943 ], [ -42.01325479999997, -22.230901299999971 ], [ -42.013277, -22.231005199999956 ], [ -42.013278899999932, -22.23109 ], [ -42.013242599999963, -22.231174599999974 ], [ -42.01317719999998, -22.231243699999926 ], [ -42.013039899999967, -22.23117239999992 ], [ -42.012764199999943, -22.230977699999983 ], [ -42.012639099999944, -22.230975799999943 ], [ -42.012390299999936, -22.231028099999943 ], [ -42.012152899999933, -22.231029899999939 ], [ -42.012050899999963, -22.231064699999923 ], [ -42.01197289999994, -22.231113099999959 ], [ -42.011801299999945, -22.231204699999982 ], [ -42.011465699999981, -22.231395399999926 ], [ -42.011247699999963, -22.231471899999967 ], [ -42.011709899999971, -22.231703799999917 ], [ -42.01248639999995, -22.231672199999927 ], [ -42.012614699999965, -22.231652699999913 ], [ -42.012895699999945, -22.23155729999996 ], [ -42.013067699999972, -22.231499499999927 ], [ -42.013682, -22.231414799999978 ], [ -42.014033499999989, -22.231439 ], [ -42.014286099999943, -22.231459199999957 ], [ -42.014440699999966, -22.231472599999957 ], [ -42.014642299999927, -22.231493399999973 ], [ -42.015634299999931, -22.231698399999974 ], [ -42.015726399999956, -22.231718599999965 ], [ -42.015753199999949, -22.231731 ], [ -42.015962299999963, -22.231823599999924 ], [ -42.016221599999938, -22.231926699999978 ], [ -42.016480899999976, -22.232092299999973 ], [ -42.01657, -22.232147 ], [ -42.016659, -22.232201699999965 ], [ -42.016868299999949, -22.232367199999942 ], [ -42.017062099999976, -22.232579699999967 ], [ -42.017205799999942, -22.232826499999934 ], [ -42.017264399999938, -22.232935899999973 ], [ -42.01732619999995, -22.233190099999945 ], [ -42.01736939999995, -22.233495199999926 ], [ -42.017466799999973, -22.233956099999936 ], [ -42.01787, -22.234414699999935 ], [ -42.018398399999967, -22.234792599999931 ], [ -42.018569799999966, -22.23481739999993 ], [ -42.018734, -22.234891 ], [ -42.01886559999997, -22.234971299999916 ], [ -42.018918299999946, -22.235117699999925 ], [ -42.018964399999959, -22.23528529999993 ], [ -42.019055699999967, -22.235600699999967 ], [ -42.019225699999929, -22.235802799999927 ], [ -42.019552899999951, -22.235847699999958 ], [ -42.019776099999952, -22.235849799999972 ], [ -42.019929699999977, -22.235842299999941 ], [ -42.020026399999949, -22.235898699999947 ], [ -42.020124099999983, -22.235962099999938 ], [ -42.020246399999969, -22.236024399999952 ], [ -42.020556399999975, -22.236013199999945 ], [ -42.020782399999973, -22.235951799999963 ], [ -42.021002, -22.235889399999966 ], [ -42.021278399999979, -22.235745599999959 ], [ -42.021534199999962, -22.235701599999967 ], [ -42.021794699999937, -22.235702099999958 ], [ -42.02199729999996, -22.235809399999944 ], [ -42.022158599999962, -22.235908799999947 ], [ -42.022317199999982, -22.236029799999979 ], [ -42.022532299999966, -22.236223399999968 ], [ -42.022601899999984, -22.236438 ], [ -42.022770099999939, -22.236649799999952 ] ] ], [ [ [ -41.713350899999959, -22.41957309999998 ], [ -41.7131002, -22.419548499999966 ], [ -41.712887499999965, -22.419443 ], [ -41.712712799999963, -22.419302899999945 ], [ -41.712423899999983, -22.419359299999932 ], [ -41.71226009999998, -22.419462799999966 ], [ -41.71204529999995, -22.419705199999949 ], [ -41.711930799999955, -22.419959699999922 ], [ -41.711941299999978, -22.420272899999915 ], [ -41.711966199999956, -22.420307799999943 ], [ -41.712165499999962, -22.420540799999976 ], [ -41.71219049999997, -22.420552499999935 ], [ -41.712402899999972, -22.420692799999927 ], [ -41.712615599999943, -22.420786699999951 ], [ -41.712677399999961, -22.420937699999961 ], [ -41.712688799999967, -22.421123399999949 ], [ -41.712688599999986, -22.421146599999929 ], [ -41.712712299999964, -22.421355499999951 ], [ -41.712712099999976, -22.421390299999921 ], [ -41.712773499999976, -22.421599299999968 ], [ -41.712786, -22.421611 ], [ -41.712872399999981, -22.421831899999979 ], [ -41.71303439999997, -22.421995099999943 ], [ -41.713259699999988, -22.42207759999997 ], [ -41.713397699999973, -22.422078299999946 ], [ -41.713611599999979, -22.421975 ], [ -41.713800799999945, -22.421825299999973 ], [ -41.71407819999996, -22.421606399999977 ], [ -41.714317899999976, -22.421387299999932 ], [ -41.714582599999972, -22.42118 ], [ -41.714860299999948, -22.42091489999995 ], [ -41.715012899999984, -22.420602699999961 ], [ -41.715127799999955, -22.420290199999943 ], [ -41.715152899999964, -22.420278699999983 ], [ -41.715217199999984, -22.420035499999987 ], [ -41.715506599999969, -22.419897899999967 ], [ -41.715620299999962, -22.419770899999939 ], [ -41.715621599999963, -22.419562199999973 ], [ -41.716035899999959, -22.419518099999944 ], [ -41.716401, -22.419322899999937 ], [ -41.716667399999949, -22.419057099999975 ], [ -41.716867, -22.418674 ], [ -41.717022599999957, -22.418271099999966 ], [ -41.717262699999935, -22.417959099999969 ], [ -41.717264799999946, -22.41762279999995 ], [ -41.717265099999963, -22.417588 ], [ -41.717380599999956, -22.417182699999955 ], [ -41.717269299999941, -22.416926899999979 ], [ -41.717032099999983, -22.416751699999967 ], [ -41.716994599999971, -22.416728299999928 ], [ -41.71670689999997, -22.416587599999957 ], [ -41.716430899999978, -22.416586099999954 ], [ -41.716291399999932, -22.416828899999931 ], [ -41.716101899999963, -22.417036599999953 ], [ -41.715937399999973, -22.417256099999982 ], [ -41.715785799999935, -22.417417599999968 ], [ -41.715658699999949, -22.41767209999994 ], [ -41.715493699999968, -22.41797269999995 ], [ -41.715429799999981, -22.418157899999983 ], [ -41.71542819999997, -22.418413099999942 ], [ -41.715364299999976, -22.418598299999932 ], [ -41.715325799999967, -22.41872559999997 ], [ -41.715213199999937, -22.418690199999951 ], [ -41.715037299999949, -22.418724099999956 ], [ -41.714823799999976, -22.418769299999951 ], [ -41.714597599999934, -22.418826 ], [ -41.714471299999957, -22.418964499999952 ], [ -41.714444599999979, -22.419207899999943 ], [ -41.71435589999993, -22.419358199999969 ], [ -41.71419329999997, -22.419276099999923 ], [ -41.713967199999956, -22.419321299999986 ], [ -41.713828799999931, -22.419378499999929 ], [ -41.713602399999964, -22.419481699999949 ], [ -41.713350899999959, -22.41957309999998 ] ] ], [ [ [ -41.85740809999993, -22.410238899999975 ], [ -41.857241, -22.410513499999979 ], [ -41.856369699999959, -22.410155399999951 ], [ -41.855379, -22.409845 ], [ -41.8546032, -22.409952499999971 ], [ -41.853958599999942, -22.410585099999938 ], [ -41.853648299999982, -22.411026699999972 ], [ -41.853535199999953, -22.411393 ], [ -41.853665099999951, -22.411360499999923 ], [ -41.853939899999943, -22.41131289999992 ], [ -41.854127799999958, -22.411204899999962 ], [ -41.85434129999993, -22.411146899999935 ], [ -41.854448699999985, -22.411104399999946 ], [ -41.85458049999994, -22.41099789999992 ], [ -41.854728699999946, -22.410908 ], [ -41.85490359999995, -22.410844799999939 ], [ -41.855012699999975, -22.410826899999954 ], [ -41.855152699999969, -22.410842299999949 ], [ -41.855249399999948, -22.410902499999949 ], [ -41.855312899999952, -22.411032899999952 ], [ -41.855335799999985, -22.41120149999994 ], [ -41.855255399999976, -22.411361699999919 ], [ -41.855192599999953, -22.411508799999968 ], [ -41.855137499999955, -22.41167919999997 ], [ -41.855091699999939, -22.411979 ], [ -41.855145299999954, -22.412255499999947 ], [ -41.85522739999994, -22.412396199999929 ], [ -41.855266799999981, -22.412457 ], [ -41.855496799999976, -22.412750699999947 ], [ -41.855597499999931, -22.412943899999949 ], [ -41.855656599999975, -22.413140099999964 ], [ -41.855790499999955, -22.413436499999932 ], [ -41.855802, -22.413466699999947 ], [ -41.856017299999962, -22.413812599999964 ], [ -41.856109699999934, -22.413923099999973 ], [ -41.856444799999956, -22.414122599999931 ], [ -41.85671879999996, -22.414055599999983 ], [ -41.856851799999966, -22.413913499999978 ], [ -41.85701289999998, -22.413807599999917 ], [ -41.857145799999948, -22.413813099999974 ], [ -41.857242299999946, -22.413919899999943 ], [ -41.857255499999958, -22.414143599999917 ], [ -41.857167399999987, -22.414398599999963 ], [ -41.85713, -22.414621 ], [ -41.857109699999967, -22.414817599999939 ], [ -41.857107399999961, -22.414975 ], [ -41.857159799999977, -22.415118099999969 ], [ -41.857314299999985, -22.415254499999939 ], [ -41.857449899999949, -22.415322099999965 ], [ -41.8576389, -22.415456499999937 ], [ -41.857706, -22.415554399999955 ], [ -41.857721499999975, -22.415681899999974 ], [ -41.85759, -22.415826599999942 ], [ -41.857380399999954, -22.415925599999969 ], [ -41.85711219999996, -22.415996199999942 ], [ -41.856976399999958, -22.416055899999947 ], [ -41.85693549999997, -22.416141399999962 ], [ -41.857020599999942, -22.416262499999956 ], [ -41.85711189999995, -22.416325899999944 ], [ -41.857154, -22.416366799999938 ], [ -41.857394, -22.416600199999937 ], [ -41.857674099999933, -22.416891299999975 ], [ -41.858015399999942, -22.417073199999937 ], [ -41.858703599999949, -22.417590799999971 ], [ -41.859863, -22.418467499999952 ], [ -41.860025899999982, -22.418549699999975 ], [ -41.860137599999973, -22.418600199999965 ], [ -41.860271, -22.418627199999932 ], [ -41.860505099999962, -22.418658899999969 ], [ -41.860757799999931, -22.418682199999974 ], [ -41.861666799999973, -22.418766299999952 ], [ -41.86387389999993, -22.418951399999958 ], [ -41.864234499999952, -22.418983699999959 ], [ -41.86636029999994, -22.419174299999948 ], [ -41.867746899999929, -22.419292499999976 ], [ -41.86931419999997, -22.419429099999938 ], [ -41.86984659999996, -22.419409099999935 ], [ -41.870355599999982, -22.419370099999966 ], [ -41.870674, -22.419300599999925 ], [ -41.871061499999939, -22.419240299999952 ], [ -41.872775099999956, -22.418973699999981 ], [ -41.87454709999998, -22.418707499999972 ], [ -41.876062599999962, -22.418454799999939 ], [ -41.87866779999996, -22.418070899999979 ], [ -41.879042299999981, -22.417945199999956 ], [ -41.879147499999938, -22.417920099999947 ], [ -41.879287, -22.417874499999975 ], [ -41.87940279999998, -22.417792299999952 ], [ -41.87963909999997, -22.417680399999931 ], [ -41.879776199999981, -22.417559 ], [ -41.879778399999964, -22.417557299999935 ], [ -41.879929, -22.417437899999971 ], [ -41.880213499999968, -22.417184799999966 ], [ -41.880306499999961, -22.417098599999967 ], [ -41.880394, -22.416958199999943 ], [ -41.880631499999936, -22.416667699999941 ], [ -41.880682199999967, -22.416583699999919 ], [ -41.880892099999976, -22.416279299999932 ], [ -41.880938499999964, -22.41615419999993 ], [ -41.881039599999951, -22.416034099999937 ], [ -41.881119799999972, -22.415924199999935 ], [ -41.881208799999968, -22.415793 ], [ -41.881318499999963, -22.415600299999944 ], [ -41.881408099999923, -22.415492 ], [ -41.881503899999984, -22.415385 ], [ -41.881592499999954, -22.415274299999965 ], [ -41.881722199999956, -22.415189899999969 ], [ -41.881844399999977, -22.415072299999956 ], [ -41.882068199999935, -22.414939099999959 ], [ -41.882206099999962, -22.414862899999939 ], [ -41.882350699999968, -22.414812499999972 ], [ -41.882526599999956, -22.414763099999949 ], [ -41.882703099999958, -22.414717099999958 ], [ -41.88292389999998, -22.414665499999963 ], [ -41.883140499999975, -22.41464939999997 ], [ -41.883260299999961, -22.414639499999968 ], [ -41.883658399999952, -22.414613399999936 ], [ -41.884071399999982, -22.41459349999996 ], [ -41.88423789999996, -22.41461 ], [ -41.884412399999974, -22.414608499999936 ], [ -41.884752499999934, -22.414607699999973 ], [ -41.884892199999975, -22.414599099999979 ], [ -41.885001599999953, -22.41460479999995 ], [ -41.885140799999938, -22.414619499999954 ], [ -41.885274399999957, -22.414629599999955 ], [ -41.88541059999995, -22.414629299999923 ], [ -41.885564199999983, -22.414632099999945 ], [ -41.88580579999995, -22.414632499999978 ], [ -41.8859844, -22.414632599999948 ], [ -41.88632819999998, -22.414621199999939 ], [ -41.886671299999939, -22.414613899999953 ], [ -41.886804099999949, -22.414622799999954 ], [ -41.886991899999941, -22.414626799999947 ], [ -41.887065799999959, -22.414626799999954 ], [ -41.887464, -22.414619899999938 ], [ -41.88759449999997, -22.414600499999949 ], [ -41.88773069999997, -22.41461059999995 ], [ -41.887809, -22.414595499999947 ], [ -41.888384, -22.414497699999973 ], [ -41.889412099999959, -22.414047 ], [ -41.891161899999929, -22.413062899999943 ], [ -41.891700899999933, -22.41275979999994 ], [ -41.892878699999983, -22.412097299999964 ], [ -41.893330699999979, -22.411834799999951 ], [ -41.89385979999998, -22.411474499999944 ], [ -41.893980899999967, -22.411348899999957 ], [ -41.897391499999969, -22.407813499999968 ], [ -41.898353299999947, -22.406816399999972 ], [ -41.898729699999933, -22.406523099999955 ], [ -41.900258799999961, -22.406143499999917 ], [ -41.902463799999964, -22.405596099999968 ], [ -41.901735, -22.404103599999935 ], [ -41.901407899999988, -22.402884599999929 ], [ -41.900837399999944, -22.402199599999953 ], [ -41.8981, -22.399736899999933 ], [ -41.895546, -22.397876 ], [ -41.893837099999985, -22.397677399999967 ], [ -41.891628, -22.398268599999941 ], [ -41.892098499999975, -22.396228199999932 ], [ -41.888660099999981, -22.393096899999932 ], [ -41.887980099999943, -22.392642499999955 ], [ -41.887045599999965, -22.392263899999936 ], [ -41.886854299999989, -22.392484399999937 ], [ -41.886415599999971, -22.392189599999931 ], [ -41.885905299999934, -22.391986899999946 ], [ -41.885204299999941, -22.391852399999927 ], [ -41.884356799999985, -22.39188189999993 ], [ -41.883675, -22.391149299999928 ], [ -41.88267129999997, -22.390611599999946 ], [ -41.881069299999979, -22.390476 ], [ -41.878831299999952, -22.388959 ], [ -41.878446, -22.388248299999923 ], [ -41.878126299999963, -22.38811379999991 ], [ -41.877779099999948, -22.388078099999973 ], [ -41.877063299999968, -22.388133 ], [ -41.876234099999984, -22.387625599999954 ], [ -41.875582199999933, -22.38750419999997 ], [ -41.874270199999962, -22.387599599999916 ], [ -41.872712099999958, -22.386969599999919 ], [ -41.872098, -22.386420799999929 ], [ -41.871974, -22.385173 ], [ -41.87193769999994, -22.384645699999947 ], [ -41.871672499999931, -22.384209799999951 ], [ -41.871427699999977, -22.384066799999957 ], [ -41.8706519, -22.384179299999968 ], [ -41.869804199999976, -22.384206699999943 ], [ -41.869537399999956, -22.384113 ], [ -41.868893, -22.383475499999971 ], [ -41.868289799999957, -22.383366799999965 ], [ -41.867851199999961, -22.383195799999953 ], [ -41.867252299999969, -22.382651899999914 ], [ -41.866949, -22.382136499999955 ], [ -41.866660599999932, -22.381051 ], [ -41.866575699999942, -22.380302599999919 ], [ -41.86651389999998, -22.380084199999938 ], [ -41.866321399999947, -22.379912899999962 ], [ -41.866290499999934, -22.379754099999957 ], [ -41.867065899999943, -22.378078499999958 ], [ -41.867377399999953, -22.377960199999958 ], [ -41.867633299999966, -22.377820099999937 ], [ -41.867827, -22.377762099999917 ], [ -41.867999399999974, -22.377755099999931 ], [ -41.868141299999934, -22.37778609999998 ], [ -41.868381399999983, -22.377801799999933 ], [ -41.868655299999944, -22.377786599999968 ], [ -41.868902, -22.377809399999922 ], [ -41.869738599999948, -22.378160099999953 ], [ -41.870092599999964, -22.378259299999971 ], [ -41.870342299999947, -22.378298899999937 ], [ -41.871027, -22.378103099999979 ], [ -41.871805499999937, -22.377861399999965 ], [ -41.872040399999953, -22.37784239999996 ], [ -41.872402299999976, -22.37789 ], [ -41.872577599999943, -22.377900199999939 ], [ -41.8729, -22.377802599999924 ], [ -41.873075499999977, -22.377778699999961 ], [ -41.873208, -22.377759499999961 ], [ -41.873395799999969, -22.377736699999954 ], [ -41.873825399999937, -22.377628899999916 ], [ -41.874248899999941, -22.37764849999996 ], [ -41.874705499999948, -22.377612099999958 ], [ -41.875136299999951, -22.377534899999933 ], [ -41.876178299999935, -22.37742669999994 ], [ -41.87729529999995, -22.377278499999935 ], [ -41.877535599999931, -22.37735049999997 ], [ -41.877725599999962, -22.37741149999993 ], [ -41.877872899999943, -22.377426199999942 ], [ -41.878027599999939, -22.377380099999971 ], [ -41.878244099999968, -22.377279499999918 ], [ -41.878538399999968, -22.377157599999975 ], [ -41.878928599999945, -22.377030699999974 ], [ -41.879313199999956, -22.376942599999936 ], [ -41.880160099999962, -22.376700799999981 ], [ -41.880802799999977, -22.376473699999949 ], [ -41.881169899999975, -22.376354699999968 ], [ -41.881556099999962, -22.376215099999968 ], [ -41.881898599999936, -22.375989 ], [ -41.882096599999954, -22.375748499999915 ], [ -41.882204299999955, -22.375525799999934 ], [ -41.882244199999953, -22.375343 ], [ -41.882371399999954, -22.37507649999997 ], [ -41.88248939999994, -22.374744199999952 ], [ -41.882604, -22.374449799999972 ], [ -41.88269889999998, -22.37430009999995 ], [ -41.882781199999961, -22.374190799999937 ], [ -41.882909299999938, -22.374169899999959 ], [ -41.883122199999953, -22.374174699999966 ], [ -41.883304499999944, -22.37415 ], [ -41.883436499999959, -22.373979499999965 ], [ -41.883471, -22.373585199999972 ], [ -41.883463, -22.373368499999973 ], [ -41.883396699999928, -22.373094299999927 ], [ -41.883326, -22.372879499999943 ], [ -41.883281, -22.372686399999957 ], [ -41.883277399999947, -22.372506399999963 ], [ -41.883317899999952, -22.372289599999917 ], [ -41.883421299999959, -22.371943 ], [ -41.88348979999995, -22.371744899999953 ], [ -41.883582799999949, -22.37146539999997 ], [ -41.883667, -22.370716599999962 ], [ -41.883644199999935, -22.370378399999918 ], [ -41.883560599999953, -22.370000299999958 ], [ -41.883412399999948, -22.369582699999967 ], [ -41.883272399999953, -22.369221299999925 ], [ -41.882943299999965, -22.36869519999993 ], [ -41.882833599999969, -22.36850459999993 ], [ -41.882789199999934, -22.368293 ], [ -41.882774, -22.36800839999994 ], [ -41.882772499999923, -22.367772599999956 ], [ -41.882767199999925, -22.366991199999966 ], [ -41.882735299999979, -22.366802499999949 ], [ -41.882742499999949, -22.366645599999959 ], [ -41.88278709999998, -22.36652029999993 ], [ -41.88286329999994, -22.366408399999951 ], [ -41.882958099999939, -22.36632759999998 ], [ -41.883116799999989, -22.366174199999936 ], [ -41.883251199999968, -22.366020699999968 ], [ -41.883322, -22.365895599999924 ], [ -41.883369899999934, -22.365612299999949 ], [ -41.88352539999994, -22.364907099999968 ], [ -41.883526199999956, -22.364695299999926 ], [ -41.883443, -22.364531099999962 ], [ -41.883286399999974, -22.364395699999928 ], [ -41.883121199999948, -22.364260799999943 ], [ -41.8830028, -22.364114199999953 ], [ -41.882918199999956, -22.363956399999946 ], [ -41.882658799999945, -22.363176399999919 ], [ -41.882583699999941, -22.36280249999993 ], [ -41.882417099999941, -22.362428899999923 ], [ -41.882126899999953, -22.36204169999997 ], [ -41.881865799999957, -22.361689899999938 ], [ -41.881734799999947, -22.361191 ], [ -41.881643899999979, -22.360803099999927 ], [ -41.881462399999975, -22.360153299999972 ], [ -41.881362299999985, -22.359956299999954 ], [ -41.881259599999964, -22.35979349999997 ], [ -41.881013699999983, -22.359515799999929 ], [ -41.880757, -22.359317099999942 ], [ -41.880433699999969, -22.359221599999952 ], [ -41.879815399999984, -22.359108099999958 ], [ -41.879528599999958, -22.359021499999965 ], [ -41.879395299999942, -22.358866199999955 ], [ -41.879209, -22.358622299999972 ], [ -41.878881599999943, -22.358839499999931 ], [ -41.878857899999971, -22.358851399999924 ], [ -41.878686099999989, -22.358937299999983 ], [ -41.878481899999947, -22.359039399999958 ], [ -41.878295599999952, -22.359132499999919 ], [ -41.878204299999943, -22.359178199999956 ], [ -41.877969199999939, -22.359154 ], [ -41.877746699999932, -22.359131 ], [ -41.877539699999943, -22.35910969999998 ], [ -41.877050099999963, -22.359059299999952 ], [ -41.877027, -22.35905659999997 ], [ -41.876992399999956, -22.359053399999933 ], [ -41.875101799999982, -22.358715799999963 ], [ -41.874846199999979, -22.35867009999992 ], [ -41.873824299999967, -22.358487699999955 ], [ -41.873499199999969, -22.358429599999955 ], [ -41.873370399999942, -22.358454 ], [ -41.873195099999975, -22.358487099999941 ], [ -41.873007899999955, -22.358522599999951 ], [ -41.872839799999952, -22.358554399999942 ], [ -41.872710299999937, -22.358594699999955 ], [ -41.871962, -22.358827699999935 ], [ -41.871266899999959, -22.359044099999949 ], [ -41.87066949999997, -22.359230099999934 ], [ -41.869863399999979, -22.359481099999979 ], [ -41.869364899999944, -22.359638799999974 ], [ -41.867419099999957, -22.360254199999932 ], [ -41.866852, -22.360433599999954 ], [ -41.866343399999955, -22.36059449999993 ], [ -41.866031599999985, -22.360693099999924 ], [ -41.865881699999939, -22.360697099999975 ], [ -41.865658699999983, -22.360703099999963 ], [ -41.865400699999952, -22.360710099999938 ], [ -41.865372099999945, -22.360710899999951 ], [ -41.865247499999953, -22.360662699999967 ], [ -41.865053899999964, -22.360587899999917 ], [ -41.864439299999965, -22.360350499999981 ], [ -41.863910099999941, -22.360146 ], [ -41.863803799999978, -22.360104899999953 ], [ -41.863750199999977, -22.360089299999956 ], [ -41.863553399999937, -22.36003189999996 ], [ -41.863376, -22.359980199999939 ], [ -41.862787899999937, -22.360015799999928 ], [ -41.862773899999986, -22.360017799999977 ], [ -41.862288799999938, -22.360087099999941 ], [ -41.862263099999957, -22.36008849999995 ], [ -41.861988, -22.360103699999957 ], [ -41.861965599999962, -22.360139299999943 ], [ -41.861957799999963, -22.360151699999957 ], [ -41.861835799999938, -22.360138599999974 ], [ -41.857381099999941, -22.360624199999947 ], [ -41.8564545, -22.360541399999924 ], [ -41.852595199999946, -22.360098799999932 ], [ -41.851210099999953, -22.360098799999935 ], [ -41.848013099999946, -22.360184699999934 ], [ -41.844870299999968, -22.360264299999969 ], [ -41.842294299999935, -22.360334399999932 ], [ -41.838129299999942, -22.360324799999933 ], [ -41.837167699999945, -22.359850399999956 ], [ -41.833986699999976, -22.357147 ], [ -41.832576, -22.356245899999958 ], [ -41.831630399999945, -22.355903 ], [ -41.830820799999969, -22.355711 ], [ -41.827353899999942, -22.355423199999958 ], [ -41.8269112, -22.355329099999938 ], [ -41.825064399999981, -22.354647199999935 ], [ -41.8232058, -22.353957 ], [ -41.820676099999964, -22.354876899999958 ], [ -41.813639099999939, -22.355336799999971 ], [ -41.81338479999993, -22.355406399999925 ], [ -41.813823, -22.353817899999964 ], [ -41.814159399999937, -22.352369699999933 ], [ -41.814619299999954, -22.350473599999919 ], [ -41.814768199999946, -22.350257 ], [ -41.815953399999962, -22.348968599999974 ], [ -41.817023799999959, -22.347928 ], [ -41.817809899999936, -22.347218 ], [ -41.818260499999951, -22.346938099999928 ], [ -41.819470199999955, -22.346548699999953 ], [ -41.819308199999966, -22.346419599999926 ], [ -41.81889579999995, -22.34607649999997 ], [ -41.818690099999969, -22.345807799999928 ], [ -41.818833, -22.345328299999938 ], [ -41.819053499999939, -22.34496879999994 ], [ -41.819946699999946, -22.344174699999925 ], [ -41.820190299999986, -22.343947699999941 ], [ -41.821352899999965, -22.342951199999959 ], [ -41.821912, -22.341794199999971 ], [ -41.822067, -22.341362399999962 ], [ -41.822554199999956, -22.340842 ], [ -41.821762499999977, -22.337304599999975 ], [ -41.821568799999959, -22.33703329999997 ], [ -41.821247699999958, -22.336496299999965 ], [ -41.820566799999945, -22.336197399999953 ], [ -41.819902499999955, -22.33576 ], [ -41.819456899999977, -22.335485299999956 ], [ -41.818596, -22.335394699999934 ], [ -41.817892899999947, -22.335084599999956 ], [ -41.816918599999951, -22.33602019999995 ], [ -41.816348399999988, -22.336446499999969 ], [ -41.815944299999956, -22.337293499999916 ], [ -41.815650799999965, -22.337614599999938 ], [ -41.815296499999938, -22.33781939999994 ], [ -41.814975499999939, -22.337924599999951 ], [ -41.814587899999943, -22.33786919999994 ], [ -41.814366499999956, -22.337725299999924 ], [ -41.814062, -22.337199399999967 ], [ -41.813945799999949, -22.336579399999938 ], [ -41.813846099999978, -22.335289499999917 ], [ -41.813705, -22.335217499999928 ], [ -41.813300799999986, -22.33512619999993 ], [ -41.812920199999951, -22.335047299999925 ], [ -41.812424799999981, -22.334946199999923 ], [ -41.812019299999967, -22.334852099999978 ], [ -41.811665, -22.334773199999969 ], [ -41.811204099999941, -22.334672199999929 ], [ -41.810812399999975, -22.334585 ], [ -41.810209, -22.334449399999986 ], [ -41.809685499999944, -22.334326399999945 ], [ -41.809734699999986, -22.334229499999928 ], [ -41.809765299999988, -22.333948399999933 ], [ -41.809649299999933, -22.333340799999974 ], [ -41.809613399999932, -22.333216499999928 ], [ -41.809478099999978, -22.333061899999958 ], [ -41.80932619999993, -22.332956899999935 ], [ -41.809176399999963, -22.332911 ], [ -41.80874069999993, -22.333070099999933 ], [ -41.808519799999949, -22.333075699999917 ], [ -41.808392799999972, -22.33295969999995 ], [ -41.808365099999939, -22.332904399999947 ], [ -41.808224299999956, -22.332559199999928 ], [ -41.808243599999976, -22.332321699999966 ], [ -41.808313299999952, -22.332205099999953 ], [ -41.808398299999965, -22.332064899999978 ], [ -41.808576199999955, -22.33181129999997 ], [ -41.808829099999969, -22.331529099999958 ], [ -41.809124599999961, -22.331391099999962 ], [ -41.809207399999927, -22.331371699999973 ], [ -41.80929029999993, -22.331352399999947 ], [ -41.809674199999961, -22.33084979999995 ], [ -41.809711699999987, -22.330696499999924 ], [ -41.809843399999984, -22.330473 ], [ -41.809941299999934, -22.330306899999979 ], [ -41.810251299999948, -22.329822399999962 ], [ -41.810560599999981, -22.329659499999931 ], [ -41.81078709999997, -22.329642899999939 ], [ -41.811164299999973, -22.32928109999995 ], [ -41.811336399999966, -22.329037499999963 ], [ -41.811486799999962, -22.328793399999935 ], [ -41.811125199999935, -22.328238299999942 ], [ -41.811093199999959, -22.328189099999975 ], [ -41.810640499999984, -22.328212299999947 ], [ -41.809781699999974, -22.327864099999939 ], [ -41.808110499999941, -22.328305099999959 ], [ -41.807251699999938, -22.328003399999936 ], [ -41.806485699999939, -22.32772479999992 ], [ -41.805696499999954, -22.327980199999956 ], [ -41.80486089999993, -22.328003399999933 ], [ -41.803700299999939, -22.327608799999947 ], [ -41.802887899999966, -22.326912399999962 ], [ -41.801750599999934, -22.3261 ], [ -41.801147099999987, -22.325125199999938 ], [ -41.801031, -22.324266299999973 ], [ -41.800897499999969, -22.323429299999926 ], [ -41.800226299999963, -22.322959499999961 ], [ -41.799034899999981, -22.322804 ], [ -41.798408099999961, -22.322409399999959 ], [ -41.797967099999937, -22.321388099999975 ], [ -41.797270799999986, -22.320668599999973 ], [ -41.796356499999952, -22.320853899999964 ], [ -41.795824699999969, -22.321389099999958 ], [ -41.795413899999971, -22.321991599999915 ], [ -41.795344199999938, -22.322618299999917 ], [ -41.794926399999959, -22.322780799999965 ], [ -41.794160499999968, -22.322363 ], [ -41.793626599999982, -22.322479099999953 ], [ -41.793116, -22.323198599999955 ], [ -41.79287549999998, -22.323526599999976 ], [ -41.791631, -22.324035899999952 ], [ -41.790075299999963, -22.324312799999966 ], [ -41.789171499999952, -22.324556099999935 ], [ -41.784233899999947, -22.329937499999964 ], [ -41.783925899999986, -22.332227699999972 ], [ -41.784146499999963, -22.332789 ], [ -41.784799699999958, -22.334451 ], [ -41.784370199999955, -22.334479199999972 ], [ -41.783737399999957, -22.333031599999956 ], [ -41.783731899999964, -22.333019 ], [ -41.782870099999982, -22.332468399999982 ], [ -41.78126629999997, -22.332029599999931 ], [ -41.781086, -22.331502499999935 ], [ -41.780851399999968, -22.330816699999957 ], [ -41.780047799999984, -22.329821399999954 ], [ -41.77697679999995, -22.326046699999942 ], [ -41.775800599999968, -22.324600899999947 ], [ -41.771776399999972, -22.319401499999959 ], [ -41.77112359999996, -22.31859639999993 ], [ -41.769589799999949, -22.315919099999974 ], [ -41.767757499999959, -22.312844 ], [ -41.767637599999951, -22.312439299999927 ], [ -41.767435599999949, -22.312026799999941 ], [ -41.767160599999961, -22.310377199999948 ], [ -41.767138099999947, -22.309672699999968 ], [ -41.767272199999979, -22.309217 ], [ -41.767247499999939, -22.308934199999953 ], [ -41.766962, -22.30867609999996 ], [ -41.766855199999952, -22.307576899999951 ], [ -41.76672039999994, -22.306940299999944 ], [ -41.76646709999995, -22.306262799999949 ], [ -41.766445499999975, -22.306227699999965 ], [ -41.766429199999948, -22.306175 ], [ -41.766380099999928, -22.305944299999961 ], [ -41.765224399999958, -22.304480599999973 ], [ -41.762166899999954, -22.300399099999936 ], [ -41.759992899999929, -22.297566 ], [ -41.756425899999961, -22.289958899999917 ], [ -41.756272199999962, -22.290112399999945 ], [ -41.750561499999947, -22.295815 ], [ -41.744697099999946, -22.301671199999927 ], [ -41.736130799999962, -22.312734899999949 ], [ -41.733206499999937, -22.305652699999939 ], [ -41.732508199999977, -22.303961399999928 ], [ -41.732338799999987, -22.303536899999976 ], [ -41.729431199999965, -22.296248599999966 ], [ -41.731037599999979, -22.293910699999966 ], [ -41.731353499999962, -22.292911 ], [ -41.731437199999959, -22.292168599999961 ], [ -41.733322699999974, -22.289508299999969 ], [ -41.73026509999994, -22.286627899999928 ], [ -41.729568799999974, -22.285973599999981 ], [ -41.730366499999953, -22.285249699999945 ], [ -41.730422, -22.284879899999968 ], [ -41.730302, -22.284701 ], [ -41.729552099999985, -22.283962299999931 ], [ -41.729538499999933, -22.283150199999969 ], [ -41.729665599999976, -22.282951599999933 ], [ -41.729897199999982, -22.282806299999947 ], [ -41.731806499999948, -22.282771699999955 ], [ -41.732203499999969, -22.282616599999979 ], [ -41.732618299999956, -22.282201399999956 ], [ -41.732607199999954, -22.28207279999998 ], [ -41.73082549999998, -22.279435599999946 ], [ -41.730360799999978, -22.278731099999952 ], [ -41.730236099999949, -22.278642599999959 ], [ -41.73001469999997, -22.278610699999948 ], [ -41.729522399999944, -22.278656399999935 ], [ -41.729393699999946, -22.278612199999927 ], [ -41.728075399999973, -22.27697609999996 ], [ -41.727554, -22.276805299999975 ], [ -41.727283299999947, -22.276610499999947 ], [ -41.727237499999944, -22.276351299999927 ], [ -41.72731159999995, -22.276077 ], [ -41.727402799999936, -22.275693099999962 ], [ -41.727641799999958, -22.275497899999952 ], [ -41.727776899999981, -22.275232699999954 ], [ -41.727799, -22.274970099999962 ], [ -41.727729199999942, -22.274765299999956 ], [ -41.726533099999983, -22.27291009999993 ], [ -41.723700299999969, -22.273805 ], [ -41.722636299999984, -22.274270099999978 ], [ -41.722143, -22.274791599999944 ], [ -41.721762499999954, -22.275263699999982 ], [ -41.71989649999994, -22.278167399999969 ], [ -41.713521799999974, -22.28813869999993 ], [ -41.713170899999966, -22.28898549999996 ], [ -41.713136399999939, -22.289838899999953 ], [ -41.713281799999955, -22.290620099999959 ], [ -41.713736799999936, -22.291620699999946 ], [ -41.714607199999939, -22.292957599999966 ], [ -41.71338609999998, -22.291904399999964 ], [ -41.711940399999946, -22.290463399999972 ], [ -41.711080099999947, -22.289705799999979 ], [ -41.709886199999964, -22.288608499999956 ], [ -41.708740399999961, -22.287160799999985 ], [ -41.706026899999983, -22.284352799999976 ], [ -41.704430099999975, -22.282679599999945 ], [ -41.70417, -22.282537699999981 ], [ -41.703837199999953, -22.282286699999933 ], [ -41.703668099999959, -22.282208499999964 ], [ -41.702322199999969, -22.281795699999975 ], [ -41.701352799999931, -22.281335499999955 ], [ -41.700425299999957, -22.280944499999965 ], [ -41.70022959999995, -22.280845199999931 ], [ -41.700161799999933, -22.28089469999998 ], [ -41.699981199999968, -22.281103699999964 ], [ -41.699634299999957, -22.281034199999972 ], [ -41.699236899999967, -22.2810181 ], [ -41.699025699999936, -22.281323499999939 ], [ -41.699057899999957, -22.281683899999955 ], [ -41.699053199999987, -22.281734499999963 ], [ -41.698993399999949, -22.281919499999965 ], [ -41.698601799999949, -22.28193449999997 ], [ -41.698492399999971, -22.281887599999941 ], [ -41.698111899999965, -22.281781099999929 ], [ -41.697940899999942, -22.281878899999985 ], [ -41.697990799999957, -22.281939799999975 ], [ -41.698201, -22.282253199999953 ], [ -41.698354599999959, -22.282598899999986 ], [ -41.698491, -22.282941699999974 ], [ -41.698560899999961, -22.283304499999936 ], [ -41.698548899999935, -22.283670499999985 ], [ -41.698371299999963, -22.283992 ], [ -41.698345199999956, -22.284006299999927 ], [ -41.698321599999986, -22.28401909999997 ], [ -41.698254399999946, -22.284055399999943 ], [ -41.697870499999972, -22.284074699999966 ], [ -41.69829859999993, -22.284647799999956 ], [ -41.698995, -22.286067499999941 ], [ -41.707625299999968, -22.292110199999964 ], [ -41.704767199999942, -22.294995199999953 ], [ -41.704084099999932, -22.295721599999965 ], [ -41.703774199999941, -22.295963699999959 ], [ -41.700637899999954, -22.299098099999973 ], [ -41.695663499999959, -22.304251699999956 ], [ -41.69560689999998, -22.304310399999963 ], [ -41.695613499999972, -22.304317299999973 ], [ -41.69569359999997, -22.304357299999928 ], [ -41.695834199999979, -22.30441619999992 ], [ -41.695857599999961, -22.304426 ], [ -41.695870299999974, -22.304451 ], [ -41.695918699999943, -22.304546099999982 ], [ -41.696000499999968, -22.304576399999974 ], [ -41.696094099999989, -22.304611 ], [ -41.696342099999981, -22.304841799999966 ], [ -41.696391699999936, -22.304876099999941 ], [ -41.696452699999945, -22.304931399999937 ], [ -41.696529, -22.305009599999941 ], [ -41.696677799999975, -22.305076399999962 ], [ -41.696769299999971, -22.305135499999938 ], [ -41.696872299999939, -22.305238499999973 ], [ -41.697002, -22.305352899999953 ], [ -41.697135499999945, -22.305461699999967 ], [ -41.697221199999937, -22.305498699999941 ], [ -41.697333899999933, -22.305547499999928 ], [ -41.697414, -22.30564859999993 ], [ -41.697574199999963, -22.305738199999947 ], [ -41.69762, -22.305764899999932 ], [ -41.697780199999961, -22.305856499999933 ], [ -41.697955699999966, -22.305909899999968 ], [ -41.69808919999997, -22.305988099999986 ], [ -41.698165499999959, -22.306083499999946 ], [ -41.698375299999952, -22.306182599999939 ], [ -41.698482099999978, -22.306243699999968 ], [ -41.698600399999975, -22.30630849999994 ], [ -41.698791099999944, -22.306403899999957 ], [ -41.698974199999952, -22.306546899999937 ], [ -41.699004399999978, -22.306614799999981 ], [ -41.69902, -22.306649899999968 ], [ -41.69910009999996, -22.30670339999994 ], [ -41.699206899999986, -22.306785399999967 ], [ -41.699283199999975, -22.306836899999958 ], [ -41.699321399999967, -22.306896 ], [ -41.699405299999974, -22.30692839999994 ], [ -41.699538799999978, -22.306978 ], [ -41.699672299999982, -22.30705619999998 ], [ -41.699741, -22.307159199999948 ], [ -41.699805799999979, -22.307205 ], [ -41.699901199999942, -22.307256499999944 ], [ -41.70002709999995, -22.307287 ], [ -41.700130599999966, -22.307345899999973 ], [ -41.700359, -22.307475799999967 ], [ -41.700404699999979, -22.307491099999936 ], [ -41.700519199999974, -22.307561699999948 ], [ -41.700770899999952, -22.307714199999968 ], [ -41.700816699999969, -22.307807699999959 ], [ -41.700866299999966, -22.307870599999944 ], [ -41.700946399999971, -22.307939299999934 ], [ -41.701057, -22.308013699999947 ], [ -41.701129499999986, -22.308103299999978 ], [ -41.701263, -22.30820059999996 ], [ -41.701335499999971, -22.308273099999948 ], [ -41.701408, -22.308368499999968 ], [ -41.701545299999964, -22.308446699999937 ], [ -41.701697899999942, -22.308538199999926 ], [ -41.7017628, -22.308597299999967 ], [ -41.70181239999993, -22.308627899999973 ], [ -41.701900099999939, -22.308683199999951 ], [ -41.701991599999985, -22.308736599999982 ], [ -41.702075599999937, -22.308811 ], [ -41.702144199999964, -22.308885399999944 ], [ -41.702197599999984, -22.308961699999944 ], [ -41.702228899999966, -22.308980099999928 ], [ -41.702281599999935, -22.309011199999922 ], [ -41.702460899999949, -22.309099 ], [ -41.70256, -22.309161899999935 ], [ -41.702659199999978, -22.309223 ], [ -41.702712599999984, -22.30926489999996 ], [ -41.702804199999953, -22.309352699999963 ], [ -41.702891899999948, -22.309419399999967 ], [ -41.7029644, -22.309499499999948 ], [ -41.703063599999957, -22.309543399999932 ], [ -41.703170399999976, -22.309654 ], [ -41.703258099999978, -22.309690299999954 ], [ -41.70338019999997, -22.309751299999963 ], [ -41.70349079999994, -22.309839 ], [ -41.703612899999932, -22.309985899999955 ], [ -41.70370829999996, -22.310043099999977 ], [ -41.703818899999924, -22.310106099999928 ], [ -41.703858599999926, -22.310133 ], [ -41.703925699999957, -22.310178499999942 ], [ -41.704017299999975, -22.310237699999956 ], [ -41.704101199999968, -22.31030249999997 ], [ -41.704177499999965, -22.310376899999934 ], [ -41.704269, -22.310430299999947 ], [ -41.704417799999938, -22.310556199999937 ], [ -41.704497899999978, -22.31061909999994 ], [ -41.70458949999994, -22.310684 ], [ -41.704703899999963, -22.310760299999963 ], [ -41.704837399999974, -22.310855599999964 ], [ -41.70497469999998, -22.31093959999998 ], [ -41.70508539999998, -22.311052099999923 ], [ -41.705238, -22.311168499999951 ], [ -41.705371499999956, -22.31126949999998 ], [ -41.705457799999976, -22.311321799999973 ], [ -41.705516399999965, -22.311357299999948 ], [ -41.705600299999958, -22.311385899999959 ], [ -41.705672799999945, -22.311401099999966 ], [ -41.705779599999971, -22.311488899999965 ], [ -41.705836899999952, -22.311528899999924 ], [ -41.706000899999935, -22.311611 ], [ -41.706081, -22.311700599999934 ], [ -41.706172599999945, -22.311778799999946 ], [ -41.706290799999984, -22.311822699999937 ], [ -41.706359499999962, -22.311900899999959 ], [ -41.706504399999972, -22.31196 ], [ -41.706607399999939, -22.312036299999924 ], [ -41.706691399999947, -22.312150699999957 ], [ -41.706802, -22.312261399999954 ], [ -41.706973599999969, -22.312408199999929 ], [ -41.707019399999972, -22.312442599999937 ], [ -41.707126, -22.312495899999924 ], [ -41.707145299999979, -22.312505499999922 ], [ -41.7072788, -22.312599 ], [ -41.70742, -22.312684799999943 ], [ -41.707542, -22.31280879999996 ], [ -41.707641199999955, -22.312896499999972 ], [ -41.707751799999983, -22.313009 ], [ -41.707881499999985, -22.313062499999933 ], [ -41.708037899999965, -22.313150199999932 ], [ -41.708209599999975, -22.313236 ], [ -41.708308799999941, -22.313375299999961 ], [ -41.708346899999981, -22.313459199999965 ], [ -41.708602499999976, -22.313600299999958 ], [ -41.70867259999995, -22.313665799999956 ], [ -41.708720799999973, -22.313710899999936 ], [ -41.70882759999995, -22.313808199999983 ], [ -41.708831399999951, -22.313808199999983 ], [ -41.708984, -22.313918799999943 ], [ -41.709136599999965, -22.314025699999949 ], [ -41.70930819999996, -22.314126799999944 ], [ -41.709376899999945, -22.31418589999992 ], [ -41.70960579999997, -22.314407099999979 ], [ -41.709804099999985, -22.3145464 ], [ -41.710086399999973, -22.314796199999936 ], [ -41.710105499999933, -22.314798099999948 ], [ -41.710292399999958, -22.314941199999971 ], [ -41.710302799999972, -22.314948499999954 ], [ -41.710502199999958, -22.315088099999958 ], [ -41.710586199999973, -22.315202499999941 ], [ -41.710712, -22.315261599999928 ], [ -41.710887499999963, -22.315381799999951 ], [ -41.71095239999994, -22.315473299999951 ], [ -41.711246099999975, -22.315711799999971 ], [ -41.711265199999957, -22.315723199999983 ], [ -41.711318599999977, -22.315734599999921 ], [ -41.711425399999946, -22.315835699999976 ], [ -41.711513099999934, -22.315908199999967 ], [ -41.711639, -22.316009299999962 ], [ -41.711755299999936, -22.316124 ], [ -41.71177629999994, -22.316144699999935 ], [ -41.711879299999964, -22.316203899999955 ], [ -41.711936599999945, -22.316217199999983 ], [ -41.71203189999995, -22.316289699999956 ], [ -41.712062399999979, -22.316333599999943 ], [ -41.71218829999998, -22.316369799999958 ], [ -41.712272299999945, -22.316444199999971 ], [ -41.712293099999954, -22.316463899999974 ], [ -41.71234469999996, -22.316512799999945 ], [ -41.712371399999938, -22.316596799999949 ], [ -41.712485899999933, -22.316600599999958 ], [ -41.712596499999961, -22.316642499999947 ], [ -41.712623199999939, -22.316724599999919 ], [ -41.712752899999941, -22.316875199999963 ], [ -41.712810099999949, -22.316924799999978 ], [ -41.713039, -22.317117499999949 ], [ -41.713168699999976, -22.317235699999969 ], [ -41.713309899999963, -22.317371199999965 ], [ -41.713534899999956, -22.317542799999959 ], [ -41.71359979999994, -22.317588599999951 ], [ -41.713615, -22.31759239999996 ], [ -41.713687499999935, -22.317657299999961 ], [ -41.713798099999963, -22.317685899999962 ], [ -41.713885899999987, -22.317756399999961 ], [ -41.714095699999973, -22.317922399999919 ], [ -41.714198699999947, -22.317994899999967 ], [ -41.714217299999973, -22.318008199999944 ], [ -41.71431309999997, -22.31807689999993 ], [ -41.714358899999979, -22.318204699999963 ], [ -41.714442799999979, -22.318256199999947 ], [ -41.714557299999974, -22.318353399999971 ], [ -41.714687, -22.318429699999975 ], [ -41.714805199999951, -22.318511699999927 ], [ -41.715015, -22.31871389999997 ], [ -41.715236299999958, -22.318921799999941 ], [ -41.715510899999977, -22.319179299999973 ], [ -41.715610099999935, -22.319265099999942 ], [ -41.715823699999937, -22.319394799999937 ], [ -41.716071699999929, -22.319675199999939 ], [ -41.716083099999942, -22.319682899999972 ], [ -41.716285299999988, -22.319835399999917 ], [ -41.71640739999998, -22.319955599999947 ], [ -41.716495099999982, -22.319991799999976 ], [ -41.716605799999975, -22.32008529999996 ], [ -41.716708699999977, -22.32020929999992 ], [ -41.716857499999954, -22.320342799999928 ], [ -41.717015099999969, -22.320475499999922 ], [ -41.717119099999927, -22.320563099999958 ], [ -41.717147399999931, -22.320586899999967 ], [ -41.717209899999943, -22.320655099999957 ], [ -41.717399199999932, -22.320861599999937 ], [ -41.717506, -22.320976 ], [ -41.717677699999967, -22.321119099999983 ], [ -41.71780739999997, -22.321264099999958 ], [ -41.718070599999983, -22.321531099999948 ], [ -41.718097299999961, -22.321546299999966 ], [ -41.7183262, -22.321742799999985 ], [ -41.718357899999944, -22.321765199999962 ], [ -41.718646599999936, -22.321969799999973 ], [ -41.718726699999934, -22.322059399999947 ], [ -41.718761099999945, -22.322074699999977 ], [ -41.718867899999964, -22.322151 ], [ -41.719165399999959, -22.322398899999936 ], [ -41.719478199999969, -22.322620199999957 ], [ -41.719546899999955, -22.322711699999953 ], [ -41.719833, -22.322959699999963 ], [ -41.719978799999978, -22.323068499999973 ], [ -41.720065699999971, -22.323133299999949 ], [ -41.720228499999969, -22.32329 ], [ -41.720370899999978, -22.323427 ], [ -41.720494399999957, -22.323614099999926 ], [ -41.72050059999998, -22.32362339999997 ], [ -41.720580699999971, -22.323718799999941 ], [ -41.720721799999978, -22.323863799999973 ], [ -41.720843899999984, -22.323976299999963 ], [ -41.720931599999965, -22.324083099999946 ], [ -41.721204499999942, -22.324253199999927 ], [ -41.721255899999967, -22.324285299999932 ], [ -41.72155719999995, -22.324525599999955 ], [ -41.721725099999965, -22.324672499999952 ], [ -41.722018799999944, -22.324922299999969 ], [ -41.722076, -22.324991 ], [ -41.722308699999978, -22.325183699999965 ], [ -41.722583399999962, -22.32544879999995 ], [ -41.722633, -22.325477399999951 ], [ -41.722953399999938, -22.32569669999998 ], [ -41.723247099999988, -22.325933199999941 ], [ -41.723498899999981, -22.326215499999936 ], [ -41.723724299999965, -22.326364699999942 ], [ -41.723758299999929, -22.326387199999935 ], [ -41.723811699999942, -22.326446299999926 ], [ -41.724170299999969, -22.326833499999967 ], [ -41.724322899999947, -22.327003299999948 ], [ -41.724586099999961, -22.3272684 ], [ -41.724868199999946, -22.327532099999924 ], [ -41.724937, -22.327596399999948 ], [ -41.725150699999979, -22.327901599999961 ], [ -41.725421499999975, -22.328166699999944 ], [ -41.725711399999966, -22.32841279999996 ], [ -41.725768699999939, -22.328485299999951 ], [ -41.726085299999966, -22.328706499999946 ], [ -41.72637519999995, -22.328944899999964 ], [ -41.726449399999986, -22.328994799999979 ], [ -41.726695599999971, -22.32916049999994 ], [ -41.726955, -22.329429399999967 ], [ -41.727260199999932, -22.329660199999974 ], [ -41.727550099999981, -22.329900499999944 ], [ -41.727790399999947, -22.330175199999921 ], [ -41.728103199999971, -22.330390699999953 ], [ -41.728389399999969, -22.330640599999985 ], [ -41.728549599999951, -22.330758799999948 ], [ -41.728820399999954, -22.331020099999915 ], [ -41.729118, -22.33125089999993 ], [ -41.729423099999963, -22.331477899999985 ], [ -41.729476499999976, -22.33149509999993 ], [ -41.729785499999934, -22.331718199999955 ], [ -41.72995339999995, -22.331874599999932 ], [ -41.730289099999929, -22.332073 ], [ -41.730605699999963, -22.332286599999961 ], [ -41.730746799999963, -22.33238769999997 ], [ -41.731067299999943, -22.332616599999941 ], [ -41.731364799999945, -22.332855 ], [ -41.731624199999942, -22.333078199999914 ], [ -41.731933199999965, -22.333305099999961 ], [ -41.732059099999958, -22.333425299999941 ], [ -41.732276499999955, -22.333583599999933 ], [ -41.732570299999971, -22.333833499999972 ], [ -41.732803, -22.333988 ], [ -41.733085199999955, -22.334157699999938 ], [ -41.733353199999954, -22.334354299999969 ], [ -41.733379, -22.334373299999989 ], [ -41.733668899999941, -22.334630799999964 ], [ -41.734008399999937, -22.33483479999995 ], [ -41.734305899999981, -22.335075199999949 ], [ -41.734641599999982, -22.335262099999959 ], [ -41.734851399999968, -22.335407 ], [ -41.7348861, -22.335431 ], [ -41.735080299999936, -22.335565299999924 ], [ -41.735332099999937, -22.335788499999985 ], [ -41.735362599999981, -22.335820899999931 ], [ -41.735625799999987, -22.33609179999997 ], [ -41.7358814, -22.33632259999996 ], [ -41.735961499999981, -22.336391199999973 ], [ -41.736270499999939, -22.336612499999941 ], [ -41.736377299999965, -22.336686899999957 ], [ -41.736693899999977, -22.33689859999993 ], [ -41.737010599999962, -22.337121699999958 ], [ -41.73722419999995, -22.337268599999955 ], [ -41.737445399999963, -22.337430699999967 ], [ -41.737624699999976, -22.337581399999983 ], [ -41.737907, -22.337854199999981 ], [ -41.738196899999942, -22.338109799999934 ], [ -41.73847539999997, -22.338365299999964 ], [ -41.738750099999955, -22.338628599999932 ], [ -41.739020899999957, -22.338895599999937 ], [ -41.739238399999977, -22.339067199999931 ], [ -41.73956259999995, -22.33927709999994 ], [ -41.739883, -22.339481099999951 ], [ -41.7402264, -22.339662299999929 ], [ -41.740539199999951, -22.339883599999951 ], [ -41.74055819999996, -22.33989309999993 ], [ -41.740897699999948, -22.340068599999935 ], [ -41.74122959999994, -22.34025929999995 ], [ -41.741569099999936, -22.340461499999954 ], [ -41.741916299999964, -22.340637 ], [ -41.74224049999998, -22.340848699999988 ], [ -41.742587699999945, -22.341037499999977 ], [ -41.742919499999964, -22.341237799999931 ], [ -41.74324, -22.341445699999955 ], [ -41.7435718, -22.341642199999967 ], [ -41.74363759999995, -22.341675 ], [ -41.743663399999946, -22.341687899999943 ], [ -41.743987599999969, -22.341892 ], [ -41.74435, -22.342056099999979 ], [ -41.744685699999934, -22.342202899999954 ], [ -41.745048099999956, -22.342359299999934 ], [ -41.745402899999938, -22.342515699999979 ], [ -41.745761499999965, -22.342687399999935 ], [ -41.746101, -22.342864799999976 ], [ -41.746451899999947, -22.343034499999934 ], [ -41.746825799999947, -22.343150899999959 ], [ -41.747188199999982, -22.343290099999937 ], [ -41.747539099999976, -22.343454099999974 ], [ -41.747893899999958, -22.343616299999937 ], [ -41.747973499999937, -22.343655699999935 ], [ -41.748241, -22.343787899999931 ], [ -41.748513399999979, -22.343903599999976 ], [ -41.748595799999983, -22.343938599999934 ], [ -41.748950599999944, -22.344102599999918 ], [ -41.749301499999952, -22.344264799999944 ], [ -41.749671499999984, -22.344417399999926 ], [ -41.749850799999933, -22.344499399999954 ], [ -41.750022499999943, -22.344585199999969 ], [ -41.750541299999959, -22.344852199999931 ], [ -41.7509075, -22.345031499999948 ], [ -41.751266099999953, -22.345193599999956 ], [ -41.751620899999978, -22.345350099999948 ], [ -41.751902799999982, -22.345484799999948 ], [ -41.751968, -22.345516 ], [ -41.752307499999972, -22.345699099999926 ], [ -41.752647, -22.345887899999969 ], [ -41.753001799999943, -22.346055799999927 ], [ -41.753360399999963, -22.346204499999939 ], [ -41.753707499999962, -22.346397199999949 ], [ -41.7540585, -22.346551699999949 ], [ -41.754413199999938, -22.346732899999946 ], [ -41.754608199999957, -22.346841299999934 ], [ -41.75470739999998, -22.34689649999995 ], [ -41.754752699999983, -22.346921699999932 ], [ -41.75508839999997, -22.347108599999945 ], [ -41.755408899999964, -22.347310799999939 ], [ -41.755767399999968, -22.347486299999943 ], [ -41.756118399999934, -22.347680799999974 ], [ -41.756469299999928, -22.347854399999949 ], [ -41.756827899999976, -22.348003199999923 ], [ -41.757159799999954, -22.348199599999926 ], [ -41.757472599999979, -22.348422799999984 ], [ -41.757731699999965, -22.348579399999938 ], [ -41.757800699999962, -22.348621199999968 ], [ -41.758144, -22.348838599999961 ], [ -41.758296599999944, -22.348947299999956 ], [ -41.758632299999938, -22.349149499999939 ], [ -41.758960299999949, -22.349361199999979 ], [ -41.759292199999948, -22.349578599999965 ], [ -41.759597399999961, -22.349801799999955 ], [ -41.759914, -22.350028799999965 ], [ -41.760203899999965, -22.350276699999917 ], [ -41.760501499999982, -22.350515199999954 ], [ -41.760538099999962, -22.350536099999939 ], [ -41.760848599999967, -22.35071349999992 ], [ -41.761161399999935, -22.350944299999981 ], [ -41.761470399999958, -22.351177 ], [ -41.761802299999943, -22.351390599999931 ], [ -41.762096, -22.351629 ], [ -41.762254299999938, -22.351771499999931 ], [ -41.762382099999975, -22.35188649999996 ], [ -41.762591899999968, -22.352050599999927 ], [ -41.762897099999975, -22.352321399999934 ], [ -41.763202299999939, -22.352563599999932 ], [ -41.763507499999953, -22.352794399999919 ], [ -41.763812599999945, -22.353030899999954 ], [ -41.764110199999948, -22.353269399999927 ], [ -41.76439629999993, -22.353517299999961 ], [ -41.764678599999968, -22.35378629999996 ], [ -41.764941799999981, -22.354053299999968 ], [ -41.765227899999964, -22.354312699999962 ], [ -41.765506399999936, -22.35458159999995 ], [ -41.765777199999945, -22.354884899999931 ], [ -41.766025199999945, -22.355176699999951 ], [ -41.766269299999983, -22.355459 ], [ -41.766344499999946, -22.355532599999947 ], [ -41.766536299999984, -22.355720299999973 ], [ -41.766811, -22.35600449999998 ], [ -41.767070399999966, -22.356292499999928 ], [ -41.767236399999945, -22.356484899999934 ], [ -41.767322199999967, -22.356584299999945 ], [ -41.767417499999965, -22.356759799999949 ], [ -41.767566299999949, -22.356975299999934 ], [ -41.76763109999996, -22.357030699999932 ], [ -41.767665499999964, -22.357057399999974 ], [ -41.767760799999962, -22.357127899999966 ], [ -41.76786, -22.357301499999949 ], [ -41.767924899999961, -22.357389199999936 ], [ -41.768128399999959, -22.357566499999965 ], [ -41.76816139999994, -22.357595199999921 ], [ -41.768470399999956, -22.357816499999942 ], [ -41.768764099999942, -22.358081599999938 ], [ -41.769035, -22.358362 ], [ -41.769294299999956, -22.358638499999923 ], [ -41.76958429999997, -22.358901799999945 ], [ -41.769866599999951, -22.359161199999949 ], [ -41.770137399999953, -22.359432 ], [ -41.770365099999935, -22.359658099999933 ], [ -41.770404399999968, -22.359697099999941 ], [ -41.770429299999925, -22.359725699999952 ], [ -41.770641, -22.359969099999937 ], [ -41.77066, -22.35999089999995 ], [ -41.770871899999975, -22.360251499999944 ], [ -41.770900299999944, -22.360286499999962 ], [ -41.771148299999936, -22.360574499999924 ], [ -41.771361499999962, -22.360852699999953 ], [ -41.771373399999959, -22.36086819999997 ], [ -41.771609899999937, -22.361182899999946 ], [ -41.771819699999988, -22.361505299999973 ], [ -41.772044699999988, -22.36182 ], [ -41.772277399999957, -22.362129 ], [ -41.772494899999977, -22.362443699999957 ], [ -41.772708499999958, -22.36275269999992 ], [ -41.772887799999985, -22.363071199999975 ], [ -41.77309379999997, -22.363395499999957 ], [ -41.773296, -22.363727399999966 ], [ -41.773316099999931, -22.363759799999958 ], [ -41.7734981, -22.364053499999947 ], [ -41.773650699999962, -22.364406399999943 ], [ -41.773804899999959, -22.36473809999994 ], [ -41.773814799999975, -22.36475919999998 ], [ -41.773959699999985, -22.365098699999979 ], [ -41.774093199999982, -22.36547069999995 ], [ -41.774211499999979, -22.365819699999971 ], [ -41.774325899999958, -22.366187799999974 ], [ -41.774356499999953, -22.366281299999958 ], [ -41.774409899999966, -22.366647499999928 ], [ -41.774509, -22.367008 ], [ -41.774581499999961, -22.367364699999928 ], [ -41.774585299999963, -22.367387599999962 ], [ -41.77465019999994, -22.36774419999994 ], [ -41.774722699999984, -22.368102799999964 ], [ -41.774814199999987, -22.368482399999944 ], [ -41.774871399999938, -22.368846699999938 ], [ -41.774955399999953, -22.369228099999919 ], [ -41.77500109999994, -22.369598199999917 ], [ -41.775020199999972, -22.36996059999996 ], [ -41.775020199999972, -22.370050199999977 ], [ -41.775039299999946, -22.37043169999998 ], [ -41.774997299999939, -22.370614799999935 ], [ -41.774947699999984, -22.370792199999986 ], [ -41.774886699999968, -22.370893299999963 ], [ -41.774867599999943, -22.37092 ], [ -41.774863799999935, -22.370961899999934 ], [ -41.77489809999998, -22.371036299999947 ], [ -41.7749439, -22.371211799999958 ], [ -41.774989699999935, -22.371391099999972 ], [ -41.775016399999977, -22.371576099999963 ], [ -41.775081199999931, -22.371749699999942 ], [ -41.775138499999976, -22.371927 ], [ -41.775188099999987, -22.372123499999915 ], [ -41.775210899999941, -22.37232 ], [ -41.775210899999934, -22.372508799999927 ], [ -41.77520329999993, -22.372697599999974 ], [ -41.775195699999983, -22.372884499999927 ], [ -41.775165199999947, -22.373071499999966 ], [ -41.775096499999968, -22.373149699999939 ], [ -41.775043099999948, -22.373208799999922 ], [ -41.775008799999974, -22.373273599999933 ], [ -41.774940099999988, -22.373452899999947 ], [ -41.774924799999944, -22.373637899999938 ], [ -41.775012599999968, -22.373803899999917 ], [ -41.775161399999945, -22.37391829999995 ], [ -41.775218599999967, -22.373935499999952 ], [ -41.775268199999978, -22.373918299999943 ], [ -41.775325399999986, -22.373887799999984 ], [ -41.775405499999977, -22.373815299999915 ], [ -41.77550089999994, -22.373647499999951 ], [ -41.775558099999955, -22.373546399999952 ], [ -41.77556949999996, -22.373479599999936 ], [ -41.775622899999966, -22.373296499999981 ], [ -41.775622899999973, -22.373283199999943 ], [ -41.775718299999937, -22.373105799999951 ], [ -41.775794599999983, -22.372934099999945 ], [ -41.775836599999934, -22.372880699999929 ], [ -41.775867099999971, -22.372819699999969 ], [ -41.775886099999987, -22.372628899999938 ], [ -41.77589, -22.372447799999968 ], [ -41.775928099999938, -22.372268499999947 ], [ -41.775966299999929, -22.372073899999968 ], [ -41.776012, -22.371894599999958 ], [ -41.776034899999956, -22.371705799999969 ], [ -41.776012, -22.371518899999955 ], [ -41.776000599999982, -22.371326199999935 ], [ -41.775962399999969, -22.371139299999975 ], [ -41.775970099999938, -22.370944799999958 ], [ -41.775970099999931, -22.370748299999935 ], [ -41.775977699999942, -22.370555699999947 ], [ -41.775989099999947, -22.370370599999941 ], [ -41.775985299999945, -22.370187499999922 ], [ -41.776363, -22.370172299999975 ], [ -41.776805499999973, -22.370340099999957 ], [ -41.777087799999947, -22.370696799999955 ], [ -41.777095399999951, -22.371152699999985 ], [ -41.777084, -22.371339599999935 ], [ -41.777087799999947, -22.371532199999923 ], [ -41.777095399999951, -22.371715299999956 ], [ -41.777137399999958, -22.371898399999953 ], [ -41.777137399999965, -22.372094899999965 ], [ -41.777106899999971, -22.372279899999956 ], [ -41.777064899999971, -22.372463 ], [ -41.777030599999932, -22.37264609999994 ], [ -41.776954299999943, -22.372827299999976 ], [ -41.776889399999959, -22.373004699999971 ], [ -41.776786399999935, -22.373170599999966 ], [ -41.776694899999953, -22.373355599999961 ], [ -41.77659569999998, -22.373533 ], [ -41.776515599999989, -22.373697099999955 ], [ -41.776412599999958, -22.373853499999942 ], [ -41.776313399999935, -22.374011799999938 ], [ -41.7762628, -22.374094199999941 ], [ -41.776210399999975, -22.37417959999993 ], [ -41.776099799999947, -22.374341699999942 ], [ -41.775958599999967, -22.374477199999944 ], [ -41.775813699999958, -22.374618299999941 ], [ -41.775645799999957, -22.374744199999938 ], [ -41.77560909999994, -22.374762099999945 ], [ -41.775466499999936, -22.374831899999933 ], [ -41.775279599999976, -22.374915899999955 ], [ -41.775092699999966, -22.374973099999973 ], [ -41.775066899999956, -22.37498279999993 ], [ -41.77500109999994, -22.375007399999944 ], [ -41.774905799999949, -22.375043699999928 ], [ -41.774711199999963, -22.375093199999963 ], [ -41.774528099999948, -22.37516759999993 ], [ -41.77440219999994, -22.375222899999979 ], [ -41.7743488, -22.375224799999948 ], [ -41.774295399999971, -22.375209599999945 ], [ -41.774249599999969, -22.375161899999956 ], [ -41.774203899999982, -22.375091299999944 ], [ -41.774146599999938, -22.37500359999996 ], [ -41.774058899999943, -22.37486629999994 ], [ -41.77402839999997, -22.374803299999929 ], [ -41.774028399999963, -22.374749899999912 ], [ -41.77405129999994, -22.374698399999932 ], [ -41.774055099999948, -22.374631699999942 ], [ -41.774055099999941, -22.374450499999952 ], [ -41.774023799999952, -22.374403499999971 ], [ -41.773948299999972, -22.374290199999962 ], [ -41.773917799999943, -22.374273099999979 ], [ -41.773894899999966, -22.374263499999934 ], [ -41.773841499999946, -22.37426739999994 ], [ -41.773791899999942, -22.374257799999953 ], [ -41.773742299999988, -22.374233 ], [ -41.773711799999944, -22.374187299999953 ], [ -41.773742299999981, -22.374143399999966 ], [ -41.773738499999986, -22.374086199999962 ], [ -41.773650699999962, -22.373973599999943 ], [ -41.773593499999954, -22.373874399999984 ], [ -41.773563, -22.373857299999926 ], [ -41.773517199999958, -22.373939299999954 ], [ -41.773513399999963, -22.374046099999926 ], [ -41.773532499999931, -22.374152899999942 ], [ -41.77357829999994, -22.374233 ], [ -41.773551599999969, -22.374297899999931 ], [ -41.7734028, -22.374406599999922 ], [ -41.773360799999985, -22.374421899999948 ], [ -41.773326499999939, -22.374475299999961 ], [ -41.773315, -22.374557299999925 ], [ -41.77330029999996, -22.374676499999953 ], [ -41.773292199999958, -22.37474229999998 ], [ -41.773280699999937, -22.374797599999955 ], [ -41.773212, -22.374858599999975 ], [ -41.773185299999966, -22.374917799999935 ], [ -41.773154799999929, -22.375003599999953 ], [ -41.773124299999949, -22.375087499999935 ], [ -41.773120499999955, -22.375099 ], [ -41.773105199999975, -22.375181 ], [ -41.773021299999982, -22.375354499999958 ], [ -41.772973799999939, -22.375430599999945 ], [ -41.772964099999967, -22.375446099999962 ], [ -41.772947599999959, -22.375464499999957 ], [ -41.772914499999949, -22.375501399999958 ], [ -41.772853499999947, -22.37556249999993 ], [ -41.77277719999995, -22.375604399999911 ], [ -41.772700899999968, -22.375596799999979 ], [ -41.772628399999974, -22.375562499999937 ], [ -41.772612599999945, -22.375551499999958 ], [ -41.772559699999931, -22.375514799999955 ], [ -41.772479599999947, -22.375514799999952 ], [ -41.772418599999988, -22.375505199999949 ], [ -41.772292699999987, -22.375470899999979 ], [ -41.772094299999942, -22.37549 ], [ -41.771995199999935, -22.375478499999907 ], [ -41.77192649999995, -22.375535699999936 ], [ -41.771876899999938, -22.375604399999922 ], [ -41.771789199999951, -22.375680699999965 ], [ -41.771716699999956, -22.375779899999934 ], [ -41.771594599999965, -22.37593819999994 ], [ -41.771515799999975, -22.376023699999958 ], [ -41.771461099999954, -22.376083199999968 ], [ -41.771331399999958, -22.37623 ], [ -41.771171199999976, -22.376361599999928 ], [ -41.771018599999941, -22.376495099999932 ], [ -41.770858399999959, -22.376628699999959 ], [ -41.770675299999937, -22.376718299999929 ], [ -41.770492199999978, -22.376813699999946 ], [ -41.770475499999982, -22.376819 ], [ -41.770297599999935, -22.376876599999946 ], [ -41.770103099999972, -22.376914799999948 ], [ -41.770061099999957, -22.376922399999952 ], [ -41.770019099999956, -22.376914799999934 ], [ -41.769969599999961, -22.376880399999944 ], [ -41.769912299999923, -22.376869 ], [ -41.769881799999943, -22.376848 ], [ -41.769851299999971, -22.376775499999951 ], [ -41.76980169999996, -22.376588599999941 ], [ -41.769672, -22.376437899999928 ], [ -41.76956139999993, -22.376287199999965 ], [ -41.769492699999944, -22.376209 ], [ -41.769382099999973, -22.376169 ], [ -41.769218099999932, -22.37611749999995 ], [ -41.769096, -22.37597059999996 ], [ -41.769054, -22.375903899999958 ], [ -41.768970099999933, -22.37582569999995 ], [ -41.768912899999975, -22.375768399999956 ], [ -41.76888619999994, -22.375682599999937 ], [ -41.768806099999956, -22.375648299999963 ], [ -41.768653499999978, -22.37552809999994 ], [ -41.768630199999969, -22.375485399999931 ], [ -41.768561899999959, -22.37536029999994 ], [ -41.768405499999972, -22.375240099999932 ], [ -41.768329199999989, -22.375200099999955 ], [ -41.768203299999982, -22.375163799999942 ], [ -41.76813089999996, -22.375150499999954 ], [ -41.768046899999945, -22.375118 ], [ -41.768005, -22.375066499999935 ], [ -41.767951599999947, -22.375015 ], [ -41.767921099999967, -22.375003599999939 ], [ -41.767902, -22.375003599999946 ], [ -41.767814199999975, -22.375070399999959 ], [ -41.767741799999953, -22.375152399999941 ], [ -41.767776099999935, -22.375175299999956 ], [ -41.767802799999977, -22.375236299999976 ], [ -41.76784089999996, -22.375305 ], [ -41.76784089999996, -22.375356499999953 ], [ -41.767779899999937, -22.375367899999958 ], [ -41.767722699999979, -22.375345 ], [ -41.767650199999935, -22.375356499999942 ], [ -41.767627299999958, -22.375438499999969 ], [ -41.767676899999977, -22.375604399999911 ], [ -41.767715099999982, -22.37569979999995 ], [ -41.767661699999969, -22.375783699999932 ], [ -41.767596799999978, -22.375858099999963 ], [ -41.767545499999983, -22.375946399999975 ], [ -41.767501399999965, -22.37602209999994 ], [ -41.767539599999971, -22.376197599999958 ], [ -41.767455699999978, -22.376363499999954 ], [ -41.767448, -22.376375 ], [ -41.767409899999969, -22.376411199999939 ], [ -41.767348899999952, -22.376466499999914 ], [ -41.767291599999957, -22.376651499999987 ], [ -41.76716689999995, -22.376789099999929 ], [ -41.767161899999962, -22.376794599999979 ], [ -41.767024599999957, -22.376951 ], [ -41.766883499999949, -22.377092099999963 ], [ -41.766845299999943, -22.377118799999941 ], [ -41.766811, -22.377145599999942 ], [ -41.766730899999978, -22.377149399999947 ], [ -41.766597399999966, -22.377212299999933 ], [ -41.766547799999955, -22.377218 ], [ -41.766498199999951, -22.377151299999984 ], [ -41.766471499999966, -22.377075 ], [ -41.766402799999987, -22.377012 ], [ -41.766303599999958, -22.376928099999933 ], [ -41.766212099999962, -22.376876599999939 ], [ -41.766173899999963, -22.376815599999929 ], [ -41.766124299999944, -22.376754499999929 ], [ -41.766097599999974, -22.376785099999939 ], [ -41.766124299999944, -22.37690519999995 ], [ -41.766093799999965, -22.376983399999968 ], [ -41.766078599999958, -22.376979599999963 ], [ -41.766025199999952, -22.37695669999993 ], [ -41.765987, -22.377010099999936 ], [ -41.765815299999986, -22.37701589999995 ], [ -41.76572, -22.376956699999933 ], [ -41.765685599999983, -22.376931899999921 ], [ -41.765555899999981, -22.376985299999948 ], [ -41.765517799999941, -22.377086399999929 ], [ -41.765540699999974, -22.377153199999938 ], [ -41.765670399999976, -22.377292399999913 ], [ -41.765678, -22.377302 ], [ -41.765723799999932, -22.377370599999942 ], [ -41.765735199999945, -22.377382099999981 ], [ -41.765754299999969, -22.37743549999993 ], [ -41.765800099999979, -22.37749459999997 ], [ -41.765872599999973, -22.377504099999946 ], [ -41.765971699999966, -22.377569 ], [ -41.766074699999933, -22.377727299999943 ], [ -41.76609, -22.377752099999952 ], [ -41.766120499999943, -22.377893199999949 ], [ -41.766093799999965, -22.37795049999994 ], [ -41.766063299999985, -22.377998099999942 ], [ -41.766101399999975, -22.378047699999954 ], [ -41.766173899999956, -22.378101099999963 ], [ -41.76621589999997, -22.378169799999966 ], [ -41.766299799999956, -22.378156399999963 ], [ -41.766338, -22.378162199999963 ], [ -41.766338, -22.378242299999958 ], [ -41.766395199999977, -22.378269 ], [ -41.766452399999935, -22.378204099999952 ], [ -41.766448599999933, -22.378127799999955 ], [ -41.766467699999971, -22.37807249999998 ], [ -41.766544, -22.377954299999931 ], [ -41.766505799999955, -22.377895099999922 ], [ -41.766521099999977, -22.377837899999967 ], [ -41.766612599999974, -22.377809299999971 ], [ -41.766708, -22.377820799999931 ], [ -41.766719399999943, -22.377876099999973 ], [ -41.766738499999974, -22.378015299999959 ], [ -41.766753799999947, -22.37807059999993 ], [ -41.766803399999965, -22.378093499999963 ], [ -41.766875799999987, -22.378078199999933 ], [ -41.766875799999987, -22.378024799999928 ], [ -41.766864399999967, -22.37797519999998 ], [ -41.766917799999931, -22.377935199999964 ], [ -41.767009299999977, -22.377925699999924 ], [ -41.767116199999975, -22.378002 ], [ -41.767116199999982, -22.378005799999976 ], [ -41.767158099999961, -22.378154499999923 ], [ -41.767219199999943, -22.378185099999932 ], [ -41.767219199999943, -22.378270899999951 ], [ -41.767230599999948, -22.37845209999994 ], [ -41.767238199999952, -22.378631399999961 ], [ -41.767203899999963, -22.378694299999957 ], [ -41.76718859999994, -22.378730599999969 ], [ -41.767245899999978, -22.378837399999959 ], [ -41.767276399999957, -22.379018599999938 ], [ -41.767299299999934, -22.379144499999942 ], [ -41.76730689999993, -22.379224599999937 ], [ -41.767276399999965, -22.379258899999968 ], [ -41.767207699999972, -22.379278 ], [ -41.767184799999946, -22.379363799999954 ], [ -41.767169599999939, -22.379426699999943 ], [ -41.767364099999952, -22.379386699999923 ], [ -41.767409899999969, -22.37938669999993 ], [ -41.767463299999982, -22.379443899999941 ], [ -41.767512899999986, -22.379619399999971 ], [ -41.767520499999939, -22.379632699999934 ], [ -41.767558699999945, -22.379676599999975 ], [ -41.767631099999967, -22.379667099999931 ], [ -41.767715099999975, -22.379678499999944 ], [ -41.767844799999985, -22.379699499999948 ], [ -41.767936299999974, -22.379722399999935 ], [ -41.76798969999993, -22.379678499999947 ], [ -41.76805839999998, -22.379684199999929 ], [ -41.76809389999994, -22.379666499999924 ], [ -41.76823, -22.379598399999946 ], [ -41.768382599999946, -22.379484 ], [ -41.768439899999976, -22.379464899999956 ], [ -41.768539, -22.379447699999943 ], [ -41.768626799999936, -22.379442 ], [ -41.768783199999973, -22.379520199999945 ], [ -41.768947199999964, -22.379625099999938 ], [ -41.769069299999963, -22.379775799999948 ], [ -41.769206599999961, -22.37993409999995 ], [ -41.769363, -22.380073299999914 ], [ -41.769481299999946, -22.380227799999936 ], [ -41.769603299999979, -22.380372799999957 ], [ -41.769614799999943, -22.380403299999951 ], [ -41.769633899999981, -22.380451 ], [ -41.769618599999951, -22.380513899999976 ], [ -41.769546099999964, -22.380555899999926 ], [ -41.769453299999952, -22.38060229999995 ], [ -41.769450799999959, -22.380603599999965 ], [ -41.769336299999964, -22.380679899999951 ], [ -41.769290499999961, -22.380723699999965 ], [ -41.769279099999949, -22.380767599999949 ], [ -41.769332499999962, -22.380809599999957 ], [ -41.76939729999998, -22.380824799999971 ], [ -41.769458399999955, -22.380784799999958 ], [ -41.769496499999946, -22.380761899999982 ], [ -41.76953489999994, -22.380740099999962 ], [ -41.769544099999962, -22.380733499999955 ], [ -41.769600899999944, -22.380692899999911 ], [ -41.769733, -22.380765699999912 ], [ -41.769797899999951, -22.380851499999949 ], [ -41.769839899999965, -22.380954499999969 ], [ -41.76989709999998, -22.38113 ], [ -41.769893299999985, -22.381147199999923 ], [ -41.76984489999996, -22.381168 ], [ -41.769809299999963, -22.381183399999927 ], [ -41.769729199999972, -22.381206299999967 ], [ -41.769637699999976, -22.381254 ], [ -41.769584299999963, -22.381303599999967 ], [ -41.769614799999943, -22.381362699999951 ], [ -41.769729199999979, -22.381347399999967 ], [ -41.769839899999965, -22.381305499999932 ], [ -41.769925299999954, -22.381290299999925 ], [ -41.769958099999947, -22.381284499999932 ], [ -41.770026799999982, -22.381290199999967 ], [ -41.77009929999997, -22.381351299999952 ], [ -41.7701565, -22.38152669999992 ], [ -41.770202199999979, -22.381669799999941 ], [ -41.770209899999941, -22.381723199999936 ], [ -41.770159699999965, -22.381763299999932 ], [ -41.770087799999942, -22.381774699999919 ], [ -41.769988599999976, -22.381799499999936 ], [ -41.769885599999959, -22.38183569999995 ], [ -41.769767399999985, -22.381910099999956 ], [ -41.76978639999993, -22.381971099999927 ], [ -41.769858899999974, -22.381994 ], [ -41.769942799999967, -22.381969199999947 ], [ -41.770034399999929, -22.381944399999938 ], [ -41.770164099999931, -22.381917699999974 ], [ -41.770234099999982, -22.381915099999961 ], [ -41.770366299999978, -22.38191009999996 ], [ -41.770393, -22.381942499999973 ], [ -41.770419699999934, -22.381984499999923 ], [ -41.770480699999958, -22.382161899999975 ], [ -41.770522699999958, -22.38224769999994 ], [ -41.770530299999962, -22.38228389999993 ], [ -41.770515099999955, -22.382320199999981 ], [ -41.770442199999934, -22.382336 ], [ -41.770400599999967, -22.382345 ], [ -41.770305199999939, -22.382346899999948 ], [ -41.770110699999975, -22.382390799999932 ], [ -41.770091599999951, -22.382392699999954 ], [ -41.769893299999978, -22.382411699999984 ], [ -41.769881799999951, -22.382413599999939 ], [ -41.769851299999971, -22.382446099999985 ], [ -41.769851299999971, -22.382539499999936 ], [ -41.769885599999952, -22.382594799999922 ], [ -41.769958099999947, -22.382587199999936 ], [ -41.7701565, -22.382537599999967 ], [ -41.770225099999941, -22.382520499999938 ], [ -41.770419699999934, -22.382474699999928 ], [ -41.770438799999965, -22.38247089999993 ], [ -41.770503199999943, -22.382459399999959 ], [ -41.770557, -22.382449899999976 ], [ -41.770694299999946, -22.382596799999938 ], [ -41.770724899999948, -22.382676899999971 ], [ -41.77072869999995, -22.382732199999957 ], [ -41.770743899999964, -22.382812299999951 ], [ -41.770736499999948, -22.382931399999961 ], [ -41.770736299999953, -22.382934399999936 ], [ -41.77070579999998, -22.382968699999925 ], [ -41.770595199999946, -22.382957199999957 ], [ -41.770419699999927, -22.382963 ], [ -41.77029, -22.38295909999993 ], [ -41.770148799999966, -22.383006799999979 ], [ -41.770171699999928, -22.383075499999958 ], [ -41.770263299999961, -22.383104099999965 ], [ -41.770396799999965, -22.383106 ], [ -41.770560799999942, -22.38310029999997 ], [ -41.770690499999944, -22.383098399999927 ], [ -41.770770599999942, -22.383113599999934 ], [ -41.770838, -22.383136699999962 ], [ -41.770843099999979, -22.383138399999943 ], [ -41.770949899999948, -22.383300599999927 ], [ -41.770946099999946, -22.383376899999966 ], [ -41.770930899999939, -22.383416299999976 ], [ -41.770904199999961, -22.383485599999972 ], [ -41.77086979999995, -22.383565699999963 ], [ -41.770827899999972, -22.383624799999943 ], [ -41.770717199999979, -22.383653399999947 ], [ -41.770591299999978, -22.383590499999951 ], [ -41.770404399999961, -22.383525599999913 ], [ -41.770389199999954, -22.383521799999968 ], [ -41.77029, -22.383498899999946 ], [ -41.770221299999946, -22.383523699999952 ], [ -41.770202199999972, -22.383579 ], [ -41.770217499999951, -22.383643899999967 ], [ -41.770316699999967, -22.383697299999934 ], [ -41.770442599999967, -22.383741199999978 ], [ -41.770629499999984, -22.383815599999927 ], [ -41.770801199999944, -22.383901399999939 ], [ -41.770843099999986, -22.383910899999925 ], [ -41.770934699999934, -22.383926199999966 ], [ -41.771004799999965, -22.383946899999948 ], [ -41.771018599999941, -22.383951 ], [ -41.77111009999993, -22.384019599999927 ], [ -41.77115589999994, -22.384202699999946 ], [ -41.771163599999973, -22.38424469999995 ], [ -41.771167399999975, -22.384353399999938 ], [ -41.771114, -22.384536499999967 ], [ -41.771106299999985, -22.384549899999957 ], [ -41.771055, -22.384626 ], [ -41.770999499999959, -22.384708199999963 ], [ -41.770908, -22.384845499999976 ], [ -41.770808799999941, -22.384994299999956 ], [ -41.770721, -22.385169799999971 ], [ -41.770675299999937, -22.385211699999953 ], [ -41.770621899999988, -22.385274699999954 ], [ -41.770599, -22.385326199999952 ], [ -41.770537899999958, -22.385417699999945 ], [ -41.770518899999956, -22.385446299999941 ], [ -41.770553199999938, -22.385484499999958 ], [ -41.770549399999936, -22.385513099999972 ], [ -41.770560799999949, -22.385572199999945 ], [ -41.770618099999979, -22.385583699999916 ], [ -41.770663799999959, -22.385761 ], [ -41.770595199999946, -22.38593649999995 ], [ -41.770488399999984, -22.386096699999928 ], [ -41.770358699999967, -22.386228299999967 ], [ -41.77029, -22.386270299999964 ], [ -41.7702518, -22.386312299999933 ], [ -41.770225099999941, -22.386356099999929 ], [ -41.770145, -22.38636 ], [ -41.770085499999936, -22.38635309999993 ], [ -41.770045799999941, -22.386348499999926 ], [ -41.769984799999975, -22.386369499999937 ], [ -41.769942799999967, -22.38636949999994 ], [ -41.769923799999965, -22.386358 ], [ -41.769874199999947, -22.386279799999944 ], [ -41.769765, -22.386133199999964 ], [ -41.769752099999955, -22.38611579999996 ], [ -41.769645299999986, -22.385949899999954 ], [ -41.769542299999955, -22.385791599999944 ], [ -41.769460099999947, -22.385662099999934 ], [ -41.769439299999938, -22.385629399999964 ], [ -41.769416399999962, -22.385594699999942 ], [ -41.769332499999969, -22.385467299999959 ], [ -41.769221899999941, -22.385318499999979 ], [ -41.769126499999963, -22.385160199999966 ], [ -41.769121299999938, -22.385156099999946 ], [ -41.769107399999939, -22.385145 ], [ -41.768981499999938, -22.384986699999946 ], [ -41.768867099999966, -22.384832199999941 ], [ -41.768775599999977, -22.384660499999931 ], [ -41.768661099999974, -22.384513599999934 ], [ -41.768615299999965, -22.384466 ], [ -41.76848559999997, -22.384532699999969 ], [ -41.768588599999937, -22.384691 ], [ -41.768691599999961, -22.384849299999939 ], [ -41.768794599999985, -22.38500949999997 ], [ -41.768901399999955, -22.385166 ], [ -41.768928099999989, -22.385217499999939 ], [ -41.768741199999972, -22.385303299999972 ], [ -41.76857339999998, -22.385389099999937 ], [ -41.768493299999932, -22.385440599999981 ], [ -41.768447499999986, -22.385396699999944 ], [ -41.768336899999952, -22.385236499999955 ], [ -41.76823, -22.385076299999962 ], [ -41.768123199999934, -22.38492559999996 ], [ -41.768046899999952, -22.384780699999972 ], [ -41.767955399999956, -22.384828399999947 ], [ -41.767905799999937, -22.384855099999964 ], [ -41.767940099999983, -22.384912299999932 ], [ -41.768046899999952, -22.385063 ], [ -41.768146099999967, -22.385225099999953 ], [ -41.768249099999935, -22.385385299999928 ], [ -41.768348099999976, -22.385535599999972 ], [ -41.768256799999961, -22.385583699999916 ], [ -41.76807359999998, -22.385682799999906 ], [ -41.767902, -22.38577819999994 ], [ -41.767898199999941, -22.385782 ], [ -41.767884899999949, -22.38576229999995 ], [ -41.767791399999965, -22.385623699999943 ], [ -41.76768839999994, -22.38547109999995 ], [ -41.76760059999998, -22.385309 ], [ -41.767493799999961, -22.385148799999964 ], [ -41.767463299999982, -22.385106799999956 ], [ -41.767326, -22.385179299999947 ], [ -41.767417499999965, -22.38533949999993 ], [ -41.767524299999934, -22.385501599999937 ], [ -41.767631099999967, -22.385650399999967 ], [ -41.7677341, -22.385810599999942 ], [ -41.767746699999975, -22.385830099999954 ], [ -41.767772299999926, -22.38586979999997 ], [ -41.767596799999978, -22.385965099999947 ], [ -41.767417499999972, -22.386043299999979 ], [ -41.767360299999957, -22.386064299999926 ], [ -41.767337599999962, -22.386030699999925 ], [ -41.767253499999988, -22.385906 ], [ -41.767158099999968, -22.385743899999959 ], [ -41.767051299999935, -22.385576 ], [ -41.766948299999974, -22.385410099999948 ], [ -41.766833899999938, -22.385253699999961 ], [ -41.766738499999981, -22.385095399999937 ], [ -41.766627899999946, -22.384931299999952 ], [ -41.766528699999981, -22.384769199999926 ], [ -41.766456199999936, -22.384610899999924 ], [ -41.766452399999935, -22.384578499999964 ], [ -41.76646, -22.384544199999926 ], [ -41.766467699999971, -22.38449839999992 ], [ -41.76646, -22.384334299999974 ], [ -41.766494399999942, -22.38426759999993 ], [ -41.766563, -22.384168399999965 ], [ -41.766597399999966, -22.384118799999939 ], [ -41.766650799999979, -22.384074899999966 ], [ -41.766742299999983, -22.384033 ], [ -41.766811, -22.383907099999927 ], [ -41.76680719999996, -22.383861299999968 ], [ -41.766784299999983, -22.383804099999956 ], [ -41.766757599999949, -22.383771699999947 ], [ -41.766681299999959, -22.383727799999967 ], [ -41.766494399999942, -22.383779299999954 ], [ -41.766471499999966, -22.383800299999962 ], [ -41.766421899999948, -22.38385559999994 ], [ -41.766368499999949, -22.383981499999944 ], [ -41.766311299999984, -22.38410169999997 ], [ -41.766254, -22.384212299999934 ], [ -41.766181599999982, -22.384338199999931 ], [ -41.766154899999947, -22.384403 ], [ -41.766124299999944, -22.384458299999938 ], [ -41.766166299999959, -22.38464139999996 ], [ -41.766273099999978, -22.384797799999934 ], [ -41.766364699999947, -22.384958099999949 ], [ -41.76646, -22.385124 ], [ -41.766563, -22.385291799999933 ], [ -41.766673699999963, -22.385454 ], [ -41.76679189999993, -22.385619899999931 ], [ -41.766887299999944, -22.385787699999984 ], [ -41.766990299999975, -22.385946099999948 ], [ -41.767093299999942, -22.386098599999958 ], [ -41.767121, -22.38613689999994 ], [ -41.76720389999997, -22.386251199999936 ], [ -41.767326, -22.386394299999949 ], [ -41.767417499999965, -22.386569799999965 ], [ -41.767516699999938, -22.38673 ], [ -41.767623499999964, -22.386892099999951 ], [ -41.767696, -22.387063799999954 ], [ -41.767772299999933, -22.387229699999963 ], [ -41.767810399999973, -22.387416599999931 ], [ -41.76780169999995, -22.387487 ], [ -41.767792599999957, -22.387560899999972 ], [ -41.76778749999994, -22.387601599999979 ], [ -41.767738, -22.387655 ], [ -41.767711199999951, -22.387676699999918 ], [ -41.76768839999994, -22.387695099999963 ], [ -41.767627299999965, -22.387794299999921 ], [ -41.767585799999956, -22.387855 ], [ -41.767577699999954, -22.387866799999919 ], [ -41.767532, -22.387931599999938 ], [ -41.767478599999947, -22.388057499999942 ], [ -41.767497599999963, -22.388109 ], [ -41.767493799999954, -22.388168099999969 ], [ -41.767497599999963, -22.388217699999913 ], [ -41.76756249999994, -22.388234899999922 ], [ -41.767623499999949, -22.388223399999955 ], [ -41.76768839999994, -22.388234899999915 ], [ -41.767757, -22.388305399999965 ], [ -41.767779899999937, -22.388356899999959 ], [ -41.767745599999955, -22.388425599999955 ], [ -41.767749399999957, -22.388501899999923 ], [ -41.767814199999975, -22.388568699999951 ], [ -41.767902, -22.38863729999996 ], [ -41.768088899999952, -22.38871359999996 ], [ -41.768195699999985, -22.388875699999961 ], [ -41.768222399999964, -22.388938699999983 ], [ -41.768252899999936, -22.389016899999948 ], [ -41.768294899999944, -22.389201899999918 ], [ -41.768302499999955, -22.389278199999964 ], [ -41.768283499999939, -22.389409799999946 ], [ -41.768275799999969, -22.38946129999993 ], [ -41.768214799999946, -22.389552899999948 ], [ -41.768188099999968, -22.389596699999974 ], [ -41.76817669999997, -22.389614899999962 ], [ -41.768146099999967, -22.38966349999998 ], [ -41.768141599999979, -22.389685099999941 ], [ -41.768108, -22.389844699999966 ], [ -41.768039299999948, -22.389961 ], [ -41.767966799999961, -22.390031599999926 ], [ -41.767932699999967, -22.390054 ], [ -41.767905799999944, -22.390071699999954 ], [ -41.767848599999972, -22.390134599999946 ], [ -41.767850099999983, -22.390149 ], [ -41.767856199999976, -22.390209 ], [ -41.767902, -22.390258599999971 ], [ -41.767940099999976, -22.390285299999949 ], [ -41.767963, -22.39031389999997 ], [ -41.76798969999993, -22.390363499999971 ], [ -41.767997399999956, -22.390407299999925 ], [ -41.768005, -22.390460699999945 ], [ -41.7679821, -22.39052369999996 ], [ -41.767894399999932, -22.390683899999935 ], [ -41.767936299999974, -22.390861299999965 ], [ -41.767959199999957, -22.390880399999965 ], [ -41.768008799999961, -22.39088989999993 ], [ -41.768069799999978, -22.390886099999914 ], [ -41.768146099999967, -22.390857499999971 ], [ -41.768236099999974, -22.390805 ], [ -41.768260599999962, -22.390790699999975 ], [ -41.768261399999972, -22.390748899999952 ], [ -41.768264399999971, -22.390603799999937 ], [ -41.768256799999961, -22.390596199999941 ], [ -41.768250099999932, -22.39058719999996 ], [ -41.76823, -22.39055989999996 ], [ -41.768188099999975, -22.390516099999957 ], [ -41.768150399999968, -22.390522 ], [ -41.768127099999965, -22.390525599999922 ], [ -41.768085099999944, -22.39052179999992 ], [ -41.768085099999958, -22.390445499999934 ], [ -41.768100299999965, -22.390395899999938 ], [ -41.768146099999967, -22.390331099999958 ], [ -41.768184299999966, -22.390298599999941 ], [ -41.768233899999984, -22.390260499999936 ], [ -41.768256799999961, -22.390233799999969 ], [ -41.768333, -22.390210899999939 ], [ -41.768329199999975, -22.390136499999972 ], [ -41.768279599999978, -22.390067799999926 ], [ -41.768260599999969, -22.390014399999917 ], [ -41.768298699999946, -22.389831299999965 ], [ -41.768310199999974, -22.389785499999952 ], [ -41.768344499999962, -22.389715 ], [ -41.768390299999972, -22.389600499999958 ], [ -41.768402099999946, -22.389569799999951 ], [ -41.768428399999948, -22.389501399999972 ], [ -41.768441, -22.38947619999993 ], [ -41.768466599999954, -22.389425099999979 ], [ -41.768478, -22.389398399999944 ], [ -41.768535199999974, -22.389327799999933 ], [ -41.768722099999941, -22.389270599999978 ], [ -41.768836599999936, -22.38924 ], [ -41.768935799999952, -22.389222899999918 ], [ -41.769134099999974, -22.389213299999934 ], [ -41.76920279999996, -22.389207599999949 ], [ -41.769279099999956, -22.389217199999958 ], [ -41.769469799999968, -22.389268699999935 ], [ -41.769500299999955, -22.389310599999924 ], [ -41.769509199999966, -22.389339399999972 ], [ -41.769515599999984, -22.389360199999938 ], [ -41.76958429999997, -22.389356399999926 ], [ -41.769664399999954, -22.389329699999969 ], [ -41.769677599999966, -22.389325699999976 ], [ -41.76985509999998, -22.389272499999944 ], [ -41.769889399999954, -22.389259099999936 ], [ -41.769988599999976, -22.389259099999929 ], [ -41.770183199999963, -22.389283899999953 ], [ -41.770244199999979, -22.389308699999944 ], [ -41.770324299999963, -22.389346899999968 ], [ -41.770515099999955, -22.389383099999964 ], [ -41.77068289999994, -22.389476599999959 ], [ -41.77088509999993, -22.389501399999968 ], [ -41.771072, -22.389585299999954 ], [ -41.771262699999973, -22.389638699999978 ], [ -41.771453499999957, -22.389697799999951 ], [ -41.771548799999941, -22.389713099999941 ], [ -41.771617499999941, -22.389743599999964 ], [ -41.771648, -22.389808399999932 ], [ -41.771728099999962, -22.389802699999954 ], [ -41.77181969999998, -22.389816099999948 ], [ -41.772006599999941, -22.389888499999927 ], [ -41.772182099999945, -22.389989599999971 ], [ -41.772391899999953, -22.39008119999993 ], [ -41.772582599999964, -22.390176599999961 ], [ -41.772761899999978, -22.390262399999969 ], [ -41.772948799999945, -22.390342499999964 ], [ -41.773151, -22.390422599999965 ], [ -41.773334099999943, -22.390495099999942 ], [ -41.773509599999954, -22.390588499999971 ], [ -41.773708, -22.39068009999993 ], [ -41.773883399999939, -22.390781199999935 ], [ -41.774074199999973, -22.390878499999928 ], [ -41.774264899999935, -22.390971899999958 ], [ -41.774440399999946, -22.391063499999959 ], [ -41.774604399999923, -22.391191299999939 ], [ -41.774768399999971, -22.391324799999946 ], [ -41.774955399999961, -22.391416299999943 ], [ -41.775115599999936, -22.391519299999956 ], [ -41.775298699999951, -22.391607099999916 ], [ -41.775458899999933, -22.391721499999964 ], [ -41.775649599999952, -22.391815 ], [ -41.775828899999972, -22.391898899999934 ], [ -41.775962399999969, -22.392034299999978 ], [ -41.776149399999959, -22.392112499999936 ], [ -41.776221799999981, -22.392188799999918 ], [ -41.776290499999959, -22.392217399999925 ], [ -41.776363, -22.392228899999957 ], [ -41.77641639999996, -22.39228989999998 ], [ -41.776485099999945, -22.392352799999966 ], [ -41.77659569999998, -22.392396699999942 ], [ -41.776691, -22.392389099999932 ], [ -41.776778799999931, -22.392406199999975 ], [ -41.776836, -22.392455799999933 ], [ -41.7768703, -22.392511099999975 ], [ -41.776950399999976, -22.392518799999948 ], [ -41.777030599999932, -22.392511099999972 ], [ -41.77712589999993, -22.39254929999991 ], [ -41.777301399999949, -22.392637 ], [ -41.777366299999983, -22.392644699999945 ], [ -41.777431099999944, -22.392696199999929 ], [ -41.777549399999948, -22.392759099999964 ], [ -41.777721, -22.392848799999957 ], [ -41.77781259999994, -22.392898299999949 ], [ -41.777892699999946, -22.392907899999948 ], [ -41.778033799999953, -22.393003199999942 ], [ -41.778058199999982, -22.393014 ], [ -41.778129199999967, -22.393045199999957 ], [ -41.77822459999993, -22.393071899999928 ], [ -41.778384799999969, -22.393184399999924 ], [ -41.778518299999973, -22.393276 ], [ -41.778651799999977, -22.393302699999929 ], [ -41.778735699999977, -22.393354199999965 ], [ -41.778888299999956, -22.393443799999933 ], [ -41.778991299999973, -22.393506799999958 ], [ -41.779071399999964, -22.393577399999948 ], [ -41.77919349999997, -22.393615499999949 ], [ -41.77929649999993, -22.393716599999937 ], [ -41.779410899999959, -22.393785299999934 ], [ -41.779552099999933, -22.393855799999987 ], [ -41.779716099999973, -22.39397409999998 ], [ -41.779807699999942, -22.394018 ], [ -41.780006, -22.394115199999927 ], [ -41.7801166, -22.394187699999968 ], [ -41.780234899999982, -22.394267799999952 ], [ -41.780414199999939, -22.394365099999959 ], [ -41.780593499999959, -22.394460499999965 ], [ -41.780784199999978, -22.394540599999956 ], [ -41.780940599999958, -22.394653099999964 ], [ -41.781062699999957, -22.394704599999958 ], [ -41.781245799999972, -22.394782799999966 ], [ -41.781421299999984, -22.394870499999961 ], [ -41.781596699999973, -22.394952599999947 ], [ -41.781757, -22.395068899999963 ], [ -41.781791299999952, -22.395093699999961 ], [ -41.78198579999998, -22.395194799999949 ], [ -41.782169, -22.395271099999938 ], [ -41.782210899999939, -22.395273 ], [ -41.782252899999961, -22.395286299999949 ], [ -41.782405499999989, -22.395406499999972 ], [ -41.782592399999942, -22.395465599999962 ], [ -41.782764, -22.395570499999963 ], [ -41.782943299999943, -22.395677299999925 ], [ -41.783130299999975, -22.395765099999938 ], [ -41.783294299999966, -22.395871899999968 ], [ -41.783469799999985, -22.395952 ], [ -41.783664299999941, -22.396041699999955 ], [ -41.783820699999985, -22.396156099999935 ], [ -41.784, -22.39624 ], [ -41.784164, -22.396364 ], [ -41.784354799999967, -22.39643459999996 ], [ -41.784518799999951, -22.39655849999998 ], [ -41.784694299999956, -22.39663289999994 ], [ -41.784873599999969, -22.396743599999976 ], [ -41.78503759999996, -22.396875199999947 ], [ -41.78520929999997, -22.396999099999945 ], [ -41.785369499999945, -22.397111699999982 ], [ -41.785529699999984, -22.397212799999956 ], [ -41.785693699999975, -22.397319599999921 ], [ -41.785855399999953, -22.397403899999958 ], [ -41.785869199999979, -22.397411099999943 ], [ -41.786052299999938, -22.39747409999995 ], [ -41.786246899999981, -22.397550399999933 ], [ -41.786445199999946, -22.397617099999923 ], [ -41.786586399999976, -22.397744899999957 ], [ -41.786758, -22.397851699999929 ], [ -41.786903, -22.397989099999958 ], [ -41.787078499999957, -22.39809009999993 ], [ -41.787219599999958, -22.398225599999929 ], [ -41.787372199999936, -22.398362899999938 ], [ -41.787551499999957, -22.398441099999953 ], [ -41.787696499999981, -22.398565099999921 ], [ -41.787883399999942, -22.398645199999976 ], [ -41.788055, -22.398750099999955 ], [ -41.788234299999949, -22.398849299999938 ], [ -41.78840219999995, -22.398956099999957 ], [ -41.788589099999967, -22.399028599999955 ], [ -41.788764599999972, -22.399122 ], [ -41.788947699999945, -22.399198299999952 ], [ -41.789127, -22.399291799999951 ], [ -41.789302, -22.399400199999942 ], [ -41.789481699999953, -22.399474899999962 ], [ -41.789641899999936, -22.399608399999966 ], [ -41.789828899999982, -22.399701899999961 ], [ -41.789985299999962, -22.399825799999967 ], [ -41.790153099999941, -22.399949799999945 ], [ -41.790332399999954, -22.40003949999992 ], [ -41.790496399999938, -22.400182499999968 ], [ -41.790660499999952, -22.400302699999934 ], [ -41.790813099999987, -22.400422799999937 ], [ -41.790980899999973, -22.400558299999936 ], [ -41.791144899999942, -22.400678399999936 ], [ -41.791305199999961, -22.400789 ], [ -41.791465399999936, -22.400918699999981 ], [ -41.791618, -22.401035099999937 ], [ -41.791782, -22.401143799999939 ], [ -41.791930799999939, -22.401279199999973 ], [ -41.792079499999936, -22.40141269999997 ], [ -41.79219779999994, -22.401561499999953 ], [ -41.792327499999949, -22.401706499999936 ], [ -41.7924, -22.40188 ], [ -41.792483899999979, -22.402044099999955 ], [ -41.792480099999977, -22.402217599999961 ], [ -41.792419, -22.402389299999975 ], [ -41.792457199999951, -22.40242939999996 ], [ -41.79247, -22.402418 ], [ -41.792510599999957, -22.402381699999975 ], [ -41.792544899999946, -22.402355 ], [ -41.792661099999982, -22.402285699999936 ], [ -41.792663199999936, -22.402284399999917 ], [ -41.792895899999962, -22.402311099999945 ], [ -41.793502399999973, -22.402786 ], [ -41.793624499999964, -22.40292909999993 ], [ -41.793708399999957, -22.40309309999996 ], [ -41.793719899999985, -22.403148399999974 ], [ -41.793727499999939, -22.403188499999928 ], [ -41.793773299999941, -22.403283899999959 ], [ -41.793765599999972, -22.403318199999941 ], [ -41.793754199999967, -22.403358199999957 ], [ -41.793727499999925, -22.403425 ], [ -41.793685499999988, -22.403482199999917 ], [ -41.793643599999939, -22.403524199999929 ], [ -41.793582499999964, -22.403602399999947 ], [ -41.793597799999937, -22.403650099999933 ], [ -41.793620699999963, -22.403680599999973 ], [ -41.793658799999946, -22.403728299999951 ], [ -41.793758, -22.403720599999925 ], [ -41.793822899999959, -22.403680599999976 ], [ -41.793895299999981, -22.403697799999968 ], [ -41.793975399999972, -22.403749199999936 ], [ -41.794036499999947, -22.403810299999961 ], [ -41.794074599999938, -22.403869399999959 ], [ -41.794215799999961, -22.403941899999939 ], [ -41.794372199999948, -22.40406009999997 ], [ -41.794513299999949, -22.404189799999983 ], [ -41.794685, -22.404294799999928 ], [ -41.79483369999997, -22.404435899999953 ], [ -41.794982499999946, -22.404552199999948 ], [ -41.79506259999993, -22.404718199999927 ], [ -41.795089299999972, -22.404767799999931 ], [ -41.795108399999947, -22.404800199999947 ], [ -41.795097, -22.404859299999927 ], [ -41.795081699999969, -22.404949 ], [ -41.795066399999939, -22.404981399999937 ], [ -41.795020699999959, -22.404992799999931 ], [ -41.79495959999997, -22.404954699999948 ], [ -41.794879499999979, -22.405017599999955 ], [ -41.794814699999968, -22.405204599999937 ], [ -41.794810899999966, -22.405244599999932 ], [ -41.794841399999939, -22.405351399999972 ], [ -41.794795599999937, -22.405401 ], [ -41.794746, -22.405443 ], [ -41.79472949999996, -22.405465399999972 ], [ -41.79471929999994, -22.405479199999931 ], [ -41.794739599999957, -22.405484299999948 ], [ -41.794780299999957, -22.405494499999975 ], [ -41.79480319999994, -22.405504 ], [ -41.794795599999929, -22.405538299999929 ], [ -41.79483369999997, -22.405565 ], [ -41.794891, -22.405536399999967 ], [ -41.79493669999993, -22.405467799999936 ], [ -41.794971099999941, -22.40542959999993 ], [ -41.795047399999945, -22.405431499999949 ], [ -41.79510079999995, -22.405397199999971 ], [ -41.795131299999987, -22.405345699999941 ], [ -41.795180899999934, -22.405376199999974 ], [ -41.795249599999977, -22.405381899999956 ], [ -41.795337299999964, -22.405259899999969 ], [ -41.795367799999951, -22.405217899999965 ], [ -41.795421199999964, -22.405189299999957 ], [ -41.795481099999968, -22.40518179999998 ], [ -41.795497499999954, -22.405179799999928 ], [ -41.795527199999988, -22.405138699999945 ], [ -41.795608099999981, -22.405027199999942 ], [ -41.795608099999988, -22.405025299999966 ], [ -41.795611899999976, -22.404964199999934 ], [ -41.795642499999978, -22.404882199999971 ], [ -41.795852299999986, -22.404895599999971 ], [ -41.796050599999937, -22.404960399999933 ], [ -41.796080699999948, -22.404967099999965 ], [ -41.796256599999936, -22.405006199999931 ], [ -41.7964626, -22.405084399999961 ], [ -41.796645699999942, -22.405170199999922 ], [ -41.796828799999957, -22.405233199999923 ], [ -41.797008099999978, -22.405322799999958 ], [ -41.797168299999953, -22.405429599999927 ], [ -41.797343799999965, -22.405528799999949 ], [ -41.797534599999949, -22.405589799999973 ], [ -41.797721499999973, -22.405660399999931 ], [ -41.797885499999957, -22.405763399999955 ], [ -41.798041899999937, -22.405874 ], [ -41.798186899999962, -22.406005599999961 ], [ -41.798377599999988, -22.406099099999949 ], [ -41.798568299999936, -22.40619259999994 ], [ -41.798743799999954, -22.406282199999961 ], [ -41.798942199999942, -22.406322299999932 ], [ -41.799140499999972, -22.406398599999928 ], [ -41.799327499999947, -22.406472899999976 ], [ -41.7993709, -22.406494599999963 ], [ -41.799499099999942, -22.406558799999971 ], [ -41.799674599999953, -22.406658 ], [ -41.799827199999989, -22.40677429999992 ], [ -41.799968299999925, -22.40691349999997 ], [ -41.80014, -22.407041299999946 ], [ -41.800311699999952, -22.40714239999993 ], [ -41.800475699999943, -22.407264499999929 ], [ -41.800639699999977, -22.407396099999975 ], [ -41.80080369999996, -22.407518199999966 ], [ -41.800939299999982, -22.407638799999962 ], [ -41.80096019999997, -22.407657399999941 ], [ -41.800984299999982, -22.407721 ], [ -41.801028799999983, -22.407838599999923 ], [ -41.80116229999993, -22.407974 ], [ -41.801345399999946, -22.408075099999966 ], [ -41.801524699999966, -22.408164799999938 ], [ -41.801703599999946, -22.408230499999931 ], [ -41.801711599999983, -22.408233399999961 ], [ -41.801913799999959, -22.408271599999974 ], [ -41.802081699999974, -22.408365 ], [ -41.802174799999939, -22.408411599999972 ], [ -41.802257099999963, -22.408452799999957 ], [ -41.802451699999956, -22.408542399999927 ], [ -41.802646199999977, -22.40861109999997 ], [ -41.802833199999959, -22.408675899999942 ], [ -41.803031499999982, -22.408750299999941 ], [ -41.80322989999997, -22.408817099999954 ], [ -41.803405399999974, -22.408906699999939 ], [ -41.803592299999934, -22.408975399999964 ], [ -41.803767799999946, -22.409057399999931 ], [ -41.803958499999965, -22.409160399999948 ], [ -41.804137799999978, -22.409240499999946 ], [ -41.804317099999942, -22.409335899999956 ], [ -41.804511599999955, -22.409435099999939 ], [ -41.80470239999994, -22.409519 ], [ -41.804889299999957, -22.409602899999978 ], [ -41.80506859999997, -22.409679199999974 ], [ -41.805259299999939, -22.409753599999924 ], [ -41.80533939999998, -22.409774599999935 ], [ -41.80546529999998, -22.409835599999941 ], [ -41.80582389999995, -22.409986299999961 ], [ -41.806014599999969, -22.410074 ], [ -41.806228199999964, -22.410180799999985 ], [ -41.8064457, -22.410283799999931 ], [ -41.806789, -22.410465 ], [ -41.807136099999987, -22.410642399999965 ], [ -41.807368799999956, -22.410810299999984 ], [ -41.807518899999941, -22.410943899999939 ], [ -41.807613, -22.41102769999997 ], [ -41.80765109999993, -22.411062 ], [ -41.80799449999995, -22.411308099999921 ], [ -41.808200399999976, -22.411405299999959 ], [ -41.808562799999955, -22.411554099999922 ], [ -41.808807, -22.411624699999948 ], [ -41.80887149999996, -22.411656599999947 ], [ -41.809173199999989, -22.411805899999926 ], [ -41.809409699999946, -22.411945099999958 ], [ -41.809634799999969, -22.412093899999938 ], [ -41.809936099999959, -22.412235 ], [ -41.809970499999956, -22.412248399999939 ], [ -41.810363399999972, -22.412378099999945 ], [ -41.810522499999934, -22.412423299999944 ], [ -41.810645699999952, -22.412458199999939 ], [ -41.810989, -22.412584099999943 ], [ -41.811217899999974, -22.412704299999959 ], [ -41.811545899999949, -22.412896899999971 ], [ -41.811874, -22.413112399999928 ], [ -41.812244, -22.413322199999982 ], [ -41.812598799999932, -22.413533899999926 ], [ -41.812926899999979, -22.41376659999997 ], [ -41.813163, -22.413954299999929 ], [ -41.813224399999967, -22.414003199999968 ], [ -41.813560099999961, -22.414213 ], [ -41.813926299999942, -22.414417099999969 ], [ -41.814269599999932, -22.414649699999927 ], [ -41.814613, -22.414892 ], [ -41.814967699999954, -22.415090299999967 ], [ -41.8153301, -22.415313499999968 ], [ -41.815658199999973, -22.415532799999934 ], [ -41.815833699999985, -22.415670199999958 ], [ -41.816157899999958, -22.415908599999959 ], [ -41.816466899999973, -22.416139399999949 ], [ -41.816806399999962, -22.416351099999929 ], [ -41.817161199999937, -22.416589499999922 ], [ -41.817264199999954, -22.416656299999936 ], [ -41.817596, -22.416889 ], [ -41.817638, -22.416919499999953 ], [ -41.817790299999963, -22.417031 ], [ -41.817971799999945, -22.417055399999978 ], [ -41.818223699999976, -22.416909599999936 ], [ -41.818145399999942, -22.416673399999972 ], [ -41.818066599999952, -22.416310499999952 ], [ -41.817821699999961, -22.416000699999916 ], [ -41.817670399999933, -22.415544399999916 ], [ -41.817441099999947, -22.415142799999948 ], [ -41.817301799999946, -22.414851899999963 ], [ -41.817255499999931, -22.414730199999948 ], [ -41.817117899999971, -22.41446429999996 ], [ -41.816992099999936, -22.41429219999997 ], [ -41.816754099999976, -22.41411619999996 ], [ -41.816417099999967, -22.413928399999961 ], [ -41.815903699999978, -22.413641299999938 ], [ -41.815322899999963, -22.413233699999974 ], [ -41.814815599999982, -22.412765 ], [ -41.814309099999953, -22.412332699999972 ], [ -41.814280299999965, -22.412308099999951 ], [ -41.813243199999931, -22.411476599999958 ], [ -41.812439199999972, -22.410678 ], [ -41.81283909999997, -22.409888299999974 ], [ -41.813232899999946, -22.409246699999972 ], [ -41.81349849999998, -22.408948299999956 ], [ -41.813952099999938, -22.40859319999992 ], [ -41.814026699999943, -22.40839029999994 ], [ -41.814390699999933, -22.407889 ], [ -41.814566799999966, -22.407581699999973 ], [ -41.815092, -22.407101199999939 ], [ -41.815271, -22.406990799999964 ], [ -41.816112499999981, -22.406268699999949 ], [ -41.816503399999931, -22.406024 ], [ -41.816909199999941, -22.405955399999975 ], [ -41.817198699999956, -22.405800199999931 ], [ -41.817741799999965, -22.405785299999927 ], [ -41.818204299999941, -22.405764399999949 ], [ -41.818830899999966, -22.405871799999939 ], [ -41.819338199999947, -22.405871799999936 ], [ -41.819929099999968, -22.405859899999943 ], [ -41.821033099999966, -22.406158299999955 ], [ -41.822155099999975, -22.406552199999961 ], [ -41.82311, -22.406838699999973 ], [ -41.823844099999967, -22.407047499999976 ], [ -41.824291699999947, -22.407178799999929 ], [ -41.824816799999951, -22.407029599999927 ], [ -41.824816799999951, -22.406779 ], [ -41.825407699999978, -22.406337299999954 ], [ -41.826696799999972, -22.405507799999953 ], [ -41.827460699999961, -22.405054199999935 ], [ -41.827753099999946, -22.405119899999921 ], [ -41.828303299999959, -22.405322 ], [ -41.828490199999976, -22.405261599999953 ], [ -41.828734799999943, -22.405366 ], [ -41.829048199999932, -22.405425699999963 ], [ -41.829895599999936, -22.405942 ], [ -41.830146299999967, -22.405903199999948 ], [ -41.830399899999975, -22.406028499999923 ], [ -41.830692399999975, -22.406112 ], [ -41.830871399999985, -22.406362699999921 ], [ -41.831142899999975, -22.406693899999933 ], [ -41.831423399999956, -22.406849099999921 ], [ -41.831906799999956, -22.407004299999976 ], [ -41.832196299999971, -22.407061 ], [ -41.832742399999972, -22.40721609999996 ], [ -41.832969099999964, -22.407356399999966 ], [ -41.833139199999955, -22.407434 ], [ -41.833237699999984, -22.407642799999948 ], [ -41.833458499999942, -22.407775599999979 ], [ -41.833792699999947, -22.408008399999961 ], [ -41.834204499999949, -22.408190399999963 ], [ -41.834422399999937, -22.408187399999985 ], [ -41.834559599999977, -22.407951699999952 ], [ -41.834992299999954, -22.407942699999971 ], [ -41.83575019999995, -22.408008399999961 ], [ -41.835953199999956, -22.408124799999936 ], [ -41.836120299999948, -22.408148599999944 ], [ -41.836159399999985, -22.407995199999963 ], [ -41.836763799999972, -22.408108499999962 ], [ -41.838888699999977, -22.409213399999935 ], [ -41.8408247, -22.410223899999941 ], [ -41.842109099999959, -22.409959499999953 ], [ -41.843487899999957, -22.409704499999965 ], [ -41.845527799999957, -22.409336199999924 ], [ -41.846935, -22.409459 ], [ -41.848482199999985, -22.409591099999943 ], [ -41.848694899999948, -22.409833099999961 ], [ -41.849172299999957, -22.409785399999969 ], [ -41.849017099999969, -22.408914 ], [ -41.848838099999973, -22.40830529999992 ], [ -41.848659, -22.407601099999969 ], [ -41.849482599999938, -22.407434 ], [ -41.851547599999947, -22.407696599999952 ], [ -41.852920199999978, -22.407983 ], [ -41.854185399999942, -22.408078499999924 ], [ -41.855032899999962, -22.408353 ], [ -41.855653599999975, -22.408926 ], [ -41.856512899999984, -22.409558599999958 ], [ -41.85740809999993, -22.410238899999975 ] ], [ [ -41.858337499999948, -22.380521699999964 ], [ -41.857878, -22.381134399999944 ], [ -41.857944099999948, -22.38197829999994 ], [ -41.858139299999955, -22.382551899999953 ], [ -41.858238399999955, -22.38333579999993 ], [ -41.858070199999929, -22.383425899999956 ], [ -41.857739799999941, -22.383519 ], [ -41.857346399999983, -22.383669199999925 ], [ -41.856817799999931, -22.383678199999963 ], [ -41.855910799999947, -22.384215799999932 ], [ -41.855993599999977, -22.384331199999966 ], [ -41.854620399999931, -22.385286 ], [ -41.852924499999965, -22.384126599999945 ], [ -41.851765099999973, -22.383149299999939 ], [ -41.848555199999971, -22.382766 ], [ -41.847846199999942, -22.382756399999959 ], [ -41.847764899999959, -22.382699 ], [ -41.844877799999956, -22.38065679999994 ], [ -41.842452699999967, -22.379001599999974 ], [ -41.8487674, -22.371536699999979 ], [ -41.849720099999963, -22.372472899999927 ], [ -41.850559199999964, -22.37270529999995 ], [ -41.850856599999936, -22.372058799999916 ], [ -41.85136719999997, -22.371323099999916 ], [ -41.857388199999953, -22.369701499999959 ], [ -41.85759239999993, -22.369722 ], [ -41.857827699999966, -22.369744899999944 ], [ -41.859072199999957, -22.370040299999975 ], [ -41.859303899999929, -22.370125599999934 ], [ -41.859622599999973, -22.370324299999933 ], [ -41.859856199999975, -22.370541099999961 ], [ -41.86004139999995, -22.370842599999936 ], [ -41.860117899999977, -22.370954299999941 ], [ -41.860549299999946, -22.371382499999971 ], [ -41.860581099999933, -22.371502899999932 ], [ -41.86056879999996, -22.371656799999979 ], [ -41.860487, -22.371772799999963 ], [ -41.860383, -22.371949 ], [ -41.86031, -22.372123399999957 ], [ -41.860242199999966, -22.372290899999946 ], [ -41.860205599999972, -22.372425 ], [ -41.860184, -22.372619799999931 ], [ -41.860189099999964, -22.372802199999967 ], [ -41.860218599999939, -22.372959599999934 ], [ -41.860267399999941, -22.373111799999943 ], [ -41.860324399999968, -22.373234899999936 ], [ -41.860397399999961, -22.373367199999954 ], [ -41.860463199999977, -22.373467599999959 ], [ -41.860541099999978, -22.373546599999944 ], [ -41.860646, -22.373616399999932 ], [ -41.860783499999975, -22.373687599999982 ], [ -41.860896699999962, -22.373734 ], [ -41.860990499999957, -22.373796299999981 ], [ -41.861076799999978, -22.373914299999964 ], [ -41.86112239999995, -22.374062399999946 ], [ -41.861178, -22.37418069999994 ], [ -41.861224899999975, -22.374267 ], [ -41.861554299999973, -22.374708699999918 ], [ -41.861685, -22.374908599999955 ], [ -41.8618173, -22.37519529999998 ], [ -41.861911799999973, -22.375430499999929 ], [ -41.862059, -22.375532699999951 ], [ -41.862197699999975, -22.375659499999983 ], [ -41.862274399999933, -22.37576579999995 ], [ -41.862289499999974, -22.375931799999922 ], [ -41.862269199999957, -22.376088599999949 ], [ -41.86226239999997, -22.37624529999993 ], [ -41.862299, -22.376379299999936 ], [ -41.862386099999981, -22.376502599999981 ], [ -41.862472799999978, -22.376629599999944 ], [ -41.862574, -22.37682169999993 ], [ -41.862745699999948, -22.37713849999993 ], [ -41.862860699999935, -22.377296099999967 ], [ -41.862982099999961, -22.377461199999964 ], [ -41.863015299999979, -22.377502199999974 ], [ -41.861127599999975, -22.379212299999939 ], [ -41.860830199999953, -22.379005 ], [ -41.860208599999972, -22.378806799999943 ], [ -41.859737, -22.378794799999984 ], [ -41.859283499999947, -22.378993 ], [ -41.858974199999977, -22.379509599999949 ], [ -41.858334499999955, -22.380155299999956 ], [ -41.858337499999948, -22.380521699999964 ] ] ], [ [ [ -41.778216699999973, -22.30608919999997 ], [ -41.777665899999931, -22.30650519999994 ], [ -41.777790399999958, -22.306667499999943 ], [ -41.778279, -22.307112399999927 ], [ -41.778660399999978, -22.30743539999996 ], [ -41.782941099999967, -22.310572699999959 ], [ -41.78462159999998, -22.308078399999939 ], [ -41.786379099999976, -22.306197599999948 ], [ -41.790585799999988, -22.301668299999946 ], [ -41.790915699999964, -22.301258699999956 ], [ -41.793582599999979, -22.299306599999969 ], [ -41.795246099999922, -22.297999699999934 ], [ -41.78889159999995, -22.296072799999934 ], [ -41.787145799999962, -22.297656299999964 ], [ -41.778216699999973, -22.30608919999997 ] ] ], [ [ [ -41.789282799999974, -22.285935299999942 ], [ -41.788991499999952, -22.286131 ], [ -41.78855469999997, -22.286594099999949 ], [ -41.788266799999974, -22.286838199999984 ], [ -41.788077299999941, -22.286949799999935 ], [ -41.787633399999955, -22.287077899999925 ], [ -41.787239399999983, -22.287090599999935 ], [ -41.786826399999946, -22.28701419999992 ], [ -41.786207299999944, -22.286811799999949 ], [ -41.78589309999996, -22.286751699999957 ], [ -41.785489699999978, -22.28675169999995 ], [ -41.785422799999935, -22.286770799999935 ], [ -41.785467699999977, -22.28681929999993 ], [ -41.788366199999984, -22.289956099999916 ], [ -41.794732199999935, -22.283979299999931 ], [ -41.793164099999963, -22.282166499999953 ], [ -41.793137299999948, -22.282135499999967 ], [ -41.792682299999974, -22.282703699999953 ], [ -41.791949099999961, -22.283498099999971 ], [ -41.791206799999941, -22.284312099999958 ], [ -41.790960899999959, -22.284669 ], [ -41.790691099999954, -22.285176199999963 ], [ -41.790490599999949, -22.285412499999936 ], [ -41.790321099999979, -22.285505599999954 ], [ -41.789738699999937, -22.285715699999958 ], [ -41.789282799999974, -22.285935299999942 ] ] ], [ [ [ -41.981941, -22.26984159999995 ], [ -41.982051199999944, -22.269659199999982 ], [ -41.98218379999998, -22.269456399999957 ], [ -41.982275399999935, -22.26925939999995 ], [ -41.982413899999983, -22.268885099999977 ], [ -41.982470399999954, -22.268690099999951 ], [ -41.982458699999938, -22.268360499999964 ], [ -41.982454799999978, -22.268214299999951 ], [ -41.982140899999933, -22.266976099999955 ], [ -41.981676299999954, -22.265189499999966 ], [ -41.981549399999949, -22.264735799999972 ], [ -41.981427, -22.264263599999921 ], [ -41.981468499999956, -22.264238099999933 ], [ -41.987735799999939, -22.260282399999937 ], [ -41.986639399999945, -22.258678799999927 ], [ -41.985806599999933, -22.257767899999973 ], [ -41.983575199999969, -22.256036599999948 ], [ -41.983029299999949, -22.255635499999975 ], [ -41.982572399999981, -22.256276 ], [ -41.98197609999994, -22.256946699999951 ], [ -41.98185529999995, -22.257054 ], [ -41.981678, -22.257120099999948 ], [ -41.981453, -22.257068099999966 ], [ -41.981147599999986, -22.256946399999944 ], [ -41.98073769999997, -22.25685279999993 ], [ -41.980557199999971, -22.256878899999951 ], [ -41.980369199999984, -22.256993799999975 ], [ -41.980223299999984, -22.256997699999928 ], [ -41.9799465, -22.257164399999962 ], [ -41.979737499999942, -22.256918699999972 ], [ -41.979512899999982, -22.256619899999983 ], [ -41.979311399999972, -22.256418399999983 ], [ -41.978678899999977, -22.256687399999969 ], [ -41.9777529, -22.256287099999945 ], [ -41.977139899999948, -22.255863799999926 ], [ -41.976619299999982, -22.255475199999967 ], [ -41.976088699999934, -22.254660899999969 ], [ -41.975860399999931, -22.254376799999925 ], [ -41.975587499999961, -22.254170799999937 ], [ -41.975418799999943, -22.254101 ], [ -41.973855499999956, -22.253847799999967 ], [ -41.973461, -22.253562399999968 ], [ -41.972938499999948, -22.252813899999953 ], [ -41.972754899999977, -22.252517299999965 ], [ -41.972703599999932, -22.252406799999964 ], [ -41.972265199999981, -22.252577399999947 ], [ -41.970181599999925, -22.252569499999932 ], [ -41.970699399999944, -22.254619399999964 ], [ -41.971387799999945, -22.257279599999947 ], [ -41.971657699999987, -22.258472599999948 ], [ -41.971867699999962, -22.258524399999935 ], [ -41.972081, -22.258625399999971 ], [ -41.97286, -22.259034099999941 ], [ -41.973151399999942, -22.259233699999974 ], [ -41.974112599999962, -22.259817299999945 ], [ -41.974382399999975, -22.259937299999919 ], [ -41.974537399999974, -22.259969599999973 ], [ -41.974717099999971, -22.26005229999992 ], [ -41.974850899999986, -22.260166299999973 ], [ -41.974921299999949, -22.260300799999989 ], [ -41.975028699999939, -22.260596899999936 ], [ -41.975182299999979, -22.260757499999951 ], [ -41.975601, -22.260866699999951 ], [ -41.976352299999974, -22.26104759999992 ], [ -41.976648699999942, -22.261097899999971 ], [ -41.977364499999958, -22.261055699999918 ], [ -41.977699899999941, -22.261098199999925 ], [ -41.97817409999994, -22.260967299999944 ], [ -41.978474899999974, -22.261118599999971 ], [ -41.9787487, -22.261165399999971 ], [ -41.97918309999995, -22.261069099999919 ], [ -41.979337399999963, -22.261151 ], [ -41.979444, -22.261251299999962 ], [ -41.979682199999957, -22.26173609999994 ], [ -41.979772099999941, -22.262216499999955 ], [ -41.97961319999996, -22.262323799999923 ], [ -41.979583399999967, -22.26239559999993 ], [ -41.979631599999955, -22.262488599999973 ], [ -41.979813299999932, -22.262634099999957 ], [ -41.979923499999984, -22.262879099999971 ], [ -41.979898399999968, -22.263122899999928 ], [ -41.979692499999949, -22.263401 ], [ -41.979696599999954, -22.26366229999995 ], [ -41.980022799999979, -22.26394689999994 ], [ -41.98013629999997, -22.26418429999995 ], [ -41.980256299999951, -22.26441509999994 ], [ -41.980245599999932, -22.26455 ], [ -41.980092699999936, -22.264681 ], [ -41.979929399999946, -22.264758 ], [ -41.979782899999975, -22.265044599999946 ], [ -41.979782699999937, -22.265344499999966 ], [ -41.979635499999972, -22.265510499999948 ], [ -41.979511599999967, -22.265600699999933 ], [ -41.979238199999941, -22.26592869999995 ], [ -41.979147399999938, -22.266278699999919 ], [ -41.979161899999959, -22.266569399999973 ], [ -41.979256299999975, -22.266844199999976 ], [ -41.979296699999963, -22.26710369999995 ], [ -41.979307299999959, -22.267224 ], [ -41.97950369999996, -22.267296 ], [ -41.979619099999979, -22.267475299999941 ], [ -41.979659899999945, -22.267634699999956 ], [ -41.979512599999971, -22.267769 ], [ -41.979461299999969, -22.267859299999937 ], [ -41.979617399999945, -22.268388499999968 ], [ -41.979796, -22.268384 ], [ -41.980161499999952, -22.268121299999965 ], [ -41.980229799999968, -22.268076899999972 ], [ -41.980368199999937, -22.268039199999972 ], [ -41.980492, -22.268020099999948 ], [ -41.980667799999942, -22.268134199999963 ], [ -41.980724099999968, -22.268391299999966 ], [ -41.980635099999979, -22.268663 ], [ -41.980637, -22.268938099999961 ], [ -41.980779, -22.269269899999916 ], [ -41.980813499999954, -22.269539299999959 ], [ -41.980931199999937, -22.269707599999951 ], [ -41.981091599999957, -22.269826899999948 ], [ -41.981412599999942, -22.270243799999943 ], [ -41.981561399999975, -22.270381099999938 ], [ -41.981594399999956, -22.270331299999935 ], [ -41.981941, -22.26984159999995 ] ] ] ] } }
]
}
