{
"type": "FeatureCollection",
"name": "3303401",
"crs": { "type": "name", "properties": { "name": "urn:ogc:def:crs:OGC:1.3:CRS84" } },
"features": [
{ "type": "Feature", "properties": { "CD_MUN": "3303401", "NM_MUN": "Nova Friburgo" }, "geometry": { "type": "MultiPolygon", "coordinates": [ [ [ [ -42.329351499999973, -22.357361599999933 ], [ -42.329651, -22.357185599999969 ], [ -42.329976699999975, -22.357035899999964 ], [ -42.330163899999953, -22.35687859999997 ], [ -42.330455899999947, -22.356579099999973 ], [ -42.330875199999987, -22.356264699999933 ], [ -42.331293699999947, -22.35604589999998 ], [ -42.331228499999945, -22.35599029999997 ], [ -42.331317899999931, -22.355996499999947 ], [ -42.331365799999958, -22.355989399999935 ], [ -42.331416, -22.355982 ], [ -42.333397399999967, -22.355688099999945 ], [ -42.33276, -22.354703099999934 ], [ -42.332528199999956, -22.353457299999953 ], [ -42.332558799999966, -22.353208299999945 ], [ -42.33257, -22.353117199999925 ], [ -42.332583799999952, -22.35300519999992 ], [ -42.332603799999951, -22.352842299999971 ], [ -42.332677499999932, -22.352242099999955 ], [ -42.33320539999994, -22.352578599999958 ], [ -42.333214299999959, -22.352592499999954 ], [ -42.333257, -22.352482799999954 ], [ -42.333732, -22.351071699999984 ], [ -42.333782599999957, -22.350883099999962 ], [ -42.333756299999948, -22.350328699999977 ], [ -42.333650899999959, -22.348559699999946 ], [ -42.333526499999948, -22.347637299999978 ], [ -42.333277799999969, -22.346103299999967 ], [ -42.333260499999945, -22.345738799999932 ], [ -42.333067, -22.344467299999948 ], [ -42.332929699999958, -22.343357099999938 ], [ -42.332899899999973, -22.343239099999955 ], [ -42.331456199999941, -22.342833199999973 ], [ -42.331020799999969, -22.342701 ], [ -42.330318599999941, -22.342400399999963 ], [ -42.329975, -22.342231199999961 ], [ -42.329345, -22.341953399999966 ], [ -42.32918369999993, -22.341867899999951 ], [ -42.329115499999951, -22.341966199999938 ], [ -42.329088399999939, -22.342019499999928 ], [ -42.328987399999967, -22.342145799999965 ], [ -42.328950499999962, -22.34223139999995 ], [ -42.328771699999955, -22.342587 ], [ -42.328701699999954, -22.342748299999986 ], [ -42.328665, -22.342814299999933 ], [ -42.326531, -22.342998199999951 ], [ -42.323952399999946, -22.343490799999923 ], [ -42.320852399999978, -22.344417899999939 ], [ -42.320582199999933, -22.344624899999928 ], [ -42.320386499999977, -22.344376899999933 ], [ -42.320432199999978, -22.343908599999953 ], [ -42.320877699999983, -22.343703 ], [ -42.321505899999977, -22.343651599999927 ], [ -42.321728699999937, -22.343537299999976 ], [ -42.321865699999933, -22.343211799999946 ], [ -42.322117, -22.34296049999994 ], [ -42.322334, -22.342926299999917 ], [ -42.322562499999947, -22.342817699999955 ], [ -42.322665299999983, -22.342732099999971 ], [ -42.323830299999941, -22.342320899999947 ], [ -42.324087299999981, -22.342229499999963 ], [ -42.324292899999932, -22.342058199999933 ], [ -42.324607, -22.342035299999957 ], [ -42.324704099999956, -22.341966799999973 ], [ -42.324635599999958, -22.341658399999972 ], [ -42.324544199999934, -22.341527 ], [ -42.324190099999953, -22.341235799999922 ], [ -42.323796099999981, -22.340944499999971 ], [ -42.323527599999977, -22.340761799999928 ], [ -42.323019399999964, -22.340807399999949 ], [ -42.322665299999983, -22.340841699999942 ], [ -42.322214099999947, -22.341361399999975 ], [ -42.3218543, -22.341207199999925 ], [ -42.321654399999943, -22.341121599999948 ], [ -42.321477399999942, -22.340973099999935 ], [ -42.321283199999982, -22.340773199999948 ], [ -42.320814899999959, -22.340659 ], [ -42.320329399999942, -22.34059039999994 ], [ -42.319963899999948, -22.340493299999931 ], [ -42.319587, -22.340487599999957 ], [ -42.319309799999985, -22.340585699999977 ], [ -42.319226499999964, -22.340508 ], [ -42.319053799999956, -22.340387099999933 ], [ -42.31810709999997, -22.339671899999921 ], [ -42.317886, -22.339523299999936 ], [ -42.317972399999974, -22.339022399999966 ], [ -42.318058799999967, -22.33826919999996 ], [ -42.318131299999948, -22.337716399999977 ], [ -42.318157199999973, -22.337571299999968 ], [ -42.317708099999948, -22.337550599999929 ], [ -42.317683899999963, -22.337512599999975 ], [ -42.317315899999983, -22.336486399999949 ], [ -42.317409199999936, -22.336351699999963 ], [ -42.317834199999936, -22.335678 ], [ -42.317582, -22.335605399999956 ], [ -42.317208799999946, -22.335512099999953 ], [ -42.316935899999983, -22.335418899999972 ], [ -42.316863299999966, -22.335501799999978 ], [ -42.316569699999945, -22.335688299999958 ], [ -42.316263899999967, -22.335836899999943 ], [ -42.315424399999984, -22.335104499999932 ], [ -42.314700599999988, -22.33434439999996 ], [ -42.314106299999935, -22.334475699999928 ], [ -42.313902499999983, -22.333895199999965 ], [ -42.313729699999946, -22.333290599999941 ], [ -42.313553499999962, -22.332876 ], [ -42.313484399999943, -22.33296579999995 ], [ -42.312907399999972, -22.333525499999954 ], [ -42.312499799999955, -22.333940099999943 ], [ -42.31242119999996, -22.334004699999976 ], [ -42.312503399999969, -22.33436 ], [ -42.312578799999983, -22.335680099999927 ], [ -42.312733399999964, -22.33590479999998 ], [ -42.312829399999949, -22.335935399999986 ], [ -42.313203499999936, -22.335896899999955 ], [ -42.313626699999936, -22.336553 ], [ -42.313778499999955, -22.336573199999972 ], [ -42.314074, -22.336562499999957 ], [ -42.314803799999936, -22.337206599999949 ], [ -42.315414599999947, -22.337626199999939 ], [ -42.315707699999962, -22.337912499999952 ], [ -42.315977, -22.338449099999924 ], [ -42.316053199999942, -22.338705399999981 ], [ -42.317097299999951, -22.339456899999956 ], [ -42.317244299999963, -22.339710599999929 ], [ -42.317357099999974, -22.340120199999941 ], [ -42.317513, -22.340586299999938 ], [ -42.317951, -22.340842199999944 ], [ -42.317358399999932, -22.340921599999941 ], [ -42.317010099999948, -22.341013 ], [ -42.316250499999967, -22.341098599999945 ], [ -42.314799899999961, -22.341349899999955 ], [ -42.31199, -22.341761099999921 ], [ -42.311304699999944, -22.342743399999954 ], [ -42.311281799999961, -22.343291699999956 ], [ -42.311373199999935, -22.343931299999944 ], [ -42.311281799999968, -22.344730899999941 ], [ -42.311179, -22.345587499999962 ], [ -42.3114303, -22.346101499999968 ], [ -42.31179579999997, -22.346455599999967 ], [ -42.312001399999986, -22.346695499999957 ], [ -42.311841499999957, -22.346981 ], [ -42.312001399999986, -22.347346599999984 ], [ -42.312629699999945, -22.347575 ], [ -42.31308649999994, -22.34822609999997 ], [ -42.313497699999971, -22.348511599999934 ], [ -42.313908899999952, -22.34844309999994 ], [ -42.315439499999968, -22.348625799999983 ], [ -42.31611689999994, -22.348971599999967 ], [ -42.312728199999981, -22.352771699999952 ], [ -42.312724, -22.352801099999962 ], [ -42.313225399999972, -22.353201199999948 ], [ -42.313365199999971, -22.353312799999969 ], [ -42.313417899999934, -22.353354799999973 ], [ -42.313615399999946, -22.353512399999936 ], [ -42.315319699999975, -22.354872199999924 ], [ -42.315814099999962, -22.354907 ], [ -42.31581029999996, -22.354910799999978 ], [ -42.315871899999941, -22.354984299999952 ], [ -42.317786799999972, -22.356380699999924 ], [ -42.318975499999965, -22.357234299999966 ], [ -42.320003199999981, -22.357998 ], [ -42.321010299999948, -22.358031699999973 ], [ -42.324795299999948, -22.359686499999945 ], [ -42.326060699999971, -22.35966779999994 ], [ -42.326682199999937, -22.359207299999987 ], [ -42.327021, -22.358432299999933 ], [ -42.327664899999945, -22.358016799999977 ], [ -42.328434299999969, -22.358009299999917 ], [ -42.328906, -22.357709799999959 ], [ -42.329351499999973, -22.357361599999933 ] ] ], [ [ [ -42.331421599999942, -22.337976299999976 ], [ -42.330408199999965, -22.339282399999934 ], [ -42.331278899999973, -22.34051339999996 ], [ -42.332817699999964, -22.341151499999967 ], [ -42.334904499999944, -22.340663599999971 ], [ -42.335805199999982, -22.338610599999971 ], [ -42.33658209999993, -22.337173099999973 ], [ -42.336011599999949, -22.336670199999954 ], [ -42.334604199999944, -22.336978 ], [ -42.33391359999996, -22.337030499999965 ], [ -42.333275599999979, -22.336689 ], [ -42.332130899999981, -22.335863299999968 ], [ -42.330832299999948, -22.334789899999972 ], [ -42.330607099999959, -22.333791599999916 ], [ -42.330273099999943, -22.333258599999965 ], [ -42.328809299999939, -22.333730499999948 ], [ -42.328822699999932, -22.333840399999922 ], [ -42.328934899999979, -22.33392339999995 ], [ -42.329133799999966, -22.334179199999937 ], [ -42.329144899999967, -22.334399899999934 ], [ -42.329053499999922, -22.334802199999956 ], [ -42.328911399999974, -22.33501229999996 ], [ -42.328289299999931, -22.335376 ], [ -42.32797979999998, -22.335463699999934 ], [ -42.327621499999964, -22.335386499999981 ], [ -42.327773499999985, -22.33591209999997 ], [ -42.329424899999935, -22.336760299999973 ], [ -42.331421599999942, -22.337976299999976 ] ] ], [ [ [ -42.305092699999932, -22.329365299999946 ], [ -42.304953799999971, -22.32990849999992 ], [ -42.304325399999982, -22.330053699999937 ], [ -42.303880099999958, -22.330183199999976 ], [ -42.303520099999965, -22.330378199999917 ], [ -42.303561199999933, -22.3307761 ], [ -42.303586499999938, -22.330943399999967 ], [ -42.304344299999968, -22.331167599999951 ], [ -42.305885299999943, -22.33049109999995 ], [ -42.306504199999956, -22.330825799999946 ], [ -42.30668419999995, -22.33134679999996 ], [ -42.307879399999933, -22.332134699999983 ], [ -42.308252, -22.332652599999957 ], [ -42.308675199999982, -22.333132499999973 ], [ -42.309698299999972, -22.332355699999937 ], [ -42.309853699999962, -22.332149799999971 ], [ -42.309754599999955, -22.332066799999943 ], [ -42.309891, -22.332008199999962 ], [ -42.310117299999952, -22.331927399999916 ], [ -42.310354299999972, -22.331764599999918 ], [ -42.31053129999998, -22.331610399999928 ], [ -42.31061409999996, -22.331442 ], [ -42.310682699999965, -22.33139059999996 ], [ -42.310702699999986, -22.33123919999997 ], [ -42.310814, -22.331176399999944 ], [ -42.311082499999948, -22.330822299999962 ], [ -42.311448, -22.330439699999939 ], [ -42.31169349999994, -22.330154099999948 ], [ -42.311876299999938, -22.329931399999971 ], [ -42.312093299999965, -22.329857099999977 ], [ -42.312333199999955, -22.329565899999977 ], [ -42.312527399999972, -22.329228899999976 ], [ -42.312458799999945, -22.329029 ], [ -42.312373199999968, -22.32882909999995 ], [ -42.312121899999973, -22.328846299999949 ], [ -42.311705, -22.328846299999942 ], [ -42.311282299999959, -22.328863399999936 ], [ -42.310911099999942, -22.328743499999966 ], [ -42.310694099999985, -22.328777699999929 ], [ -42.309980199999984, -22.328834799999971 ], [ -42.309620399999979, -22.328861199999956 ], [ -42.309594699999934, -22.328978299999957 ], [ -42.309534799999938, -22.329058199999974 ], [ -42.30927209999993, -22.329192399999958 ], [ -42.30894939999996, -22.329295199999933 ], [ -42.308743799999952, -22.329340899999981 ], [ -42.308563899999967, -22.329354599999917 ], [ -42.308391399999948, -22.329320099999947 ], [ -42.308292599999966, -22.329300299999947 ], [ -42.308139299999937, -22.329256499999929 ], [ -42.307992799999965, -22.329214599999951 ], [ -42.307964199999965, -22.329209099999947 ], [ -42.307875699999954, -22.329191799999933 ], [ -42.307827, -22.329195199999948 ], [ -42.307752899999969, -22.32920039999993 ], [ -42.307683699999984, -22.329237899999953 ], [ -42.307652899999944, -22.329254599999956 ], [ -42.307541199999953, -22.329368599999952 ], [ -42.307507299999941, -22.329403099999979 ], [ -42.307418099999957, -22.329539799999967 ], [ -42.307366799999961, -22.329480599999954 ], [ -42.307417499999978, -22.329169299999929 ], [ -42.307407399999931, -22.329064399999929 ], [ -42.307125199999973, -22.328924799999978 ], [ -42.306737399999982, -22.328753199999923 ], [ -42.305970599999966, -22.328202199999961 ], [ -42.305757299999982, -22.328023799999986 ], [ -42.305695299999968, -22.327924199999938 ], [ -42.305688499999974, -22.32778879999994 ], [ -42.305731399999956, -22.327749799999925 ], [ -42.305762899999934, -22.327721199999928 ], [ -42.305697099999975, -22.327646399999932 ], [ -42.305800599999934, -22.327575299999978 ], [ -42.305906599999958, -22.327502399999954 ], [ -42.305927899999972, -22.327134399999967 ], [ -42.305691099999933, -22.326736499999978 ], [ -42.305296399999975, -22.326626 ], [ -42.303992199999982, -22.326815399999916 ], [ -42.303048099999955, -22.326973299999953 ], [ -42.30219859999994, -22.326588099999984 ], [ -42.301838599999947, -22.327027 ], [ -42.30155439999993, -22.327399599999985 ], [ -42.301871399999982, -22.327569399999955 ], [ -42.302130699999964, -22.327736699999932 ], [ -42.302183299999975, -22.327763299999955 ], [ -42.302667499999984, -22.328008299999969 ], [ -42.302610699999953, -22.32816929999996 ], [ -42.302689599999958, -22.32824509999994 ], [ -42.302923299999975, -22.328311399999951 ], [ -42.303564299999948, -22.328459099999971 ], [ -42.304656899999948, -22.328301199999927 ], [ -42.305263199999956, -22.328885399999923 ], [ -42.305092699999932, -22.329365299999946 ] ] ], [ [ [ -42.33606, -22.327518899999976 ], [ -42.336833899999924, -22.327567199999962 ], [ -42.338333399999954, -22.327059399999946 ], [ -42.341042099999981, -22.325971 ], [ -42.341598399999945, -22.324882699999939 ], [ -42.342275599999944, -22.323407399999951 ], [ -42.342614699999963, -22.322527299999926 ], [ -42.343048499999959, -22.321326499999952 ], [ -42.343133199999954, -22.32110879999993 ], [ -42.343639799999956, -22.321115599999935 ], [ -42.343740799999978, -22.321117 ], [ -42.344634799999945, -22.32108889999995 ], [ -42.345764899999942, -22.321150699999972 ], [ -42.346810699999935, -22.321173199999969 ], [ -42.3495152, -22.321178899999946 ], [ -42.350233799999963, -22.32113279999993 ], [ -42.350974899999983, -22.321024699999938 ], [ -42.351752099999935, -22.320911499999948 ], [ -42.352140899999945, -22.320492899999966 ], [ -42.352483899999989, -22.320138699999962 ], [ -42.352679799999976, -22.319881599999963 ], [ -42.353070399999979, -22.320158 ], [ -42.354488499999945, -22.320354399999918 ], [ -42.354915499999954, -22.320191399999935 ], [ -42.355567299999962, -22.32023 ], [ -42.355902, -22.320333399999974 ], [ -42.35635579999996, -22.3207 ], [ -42.356387099999957, -22.320292899999956 ], [ -42.356360399999971, -22.319852399999942 ], [ -42.356200199999932, -22.319024799999966 ], [ -42.356186899999962, -22.318210499999957 ], [ -42.354678499999984, -22.31821049999996 ], [ -42.353850899999941, -22.318237199999931 ], [ -42.352035499999943, -22.317449699999937 ], [ -42.349205699999963, -22.317596499999979 ], [ -42.348992099999982, -22.317035899999947 ], [ -42.348458199999982, -22.31588789999995 ], [ -42.34761729999996, -22.315874599999958 ], [ -42.346682899999962, -22.316555399999974 ], [ -42.346122299999941, -22.316728899999926 ], [ -42.345695099999951, -22.317656599999953 ], [ -42.345382399999949, -22.318400199999932 ], [ -42.345279399999981, -22.318438299999968 ], [ -42.344647799999962, -22.318595499999965 ], [ -42.343411799999956, -22.31909949999994 ], [ -42.342755699999941, -22.319508299999946 ], [ -42.342498399999961, -22.32002289999998 ], [ -42.342463699999939, -22.31998759999993 ], [ -42.342459399999946, -22.319988899999945 ], [ -42.342405099999951, -22.319870699999971 ], [ -42.342287499999941, -22.319648899999947 ], [ -42.342208099999937, -22.319404299999967 ], [ -42.342191499999963, -22.317416699999971 ], [ -42.340956399999982, -22.314967699999958 ], [ -42.339948399999969, -22.313498899999946 ], [ -42.338929699999937, -22.312909299999937 ], [ -42.337733199999946, -22.313381399999972 ], [ -42.337622599999975, -22.313151 ], [ -42.336948, -22.312374199999962 ], [ -42.335762399999972, -22.310779699999948 ], [ -42.334474499999942, -22.30894 ], [ -42.332875799999954, -22.305287299999971 ], [ -42.331714899999952, -22.305526199999971 ], [ -42.3287304, -22.307406799999963 ], [ -42.324355799999985, -22.311065899999953 ], [ -42.32449889999998, -22.312374199999958 ], [ -42.324948599999971, -22.314643199999971 ], [ -42.325251299999941, -22.315282899999929 ], [ -42.325230199999964, -22.315293299999947 ], [ -42.325198299999954, -22.315306499999956 ], [ -42.325026399999956, -22.31536049999994 ], [ -42.323670099999966, -22.316255 ], [ -42.323960199999931, -22.316491199999977 ], [ -42.32328769999998, -22.316924699999962 ], [ -42.323808, -22.31790489999997 ], [ -42.323951299999969, -22.318123599999971 ], [ -42.323524299999974, -22.318940099999967 ], [ -42.323379199999984, -22.319192299999937 ], [ -42.323334299999942, -22.31929249999996 ], [ -42.3234, -22.319523899999972 ], [ -42.323469, -22.319809699999947 ], [ -42.323634799999986, -22.320590399999958 ], [ -42.324336099999982, -22.320485899999923 ], [ -42.324743699999942, -22.320434099999943 ], [ -42.324847499999969, -22.320414299999971 ], [ -42.324847899999959, -22.320458599999931 ], [ -42.32628909999994, -22.322387699999968 ], [ -42.32775289999995, -22.322522799999938 ], [ -42.328260299999961, -22.319888199999976 ], [ -42.330406599999947, -22.321757 ], [ -42.330753699999946, -22.32192029999992 ], [ -42.3316526, -22.322343399999959 ], [ -42.33112129999995, -22.323421699999979 ], [ -42.331248899999942, -22.324082199999953 ], [ -42.332209699999964, -22.325711099999982 ], [ -42.331796899999972, -22.326251499999962 ], [ -42.331061299999931, -22.326679399999918 ], [ -42.331491, -22.327239 ], [ -42.331814, -22.326981 ], [ -42.332046699999978, -22.326842299999957 ], [ -42.3324272, -22.326728199999934 ], [ -42.332597699999951, -22.326813399999939 ], [ -42.334052599999957, -22.327180299999949 ], [ -42.33606, -22.327518899999976 ] ] ], [ [ [ -42.552586499999968, -22.379656499999943 ], [ -42.552493099999936, -22.379506699999979 ], [ -42.552470699999958, -22.379103199999978 ], [ -42.552449199999963, -22.379078899999975 ], [ -42.55241239999998, -22.379037599999943 ], [ -42.552392799999957, -22.379015499999976 ], [ -42.552178699999956, -22.378774699999955 ], [ -42.552274299999965, -22.378203 ], [ -42.552961, -22.377837 ], [ -42.552980899999973, -22.37782639999995 ], [ -42.553083199999953, -22.377803099999934 ], [ -42.553157699999986, -22.377786199999946 ], [ -42.553782399999932, -22.377644099999948 ], [ -42.554700899999943, -22.377523499999935 ], [ -42.555424699999946, -22.377562799999968 ], [ -42.55573389999995, -22.377624799999978 ], [ -42.556307699999934, -22.377794199999986 ], [ -42.556783899999971, -22.377801599999934 ], [ -42.557250099999976, -22.377885 ], [ -42.557628, -22.377872499999977 ], [ -42.557707199999989, -22.377708899999941 ], [ -42.557738599999936, -22.377458599999958 ], [ -42.55768189999997, -22.377061499999964 ], [ -42.557586, -22.376494299999937 ], [ -42.557549399999978, -22.376162299999969 ], [ -42.557340499999952, -22.376026 ], [ -42.557076899999977, -22.375853899999974 ], [ -42.556806299999955, -22.375578599999976 ], [ -42.556348199999945, -22.375375899999938 ], [ -42.555884499999927, -22.375029899999959 ], [ -42.555789699999927, -22.374772499999953 ], [ -42.555581199999949, -22.37430969999998 ], [ -42.555440199999964, -22.373913899999931 ], [ -42.555212, -22.373656399999962 ], [ -42.55480979999993, -22.373499599999946 ], [ -42.555042799999967, -22.373108599999956 ], [ -42.555367, -22.37272 ], [ -42.555757299999982, -22.372332299999989 ], [ -42.556042399999967, -22.371906099999933 ], [ -42.556403899999971, -22.371653299999934 ], [ -42.55672509999993, -22.371436799999969 ], [ -42.556403099999955, -22.370939899999943 ], [ -42.556179399999969, -22.370479 ], [ -42.556126399999982, -22.36990969999993 ], [ -42.556089, -22.369482699999939 ], [ -42.556272299999932, -22.369054899999977 ], [ -42.556478399999946, -22.368847099999975 ], [ -42.55689609999996, -22.368582199999931 ], [ -42.557489699999969, -22.368448099999952 ], [ -42.558014599999971, -22.368341299999933 ], [ -42.558311099999969, -22.367697099999926 ], [ -42.558613399999949, -22.367169399999959 ], [ -42.55896249999995, -22.366655 ], [ -42.559226499999966, -22.366380199999977 ], [ -42.559564299999984, -22.366046399999952 ], [ -42.559780599999954, -22.36571819999995 ], [ -42.560039899999936, -22.365247599999982 ], [ -42.560216199999964, -22.364888699999938 ], [ -42.560391399999958, -22.364597499999942 ], [ -42.560500399999974, -22.36438069999998 ], [ -42.560780799999975, -22.364091199999955 ], [ -42.561387899999943, -22.364107899999961 ], [ -42.561784499999931, -22.364121399999924 ], [ -42.562158899999986, -22.364014 ], [ -42.562781399999956, -22.363865599999944 ], [ -42.562680899999975, -22.363556599999974 ], [ -42.562337, -22.363090199999935 ], [ -42.561955599999976, -22.362684699999928 ], [ -42.561708499999959, -22.362447299999925 ], [ -42.56155159999998, -22.362151899999958 ], [ -42.561534899999977, -22.361714699999943 ], [ -42.561391, -22.361319199999965 ], [ -42.555345199999977, -22.355661099999967 ], [ -42.555340399999984, -22.355662599999953 ], [ -42.553441499999963, -22.353879599999964 ], [ -42.552699099999984, -22.353184799999955 ], [ -42.550297299999954, -22.351075899999955 ], [ -42.546072699999968, -22.348471599999975 ], [ -42.558122199999964, -22.345143199999942 ], [ -42.558162799999934, -22.345132 ], [ -42.558166, -22.345124699999925 ], [ -42.558188399999949, -22.345147 ], [ -42.558921599999955, -22.345067799999988 ], [ -42.559687799999949, -22.34495 ], [ -42.560764699999936, -22.344821399999944 ], [ -42.562731, -22.344591 ], [ -42.563331099999978, -22.344414199999964 ], [ -42.563990099999955, -22.344140899999957 ], [ -42.564590199999941, -22.343637299999955 ], [ -42.565093799999943, -22.343273 ], [ -42.565763599999975, -22.343021099999923 ], [ -42.566604699999971, -22.342769299999929 ], [ -42.567113699999943, -22.34261929999996 ], [ -42.567987099999989, -22.342351399999931 ], [ -42.568678199999972, -22.341687099999938 ], [ -42.569074699999923, -22.341172699999955 ], [ -42.569074699999938, -22.34064229999996 ], [ -42.56893, -22.339983299999968 ], [ -42.568737099999964, -22.339335 ], [ -42.568813099999943, -22.339203899999973 ], [ -42.56756809999996, -22.338793099999972 ], [ -42.567553, -22.338782099999946 ], [ -42.566804199999979, -22.338240099999943 ], [ -42.569730799999945, -22.334631199999933 ], [ -42.569677799999965, -22.334323199999979 ], [ -42.569588799999956, -22.33384319999994 ], [ -42.569292799999971, -22.333017199999976 ], [ -42.568937799999965, -22.332217199999942 ], [ -42.568619799999965, -22.331526199999928 ], [ -42.568093799999986, -22.330552199999943 ], [ -42.567505799999935, -22.329749199999981 ], [ -42.566869799999957, -22.328927199999942 ], [ -42.566109799999936, -22.328031199999938 ], [ -42.565253899999959, -22.326865099999956 ], [ -42.565218799999975, -22.326817199999937 ], [ -42.564410799999962, -22.325820199999953 ], [ -42.563767799999944, -22.324836199999929 ], [ -42.563337799999942, -22.324441199999971 ], [ -42.56341679999997, -22.324415199999972 ], [ -42.563849799999957, -22.324070199999944 ], [ -42.564074799999958, -22.323405199999968 ], [ -42.564231799999959, -22.32273019999997 ], [ -42.564361799999972, -22.321956199999924 ], [ -42.564404799999977, -22.321135199999954 ], [ -42.56425679999996, -22.320157199999972 ], [ -42.564240699999978, -22.320054699999947 ], [ -42.564180799999981, -22.31897419999996 ], [ -42.564060799999929, -22.318042199999983 ], [ -42.563937799999962, -22.317300199999966 ], [ -42.563598799999959, -22.316681199999945 ], [ -42.563402799999956, -22.316244199999964 ], [ -42.562846799999939, -22.315306199999949 ], [ -42.562328799999932, -22.314396199999969 ], [ -42.562166399999974, -22.314089199999955 ], [ -42.561774799999959, -22.313349199999934 ], [ -42.561026799999979, -22.312309199999955 ], [ -42.560439799999983, -22.311415199999946 ], [ -42.55968079999996, -22.31045619999998 ], [ -42.558756799999962, -22.311119199999943 ], [ -42.557604799999979, -22.312131199999943 ], [ -42.556457799999983, -22.312808199999964 ], [ -42.556004299999984, -22.313350499999959 ], [ -42.555745599999966, -22.313366499999965 ], [ -42.555529499999984, -22.313379699999921 ], [ -42.555185399999971, -22.313366499999983 ], [ -42.554991299999983, -22.313388499999981 ], [ -42.554876699999966, -22.313432699999961 ], [ -42.554259099999975, -22.313794299999927 ], [ -42.553641599999928, -22.313873699999924 ], [ -42.553249, -22.313785499999934 ], [ -42.553010799999981, -22.313675299999936 ], [ -42.552732899999967, -22.313485599999989 ], [ -42.55257859999994, -22.313265 ], [ -42.552353599999947, -22.31315479999995 ], [ -42.552159499999966, -22.313093 ], [ -42.551943399999971, -22.313110699999985 ], [ -42.551577099999975, -22.313158 ], [ -42.551316399999969, -22.313338899999959 ], [ -42.551202299999943, -22.313362099999942 ], [ -42.5511274, -22.313295899999954 ], [ -42.550973, -22.313234199999947 ], [ -42.550826199999953, -22.313191099999987 ], [ -42.550399599999935, -22.312819499999936 ], [ -42.550209899999977, -22.312656299999954 ], [ -42.549918799999951, -22.312638699999976 ], [ -42.54972029999994, -22.312762199999952 ], [ -42.549671799999935, -22.312868099999946 ], [ -42.549702599999932, -22.313071 ], [ -42.549654099999941, -22.313181199999963 ], [ -42.549363, -22.313560599999949 ], [ -42.549217399999982, -22.31362229999996 ], [ -42.549138, -22.313600299999958 ], [ -42.549032199999949, -22.313423799999949 ], [ -42.548923, -22.313355599999959 ], [ -42.54888729999994, -22.313289599999962 ], [ -42.548014899999949, -22.31332539999995 ], [ -42.54741689999998, -22.31350829999997 ], [ -42.54672, -22.313592299999971 ], [ -42.546156499999945, -22.313483599999927 ], [ -42.545533699999964, -22.313340199999971 ], [ -42.545489099999948, -22.31335659999996 ], [ -42.544594799999977, -22.312418099999938 ], [ -42.544127199999934, -22.31191529999996 ], [ -42.543822899999952, -22.311531499999933 ], [ -42.543496499999947, -22.310922799999947 ], [ -42.543311199999955, -22.310173 ], [ -42.54324059999994, -22.309917099999947 ], [ -42.542808399999956, -22.308915899999928 ], [ -42.542731499999952, -22.308542299999928 ], [ -42.544995799999981, -22.307977199999968 ], [ -42.546243799999964, -22.307616199999934 ], [ -42.546633799999938, -22.306991299999922 ], [ -42.546594899999945, -22.306674199999971 ], [ -42.546650899999982, -22.306380199999971 ], [ -42.546619899999939, -22.305971199999931 ], [ -42.547145799999953, -22.30556439999997 ], [ -42.54740419999996, -22.305291799999967 ], [ -42.547492599999948, -22.304975199999934 ], [ -42.547456599999975, -22.304515199999972 ], [ -42.54766589999997, -22.304154199999964 ], [ -42.547666799999952, -22.303418899999926 ], [ -42.547446099999952, -22.303309599999981 ], [ -42.547409, -22.302944899999954 ], [ -42.547077899999977, -22.302691199999984 ], [ -42.547082599999953, -22.302116499999951 ], [ -42.547582799999937, -22.301413 ], [ -42.547545099999972, -22.301065299999948 ], [ -42.547410899999932, -22.301279 ], [ -42.547168199999938, -22.301484399999936 ], [ -42.546826399999937, -22.301546699999953 ], [ -42.546391299999982, -22.301560399999971 ], [ -42.544964399999969, -22.301923199999973 ], [ -42.544725299999975, -22.301919599999959 ], [ -42.544445899999971, -22.301487199999933 ], [ -42.543990899999983, -22.300885199999978 ], [ -42.543507899999959, -22.300640199999972 ], [ -42.543140499999936, -22.30019389999995 ], [ -42.543148199999962, -22.30006039999995 ], [ -42.541850099999976, -22.300129 ], [ -42.541899099999974, -22.300113499999942 ], [ -42.541918499999952, -22.300097399999967 ], [ -42.541972699999981, -22.300069 ], [ -42.542118599999981, -22.299992499999977 ], [ -42.542182699999962, -22.299934699999923 ], [ -42.542319, -22.29975179999996 ], [ -42.542340099999933, -22.299723599999936 ], [ -42.542559199999971, -22.299493899999955 ], [ -42.542581299999938, -22.299471299999933 ], [ -42.542853699999966, -22.299192699999924 ], [ -42.543140599999958, -22.298876599999975 ], [ -42.543292199999939, -22.298731199999963 ], [ -42.543456799999944, -22.298638499999981 ], [ -42.543618, -22.298590099999956 ], [ -42.543794399999967, -22.298567 ], [ -42.543946299999959, -22.298558499999949 ], [ -42.54405289999994, -22.298557499999959 ], [ -42.544226199999962, -22.298542699999928 ], [ -42.544335599999954, -22.298518899999959 ], [ -42.544351, -22.298514599999969 ], [ -42.544569099999933, -22.29845429999995 ], [ -42.544731799999965, -22.298426599999956 ], [ -42.544830599999948, -22.298425199999944 ], [ -42.545014299999934, -22.298460099999936 ], [ -42.545135599999973, -22.298487799999986 ], [ -42.545282599999958, -22.29853019999997 ], [ -42.545501099999967, -22.298556699999953 ], [ -42.54562679999998, -22.298584099999967 ], [ -42.545644799999934, -22.298593599999943 ], [ -42.545691799999929, -22.298618399999967 ], [ -42.545763899999947, -22.298690899999936 ], [ -42.54588119999994, -22.298765799999948 ], [ -42.54602239999997, -22.298818399999959 ], [ -42.546193599999981, -22.298851099999972 ], [ -42.546399, -22.298880499999935 ], [ -42.546496899999966, -22.298903599999964 ], [ -42.54657109999993, -22.298958799999983 ], [ -42.5467503, -22.299111099999944 ], [ -42.547050599999977, -22.299365799999975 ], [ -42.547219599999956, -22.299517199999965 ], [ -42.547405399999946, -22.299674499999977 ], [ -42.547481199999936, -22.299762799999943 ], [ -42.547647899999951, -22.300012599999945 ], [ -42.547888699999938, -22.300367 ], [ -42.548006899999962, -22.300515799999967 ], [ -42.548121099999946, -22.300626399999942 ], [ -42.548218599999984, -22.300706199999976 ], [ -42.548349499999972, -22.300787299999964 ], [ -42.548467599999981, -22.300843799999942 ], [ -42.548545899999965, -22.300871499999975 ], [ -42.54860709999997, -22.300893099999954 ], [ -42.548666199999957, -22.300943299999982 ], [ -42.548677899999973, -22.300971499999939 ], [ -42.548786599999978, -22.300902199999936 ], [ -42.548893699999951, -22.300844599999945 ], [ -42.548925899999972, -22.300808199999942 ], [ -42.548989499999948, -22.300736299999976 ], [ -42.548992199999937, -22.300729299999944 ], [ -42.549030399999936, -22.300630699999928 ], [ -42.549038899999971, -22.300567 ], [ -42.548979399999951, -22.300478699999914 ], [ -42.548868699999957, -22.300283199999971 ], [ -42.5487543, -22.300150299999935 ], [ -42.548649399999938, -22.300079499999985 ], [ -42.548616, -22.300050099999968 ], [ -42.548566799999946, -22.300006799999952 ], [ -42.548409099999965, -22.299807599999941 ], [ -42.548329399999943, -22.2996472 ], [ -42.548286399999945, -22.299485599999969 ], [ -42.548242, -22.299255499999955 ], [ -42.548204699999985, -22.299051099999925 ], [ -42.548116499999942, -22.298846399999945 ], [ -42.548026, -22.298614799999928 ], [ -42.547940399999959, -22.298423599999982 ], [ -42.547875499999975, -22.298307799999979 ], [ -42.547871799999939, -22.298250399999976 ], [ -42.547887499999952, -22.298139699999982 ], [ -42.547933299999961, -22.298020699999938 ], [ -42.54795119999995, -22.297937 ], [ -42.547918399999951, -22.297884199999952 ], [ -42.547833699999963, -22.297787499999981 ], [ -42.54771159999995, -22.297708499999956 ], [ -42.547556399999969, -22.297630899999945 ], [ -42.547450399999953, -22.297583499999984 ], [ -42.547314399999948, -22.297544299999966 ], [ -42.547213199999931, -22.297511 ], [ -42.547126599999956, -22.297488699999974 ], [ -42.547036, -22.297459499999942 ], [ -42.546965399999976, -22.297421199999977 ], [ -42.546925299999941, -22.297367899999973 ], [ -42.546881799999937, -22.297250299999973 ], [ -42.546843399999943, -22.297102599999963 ], [ -42.546800899999937, -22.29697149999992 ], [ -42.546790699999974, -22.296880699999964 ], [ -42.546819599999935, -22.296859 ], [ -42.547792799999968, -22.296129199999935 ], [ -42.548460599999942, -22.29565 ], [ -42.548886, -22.295812499999958 ], [ -42.549162799999976, -22.295827399999943 ], [ -42.549454399999938, -22.295763099999924 ], [ -42.549637299999979, -22.295604899999947 ], [ -42.549924, -22.295486299999936 ], [ -42.550309499999976, -22.295461599999946 ], [ -42.55053689999994, -22.29549129999997 ], [ -42.550704899999978, -22.295575299999932 ], [ -42.550764199999954, -22.295689 ], [ -42.550764199999954, -22.295832299999969 ], [ -42.550749399999972, -22.296104099999983 ], [ -42.550823499999986, -22.296306799999964 ], [ -42.550961899999947, -22.29647979999994 ], [ -42.55113, -22.296588499999931 ], [ -42.55135729999995, -22.296682399999952 ], [ -42.551663799999972, -22.296608299999946 ], [ -42.551782399999979, -22.296613199999967 ], [ -42.552034499999934, -22.296702199999974 ], [ -42.552217399999954, -22.296682399999959 ], [ -42.552365599999973, -22.296682399999941 ], [ -42.555312299999969, -22.297376099999958 ], [ -42.555535799999973, -22.296661199999953 ], [ -42.556044799999938, -22.29582019999998 ], [ -42.556457799999968, -22.294969199999969 ], [ -42.556744799999933, -22.294621199999934 ], [ -42.55702279999997, -22.294246199999979 ], [ -42.557369799999947, -22.293809199999934 ], [ -42.55782679999993, -22.293229199999931 ], [ -42.558407799999934, -22.292714199999963 ], [ -42.55888779999998, -22.291909199999967 ], [ -42.559229799999969, -22.29121019999997 ], [ -42.559395799999947, -22.290571199999931 ], [ -42.559356099999945, -22.290391099999962 ], [ -42.5593363, -22.29030159999996 ], [ -42.559269799999981, -22.290000199999941 ], [ -42.558989799999956, -22.289346199999944 ], [ -42.558581799999963, -22.288825199999966 ], [ -42.557919799999986, -22.288445199999945 ], [ -42.557035799999937, -22.287908199999951 ], [ -42.55614079999998, -22.287507199999943 ], [ -42.555529399999955, -22.287244699999977 ], [ -42.554484799999955, -22.286796199999966 ], [ -42.554262799999947, -22.286747199999986 ], [ -42.554020799999925, -22.286680199999971 ], [ -42.55351979999994, -22.28649219999993 ], [ -42.552981799999941, -22.286204199999922 ], [ -42.552626799999985, -22.285982199999971 ], [ -42.552070799999967, -22.285586199999958 ], [ -42.551466799999957, -22.285161199999934 ], [ -42.551179799999936, -22.284949199999968 ], [ -42.551075, -22.284826 ], [ -42.551072499999975, -22.284823099999965 ], [ -42.55100879999997, -22.28474819999996 ], [ -42.550875799999979, -22.284565199999964 ], [ -42.55262179999994, -22.28452 ], [ -42.552658099999974, -22.28448729999997 ], [ -42.552675799999975, -22.284277199999959 ], [ -42.552759199999976, -22.284165399999946 ], [ -42.552970799999976, -22.284052 ], [ -42.553495099999964, -22.283831199999955 ], [ -42.553740399999974, -22.283788299999976 ], [ -42.553775599999938, -22.283798899999965 ], [ -42.553863, -22.283825099999948 ], [ -42.553955, -22.283904799999966 ], [ -42.554094799999973, -22.284108199999935 ], [ -42.554284799999948, -22.284346199999952 ], [ -42.554433199999949, -22.284473099999953 ], [ -42.554736799999944, -22.284560199999937 ], [ -42.555003499999941, -22.284603899999976 ], [ -42.555337699999939, -22.284597699999942 ], [ -42.555923299999961, -22.284545599999948 ], [ -42.556239099999971, -22.28449349999994 ], [ -42.556561099999954, -22.284444399999927 ], [ -42.556806299999955, -22.284386199999972 ], [ -42.557131299999988, -22.28434319999997 ], [ -42.557282799999946, -22.284328199999937 ], [ -42.55740179999998, -22.284194199999952 ], [ -42.557346799999948, -22.283968199999947 ], [ -42.557339799999966, -22.283850199999961 ], [ -42.557409799999952, -22.283707199999984 ], [ -42.557471799999981, -22.283500199999931 ], [ -42.557543799999969, -22.283248199999946 ], [ -42.557551399999973, -22.283162799999946 ], [ -42.55752879999995, -22.283004199999933 ], [ -42.557471699999958, -22.282804099999954 ], [ -42.557367399999976, -22.282617099999968 ], [ -42.557171199999971, -22.282479099999918 ], [ -42.557042399999943, -22.282405499999982 ], [ -42.556968799999936, -22.282301199999946 ], [ -42.556865799999969, -22.28211019999997 ], [ -42.556715799999949, -22.281810199999935 ], [ -42.556582499999926, -22.281654399999987 ], [ -42.556420799999955, -22.281462199999964 ], [ -42.556279, -22.281317099999967 ], [ -42.556260599999973, -22.281099399999967 ], [ -42.556308, -22.28095129999997 ], [ -42.556178599999953, -22.280876399999951 ], [ -42.555839299999953, -22.280605699999963 ], [ -42.555625499999969, -22.280466699999973 ], [ -42.554795799999965, -22.280722799999978 ], [ -42.55418119999996, -22.280891799999949 ], [ -42.554114599999934, -22.28093269999993 ], [ -42.55384829999997, -22.281465399999945 ], [ -42.553519699999981, -22.282321299999975 ], [ -42.553186899999957, -22.282343799999978 ], [ -42.551950099999942, -22.282581899999965 ], [ -42.550985, -22.282844099999977 ], [ -42.55023209999996, -22.282767299999918 ], [ -42.549709699999944, -22.282337 ], [ -42.549400799999944, -22.281853199999951 ], [ -42.548790399999973, -22.28126679999998 ], [ -42.548560799999962, -22.281046199999928 ], [ -42.547834799999976, -22.280412199999944 ], [ -42.547270799999978, -22.279961199999949 ], [ -42.547054799999962, -22.279533199999939 ], [ -42.546965099999966, -22.279404899999971 ], [ -42.546174799999967, -22.278274199999935 ], [ -42.544773799999973, -22.276817199999982 ], [ -42.543468799999978, -22.27545219999995 ], [ -42.542555799999953, -22.274418199999943 ], [ -42.542394799999954, -22.274172199999953 ], [ -42.542177799999934, -22.273835199999944 ], [ -42.542698799999975, -22.273436199999935 ], [ -42.54303079999994, -22.272773199999946 ], [ -42.543315, -22.272231699999967 ], [ -42.54340179999997, -22.272066199999987 ], [ -42.543996799999945, -22.270793199999954 ], [ -42.544753799999967, -22.269089199999943 ], [ -42.545412799999951, -22.267447199999939 ], [ -42.545967799999964, -22.266218199999983 ], [ -42.546069799999934, -22.265958199999943 ], [ -42.546209899999951, -22.264982799999931 ], [ -42.54622379999995, -22.264886199999975 ], [ -42.546228699999965, -22.264804599999927 ], [ -42.545960599999944, -22.264663199999973 ], [ -42.545274199999938, -22.264458699999977 ], [ -42.544674499999985, -22.263735199999932 ], [ -42.544560399999966, -22.263562099999941 ], [ -42.544714899999967, -22.263196799999942 ], [ -42.544688099999973, -22.263053199999941 ], [ -42.544624599999963, -22.262712899999933 ], [ -42.544644299999959, -22.262288099999978 ], [ -42.544826499999949, -22.261750899999981 ], [ -42.544713399999978, -22.261295099999927 ], [ -42.544865199999947, -22.260947199999983 ], [ -42.544699599999952, -22.260259799999961 ], [ -42.544673299999936, -22.259991599999978 ], [ -42.544543499999968, -22.259916499999978 ], [ -42.544167399999935, -22.259698699999948 ], [ -42.54364419999996, -22.259481199999961 ], [ -42.543424699999946, -22.259328499999985 ], [ -42.543195, -22.259049299999958 ], [ -42.542701, -22.258334599999952 ], [ -42.542569, -22.258143699999952 ], [ -42.542262699999988, -22.257700599999961 ], [ -42.541968099999963, -22.257274299999935 ], [ -42.541617899999949, -22.25697 ], [ -42.541264499999954, -22.256481099999963 ], [ -42.541087199999936, -22.256064699999975 ], [ -42.540859499999954, -22.254969899999931 ], [ -42.540379599999937, -22.25418129999996 ], [ -42.540279, -22.25417 ], [ -42.540701, -22.25408769999996 ], [ -42.541100499999963, -22.254072299999958 ], [ -42.542806, -22.253934 ], [ -42.54336939999996, -22.255767599999938 ], [ -42.543630599999972, -22.256489699999968 ], [ -42.543735599999927, -22.25672789999993 ], [ -42.543832899999984, -22.256943 ], [ -42.544096699999955, -22.25769839999997 ], [ -42.545126099999948, -22.2579904 ], [ -42.546032699999962, -22.257652299999965 ], [ -42.54601729999996, -22.257206799999956 ], [ -42.546217, -22.257206799999949 ], [ -42.547615199999939, -22.257452599999954 ], [ -42.548080399999954, -22.257644599999935 ], [ -42.548080399999954, -22.257633499999944 ], [ -42.54819909999997, -22.257808599999979 ], [ -42.549146599999979, -22.258418 ], [ -42.550411699999984, -22.259114599999979 ], [ -42.551215799999966, -22.259570399999966 ], [ -42.551548699999948, -22.259703599999963 ], [ -42.551886699999962, -22.259601099999927 ], [ -42.552245199999959, -22.259534499999972 ], [ -42.552306699999981, -22.259437199999969 ], [ -42.552849599999945, -22.258756099999982 ], [ -42.552874, -22.258710199999925 ], [ -42.55397179999995, -22.259432199999932 ], [ -42.554418799999951, -22.259676 ], [ -42.554786599999943, -22.259809299999972 ], [ -42.556577799999957, -22.260140199999967 ], [ -42.557080799999945, -22.260229199999969 ], [ -42.557497799999972, -22.260235199999943 ], [ -42.557704099999967, -22.260160299999932 ], [ -42.558064899999984, -22.260029 ], [ -42.558338599999963, -22.259872799999975 ], [ -42.559656899999936, -22.259206799999944 ], [ -42.559854799999989, -22.259187499999939 ], [ -42.560411599999959, -22.25922189999994 ], [ -42.560882399999969, -22.259291199999947 ], [ -42.56112509999997, -22.259407099999972 ], [ -42.561359299999943, -22.259674199999946 ], [ -42.561535799999952, -22.260052199999961 ], [ -42.561777599999971, -22.260686199999959 ], [ -42.562067599999978, -22.26117249999993 ], [ -42.562631499999959, -22.26167989999994 ], [ -42.5633883, -22.262287499999946 ], [ -42.563730799999973, -22.262649199999935 ], [ -42.564197799999931, -22.263161199999953 ], [ -42.56467379999998, -22.263683199999935 ], [ -42.565037799999971, -22.263941199999977 ], [ -42.56573979999996, -22.264295199999939 ], [ -42.56684579999996, -22.264799199999963 ], [ -42.567497299999964, -22.265016099999972 ], [ -42.568019599999964, -22.265170699999935 ], [ -42.568541899999957, -22.265314599999947 ], [ -42.569089399999939, -22.265629899999972 ], [ -42.5695894, -22.266008199999938 ], [ -42.570162099999948, -22.266410499999942 ], [ -42.571162, -22.26702639999996 ], [ -42.57142019999997, -22.26730809999998 ], [ -42.571568299999974, -22.267602199999942 ], [ -42.571703499999963, -22.267870399999921 ], [ -42.572065499999951, -22.268474 ], [ -42.572319599999958, -22.268960299999943 ], [ -42.572349599999939, -22.269013599999933 ], [ -42.572404199999944, -22.269110299999955 ], [ -42.572493799999968, -22.269541 ], [ -42.572413899999965, -22.269986199999945 ], [ -42.572210699999971, -22.270416899999933 ], [ -42.572077599999943, -22.27091049999995 ], [ -42.572283299999981, -22.271525099999966 ], [ -42.572653399999986, -22.272144499999971 ], [ -42.573147, -22.272657399999954 ], [ -42.573568, -22.273034799999945 ], [ -42.574081, -22.273422 ], [ -42.574448799999971, -22.273676 ], [ -42.574952, -22.273910699999927 ], [ -42.577006299999937, -22.273951399999937 ], [ -42.577568799999945, -22.274080499999972 ], [ -42.578121299999964, -22.27445889999996 ], [ -42.579189499999984, -22.275202 ], [ -42.579966399999932, -22.275780499999936 ], [ -42.580290899999966, -22.276043499999954 ], [ -42.580492199999981, -22.276339499999946 ], [ -42.580710099999976, -22.276799 ], [ -42.581008599999961, -22.278475899999933 ], [ -42.581269099999936, -22.278930699999925 ], [ -42.581776399999967, -22.279313699999932 ], [ -42.582731099999933, -22.279580799999966 ], [ -42.583929299999966, -22.279895099999973 ], [ -42.584371899999951, -22.280167099999979 ], [ -42.584679799999954, -22.280413399999922 ], [ -42.585565599999939, -22.281441399999949 ], [ -42.586058299999941, -22.281782399999937 ], [ -42.586982, -22.281995599999949 ], [ -42.587484099999983, -22.282161399999943 ], [ -42.58857839999996, -22.282663499999956 ], [ -42.588993, -22.282900399999949 ], [ -42.589088299999958, -22.282957599999975 ], [ -42.589286199999954, -22.283067799999966 ], [ -42.590043699999967, -22.283367199999923 ], [ -42.590092199999965, -22.283723099999985 ], [ -42.590758299999948, -22.284037199999943 ], [ -42.593020699999961, -22.285417299999935 ], [ -42.593626899999954, -22.285566599999974 ], [ -42.595218299999942, -22.28507019999995 ], [ -42.595272599999937, -22.285062299999936 ], [ -42.596725099999951, -22.283149599999959 ], [ -42.596914, -22.282043899999948 ], [ -42.596310899999935, -22.281177799999959 ], [ -42.594950099999949, -22.280710699999933 ], [ -42.594583399999976, -22.279417699999954 ], [ -42.59354239999994, -22.278221 ], [ -42.593526599999961, -22.277833199999982 ], [ -42.594627, -22.275682099999983 ], [ -42.592942199999989, -22.272938799999952 ], [ -42.590633699999955, -22.271937599999944 ], [ -42.588333599999942, -22.270384099999934 ], [ -42.584766699999932, -22.267706399999952 ], [ -42.583973599999979, -22.264795099999958 ], [ -42.584080599999936, -22.261527599999972 ], [ -42.581954899999971, -22.260687199999946 ], [ -42.581732299999942, -22.260599199999941 ], [ -42.578121499999952, -22.258847399999979 ], [ -42.576406799999972, -22.257898499999943 ], [ -42.576266, -22.257820499999987 ], [ -42.575585499999924, -22.254771799999958 ], [ -42.575481499999967, -22.252237799999925 ], [ -42.575866499999968, -22.249896899999943 ], [ -42.576561199999965, -22.246913199999923 ], [ -42.573022399999964, -22.247160299999958 ], [ -42.571027199999946, -22.246266599999959 ], [ -42.568553199999947, -22.246229599999928 ], [ -42.567001399999981, -22.246880299999937 ], [ -42.565144, -22.246610499999967 ], [ -42.56219619999996, -22.247142199999921 ], [ -42.560347699999966, -22.247246899999936 ], [ -42.556897, -22.244622899999964 ], [ -42.555397, -22.244768799999971 ], [ -42.553582599999977, -22.245237899999946 ], [ -42.553158799999949, -22.244812199999945 ], [ -42.552729799999952, -22.24436419999995 ], [ -42.552396799999947, -22.244007199999945 ], [ -42.552431299999974, -22.243984699999945 ], [ -42.552439, -22.243869699999941 ], [ -42.55244079999995, -22.243727199999974 ], [ -42.552424799999983, -22.243537199999928 ], [ -42.552399799999925, -22.243275199999971 ], [ -42.552402799999982, -22.243122199999956 ], [ -42.552414799999951, -22.24300519999996 ], [ -42.552428699999957, -22.24288829999994 ], [ -42.552457599999975, -22.242793099999972 ], [ -42.55253219999998, -22.242664699999988 ], [ -42.552592199999935, -22.242596399999972 ], [ -42.552689499999978, -22.242517699999944 ], [ -42.552801299999942, -22.242457699999928 ], [ -42.552956599999959, -22.242443199999975 ], [ -42.553092799999945, -22.242455199999942 ], [ -42.553188499999976, -22.24247419999994 ], [ -42.553321, -22.242526 ], [ -42.553504599999947, -22.242509 ], [ -42.553656399999966, -22.242465899999953 ], [ -42.553786799999955, -22.242399699999964 ], [ -42.553894499999956, -22.242341699999944 ], [ -42.5539773, -22.24229819999994 ], [ -42.554085, -22.242263 ], [ -42.554453499999973, -22.242248599999979 ], [ -42.554952499999956, -22.242221599999922 ], [ -42.555027799999948, -22.242177199999958 ], [ -42.555057799999929, -22.242097199999925 ], [ -42.5550808, -22.241971099999947 ], [ -42.555138799999952, -22.241867599999985 ], [ -42.555219599999937, -22.241803399999981 ], [ -42.555248099999972, -22.241799599999986 ], [ -42.555329299999983, -22.241788899999957 ], [ -42.555465899999952, -22.241807599999962 ], [ -42.555552899999945, -22.24182619999992 ], [ -42.555692799999974, -22.241880199999962 ], [ -42.555745399999985, -22.241840699999955 ], [ -42.555822, -22.241788899999964 ], [ -42.555902799999956, -22.241712299999953 ], [ -42.556000099999956, -22.241619199999946 ], [ -42.556116, -22.241542599999939 ], [ -42.556258899999932, -22.241445199999927 ], [ -42.556395499999958, -22.241374799999956 ], [ -42.556501099999934, -22.241316899999962 ], [ -42.556673, -22.241279599999924 ], [ -42.556788899999965, -22.24129 ], [ -42.556923499999982, -22.241323099999921 ], [ -42.557076699999982, -22.241352099999972 ], [ -42.557213299999944, -22.241352099999965 ], [ -42.557364499999956, -22.241283799999948 ], [ -42.557627399999944, -22.241196799999962 ], [ -42.557805799999983, -22.241081699999942 ], [ -42.557782799999984, -22.240991199999939 ], [ -42.557717799999978, -22.240818199999978 ], [ -42.557680799999957, -22.240719199999937 ], [ -42.557606899999939, -22.240644599999943 ], [ -42.557587199999944, -22.240512499999959 ], [ -42.557451, -22.240021399999939 ], [ -42.557360199999948, -22.23972389999993 ], [ -42.557348199999979, -22.239674799999932 ], [ -42.557358799999982, -22.239648199999962 ], [ -42.557794, -22.239124599999965 ], [ -42.557607599999983, -22.238571399999948 ], [ -42.557280899999967, -22.238555499999961 ], [ -42.556723299999931, -22.238545899999956 ], [ -42.556253099999942, -22.238556399999936 ], [ -42.555607499999958, -22.237321299999948 ], [ -42.555290399999933, -22.236735799999959 ], [ -42.5550785, -22.23647 ], [ -42.55477029999998, -22.23630819999995 ], [ -42.554454399999941, -22.236154099999972 ], [ -42.55429259999994, -22.236073199999975 ], [ -42.554122599999971, -22.235978699999972 ], [ -42.553980599999939, -22.235772699999917 ], [ -42.553876599999967, -22.235618599999945 ], [ -42.55361849999997, -22.235422099999941 ], [ -42.553514499999956, -22.235345099999957 ], [ -42.553429699999988, -22.235279599999959 ], [ -42.553221699999938, -22.235117799999951 ], [ -42.553063699999946, -22.235009899999955 ], [ -42.55291729999994, -22.234909799999969 ], [ -42.552759399999957, -22.234809599999949 ], [ -42.552668599999954, -22.234752299999954 ], [ -42.552697199999962, -22.234730599999974 ], [ -42.552813299999968, -22.234666799999953 ], [ -42.55510749999997, -22.233213899999946 ], [ -42.554669899999972, -22.232920699999966 ], [ -42.554021599999942, -22.232458799999957 ], [ -42.553985799999964, -22.232384199999956 ], [ -42.553817799999933, -22.232180599999943 ], [ -42.553268199999934, -22.231692499999955 ], [ -42.553069599999958, -22.231544199999956 ], [ -42.552953399999986, -22.231428699999981 ], [ -42.552818399999985, -22.231260599999931 ], [ -42.552637199999936, -22.231008699999965 ], [ -42.552531599999952, -22.230924199999944 ], [ -42.552395599999954, -22.230876199999948 ], [ -42.55217109999996, -22.230859 ], [ -42.55186149999998, -22.230835399999929 ], [ -42.551705799999979, -22.230818599999964 ], [ -42.551534799999956, -22.230754699999977 ], [ -42.551446799999958, -22.230603199999951 ], [ -42.55137179999997, -22.230467199999964 ], [ -42.55127779999998, -22.230276199999928 ], [ -42.551154299999958, -22.230024499999956 ], [ -42.551108199999923, -22.229851499999945 ], [ -42.551266799999951, -22.229864199999938 ], [ -42.551329899999985, -22.229913899999918 ], [ -42.551369099999938, -22.230056099999956 ], [ -42.551527399999941, -22.230250699999935 ], [ -42.551655599999954, -22.230345699999923 ], [ -42.551975499999976, -22.230380399999945 ], [ -42.552190099999954, -22.230363 ], [ -42.552377399999955, -22.23027669999993 ], [ -42.55285, -22.230377899999961 ], [ -42.553003899999958, -22.230298899999973 ], [ -42.553197399999938, -22.230127599999932 ], [ -42.553827399999932, -22.230039499999972 ], [ -42.554150599999957, -22.229821599999969 ], [ -42.554473799999982, -22.2295435 ], [ -42.554740899999956, -22.229544499999982 ], [ -42.555528199999969, -22.22986259999993 ], [ -42.555818899999956, -22.230177899999937 ], [ -42.556032099999989, -22.230212599999948 ], [ -42.556323099999936, -22.230196199999963 ], [ -42.556482099999982, -22.230062599999936 ], [ -42.556587799999932, -22.229825699999942 ], [ -42.55656289999996, -22.22962989999996 ], [ -42.556464799999958, -22.229402899999965 ], [ -42.556539799999939, -22.228983699999954 ], [ -42.556468699999989, -22.22852209999996 ], [ -42.556330199999941, -22.228010499999986 ], [ -42.556241699999937, -22.227433499999954 ], [ -42.556264799999951, -22.226998899999945 ], [ -42.556376299999947, -22.226764299999967 ], [ -42.556614799999977, -22.226452699999989 ], [ -42.556768699999964, -22.226387299999935 ], [ -42.557403299999976, -22.226283499999958 ], [ -42.557761099999937, -22.226110399999989 ], [ -42.558357299999955, -22.225641099999955 ], [ -42.558595699999948, -22.225544899999921 ], [ -42.559623699999975, -22.225168 ], [ -42.560360299999957, -22.22494869999997 ], [ -42.560591099999954, -22.224871799999949 ], [ -42.561060299999951, -22.224818 ], [ -42.561277, -22.22471239999993 ], [ -42.561879599999948, -22.224210199999966 ], [ -42.562237299999936, -22.223610199999928 ], [ -42.562483499999985, -22.223124799999937 ], [ -42.563071599999951, -22.222652499999985 ], [ -42.563239199999941, -22.222078199999935 ], [ -42.563340499999974, -22.221401699999944 ], [ -42.563765399999966, -22.220316399999955 ], [ -42.56434489999998, -22.219264799999966 ], [ -42.565006299999936, -22.21882479999994 ], [ -42.565328599999923, -22.218552699999968 ], [ -42.565880599999964, -22.218461199999979 ], [ -42.566277499999963, -22.218585499999957 ], [ -42.566553799999951, -22.218790399999932 ], [ -42.566869299999951, -22.219046699999971 ], [ -42.567410199999983, -22.219283099999924 ], [ -42.567861899999961, -22.219259799999964 ], [ -42.568238599999972, -22.219121 ], [ -42.56872919999995, -22.219093699999974 ], [ -42.569323499999932, -22.218902199999942 ], [ -42.569765799999978, -22.218716699999955 ], [ -42.570705799999985, -22.218710699999978 ], [ -42.571300799999953, -22.21881669999993 ], [ -42.571401499999979, -22.218960899999946 ], [ -42.571281499999948, -22.219423799999966 ], [ -42.5714761, -22.220035 ], [ -42.571665399999972, -22.220154099999949 ], [ -42.572016399999931, -22.220374899999964 ], [ -42.572976599999947, -22.22062139999997 ], [ -42.573537599999952, -22.220733899999971 ], [ -42.573928, -22.221267299999973 ], [ -42.573795299999972, -22.219315699999974 ], [ -42.57379439999994, -22.219302599999931 ], [ -42.573578599999962, -22.219463099999921 ], [ -42.573249399999952, -22.219906499999976 ], [ -42.572953899999966, -22.220202 ], [ -42.57243, -22.219893 ], [ -42.571536599999945, -22.218851899999944 ], [ -42.571751499999948, -22.218173499999978 ], [ -42.571355199999978, -22.218072699999937 ], [ -42.57112009999998, -22.218166799999949 ], [ -42.570764099999963, -22.218401899999947 ], [ -42.570508899999943, -22.218415299999943 ], [ -42.570220099999979, -22.218307799999923 ], [ -42.569823799999931, -22.217898099999957 ], [ -42.569548399999974, -22.217864499999958 ], [ -42.568681899999952, -22.217770499999968 ], [ -42.56840649999998, -22.217602499999948 ], [ -42.567949799999951, -22.217602499999938 ], [ -42.567372099999943, -22.217864499999962 ], [ -42.566472, -22.218092899999938 ], [ -42.565404, -22.217703299999979 ], [ -42.565088299999964, -22.217521899999944 ], [ -42.564954, -22.217427899999961 ], [ -42.564893499999982, -22.217273399999957 ], [ -42.565034599999933, -22.216729299999933 ], [ -42.56491369999997, -22.216420399999944 ], [ -42.564248699999958, -22.216017299999972 ], [ -42.563986799999952, -22.215661299999958 ], [ -42.563598799999966, -22.215207899999935 ], [ -42.563189099999931, -22.214946 ], [ -42.562603099999933, -22.214689099999934 ], [ -42.562275599999971, -22.214585 ], [ -42.5619339, -22.214363499999934 ], [ -42.561694599999953, -22.215400399999957 ], [ -42.564293899999946, -22.216173199999954 ], [ -42.564785699999966, -22.21807 ], [ -42.559657299999976, -22.220458499999943 ], [ -42.554318199999955, -22.222636299999976 ], [ -42.553054799999984, -22.223432199999934 ], [ -42.552976299999955, -22.223489699999963 ], [ -42.5528978, -22.223547199999921 ], [ -42.552352899999967, -22.22397419999993 ], [ -42.55163779999998, -22.22465719999996 ], [ -42.551347899999939, -22.224943199999913 ], [ -42.551176399999981, -22.225142699999935 ], [ -42.551004799999944, -22.225342199999929 ], [ -42.550623699999953, -22.225841099999975 ], [ -42.55024979999996, -22.226387199999973 ], [ -42.549714799999947, -22.227020199999966 ], [ -42.549523399999948, -22.227334199999966 ], [ -42.54933189999997, -22.227648199999976 ], [ -42.549245399999961, -22.227881699999944 ], [ -42.549158899999952, -22.22811519999993 ], [ -42.548924599999964, -22.228352099999938 ], [ -42.548507899999947, -22.228773199999985 ], [ -42.547971799999971, -22.229161199999965 ], [ -42.54748589999997, -22.229561199999974 ], [ -42.547045799999978, -22.229941199999921 ], [ -42.546503799999982, -22.230448199999959 ], [ -42.546295799999939, -22.230688199999975 ], [ -42.545722199999936, -22.231233899999953 ], [ -42.545222799999976, -22.231171899999929 ], [ -42.544936799999959, -22.231044699999927 ], [ -42.544786599999952, -22.231007899999941 ], [ -42.544459, -22.230850699999948 ], [ -42.544149799999964, -22.230687699999987 ], [ -42.544009599999981, -22.230485799999951 ], [ -42.543744199999935, -22.229730599999971 ], [ -42.543792799999956, -22.229584799999937 ], [ -42.543680599999959, -22.229453899999942 ], [ -42.543513899999944, -22.229268699999981 ], [ -42.543501499999934, -22.229225799999934 ], [ -42.543426399999937, -22.22908 ], [ -42.543443399999951, -22.228995199999918 ], [ -42.543838399999977, -22.228229499999934 ], [ -42.545010799999943, -22.227919799999938 ], [ -42.545048299999955, -22.226398199999942 ], [ -42.544631199999969, -22.226051099999946 ], [ -42.54327829999994, -22.223854499999955 ], [ -42.541813899999973, -22.222406 ], [ -42.541531799999973, -22.222113499999971 ], [ -42.540800899999965, -22.220520799999985 ], [ -42.537550199999949, -22.220471599999932 ], [ -42.535355599999946, -22.220878699999961 ], [ -42.535146599999955, -22.21987039999992 ], [ -42.533950399999981, -22.21936909999992 ], [ -42.533632499999953, -22.219368899999949 ], [ -42.533614899999975, -22.219294199999979 ], [ -42.533570899999972, -22.219032199999965 ], [ -42.533458899999971, -22.218786199999947 ], [ -42.533417799999931, -22.218576199999969 ], [ -42.53305979999994, -22.217957199999951 ], [ -42.532997799999976, -22.217649199999975 ], [ -42.532947899999954, -22.217479199999961 ], [ -42.532750799999974, -22.217320199999961 ], [ -42.532523799999979, -22.216983199999952 ], [ -42.532468799999947, -22.216855199999934 ], [ -42.53213379999994, -22.216579199999948 ], [ -42.531808799999972, -22.216322199999979 ], [ -42.531618799999933, -22.216093199999936 ], [ -42.531331899999941, -22.21563019999995 ], [ -42.531029799999942, -22.215380199999963 ], [ -42.530935799999952, -22.215243199999978 ], [ -42.530686499999945, -22.215178399999949 ], [ -42.530553599999962, -22.214927499999931 ], [ -42.530491699999978, -22.214818499999978 ], [ -42.530335699999966, -22.214691899999931 ], [ -42.530003, -22.21440339999997 ], [ -42.52977919999995, -22.21419729999997 ], [ -42.529635, -22.214100199999965 ], [ -42.529537799999964, -22.214067799999953 ], [ -42.529443599999986, -22.21403829999997 ], [ -42.529325799999981, -22.213961799999947 ], [ -42.529196299999974, -22.213891099999948 ], [ -42.529055, -22.21388229999997 ], [ -42.528834199999956, -22.213870499999917 ], [ -42.528681099999972, -22.213847 ], [ -42.528498499999962, -22.213779199999976 ], [ -42.528254199999942, -22.213602599999955 ], [ -42.528006799999957, -22.213461299999942 ], [ -42.52787439999998, -22.213425899999951 ], [ -42.527724199999973, -22.213408299999973 ], [ -42.527694299999951, -22.213216 ], [ -42.527601, -22.212615 ], [ -42.527481799999975, -22.211750099999968 ], [ -42.527403199999988, -22.211290199999947 ], [ -42.527347199999951, -22.210462 ], [ -42.527908099999934, -22.210229 ], [ -42.527984199999942, -22.210346599999973 ], [ -42.528055799999954, -22.210484799999946 ], [ -42.52836869999993, -22.211007599999952 ], [ -42.528615, -22.211211199999983 ], [ -42.529496, -22.211869699999966 ], [ -42.531158699999935, -22.212196499999937 ], [ -42.531920299999967, -22.212329699999938 ], [ -42.534112, -22.212199 ], [ -42.534856, -22.212128599999975 ], [ -42.53518269999995, -22.212106 ], [ -42.535310899999963, -22.211955199999977 ], [ -42.536683299999929, -22.210140499999977 ], [ -42.538244199999951, -22.20810959999995 ], [ -42.538540799999971, -22.207702399999949 ], [ -42.538968, -22.207028799999932 ], [ -42.539053499999973, -22.206878 ], [ -42.53934, -22.2069006 ], [ -42.539639099999931, -22.206923199999952 ], [ -42.539604, -22.206154099999932 ], [ -42.539598899999937, -22.205762 ], [ -42.539556799999957, -22.205428 ], [ -42.539564, -22.205425399999971 ], [ -42.53956, -22.205415099999978 ], [ -42.539554899999985, -22.205278099999937 ], [ -42.539431499999978, -22.205208099999936 ], [ -42.538971799999963, -22.204956399999961 ], [ -42.536832799999956, -22.203770099999922 ], [ -42.536057899999946, -22.203326199999932 ], [ -42.535948099999985, -22.202990899999975 ], [ -42.536023799999953, -22.202543499999916 ], [ -42.53617329999998, -22.202297899999966 ], [ -42.53658919999998, -22.201924799999961 ], [ -42.537169599999977, -22.201382299999974 ], [ -42.537717599999951, -22.200919799999955 ], [ -42.537627099999959, -22.200593 ], [ -42.537551699999931, -22.200025 ], [ -42.537390799999969, -22.199120099999949 ], [ -42.537206, -22.19870839999993 ], [ -42.534081899999933, -22.200080099999976 ], [ -42.530836399999941, -22.202683299999929 ], [ -42.530822199999932, -22.202668699999936 ], [ -42.526318699999933, -22.206331299999935 ], [ -42.525424899999969, -22.206317699999953 ], [ -42.523629, -22.207899399999974 ], [ -42.523138099999983, -22.209629099999972 ], [ -42.522829099999974, -22.211050699999916 ], [ -42.522427199999981, -22.212002199999979 ], [ -42.517127799999976, -22.213661199999933 ], [ -42.517055199999959, -22.213700299999964 ], [ -42.517012499999964, -22.213723199999951 ], [ -42.516980799999942, -22.213740199999958 ], [ -42.51699919999993, -22.213698199999946 ], [ -42.51694329999998, -22.213624399999961 ], [ -42.516232599999974, -22.212687299999981 ], [ -42.516148, -22.212531499999951 ], [ -42.516071799999963, -22.212286099999975 ], [ -42.516058799999939, -22.212148199999952 ], [ -42.516058799999946, -22.211228799999962 ], [ -42.516064, -22.210913399999974 ], [ -42.516193399999956, -22.210704299999971 ], [ -42.5162347, -22.209809599999968 ], [ -42.516113099999984, -22.209074299999937 ], [ -42.51605909999995, -22.208879199999963 ], [ -42.515905399999951, -22.208324499999947 ], [ -42.5156813, -22.207320299999939 ], [ -42.515517799999941, -22.206559399999946 ], [ -42.515240099999978, -22.205472299999936 ], [ -42.515231899999947, -22.20544539999997 ], [ -42.515581499999946, -22.204972 ], [ -42.515657399999952, -22.204896099999921 ], [ -42.515344299999981, -22.203997 ], [ -42.515078599999981, -22.203399199999975 ], [ -42.513968399999953, -22.201999699999934 ], [ -42.513579399999976, -22.201525199999917 ], [ -42.513299499999967, -22.200785099999958 ], [ -42.51322829999998, -22.200652199999979 ], [ -42.513422799999951, -22.200221699999926 ], [ -42.51362679999994, -22.199861099999964 ], [ -42.514034899999963, -22.200240699999934 ], [ -42.514397799999983, -22.200544299999937 ], [ -42.515522199999964, -22.201365099999975 ], [ -42.515759399999979, -22.201559599999939 ], [ -42.516241, -22.201770099999973 ], [ -42.516293199999943, -22.201487799999942 ], [ -42.516281299999953, -22.201158099999923 ], [ -42.516316899999929, -22.200721599999941 ], [ -42.516333599999932, -22.200598799999963 ], [ -42.516334799999981, -22.200605099999969 ], [ -42.516560799999979, -22.200428099999961 ], [ -42.517042799999956, -22.199984099999931 ], [ -42.517707799999982, -22.199154099999927 ], [ -42.518240799999944, -22.198576099999968 ], [ -42.518438799999956, -22.198353099999959 ], [ -42.51850879999995, -22.198237099999972 ], [ -42.518752799999959, -22.198150099999953 ], [ -42.519215799999976, -22.197191099999937 ], [ -42.519507799999985, -22.196528099999963 ], [ -42.520295799999985, -22.194725099999971 ], [ -42.5219648, -22.191329099999958 ], [ -42.522853, -22.189198299999923 ], [ -42.522758099999976, -22.188488 ], [ -42.520929499999973, -22.188136399999962 ], [ -42.520809799999945, -22.188079099999978 ], [ -42.520636599999939, -22.187955599999956 ], [ -42.519670799999972, -22.187267099999925 ], [ -42.518451799999987, -22.18659909999996 ], [ -42.51720279999995, -22.185948099999969 ], [ -42.516310799999985, -22.185428099999974 ], [ -42.514550799999945, -22.185185099999956 ], [ -42.51324359999996, -22.185089499999947 ], [ -42.513184399999936, -22.18508519999995 ], [ -42.512991799999959, -22.185071099999952 ], [ -42.511238799999944, -22.184963099999937 ], [ -42.510295299999946, -22.184880599999936 ], [ -42.509351799999926, -22.18479809999997 ], [ -42.508200799999948, -22.184682099999975 ], [ -42.503628799999952, -22.187239099999932 ], [ -42.503421799999956, -22.187416099999943 ], [ -42.504747799999961, -22.188610099999934 ], [ -42.50603579999995, -22.189785099999938 ], [ -42.5066748, -22.190382099999972 ], [ -42.507057799999984, -22.190650099999967 ], [ -42.507146599999949, -22.190822599999933 ], [ -42.507264099999929, -22.191050899999922 ], [ -42.507343599999956, -22.191205299999986 ], [ -42.507473199999936, -22.191457099999969 ], [ -42.507619799999922, -22.191742099999939 ], [ -42.508167799999967, -22.19314009999993 ], [ -42.50844879999994, -22.19369509999996 ], [ -42.50849379999994, -22.19389509999996 ], [ -42.507388799999944, -22.196044099999934 ], [ -42.507315399999982, -22.196226299999967 ], [ -42.504953, -22.195932899999949 ], [ -42.504622899999958, -22.19573929999995 ], [ -42.5042615, -22.195890499999948 ], [ -42.504013699999966, -22.196195799999945 ], [ -42.50403679999993, -22.19650119999994 ], [ -42.504088599999932, -22.196708599999955 ], [ -42.50416349999994, -22.196898699999959 ], [ -42.504517799999981, -22.197074399999956 ], [ -42.504536799999983, -22.197108299999964 ], [ -42.50457739999996, -22.197180699999929 ], [ -42.504664799999944, -22.197336599999957 ], [ -42.504673399999952, -22.197489199999943 ], [ -42.504844799999951, -22.197986199999953 ], [ -42.504807299999982, -22.198231 ], [ -42.50473389999997, -22.198318899999943 ], [ -42.50444959999993, -22.198433799999965 ], [ -42.504281299999953, -22.19850259999993 ], [ -42.504032399999971, -22.198647199999982 ], [ -42.503700599999945, -22.198637699999942 ], [ -42.503430399999964, -22.198699299999934 ], [ -42.503259799999967, -22.198808299999946 ], [ -42.503103299999964, -22.199230199999924 ], [ -42.503083199999935, -22.199918799999978 ], [ -42.502903, -22.200084699999937 ], [ -42.502808199999947, -22.20026479999995 ], [ -42.502867499999986, -22.200485299999961 ], [ -42.503009699999957, -22.200615599999942 ], [ -42.503085499999948, -22.200727 ], [ -42.502917299999979, -22.200708099999929 ], [ -42.502756099999942, -22.200866899999948 ], [ -42.502839, -22.200980599999973 ], [ -42.503052399999945, -22.201132299999916 ], [ -42.503251499999976, -22.201338499999967 ], [ -42.503481399999941, -22.201367 ], [ -42.504128399999964, -22.201350399999949 ], [ -42.504251699999941, -22.20143569999993 ], [ -42.504310899999957, -22.201407299999971 ], [ -42.504320399999976, -22.201438099999958 ], [ -42.504306199999974, -22.201492599999927 ], [ -42.50384159999993, -22.20150679999994 ], [ -42.503863, -22.20162769999995 ], [ -42.504393899999968, -22.20160639999995 ], [ -42.504476599999975, -22.201451 ], [ -42.50447209999993, -22.20135989999995 ], [ -42.505953499999983, -22.20110389999995 ], [ -42.506099299999967, -22.201026799999958 ], [ -42.508492699999977, -22.201017099999941 ], [ -42.508618899999931, -22.20105279999996 ], [ -42.508711, -22.201162899999936 ], [ -42.509664599999951, -22.20143029999997 ], [ -42.510431, -22.201600399999961 ], [ -42.511208699999941, -22.201700099999972 ], [ -42.511546599999981, -22.201875 ], [ -42.511857799999973, -22.202366299999941 ], [ -42.512012399999946, -22.202770299999941 ], [ -42.512161299999946, -22.203372599999973 ], [ -42.512549499999977, -22.203994399999942 ], [ -42.513110299999937, -22.204436199999972 ], [ -42.513340699999951, -22.20475029999994 ], [ -42.513495399999961, -22.205210199999939 ], [ -42.513751399999933, -22.205817899999943 ], [ -42.514043699999945, -22.206258099999943 ], [ -42.514276199999983, -22.206543799999952 ], [ -42.514470899999942, -22.206917099999941 ], [ -42.514730099999952, -22.207240599999981 ], [ -42.515291799999943, -22.208111799999969 ], [ -42.51546, -22.208771099999982 ], [ -42.514376499999969, -22.209030599999938 ], [ -42.512242599999979, -22.209259899999953 ], [ -42.512073599999958, -22.209312799999957 ], [ -42.510424199999932, -22.209830799999963 ], [ -42.509248599999978, -22.210411499999971 ], [ -42.508237599999973, -22.210770199999953 ], [ -42.508247699999977, -22.210803499999933 ], [ -42.508276299999984, -22.210897099999961 ], [ -42.508487699999932, -22.211591199999923 ], [ -42.508386799999975, -22.212181599999955 ], [ -42.509159899999929, -22.214708599999941 ], [ -42.509795099999963, -22.215408299999975 ], [ -42.508790499999975, -22.216295899999974 ], [ -42.508014599999974, -22.217304199999941 ], [ -42.507826099999939, -22.218135399999941 ], [ -42.508022599999954, -22.218800199999965 ], [ -42.508054199999954, -22.218907 ], [ -42.50917069999997, -22.22112989999993 ], [ -42.509170299999937, -22.221132099999977 ], [ -42.50971549999997, -22.221214199999967 ], [ -42.510618099999931, -22.221566 ], [ -42.511575899999968, -22.221477799999938 ], [ -42.51299519999997, -22.222013 ], [ -42.512933099999941, -22.222147499999952 ], [ -42.513215699999932, -22.22227329999992 ], [ -42.51336809999998, -22.222340399999947 ], [ -42.513386799999978, -22.222361199999959 ], [ -42.513530799999955, -22.222417199999928 ], [ -42.513559799999939, -22.222445199999981 ], [ -42.513578799999948, -22.222472199999981 ], [ -42.513441799999953, -22.222551199999934 ], [ -42.513342799999975, -22.222649199999974 ], [ -42.513230799999974, -22.222670199999978 ], [ -42.513102799999963, -22.222691499999932 ], [ -42.513054799999964, -22.222699499999983 ], [ -42.512778299999972, -22.222920799999937 ], [ -42.512641799999983, -22.223000499999944 ], [ -42.512552799999973, -22.223089499999954 ], [ -42.512453799999946, -22.223250499999942 ], [ -42.512344799999944, -22.223365499999947 ], [ -42.512216799999976, -22.22348149999992 ], [ -42.512030799999927, -22.223568499999935 ], [ -42.511549799999962, -22.223904499999957 ], [ -42.511440399999969, -22.224029 ], [ -42.511369199999933, -22.22411819999996 ], [ -42.511361799999982, -22.224127499999952 ], [ -42.511360599999932, -22.224199199999919 ], [ -42.511359899999952, -22.224238099999965 ], [ -42.51135979999998, -22.224244499999937 ], [ -42.511213099999964, -22.224287499999946 ], [ -42.511077199999932, -22.224327399999925 ], [ -42.511066799999988, -22.22433049999994 ], [ -42.511064099999942, -22.224331099999961 ], [ -42.510933799999975, -22.224363699999966 ], [ -42.510930299999984, -22.224364499999968 ], [ -42.510708499999964, -22.224369199999956 ], [ -42.510697799999953, -22.224369499999959 ], [ -42.510682099999933, -22.22437009999992 ], [ -42.510549399999945, -22.224375799999962 ], [ -42.510532399999931, -22.224376799999948 ], [ -42.510414799999985, -22.224473499999927 ], [ -42.51019279999997, -22.224416499999958 ], [ -42.510439, -22.226708399999954 ], [ -42.510802599999977, -22.227011099999981 ], [ -42.511009699999931, -22.22705749999994 ], [ -42.511360199999956, -22.226999799999927 ], [ -42.511645899999962, -22.226837799999945 ], [ -42.511940699999961, -22.226705699999972 ], [ -42.512578699999949, -22.227034499999952 ], [ -42.51258619999993, -22.227038499999924 ], [ -42.514893399999949, -22.228274299999949 ], [ -42.514391299999943, -22.229443599999961 ], [ -42.513511899999969, -22.229439599999971 ], [ -42.513038299999948, -22.229561 ], [ -42.512182299999957, -22.229948399999945 ], [ -42.511513799999925, -22.23024339999996 ], [ -42.510336299999949, -22.230972799999968 ], [ -42.50982579999993, -22.231087499999937 ], [ -42.509369099999958, -22.230966199999948 ], [ -42.508608199999976, -22.230658599999963 ], [ -42.507811299999958, -22.230352199999974 ], [ -42.507336099999975, -22.230189799999948 ], [ -42.505293199999983, -22.229696899999965 ], [ -42.505287499999952, -22.23008689999995 ], [ -42.505582499999946, -22.230749899999982 ], [ -42.50579, -22.230962399999946 ], [ -42.506091799999986, -22.23101029999998 ], [ -42.506728699999947, -22.231121699999953 ], [ -42.507431199999985, -22.231320099999959 ], [ -42.508583499999936, -22.231838 ], [ -42.509086299999986, -22.231992799999936 ], [ -42.50924329999998, -22.231892799999969 ], [ -42.509385799999968, -22.231948599999946 ], [ -42.509696199999958, -22.232533499999931 ], [ -42.509747899999986, -22.232589299999972 ], [ -42.509956899999963, -22.232684799999955 ], [ -42.510167799999969, -22.232728499999943 ], [ -42.510464199999944, -22.232690699999981 ], [ -42.510687099999984, -22.232684799999955 ], [ -42.510830299999952, -22.232708599999956 ], [ -42.510878099999957, -22.232716599999947 ], [ -42.511049199999945, -22.232792199999935 ], [ -42.511116799999968, -22.233019 ], [ -42.511092899999937, -22.233206 ], [ -42.5109935, -22.233516399999917 ], [ -42.510961599999973, -22.233763199999938 ], [ -42.51105119999994, -22.23399 ], [ -42.511029299999969, -22.234206799999978 ], [ -42.510860199999968, -22.234823599999959 ], [ -42.510897299999954, -22.23486859999997 ], [ -42.51093579999997, -22.234915199999929 ], [ -42.511420099999953, -22.23543959999995 ], [ -42.511455699999942, -22.235478299999958 ], [ -42.511459799999955, -22.235482299999944 ], [ -42.511504599999974, -22.235530499999982 ], [ -42.512141299999939, -22.236374599999966 ], [ -42.512019899999984, -22.236655099999943 ], [ -42.511856699999946, -22.236816299999933 ], [ -42.511289699999971, -22.237098799999963 ], [ -42.51107879999995, -22.237309699999958 ], [ -42.511060699999973, -22.237374799999937 ], [ -42.510967599999951, -22.237894099999941 ], [ -42.510951699999971, -22.238256199999956 ], [ -42.510979499999962, -22.238457099999941 ], [ -42.511036199999978, -22.238850099999983 ], [ -42.509875799999975, -22.239378399999968 ], [ -42.509737599999944, -22.23944169999994 ], [ -42.50914719999998, -22.239752 ], [ -42.507697499999942, -22.240751 ], [ -42.507498599999963, -22.241261899999916 ], [ -42.507373799999982, -22.241825799999962 ], [ -42.507399099999922, -22.243058199999947 ], [ -42.508644899999979, -22.243794699999974 ], [ -42.510445399999981, -22.244722199999945 ], [ -42.511201899999946, -22.245355099999916 ], [ -42.512213099999947, -22.245198699999953 ], [ -42.514139, -22.246413599999975 ], [ -42.514515699999947, -22.246656799999975 ], [ -42.514485399999955, -22.246749699999953 ], [ -42.514296899999984, -22.246928699999945 ], [ -42.51392009999995, -22.247337299999966 ], [ -42.513854799999933, -22.247390199999934 ], [ -42.513657799999983, -22.247439599999936 ], [ -42.513542399999942, -22.247643299999936 ], [ -42.513399299999946, -22.2476741 ], [ -42.51319859999996, -22.247591099999958 ], [ -42.512830799999968, -22.24761669999998 ], [ -42.512453099999966, -22.247797699999971 ], [ -42.512370399999952, -22.248006299999929 ], [ -42.512253799999947, -22.248264199999934 ], [ -42.512157499999944, -22.248515899999962 ], [ -42.511885699999944, -22.248743599999951 ], [ -42.5114, -22.249092299999969 ], [ -42.51112749999993, -22.249271599999926 ], [ -42.510521499999989, -22.249434799999964 ], [ -42.51002619999997, -22.249740199999966 ], [ -42.509929099999958, -22.249961099999947 ], [ -42.509790599999974, -22.250300899999953 ], [ -42.509628599999985, -22.250429399999962 ], [ -42.509267499999972, -22.250477699999966 ], [ -42.509001099999978, -22.250559799999962 ], [ -42.508750299999974, -22.250875699999938 ], [ -42.508483799999972, -22.251203699999955 ], [ -42.508281399999937, -22.251344299999957 ], [ -42.508102099999981, -22.251179199999974 ], [ -42.507885599999959, -22.250933699999962 ], [ -42.507572, -22.251002899999943 ], [ -42.507322099999953, -22.25129179999994 ], [ -42.507046499999952, -22.251813699999961 ], [ -42.506784599999946, -22.252043899999929 ], [ -42.50664629999995, -22.252299699999977 ], [ -42.506691899999964, -22.252645 ], [ -42.506396399999971, -22.252565599999969 ], [ -42.506053699999939, -22.252522399999968 ], [ -42.505889599999939, -22.252697799999968 ], [ -42.505860199999979, -22.252853099999978 ], [ -42.505873, -22.253003499999977 ], [ -42.505663399999946, -22.253267599999955 ], [ -42.505097699999965, -22.253637299999966 ], [ -42.504684299999958, -22.254040899999936 ], [ -42.504428299999979, -22.254257 ], [ -42.504457599999959, -22.254397399999956 ], [ -42.50458469999996, -22.254539499999961 ], [ -42.504735299999943, -22.254612 ], [ -42.50475, -22.254824699999979 ], [ -42.504605899999952, -22.255021099999961 ], [ -42.50419039999997, -22.255270199999924 ], [ -42.503755899999938, -22.255684199999969 ], [ -42.503077699999956, -22.256702899999933 ], [ -42.502757599999939, -22.257058099999927 ], [ -42.502285099999938, -22.257337299999957 ], [ -42.501748299999967, -22.257777799999936 ], [ -42.501760199999971, -22.25778879999995 ], [ -42.502057899999961, -22.258075099999928 ], [ -42.502224499999954, -22.25873549999994 ], [ -42.501649799999946, -22.259622599999936 ], [ -42.501027599999929, -22.260707699999955 ], [ -42.50087869999993, -22.261305099999955 ], [ -42.501476499999967, -22.261742899999941 ], [ -42.50257, -22.262391499999975 ], [ -42.502588899999978, -22.262387299999954 ], [ -42.502428799999969, -22.262557499999954 ], [ -42.501963, -22.263128199999983 ], [ -42.501055799999961, -22.263944499999976 ], [ -42.500303799999983, -22.264772499999935 ], [ -42.500233599999945, -22.26490669999998 ], [ -42.49977709999996, -22.264652499999958 ], [ -42.498991499999939, -22.264091599999965 ], [ -42.498046099999961, -22.263701899999933 ], [ -42.49728109999996, -22.26352189999994 ], [ -42.49695209999993, -22.26297 ], [ -42.496761799999952, -22.262714799999976 ], [ -42.496672699999984, -22.262639799999931 ], [ -42.496423599999957, -22.262164 ], [ -42.496324, -22.262117799999938 ], [ -42.496319599999943, -22.262115799999936 ], [ -42.496256799999962, -22.26217349999996 ], [ -42.495551499999983, -22.262793199999965 ], [ -42.49549879999995, -22.262839499999927 ], [ -42.495251499999938, -22.263049 ], [ -42.494661799999967, -22.263548499999956 ], [ -42.493717799999956, -22.264274499999935 ], [ -42.493185799999935, -22.264726499999931 ], [ -42.492181199999948, -22.266047799999956 ], [ -42.491764099999955, -22.266275399999913 ], [ -42.490517799999957, -22.266674 ], [ -42.489653099999941, -22.26682779999993 ], [ -42.489110899999957, -22.26702 ], [ -42.489085499999931, -22.267437499999975 ], [ -42.489526599999976, -22.268024099999941 ], [ -42.490193299999923, -22.268758499999926 ], [ -42.49048989999995, -22.269247799999956 ], [ -42.490516, -22.26979979999993 ], [ -42.490041399999946, -22.270227099999936 ], [ -42.487618599999969, -22.271283899999954 ], [ -42.487608099999932, -22.271336 ], [ -42.487561599999943, -22.271308699999963 ], [ -42.486992799999939, -22.271985199999971 ], [ -42.485883499999943, -22.272753699999942 ], [ -42.485554599999951, -22.273066199999949 ], [ -42.485606299999972, -22.273598199999984 ], [ -42.48563379999996, -22.273728699999939 ], [ -42.485645899999952, -22.27383 ], [ -42.485858099999973, -22.274939899999929 ], [ -42.486001199999976, -22.275463499999944 ], [ -42.485619899999961, -22.276241699999957 ], [ -42.48499749999997, -22.277353499999943 ], [ -42.484802399999985, -22.278219699999962 ], [ -42.48474669999996, -22.278911 ], [ -42.484522899999952, -22.279786599999966 ], [ -42.484170399999982, -22.280416399999975 ], [ -42.484056699999933, -22.280748899999935 ], [ -42.48357459999994, -22.281593899999955 ], [ -42.483135199999943, -22.282055199999942 ], [ -42.482024, -22.282629799999931 ], [ -42.481627499999945, -22.283001299999956 ], [ -42.481369499999978, -22.283383699999941 ], [ -42.483345899999968, -22.284439299999971 ], [ -42.483959199999966, -22.284218199999938 ], [ -42.484485099999972, -22.283658499999945 ], [ -42.486504399999951, -22.282514399999961 ], [ -42.486928799999937, -22.282413099999928 ], [ -42.486909399999952, -22.282518 ], [ -42.486690399999929, -22.28339 ], [ -42.486621899999925, -22.283957499999932 ], [ -42.486553399999941, -22.284525 ], [ -42.486412399999949, -22.285886 ], [ -42.486259399999945, -22.287383 ], [ -42.486022399999975, -22.288688 ], [ -42.485645399999953, -22.28972 ], [ -42.485229399999973, -22.290752 ], [ -42.484462399999977, -22.291869 ], [ -42.483913399999949, -22.292718 ], [ -42.483401399999934, -22.293667 ], [ -42.482995399999943, -22.29469 ], [ -42.482841399999984, -22.295735 ], [ -42.482923899999946, -22.296255 ], [ -42.483006399999965, -22.296775 ], [ -42.48328239999995, -22.297619 ], [ -42.483548299999931, -22.297826899999968 ], [ -42.484143399999944, -22.298292 ], [ -42.485476499999955, -22.298845599999929 ], [ -42.486019499999948, -22.298913599999931 ], [ -42.488926399999968, -22.302765899999944 ], [ -42.489046799999983, -22.302922199999955 ], [ -42.490365899999965, -22.304176799999926 ], [ -42.490693599999936, -22.305104799999981 ], [ -42.491434699999957, -22.305934199999975 ], [ -42.49160459999996, -22.307287099999932 ], [ -42.490068099999981, -22.307987399999941 ], [ -42.488993899999969, -22.308272899999949 ], [ -42.488273299999946, -22.309510299999943 ], [ -42.485866599999952, -22.311128399999966 ], [ -42.485417899999952, -22.311985 ], [ -42.485390699999982, -22.31221609999994 ], [ -42.485281899999961, -22.31292319999994 ], [ -42.485744199999942, -22.314106199999976 ], [ -42.485608199999952, -22.315112299999946 ], [ -42.485363499999956, -22.315697 ], [ -42.485499499999946, -22.316227299999973 ], [ -42.485213599999959, -22.317623599999926 ], [ -42.487091799999973, -22.318823899999927 ], [ -42.487307199999982, -22.318961799999947 ], [ -42.488029099999949, -22.319422599999939 ], [ -42.490907, -22.320442699999944 ], [ -42.489492699999971, -22.323467899999958 ], [ -42.488299099999956, -22.324041499999961 ], [ -42.487105399999962, -22.324615099999949 ], [ -42.486615699999959, -22.324795499999926 ], [ -42.486610099999957, -22.324797599999954 ], [ -42.48659779999997, -22.324812199999936 ], [ -42.486404799999946, -22.325044199999972 ], [ -42.486211799999971, -22.325276199999962 ], [ -42.485527799999943, -22.326592199999936 ], [ -42.485216699999967, -22.327375199999953 ], [ -42.484544199999966, -22.3271817 ], [ -42.483227699999929, -22.326716299999926 ], [ -42.482948499999964, -22.326596599999959 ], [ -42.481392699999958, -22.326383899999946 ], [ -42.479491099999962, -22.326051399999987 ], [ -42.478586899999982, -22.325905199999955 ], [ -42.477243799999933, -22.327208299999942 ], [ -42.476259799999973, -22.32811259999994 ], [ -42.476047, -22.329336 ], [ -42.475688, -22.330891799999964 ], [ -42.47629969999997, -22.33157 ], [ -42.477190599999972, -22.332421 ], [ -42.47741, -22.332643699999952 ], [ -42.477857499999971, -22.33305 ], [ -42.477914499999947, -22.333236299999946 ], [ -42.478931799999941, -22.333803099999958 ], [ -42.479096099999936, -22.33388749999995 ], [ -42.479204, -22.3338323 ], [ -42.479212399999945, -22.333824899999968 ], [ -42.4795721, -22.333967699999953 ], [ -42.481088099999965, -22.334396499999954 ], [ -42.481516899999974, -22.334509599999933 ], [ -42.481808599999965, -22.334100699999958 ], [ -42.48269629999993, -22.332910499999976 ], [ -42.482875799999931, -22.332684499999967 ], [ -42.482945599999937, -22.332581399999974 ], [ -42.483483299999939, -22.33258809999996 ], [ -42.484231299999983, -22.332568099999939 ], [ -42.48467339999997, -22.332564799999947 ], [ -42.484948499999973, -22.332548199999952 ], [ -42.485060099999941, -22.332533299999952 ], [ -42.4854438, -22.333434199999935 ], [ -42.485718799999972, -22.334332199999949 ], [ -42.486017799999964, -22.334996199999974 ], [ -42.48642179999996, -22.335760199999971 ], [ -42.486904799999941, -22.336382199999942 ], [ -42.487393799999957, -22.337292199999975 ], [ -42.487813799999969, -22.338183199999943 ], [ -42.488027299999949, -22.338723699999939 ], [ -42.488240799999971, -22.339264199999946 ], [ -42.488430799999946, -22.340035199999921 ], [ -42.4886188, -22.340931199999943 ], [ -42.4887088, -22.341863199999974 ], [ -42.488790799999947, -22.342694199999986 ], [ -42.488748799999932, -22.34343419999994 ], [ -42.488629799999963, -22.344127199999942 ], [ -42.488627799999968, -22.344200199999932 ], [ -42.488622799999973, -22.345057199999914 ], [ -42.488494799999955, -22.346202199999929 ], [ -42.488533799999978, -22.347304199999943 ], [ -42.488557799999974, -22.347602199999965 ], [ -42.488587799999955, -22.34808119999996 ], [ -42.488771799999938, -22.348662199999978 ], [ -42.489179799999938, -22.349173199999932 ], [ -42.489702799999975, -22.349732199999952 ], [ -42.490237799999925, -22.350210199999932 ], [ -42.49071779999997, -22.350497199999957 ], [ -42.491285799999964, -22.35080419999996 ], [ -42.491795799999977, -22.35102019999994 ], [ -42.49226879999997, -22.351171199999957 ], [ -42.492691799999932, -22.351377199999952 ], [ -42.492980799999948, -22.351516199999924 ], [ -42.493424799999957, -22.351659199999968 ], [ -42.49379079999995, -22.35180019999995 ], [ -42.494077799999964, -22.352048199999945 ], [ -42.494488799999949, -22.352361199999965 ], [ -42.494861799999974, -22.352692199999982 ], [ -42.495072799999939, -22.352840199999946 ], [ -42.495328799999982, -22.353169199999968 ], [ -42.495337799999959, -22.353187199999965 ], [ -42.496355799999947, -22.354909199999948 ], [ -42.497085799999979, -22.355317199999934 ], [ -42.498008799999987, -22.355783199999944 ], [ -42.499193799999944, -22.356289199999928 ], [ -42.500705799999942, -22.356953199999968 ], [ -42.501964799999939, -22.357641199999925 ], [ -42.503711799999962, -22.358751199999972 ], [ -42.504673699999955, -22.359420399999973 ], [ -42.505331799999965, -22.359878199999962 ], [ -42.507127799999985, -22.360961199999963 ], [ -42.50862079999996, -22.36159819999995 ], [ -42.508831799999946, -22.361737199999929 ], [ -42.50905129999996, -22.361882599999952 ], [ -42.509837799999957, -22.36244819999996 ], [ -42.510775799999983, -22.36321119999997 ], [ -42.511372799999954, -22.363988199999937 ], [ -42.512248799999952, -22.364949199999952 ], [ -42.514398799999981, -22.366337199999975 ], [ -42.517355799999962, -22.368179199999915 ], [ -42.519320799999946, -22.369545199999948 ], [ -42.522097799999983, -22.37114919999992 ], [ -42.523839799999962, -22.372007199999935 ], [ -42.525073799999966, -22.372991199999948 ], [ -42.526012799999926, -22.37372819999996 ], [ -42.526050799999958, -22.373756199999949 ], [ -42.527007799999971, -22.374511199999965 ], [ -42.52808779999998, -22.375484199999956 ], [ -42.5289868, -22.37621119999995 ], [ -42.529006799999934, -22.37620219999997 ], [ -42.529956799999987, -22.376822199999932 ], [ -42.531109799999967, -22.377498199999941 ], [ -42.532715799999956, -22.378353199999921 ], [ -42.534869799999974, -22.379506199999977 ], [ -42.537052799999969, -22.380649199999937 ], [ -42.538891799999931, -22.381544199999961 ], [ -42.540547499999946, -22.381767699999955 ], [ -42.540817899999972, -22.381804199999976 ], [ -42.541980799999976, -22.381961199999971 ], [ -42.54428779999995, -22.382168199999963 ], [ -42.546539799999955, -22.382175199999946 ], [ -42.548938799999981, -22.38209419999998 ], [ -42.55133579999994, -22.381598199999928 ], [ -42.552860799999969, -22.380953199999965 ], [ -42.553488799999961, -22.38060119999993 ], [ -42.553786599999967, -22.38044809999997 ], [ -42.553676199999984, -22.380315099999958 ], [ -42.553222, -22.380124099999922 ], [ -42.552887, -22.379838599999971 ], [ -42.552586499999968, -22.379656499999943 ] ] ], [ [ [ -42.562213799999938, -22.278561199999945 ], [ -42.562392699999975, -22.278515399999939 ], [ -42.562466199999967, -22.278438199999986 ], [ -42.5624754, -22.278370699999982 ], [ -42.562431799999956, -22.278293199999947 ], [ -42.562288799999976, -22.278174199999967 ], [ -42.562192799999934, -22.278073199999952 ], [ -42.562107799999978, -22.277936199999939 ], [ -42.562012399999958, -22.277699299999934 ], [ -42.562018799999983, -22.277511199999928 ], [ -42.562021599999987, -22.277365099999948 ], [ -42.562092099999973, -22.277285399999968 ], [ -42.562220899999943, -22.277141199999953 ], [ -42.562303699999973, -22.27702169999997 ], [ -42.562340399999982, -22.276889799999925 ], [ -42.562374199999965, -22.276718099999968 ], [ -42.56242629999997, -22.276558699999946 ], [ -42.562502899999977, -22.276399299999976 ], [ -42.562588799999958, -22.276249 ], [ -42.56281259999998, -22.275994599999919 ], [ -42.56293519999997, -22.275843799999951 ], [ -42.562972, -22.275724799999978 ], [ -42.562986899999942, -22.275681499999969 ], [ -42.562973799999959, -22.275548199999946 ], [ -42.562904599999968, -22.275237299999965 ], [ -42.562912799999943, -22.275150199999921 ], [ -42.56302419999998, -22.274942899999921 ], [ -42.56324489999998, -22.27471909999997 ], [ -42.563557599999967, -22.274369599999936 ], [ -42.563882799999938, -22.274027199999981 ], [ -42.564250299999976, -22.273578599999947 ], [ -42.56449809999998, -22.273242799999949 ], [ -42.564623, -22.273085199999962 ], [ -42.564885, -22.272737499999959 ], [ -42.565144699999962, -22.272468899999971 ], [ -42.565283099999931, -22.272311499999947 ], [ -42.565309, -22.272282 ], [ -42.56501789999993, -22.272350199999945 ], [ -42.564827499999978, -22.272454499999981 ], [ -42.564522, -22.272630499999927 ], [ -42.564450099999931, -22.272756299999962 ], [ -42.564415699999977, -22.272746899999955 ], [ -42.564381299999987, -22.272737399999986 ], [ -42.564378299999937, -22.272637699999969 ], [ -42.56447529999997, -22.272400499999947 ], [ -42.564737599999937, -22.271875899999941 ], [ -42.564678499999957, -22.271801799999942 ], [ -42.564603899999952, -22.271831199999948 ], [ -42.564529199999988, -22.271860599999975 ], [ -42.56405859999996, -22.272281499999963 ], [ -42.563678399999951, -22.272706799999973 ], [ -42.562148899999954, -22.274032799999929 ], [ -42.5619, -22.274222799999958 ], [ -42.561343399999949, -22.274517 ], [ -42.561293599999949, -22.274562199999931 ], [ -42.561302599999969, -22.27464369999996 ], [ -42.561361499999975, -22.274856399999965 ], [ -42.56139769999993, -22.275041899999962 ], [ -42.561325299999964, -22.275232 ], [ -42.561175899999967, -22.275449199999962 ], [ -42.561004, -22.27558039999996 ], [ -42.560755099999945, -22.275630199999966 ], [ -42.560506199999971, -22.275756899999966 ], [ -42.560302599999943, -22.27589909999994 ], [ -42.560221499999955, -22.276028499999931 ], [ -42.560168899999951, -22.276230199999926 ], [ -42.558845399999946, -22.277653 ], [ -42.558689, -22.277824 ], [ -42.558555299999966, -22.278111199999952 ], [ -42.558537799999947, -22.278350099999958 ], [ -42.558612299999936, -22.27874039999995 ], [ -42.558686899999934, -22.279130599999966 ], [ -42.55877959999998, -22.279576799999965 ], [ -42.558862199999965, -22.279781699999937 ], [ -42.559002499999956, -22.279871599999982 ], [ -42.55911, -22.279992199999988 ], [ -42.559158199999963, -22.279954899999943 ], [ -42.55932659999997, -22.27979639999996 ], [ -42.559752799999956, -22.279523499999975 ], [ -42.560044799999964, -22.279431199999969 ], [ -42.560220799999968, -22.279380199999927 ], [ -42.560485499999963, -22.279293599999964 ], [ -42.560764499999955, -22.279201599999972 ], [ -42.561111, -22.279020699999933 ], [ -42.561482, -22.278815299999959 ], [ -42.561751799999975, -22.278668099999958 ], [ -42.561929599999985, -22.278591499999955 ], [ -42.562213799999938, -22.278561199999945 ] ] ], [ [ [ -42.610933099999954, -22.286441599999925 ], [ -42.610391899999968, -22.284797699999942 ], [ -42.607934499999942, -22.279062499999952 ], [ -42.607253199999953, -22.277143299999963 ], [ -42.615558199999946, -22.277122799999976 ], [ -42.615627899999936, -22.277169899999933 ], [ -42.615925599999962, -22.27734119999997 ], [ -42.616559, -22.277600099999976 ], [ -42.617088799999976, -22.277795299999987 ], [ -42.618255899999951, -22.276452899999978 ], [ -42.617434299999957, -22.275684799999969 ], [ -42.619609499999967, -22.273994299999959 ], [ -42.621607799999936, -22.272244899999968 ], [ -42.624198, -22.27033049999994 ], [ -42.624538099999938, -22.270079099999965 ], [ -42.627383399999985, -22.268422899999965 ], [ -42.632479499999924, -22.267276299999939 ], [ -42.632766599999968, -22.266742 ], [ -42.634531699999975, -22.264736699999951 ], [ -42.636808499999979, -22.262031599999936 ], [ -42.633664799999963, -22.260391799999979 ], [ -42.632787499999949, -22.260266499999943 ], [ -42.632254799999934, -22.259848699999964 ], [ -42.62815309999997, -22.256945699999964 ], [ -42.627969599999979, -22.257287799999968 ], [ -42.627882099999965, -22.257239199999958 ], [ -42.626759299999947, -22.256412499999943 ], [ -42.626527899999985, -22.256110199999949 ], [ -42.625795799999935, -22.255246399999976 ], [ -42.625289899999984, -22.254588399999935 ], [ -42.62499379999997, -22.254230499999945 ], [ -42.624911399999981, -22.254148199999971 ], [ -42.624893399999962, -22.254161799999956 ], [ -42.62369879999995, -22.254503299999953 ], [ -42.622439799999938, -22.2549883 ], [ -42.621297299999988, -22.255597199999951 ], [ -42.620190399999956, -22.255753499999962 ], [ -42.619562299999984, -22.25599 ], [ -42.618277399999954, -22.256288699999967 ], [ -42.617399599999949, -22.256163099999974 ], [ -42.616281099999981, -22.255849299999966 ], [ -42.615447699999947, -22.255696299999951 ], [ -42.614596799999958, -22.255739499999951 ], [ -42.613765899999976, -22.255496199999975 ], [ -42.613534399999928, -22.255147699999945 ], [ -42.613302899999958, -22.254799199999976 ], [ -42.613036, -22.254721399999944 ], [ -42.612849799999935, -22.253171299999959 ], [ -42.612826699999971, -22.252972499999942 ], [ -42.612803499999984, -22.252773699999981 ], [ -42.612733299999945, -22.25247749999993 ], [ -42.612715599999945, -22.252456499999944 ], [ -42.612602099999947, -22.252518 ], [ -42.612176699999964, -22.252768299999953 ], [ -42.61177749999996, -22.253029099999935 ], [ -42.61122249999994, -22.253461 ], [ -42.610966799999979, -22.253983299999962 ], [ -42.610887799999951, -22.254335799999975 ], [ -42.610889899999954, -22.254729799999957 ], [ -42.610890499999989, -22.254821699999976 ], [ -42.610823899999964, -22.254703599999971 ], [ -42.610752899999973, -22.254459299999954 ], [ -42.610668099999948, -22.254338899999937 ], [ -42.609089799999943, -22.255186499999972 ], [ -42.6063865, -22.256403799999919 ], [ -42.605857499999964, -22.257033499999967 ], [ -42.608523099999957, -22.258376699999928 ], [ -42.60878329999997, -22.25892239999996 ], [ -42.611545399999954, -22.260265699999934 ], [ -42.612750199999937, -22.260530199999945 ], [ -42.613829, -22.260685499999955 ], [ -42.613476399999968, -22.261373899999974 ], [ -42.613803799999971, -22.261638399999978 ], [ -42.613724, -22.262234399999954 ], [ -42.613942299999962, -22.262456899999957 ], [ -42.614173199999982, -22.26293539999995 ], [ -42.61411419999996, -22.26339959999995 ], [ -42.612222799999984, -22.263436699999936 ], [ -42.611330799999962, -22.263454199999952 ], [ -42.60830969999995, -22.263920599999942 ], [ -42.607762, -22.264067199999939 ], [ -42.605545799999959, -22.26465989999997 ], [ -42.604536, -22.265110399999966 ], [ -42.602752399999986, -22.266766699999938 ], [ -42.601308499999966, -22.268677699999962 ], [ -42.600449, -22.270061199999926 ], [ -42.599552899999942, -22.271492099999918 ], [ -42.599270099999949, -22.272839499999975 ], [ -42.599142699999959, -22.274325799999922 ], [ -42.599435899999946, -22.275146799999956 ], [ -42.599479699999961, -22.275269599999937 ], [ -42.599523599999941, -22.275392399999923 ], [ -42.599550699999952, -22.275468499999928 ], [ -42.600055599999962, -22.275684499999954 ], [ -42.599252399999955, -22.276422199999946 ], [ -42.599175499999944, -22.276492899999933 ], [ -42.598397899999952, -22.281685599999943 ], [ -42.598183899999988, -22.283081099999947 ], [ -42.598414199999979, -22.283081099999947 ], [ -42.598855499999956, -22.283035899999966 ], [ -42.60003219999993, -22.282990599999955 ], [ -42.6019826, -22.283235 ], [ -42.603007799999943, -22.283307399999952 ], [ -42.604161899999951, -22.284076799999987 ], [ -42.605768499999961, -22.285174299999937 ], [ -42.607148799999955, -22.285887099999972 ], [ -42.608540499999947, -22.286633799999947 ], [ -42.609705799999972, -22.286599899999935 ], [ -42.610373399999965, -22.286520699999976 ], [ -42.610933099999954, -22.286441599999925 ] ] ], [ [ [ -42.469392099999936, -22.266590499999939 ], [ -42.469469499999953, -22.266426299999971 ], [ -42.46957359999994, -22.266205499999948 ], [ -42.469815599999954, -22.26596359999996 ], [ -42.468512199999971, -22.264869199999968 ], [ -42.467984299999955, -22.26352739999993 ], [ -42.468214799999934, -22.262264 ], [ -42.468546, -22.260911599999929 ], [ -42.468632799999966, -22.260701199999971 ], [ -42.468699499999957, -22.260539299999945 ], [ -42.470198899999957, -22.256904 ], [ -42.470211899999988, -22.256275499999955 ], [ -42.470151199999975, -22.25608049999995 ], [ -42.470124399999975, -22.255953799999929 ], [ -42.470103499999937, -22.255855099999952 ], [ -42.470354899999961, -22.255876799999953 ], [ -42.470693, -22.256037099999958 ], [ -42.47081, -22.25611079999992 ], [ -42.47091839999996, -22.255907099999952 ], [ -42.470900699999959, -22.255763599999959 ], [ -42.470315899999953, -22.255274299999932 ], [ -42.470060199999978, -22.255226599999958 ], [ -42.46966569999995, -22.255222299999961 ], [ -42.469336299999952, -22.255113899999966 ], [ -42.469093599999958, -22.255109599999969 ], [ -42.468933299999954, -22.255122599999925 ], [ -42.468833599999982, -22.255085699999928 ], [ -42.468733899999961, -22.255048899999952 ], [ -42.46892459999998, -22.254745499999949 ], [ -42.469115299999942, -22.254082399999962 ], [ -42.469119599999942, -22.253722599999943 ], [ -42.469189, -22.253583899999967 ], [ -42.469258499999967, -22.253536299999933 ], [ -42.469609399999968, -22.253670599999964 ], [ -42.469752399999955, -22.253700899999956 ], [ -42.469808799999953, -22.253631599999942 ], [ -42.469865099999936, -22.253562199999976 ], [ -42.469869499999959, -22.253102799999951 ], [ -42.469674399999981, -22.252959799999921 ], [ -42.469611099999959, -22.252862399999966 ], [ -42.469623499999962, -22.252773199999979 ], [ -42.469673, -22.252706399999955 ], [ -42.469754699999953, -22.252666799999929 ], [ -42.469960499999949, -22.252621699999963 ], [ -42.470432899999935, -22.252383299999952 ], [ -42.47071539999996, -22.252297899999974 ], [ -42.473731699999973, -22.253020399999972 ], [ -42.474184299999934, -22.253497699999965 ], [ -42.475106299999936, -22.25447 ], [ -42.47651, -22.255950199999976 ], [ -42.47736869999995, -22.25781929999993 ], [ -42.477484, -22.258203499999965 ], [ -42.477639799999963, -22.25804359999994 ], [ -42.478044899999936, -22.257609799999958 ], [ -42.478353199999951, -22.257201099999978 ], [ -42.478647199999955, -22.256878399999941 ], [ -42.479134799999947, -22.256304799999949 ], [ -42.479311499999945, -22.256069299999982 ], [ -42.479190899999928, -22.256019799999937 ], [ -42.47903279999997, -22.255699599999964 ], [ -42.479079699999943, -22.254980299999943 ], [ -42.478865699999972, -22.254742499999963 ], [ -42.478829299999973, -22.254748699999922 ], [ -42.478801399999952, -22.254601899999948 ], [ -42.478769099999965, -22.254150099999947 ], [ -42.478206199999939, -22.252827199999949 ], [ -42.478579099999941, -22.251565199999963 ], [ -42.479009299999973, -22.250231499999927 ], [ -42.4785361, -22.249844299999946 ], [ -42.476858199999988, -22.248525 ], [ -42.475495799999976, -22.247521099999972 ], [ -42.471480399999962, -22.246933199999937 ], [ -42.468813099999977, -22.246502899999932 ], [ -42.467875, -22.246389899999937 ], [ -42.467892899999981, -22.246645799999957 ], [ -42.467894899999976, -22.246675099999948 ], [ -42.468048799999963, -22.247462799999941 ], [ -42.468090299999979, -22.24767549999995 ], [ -42.468149399999959, -22.247978199999974 ], [ -42.468308599999943, -22.248254199999963 ], [ -42.468314699999951, -22.248412199999958 ], [ -42.468317, -22.248471599999952 ], [ -42.4682294, -22.248779399999933 ], [ -42.467659499999968, -22.24895819999994 ], [ -42.46809449999995, -22.249323099999959 ], [ -42.468329599999947, -22.249649199999954 ], [ -42.468194599999954, -22.249601499999979 ], [ -42.467996299999982, -22.249531599999937 ], [ -42.467684199999951, -22.249527 ], [ -42.467041499999944, -22.249765699999937 ], [ -42.4662656, -22.249875899999953 ], [ -42.465912099999976, -22.249903399999926 ], [ -42.465558699999981, -22.249931 ], [ -42.465239899999972, -22.249906 ], [ -42.464879199999984, -22.249719799999976 ], [ -42.464694499999958, -22.249703 ], [ -42.46462669999994, -22.249696799999985 ], [ -42.464596799999981, -22.249704799999964 ], [ -42.464471899999978, -22.249737599999953 ], [ -42.464347, -22.249770399999914 ], [ -42.46417229999998, -22.249880499999961 ], [ -42.46415559999997, -22.24992 ], [ -42.463883099999975, -22.24970129999997 ], [ -42.463651699999964, -22.249381399999947 ], [ -42.463192699999979, -22.24891579999996 ], [ -42.462769499999986, -22.248639799999971 ], [ -42.462545899999952, -22.248469299999947 ], [ -42.462485499999964, -22.248405699999971 ], [ -42.462396399999932, -22.248201099999964 ], [ -42.46234, -22.248023099999951 ], [ -42.462218199999938, -22.247693499999965 ], [ -42.462101899999936, -22.247430199999943 ], [ -42.461959, -22.246720199999967 ], [ -42.461878299999974, -22.246519 ], [ -42.46185689999993, -22.246483 ], [ -42.461621499999978, -22.246231099999921 ], [ -42.461227299999969, -22.245968299999955 ], [ -42.46080569999998, -22.245793099999958 ], [ -42.460367699999949, -22.245738399999933 ], [ -42.459847699999955, -22.245798699999963 ], [ -42.459420299999977, -22.24583639999997 ], [ -42.459403, -22.24583419999993 ], [ -42.459113899999977, -22.245798599999947 ], [ -42.458867299999952, -22.24568359999996 ], [ -42.458817, -22.24576119999994 ], [ -42.458462599999962, -22.24549439999992 ], [ -42.458337199999953, -22.245411799999943 ], [ -42.458195399999966, -22.245256699999977 ], [ -42.458130099999956, -22.245053199999962 ], [ -42.458084699999972, -22.244717499999979 ], [ -42.458018899999956, -22.24454969999994 ], [ -42.457494099999963, -22.24396489999998 ], [ -42.45743769999995, -22.243874199999937 ], [ -42.457381299999959, -22.243783499999953 ], [ -42.457355699999937, -22.243578599999964 ], [ -42.457472299999949, -22.243009299999976 ], [ -42.457430199999976, -22.24290719999993 ], [ -42.457243099999971, -22.242821699999965 ], [ -42.456916, -22.242746199999942 ], [ -42.456533199999967, -22.242585899999934 ], [ -42.456174299999937, -22.242370599999955 ], [ -42.455780799999957, -22.241664499999942 ], [ -42.455605299999945, -22.241524299999966 ], [ -42.455321199999958, -22.241425799999941 ], [ -42.455029, -22.241286 ], [ -42.454580699999951, -22.240948299999964 ], [ -42.454268499999955, -22.240490299999966 ], [ -42.45407629999994, -22.240302199999963 ], [ -42.453885099999987, -22.239801799999945 ], [ -42.4536715, -22.239941899999959 ], [ -42.45357689999998, -22.240003799999936 ], [ -42.45317, -22.239731299999953 ], [ -42.452877699999938, -22.239516599999941 ], [ -42.452695199999937, -22.239134899999947 ], [ -42.452396499999963, -22.238864 ], [ -42.451087199999954, -22.239741399999957 ], [ -42.450239299999964, -22.240309499999963 ], [ -42.450616, -22.241103199999952 ], [ -42.45118279999997, -22.242267899999934 ], [ -42.451785099999938, -22.243348499999971 ], [ -42.452369699999963, -22.244513299999941 ], [ -42.453654099999937, -22.247303399999968 ], [ -42.456594799999948, -22.247719699999944 ], [ -42.457370399999945, -22.247279899999963 ], [ -42.457407599999954, -22.247266599999918 ], [ -42.457443199999943, -22.24735289999996 ], [ -42.457360599999959, -22.247851799999975 ], [ -42.457310399999983, -22.248049599999938 ], [ -42.457309799999962, -22.248088199999923 ], [ -42.456713399999956, -22.249008899999971 ], [ -42.456659, -22.249092799999964 ], [ -42.456614099999975, -22.24916219999994 ], [ -42.456572699999988, -22.249226099999934 ], [ -42.45594019999993, -22.25020259999997 ], [ -42.4558962, -22.250270499999942 ], [ -42.455843, -22.250352699999958 ], [ -42.455796, -22.250425099999962 ], [ -42.454029799999944, -22.253151899999978 ], [ -42.453904899999934, -22.253344799999969 ], [ -42.453864099999983, -22.253407699999958 ], [ -42.453801799999951, -22.253504 ], [ -42.452026299999943, -22.256245 ], [ -42.45098859999996, -22.257847099999928 ], [ -42.450913, -22.257963799999974 ], [ -42.450876, -22.258021 ], [ -42.450823299999968, -22.258102299999948 ], [ -42.450250799999935, -22.258986099999959 ], [ -42.449920199999951, -22.259291899999926 ], [ -42.449014699999964, -22.26308919999996 ], [ -42.447794399999964, -22.267983599999969 ], [ -42.448979099999974, -22.267999199999959 ], [ -42.451179799999977, -22.26799369999998 ], [ -42.451315599999937, -22.26799329999994 ], [ -42.451809799999978, -22.267992099999958 ], [ -42.451882599999976, -22.267991899999966 ], [ -42.452923799999958, -22.26798929999994 ], [ -42.459076299999943, -22.267973899999973 ], [ -42.467622299999967, -22.267952399999952 ], [ -42.469270199999983, -22.266585 ], [ -42.469392099999936, -22.266590499999939 ] ] ], [ [ [ -42.5268, -22.182739699999949 ], [ -42.525543899999946, -22.182231699999935 ], [ -42.525204799999976, -22.182011099999961 ], [ -42.524662299999932, -22.182483299999951 ], [ -42.5240649, -22.18185689999995 ], [ -42.523009899999977, -22.180768099999955 ], [ -42.522410599999944, -22.181072 ], [ -42.521507499999984, -22.181418 ], [ -42.521288, -22.181730299999966 ], [ -42.519937499999969, -22.183435299999925 ], [ -42.519414199999972, -22.184481899999984 ], [ -42.518838199999955, -22.185569899999958 ], [ -42.518903199999961, -22.185659 ], [ -42.519197799999979, -22.185853399999935 ], [ -42.519402299999975, -22.186090599999936 ], [ -42.51962709999998, -22.186285899999984 ], [ -42.519663399999963, -22.186388299999965 ], [ -42.51983689999998, -22.186462499999944 ], [ -42.52072759999993, -22.187048699999938 ], [ -42.521054299999953, -22.187354299999981 ], [ -42.521077899999966, -22.187630399999936 ], [ -42.521399, -22.187743 ], [ -42.521646199999964, -22.187841399999961 ], [ -42.5218316, -22.187743299999955 ], [ -42.522115699999979, -22.187707899999953 ], [ -42.522397799999965, -22.18773449999998 ], [ -42.522645899999929, -22.187887499999931 ], [ -42.522919099999974, -22.188125799999963 ], [ -42.523166399999987, -22.1882859 ], [ -42.5234751, -22.188457699999955 ], [ -42.523900399999945, -22.188631799999936 ], [ -42.524200199999946, -22.188802399999926 ], [ -42.524374099999932, -22.188958299999964 ], [ -42.524487799999982, -22.189122399999963 ], [ -42.524654599999955, -22.189293399999929 ], [ -42.524895699999945, -22.189452399999944 ], [ -42.524984799999977, -22.189560599999929 ], [ -42.525178399999959, -22.189681299999943 ], [ -42.525483399999985, -22.18972419999994 ], [ -42.525596799999974, -22.189821099999957 ], [ -42.52565229999994, -22.190106899999936 ], [ -42.525607899999954, -22.190416199999948 ], [ -42.525643899999977, -22.190739499999928 ], [ -42.525271199999963, -22.190893599999974 ], [ -42.525297899999948, -22.191078899999972 ], [ -42.525341399999938, -22.191197299999949 ], [ -42.525482799999963, -22.191276699999957 ], [ -42.525742199999968, -22.191321499999958 ], [ -42.525985199999973, -22.191348699999935 ], [ -42.526221799999981, -22.191304399999975 ], [ -42.526387099999965, -22.191214399999971 ], [ -42.526725299999953, -22.191104199999931 ], [ -42.526858, -22.191010499999944 ], [ -42.526903599999969, -22.190822099999931 ], [ -42.526891699999958, -22.190622199999957 ], [ -42.527377799999954, -22.190409 ], [ -42.527707799999973, -22.190398799999979 ], [ -42.527880499999981, -22.190542399999959 ], [ -42.528231699999935, -22.189639299999961 ], [ -42.525239099999965, -22.187792 ], [ -42.52448169999996, -22.187080799999933 ], [ -42.524509399999943, -22.186443499999928 ], [ -42.524962, -22.186212599999976 ], [ -42.526569099999961, -22.186988399999958 ], [ -42.527345, -22.187071599999971 ], [ -42.528324, -22.186545099999929 ], [ -42.528878199999951, -22.18575079999993 ], [ -42.528896699999969, -22.185325899999953 ], [ -42.5283702, -22.183644899999926 ], [ -42.527862199999959, -22.183026 ], [ -42.5268, -22.182739699999949 ] ] ] ] } }
]
}
