{
"type": "FeatureCollection",
"name": "3306107",
"crs": { "type": "name", "properties": { "name": "urn:ogc:def:crs:OGC:1.3:CRS84" } },
"features": [
{ "type": "Feature", "properties": { "CD_MUN": "3306107", "NM_MUN": "Valença" }, "geometry": { "type": "MultiPolygon", "coordinates": [ [ [ [ -43.85394869999994, -22.314017699999965 ], [ -43.854707699999949, -22.314361 ], [ -43.855195899999956, -22.31456159999993 ], [ -43.85551949999995, -22.314586599999927 ], [ -43.854940899999967, -22.312138299999958 ], [ -43.855710699999975, -22.308255599999939 ], [ -43.856384099999957, -22.304769499999953 ], [ -43.857225199999959, -22.303509699999942 ], [ -43.856895299999962, -22.301632699999974 ], [ -43.855095799999958, -22.300408199999922 ], [ -43.845439799999959, -22.301071 ], [ -43.840522499999963, -22.301145499999965 ], [ -43.83965319999993, -22.30155109999998 ], [ -43.83791169999995, -22.30323839999993 ], [ -43.836567799999948, -22.304135399999943 ], [ -43.835258299999971, -22.304195399999962 ], [ -43.832436199999968, -22.304489099999941 ], [ -43.831519899999932, -22.305543199999928 ], [ -43.83097319999996, -22.30505559999995 ], [ -43.830030099999938, -22.304726799999962 ], [ -43.827912899999951, -22.304604099999953 ], [ -43.827188099999951, -22.304982099999943 ], [ -43.824591099999971, -22.304728399999913 ], [ -43.824483499999985, -22.304273899999941 ], [ -43.82342749999998, -22.304369699999931 ], [ -43.822689399999952, -22.30492839999993 ], [ -43.821627299999932, -22.304713699999979 ], [ -43.819854299999975, -22.304989 ], [ -43.819044199999951, -22.304184 ], [ -43.817234699999972, -22.303814099999954 ], [ -43.816025499999967, -22.300493299999971 ], [ -43.807543099999975, -22.295137899999936 ], [ -43.805189199999965, -22.297068699999944 ], [ -43.801295199999977, -22.300667699999956 ], [ -43.802511399999958, -22.301266299999956 ], [ -43.802526899999975, -22.301256 ], [ -43.803261899999939, -22.301572099999927 ], [ -43.816000899999949, -22.307050399999973 ], [ -43.816028199999948, -22.308224099999972 ], [ -43.816928899999944, -22.309261299999928 ], [ -43.818048, -22.309370499999943 ], [ -43.820324199999959, -22.309135799999982 ], [ -43.821852799999924, -22.308978099999933 ], [ -43.821829599999944, -22.30900779999995 ], [ -43.821797499999946, -22.309038899999962 ], [ -43.821778099999968, -22.309051299999979 ], [ -43.82175, -22.309066499999972 ], [ -43.82172189999995, -22.30907859999995 ], [ -43.821697399999948, -22.309087599999945 ], [ -43.821667799999943, -22.309096499999942 ], [ -43.821646599999951, -22.30910879999993 ], [ -43.821634199999956, -22.309118099999974 ], [ -43.821631099999941, -22.309122899999977 ], [ -43.821616, -22.309146399999971 ], [ -43.821601199999975, -22.309178 ], [ -43.821589599999989, -22.309219299999928 ], [ -43.821585, -22.309254399999922 ], [ -43.821585599999942, -22.309289599999943 ], [ -43.821588199999958, -22.309318499999961 ], [ -43.821599099999965, -22.309357099999932 ], [ -43.821608699999956, -22.309383 ], [ -43.82163689999993, -22.309422 ], [ -43.821678, -22.309467 ], [ -43.821693799999942, -22.309484199999922 ], [ -43.821724299999978, -22.309507399999969 ], [ -43.821756799999939, -22.309517799999981 ], [ -43.821777599999962, -22.309518299999983 ], [ -43.821795, -22.309512299999941 ], [ -43.821807399999955, -22.309503 ], [ -43.821818499999949, -22.309480899999983 ], [ -43.821816, -22.309448799999917 ], [ -43.821796899999981, -22.309397199999982 ], [ -43.821765899999946, -22.309335599999944 ], [ -43.821754899999966, -22.309300199999935 ], [ -43.821752199999935, -22.309274499999965 ], [ -43.82176149999998, -22.309252299999972 ], [ -43.821779499999934, -22.309230399999922 ], [ -43.82181079999998, -22.309224799999988 ], [ -43.82184019999994, -22.309225499999958 ], [ -43.821893399999965, -22.309239599999948 ], [ -43.821961799999933, -22.309266799999921 ], [ -43.822099799999933, -22.309334199999967 ], [ -43.822131799999966, -22.309360599999934 ], [ -43.8221468, -22.309380099999945 ], [ -43.822156399999983, -22.309406 ], [ -43.822157199999936, -22.309438 ], [ -43.822145599999949, -22.309476099999923 ], [ -43.822125799999988, -22.309501199999943 ], [ -43.822088499999957, -22.309532299999944 ], [ -43.82205789999994, -22.309573099999952 ], [ -43.822050299999951, -22.309595399999981 ], [ -43.822049799999945, -22.309611399999927 ], [ -43.822049099999951, -22.309633699999953 ], [ -43.822053899999965, -22.30964669999997 ], [ -43.8220654, -22.309666099999955 ], [ -43.822099699999974, -22.309676599999925 ], [ -43.822146499999974, -22.309674499999982 ], [ -43.822219399999945, -22.309666699999973 ], [ -43.822283299999988, -22.309668299999935 ], [ -43.822369399999964, -22.309683099999958 ], [ -43.822422599999982, -22.309694 ], [ -43.822458199999971, -22.309720499999973 ], [ -43.822489599999976, -22.309766099999941 ], [ -43.822501099999961, -22.309788799999978 ], [ -43.822508899999946, -22.309814599999974 ], [ -43.822513299999969, -22.309840299999966 ], [ -43.822519499999949, -22.309866 ], [ -43.822534299999973, -22.309892 ], [ -43.822561299999961, -22.309911899999978 ], [ -43.822602399999944, -22.309925699999937 ], [ -43.822637, -22.309926499999953 ], [ -43.82265979999994, -22.309914299999939 ], [ -43.82267639999997, -22.309882599999984 ], [ -43.82268739999995, -22.30986049999996 ], [ -43.82269679999996, -22.30983509999994 ], [ -43.822706299999936, -22.309806599999948 ], [ -43.822727799999939, -22.309781499999929 ], [ -43.8227366, -22.309775299999941 ], [ -43.822759299999973, -22.309769399999929 ], [ -43.822776599999948, -22.309769899999939 ], [ -43.82280419999995, -22.309770499999949 ], [ -43.822822799999983, -22.309783799999934 ], [ -43.822844699999962, -22.309803499999919 ], [ -43.822861299999943, -22.309826299999941 ], [ -43.82288089999998, -22.30986519999993 ], [ -43.822905899999974, -22.309897799999916 ], [ -43.822943299999963, -22.309917899999949 ], [ -43.822991099999967, -22.309938299999949 ], [ -43.823070399999949, -22.309946599999932 ], [ -43.823113199999966, -22.309958899999966 ], [ -43.823156099999949, -22.309971099999924 ], [ -43.823200099999951, -22.310001 ], [ -43.823225599999944, -22.310017599999984 ], [ -43.82324559999995, -22.310040499999957 ], [ -43.823260399999981, -22.310066399999982 ], [ -43.823264799999947, -22.310095399999962 ], [ -43.823263, -22.310156099999972 ], [ -43.823277, -22.310207699999982 ], [ -43.823298399999942, -22.310243399999919 ], [ -43.823340599999938, -22.310279699999974 ], [ -43.823379699999975, -22.310303 ], [ -43.823415699999941, -22.310310299999966 ], [ -43.823463199999942, -22.31028259999994 ], [ -43.823492, -22.310244899999919 ], [ -43.823518899999961, -22.310210299999945 ], [ -43.8235615, -22.310172899999941 ], [ -43.823605299999947, -22.3101516 ], [ -43.823646699999983, -22.310152599999984 ], [ -43.82368629999997, -22.310159899999967 ], [ -43.823718499999984, -22.310179899999977 ], [ -43.823769699999964, -22.31021979999997 ], [ -43.823814, -22.310243299999961 ], [ -43.823860599999932, -22.310244399999931 ], [ -43.823910599999984, -22.31024559999998 ], [ -43.823941499999933, -22.310252799999944 ], [ -43.823973699999954, -22.310276 ], [ -43.824011399999968, -22.31028329999998 ], [ -43.824032199999984, -22.310283799999969 ], [ -43.824058399999956, -22.310271599999954 ], [ -43.824088699999947, -22.310240299999972 ], [ -43.824108899999942, -22.310196 ], [ -43.824111499999958, -22.310167299999939 ], [ -43.824106699999959, -22.310154399999938 ], [ -43.824098199999987, -22.310147799999964 ], [ -43.8240388, -22.310111099999968 ], [ -43.824005, -22.310087899999921 ], [ -43.823979799999961, -22.310061699999956 ], [ -43.82397019999997, -22.310035899999935 ], [ -43.823964299999943, -22.310000599999963 ], [ -43.823972299999987, -22.30996239999995 ], [ -43.823999399999934, -22.309921399999958 ], [ -43.824044599999986, -22.309852199999956 ], [ -43.824090599999977, -22.309751 ], [ -43.824135299999966, -22.309697699999958 ], [ -43.824152, -22.309688499999943 ], [ -43.824302699999983, -22.309703 ], [ -43.824193, -22.310034899999941 ], [ -43.824193899999955, -22.310063699999937 ], [ -43.824212099999954, -22.310089699999928 ], [ -43.824239399999954, -22.310103199999954 ], [ -43.82427, -22.310119899999957 ], [ -43.824291899999935, -22.310139599999957 ], [ -43.824303099999959, -22.310168699999959 ], [ -43.824298699999986, -22.310200599999977 ], [ -43.824285799999977, -22.310232299999939 ], [ -43.824265, -22.310251199999978 ], [ -43.824247, -22.31027639999995 ], [ -43.824216499999977, -22.310314099999975 ], [ -43.824196699999959, -22.310342399999968 ], [ -43.824194, -22.310348699999967 ], [ -43.824180099999985, -22.310380399999925 ], [ -43.824171699999965, -22.310434599999947 ], [ -43.824171699999972, -22.310492199999949 ], [ -43.824184199999934, -22.310540499999949 ], [ -43.824200199999943, -22.31058249999996 ], [ -43.82423189999998, -22.310621699999952 ], [ -43.824267499999962, -22.310644899999943 ], [ -43.824299799999942, -22.310664899999956 ], [ -43.82434729999995, -22.310694899999923 ], [ -43.824362399999984, -22.310711199999961 ], [ -43.824398099999939, -22.310728099999952 ], [ -43.824415399999964, -22.310728499999978 ], [ -43.824443, -22.310729199999958 ], [ -43.824482299999943, -22.310742899999966 ], [ -43.824514699999952, -22.310759699999945 ], [ -43.824554399999961, -22.310760599999977 ], [ -43.824573599999951, -22.310751499999974 ], [ -43.824610199999938, -22.31073959999997 ], [ -43.824723899999981, -22.310748699999969 ], [ -43.824746299999951, -22.310749199999968 ], [ -43.824772699999983, -22.310730599999957 ], [ -43.824785499999962, -22.310708499999965 ], [ -43.824789599999974, -22.310683 ], [ -43.824790599999979, -22.31064779999997 ], [ -43.824792699999932, -22.310574299999917 ], [ -43.824798399999963, -22.310491199999944 ], [ -43.824802, -22.310427299999958 ], [ -43.824808099999984, -22.310392299999936 ], [ -43.824826, -22.310370299999921 ], [ -43.824857499999943, -22.310355099999974 ], [ -43.824883299999954, -22.310355699999942 ], [ -43.824910799999941, -22.310359499999944 ], [ -43.82501989999998, -22.310410099999952 ], [ -43.825067199999985, -22.310443299999974 ], [ -43.825088899999969, -22.310472599999972 ], [ -43.825113399999971, -22.310521199999986 ], [ -43.825129599999975, -22.310559899999927 ], [ -43.825142099999944, -22.310605 ], [ -43.825149899999978, -22.310634 ], [ -43.825156099999965, -22.310659799999936 ], [ -43.825169499999959, -22.310676099999966 ], [ -43.825188099999934, -22.310689299999979 ], [ -43.825243, -22.310700199999932 ], [ -43.825307199999941, -22.310689 ], [ -43.825375199999939, -22.310661799999938 ], [ -43.8254032, -22.310646499999969 ], [ -43.8254257, -22.310643799999976 ], [ -43.825454899999954, -22.310647699999954 ], [ -43.825480199999959, -22.310667499999962 ], [ -43.825512, -22.310703499999924 ], [ -43.825545299999931, -22.31074909999996 ], [ -43.825571699999962, -22.310791299999952 ], [ -43.82558929999994, -22.310842899999948 ], [ -43.825605799999948, -22.310932899999955 ], [ -43.825612299999939, -22.311009899999927 ], [ -43.825639, -22.311170599999972 ], [ -43.825642099999982, -22.31131159999995 ], [ -43.825635399999953, -22.311365899999934 ], [ -43.825627499999939, -22.311404099999951 ], [ -43.825614399999949, -22.311439099999976 ], [ -43.825584299999939, -22.311467199999974 ], [ -43.825535699999932, -22.311478899999926 ], [ -43.825486199999951, -22.311458499999958 ], [ -43.825449399999968, -22.311416 ], [ -43.825421, -22.311380099999948 ], [ -43.8253888, -22.311360099999941 ], [ -43.82533559999996, -22.311349199999928 ], [ -43.825301199999956, -22.311345199999952 ], [ -43.825269199999987, -22.311315599999936 ], [ -43.825239199999949, -22.311276499999956 ], [ -43.825213899999937, -22.311253499999957 ], [ -43.825193399999925, -22.311246599999954 ], [ -43.825174, -22.311262099999965 ], [ -43.825161099999953, -22.311290699999969 ], [ -43.82516179999994, -22.311329099999966 ], [ -43.825171, -22.311371 ], [ -43.82519949999994, -22.311400499999934 ], [ -43.825236699999941, -22.311427 ], [ -43.825265699999939, -22.311440499999954 ], [ -43.825286, -22.311457 ], [ -43.825297699999965, -22.311470099999937 ], [ -43.825300599999935, -22.311489399999964 ], [ -43.825294799999938, -22.311511699999972 ], [ -43.825264399999988, -22.311549399999933 ], [ -43.825259799999976, -22.311594199999945 ], [ -43.825265499999936, -22.311636 ], [ -43.825295499999982, -22.311675199999971 ], [ -43.825327399999942, -22.311708 ], [ -43.82535809999996, -22.311721499999972 ], [ -43.825397899999984, -22.311719199999963 ], [ -43.825424399999982, -22.311697399999947 ], [ -43.825452699999978, -22.31167239999996 ], [ -43.825475499999989, -22.31166009999998 ], [ -43.825484099999983, -22.311660299999971 ], [ -43.825506499999968, -22.311660899999932 ], [ -43.825521899999963, -22.311667599999957 ], [ -43.825549, -22.311687499999948 ], [ -43.825569099999939, -22.311710399999974 ], [ -43.825598499999955, -22.311772 ], [ -43.825613899999958, -22.311839699999933 ], [ -43.825623399999984, -22.311868799999953 ], [ -43.825626, -22.311900899999948 ], [ -43.825619699999947, -22.311942399999971 ], [ -43.825602699999934, -22.311996499999957 ], [ -43.825589699999966, -22.312031499999932 ], [ -43.825583499999937, -22.312066699999953 ], [ -43.825584099999958, -22.312108399999946 ], [ -43.825596099999984, -22.312176 ], [ -43.825617099999931, -22.312227799999956 ], [ -43.825643599999985, -22.312270099999985 ], [ -43.825668599999972, -22.312302799999934 ], [ -43.825692, -22.312332199999958 ], [ -43.825713599999979, -22.312361599999974 ], [ -43.825724899999962, -22.312390699999977 ], [ -43.825729299999985, -22.312419699999964 ], [ -43.825725, -22.312451699999944 ], [ -43.825713499999949, -22.312493199999942 ], [ -43.825703899999951, -22.31253149999997 ], [ -43.825699699999973, -22.312557099999939 ], [ -43.82570249999997, -22.312579599999935 ], [ -43.825715799999955, -22.312599199999973 ], [ -43.825744599999958, -22.312622299999937 ], [ -43.825775099999937, -22.312642299999929 ], [ -43.825829599999963, -22.31267239999994 ], [ -43.825916499999941, -22.312716099999928 ], [ -43.825947199999973, -22.31272969999997 ], [ -43.825965499999946, -22.312755799999923 ], [ -43.825973499999975, -22.312778399999949 ], [ -43.825976199999957, -22.312807399999937 ], [ -43.825983499999943, -22.312855699999943 ], [ -43.825991199999983, -22.312891199999971 ], [ -43.826010699999983, -22.312939799999974 ], [ -43.826033499999937, -22.312988499999967 ], [ -43.826075099999962, -22.313050499999981 ], [ -43.826165399999979, -22.313161799999929 ], [ -43.826250799999968, -22.313260099999972 ], [ -43.826279199999931, -22.313299299999983 ], [ -43.826302, -22.313351199999936 ], [ -43.826314799999984, -22.313386799999918 ], [ -43.826338199999959, -22.313416299999961 ], [ -43.826370399999973, -22.313439499999955 ], [ -43.826418399999973, -22.313456699999954 ], [ -43.826498599999979, -22.313493799999939 ], [ -43.826575199999979, -22.31353409999997 ], [ -43.826774899999975, -22.31366249999996 ], [ -43.826993099999981, -22.31341149999998 ], [ -43.827420299999972, -22.312983499999969 ], [ -43.827939799999967, -22.312605399999924 ], [ -43.8280597, -22.31252 ], [ -43.828392699999938, -22.312276 ], [ -43.828748699999949, -22.312118399999978 ], [ -43.829231299999947, -22.311857699999958 ], [ -43.829626899999937, -22.311555799999947 ], [ -43.829883399999972, -22.311313699999967 ], [ -43.830345199999954, -22.311033699999939 ], [ -43.830643799999962, -22.310986899999932 ], [ -43.831116599999973, -22.311076199999945 ], [ -43.831398199999974, -22.311175199999987 ], [ -43.831857199999945, -22.311206099999936 ], [ -43.832119399999954, -22.311187699999952 ], [ -43.832274299999938, -22.310945 ], [ -43.832383399999969, -22.310679199999967 ], [ -43.832712899999933, -22.310724599999951 ], [ -43.832781399999938, -22.310218899999938 ], [ -43.833213499999943, -22.30993639999998 ], [ -43.833295499999963, -22.309577899999965 ], [ -43.833640799999948, -22.30943079999998 ], [ -43.834209399999963, -22.309356 ], [ -43.83449509999997, -22.309111899999941 ], [ -43.834795699999972, -22.309337399999944 ], [ -43.83558429999993, -22.309610699999947 ], [ -43.835906099999931, -22.309852199999956 ], [ -43.836436, -22.310115299999943 ], [ -43.836851499999973, -22.310424699999949 ], [ -43.83745719999996, -22.310700199999925 ], [ -43.838088199999966, -22.310987599999983 ], [ -43.83863, -22.3113451 ], [ -43.839083, -22.311713699999913 ], [ -43.839585199999931, -22.312259499999989 ], [ -43.84007819999993, -22.312376699999955 ], [ -43.840482799999961, -22.312478099999971 ], [ -43.840773899999938, -22.3125037 ], [ -43.841041599999983, -22.31254679999995 ], [ -43.841348899999957, -22.312500099999959 ], [ -43.841656699999938, -22.312404299999962 ], [ -43.841815799999956, -22.312250399999979 ], [ -43.842000799999937, -22.312153799999972 ], [ -43.842268, -22.312141599999961 ], [ -43.842558099999962, -22.312291499999954 ], [ -43.842917599999964, -22.312658199999927 ], [ -43.843240399999956, -22.312856299999975 ], [ -43.843634599999973, -22.312916299999927 ], [ -43.843847699999962, -22.313044299999941 ], [ -43.844313899999982, -22.313354099999962 ], [ -43.844527099999929, -22.313614899999944 ], [ -43.844702299999938, -22.313875499999941 ], [ -43.844788299999941, -22.314206099999979 ], [ -43.844938099999986, -22.31446649999997 ], [ -43.845188599999972, -22.31482189999997 ], [ -43.846059699999955, -22.315181699999979 ], [ -43.846579399999946, -22.31515 ], [ -43.847060399999982, -22.315188799999934 ], [ -43.847643, -22.31520469999997 ], [ -43.848162899999977, -22.315149499999961 ], [ -43.848556199999955, -22.315069799999954 ], [ -43.84912879999996, -22.314603799999926 ], [ -43.849585399999967, -22.314533599999947 ], [ -43.850361799999966, -22.314786099999928 ], [ -43.85106559999997, -22.314934399999981 ], [ -43.851610899999969, -22.314867499999945 ], [ -43.851839499999983, -22.314798399999965 ], [ -43.852454, -22.314472299999974 ], [ -43.853408099999967, -22.314245299999982 ], [ -43.85394869999994, -22.314017699999965 ] ] ], [ [ [ -44.137937499999957, -22.321972399999932 ], [ -44.136251399999942, -22.319023699999953 ], [ -44.134538899999939, -22.319707899999958 ], [ -44.134518199999945, -22.319715799999976 ], [ -44.131055199999935, -22.321481399999978 ], [ -44.132703499999941, -22.324407399999917 ], [ -44.136003699999947, -22.322873699999946 ], [ -44.137937499999957, -22.321972399999932 ] ] ], [ [ [ -43.928521799999949, -22.309045399999938 ], [ -43.930565, -22.308905299999942 ], [ -43.931479499999966, -22.309053599999967 ], [ -43.930655699999939, -22.310511899999938 ], [ -43.93044969999994, -22.31141 ], [ -43.930260199999964, -22.312077299999931 ], [ -43.930219, -22.312472799999963 ], [ -43.93006249999997, -22.312934199999972 ], [ -43.929915499999936, -22.313185 ], [ -43.930079399999961, -22.313326499999953 ], [ -43.930334, -22.313377 ], [ -43.930815899999978, -22.313293499999929 ], [ -43.932245799999976, -22.313725099999942 ], [ -43.933176799999956, -22.313766299999941 ], [ -43.93331679999995, -22.312604599999922 ], [ -43.934626799999933, -22.312275 ], [ -43.9356, -22.310933 ], [ -43.935613799999942, -22.31092359999997 ], [ -43.93608219999993, -22.310546899999959 ], [ -43.936461799999961, -22.310128399999932 ], [ -43.936684599999978, -22.309690099999962 ], [ -43.936836299999989, -22.309331 ], [ -43.936851599999954, -22.309032099999961 ], [ -43.936852299999941, -22.308987599999973 ], [ -43.93586339999996, -22.30864559999997 ], [ -43.935779099999934, -22.308125899999929 ], [ -43.935582499999953, -22.307564 ], [ -43.93523829999998, -22.307332299999931 ], [ -43.934817, -22.30717779999997 ], [ -43.93449389999995, -22.307163699999933 ], [ -43.934206, -22.307128599999942 ], [ -43.934191899999981, -22.30686169999996 ], [ -43.934311299999933, -22.306538699999976 ], [ -43.934718599999947, -22.306215599999977 ], [ -43.935041699999942, -22.305597599999935 ], [ -43.9355614, -22.305134099999972 ], [ -43.936067099999946, -22.304726799999969 ], [ -43.9363901, -22.304305399999972 ], [ -43.936482699999942, -22.304179099999935 ], [ -43.936396399999971, -22.303830799999968 ], [ -43.936128299999957, -22.303415099999942 ], [ -43.935663399999953, -22.30318549999992 ], [ -43.935221499999955, -22.303060099999978 ], [ -43.934943399999952, -22.303160599999948 ], [ -43.934177899999945, -22.303511799999967 ], [ -43.933412399999959, -22.303834799999947 ], [ -43.932302699999987, -22.303968299999955 ], [ -43.931453, -22.303575 ], [ -43.930652299999963, -22.302971 ], [ -43.930455699999982, -22.302640899999968 ], [ -43.930462699999957, -22.30212819999997 ], [ -43.930708499999987, -22.30136269999997 ], [ -43.930834899999979, -22.300913299999937 ], [ -43.930877099999975, -22.300323299999945 ], [ -43.931113099999948, -22.300041599999926 ], [ -43.9316755, -22.299595699999934 ], [ -43.931964599999958, -22.299223799999947 ], [ -43.932077099999958, -22.298809 ], [ -43.931453, -22.298792299999942 ], [ -43.930961299999986, -22.298630799999945 ], [ -43.930259099999944, -22.298441199999957 ], [ -43.930012199999965, -22.298006799999932 ], [ -43.929829199999972, -22.297726399999924 ], [ -43.929686899999979, -22.297675599999934 ], [ -43.929554799999956, -22.297680699999944 ], [ -43.929331299999944, -22.297706099999978 ], [ -43.92925, -22.297563799999967 ], [ -43.929204199999958, -22.297309799999926 ], [ -43.929183899999948, -22.297126899999959 ], [ -43.929361699999959, -22.296949099999942 ], [ -43.929544599999986, -22.29674069999993 ], [ -43.929819, -22.296258099999935 ], [ -43.929971399999943, -22.295877 ], [ -43.929981599999962, -22.295617899999957 ], [ -43.929773299999965, -22.295328299999937 ], [ -43.929671699999972, -22.295252099999971 ], [ -43.929529399999971, -22.295262299999948 ], [ -43.929359099999935, -22.295360399999939 ], [ -43.929218099999964, -22.295503399999969 ], [ -43.928829499999949, -22.295391799999955 ], [ -43.928365399999961, -22.295245399999949 ], [ -43.927097, -22.296062499999955 ], [ -43.926152, -22.294761799999939 ], [ -43.926202799999942, -22.294233399999946 ], [ -43.926507699999952, -22.294060699999935 ], [ -43.92704619999995, -22.293786299999969 ], [ -43.92743239999993, -22.293461199999967 ], [ -43.927505699999983, -22.2930272 ], [ -43.927590299999956, -22.293122 ], [ -43.927836, -22.293397399999943 ], [ -43.928351199999952, -22.293597399999946 ], [ -43.929255, -22.293681299999946 ], [ -43.929719899999959, -22.293700699999924 ], [ -43.929958799999952, -22.293616699999969 ], [ -43.930029799999943, -22.293442399999943 ], [ -43.929926499999965, -22.293326199999971 ], [ -43.929719899999959, -22.293203499999944 ], [ -43.929280899999988, -22.293184199999928 ], [ -43.928880599999964, -22.293113099999971 ], [ -43.928383499999939, -22.293009799999936 ], [ -43.928085399999929, -22.292869099999951 ], [ -43.928220899999985, -22.292757 ], [ -43.928267099999978, -22.292718799999932 ], [ -43.92840479999996, -22.292510199999978 ], [ -43.928554199999958, -22.292318299999963 ], [ -43.928577299999979, -22.292141699999938 ], [ -43.928574699999963, -22.292042199999958 ], [ -43.928593399999961, -22.291939799999962 ], [ -43.928604899999982, -22.291876899999981 ], [ -43.928612599999958, -22.291789899999969 ], [ -43.928620399999943, -22.291702799999943 ], [ -43.9286575, -22.291607799999955 ], [ -43.928694499999956, -22.291512699999942 ], [ -43.928703299999945, -22.291471599999973 ], [ -43.928722, -22.291383799999956 ], [ -43.928752399999958, -22.291244199999934 ], [ -43.928544799999948, -22.290906 ], [ -43.928260499999965, -22.290588599999975 ], [ -43.928087499999947, -22.290252199999944 ], [ -43.928370499999971, -22.289969 ], [ -43.928696599999974, -22.289726899999952 ], [ -43.929009699999945, -22.289517 ], [ -43.929313199999967, -22.289355599999965 ], [ -43.929561699999958, -22.289307199999932 ], [ -43.929886299999964, -22.289329499999948 ], [ -43.930042399999941, -22.289554399999933 ], [ -43.930210299999942, -22.289819899999944 ], [ -43.930845499999975, -22.290252199999944 ], [ -43.931041199999981, -22.290126199999971 ], [ -43.931429199999968, -22.289846599999976 ], [ -43.931433499999969, -22.289832299999937 ], [ -43.931518799999935, -22.289861799999976 ], [ -43.931695, -22.289927399999943 ], [ -43.931761699999981, -22.2899523 ], [ -43.931916899999976, -22.29002909999997 ], [ -43.932233199999985, -22.290181599999983 ], [ -43.932240099999952, -22.290184399999919 ], [ -43.932242699999968, -22.29018 ], [ -43.932382699999955, -22.290288399999948 ], [ -43.932480399999974, -22.290470699999958 ], [ -43.932522, -22.290729499999951 ], [ -43.932650399999943, -22.29080979999998 ], [ -43.932817599999971, -22.290785199999956 ], [ -43.933014199999946, -22.290755299999944 ], [ -43.93319189999994, -22.2908222 ], [ -43.933553, -22.291103699999955 ], [ -43.933757399999934, -22.291203199999917 ], [ -43.933931199999961, -22.291287599999976 ], [ -43.933940899999975, -22.291291799999946 ], [ -43.934159, -22.291386099999958 ], [ -43.934184399999936, -22.2913971 ], [ -43.934717499999977, -22.290825399999957 ], [ -43.935226599999964, -22.290307199999958 ], [ -43.93419, -22.289715499999947 ], [ -43.934125799999947, -22.28993569999993 ], [ -43.934121199999936, -22.290187899999975 ], [ -43.93409829999996, -22.290362199999947 ], [ -43.934043299999985, -22.290486 ], [ -43.933859799999944, -22.290623599999936 ], [ -43.933809399999966, -22.290742899999934 ], [ -43.933754299999976, -22.290848399999959 ], [ -43.933667199999945, -22.290875899999946 ], [ -43.933506599999937, -22.290852899999944 ], [ -43.933460799999985, -22.290775 ], [ -43.933442399999926, -22.29066029999996 ], [ -43.933474499999932, -22.290536499999973 ], [ -43.933451599999955, -22.290453899999932 ], [ -43.933323199999968, -22.290380499999973 ], [ -43.93339659999998, -22.290298 ], [ -43.933291099999963, -22.290224599999934 ], [ -43.933112199999975, -22.290130599999951 ], [ -43.933029099999942, -22.290122499999942 ], [ -43.932946, -22.290114499999955 ], [ -43.932929899999976, -22.290167299999947 ], [ -43.932969499999956, -22.290209699999945 ], [ -43.933093899999967, -22.290238899999967 ], [ -43.933155799999952, -22.290292199999953 ], [ -43.933165, -22.290353599999932 ], [ -43.933124799999973, -22.290377099999937 ], [ -43.933018199999928, -22.290362799999972 ], [ -43.93276479999998, -22.290261299999944 ], [ -43.932707499999943, -22.290263 ], [ -43.932681699999925, -22.290311699999961 ], [ -43.932646099999943, -22.290322099999969 ], [ -43.932572699999987, -22.290275 ], [ -43.932539499999955, -22.290189099999971 ], [ -43.932502799999952, -22.290109899999941 ], [ -43.93248559999995, -22.28994479999994 ], [ -43.932397299999934, -22.28985879999993 ], [ -43.932335399999943, -22.289775099999932 ], [ -43.932266599999942, -22.289669599999971 ], [ -43.932167399999976, -22.289624599999957 ], [ -43.931443899999977, -22.2849 ], [ -43.931224899999961, -22.283470199999947 ], [ -43.930928199999983, -22.283236399999957 ], [ -43.93119669999993, -22.282202 ], [ -43.930615499999931, -22.281973799999953 ], [ -43.931486499999949, -22.281414299999941 ], [ -43.93160979999994, -22.281249 ], [ -43.931703899999945, -22.281122799999928 ], [ -43.931922099999952, -22.28083039999995 ], [ -43.931802899999973, -22.280722299999987 ], [ -43.931450099999957, -22.28041469999993 ], [ -43.93089149999998, -22.280599799999933 ], [ -43.930359599999981, -22.281011699999958 ], [ -43.929953299999973, -22.28149209999998 ], [ -43.929390299999973, -22.282188699999949 ], [ -43.928470399999988, -22.28186229999994 ], [ -43.928323199999966, -22.281991499999954 ], [ -43.928026799999941, -22.281923099999965 ], [ -43.927935599999955, -22.281596299999944 ], [ -43.927637499999953, -22.281326599999947 ], [ -43.926848899999989, -22.280745199999945 ], [ -43.92665889999995, -22.280426 ], [ -43.927282099999964, -22.279711699999947 ], [ -43.928186399999966, -22.278663 ], [ -43.928403, -22.27814629999995 ], [ -43.92858149999995, -22.277663699999945 ], [ -43.92868029999994, -22.27731029999995 ], [ -43.928685499999972, -22.276991099999982 ], [ -43.928533399999942, -22.276962 ], [ -43.928280099999938, -22.276941799999978 ], [ -43.928006499999981, -22.277017799999957 ], [ -43.92789, -22.277271099999943 ], [ -43.927920399999948, -22.277686499999962 ], [ -43.927849499999979, -22.278137399999935 ], [ -43.927687399999968, -22.278476799999964 ], [ -43.927271899999944, -22.279003699999969 ], [ -43.926562699999984, -22.279702799999928 ], [ -43.926395499999956, -22.279948499999936 ], [ -43.926258699999948, -22.280219599999949 ], [ -43.92595979999993, -22.28038929999995 ], [ -43.925855899999938, -22.280427299999932 ], [ -43.925681199999985, -22.280389299999975 ], [ -43.925541799999955, -22.280374099999957 ], [ -43.925372099999947, -22.280424799999938 ], [ -43.925298699999978, -22.280478 ], [ -43.925275899999974, -22.280579299999939 ], [ -43.925524099999961, -22.280759099999951 ], [ -43.925954699999977, -22.280885799999957 ], [ -43.926152299999956, -22.280966799999934 ], [ -43.926395499999963, -22.28123029999994 ], [ -43.926372699999952, -22.281392399999966 ], [ -43.92627, -22.281745099999966 ], [ -43.925810599999984, -22.282005699999964 ], [ -43.925768399999981, -22.282044599999949 ], [ -43.925807099999986, -22.282062599999961 ], [ -43.926067899999964, -22.282277499999967 ], [ -43.926148499999954, -22.282371699999949 ], [ -43.926377499999951, -22.282717399999971 ], [ -43.926526099999926, -22.282911199999948 ], [ -43.926592499999963, -22.282973299999977 ], [ -43.926652299999951, -22.283024 ], [ -43.926848699999944, -22.283134 ], [ -43.926944199999973, -22.283184299999956 ], [ -43.927102299999945, -22.283196699999966 ], [ -43.927298299999961, -22.283190499999936 ], [ -43.927923599999986, -22.283127099999934 ], [ -43.928111199999933, -22.283112499999962 ], [ -43.928156299999955, -22.28315 ], [ -43.92848719999995, -22.283399199999959 ], [ -43.928622499999967, -22.283288399999947 ], [ -43.928512499999961, -22.283105199999966 ], [ -43.928500499999984, -22.283083499999975 ], [ -43.928619599999934, -22.283074499999938 ], [ -43.929193799999958, -22.282998599999935 ], [ -43.92933869999996, -22.282948799999929 ], [ -43.929548, -22.282822699999933 ], [ -43.929636099999982, -22.282748499999965 ], [ -43.929691499999933, -22.282702499999971 ], [ -43.929676799999982, -22.282752699999943 ], [ -43.929695, -22.282912699999944 ], [ -43.929529899999977, -22.283005399999968 ], [ -43.929197099999953, -22.283249499999965 ], [ -43.929220499999978, -22.283271099999975 ], [ -43.929121499999958, -22.28338089999993 ], [ -43.929098899999978, -22.28350219999993 ], [ -43.929015, -22.283601099999949 ], [ -43.92895649999997, -22.283835 ], [ -43.928883599999956, -22.283921699999947 ], [ -43.928817799999933, -22.284033499999968 ], [ -43.928763499999938, -22.284181599999961 ], [ -43.929063799999938, -22.284290199999916 ], [ -43.928954699999963, -22.284694499999944 ], [ -43.928926699999977, -22.284821899999947 ], [ -43.928893599999974, -22.284948099999962 ], [ -43.928855499999941, -22.285073199999946 ], [ -43.928847, -22.285093699999951 ], [ -43.92883519999998, -22.285112699999956 ], [ -43.928820199999969, -22.285129699999967 ], [ -43.928802399999938, -22.285144199999923 ], [ -43.928782399999932, -22.285155899999953 ], [ -43.928715899999922, -22.2852 ], [ -43.928652799999952, -22.285248199999952 ], [ -43.928593099999944, -22.285300199999934 ], [ -43.928574399999953, -22.285318799999967 ], [ -43.928537399999989, -22.285355699999961 ], [ -43.928429599999959, -22.285462199999927 ], [ -43.928411399999959, -22.28548149999995 ], [ -43.926003799999933, -22.284879699999973 ], [ -43.925975199999989, -22.285234899999978 ], [ -43.925530299999942, -22.285326699999924 ], [ -43.925360599999976, -22.285578899999958 ], [ -43.925314799999967, -22.285716499999985 ], [ -43.925356, -22.2859 ], [ -43.925397299999936, -22.286083399999939 ], [ -43.925250599999977, -22.286202699999926 ], [ -43.925136799999962, -22.285982299999937 ], [ -43.925119199999983, -22.285806 ], [ -43.925172, -22.285512299999937 ], [ -43.925130899999949, -22.285218599999954 ], [ -43.9247491, -22.284936599999977 ], [ -43.92445539999995, -22.28483679999993 ], [ -43.924232199999949, -22.284795699999957 ], [ -43.923985399999943, -22.284854399999972 ], [ -43.923662399999955, -22.284901399999956 ], [ -43.923380399999985, -22.284883799999939 ], [ -43.923086699999942, -22.284666399999935 ], [ -43.922828199999977, -22.284290499999926 ], [ -43.922616799999965, -22.283961499999975 ], [ -43.922299499999951, -22.283844 ], [ -43.921929499999983, -22.284011499999952 ], [ -43.921809099999962, -22.284222899999975 ], [ -43.921688599999989, -22.284466699999939 ], [ -43.921544699999977, -22.284716399999965 ], [ -43.921359699999982, -22.284854399999976 ], [ -43.921068899999966, -22.284904299999937 ], [ -43.920845699999973, -22.284883799999939 ], [ -43.920566699999938, -22.284778 ], [ -43.9204185, -22.284649899999966 ], [ -43.92019149999993, -22.284722199999958 ], [ -43.920054499999942, -22.284718799999943 ], [ -43.919924499999979, -22.284654799999945 ], [ -43.9197827, -22.284555899999926 ], [ -43.919652, -22.284445399999981 ], [ -43.919562199999973, -22.28437 ], [ -43.919476699999962, -22.28429049999993 ], [ -43.919382299999938, -22.284199199999929 ], [ -43.9193107, -22.284128299999967 ], [ -43.91923769999994, -22.284041 ], [ -43.919171899999974, -22.283944599999923 ], [ -43.919117899999947, -22.283853899999936 ], [ -43.919099899999942, -22.283749799999963 ], [ -43.919096399999944, -22.283602799999972 ], [ -43.919118799999978, -22.283484599999948 ], [ -43.919158699999969, -22.283333799999976 ], [ -43.91923479999997, -22.283132299999966 ], [ -43.919335799999949, -22.282984599999963 ], [ -43.919448099999961, -22.282790299999927 ], [ -43.919564899999962, -22.282655899999952 ], [ -43.919658099999943, -22.282560599999947 ], [ -43.919801699999937, -22.282449599999943 ], [ -43.919972699999953, -22.282367699999941 ], [ -43.92009759999997, -22.282327399999915 ], [ -43.920261599999954, -22.282303099999975 ], [ -43.920511399999953, -22.282294799999939 ], [ -43.920495899999935, -22.282256499999956 ], [ -43.920048799999961, -22.282101099999974 ], [ -43.919352499999945, -22.282146 ], [ -43.919095699999957, -22.282024299999929 ], [ -43.918951599999957, -22.281999399999961 ], [ -43.918932799999936, -22.282012699999939 ], [ -43.918917699999959, -22.281996699999983 ], [ -43.918895599999985, -22.282004899999936 ], [ -43.918806899999936, -22.281915199999954 ], [ -43.918696899999922, -22.28183319999993 ], [ -43.918593099999953, -22.281760799999976 ], [ -43.918537, -22.281723099999962 ], [ -43.918360199999938, -22.281617299999926 ], [ -43.918184699999983, -22.281528 ], [ -43.917963899999968, -22.281420099999945 ], [ -43.917892, -22.281378499999946 ], [ -43.917815, -22.281325499999987 ], [ -43.917743299999984, -22.281275199999975 ], [ -43.91769759999994, -22.281253099999958 ], [ -43.917283, -22.281052299999946 ], [ -43.9168519, -22.280812799999968 ], [ -43.916738, -22.280728499999942 ], [ -43.916515899999979, -22.280548899999928 ], [ -43.916400799999963, -22.280424499999977 ], [ -43.916364399999964, -22.28038 ], [ -43.916111899999983, -22.280345399999931 ], [ -43.916047799999951, -22.280315799999972 ], [ -43.915966599999933, -22.280232599999984 ], [ -43.915953, -22.280137899999929 ], [ -43.915932099999971, -22.280056499999944 ], [ -43.915920599999936, -22.279914699999953 ], [ -43.915996699999944, -22.279770799999934 ], [ -43.916010099999937, -22.279669899999931 ], [ -43.915998, -22.279589199999972 ], [ -43.91597169999995, -22.279337599999966 ], [ -43.915929199999944, -22.279170599999937 ], [ -43.915844199999981, -22.279010899999943 ], [ -43.91570889999997, -22.27880209999994 ], [ -43.915603, -22.278688299999938 ], [ -43.915514599999938, -22.278627 ], [ -43.915427699999952, -22.278601099999936 ], [ -43.915281199999981, -22.278619399999972 ], [ -43.915147099999956, -22.278605199999951 ], [ -43.915029299999958, -22.278592 ], [ -43.914876099999958, -22.278607 ], [ -43.914727399999954, -22.278633599999967 ], [ -43.914579599999968, -22.278644799999935 ], [ -43.914424599999968, -22.278628599999941 ], [ -43.914339699999971, -22.278619699999975 ], [ -43.912503399999935, -22.278241899999948 ], [ -43.91236669999995, -22.278215 ], [ -43.911951899999963, -22.277995 ], [ -43.911743599999966, -22.277818399999944 ], [ -43.911606799999966, -22.277679799999927 ], [ -43.911485899999953, -22.277346799999965 ], [ -43.911140199999984, -22.276952499999936 ], [ -43.910733899999975, -22.276610099999967 ], [ -43.910555499999937, -22.276520899999973 ], [ -43.910102799999947, -22.276594099999951 ], [ -43.909464299999968, -22.277165499999956 ], [ -43.910036899999966, -22.277251599999932 ], [ -43.910115199999957, -22.277263399999963 ], [ -43.91026339999997, -22.27723329999997 ], [ -43.910371399999974, -22.27722069999993 ], [ -43.910441799999944, -22.277245799999953 ], [ -43.910431199999948, -22.277254499999966 ], [ -43.910202599999941, -22.277441799999956 ], [ -43.910094599999972, -22.277530299999967 ], [ -43.910083799999946, -22.277558699999926 ], [ -43.910082399999965, -22.277564299999931 ], [ -43.910089099999944, -22.277626299999948 ], [ -43.91009159999993, -22.277631399999965 ], [ -43.910102099999953, -22.277644299999967 ], [ -43.910123, -22.2776588 ], [ -43.910149, -22.277671599999948 ], [ -43.910175799999934, -22.277673199999985 ], [ -43.910201699999959, -22.277671599999966 ], [ -43.910239499999939, -22.277658599999935 ], [ -43.910256599999975, -22.277650499999936 ], [ -43.910283199999974, -22.277636 ], [ -43.910311399999955, -22.277615 ], [ -43.910335199999963, -22.277589099999943 ], [ -43.910358099999939, -22.27755859999996 ], [ -43.910360699999963, -22.277555199999931 ], [ -43.910375199999969, -22.277540599999956 ], [ -43.910428199999956, -22.277501699999952 ], [ -43.910484899999965, -22.277465699999944 ], [ -43.910504599999967, -22.277502099999936 ], [ -43.910494499999977, -22.277585 ], [ -43.910461799999958, -22.277655299999928 ], [ -43.910485599999966, -22.277694799999949 ], [ -43.910574899999965, -22.277773399999955 ], [ -43.910612699999945, -22.277840899999934 ], [ -43.910639599999975, -22.277889 ], [ -43.910592499999957, -22.27795679999997 ], [ -43.910502, -22.278012099999962 ], [ -43.9104392, -22.278105 ], [ -43.910446799999931, -22.278172899999955 ], [ -43.910474399999949, -22.278255799999954 ], [ -43.910519099999924, -22.278290899999945 ], [ -43.910647799999936, -22.278301 ], [ -43.910665299999948, -22.278264599999943 ], [ -43.910682899999983, -22.278228099999978 ], [ -43.910740699999963, -22.278200499999969 ], [ -43.910775899999969, -22.278230599999976 ], [ -43.910785899999944, -22.278278399999987 ], [ -43.910796, -22.278326099999962 ], [ -43.910856299999971, -22.278351199999971 ], [ -43.910936699999979, -22.278346199999937 ], [ -43.911009499999977, -22.278328599999959 ], [ -43.911065799999967, -22.278300699999917 ], [ -43.911086799999971, -22.278283899999959 ], [ -43.911162799999943, -22.278198 ], [ -43.911191, -22.278172399999946 ], [ -43.911199899999986, -22.278164299999954 ], [ -43.911223199999945, -22.278148199999968 ], [ -43.911250699999982, -22.278140099999973 ], [ -43.911271499999941, -22.278135899999924 ], [ -43.91134359999996, -22.278145199999987 ], [ -43.911387099999956, -22.278160899999925 ], [ -43.911398699999957, -22.27817059999995 ], [ -43.911406799999952, -22.278177 ], [ -43.911409, -22.278235699999982 ], [ -43.911391399999957, -22.278313499999967 ], [ -43.911363699999981, -22.278363199999944 ], [ -43.911322699999971, -22.2784 ], [ -43.911318599999959, -22.278401699999947 ], [ -43.911250699999975, -22.278409 ], [ -43.911218399999939, -22.278416499999931 ], [ -43.911211299999934, -22.278419899999964 ], [ -43.911199, -22.278425799999983 ], [ -43.911176899999937, -22.278448399999931 ], [ -43.911164199999973, -22.278467799999934 ], [ -43.911153199999951, -22.278492 ], [ -43.911141399999963, -22.27852909999995 ], [ -43.911128, -22.278560799999976 ], [ -43.911064599999982, -22.278630899999932 ], [ -43.911027, -22.278661499999941 ], [ -43.910986799999939, -22.278693799999921 ], [ -43.910956799999958, -22.278713 ], [ -43.910821499999948, -22.278728 ], [ -43.9107992, -22.278736899999942 ], [ -43.910794, -22.278740299999978 ], [ -43.910780899999956, -22.27876829999995 ], [ -43.910801, -22.278813499999945 ], [ -43.910848699999974, -22.278891399999953 ], [ -43.910876399999957, -22.278946599999973 ], [ -43.910846199999973, -22.279029499999979 ], [ -43.910806, -22.279097399999955 ], [ -43.910725599999978, -22.27917019999995 ], [ -43.910662799999955, -22.279223 ], [ -43.910635, -22.279269099999958 ], [ -43.910622199999978, -22.279328799999981 ], [ -43.910618699999937, -22.279346499999964 ], [ -43.91061209999998, -22.279370699999959 ], [ -43.910600199999969, -22.279385199999986 ], [ -43.910578799999932, -22.279398099999973 ], [ -43.910541899999949, -22.279407799999934 ], [ -43.910493799999983, -22.279420699999953 ], [ -43.910455199999944, -22.279436899999954 ], [ -43.910437699999932, -22.279449 ], [ -43.910427199999958, -22.279474 ], [ -43.910423399999956, -22.279512599999965 ], [ -43.910432399999941, -22.279544899999955 ], [ -43.910444599999948, -22.279557799999964 ], [ -43.910456799999963, -22.279562599999963 ], [ -43.910477699999952, -22.279564899999965 ], [ -43.910485199999982, -22.279565799999947 ], [ -43.910520599999984, -22.279565799999954 ], [ -43.910540299999987, -22.279562899999974 ], [ -43.910562299999981, -22.279564599999969 ], [ -43.910655299999974, -22.279549599999932 ], [ -43.910757699999984, -22.279552 ], [ -43.910761899999954, -22.279554399999942 ], [ -43.910768199999943, -22.279559499999948 ], [ -43.910846199999988, -22.279637499999978 ], [ -43.910864499999946, -22.279765299999951 ], [ -43.910850099999941, -22.279788 ], [ -43.910828199999969, -22.279819 ], [ -43.910823899999968, -22.279825099999982 ], [ -43.910805199999977, -22.279850899999929 ], [ -43.910780799999941, -22.279887299999931 ], [ -43.910767099999937, -22.279907299999927 ], [ -43.91074169999996, -22.27994439999997 ], [ -43.910721399999943, -22.27997339999996 ], [ -43.910702799999967, -22.280002399999944 ], [ -43.910677499999963, -22.280046 ], [ -43.910640199999932, -22.280102299999953 ], [ -43.910569899999985, -22.280182699999951 ], [ -43.910580099999947, -22.280230199999949 ], [ -43.910588899999937, -22.280236699999932 ], [ -43.910621199999973, -22.280260799999954 ], [ -43.910627699999964, -22.280265599999957 ], [ -43.910641099999971, -22.280261099999965 ], [ -43.910703, -22.280240399999954 ], [ -43.910763299999985, -22.28023289999993 ], [ -43.910866299999945, -22.280215299999956 ], [ -43.9108768, -22.280225299999927 ], [ -43.910917499999982, -22.280264099999947 ], [ -43.910921699999953, -22.280278099999958 ], [ -43.910931599999969, -22.280325899999976 ], [ -43.91097179999997, -22.280356 ], [ -43.910989399999949, -22.280411299999969 ], [ -43.910955799999961, -22.280457499999955 ], [ -43.910949, -22.28046 ], [ -43.910931699999928, -22.280458399999933 ], [ -43.910904899999935, -22.28045029999992 ], [ -43.910878099999934, -22.280442299999951 ], [ -43.910843299999954, -22.280422899999959 ], [ -43.910810399999946, -22.280410099999987 ], [ -43.910789499999964, -22.280405099999939 ], [ -43.9107767, -22.280402 ], [ -43.910759, -22.280396299999946 ], [ -43.910705499999942, -22.280411299999972 ], [ -43.910640199999932, -22.28042889999994 ], [ -43.910609099999931, -22.280445 ], [ -43.910577399999958, -22.280461499999948 ], [ -43.910567299999968, -22.280487299999944 ], [ -43.910551299999952, -22.280527899999978 ], [ -43.910550099999973, -22.280533699999982 ], [ -43.910560399999952, -22.28058829999998 ], [ -43.91056969999994, -22.280601799999943 ], [ -43.910585399999952, -22.280617899999982 ], [ -43.910610499999969, -22.280626 ], [ -43.910652, -22.280635599999979 ], [ -43.910690899999963, -22.280642099999977 ], [ -43.910715, -22.280642099999955 ], [ -43.910739, -22.280634299999971 ], [ -43.910747399999941, -22.280628499999978 ], [ -43.91077839999997, -22.280607199999963 ], [ -43.910833699999962, -22.280569499999945 ], [ -43.910888899999975, -22.28057959999995 ], [ -43.910931599999969, -22.280637399999925 ], [ -43.9109572, -22.280703199999948 ], [ -43.910974, -22.280740299999927 ], [ -43.910990099999935, -22.280790199999942 ], [ -43.911002299999943, -22.280845399999979 ], [ -43.911, -22.280883799999959 ], [ -43.91097179999997, -22.280946399999955 ], [ -43.910929799999963, -22.280984199999981 ], [ -43.910907299999955, -22.28099479999997 ], [ -43.91085919999994, -22.281009299999937 ], [ -43.910812, -22.281022199999928 ], [ -43.910765499999975, -22.281025399999979 ], [ -43.910719799999981, -22.281025399999983 ], [ -43.910680199999945, -22.281030199999975 ], [ -43.910620099999967, -22.28104629999995 ], [ -43.910577199999977, -22.281064 ], [ -43.910551299999952, -22.281076199999976 ], [ -43.910539499999977, -22.281081799999974 ], [ -43.910528599999964, -22.281087299999967 ], [ -43.91045679999997, -22.281152399999939 ], [ -43.910391499999946, -22.281232799999934 ], [ -43.910321199999942, -22.281300599999952 ], [ -43.910220699999968, -22.281363399999961 ], [ -43.910208799999964, -22.281374 ], [ -43.910183099999983, -22.281381199999945 ], [ -43.910090399999945, -22.281407 ], [ -43.910030499999941, -22.281436 ], [ -43.909970599999959, -22.281466499999969 ], [ -43.90990469999997, -22.281503599999947 ], [ -43.90985, -22.281532499999962 ], [ -43.909800899999937, -22.281561299999968 ], [ -43.909786099999963, -22.281566899999969 ], [ -43.909678, -22.281619699999958 ], [ -43.909532299999967, -22.281685 ], [ -43.909414199999951, -22.281818099999953 ], [ -43.909311199999934, -22.281918599999987 ], [ -43.90937149999997, -22.282044199999977 ], [ -43.909444399999984, -22.282212499999961 ], [ -43.909473799999944, -22.282289299999952 ], [ -43.909489599999972, -22.282330599999959 ], [ -43.909513899999979, -22.282344399999939 ], [ -43.909582599999965, -22.282383399999958 ], [ -43.909663, -22.282411 ], [ -43.909723299999946, -22.282436099999916 ], [ -43.909743399999968, -22.282486399999989 ], [ -43.909713599999975, -22.282532599999978 ], [ -43.909689799999967, -22.282550899999929 ], [ -43.909679199999971, -22.282559399999961 ], [ -43.909657499999973, -22.28257669999994 ], [ -43.909651, -22.282587699999954 ], [ -43.909641399999941, -22.282604 ], [ -43.909636599999949, -22.282626499999928 ], [ -43.909642099999985, -22.282653899999946 ], [ -43.909665699999948, -22.282679599999931 ], [ -43.909709799999973, -22.282698899999957 ], [ -43.909759899999983, -22.28271339999997 ], [ -43.909806599999968, -22.282726299999982 ], [ -43.909855, -22.282740799999932 ], [ -43.909898199999937, -22.282752099999982 ], [ -43.90994059999997, -22.282768199999961 ], [ -43.910067399999953, -22.282807899999963 ], [ -43.910250799999972, -22.282880799999923 ], [ -43.910360299999979, -22.282920899999958 ], [ -43.91040159999995, -22.282936099999976 ], [ -43.910457699999938, -22.282946399999954 ], [ -43.910563299999986, -22.282976199999958 ], [ -43.910631199999948, -22.282988 ], [ -43.9107011, -22.282997699999946 ], [ -43.910757899999965, -22.282997699999957 ], [ -43.910801899999974, -22.282999299999972 ], [ -43.910843399999983, -22.283017 ], [ -43.910863499999948, -22.283034699999977 ], [ -43.910866699999978, -22.283039599999928 ], [ -43.91087639999995, -22.283089299999968 ], [ -43.9108945, -22.28317629999998 ], [ -43.910912199999977, -22.283214899999962 ], [ -43.910942899999959, -22.283261599999946 ], [ -43.910974299999964, -22.283293699999938 ], [ -43.911008099999947, -22.28330979999992 ], [ -43.911049599999963, -22.283321099999963 ], [ -43.911092, -22.283332399999953 ], [ -43.911143799999941, -22.283345299999958 ], [ -43.91119469999996, -22.283347 ], [ -43.911274, -22.283356699999956 ], [ -43.911298299999949, -22.28336789999998 ], [ -43.911334799999956, -22.283395299999938 ], [ -43.911375699999951, -22.28343069999994 ], [ -43.911429799999951, -22.283482199999977 ], [ -43.911525899999958, -22.28359319999992 ], [ -43.911539299999959, -22.283627 ], [ -43.911537399999929, -22.283684899999962 ], [ -43.91152869999997, -22.283749199999921 ], [ -43.911531299999986, -22.283818399999959 ], [ -43.911550199999958, -22.283889099999964 ], [ -43.911571199999962, -22.283936399999956 ], [ -43.911581599999977, -22.283990499999966 ], [ -43.911568699999982, -22.28406439999997 ], [ -43.911560799999968, -22.284098799999978 ], [ -43.911454199999987, -22.284270099999951 ], [ -43.911458699999969, -22.284335699999925 ], [ -43.911386199999981, -22.28450109999995 ], [ -43.911267699999939, -22.284660899999945 ], [ -43.911104, -22.284741299999958 ], [ -43.91101469999996, -22.284834799999935 ], [ -43.910959799999944, -22.285014799999939 ], [ -43.910941499999986, -22.285198899999958 ], [ -43.91090759999998, -22.285335 ], [ -43.910892, -22.285483699999933 ], [ -43.910776599999963, -22.285577299999932 ], [ -43.910612199999946, -22.285613499999947 ], [ -43.910613599999984, -22.285740699999955 ], [ -43.910614699999947, -22.285830699999963 ], [ -43.910600499999923, -22.285820899999976 ], [ -43.910513299999941, -22.285752099999968 ], [ -43.910476699999947, -22.285742899999946 ], [ -43.91044, -22.285733699999977 ], [ -43.910362, -22.285797899999974 ], [ -43.910307, -22.285903399999938 ], [ -43.910316099999925, -22.285999699999937 ], [ -43.910256499999953, -22.286077699999957 ], [ -43.909178699999984, -22.286651 ], [ -43.909100699999961, -22.286623499999958 ], [ -43.908953899999979, -22.28667849999994 ], [ -43.908885099999964, -22.286770299999937 ], [ -43.908903499999951, -22.286825299999965 ], [ -43.90886219999993, -22.286958299999988 ], [ -43.90884769999996, -22.287516399999966 ], [ -43.908946799999967, -22.287752399999928 ], [ -43.909142, -22.288091199999943 ], [ -43.909150799999964, -22.288142299999947 ], [ -43.909104, -22.288218499999967 ], [ -43.909101499999963, -22.288222499999957 ], [ -43.909144699999949, -22.288200799999974 ], [ -43.909353499999952, -22.289015 ], [ -43.909448199999986, -22.289416399999936 ], [ -43.910695499999974, -22.289239 ], [ -43.911751699999968, -22.289485499999945 ], [ -43.911994799999952, -22.289485499999941 ], [ -43.912191899999989, -22.289309099999972 ], [ -43.913723899999972, -22.289136899999964 ], [ -43.913719299999961, -22.289146699999936 ], [ -43.91368719999997, -22.289327199999939 ], [ -43.913683499999934, -22.289482099999923 ], [ -43.913669499999969, -22.289557499999948 ], [ -43.913529, -22.289680399999945 ], [ -43.913401399999948, -22.289737599999967 ], [ -43.913410899999981, -22.289866099999983 ], [ -43.913382299999959, -22.289958 ], [ -43.913389099999961, -22.290067899999936 ], [ -43.913412499999936, -22.290233299999947 ], [ -43.913467, -22.290401599999925 ], [ -43.913733099999945, -22.290356899999932 ], [ -43.913820199999975, -22.290499099999963 ], [ -43.914008899999942, -22.290640599999957 ], [ -43.914810899999964, -22.291242099999966 ], [ -43.91492089999997, -22.29093939999996 ], [ -43.914856699999966, -22.290733 ], [ -43.914586099999951, -22.290370599999964 ], [ -43.914540299999942, -22.290210099999957 ], [ -43.914613699999961, -22.290035799999945 ], [ -43.914884299999983, -22.28969179999995 ], [ -43.915164, -22.289205699999968 ], [ -43.915196099999953, -22.288985499999963 ], [ -43.915113599999984, -22.288695399999934 ], [ -43.915044799999983, -22.288453499999953 ], [ -43.914959899999985, -22.288338799999952 ], [ -43.914875099999961, -22.288224199999945 ], [ -43.914659499999971, -22.287857299999931 ], [ -43.91461819999995, -22.287692099999965 ], [ -43.914624399999973, -22.287677199999965 ], [ -43.914735899999989, -22.287725499999965 ], [ -43.915145, -22.287901099999935 ], [ -43.915317799999976, -22.287656699999967 ], [ -43.915085099999942, -22.287480099999982 ], [ -43.915309599999951, -22.287287299999949 ], [ -43.91558619999995, -22.287010399999932 ], [ -43.91589289999996, -22.287307299999952 ], [ -43.916097299999933, -22.28729259999993 ], [ -43.91635969999993, -22.287466 ], [ -43.916653799999949, -22.287691899999974 ], [ -43.916794899999957, -22.287598599999971 ], [ -43.916915199999949, -22.287622299999946 ], [ -43.917411, -22.287904899999941 ], [ -43.917401899999966, -22.288379099999933 ], [ -43.91761, -22.288527499999923 ], [ -43.917731599999961, -22.28865 ], [ -43.918260099999934, -22.288732299999936 ], [ -43.918451, -22.288946599999971 ], [ -43.918583099999978, -22.289322499999969 ], [ -43.918624199999954, -22.28957059999993 ], [ -43.918741699999941, -22.289877499999928 ], [ -43.918832699999946, -22.290000799999966 ], [ -43.918942899999934, -22.29006539999995 ], [ -43.919072099999937, -22.290103599999949 ], [ -43.919121799999971, -22.290083 ], [ -43.919584399999962, -22.290203599999924 ], [ -43.919789099999946, -22.290190799999948 ], [ -43.919942199999987, -22.290152499999987 ], [ -43.920238599999948, -22.28996359999995 ], [ -43.920377599999945, -22.289710099999976 ], [ -43.920450199999948, -22.289452799999925 ], [ -43.920550199999987, -22.28910569999994 ], [ -43.920648, -22.288717399999936 ], [ -43.921007499999973, -22.288566699999929 ], [ -43.921326799999981, -22.288482899999959 ], [ -43.921323299999983, -22.288104299999926 ], [ -43.921492199999939, -22.287633599999936 ], [ -43.921598899999935, -22.287428399999957 ], [ -43.921952099999942, -22.287347399999923 ], [ -43.922134599999936, -22.28763 ], [ -43.922209499999958, -22.28780629999995 ], [ -43.922284399999974, -22.287982699999933 ], [ -43.922848599999959, -22.287838499999957 ], [ -43.922997099999968, -22.287526199999945 ], [ -43.923152399999942, -22.287324199999951 ], [ -43.923274499999934, -22.287173399999975 ], [ -43.923496299999954, -22.287027399999943 ], [ -43.923645599999929, -22.286903799999944 ], [ -43.923702699999978, -22.286891199999953 ], [ -43.923735399999948, -22.286849199999949 ], [ -43.92375119999997, -22.286718399999927 ], [ -43.923921299999961, -22.28678849999995 ], [ -43.924106499999944, -22.286933599999934 ], [ -43.924447, -22.287362799999983 ], [ -43.924670299999953, -22.287590099999917 ], [ -43.92510869999996, -22.288084799999968 ], [ -43.92516789999997, -22.288176699999948 ], [ -43.925205499999947, -22.288225799999964 ], [ -43.925351099999943, -22.288449599999982 ], [ -43.925481099999956, -22.288660199999985 ], [ -43.92556749999995, -22.288905799999949 ], [ -43.925629299999969, -22.289115199999983 ], [ -43.925698399999931, -22.289384699999967 ], [ -43.925741899999935, -22.289554399999922 ], [ -43.92601389999993, -22.290458 ], [ -43.926052, -22.290584699999965 ], [ -43.926181499999984, -22.290974299999956 ], [ -43.926228599999945, -22.291071099999947 ], [ -43.926230199999964, -22.291074399999953 ], [ -43.926203699999967, -22.291110799999956 ], [ -43.926156299999953, -22.291191399999949 ], [ -43.926142599999942, -22.29127149999993 ], [ -43.926110299999955, -22.291460299999983 ], [ -43.926171799999963, -22.291667399999934 ], [ -43.925859199999934, -22.291693099999971 ], [ -43.925676399999929, -22.291606 ], [ -43.925599299999931, -22.291562 ], [ -43.925548299999953, -22.291639299999932 ], [ -43.92551, -22.291708599999929 ], [ -43.9254797, -22.291774299999926 ], [ -43.925453399999981, -22.291844899999951 ], [ -43.925449399999941, -22.291918699999922 ], [ -43.925448899999935, -22.291992599999961 ], [ -43.925451899999985, -22.292066399999953 ], [ -43.925395399999957, -22.292219699999968 ], [ -43.925340299999966, -22.292201499999972 ], [ -43.92518519999993, -22.292499099999937 ], [ -43.925161899999978, -22.292550199999933 ], [ -43.924934899999975, -22.292488099999961 ], [ -43.924632099999933, -22.292857 ], [ -43.92410509999997, -22.293223599999973 ], [ -43.924012799999957, -22.293287799999973 ], [ -43.923911199999971, -22.29331639999997 ], [ -43.923812599999962, -22.293316099999963 ], [ -43.923007, -22.293113699999928 ], [ -43.922903599999984, -22.293098199999971 ], [ -43.922801499999935, -22.293076599999946 ], [ -43.922701, -22.293049199999928 ], [ -43.922602499999975, -22.29301589999994 ], [ -43.92250649999994, -22.292976899999921 ], [ -43.922413399999982, -22.29293239999992 ], [ -43.922323399999982, -22.292882499999958 ], [ -43.92223689999998, -22.292827499999934 ], [ -43.922154399999947, -22.292767499999972 ], [ -43.922057399999971, -22.292722499999964 ], [ -43.92196359999997, -22.292672099999947 ], [ -43.921873099999964, -22.292616499999955 ], [ -43.921786499999939, -22.292555899999972 ], [ -43.921704, -22.29249059999994 ], [ -43.921625899999988, -22.292420699999976 ], [ -43.921552499999969, -22.292346499999947 ], [ -43.92148409999993, -22.292268299999932 ], [ -43.92139229999998, -22.292211299999963 ], [ -43.921296899999959, -22.292159699999957 ], [ -43.921199, -22.292114099999932 ], [ -43.921097499999973, -22.292074 ], [ -43.920993099999976, -22.292039699999975 ], [ -43.920887299999947, -22.292011699999929 ], [ -43.920840599999963, -22.292005099999983 ], [ -43.920793299999964, -22.292005099999983 ], [ -43.920746599999973, -22.292011799999955 ], [ -43.92070149999995, -22.292025099999933 ], [ -43.920623899999953, -22.292065799999929 ], [ -43.92053379999993, -22.292107799999936 ], [ -43.920449, -22.292112699999951 ], [ -43.920365, -22.292124699999924 ], [ -43.920282499999985, -22.292143699999951 ], [ -43.920202199999956, -22.29216949999994 ], [ -43.920124699999981, -22.292201899999942 ], [ -43.920056099999954, -22.292225299999924 ], [ -43.919984399999976, -22.292238 ], [ -43.919871099999959, -22.294996399999945 ], [ -43.92137519999995, -22.296120599999938 ], [ -43.921991699999978, -22.29622379999995 ], [ -43.924561699999977, -22.296525699999961 ], [ -43.9255515, -22.299075399999932 ], [ -43.925533599999945, -22.299157899999948 ], [ -43.92537, -22.299219199999982 ], [ -43.924602, -22.29928249999994 ], [ -43.92403529999995, -22.299362799999983 ], [ -43.923681399999964, -22.299463499999941 ], [ -43.923421399999938, -22.299561799999935 ], [ -43.923287899999941, -22.299618499999955 ], [ -43.923154499999953, -22.299675199999967 ], [ -43.922959299999953, -22.299926499999966 ], [ -43.922987599999942, -22.300232599999973 ], [ -43.923051699999974, -22.30048359999995 ], [ -43.923284799999976, -22.300661499999933 ], [ -43.923593299999936, -22.300882699999924 ], [ -43.923944, -22.301031499999961 ], [ -43.924431699999964, -22.301353299999963 ], [ -43.924822199999944, -22.301546499999979 ], [ -43.925112099999971, -22.301766199999971 ], [ -43.92519109999995, -22.301855199999981 ], [ -43.925481199999979, -22.303057499999959 ], [ -43.925451599999967, -22.303251099999954 ], [ -43.925454199999933, -22.303475899999956 ], [ -43.925469499999963, -22.303714899999939 ], [ -43.925532199999964, -22.303887199999963 ], [ -43.925585599999977, -22.303984799999974 ], [ -43.925637499999944, -22.30405 ], [ -43.925705199999982, -22.304118099999979 ], [ -43.925749499999938, -22.304142499999958 ], [ -43.926703599999946, -22.304162399999939 ], [ -43.926710599999979, -22.304162499999968 ], [ -43.927104699999973, -22.304110299999923 ], [ -43.927601099999947, -22.303900199999934 ], [ -43.928013, -22.305127799999983 ], [ -43.929790599999933, -22.304530499999949 ], [ -43.930573299999935, -22.305543899999968 ], [ -43.929452799999979, -22.306376 ], [ -43.930013, -22.307175199999953 ], [ -43.928593799999931, -22.3076129 ], [ -43.928521799999949, -22.309045399999938 ] ] ], [ [ [ -43.950620899999926, -22.264751199999981 ], [ -43.949713299999985, -22.264518499999959 ], [ -43.948666, -22.264646499999973 ], [ -43.947467499999959, -22.264227599999963 ], [ -43.947031899999963, -22.264140299999951 ], [ -43.946596199999931, -22.264053 ], [ -43.946570799999954, -22.264022499999946 ], [ -43.946486399999976, -22.263805799999943 ], [ -43.946461699999936, -22.263650099999943 ], [ -43.946454399999944, -22.263456699999946 ], [ -43.946436399999982, -22.263427899999964 ], [ -43.946529199999922, -22.263382899999957 ], [ -43.946643, -22.263143899999928 ], [ -43.946772, -22.262978899999947 ], [ -43.946901, -22.26281379999995 ], [ -43.947052699999972, -22.262578599999934 ], [ -43.947185499999932, -22.262377599999979 ], [ -43.947400499999958, -22.262081099999921 ], [ -43.947496499999943, -22.261903399999934 ], [ -43.947644499999967, -22.261755499999925 ], [ -43.9478, -22.261615099999968 ], [ -43.948008699999953, -22.261379899999945 ], [ -43.948202099999946, -22.261201599999932 ], [ -43.948551099999975, -22.260803299999971 ], [ -43.948864, -22.260402 ], [ -43.948941899999966, -22.260226699999972 ], [ -43.948945699999967, -22.259995299999947 ], [ -43.948885, -22.259714499999966 ], [ -43.948775, -22.259426199999947 ], [ -43.948627, -22.259115199999936 ], [ -43.9484849, -22.258859699999963 ], [ -43.948473599999943, -22.258745099999928 ], [ -43.948452499999973, -22.258531 ], [ -43.948467699999988, -22.258310899999969 ], [ -43.9485701, -22.258147799999961 ], [ -43.948718, -22.258056799999959 ], [ -43.948706699999946, -22.257916399999939 ], [ -43.948742899999949, -22.25786549999998 ], [ -43.949017299999987, -22.257704099999952 ], [ -43.949192799999935, -22.257726699999978 ], [ -43.949401699999953, -22.257766799999946 ], [ -43.949405099999979, -22.257804599999925 ], [ -43.94949169999996, -22.257964899999926 ], [ -43.949786199999956, -22.258135599999957 ], [ -43.950100899999939, -22.258316399999956 ], [ -43.950391, -22.258534799999943 ], [ -43.950562799999943, -22.258634399999952 ], [ -43.950687499999958, -22.258753099999982 ], [ -43.950849699999935, -22.258946899999948 ], [ -43.950639399999943, -22.260914699999947 ], [ -43.951138099999987, -22.261526399999976 ], [ -43.952049, -22.260808399999977 ], [ -43.952421299999976, -22.260003899999955 ], [ -43.952467799999965, -22.259757899999947 ], [ -43.952142099999939, -22.259126199999972 ], [ -43.951648399999954, -22.258984899999984 ], [ -43.951734399999964, -22.258878699999972 ], [ -43.952049, -22.258631 ], [ -43.952216399999941, -22.258564099999933 ], [ -43.95250429999993, -22.258517199999979 ], [ -43.952845699999948, -22.258530599999975 ], [ -43.953468299999948, -22.258423499999925 ], [ -43.954104299999976, -22.25846369999994 ], [ -43.954546099999959, -22.258457 ], [ -43.954894299999978, -22.258336499999924 ], [ -43.955456599999934, -22.258189199999951 ], [ -43.955898499999932, -22.258095399999938 ], [ -43.956213099999957, -22.257981599999937 ], [ -43.9566483, -22.257693799999966 ], [ -43.956956199999986, -22.257339 ], [ -43.957438199999956, -22.257004199999972 ], [ -43.957915699999944, -22.256859199999958 ], [ -43.957846299999972, -22.256738399999954 ], [ -43.957656599999943, -22.25640859999994 ], [ -43.957339299999944, -22.255231199999955 ], [ -43.957256599999937, -22.255088299999947 ], [ -43.957022799999955, -22.255263699999936 ], [ -43.956750899999975, -22.25545279999994 ], [ -43.956615, -22.255748299999937 ], [ -43.956473199999948, -22.256150199999968 ], [ -43.95623089999998, -22.257013 ], [ -43.956142199999931, -22.257131199999939 ], [ -43.956012199999975, -22.25733219999994 ], [ -43.955817199999956, -22.257432599999966 ], [ -43.95544479999996, -22.257462199999964 ], [ -43.955013399999984, -22.257432599999962 ], [ -43.95449329999996, -22.257450399999989 ], [ -43.954186, -22.257562699999927 ], [ -43.953736799999945, -22.257840399999964 ], [ -43.953305399999984, -22.258035499999952 ], [ -43.952353899999927, -22.257822699999956 ], [ -43.951916599999954, -22.257763599999983 ], [ -43.950569099999939, -22.257621799999985 ], [ -43.950084499999953, -22.257515399999928 ], [ -43.949962599999928, -22.257477199999979 ], [ -43.949879799999962, -22.257412099999947 ], [ -43.949543, -22.256871399999973 ], [ -43.949188399999969, -22.256587699999947 ], [ -43.948993299999984, -22.256578799999943 ], [ -43.948873899999967, -22.256673599999935 ], [ -43.948374899999983, -22.256424099999951 ], [ -43.948067899999955, -22.256077299999959 ], [ -43.948036199999933, -22.255964 ], [ -43.947795799999945, -22.255621599999927 ], [ -43.947144199999975, -22.25490729999995 ], [ -43.947143899999958, -22.254903499999944 ], [ -43.94712549999997, -22.254673899999943 ], [ -43.9471109, -22.254492299999981 ], [ -43.946972499999966, -22.254259199999975 ], [ -43.946921499999974, -22.253989699999973 ], [ -43.946819499999947, -22.253763799999938 ], [ -43.946666499999942, -22.253516099999949 ], [ -43.946440699999982, -22.253224699999976 ], [ -43.946230299999968, -22.252958899999946 ], [ -43.946163799999965, -22.252875 ], [ -43.945828699999929, -22.252488899999946 ], [ -43.9454947, -22.252064399999938 ], [ -43.945342799999935, -22.252166299999939 ], [ -43.945029399999953, -22.253281799999968 ], [ -43.94509249999993, -22.253959499999951 ], [ -43.942429, -22.254156499999965 ], [ -43.942492099999981, -22.254936599999954 ], [ -43.942541299999952, -22.256186099999979 ], [ -43.942825, -22.256895299999936 ], [ -43.943516499999923, -22.257249899999977 ], [ -43.944225699999947, -22.257179 ], [ -43.945165399999951, -22.256700299999977 ], [ -43.94552, -22.255618799999983 ], [ -43.945963199999937, -22.255033699999952 ], [ -43.9467, -22.255165199999965 ], [ -43.947385599999969, -22.255921599999958 ], [ -43.947882, -22.25673329999994 ], [ -43.947976599999947, -22.257692699999946 ], [ -43.9480751, -22.257917299999978 ], [ -43.948090799999932, -22.258101 ], [ -43.948025799999975, -22.258656499999972 ], [ -43.948049399999945, -22.259200199999949 ], [ -43.948392199999951, -22.259743899999929 ], [ -43.948427699999968, -22.260134 ], [ -43.948344899999938, -22.26042949999993 ], [ -43.947925299999952, -22.260831399999972 ], [ -43.947269299999959, -22.261493299999923 ], [ -43.946347399999979, -22.262669399999929 ], [ -43.94578, -22.263224899999948 ], [ -43.945472699999982, -22.263650499999979 ], [ -43.945401799999956, -22.264099599999952 ], [ -43.945354499999958, -22.264241499999972 ], [ -43.945407699999976, -22.264768899999975 ], [ -43.945277699999963, -22.265330399999986 ], [ -43.945301299999976, -22.266955599999957 ], [ -43.944556599999942, -22.267865799999981 ], [ -43.94351649999993, -22.269000499999951 ], [ -43.942982599999937, -22.270011099999969 ], [ -43.942620099999949, -22.270405099999952 ], [ -43.940539799999954, -22.269979599999939 ], [ -43.939208099999973, -22.269814099999969 ], [ -43.937198699999961, -22.270011099999966 ], [ -43.936489499999929, -22.269758899999953 ], [ -43.935768499999931, -22.269353099999922 ], [ -43.935536899999931, -22.269539899999931 ], [ -43.935516799999959, -22.269649499999964 ], [ -43.935640099999951, -22.269672099999976 ], [ -43.93596609999998, -22.269885899999963 ], [ -43.936393699999932, -22.270197899999971 ], [ -43.936723799999989, -22.270406899999955 ], [ -43.937157899999924, -22.270895 ], [ -43.937233899999967, -22.271020399999948 ], [ -43.937385599999971, -22.271093599999976 ], [ -43.937444, -22.271163599999969 ], [ -43.937432399999977, -22.271391 ], [ -43.937561299999977, -22.271387199999925 ], [ -43.93764479999993, -22.271356799999982 ], [ -43.937675199999944, -22.271292299999971 ], [ -43.937667199999964, -22.27120989999997 ], [ -43.937705499999936, -22.271163299999959 ], [ -43.937792799999954, -22.271148199999971 ], [ -43.937902799999961, -22.271117799999953 ], [ -43.938111399999968, -22.271053299999945 ], [ -43.938255599999941, -22.271030599999957 ], [ -43.938430299999929, -22.271007599999962 ], [ -43.93850969999994, -22.270966099999949 ], [ -43.938589399999948, -22.270962299999944 ], [ -43.938760099999968, -22.270992599999936 ], [ -43.93888579999998, -22.271031799999939 ], [ -43.93901429999994, -22.270981299999963 ], [ -43.939143199999933, -22.270985099999965 ], [ -43.939226699999942, -22.271060899999959 ], [ -43.939306399999971, -22.271182299999968 ], [ -43.93938669999995, -22.271322299999952 ], [ -43.939522599999982, -22.271345399999976 ], [ -43.939656699999951, -22.271327799999934 ], [ -43.93978629999998, -22.271318199999939 ], [ -43.939895699999965, -22.271305799999926 ], [ -43.940128299999969, -22.271483099999944 ], [ -43.94026659999998, -22.271358299999964 ], [ -43.940282599999932, -22.271437699999968 ], [ -43.940369199999964, -22.271453299999962 ], [ -43.940551599999935, -22.271598799999936 ], [ -43.94068679999998, -22.271607 ], [ -43.940760599999976, -22.271721699999933 ], [ -43.940863099999952, -22.271779099999939 ], [ -43.940863099999945, -22.271877499999949 ], [ -43.940949099999948, -22.271975799999943 ], [ -43.940932699999962, -22.272049599999939 ], [ -43.940994199999984, -22.272176699999921 ], [ -43.941113099999939, -22.272332399999982 ], [ -43.9412483, -22.272611099999953 ], [ -43.94141639999998, -22.272920499999945 ], [ -43.941635599999984, -22.273182799999979 ], [ -43.941695099999947, -22.27330579999995 ], [ -43.941669399999967, -22.273382599999934 ], [ -43.941643799999959, -22.273459499999944 ], [ -43.941676599999937, -22.273553699999987 ], [ -43.941745499999975, -22.273646 ], [ -43.941933399999975, -22.273569 ], [ -43.942092099999968, -22.273505199999938 ], [ -43.942238899999957, -22.273460899999968 ], [ -43.942416, -22.273396 ], [ -43.942529599999951, -22.273346099999969 ], [ -43.942613399999978, -22.273292199999943 ], [ -43.942714199999948, -22.273199 ], [ -43.942836599999971, -22.273060699999974 ], [ -43.942911899999956, -22.272952 ], [ -43.942986, -22.272831699999973 ], [ -43.9430407, -22.272710199999956 ], [ -43.943071599999939, -22.272601499999958 ], [ -43.943109499999935, -22.272468 ], [ -43.943155599999962, -22.272292699999976 ], [ -43.943214199999943, -22.272038499999947 ], [ -43.943277599999931, -22.271792799999961 ], [ -43.943329199999944, -22.271598699999966 ], [ -43.943366799999986, -22.271498399999928 ], [ -43.943369299999972, -22.271491699999945 ], [ -43.943498499999983, -22.271269299999965 ], [ -43.943589, -22.271137599999978 ], [ -43.943604099999966, -22.271119299999949 ], [ -43.94408489999995, -22.271369399999969 ], [ -43.944565699999941, -22.271619499999925 ], [ -43.94508349999996, -22.271421699999973 ], [ -43.94617, -22.270476299999924 ], [ -43.947758399999941, -22.269487199999951 ], [ -43.94922459999998, -22.268928599999974 ], [ -43.950178699999981, -22.268183899999936 ], [ -43.950783799999961, -22.266368699999937 ], [ -43.95075339999994, -22.266066399999939 ], [ -43.950622099999975, -22.264762799999964 ], [ -43.950620899999926, -22.264751199999981 ] ] ], [ [ [ -44.071007099999967, -22.230075 ], [ -44.071527399999987, -22.230048599999964 ], [ -44.071924199999962, -22.230028499999939 ], [ -44.07237589999994, -22.230005499999944 ], [ -44.072392, -22.230026 ], [ -44.072402699999941, -22.230842299999953 ], [ -44.072446599999971, -22.234168099999977 ], [ -44.073633899999948, -22.233745 ], [ -44.074773499999935, -22.232892 ], [ -44.075305699999952, -22.231145099999935 ], [ -44.075374, -22.230394499999932 ], [ -44.075609399999969, -22.230590699999929 ], [ -44.075744199999974, -22.230735699999968 ], [ -44.075878399999972, -22.230842299999953 ], [ -44.076453299999969, -22.230403599999931 ], [ -44.076638599999967, -22.230151399999951 ], [ -44.076430899999934, -22.229894899999977 ], [ -44.076290899999947, -22.229783399999981 ], [ -44.076236499999936, -22.229742599999955 ], [ -44.076116199999952, -22.229675299999929 ], [ -44.074516399999936, -22.228511299999983 ], [ -44.074681199999922, -22.227398199999982 ], [ -44.074698199999943, -22.227242899999958 ], [ -44.074723199999944, -22.226974399999964 ], [ -44.075120199999958, -22.224006 ], [ -44.075262699999939, -22.222777099999973 ], [ -44.075439299999978, -22.221176299999957 ], [ -44.075743699999975, -22.219303799999977 ], [ -44.075337099999949, -22.218368699999921 ], [ -44.074898499999961, -22.217187399999947 ], [ -44.074693299999979, -22.216645499999974 ], [ -44.07370439999994, -22.216726499999936 ], [ -44.073666199999941, -22.21655719999994 ], [ -44.072298899999964, -22.216673199999939 ], [ -44.07238789999996, -22.216843199999975 ], [ -44.072391799999934, -22.217055 ], [ -44.072461699999963, -22.21715689999996 ], [ -44.072553, -22.217327199999943 ], [ -44.072517399999981, -22.217410499999968 ], [ -44.072388299999936, -22.21747449999998 ], [ -44.07231, -22.217580399999974 ], [ -44.072216, -22.2176904 ], [ -44.072162899999967, -22.217848199999931 ], [ -44.072226699999938, -22.218308399999948 ], [ -44.072176499999955, -22.219265599999964 ], [ -44.072245799999969, -22.219889899999931 ], [ -44.072156699999937, -22.220169499999923 ], [ -44.072182399999967, -22.220643099999961 ], [ -44.07192109999994, -22.220821399999974 ], [ -44.07201119999997, -22.221045 ], [ -44.072216099999935, -22.221406899999973 ], [ -44.071599599999949, -22.221633099999966 ], [ -44.07092769999997, -22.22383509999997 ], [ -44.071118599999984, -22.224385 ], [ -44.071360499999969, -22.22462019999994 ], [ -44.071649799999932, -22.224901299999953 ], [ -44.072048099999961, -22.225565 ], [ -44.072334699999949, -22.226267299999954 ], [ -44.072150099999931, -22.226178899999972 ], [ -44.071828799999942, -22.2260252 ], [ -44.071607399999948, -22.225919299999923 ], [ -44.071405099999936, -22.225822399999963 ], [ -44.071202799999988, -22.225725599999961 ], [ -44.070957399999941, -22.225608199999947 ], [ -44.070712099999973, -22.225490799999942 ], [ -44.070462499999962, -22.225371399999968 ], [ -44.07009469999997, -22.225195399999951 ], [ -44.069850799999983, -22.225078699999973 ], [ -44.069617299999948, -22.22496689999997 ], [ -44.069404499999962, -22.224955799999975 ], [ -44.069117799999958, -22.224940799999967 ], [ -44.066026799999975, -22.224340799999943 ], [ -44.065019199999945, -22.223968099999972 ], [ -44.064471399999945, -22.222892 ], [ -44.062412299999956, -22.223732799999937 ], [ -44.062398399999964, -22.223707399999956 ], [ -44.06226, -22.223421399999953 ], [ -44.06215849999996, -22.223264599999936 ], [ -44.062182699999944, -22.223110099999925 ], [ -44.062130799999977, -22.222877099999941 ], [ -44.062057, -22.222628 ], [ -44.061872499999929, -22.22245269999997 ], [ -44.061669599999966, -22.222249699999967 ], [ -44.061595699999941, -22.222102099999972 ], [ -44.061199, -22.222056 ], [ -44.06087609999998, -22.221843799999927 ], [ -44.060719299999967, -22.221659299999949 ], [ -44.060562399999981, -22.221474799999953 ], [ -44.060599299999978, -22.221230299999938 ], [ -44.060636299999949, -22.220985799999934 ], [ -44.060682399999955, -22.220579899999965 ], [ -44.060622499999972, -22.220447599999929 ], [ -44.060175099999988, -22.220551099999959 ], [ -44.059387499999957, -22.22073319999992 ], [ -44.060868199999959, -22.223148899999952 ], [ -44.061213699999939, -22.223478399999983 ], [ -44.062751099999957, -22.224945 ], [ -44.060609099999958, -22.227802099999959 ], [ -44.059521799999978, -22.229007 ], [ -44.059378699999968, -22.229190499999952 ], [ -44.060286, -22.229537299999933 ], [ -44.060336, -22.229556399999979 ], [ -44.060352899999941, -22.229550899999943 ], [ -44.060408, -22.229569499999968 ], [ -44.060646399999946, -22.229650099999954 ], [ -44.060830899999985, -22.229703099999927 ], [ -44.061138099999937, -22.229806599999964 ], [ -44.061476499999962, -22.229924899999943 ], [ -44.061707099999978, -22.229997399999952 ], [ -44.062651, -22.230346699999931 ], [ -44.062703, -22.230365899999978 ], [ -44.062786899999935, -22.23031369999995 ], [ -44.062846699999966, -22.230253299999958 ], [ -44.062894699999966, -22.230151 ], [ -44.06287819999995, -22.230054299999949 ], [ -44.062835599999978, -22.22994639999996 ], [ -44.062741899999935, -22.229843199999952 ], [ -44.062641599999949, -22.229796199999956 ], [ -44.062492, -22.229716799999952 ], [ -44.062419599999942, -22.22965859999994 ], [ -44.062385899999981, -22.229590599999945 ], [ -44.062380799999971, -22.229484199999952 ], [ -44.062402, -22.229375599999965 ], [ -44.063828899999983, -22.230090299999969 ], [ -44.064413, -22.229228399999947 ], [ -44.064714599999945, -22.229256799999966 ], [ -44.064990699999953, -22.229324 ], [ -44.064981599999953, -22.229378799999957 ], [ -44.065593699999972, -22.229463199999937 ], [ -44.065608199999986, -22.229540199999978 ], [ -44.065803799999969, -22.22951379999995 ], [ -44.0658, -22.229552899999923 ], [ -44.065737099999978, -22.22985779999993 ], [ -44.065720499999934, -22.230566599999968 ], [ -44.065664699999957, -22.231308899999934 ], [ -44.06551809999997, -22.231769299999929 ], [ -44.063560499999937, -22.237960699999974 ], [ -44.067159499999946, -22.238686499999961 ], [ -44.068817, -22.231210599999947 ], [ -44.069022899999929, -22.230952 ], [ -44.069216399999966, -22.230807599999917 ], [ -44.069401099999936, -22.230669899999956 ], [ -44.069770499999947, -22.230394499999932 ], [ -44.070139899999965, -22.23011909999996 ], [ -44.070486799999969, -22.230101499999936 ], [ -44.071007099999967, -22.230075 ] ] ], [ [ [ -43.761295, -22.161764899999973 ], [ -43.758499799999989, -22.160795699999937 ], [ -43.758630399999959, -22.161805099999977 ], [ -43.758691199999923, -22.162202699999963 ], [ -43.758775499999956, -22.162234399999928 ], [ -43.759044, -22.162436 ], [ -43.759257599999955, -22.162574399999979 ], [ -43.759410299999956, -22.162580099999943 ], [ -43.759521299999967, -22.162617899999919 ], [ -43.759660799999956, -22.162736099999961 ], [ -43.759709199999982, -22.162743199999955 ], [ -43.759757699999966, -22.162750299999974 ], [ -43.759842699999979, -22.162703 ], [ -43.760022299999946, -22.162674599999953 ], [ -43.76018, -22.162680599999931 ], [ -43.760419899999931, -22.162727799999971 ], [ -43.758042199999977, -22.163837 ], [ -43.757794499999939, -22.164175 ], [ -43.75760559999997, -22.164432899999955 ], [ -43.757318399999974, -22.164589699999972 ], [ -43.756415299999951, -22.165082899999963 ], [ -43.757287199999944, -22.16547689999992 ], [ -43.757479399999959, -22.165584799999976 ], [ -43.770795799999973, -22.170073499999948 ], [ -43.771638499999938, -22.168173899999957 ], [ -43.772386, -22.166489 ], [ -43.772723799999937, -22.165727599999965 ], [ -43.763425599999955, -22.162503599999983 ], [ -43.761295, -22.161764899999973 ] ] ], [ [ [ -43.818497899999954, -22.1025 ], [ -43.819072699999936, -22.102263099999966 ], [ -43.820301399999956, -22.103197499999975 ], [ -43.82254, -22.104955199999939 ], [ -43.824989599999988, -22.104422799999952 ], [ -43.826496, -22.099873199999948 ], [ -43.827065199999936, -22.099959899999934 ], [ -43.83358839999994, -22.102379299999942 ], [ -43.829982899999948, -22.107892799999945 ], [ -43.831887199999983, -22.109428199999982 ], [ -43.835942099999954, -22.111151699999944 ], [ -43.836456099999964, -22.110804199999954 ], [ -43.83706889999997, -22.110413299999955 ], [ -43.837766, -22.109941799999934 ], [ -43.838874799999978, -22.109293499999982 ], [ -43.840752099999975, -22.108032299999934 ], [ -43.842993099999944, -22.106633899999959 ], [ -43.841262099999938, -22.102361199999958 ], [ -43.847158899999954, -22.100884399999938 ], [ -43.84925039999996, -22.100365399999934 ], [ -43.85001589999996, -22.100218399999957 ], [ -43.852094299999983, -22.099621299999953 ], [ -43.856827, -22.098418699999971 ], [ -43.858712899999944, -22.096465399999957 ], [ -43.858924499999944, -22.09630779999998 ], [ -43.859102699999937, -22.096088099999978 ], [ -43.858755899999949, -22.095592699999937 ], [ -43.858435199999974, -22.095238699999985 ], [ -43.857970599999931, -22.095050699999934 ], [ -43.857660799999962, -22.095006399999924 ], [ -43.857273699999958, -22.095128099999947 ], [ -43.856355599999972, -22.095061699999977 ], [ -43.855592299999948, -22.095161299999965 ], [ -43.854795899999935, -22.095393599999966 ], [ -43.854364499999974, -22.09554839999992 ], [ -43.854099, -22.095825 ], [ -43.852661, -22.097650099999946 ], [ -43.852307, -22.098004099999972 ], [ -43.852052599999979, -22.09824749999995 ], [ -43.851787099999974, -22.098413399999963 ], [ -43.851521599999955, -22.098546099999961 ], [ -43.85114549999998, -22.098678899999978 ], [ -43.850658799999962, -22.098767399999929 ], [ -43.850234599999965, -22.098794 ], [ -43.850006199999939, -22.098701 ], [ -43.849541599999952, -22.09871209999995 ], [ -43.849132299999944, -22.098778399999958 ], [ -43.848745199999939, -22.098866899999965 ], [ -43.848214199999973, -22.098889 ], [ -43.84760579999994, -22.09881159999998 ], [ -43.847141199999946, -22.09871209999995 ], [ -43.846754099999949, -22.098634599999968 ], [ -43.846699199999939, -22.098638099999963 ], [ -43.846644399999946, -22.098641499999928 ], [ -43.846400099999983, -22.098656799999951 ], [ -43.845902299999985, -22.098734199999971 ], [ -43.845558499999989, -22.098846699999967 ], [ -43.845293899999952, -22.098933299999942 ], [ -43.844420099999979, -22.099397899999932 ], [ -43.844209699999972, -22.099489899999984 ], [ -43.843889099999956, -22.099630199999982 ], [ -43.843435599999964, -22.09970759999992 ], [ -43.842948899999961, -22.099685499999957 ], [ -43.842370499999966, -22.099641099999932 ], [ -43.841953299999943, -22.099486399999929 ], [ -43.841583699999944, -22.099147399999929 ], [ -43.84125639999997, -22.098468699999962 ], [ -43.841079399999956, -22.097749699999948 ], [ -43.841054899999961, -22.097350599999967 ], [ -43.841035199999972, -22.09694219999994 ], [ -43.840814, -22.096621399999954 ], [ -43.840548499999962, -22.096521899999971 ], [ -43.840209899999941, -22.096438399999961 ], [ -43.839807399999984, -22.096367 ], [ -43.838911399999972, -22.096577199999956 ], [ -43.838261299999942, -22.096675899999976 ], [ -43.837761, -22.096721 ], [ -43.837329499999953, -22.096605199999946 ], [ -43.83690919999998, -22.096478499999922 ], [ -43.83513929999998, -22.09592449999997 ], [ -43.834700399999981, -22.095654799999981 ], [ -43.834136099999974, -22.095267399999951 ], [ -43.833676799999978, -22.094757 ], [ -43.833312099999951, -22.094091099999964 ], [ -43.832836499999985, -22.093139899999983 ], [ -43.832503599999939, -22.092616699999947 ], [ -43.832053099999939, -22.092285199999935 ], [ -43.831623199999967, -22.09178629999996 ], [ -43.831210599999963, -22.091264499999969 ], [ -43.831094599999972, -22.091202699999926 ], [ -43.830743799999937, -22.091015399999961 ], [ -43.830141299999987, -22.090872799999932 ], [ -43.829079099999952, -22.090809299999933 ], [ -43.828177199999971, -22.091063399999936 ], [ -43.827313199999935, -22.091186799999946 ], [ -43.826701, -22.091142299999941 ], [ -43.826402199999961, -22.091094499999937 ], [ -43.825512, -22.090952 ], [ -43.825153299999961, -22.090903599999944 ], [ -43.824338799999957, -22.09079349999995 ], [ -43.823314699999969, -22.090425 ], [ -43.822466799999965, -22.089879899999971 ], [ -43.822452599999963, -22.089865499999966 ], [ -43.82200249999994, -22.089405499999945 ], [ -43.82157349999995, -22.088946299999979 ], [ -43.821196199999982, -22.088438299999954 ], [ -43.821013599999958, -22.088192399999965 ], [ -43.82088089999997, -22.087860599999939 ], [ -43.820759199999941, -22.087418099999987 ], [ -43.820571199999961, -22.086997799999946 ], [ -43.82008449999995, -22.086466799999986 ], [ -43.819537799999978, -22.086157499999963 ], [ -43.81905949999998, -22.086003199999929 ], [ -43.818712799999957, -22.085902699999959 ], [ -43.818366699999956, -22.085937099999967 ], [ -43.81785, -22.086002199999946 ], [ -43.817263699999963, -22.086079699999971 ], [ -43.816766, -22.086223499999953 ], [ -43.81560189999994, -22.086816099999961 ], [ -43.815151, -22.087075199999962 ], [ -43.814785899999954, -22.087119499999968 ], [ -43.814420899999959, -22.087064199999919 ], [ -43.814122799999957, -22.086939799999982 ], [ -43.813721599999951, -22.086851699999954 ], [ -43.813104599999974, -22.086787599999969 ], [ -43.81253369999996, -22.086656399999988 ], [ -43.8121422, -22.086566399999981 ], [ -43.811098899999934, -22.086126599999943 ], [ -43.810438699999963, -22.085781 ], [ -43.810239599999939, -22.085615099999934 ], [ -43.810029399999962, -22.085404899999954 ], [ -43.809170899999963, -22.086859799999953 ], [ -43.818554399999982, -22.091317899999972 ], [ -43.81734809999994, -22.092172299999962 ], [ -43.80697239999995, -22.09950989999993 ], [ -43.811197899999968, -22.105197799999921 ], [ -43.814925, -22.102134199999963 ], [ -43.81660729999993, -22.102609299999973 ], [ -43.817328299999986, -22.102594599999961 ], [ -43.81733, -22.102594299999971 ], [ -43.818034599999983, -22.102466299999953 ], [ -43.818497899999954, -22.1025 ] ] ], [ [ [ -43.691159099999936, -22.353465399999948 ], [ -43.691289, -22.353281499999976 ], [ -43.691581099999951, -22.352973099999932 ], [ -43.6910726, -22.352513199999979 ], [ -43.690520799999952, -22.352973099999943 ], [ -43.689839099999972, -22.353454599999964 ], [ -43.688757099999968, -22.352513199999976 ], [ -43.689774199999931, -22.351842399999949 ], [ -43.689308899999965, -22.351323 ], [ -43.688335099999954, -22.351907299999937 ], [ -43.687664199999979, -22.351193199999948 ], [ -43.687296299999964, -22.35076039999996 ], [ -43.686998799999969, -22.350322099999975 ], [ -43.687020399999938, -22.350013799999935 ], [ -43.687447799999973, -22.349553899999925 ], [ -43.688102399999934, -22.348985799999973 ], [ -43.688102399999934, -22.348672099999927 ], [ -43.687929299999951, -22.348185199999929 ], [ -43.687702099999967, -22.347752299999957 ], [ -43.688210599999941, -22.347633299999917 ], [ -43.688535299999955, -22.347817299999974 ], [ -43.688957199999948, -22.347914599999971 ], [ -43.689325099999955, -22.347849699999987 ], [ -43.68977979999994, -22.347965599999952 ], [ -43.689952699999942, -22.348315 ], [ -43.689898599999935, -22.348618 ], [ -43.690017599999976, -22.3488776 ], [ -43.69042879999995, -22.348953399999964 ], [ -43.691078, -22.348985799999966 ], [ -43.691813799999984, -22.349299599999927 ], [ -43.692235799999942, -22.349310499999948 ], [ -43.692430499999951, -22.348964199999941 ], [ -43.692019399999936, -22.34848809999994 ], [ -43.691445899999962, -22.348477299999953 ], [ -43.690720899999974, -22.348379899999944 ], [ -43.690453399999967, -22.347937699999918 ], [ -43.690461199999966, -22.347568399999943 ], [ -43.690385499999934, -22.347211299999962 ], [ -43.690179899999976, -22.347049 ], [ -43.689952699999935, -22.347016599999964 ], [ -43.68974709999997, -22.347211299999969 ], [ -43.689444199999969, -22.34717889999995 ], [ -43.689108699999963, -22.346994899999974 ], [ -43.68873, -22.346605399999945 ], [ -43.688373, -22.346410599999949 ], [ -43.68746949999997, -22.346389 ], [ -43.687134, -22.346562099999964 ], [ -43.687009599999946, -22.346688399999941 ], [ -43.68696639999996, -22.346679699999981 ], [ -43.686967099999947, -22.346678499999928 ], [ -43.686968899999954, -22.346658199999982 ], [ -43.686963599999956, -22.346638399999961 ], [ -43.686934199999939, -22.346591899999957 ], [ -43.686882899999944, -22.346528599999946 ], [ -43.686796899999933, -22.346392 ], [ -43.686750699999948, -22.346292799999954 ], [ -43.686782499999943, -22.346233199999972 ], [ -43.6881092, -22.340089899999963 ], [ -43.686433699999959, -22.340166899999922 ], [ -43.685865799999931, -22.340164199999947 ], [ -43.685717399999938, -22.340117699999958 ], [ -43.685912499999972, -22.339932099999938 ], [ -43.686015, -22.339815099999953 ], [ -43.686099299999974, -22.339716899999932 ], [ -43.686163599999929, -22.339627299999957 ], [ -43.68619259999997, -22.339569099999959 ], [ -43.686222, -22.339480799999933 ], [ -43.686302399999938, -22.339204299999942 ], [ -43.686343299999976, -22.339119599999947 ], [ -43.686477299999979, -22.338244399999958 ], [ -43.686469699999982, -22.337721299999941 ], [ -43.686436199999946, -22.337607299999942 ], [ -43.686336599999947, -22.337488499999953 ], [ -43.686237, -22.337369599999928 ], [ -43.685941399999933, -22.336885599999952 ], [ -43.685776099999941, -22.33645249999995 ], [ -43.684807899999946, -22.33628479999992 ], [ -43.681875599999962, -22.335777 ], [ -43.681415899999934, -22.335697399999962 ], [ -43.681021799999947, -22.335557899999962 ], [ -43.680888899999957, -22.335254299999981 ], [ -43.680804499999965, -22.334873699999953 ], [ -43.680250699999938, -22.33389209999995 ], [ -43.67880839999998, -22.334189699999975 ], [ -43.677138299999967, -22.33474219999994 ], [ -43.677353399999959, -22.334209099999942 ], [ -43.677372599999956, -22.333853799999932 ], [ -43.677180599999978, -22.333364099999972 ], [ -43.67669079999996, -22.332826299999965 ], [ -43.676133899999968, -22.332279 ], [ -43.67547449999995, -22.331760399999951 ], [ -43.67515439999994, -22.331184299999958 ], [ -43.675090399999931, -22.330761699999979 ], [ -43.675346499999932, -22.329993499999926 ], [ -43.675743399999938, -22.329404599999975 ], [ -43.6760379, -22.329007699999973 ], [ -43.676127499999957, -22.328533899999975 ], [ -43.675865, -22.327849 ], [ -43.675916199999961, -22.327576899999947 ], [ -43.676358, -22.326802299999944 ], [ -43.676473199999975, -22.326328499999939 ], [ -43.676261899999986, -22.325701199999965 ], [ -43.675570499999935, -22.325445099999971 ], [ -43.674879199999957, -22.32536829999998 ], [ -43.674251799999972, -22.325201799999938 ], [ -43.673662799999924, -22.324772899999967 ], [ -43.673086699999935, -22.324542499999961 ], [ -43.671921599999962, -22.323479799999969 ], [ -43.671460599999932, -22.322903599999957 ], [ -43.671382, -22.322388 ], [ -43.670687, -22.322534299999969 ], [ -43.670233299999957, -22.322885399999961 ], [ -43.669790399999961, -22.323117699999958 ], [ -43.669439299999972, -22.322977199999965 ], [ -43.669104399999981, -22.322885399999958 ], [ -43.667986299999939, -22.32204279999997 ], [ -43.667246299999931, -22.32136219999996 ], [ -43.666792599999958, -22.320973299999938 ], [ -43.666792599999958, -22.320211699999955 ], [ -43.666679099999961, -22.319822799999933 ], [ -43.66667, -22.319807499999968 ], [ -43.666654799999939, -22.319798499999926 ], [ -43.666338799999949, -22.319701299999959 ], [ -43.665787899999941, -22.319595899999971 ], [ -43.665431399999932, -22.319506799999946 ], [ -43.664532099999974, -22.318623699999936 ], [ -43.664045899999969, -22.318072699999952 ], [ -43.663081799999937, -22.317100399999962 ], [ -43.662856899999944, -22.316893799999949 ], [ -43.662759699999981, -22.316626499999916 ], [ -43.662613899999947, -22.316486699999917 ], [ -43.662188499999949, -22.3161464 ], [ -43.661665899999946, -22.3158 ], [ -43.661161499999942, -22.315599499999959 ], [ -43.660511299999939, -22.315514399999913 ], [ -43.659757799999966, -22.315435399999959 ], [ -43.659308199999948, -22.315149799999965 ], [ -43.659144099999942, -22.314730599999958 ], [ -43.658546599999966, -22.314354099999942 ], [ -43.658457599999963, -22.314342899999936 ], [ -43.65851489999995, -22.314422199999971 ], [ -43.658665399999961, -22.314525099999969 ], [ -43.658949799999967, -22.314717499999983 ], [ -43.659000299999953, -22.314794399999975 ], [ -43.659087899999975, -22.315080799999976 ], [ -43.659165499999972, -22.315193599999922 ], [ -43.659395699999948, -22.315370499999965 ], [ -43.659744399999965, -22.315589 ], [ -43.660360299999986, -22.315661199999958 ], [ -43.66062409999995, -22.315717 ], [ -43.6608763, -22.315808599999958 ], [ -43.661206599999964, -22.315980599999932 ], [ -43.661319399999975, -22.316064599999944 ], [ -43.661581299999966, -22.316300699999939 ], [ -43.661675599999967, -22.316401599999942 ], [ -43.661854699999935, -22.316635899999941 ], [ -43.662115899999954, -22.317032799999936 ], [ -43.662316699999963, -22.31724719999994 ], [ -43.662695099999951, -22.317567299999947 ], [ -43.663056599999948, -22.317808499999941 ], [ -43.663154899999938, -22.317882199999929 ], [ -43.663461599999948, -22.318185599999929 ], [ -43.66383849999994, -22.318580399999966 ], [ -43.664085599999972, -22.318828799999949 ], [ -43.664154499999945, -22.31890919999994 ], [ -43.664253299999984, -22.319121699999982 ], [ -43.664282, -22.319198699999944 ], [ -43.664419599999974, -22.319414099999964 ], [ -43.664584399999967, -22.319663699999971 ], [ -43.664774599999937, -22.319920599999932 ], [ -43.665007299999964, -22.320185399999957 ], [ -43.66514559999996, -22.32029979999993 ], [ -43.665395599999954, -22.320482799999983 ], [ -43.665527799999957, -22.320571599999944 ], [ -43.66563739999998, -22.320625599999971 ], [ -43.66601, -22.320756399999944 ], [ -43.666179399999976, -22.320845599999917 ], [ -43.666230299999938, -22.320903299999944 ], [ -43.666347599999938, -22.321147 ], [ -43.666388599999948, -22.321323599999978 ], [ -43.666426699999924, -22.321432 ], [ -43.66647949999998, -22.321505499999947 ], [ -43.666925499999934, -22.321905399999938 ], [ -43.667034, -22.321999799999961 ], [ -43.667123599999975, -22.322047499999925 ], [ -43.6671846, -22.322067299999961 ], [ -43.667526299999963, -22.322104899999946 ], [ -43.667637599999978, -22.322136799999946 ], [ -43.667718399999963, -22.322180299999957 ], [ -43.667831599999943, -22.322272099999957 ], [ -43.66814039999997, -22.322560799999959 ], [ -43.668805899999938, -22.32321509999997 ], [ -43.669477099999931, -22.323846799999956 ], [ -43.669667299999958, -22.324041799999971 ], [ -43.669766599999953, -22.324187799999947 ], [ -43.669961099999966, -22.324535799999968 ], [ -43.670057399999976, -22.324892299999917 ], [ -43.670073, -22.324962199999955 ], [ -43.670104, -22.325025399999948 ], [ -43.67014759999995, -22.325057599999987 ], [ -43.670485699999972, -22.325125499999952 ], [ -43.67052949999993, -22.325154199999922 ], [ -43.670557799999976, -22.325193 ], [ -43.670567799999965, -22.325221099999965 ], [ -43.670567199999944, -22.325265199999919 ], [ -43.670553899999959, -22.325628399999967 ], [ -43.670420399999955, -22.326003199999946 ], [ -43.670224, -22.326412399999974 ], [ -43.67008, -22.326505599999962 ], [ -43.669898599999954, -22.326590099999976 ], [ -43.669795699999959, -22.326708499999949 ], [ -43.66944849999993, -22.327059499999965 ], [ -43.669320399999954, -22.327211799999922 ], [ -43.669247299999938, -22.327324699999952 ], [ -43.669138499999974, -22.327445299999972 ], [ -43.668936, -22.327597699999949 ], [ -43.668793599999965, -22.327684099999946 ], [ -43.668595299999943, -22.32780959999997 ], [ -43.668631799999957, -22.328076599999982 ], [ -43.668718499999962, -22.328193299999956 ], [ -43.668892799999988, -22.328317199999969 ], [ -43.668955199999971, -22.328370399999983 ], [ -43.669120199999952, -22.328571599999982 ], [ -43.669217099999969, -22.328789199999949 ], [ -43.669274299999984, -22.329070599999962 ], [ -43.669326, -22.329399299999977 ], [ -43.66932479999997, -22.329607299999967 ], [ -43.669292699999971, -22.329770199999917 ], [ -43.669401299999947, -22.329910899999962 ], [ -43.669472799999937, -22.330053499999959 ], [ -43.669525799999974, -22.330265699999917 ], [ -43.669529499999953, -22.330483199999943 ], [ -43.669460699999945, -22.330769199999956 ], [ -43.669408499999982, -22.330882599999928 ], [ -43.669623599999959, -22.330991499999985 ], [ -43.669793699999964, -22.331102899999962 ], [ -43.670020299999969, -22.331295199999953 ], [ -43.670177599999931, -22.331525899999981 ], [ -43.670268699999951, -22.331777799999941 ], [ -43.670296399999984, -22.331933599999957 ], [ -43.670320299999958, -22.332006099999948 ], [ -43.670355599999944, -22.33224789999997 ], [ -43.670384, -22.332321299999926 ], [ -43.670686599999954, -22.332506399999939 ], [ -43.670806299999981, -22.332617699999954 ], [ -43.670921099999937, -22.332771599999951 ], [ -43.670992599999984, -22.332914199999948 ], [ -43.671055899999942, -22.333172299999948 ], [ -43.671053499999971, -22.333434299999961 ], [ -43.671020299999952, -22.333650199999973 ], [ -43.670962799999984, -22.333835299999965 ], [ -43.670764299999981, -22.334248199999923 ], [ -43.670515399999935, -22.334596699999963 ], [ -43.670382399999937, -22.33471829999996 ], [ -43.669948299999938, -22.335045099999931 ], [ -43.669870199999934, -22.335145899999937 ], [ -43.669583699999976, -22.335474399999949 ], [ -43.669460899999926, -22.33557459999998 ], [ -43.669286799999952, -22.335904099999937 ], [ -43.669199699999986, -22.336017299999984 ], [ -43.669012799999962, -22.336176599999924 ], [ -43.668847, -22.33626509999992 ], [ -43.668620699999963, -22.336340599999964 ], [ -43.668640599999954, -22.336573399999963 ], [ -43.668597, -22.336864599999949 ], [ -43.668552799999929, -22.336985 ], [ -43.668109699999945, -22.336809299999967 ], [ -43.667659299999968, -22.336630799999973 ], [ -43.667625899999962, -22.336711 ], [ -43.667552899999976, -22.33679259999996 ], [ -43.667488499999941, -22.336850699999957 ], [ -43.667348799999957, -22.336908599999948 ], [ -43.667251799999981, -22.336914099999934 ], [ -43.667146199999934, -22.33694289999994 ], [ -43.667066, -22.336966199999946 ], [ -43.666917199999943, -22.337043199999975 ], [ -43.666771899999958, -22.33707859999992 ], [ -43.666726099999948, -22.337127399999929 ], [ -43.666701099999948, -22.337185699999964 ], [ -43.666578399999935, -22.337279199999951 ], [ -43.666530799999983, -22.337297199999952 ], [ -43.666433, -22.337316299999934 ], [ -43.666796699999971, -22.338165799999963 ], [ -43.666897499999955, -22.338133399999943 ], [ -43.667063799999944, -22.338061299999932 ], [ -43.667225799999983, -22.337955099999931 ], [ -43.667437099999972, -22.337807599999969 ], [ -43.667600099999959, -22.337780899999924 ], [ -43.667743899999955, -22.337733499999946 ], [ -43.667911899999979, -22.337725899999956 ], [ -43.668166499999984, -22.337597199999941 ], [ -43.668444399999949, -22.337516 ], [ -43.668587799999948, -22.337519899999958 ], [ -43.668646199999955, -22.337560099999962 ], [ -43.668715, -22.337678599999954 ], [ -43.668762199999939, -22.338081199999987 ], [ -43.668817199999978, -22.338204699999952 ], [ -43.668877499999951, -22.338242299999933 ], [ -43.669163699999956, -22.338283799999942 ], [ -43.669439499999953, -22.338500699999933 ], [ -43.669799799999964, -22.338522399999935 ], [ -43.670008599999967, -22.338580799999942 ], [ -43.6701925, -22.338689 ], [ -43.670312399999943, -22.338855399999932 ], [ -43.670329899999956, -22.339124799999965 ], [ -43.670258399999966, -22.339383899999966 ], [ -43.670138, -22.339453499999923 ], [ -43.669922499999984, -22.33944159999993 ], [ -43.669870899999985, -22.339480399999957 ], [ -43.669844699999942, -22.339613099999955 ], [ -43.669776299999967, -22.339731599999933 ], [ -43.66935559999996, -22.340283699999915 ], [ -43.669202699999978, -22.340425899999964 ], [ -43.669208799999971, -22.340890799999958 ], [ -43.669293199999977, -22.341075099999948 ], [ -43.669306, -22.341206799999956 ], [ -43.669107, -22.341565499999927 ], [ -43.669081099999971, -22.341833899999976 ], [ -43.669025399999953, -22.341955799999937 ], [ -43.668970299999948, -22.341998899999968 ], [ -43.668831799999964, -22.342029299999968 ], [ -43.668343799999953, -22.341896799999972 ], [ -43.668130499999968, -22.341913899999948 ], [ -43.668033899999955, -22.342010199999937 ], [ -43.667864299999955, -22.342368299999983 ], [ -43.667805, -22.342393399999942 ], [ -43.6677572, -22.342357 ], [ -43.667727899999932, -22.342555399999988 ], [ -43.667920899999956, -22.342569699999949 ], [ -43.668194399999948, -22.342645299999955 ], [ -43.668320899999969, -22.342711299999955 ], [ -43.668524499999933, -22.342648199999932 ], [ -43.668798299999935, -22.342577499999944 ], [ -43.669252399999948, -22.342509799999952 ], [ -43.669622, -22.342470299999935 ], [ -43.66991859999996, -22.342505599999978 ], [ -43.670205199999948, -22.34260589999996 ], [ -43.670453099999975, -22.342645299999958 ], [ -43.670808199999961, -22.342624699999927 ], [ -43.671158099999957, -22.342571 ], [ -43.671465799999964, -22.342528199999954 ], [ -43.671961799999963, -22.342613399999955 ], [ -43.672232399999984, -22.342621099999967 ], [ -43.672625699999976, -22.342586399999956 ], [ -43.672968399999952, -22.342427099999952 ], [ -43.673158199999939, -22.342315699999961 ], [ -43.673186699999974, -22.34225159999993 ], [ -43.673225799999955, -22.342181699999973 ], [ -43.673271299999953, -22.342115199999959 ], [ -43.67332289999996, -22.342052699999954 ], [ -43.673380099999974, -22.341994599999957 ], [ -43.673480399999967, -22.34191339999995 ], [ -43.673551399999958, -22.341865499999987 ], [ -43.673590299999951, -22.341845199999952 ], [ -43.673683099999948, -22.341935399999951 ], [ -43.67381349999993, -22.341988199999939 ], [ -43.673945199999942, -22.341964299999965 ], [ -43.674371, -22.341692799999969 ], [ -43.674827899999968, -22.342230699999963 ], [ -43.675364299999963, -22.342378899999972 ], [ -43.676837099999936, -22.3431108 ], [ -43.677687899999967, -22.343714599999942 ], [ -43.678694199999939, -22.34459279999993 ], [ -43.679485799999959, -22.345256299999964 ], [ -43.679495599999946, -22.345249299999974 ], [ -43.680523899999969, -22.346321799999945 ], [ -43.680752599999948, -22.346815799999945 ], [ -43.681017899999972, -22.347419599999967 ], [ -43.681338, -22.347739799999939 ], [ -43.681429499999979, -22.348261199999961 ], [ -43.681444799999952, -22.34866349999994 ], [ -43.682478499999945, -22.349119599999934 ], [ -43.683793799999933, -22.34952979999996 ], [ -43.684448399999951, -22.348980699999963 ], [ -43.684566699999948, -22.348890599999947 ], [ -43.684872299999938, -22.349230799999937 ], [ -43.685115499999945, -22.349514699999922 ], [ -43.685133799999953, -22.349536099999959 ], [ -43.685256699999975, -22.349702699999963 ], [ -43.686365799999983, -22.351044399999985 ], [ -43.688573099999985, -22.353462699999966 ], [ -43.688919399999975, -22.353879299999953 ], [ -43.689030299999956, -22.35377919999997 ], [ -43.689367299999951, -22.354049299999939 ], [ -43.689484699999973, -22.354090299999932 ], [ -43.689741699999956, -22.354252599999946 ], [ -43.68991479999994, -22.354341799999926 ], [ -43.690726299999938, -22.353876599999975 ], [ -43.691159099999936, -22.353465399999948 ] ] ], [ [ [ -43.685940799999969, -22.304772199999945 ], [ -43.691789699999951, -22.303530799999972 ], [ -43.691839, -22.303520299999942 ], [ -43.691547799999967, -22.302673199999962 ], [ -43.691504, -22.302529899999964 ], [ -43.691509, -22.30232319999994 ], [ -43.691527, -22.302240499999968 ], [ -43.691316, -22.301573899999934 ], [ -43.691193899999973, -22.301345099999935 ], [ -43.691072499999969, -22.301156399999975 ], [ -43.691020699999974, -22.301087199999937 ], [ -43.691, -22.301059499999955 ], [ -43.690966799999963, -22.301018799999952 ], [ -43.690813199999987, -22.300830399999931 ], [ -43.690580399999938, -22.300419199999968 ], [ -43.690247699999929, -22.299992399999955 ], [ -43.689953799999955, -22.299508599999974 ], [ -43.689756499999937, -22.299311099999958 ], [ -43.68955909999994, -22.299113599999938 ], [ -43.689338699999951, -22.298948899999971 ], [ -43.689218499999988, -22.298859 ], [ -43.689076299999947, -22.298859099999959 ], [ -43.688934099999983, -22.298859099999966 ], [ -43.688848099999966, -22.298803399999922 ], [ -43.688762099999956, -22.298747599999949 ], [ -43.688613099999941, -22.298693499999974 ], [ -43.688533, -22.298720499999938 ], [ -43.688452899999952, -22.298747499999937 ], [ -43.68838789999996, -22.298832199999932 ], [ -43.688323, -22.298916799999972 ], [ -43.688206499999978, -22.299031399999937 ], [ -43.688110199999983, -22.299038499999952 ], [ -43.688014, -22.299045499999977 ], [ -43.68792, -22.29900269999996 ], [ -43.687794299999958, -22.298948499999931 ], [ -43.687658, -22.298899099999975 ], [ -43.6875654, -22.298869899999929 ], [ -43.687370899999962, -22.29884149999997 ], [ -43.687286899999947, -22.298829099999978 ], [ -43.687162799999946, -22.298773099999948 ], [ -43.686987, -22.298690699999952 ], [ -43.686562599999945, -22.298466899999937 ], [ -43.686344399999939, -22.298423299999957 ], [ -43.685969799999953, -22.298348399999952 ], [ -43.685605799999962, -22.298414699999967 ], [ -43.685105199999953, -22.298590399999966 ], [ -43.685045299999956, -22.298582299999957 ], [ -43.684828499999981, -22.29855289999994 ], [ -43.684761099999946, -22.298556199999947 ], [ -43.684513199999977, -22.298568599999957 ], [ -43.684429299999984, -22.298595399999954 ], [ -43.684168, -22.298678799999948 ], [ -43.683389799999929, -22.299000199999977 ], [ -43.683025, -22.298957599999937 ], [ -43.682745699999941, -22.298812799999954 ], [ -43.682375599999943, -22.298621 ], [ -43.6819546, -22.29847 ], [ -43.681591, -22.298302 ], [ -43.681327, -22.29824329999996 ], [ -43.681063, -22.29818459999996 ], [ -43.680799899999954, -22.298139599999956 ], [ -43.680723399999984, -22.298137599999947 ], [ -43.680633399999984, -22.298186599999951 ], [ -43.680503399999964, -22.298257499999966 ], [ -43.680327, -22.298397099999939 ], [ -43.680288699999949, -22.298427399999973 ], [ -43.680442599999928, -22.298633599999953 ], [ -43.680470299999968, -22.298670799999964 ], [ -43.680483799999941, -22.298724899999957 ], [ -43.680929599999963, -22.300523799999947 ], [ -43.681288699999982, -22.301975899999938 ], [ -43.681833499999982, -22.304178399999948 ], [ -43.681905199999967, -22.304188799999963 ], [ -43.681936599999972, -22.304193299999941 ], [ -43.681971399999952, -22.304198299999932 ], [ -43.68199379999993, -22.304201599999942 ], [ -43.682071099999973, -22.304212799999952 ], [ -43.685940799999969, -22.304772199999945 ] ] ], [ [ [ -43.800339, -22.353816 ], [ -43.800621499999984, -22.353985899999941 ], [ -43.800792099999967, -22.354141499999962 ], [ -43.800936799999938, -22.354308299999953 ], [ -43.801100399999939, -22.354558299999951 ], [ -43.801347199999952, -22.355060599999945 ], [ -43.801474, -22.355276299999954 ], [ -43.801568, -22.35539729999994 ], [ -43.801698299999934, -22.355537099999932 ], [ -43.801839099999938, -22.355641299999927 ], [ -43.802027799999969, -22.355715399999951 ], [ -43.802187499999953, -22.355751899999962 ], [ -43.802392799999943, -22.355763 ], [ -43.802590699999939, -22.355776399999968 ], [ -43.802790099999982, -22.355777399999958 ], [ -43.802837899999986, -22.355675099999932 ], [ -43.802884499999955, -22.355551499999937 ], [ -43.8032664, -22.35548 ], [ -43.803648399999986, -22.355408399999924 ], [ -43.804069699999964, -22.354837899999946 ], [ -43.804258499999946, -22.354582299999944 ], [ -43.804459699999938, -22.354022499999928 ], [ -43.804964599999948, -22.35349819999994 ], [ -43.805008899999969, -22.353203899999972 ], [ -43.80505329999994, -22.352909599999983 ], [ -43.805232, -22.35252109999993 ], [ -43.805234899999959, -22.352153099999946 ], [ -43.805894699999946, -22.351234199999965 ], [ -43.804701099999932, -22.349172499999952 ], [ -43.803956299999989, -22.348665099999948 ], [ -43.801630199999984, -22.347516 ], [ -43.802104899999961, -22.347213699999941 ], [ -43.803885399999956, -22.346114899999975 ], [ -43.80504509999998, -22.345961599999953 ], [ -43.805512699999952, -22.345272899999944 ], [ -43.804948499999973, -22.344376399999916 ], [ -43.8032664, -22.343283299999925 ], [ -43.803192099999933, -22.341998 ], [ -43.802687899999967, -22.34187339999994 ], [ -43.801072899999951, -22.340981399999968 ], [ -43.799567399999944, -22.341383799999964 ], [ -43.797756599999964, -22.341501199999989 ], [ -43.796198699999934, -22.342743799999937 ], [ -43.79465579999993, -22.343010499999941 ], [ -43.794476499999973, -22.34202689999994 ], [ -43.794218699999931, -22.340967699999965 ], [ -43.794266799999946, -22.340079499999948 ], [ -43.793502399999966, -22.337434599999945 ], [ -43.793330899999944, -22.337138 ], [ -43.79244929999993, -22.33634619999998 ], [ -43.791861, -22.335243 ], [ -43.791849, -22.335223099999961 ], [ -43.791834899999969, -22.33519919999998 ], [ -43.790375499999982, -22.333819 ], [ -43.788325099999952, -22.332260599999916 ], [ -43.787343699999951, -22.330509399999976 ], [ -43.786426599999977, -22.32808759999994 ], [ -43.786059099999932, -22.32726 ], [ -43.785009799999955, -22.325430799999939 ], [ -43.784130699999928, -22.32410029999993 ], [ -43.783673399999941, -22.323407899999943 ], [ -43.783243499999969, -22.32300789999994 ], [ -43.782459499999959, -22.322916599999932 ], [ -43.781240799999978, -22.323061799999952 ], [ -43.778240899999965, -22.323644799999947 ], [ -43.777521, -22.323697899999946 ], [ -43.775348899999983, -22.323552799999963 ], [ -43.773348099999964, -22.32321149999996 ], [ -43.77264, -22.323062199999978 ], [ -43.770871799999952, -22.321969799999977 ], [ -43.770184799999988, -22.321373399999956 ], [ -43.769567, -22.319899099999937 ], [ -43.767870099999982, -22.317743099999973 ], [ -43.767401199999945, -22.316682899999925 ], [ -43.767238699999957, -22.314472799999972 ], [ -43.766910699999983, -22.314364 ], [ -43.762325799999985, -22.315288399999925 ], [ -43.762264199999947, -22.315194499999965 ], [ -43.762143199999976, -22.314943199999963 ], [ -43.761974799999962, -22.314579799999937 ], [ -43.761809099999937, -22.314084899999955 ], [ -43.761581499999977, -22.313450899999967 ], [ -43.761415899999982, -22.313149 ], [ -43.761187699999937, -22.312880699999933 ], [ -43.761005299999965, -22.312698 ], [ -43.760667199999951, -22.312399 ], [ -43.760420299999964, -22.312173899999948 ], [ -43.760228099999956, -22.311978899999922 ], [ -43.759893099999942, -22.311519799999939 ], [ -43.759670099999937, -22.311116 ], [ -43.759557099999938, -22.31076829999996 ], [ -43.759414099999958, -22.310091299999957 ], [ -43.759235599999954, -22.309438499999935 ], [ -43.759172399999954, -22.309173599999934 ], [ -43.759147899999959, -22.309060599999949 ], [ -43.758975699999951, -22.308592499999978 ], [ -43.758806899999968, -22.308277399999945 ], [ -43.758483099999978, -22.307811199999943 ], [ -43.758200599999959, -22.307482799999953 ], [ -43.757925, -22.307149899999953 ], [ -43.75696929999998, -22.306116899999957 ], [ -43.75651449999998, -22.305654299999954 ], [ -43.756343099999988, -22.305444399999949 ], [ -43.756210599999974, -22.305243799999975 ], [ -43.75611739999993, -22.305033599999948 ], [ -43.756040599999956, -22.304756799999943 ], [ -43.756005699999946, -22.304354499999917 ], [ -43.75595409999994, -22.303484 ], [ -43.755913799999973, -22.302625099999947 ], [ -43.755851199999938, -22.301819499999965 ], [ -43.755807699999934, -22.30108569999992 ], [ -43.755713, -22.30005349999993 ], [ -43.755694, -22.299946299999931 ], [ -43.755690799999968, -22.299918299999945 ], [ -43.755648299999962, -22.299289399999953 ], [ -43.755614399999956, -22.299142399999937 ], [ -43.755531299999973, -22.298951699999961 ], [ -43.755554199999949, -22.298929599999948 ], [ -43.75565609999996, -22.298915399999935 ], [ -43.755682699999966, -22.298927799999948 ], [ -43.75574, -22.298959599999929 ], [ -43.755859899999962, -22.298975699999971 ], [ -43.755955, -22.299013 ], [ -43.755992499999941, -22.299009699999939 ], [ -43.756105, -22.299067 ], [ -43.756956299999956, -22.29951669999997 ], [ -43.757165799999939, -22.299610099999942 ], [ -43.757371199999973, -22.299685699999937 ], [ -43.758482899999933, -22.299940299999953 ], [ -43.758596499999946, -22.300005799999948 ], [ -43.758632499999983, -22.300035899999958 ], [ -43.758668499999949, -22.300080199999957 ], [ -43.758720699999969, -22.300169699999973 ], [ -43.758838299999979, -22.300362699999937 ], [ -43.758927199999953, -22.300530099999953 ], [ -43.759055699999969, -22.300759299999982 ], [ -43.75946689999995, -22.301281199999956 ], [ -43.759664699999981, -22.301423599999971 ], [ -43.75985449999996, -22.301518499999922 ], [ -43.760075899999947, -22.301550099999929 ], [ -43.760408099999957, -22.301534299999954 ], [ -43.76080909999996, -22.30150059999994 ], [ -43.761433299999972, -22.299043599999948 ], [ -43.762924799999944, -22.298170699999957 ], [ -43.764150799999989, -22.297112899999938 ], [ -43.764679099999967, -22.296155499999937 ], [ -43.764933799999937, -22.295693899999939 ], [ -43.765035199999936, -22.294882499999982 ], [ -43.764665599999944, -22.293984499999976 ], [ -43.763999299999966, -22.293781699999958 ], [ -43.763138499999968, -22.29310089999996 ], [ -43.762166599999944, -22.292114399999946 ], [ -43.760996799999937, -22.290809199999948 ], [ -43.760834399999972, -22.290628 ], [ -43.759768299999962, -22.289209799999977 ], [ -43.759224, -22.288475699999928 ], [ -43.759286799999984, -22.288416799999936 ], [ -43.760825899999929, -22.287685199999952 ], [ -43.761189699999939, -22.28702469999995 ], [ -43.76154379999997, -22.286766299999947 ], [ -43.761965, -22.286297199999975 ], [ -43.76220909999995, -22.285737199999982 ], [ -43.763135599999941, -22.28480159999997 ], [ -43.763701499999968, -22.28427 ], [ -43.763819099999985, -22.284159499999927 ], [ -43.766914199999967, -22.281252099999964 ], [ -43.766386799999964, -22.279716399999931 ], [ -43.766007599999973, -22.278612399999925 ], [ -43.765404399999973, -22.276856199999937 ], [ -43.763887599999975, -22.277424599999964 ], [ -43.763412199999955, -22.277783499999941 ], [ -43.763020599999955, -22.278072199999926 ], [ -43.762734699999953, -22.278583199999954 ], [ -43.762362399999972, -22.278960499999982 ], [ -43.762108799999957, -22.279136 ], [ -43.761806299999932, -22.279345199999966 ], [ -43.761327899999969, -22.279676199999983 ], [ -43.760861799999937, -22.279998599999928 ], [ -43.760228199999979, -22.280436899999927 ], [ -43.759817299999959, -22.28072109999993 ], [ -43.75934859999996, -22.281045299999967 ], [ -43.757713299999985, -22.280792499999947 ], [ -43.756600599999963, -22.280620499999941 ], [ -43.755521599999952, -22.280453699999949 ], [ -43.755068799999947, -22.280383699999973 ], [ -43.754249199999947, -22.281495799999956 ], [ -43.754233899999974, -22.281516599999978 ], [ -43.751914, -22.277522899999948 ], [ -43.75047439999998, -22.275565299999979 ], [ -43.746814399999948, -22.272025299999946 ], [ -43.743301899999949, -22.267426699999934 ], [ -43.739789299999984, -22.263636899999938 ], [ -43.741661199999953, -22.258760899999967 ], [ -43.738325299999978, -22.254461299999939 ], [ -43.738185, -22.252419199999963 ], [ -43.737371, -22.250287199999935 ], [ -43.735443499999974, -22.250753 ], [ -43.735413299999948, -22.250726799999935 ], [ -43.735365299999962, -22.250694399999929 ], [ -43.731633699999975, -22.248456899999955 ], [ -43.730247499999962, -22.247625799999977 ], [ -43.730219799999936, -22.247609099999977 ], [ -43.720479399999931, -22.245702599999966 ], [ -43.713909899999976, -22.244632399999933 ], [ -43.712942099999957, -22.244474799999981 ], [ -43.712952899999941, -22.244456 ], [ -43.713231299999961, -22.243973399999962 ], [ -43.715837399999948, -22.239574199999932 ], [ -43.71525429999997, -22.239254499999969 ], [ -43.71525349999996, -22.239255699999934 ], [ -43.71524729999993, -22.239196299999946 ], [ -43.714764799999962, -22.23726519999995 ], [ -43.714267899999982, -22.236957199999949 ], [ -43.71380419999997, -22.236669899999985 ], [ -43.713771, -22.236649199999935 ], [ -43.713783899999953, -22.236608599999958 ], [ -43.713757699999974, -22.23659269999996 ], [ -43.713572099999965, -22.236388 ], [ -43.713389499999948, -22.236290899999968 ], [ -43.713130599999943, -22.236154199999937 ], [ -43.712828499999944, -22.23599459999997 ], [ -43.712578299999961, -22.235862299999948 ], [ -43.712319199999968, -22.235725499999944 ], [ -43.71229459999995, -22.23571249999998 ], [ -43.712132299999958, -22.235626699999941 ], [ -43.71180419999996, -22.235475699999938 ], [ -43.711465599999933, -22.235319899999983 ], [ -43.711279, -22.235158 ], [ -43.711222, -22.234930599999924 ], [ -43.711221499999965, -22.234893 ], [ -43.711166599999956, -22.234820899999939 ], [ -43.710977399999926, -22.234827199999923 ], [ -43.710824499999944, -22.234790099999945 ], [ -43.710600499999934, -22.23461959999997 ], [ -43.710421199999985, -22.234474499999973 ], [ -43.710176299999944, -22.234035199999933 ], [ -43.709996399999966, -22.233568099999946 ], [ -43.709762699999949, -22.233501199999989 ], [ -43.709165499999983, -22.23378369999994 ], [ -43.708010599999973, -22.232924299999986 ], [ -43.7084263, -22.232584399999961 ], [ -43.709172499999966, -22.231974299999923 ], [ -43.709451699999939, -22.231551099999923 ], [ -43.710130699999979, -22.230329499999979 ], [ -43.711025699999936, -22.229185899999951 ], [ -43.711509699999965, -22.228780699999959 ], [ -43.712143399999945, -22.227761399999959 ], [ -43.712176099999965, -22.227789799999982 ], [ -43.712620499999964, -22.22817609999991 ], [ -43.71263079999995, -22.228183599999962 ], [ -43.712641299999973, -22.228190899999948 ], [ -43.712651899999969, -22.228198 ], [ -43.712662599999938, -22.228205 ], [ -43.71267349999993, -22.228211799999933 ], [ -43.712684499999966, -22.22821839999995 ], [ -43.712695599999954, -22.228224899999926 ], [ -43.712706899999944, -22.228231099999956 ], [ -43.712718299999956, -22.228237199999967 ], [ -43.712729699999954, -22.228243099999943 ], [ -43.712741299999948, -22.228248799999957 ], [ -43.712753, -22.228254299999954 ], [ -43.712764799999945, -22.228259699999967 ], [ -43.712776699999957, -22.228264799999984 ], [ -43.712788599999953, -22.228269699999945 ], [ -43.712800699999946, -22.228274499999937 ], [ -43.7128039, -22.22827569999998 ], [ -43.71281289999996, -22.228279 ], [ -43.712825099999975, -22.228283399999945 ], [ -43.712837399999962, -22.228287499999954 ], [ -43.712849799999951, -22.228291499999955 ], [ -43.712862299999976, -22.228295199999931 ], [ -43.712874799999959, -22.228298699999968 ], [ -43.71288739999995, -22.228302099999954 ], [ -43.712900099999956, -22.228305199999969 ], [ -43.71291279999997, -22.228308099999932 ], [ -43.712925599999956, -22.228310899999933 ], [ -43.712936799999966, -22.228313099999969 ], [ -43.713664499999943, -22.2283935 ], [ -43.713670799999939, -22.228393299999933 ], [ -43.713677, -22.228393 ], [ -43.713683299999964, -22.228392599999953 ], [ -43.713689499999937, -22.228392099999954 ], [ -43.713695699999967, -22.22839149999993 ], [ -43.713701899999933, -22.228390699999974 ], [ -43.71370809999997, -22.228389899999968 ], [ -43.713714299999936, -22.228389 ], [ -43.71372039999995, -22.228388 ], [ -43.71372659999998, -22.228386899999972 ], [ -43.713732699999987, -22.228385599999964 ], [ -43.713738799999931, -22.228384299999949 ], [ -43.713744799999972, -22.228382899999929 ], [ -43.71375089999998, -22.228381399999929 ], [ -43.713756899999964, -22.228379799999963 ], [ -43.713762899999949, -22.228378099999926 ], [ -43.713768799999976, -22.228376299999979 ], [ -43.713774699999931, -22.228374299999924 ], [ -43.71378059999995, -22.228372299999929 ], [ -43.713786399999954, -22.228370299999938 ], [ -43.713792199999936, -22.228368099999969 ], [ -43.713798, -22.228365799999946 ], [ -43.713803699999971, -22.228363399999981 ], [ -43.713809399999946, -22.228360899999938 ], [ -43.713815, -22.22835839999993 ], [ -43.71382049999994, -22.228355699999955 ], [ -43.713826099999949, -22.228353 ], [ -43.713831499999969, -22.228350099999947 ], [ -43.713836899999933, -22.22834719999998 ], [ -43.713842299999961, -22.22834419999997 ], [ -43.713847599999951, -22.228341099999973 ], [ -43.7138528, -22.228337899999929 ], [ -43.713858, -22.228334699999948 ], [ -43.713863099999969, -22.228331299999969 ], [ -43.713868199999986, -22.228327899999954 ], [ -43.713873199999973, -22.228324399999963 ], [ -43.713878099999938, -22.228320799999956 ], [ -43.713882899999938, -22.228317099999966 ], [ -43.71388769999993, -22.228313399999941 ], [ -43.713892399999963, -22.228309499999966 ], [ -43.71389709999994, -22.228305599999935 ], [ -43.713901699999951, -22.228301699999971 ], [ -43.713906099999974, -22.228297599999948 ], [ -43.713910599999963, -22.228293499999953 ], [ -43.71391489999997, -22.228289299999975 ], [ -43.713919199999964, -22.228285 ], [ -43.713923299999976, -22.228280699999971 ], [ -43.713927399999939, -22.228276299999944 ], [ -43.713931399999979, -22.228271799999966 ], [ -43.713935399999968, -22.228267299999978 ], [ -43.713939199999977, -22.228262699999952 ], [ -43.713943, -22.228258 ], [ -43.7139466, -22.228253299999949 ], [ -43.713950199999942, -22.228248599999965 ], [ -43.713953699999934, -22.22824369999994 ], [ -43.713957099999959, -22.228238799999932 ], [ -43.713960399999955, -22.228233899999957 ], [ -43.713963599999936, -22.22822889999998 ], [ -43.713966699999965, -22.228223799999963 ], [ -43.713969799999973, -22.228218699999953 ], [ -43.713971, -22.228216699999955 ], [ -43.713970599999989, -22.228214799999929 ], [ -43.713970299999971, -22.22821279999993 ], [ -43.71397, -22.228210899999958 ], [ -43.71396969999995, -22.228209 ], [ -43.713969499999962, -22.228207099999956 ], [ -43.713969299999974, -22.228205099999972 ], [ -43.713969199999951, -22.228203199999939 ], [ -43.7139691, -22.228201299999963 ], [ -43.713969, -22.228199299999961 ], [ -43.713969, -22.228197399999935 ], [ -43.713969, -22.228195499999966 ], [ -43.713969, -22.228193499999971 ], [ -43.713969099999986, -22.228191599999953 ], [ -43.713969199999958, -22.228189699999977 ], [ -43.713969299999981, -22.228187699999978 ], [ -43.713969499999962, -22.228185799999952 ], [ -43.71396969999995, -22.228183899999969 ], [ -43.71397, -22.228182 ], [ -43.713970299999971, -22.22818 ], [ -43.713970599999982, -22.22817809999998 ], [ -43.713971, -22.228176199999943 ], [ -43.713971299999976, -22.228174299999971 ], [ -43.713971799999982, -22.228172399999938 ], [ -43.713972199999944, -22.228170499999969 ], [ -43.713972699999943, -22.228168699999969 ], [ -43.713973299999971, -22.228166799999943 ], [ -43.713973899999985, -22.228164899999971 ], [ -43.713974499999949, -22.228163099999964 ], [ -43.713975099999971, -22.228161199999935 ], [ -43.713975799999957, -22.228159399999978 ], [ -43.713976499999944, -22.228157599999975 ], [ -43.713977199999938, -22.228155799999961 ], [ -43.713978, -22.228154 ], [ -43.71397879999995, -22.228152199999943 ], [ -43.713979699999982, -22.228150399999954 ], [ -43.713980599999964, -22.228148699999963 ], [ -43.713981499999932, -22.22814689999996 ], [ -43.713982399999963, -22.228145199999972 ], [ -43.713983399999961, -22.228143499999934 ], [ -43.713984399999958, -22.228141799999953 ], [ -43.713985399999949, -22.228140099999955 ], [ -43.713986499999976, -22.228138499999933 ], [ -43.713987599999939, -22.228136799999962 ], [ -43.713988699999959, -22.228135199999944 ], [ -43.713989899999945, -22.228133599999978 ], [ -43.71399109999993, -22.228132 ], [ -43.713992299999965, -22.228130399999934 ], [ -43.713993599999988, -22.228128899999948 ], [ -43.713994799999966, -22.228127399999938 ], [ -43.71399619999994, -22.228125899999956 ], [ -43.713997499999955, -22.22812439999996 ], [ -43.713998899999979, -22.228122899999956 ], [ -43.714000199999937, -22.228121499999922 ], [ -43.714001699999983, -22.228120099999952 ], [ -43.714003099999957, -22.228118699999985 ], [ -43.71400459999996, -22.228117299999944 ], [ -43.714006099999956, -22.228115899999981 ], [ -43.714007599999952, -22.228114599999955 ], [ -43.714009099999942, -22.228113299999947 ], [ -43.714010699999967, -22.228112099999965 ], [ -43.714012299999986, -22.228110799999964 ], [ -43.714013899999941, -22.228109599999971 ], [ -43.714015599999989, -22.228108399999929 ], [ -43.714017199999944, -22.228107199999954 ], [ -43.7140189, -22.22810609999993 ], [ -43.71402089999998, -22.228104799999972 ], [ -43.714022299999947, -22.228103899999955 ], [ -43.714024099999968, -22.22810279999992 ], [ -43.714025799999945, -22.228101799999944 ], [ -43.714027599999959, -22.228100799999922 ], [ -43.714029399999966, -22.228099899999972 ], [ -43.714031199999972, -22.228098899999956 ], [ -43.714033099999938, -22.228098 ], [ -43.714034899999945, -22.228097099999964 ], [ -43.714036799999974, -22.228096299999947 ], [ -43.714038699999954, -22.228095499999931 ], [ -43.714040599999983, -22.228094699999929 ], [ -43.714042499999955, -22.228093899999966 ], [ -43.714044399999977, -22.228093199999929 ], [ -43.71404639999998, -22.228092499999946 ], [ -43.714048299999945, -22.228091799999952 ], [ -43.71405029999994, -22.22809119999993 ], [ -43.714052299999935, -22.22809059999997 ], [ -43.71405429999993, -22.22809 ], [ -43.714056199999966, -22.228089499999957 ], [ -43.714058299999976, -22.228089 ], [ -43.714060299999979, -22.228088499999952 ], [ -43.714062299999966, -22.228088099999979 ], [ -43.714064299999968, -22.228087699999939 ], [ -43.714066399999979, -22.228087299999967 ], [ -43.714068399999974, -22.228087 ], [ -43.714070499999934, -22.228086699999938 ], [ -43.714072499999929, -22.228086399999938 ], [ -43.714074599999947, -22.228086199999943 ], [ -43.714076699999971, -22.228086 ], [ -43.714078699999959, -22.228085799999974 ], [ -43.714080799999977, -22.228085699999948 ], [ -43.714082899999937, -22.228085599999925 ], [ -43.714085, -22.22808549999996 ], [ -43.714087099999979, -22.228085499999963 ], [ -43.714089099999974, -22.228085499999956 ], [ -43.7140912, -22.228085499999953 ], [ -43.714093299999945, -22.228085599999929 ], [ -43.71409539999997, -22.228085699999941 ], [ -43.714097399999964, -22.228085799999974 ], [ -43.714099499999982, -22.228086 ], [ -43.714101599999935, -22.228086199999947 ], [ -43.714103699999946, -22.228086399999931 ], [ -43.714105699999955, -22.228086699999938 ], [ -43.714107799999965, -22.228087 ], [ -43.71410979999996, -22.228087299999967 ], [ -43.714111899999978, -22.228087699999943 ], [ -43.714113899999973, -22.228088099999976 ], [ -43.714115899999975, -22.228088499999952 ], [ -43.714117899999962, -22.228089 ], [ -43.714119899999965, -22.228089499999943 ], [ -43.714121899999952, -22.22809 ], [ -43.714123899999947, -22.22809059999997 ], [ -43.714125899999949, -22.228091199999938 ], [ -43.714127899999937, -22.228091799999955 ], [ -43.714129799999967, -22.228092499999931 ], [ -43.714131799999969, -22.228093199999929 ], [ -43.714133699999934, -22.228093899999958 ], [ -43.71413559999997, -22.22809459999996 ], [ -43.714137499999936, -22.228095399999972 ], [ -43.714139399999965, -22.228096199999982 ], [ -43.714141299999945, -22.228097099999957 ], [ -43.714143099999937, -22.228098 ], [ -43.714145, -22.228098899999953 ], [ -43.714146799999988, -22.228099799999935 ], [ -43.71414859999993, -22.228100799999922 ], [ -43.714150399999937, -22.228101799999919 ], [ -43.714152099999986, -22.228102799999931 ], [ -43.714153899999985, -22.22810389999994 ], [ -43.71415559999997, -22.228104899999956 ], [ -43.714157299999954, -22.228106099999934 ], [ -43.714159, -22.22810719999995 ], [ -43.714160699999979, -22.22810839999995 ], [ -43.714162299999948, -22.228109499999963 ], [ -43.71416389999996, -22.228110799999971 ], [ -43.714165499999979, -22.228112 ], [ -43.714167099999941, -22.228113299999947 ], [ -43.714168599999937, -22.22811459999998 ], [ -43.714170099999933, -22.228115899999967 ], [ -43.714171599999929, -22.228117199999932 ], [ -43.714173099999982, -22.228118599999952 ], [ -43.714174599999978, -22.22812 ], [ -43.714176, -22.228121399999957 ], [ -43.714177399999983, -22.228122899999953 ], [ -43.714178699999934, -22.228124299999944 ], [ -43.714180199999937, -22.228126 ], [ -43.714183599999956, -22.228129 ], [ -43.714186899999959, -22.228131799999964 ], [ -43.714190199999962, -22.228134599999983 ], [ -43.71419359999993, -22.228137299999958 ], [ -43.714197099999978, -22.22814 ], [ -43.71420059999997, -22.228142599999945 ], [ -43.714204099999968, -22.228145199999961 ], [ -43.714207699999974, -22.228147599999943 ], [ -43.714211399999954, -22.22815009999994 ], [ -43.714215, -22.228152499999965 ], [ -43.714218799999976, -22.228154799999963 ], [ -43.714222499999956, -22.228157 ], [ -43.714226399999973, -22.228159199999933 ], [ -43.714230199999982, -22.228161299999954 ], [ -43.714234099999949, -22.228163399999961 ], [ -43.714238, -22.228165399999963 ], [ -43.714242, -22.228167399999958 ], [ -43.714246, -22.228169199999957 ], [ -43.71425, -22.228171 ], [ -43.714254099999941, -22.228172799999978 ], [ -43.714258199999961, -22.228174499999962 ], [ -43.714262399999946, -22.228176099999931 ], [ -43.714266499999951, -22.228177599999974 ], [ -43.7142707, -22.22817909999997 ], [ -43.714274899999964, -22.228180499999944 ], [ -43.714279199999964, -22.228181799999955 ], [ -43.714283399999943, -22.228183099999974 ], [ -43.714287699999943, -22.228184299999938 ], [ -43.714292099999973, -22.228185399999962 ], [ -43.714296399999967, -22.228186499999932 ], [ -43.714300699999974, -22.22818749999994 ], [ -43.714305099999933, -22.228188399999965 ], [ -43.714309499999956, -22.228189199999978 ], [ -43.714313899999986, -22.22819 ], [ -43.714318299999945, -22.228190699999967 ], [ -43.714322799999934, -22.228191299999935 ], [ -43.714327199999957, -22.228191899999953 ], [ -43.714331699999939, -22.228192399999951 ], [ -43.714336099999969, -22.228192799999924 ], [ -43.714340599999957, -22.228193099999938 ], [ -43.714345099999946, -22.228193399999949 ], [ -43.714349499999969, -22.22819359999994 ], [ -43.714354, -22.228193699999959 ], [ -43.714358499999946, -22.228193799999925 ], [ -43.714363, -22.228193799999929 ], [ -43.714367399999965, -22.228193699999956 ], [ -43.714371899999954, -22.228193499999978 ], [ -43.714376399999942, -22.228193299999919 ], [ -43.714380899999981, -22.228192899999939 ], [ -43.714385299999954, -22.22819259999995 ], [ -43.714389799999935, -22.228192099999955 ], [ -43.714394199999965, -22.228191599999946 ], [ -43.714398699999947, -22.228191 ], [ -43.71440309999997, -22.228190299999945 ], [ -43.714407499999936, -22.228189499999932 ], [ -43.714411899999959, -22.228188699999972 ], [ -43.714416299999975, -22.228187799999937 ], [ -43.714420599999976, -22.228186899999976 ], [ -43.714425, -22.228185799999952 ], [ -43.714429299999956, -22.228184699999932 ], [ -43.71443359999995, -22.228183599999959 ], [ -43.71443789999995, -22.228182299999954 ], [ -43.714442099999985, -22.228181 ], [ -43.714446399999986, -22.228179599999976 ], [ -43.714450599999964, -22.228178199999935 ], [ -43.714454699999976, -22.228176699999945 ], [ -43.714458899999954, -22.22817509999993 ], [ -43.714463, -22.228173399999939 ], [ -43.714467099999972, -22.228171699999965 ], [ -43.714471099999969, -22.228169899999951 ], [ -43.714475199999981, -22.228168099999944 ], [ -43.714479099999949, -22.228166199999965 ], [ -43.714483099999939, -22.228164199999981 ], [ -43.714487, -22.228162199999936 ], [ -43.714490899999937, -22.228160099999958 ], [ -43.714494699999932, -22.228157899999928 ], [ -43.714498499999941, -22.228155699999931 ], [ -43.71450219999997, -22.228153399999933 ], [ -43.714505899999942, -22.228151 ], [ -43.714508699999953, -22.228149199999969 ], [ -43.714862499999988, -22.227919 ], [ -43.714869099999937, -22.227913799999943 ], [ -43.714875699999936, -22.227908499999966 ], [ -43.714882099999961, -22.227903099999931 ], [ -43.714888499999979, -22.227897599999938 ], [ -43.714894699999945, -22.227891899999968 ], [ -43.714900799999953, -22.227886199999944 ], [ -43.714906899999967, -22.227880399999947 ], [ -43.714912799999979, -22.227874399999966 ], [ -43.714918599999976, -22.227868399999974 ], [ -43.714924299999943, -22.227862299999966 ], [ -43.714929899999959, -22.227856099999947 ], [ -43.714935299999979, -22.227849799999944 ], [ -43.714940699999943, -22.2278434 ], [ -43.714945899999975, -22.227837 ], [ -43.714951, -22.227830399999956 ], [ -43.714956, -22.227823799999943 ], [ -43.714960799999979, -22.227817 ], [ -43.714965499999956, -22.227810299999934 ], [ -43.71497009999996, -22.227803399999964 ], [ -43.714974599999948, -22.227796399999935 ], [ -43.714975799999934, -22.227794499999955 ], [ -43.714979699999958, -22.227791 ], [ -43.714983699999955, -22.227787499999973 ], [ -43.714987699999945, -22.227784199999967 ], [ -43.714991799999957, -22.227780899999964 ], [ -43.714996, -22.227777599999964 ], [ -43.715000199999963, -22.227774499999953 ], [ -43.715004399999941, -22.227771399999938 ], [ -43.715008699999949, -22.227768399999949 ], [ -43.715013099999965, -22.227765399999939 ], [ -43.715017599999953, -22.227762499999987 ], [ -43.715022, -22.227759699999982 ], [ -43.715026599999938, -22.227757 ], [ -43.715031199999942, -22.227754299999955 ], [ -43.715035799999953, -22.227751699999946 ], [ -43.715040499999922, -22.227749199999945 ], [ -43.71504519999997, -22.227746799999988 ], [ -43.71505, -22.227744399999942 ], [ -43.715054799999969, -22.227742099999936 ], [ -43.7150597, -22.227739899999964 ], [ -43.715064599999948, -22.227737799999943 ], [ -43.71506949999997, -22.227735699999986 ], [ -43.715074499999957, -22.22773379999996 ], [ -43.715079499999945, -22.227731899999981 ], [ -43.715084599999955, -22.22773009999996 ], [ -43.715089699999972, -22.227728399999936 ], [ -43.715094799999967, -22.227726799999978 ], [ -43.715099899999984, -22.227725199999945 ], [ -43.71510509999996, -22.227723699999956 ], [ -43.715110299999935, -22.227722299999972 ], [ -43.715115499999968, -22.227721099999943 ], [ -43.715120799999966, -22.227719799999928 ], [ -43.715126099999964, -22.227718699999972 ], [ -43.715131299999939, -22.227717699999964 ], [ -43.715136699999952, -22.22771669999997 ], [ -43.715142, -22.227715799999945 ], [ -43.715146599999969, -22.227715199999984 ], [ -43.715149499999946, -22.227714099999947 ], [ -43.715152399999972, -22.227712899999968 ], [ -43.715155199999977, -22.227711799999952 ], [ -43.715158, -22.227710599999956 ], [ -43.715160799999971, -22.227709299999965 ], [ -43.7151636, -22.227708 ], [ -43.71516639999993, -22.22770659999998 ], [ -43.715169099999969, -22.227705199999942 ], [ -43.715171799999951, -22.227703799999961 ], [ -43.715174399999974, -22.227702299999965 ], [ -43.715177099999948, -22.227700799999987 ], [ -43.715179699999965, -22.227699199999961 ], [ -43.715182299999988, -22.227697599999935 ], [ -43.715184799999975, -22.227695899999958 ], [ -43.715187299999968, -22.227694199999974 ], [ -43.715189799999955, -22.227692499999922 ], [ -43.715192299999956, -22.227690699999989 ], [ -43.715194699999984, -22.227688899999968 ], [ -43.715197099999955, -22.227687 ], [ -43.715199399999968, -22.22768509999996 ], [ -43.715201699999973, -22.227683199999941 ], [ -43.715204, -22.227681199999939 ], [ -43.715206199999962, -22.227679199999947 ], [ -43.71520849999996, -22.227677199999956 ], [ -43.715210599999985, -22.227675099999949 ], [ -43.715212699999945, -22.227673 ], [ -43.715214799999963, -22.227670799999935 ], [ -43.715216899999973, -22.227668699999978 ], [ -43.715218899999968, -22.227666399999976 ], [ -43.71522079999994, -22.227664199999928 ], [ -43.715222699999977, -22.227661899999934 ], [ -43.715224599999942, -22.227659599999981 ], [ -43.715226399999949, -22.227657299999972 ], [ -43.715227399999947, -22.227656 ], [ -43.715547099999981, -22.227431499999966 ], [ -43.715555799999947, -22.227426399999956 ], [ -43.715564399999948, -22.227421099999958 ], [ -43.715573, -22.227415699999938 ], [ -43.715581399999962, -22.227410199999944 ], [ -43.715589699999953, -22.227404499999974 ], [ -43.715597899999977, -22.227398699999988 ], [ -43.715606, -22.227392699999932 ], [ -43.715614, -22.227386699999951 ], [ -43.715621799999951, -22.227380299999943 ], [ -43.7161359, -22.227341599999921 ], [ -43.716974099999959, -22.227170899999972 ], [ -43.7173, -22.226922899999966 ], [ -43.7173059, -22.226874199999937 ], [ -43.717335, -22.226634899999961 ], [ -43.717098199999953, -22.226553199999962 ], [ -43.715575, -22.225681 ], [ -43.714983899999943, -22.225441599999943 ], [ -43.714723199999987, -22.225401699999953 ], [ -43.714435299999927, -22.225280299999948 ], [ -43.713853499999978, -22.225195199999973 ], [ -43.713656599999979, -22.225082899999965 ], [ -43.71329749999996, -22.224880599999953 ], [ -43.712918099999975, -22.224808099999954 ], [ -43.711917099999944, -22.224711699999943 ], [ -43.711552099999949, -22.223980799999925 ], [ -43.710906099999939, -22.223508699999961 ], [ -43.710625099999959, -22.22311439999994 ], [ -43.710114199999964, -22.222603399999972 ], [ -43.70948379999993, -22.222115199999962 ], [ -43.709404099999979, -22.222016499999928 ], [ -43.709074699999974, -22.221648299999966 ], [ -43.709053199999964, -22.221624299999977 ], [ -43.709055399999947, -22.221624799999972 ], [ -43.710193499999953, -22.221881599999961 ], [ -43.713140699999947, -22.221975199999971 ], [ -43.716368699999975, -22.221905 ], [ -43.71905419999996, -22.221751799999929 ], [ -43.718559799999987, -22.221301399999952 ], [ -43.718806499999964, -22.221054699999975 ], [ -43.719240299999974, -22.220788899999938 ], [ -43.719772, -22.220502 ], [ -43.719930099999942, -22.220451599999933 ], [ -43.720126199999974, -22.220143399999923 ], [ -43.720633499999963, -22.219930099999935 ], [ -43.720843399999978, -22.219821599999925 ], [ -43.720920299999925, -22.219685199999962 ], [ -43.720899299999985, -22.219583699999937 ], [ -43.720755899999972, -22.219489299999964 ], [ -43.72049, -22.219492799999959 ], [ -43.720168199999925, -22.219583699999944 ], [ -43.719790399999972, -22.21981459999995 ], [ -43.71874089999995, -22.21922689999997 ], [ -43.717939799999954, -22.218805399999948 ], [ -43.717484199999944, -22.218654899999922 ], [ -43.71737219999995, -22.218515 ], [ -43.717363899999953, -22.218201 ], [ -43.717236699999951, -22.218121399999958 ], [ -43.717047699999966, -22.218114499999952 ], [ -43.716732899999954, -22.218177399999931 ], [ -43.716446, -22.217617699999945 ], [ -43.716334099999983, -22.217484799999962 ], [ -43.716019299999978, -22.217372799999971 ], [ -43.715606499999978, -22.217113899999955 ], [ -43.715459499999952, -22.216792099999964 ], [ -43.715193699999936, -22.216393299999933 ], [ -43.714606, -22.215784599999942 ], [ -43.714298099999958, -22.215630699999963 ], [ -43.713913299999952, -22.215588699999945 ], [ -43.7131227, -22.215567699999944 ], [ -43.712912799999977, -22.215441799999944 ], [ -43.713836299999976, -22.214322299999921 ], [ -43.714619899999946, -22.213664699999981 ], [ -43.71519619999998, -22.21323869999998 ], [ -43.716501699999981, -22.213300499999946 ], [ -43.716844, -22.213277699999939 ], [ -43.717806099999962, -22.213282 ], [ -43.717929499999968, -22.213282499999938 ], [ -43.718329, -22.213245899999947 ], [ -43.718643799999938, -22.213176499999975 ], [ -43.719081, -22.213014599999958 ], [ -43.719187, -22.212962199999939 ], [ -43.719824, -22.212898699999972 ], [ -43.720299799999971, -22.212769099999942 ], [ -43.721088, -22.211764599999974 ], [ -43.720247699999966, -22.210889 ], [ -43.720163799999966, -22.210699399999939 ], [ -43.719568899999963, -22.210703 ], [ -43.718981699999965, -22.21042749999998 ], [ -43.719101299999984, -22.210034399999909 ], [ -43.719459099999938, -22.210025399999953 ], [ -43.72027049999997, -22.210132799999933 ], [ -43.720287, -22.210143499999965 ], [ -43.721025, -22.21025179999998 ], [ -43.72299309999994, -22.21054069999996 ], [ -43.722991699999966, -22.210008599999984 ], [ -43.72203229999996, -22.208948399999937 ], [ -43.72162979999996, -22.207051899999954 ], [ -43.721975499999985, -22.206917099999941 ], [ -43.722445, -22.207074699999964 ], [ -43.722818899999929, -22.20720049999996 ], [ -43.723212899999972, -22.207396599999971 ], [ -43.723515199999952, -22.207658599999949 ], [ -43.723927799999956, -22.207771499999978 ], [ -43.724403, -22.208055499999951 ], [ -43.724769799999926, -22.208389199999939 ], [ -43.725132799999983, -22.208558699999966 ], [ -43.725332699999974, -22.208921699999959 ], [ -43.725522699999942, -22.209089699999936 ], [ -43.725392299999953, -22.209507699999957 ], [ -43.725687499999943, -22.210017099999956 ], [ -43.725905399999938, -22.210381 ], [ -43.726787899999977, -22.210448499999927 ], [ -43.729281199999939, -22.211469299999973 ], [ -43.730028699999927, -22.211899599999978 ], [ -43.730279, -22.211946199999947 ], [ -43.730533499999979, -22.2119284 ], [ -43.731276299999926, -22.211523099999962 ], [ -43.731417, -22.209450799999964 ], [ -43.731504599999944, -22.20935569999995 ], [ -43.730907499999951, -22.208718799999929 ], [ -43.730765799999979, -22.208567599999974 ], [ -43.730187799999953, -22.208291699999965 ], [ -43.72782129999996, -22.207161799999934 ], [ -43.725775499999948, -22.205243599999957 ], [ -43.724628, -22.204167699999978 ], [ -43.724549199999956, -22.204093899999982 ], [ -43.723315099999986, -22.202936799999978 ], [ -43.7250011, -22.19959949999998 ], [ -43.725020299999983, -22.197486 ], [ -43.728382699999941, -22.194238799999937 ], [ -43.728056099999954, -22.193489499999949 ], [ -43.727816699999956, -22.193345199999943 ], [ -43.727174, -22.192957599999943 ], [ -43.727324699999947, -22.186462499999937 ], [ -43.724123, -22.182188899999968 ], [ -43.723353099999947, -22.176874299999955 ], [ -43.72689679999997, -22.177304099999958 ], [ -43.727925199999959, -22.175910299999931 ], [ -43.7284825, -22.175154899999928 ], [ -43.727615299999968, -22.170386299999958 ], [ -43.721284899999944, -22.167812099999932 ], [ -43.719445499999949, -22.170857499999954 ], [ -43.717327799999964, -22.16946089999993 ], [ -43.719049899999966, -22.166151699999947 ], [ -43.713405699999953, -22.160594899999985 ], [ -43.711438, -22.158731599999946 ], [ -43.708248, -22.162460899999925 ], [ -43.70823119999995, -22.162470499999916 ], [ -43.707104099999981, -22.163578899999951 ], [ -43.709444699999956, -22.166146799999979 ], [ -43.710257199999944, -22.172001299999977 ], [ -43.711262899999959, -22.179248 ], [ -43.715796599999969, -22.178862099999943 ], [ -43.71785559999995, -22.175861099999963 ], [ -43.72064139999997, -22.177519399999927 ], [ -43.721540299999958, -22.181714799999956 ], [ -43.723098499999942, -22.187636499999943 ], [ -43.719230399999965, -22.191256 ], [ -43.71848029999996, -22.193196499999935 ], [ -43.718117699999937, -22.191267899999961 ], [ -43.717656499999975, -22.189365699999932 ], [ -43.716446, -22.187886199999983 ], [ -43.714109099999973, -22.185020899999916 ], [ -43.711467199999959, -22.185434 ], [ -43.708565899999947, -22.187951099999953 ], [ -43.708461199999938, -22.188333299999947 ], [ -43.712018899999975, -22.191632699999946 ], [ -43.712269099999951, -22.192081399999939 ], [ -43.712743699999976, -22.192702699999924 ], [ -43.713045699999959, -22.19289249999996 ], [ -43.713408099999988, -22.192944299999962 ], [ -43.713718799999981, -22.192987399999936 ], [ -43.714081199999953, -22.192918399999943 ], [ -43.714331399999942, -22.192935699999961 ], [ -43.714504, -22.193056499999948 ], [ -43.714581699999947, -22.193384399999953 ], [ -43.71458169999994, -22.193565599999936 ], [ -43.714607599999965, -22.193772699999958 ], [ -43.71496129999997, -22.194592399999983 ], [ -43.715539499999984, -22.194696 ], [ -43.716100399999952, -22.194954799999952 ], [ -43.716385099999968, -22.195265499999941 ], [ -43.716534699999954, -22.195487599999989 ], [ -43.715874299999932, -22.195968099999959 ], [ -43.715558899999955, -22.196191499999951 ], [ -43.715220199999969, -22.196497399999942 ], [ -43.714923599999963, -22.197042899999929 ], [ -43.71544259999996, -22.197401699999936 ], [ -43.715942499999983, -22.197715699999947 ], [ -43.716192399999962, -22.197934899999936 ], [ -43.715957199999941, -22.198026299999977 ], [ -43.7161407, -22.198732599999971 ], [ -43.716512399999949, -22.199681 ], [ -43.716627699999947, -22.199943699999949 ], [ -43.716685399999953, -22.200597399999936 ], [ -43.716647, -22.201103599999964 ], [ -43.716115099999968, -22.201609799999972 ], [ -43.715833099999948, -22.20190459999996 ], [ -43.715596, -22.202327499999949 ], [ -43.715705, -22.202712 ], [ -43.716019, -22.203006799999972 ], [ -43.717595399999944, -22.203160599999929 ], [ -43.718268199999955, -22.203288799999939 ], [ -43.718582199999958, -22.204038499999974 ], [ -43.718941099999938, -22.204743399999916 ], [ -43.719082, -22.205063799999952 ], [ -43.719043599999956, -22.205416199999931 ], [ -43.718966699999953, -22.205685399999943 ], [ -43.718755199999976, -22.206114699999954 ], [ -43.718460399999962, -22.206403099999921 ], [ -43.718306599999949, -22.206685 ], [ -43.71814, -22.207274599999941 ], [ -43.717749099999942, -22.20765909999994 ], [ -43.717210299999984, -22.208139499999952 ], [ -43.716718499999963, -22.207987599999964 ], [ -43.716236199999962, -22.207908799999927 ], [ -43.715492899999958, -22.207960099999983 ], [ -43.715082799999941, -22.208280499999937 ], [ -43.714326599999936, -22.208613699999937 ], [ -43.713480799999957, -22.20849829999997 ], [ -43.712814299999941, -22.208421399999963 ], [ -43.712446, -22.208628299999937 ], [ -43.71242959999995, -22.20866609999997 ], [ -43.712406499999936, -22.20868089999993 ], [ -43.712375, -22.209044199999937 ], [ -43.712410199999965, -22.209203699999943 ], [ -43.713459599999965, -22.209996 ], [ -43.713584799999971, -22.210072599999933 ], [ -43.713804199999977, -22.210268599999932 ], [ -43.713759499999988, -22.210549799999956 ], [ -43.713714799999941, -22.210831 ], [ -43.71391959999994, -22.21152389999996 ], [ -43.713797499999941, -22.212014599999971 ], [ -43.712203599999953, -22.213765499999969 ], [ -43.711330599999947, -22.214637899999961 ], [ -43.710967099999948, -22.215001099999949 ], [ -43.710292899999963, -22.215652399999957 ], [ -43.710233199999948, -22.215749699999947 ], [ -43.709711399999946, -22.215788199999956 ], [ -43.708503499999949, -22.215815399999936 ], [ -43.707282, -22.215878699999969 ], [ -43.70676629999997, -22.21609129999996 ], [ -43.706512899999943, -22.216100399999977 ], [ -43.706386299999963, -22.216023499999945 ], [ -43.706214399999972, -22.215765599999948 ], [ -43.706178199999947, -22.215562 ], [ -43.706146499999932, -22.215304199999931 ], [ -43.706010799999945, -22.215150399999978 ], [ -43.70578009999997, -22.215059899999982 ], [ -43.705608099999949, -22.214933199999955 ], [ -43.705504099999985, -22.214802 ], [ -43.705454299999985, -22.214431 ], [ -43.705553899999984, -22.214164099999945 ], [ -43.705847899999981, -22.21384739999996 ], [ -43.705879599999953, -22.21372079999998 ], [ -43.705857, -22.213404099999927 ], [ -43.705902199999976, -22.213101 ], [ -43.706241499999983, -22.212535499999944 ], [ -43.706653199999948, -22.212264099999977 ], [ -43.706752699999981, -22.212037899999928 ], [ -43.706770799999951, -22.211495 ], [ -43.706770799999966, -22.211200899999938 ], [ -43.70672559999997, -22.21092039999996 ], [ -43.7066622, -22.21050879999995 ], [ -43.706703, -22.210133299999942 ], [ -43.706960799999933, -22.209798499999984 ], [ -43.707182499999931, -22.209260099999941 ], [ -43.707236799999976, -22.209006799999948 ], [ -43.707218699999942, -22.20883039999995 ], [ -43.707105599999984, -22.208685599999981 ], [ -43.70688389999998, -22.208463899999973 ], [ -43.706793399999981, -22.208328199999972 ], [ -43.706413399999974, -22.207812499999932 ], [ -43.706306699999978, -22.207308499999954 ], [ -43.705996, -22.207324699999951 ], [ -43.705765699999972, -22.207410599999942 ], [ -43.705345099999931, -22.207404399999984 ], [ -43.705013099999981, -22.207492699999932 ], [ -43.703778, -22.207668499999961 ], [ -43.701253699999938, -22.209248499999944 ], [ -43.702855799999952, -22.211038499999969 ], [ -43.702778599999938, -22.211058399999956 ], [ -43.702646699999953, -22.211083 ], [ -43.70256059999997, -22.211104699999954 ], [ -43.702523299999939, -22.211109299999976 ], [ -43.70238889999996, -22.211127499999975 ], [ -43.702311499999958, -22.211172799999932 ], [ -43.702257199999963, -22.211236899999964 ], [ -43.702175299999965, -22.211309499999974 ], [ -43.702031199999965, -22.211453899999981 ], [ -43.701888899999979, -22.211534799999974 ], [ -43.701795699999941, -22.211615499999944 ], [ -43.701634299999974, -22.211768799999952 ], [ -43.701467599999944, -22.211850599999948 ], [ -43.701271199999958, -22.211938499999974 ], [ -43.701205699999946, -22.211958899999953 ], [ -43.699726499999947, -22.213375099999947 ], [ -43.697858799999949, -22.215163099999927 ], [ -43.697736499999962, -22.215370199999942 ], [ -43.697658099999956, -22.215589499999961 ], [ -43.69760279999997, -22.215939799999937 ], [ -43.697606099999973, -22.216498699999924 ], [ -43.698013, -22.217472199999964 ], [ -43.698978, -22.219781 ], [ -43.693941, -22.222184599999931 ], [ -43.693347199999948, -22.22115139999995 ], [ -43.69186689999998, -22.219997799999931 ], [ -43.690099699999969, -22.217183899999949 ], [ -43.689805199999967, -22.215992299999979 ], [ -43.689902199999942, -22.215669299999952 ], [ -43.688663399999946, -22.214700099999948 ], [ -43.687686899999967, -22.213342799999964 ], [ -43.687673699999948, -22.213324499999946 ], [ -43.687713599999945, -22.213320099999965 ], [ -43.688172299999962, -22.213358299999985 ], [ -43.68838779999993, -22.213361799999962 ], [ -43.688589399999948, -22.213316599999921 ], [ -43.688733599999978, -22.213228 ], [ -43.689037699999972, -22.212948199999964 ], [ -43.689159299999972, -22.212854299999957 ], [ -43.68928619999997, -22.212814399999949 ], [ -43.689437399999974, -22.212793499999968 ], [ -43.689986499999975, -22.212661499999971 ], [ -43.69008029999997, -22.212597199999955 ], [ -43.690408699999978, -22.212242699999933 ], [ -43.690871, -22.211394699999968 ], [ -43.690884899999965, -22.211005399999966 ], [ -43.689939599999946, -22.210706499999961 ], [ -43.687562399999933, -22.209844599999947 ], [ -43.687270499999954, -22.210178299999928 ], [ -43.68677, -22.20988629999993 ], [ -43.686283399999986, -22.209802899999946 ], [ -43.685199099999977, -22.209761199999946 ], [ -43.685074, -22.21009489999993 ], [ -43.686644899999976, -22.210233899999942 ], [ -43.686429399999959, -22.210637 ], [ -43.686422499999935, -22.2109498 ], [ -43.686839499999962, -22.211262599999934 ], [ -43.686471099999942, -22.212409499999978 ], [ -43.686070699999959, -22.212362 ], [ -43.685537099999976, -22.212683199999965 ], [ -43.685127, -22.213294899999934 ], [ -43.684682099999968, -22.214733699999957 ], [ -43.684591499999961, -22.215199899999948 ], [ -43.684582, -22.215343099999942 ], [ -43.682551299999943, -22.216252899999976 ], [ -43.681511299999954, -22.216614799999945 ], [ -43.680547399999973, -22.216824699999957 ], [ -43.679411699999946, -22.216967899999915 ], [ -43.678905799999939, -22.217254199999964 ], [ -43.67861, -22.217445099999967 ], [ -43.678414299999986, -22.217893599999979 ], [ -43.678228199999978, -22.218251499999944 ], [ -43.678113699999983, -22.218413799999944 ], [ -43.677908499999951, -22.218642799999945 ], [ -43.677617399999974, -22.218824099999953 ], [ -43.677254799999957, -22.21891 ], [ -43.676925499999989, -22.218924299999959 ], [ -43.67664869999993, -22.218838399999974 ], [ -43.67597109999997, -22.218237199999972 ], [ -43.675762199999951, -22.217988799999951 ], [ -43.675707699999975, -22.218209799999954 ], [ -43.675688099999945, -22.218252099999972 ], [ -43.675900099999978, -22.218452899999939 ], [ -43.676044199999986, -22.218607599999924 ], [ -43.67622769999997, -22.21878269999997 ], [ -43.676337899999965, -22.218923399999934 ], [ -43.67678369999993, -22.219442399999931 ], [ -43.67685119999993, -22.219527099999937 ], [ -43.677144399999975, -22.219813399999971 ], [ -43.677219399999956, -22.219855 ], [ -43.677338599999985, -22.219921099999965 ], [ -43.677480599999974, -22.219964799999953 ], [ -43.677660399999979, -22.219998299999922 ], [ -43.677804199999969, -22.219994099999951 ], [ -43.677989, -22.219965799999947 ], [ -43.678188699999964, -22.219910199999951 ], [ -43.678324099999941, -22.219862199999962 ], [ -43.67940909999993, -22.219386099999944 ], [ -43.680463699999962, -22.218917599999944 ], [ -43.680648799999979, -22.21886329999996 ], [ -43.681101399999939, -22.218829199999956 ], [ -43.681190299999969, -22.218788399999926 ], [ -43.681312899999966, -22.218823 ], [ -43.681472699999979, -22.218830099999934 ], [ -43.681743899999965, -22.218866899999956 ], [ -43.681847599999969, -22.218904299999963 ], [ -43.681988599999954, -22.218958399999973 ], [ -43.682133599999929, -22.21902289999997 ], [ -43.682245399999928, -22.219079099999931 ], [ -43.682376599999948, -22.219160899999952 ], [ -43.682505799999944, -22.219244 ], [ -43.682676499999964, -22.219395799999969 ], [ -43.683119199999965, -22.219804 ], [ -43.684468499999987, -22.221172699999951 ], [ -43.684403699999969, -22.22124029999997 ], [ -43.682772199999931, -22.222341899999947 ], [ -43.683170299999979, -22.223211499999923 ], [ -43.683625499999955, -22.22305249999993 ], [ -43.68459229999997, -22.222916899999966 ], [ -43.684665799999948, -22.22296329999995 ], [ -43.684985099999949, -22.223462299999941 ], [ -43.685065699999946, -22.223495499999959 ], [ -43.685149499999966, -22.223492699999962 ], [ -43.685425799999962, -22.223335699999957 ], [ -43.685498399999972, -22.22327979999994 ], [ -43.685576399999945, -22.223556599999952 ], [ -43.685643299999981, -22.223778799999931 ], [ -43.685758899999939, -22.224056299999976 ], [ -43.68600019999996, -22.224623799999964 ], [ -43.686360599999944, -22.225421799999928 ], [ -43.686538199999973, -22.225830899999934 ], [ -43.68658819999996, -22.226073099999955 ], [ -43.68659619999994, -22.226361199999932 ], [ -43.68659439999994, -22.226395799999967 ], [ -43.686578799999957, -22.226537599999972 ], [ -43.686552199999944, -22.226680599999963 ], [ -43.686546499999963, -22.226717299999969 ], [ -43.686534799999947, -22.226774199999969 ], [ -43.686529899999989, -22.226802599999925 ], [ -43.68649089999996, -22.226893799999974 ], [ -43.686446799999942, -22.226998799999929 ], [ -43.686350499999953, -22.227141099999987 ], [ -43.686215699999934, -22.227299199999948 ], [ -43.685800599999943, -22.227748199999947 ], [ -43.685602199999948, -22.227969799999983 ], [ -43.685568599999947, -22.227956199999927 ], [ -43.685541, -22.227948799999982 ], [ -43.685519399999976, -22.227942799999948 ], [ -43.685198299999968, -22.227853299999932 ], [ -43.684752299999964, -22.227802 ], [ -43.684351599999957, -22.22783139999996 ], [ -43.683886199999961, -22.227936799999942 ], [ -43.683257399999945, -22.228101199999969 ], [ -43.682762799999978, -22.22822889999998 ], [ -43.682221299999988, -22.228425599999973 ], [ -43.681902799999932, -22.228577199999968 ], [ -43.681188399999947, -22.229177299999954 ], [ -43.680851199999957, -22.229350499999939 ], [ -43.680671699999948, -22.229635199999958 ], [ -43.680552199999973, -22.230184199999943 ], [ -43.680571799999939, -22.230343099999978 ], [ -43.68067469999994, -22.230471299999973 ], [ -43.68087619999995, -22.23065279999998 ], [ -43.680884399999961, -22.231036199999938 ], [ -43.679850299999949, -22.231534899999932 ], [ -43.679410499999953, -22.231920399999964 ], [ -43.680342399999972, -22.232385099999924 ], [ -43.680657199999985, -22.232618699999925 ], [ -43.678056399999946, -22.233846699999955 ], [ -43.676561499999934, -22.234552599999972 ], [ -43.676878399999971, -22.235179099999979 ], [ -43.677325099999962, -22.236043699999982 ], [ -43.679880099999934, -22.240988599999966 ], [ -43.681195099999968, -22.243131499999937 ], [ -43.683671099999962, -22.247166199999981 ], [ -43.684023899999943, -22.24900719999993 ], [ -43.686952, -22.253814199999965 ], [ -43.688676, -22.266260199999977 ], [ -43.700107699999933, -22.26473419999996 ], [ -43.700250399999966, -22.264729399999972 ], [ -43.700393199999951, -22.264724499999939 ], [ -43.700701299999935, -22.264678699999934 ], [ -43.701426699999963, -22.263990199999956 ], [ -43.704763299999968, -22.262285199999951 ], [ -43.705665199999942, -22.261727199999939 ], [ -43.707014899999933, -22.259982099999942 ], [ -43.708409199999956, -22.259943599999918 ], [ -43.708796699999937, -22.259749 ], [ -43.709433699999984, -22.260549499999954 ], [ -43.709493799999969, -22.260563699999981 ], [ -43.710020699999973, -22.260687699999941 ], [ -43.710564099999942, -22.261097399999972 ], [ -43.712323199999965, -22.261873599999952 ], [ -43.717395599999975, -22.262097599999944 ], [ -43.717468899999979, -22.261982399999951 ], [ -43.718181199999947, -22.260804799999967 ], [ -43.7182, -22.260761 ], [ -43.718442699999976, -22.26038189999997 ], [ -43.718689699999977, -22.259990599999973 ], [ -43.718902799999967, -22.259643499999981 ], [ -43.719107099999981, -22.259273199999935 ], [ -43.719361899999967, -22.258895 ], [ -43.719707199999959, -22.258704199999954 ], [ -43.720252, -22.258379199999968 ], [ -43.720764499999973, -22.258079 ], [ -43.721808099999976, -22.257479599999947 ], [ -43.72211539999995, -22.257287299999977 ], [ -43.722837799999979, -22.256904199999934 ], [ -43.723046699999948, -22.256744399999942 ], [ -43.723285199999971, -22.256509699999981 ], [ -43.723528499999922, -22.256223599999934 ], [ -43.723662499999932, -22.255997399999959 ], [ -43.723988799999972, -22.255742599999962 ], [ -43.724396899999938, -22.255499199999971 ], [ -43.724615699999958, -22.255369899999941 ], [ -43.724933299999989, -22.255287499999937 ], [ -43.725166599999973, -22.255272599999945 ], [ -43.725686, -22.25528439999994 ], [ -43.725714499999988, -22.255245099999968 ], [ -43.725853299999983, -22.255282499999968 ], [ -43.726988599999977, -22.255652899999973 ], [ -43.727048499999974, -22.255676099999956 ], [ -43.727116899999935, -22.255692299999957 ], [ -43.727182299999981, -22.255722099999957 ], [ -43.727341599999924, -22.255801799999972 ], [ -43.727514299999939, -22.25592549999994 ], [ -43.727630899999951, -22.255962599999972 ], [ -43.727655399999946, -22.256082299999957 ], [ -43.72778, -22.256254899999924 ], [ -43.727825899999971, -22.256343299999969 ], [ -43.727992, -22.256663599999964 ], [ -43.728167699999972, -22.257025699999936 ], [ -43.728309599999932, -22.257256299999938 ], [ -43.728709099999946, -22.257745799999942 ], [ -43.729047799999933, -22.258176799999944 ], [ -43.729177799999945, -22.258390799999969 ], [ -43.729253, -22.258537499999925 ], [ -43.729289299999955, -22.25872129999993 ], [ -43.729301899999939, -22.258875 ], [ -43.729304, -22.259069199999953 ], [ -43.729260599999975, -22.25972359999998 ], [ -43.729268099999956, -22.259865099999967 ], [ -43.729311399999972, -22.260043699999972 ], [ -43.729355399999974, -22.260206699999959 ], [ -43.729427699999974, -22.260417199999949 ], [ -43.729575399999938, -22.26064869999993 ], [ -43.72987679999995, -22.261015099999955 ], [ -43.730113599999981, -22.261389599999976 ], [ -43.730284299999937, -22.261772299999954 ], [ -43.730365599999971, -22.262269 ], [ -43.730434099999968, -22.262436299999937 ], [ -43.730466399999962, -22.262552599999921 ], [ -43.730535699999969, -22.262820099999935 ], [ -43.730603199999969, -22.263139099999933 ], [ -43.730653599999989, -22.263442499999936 ], [ -43.730641799999937, -22.263608399999963 ], [ -43.730631, -22.263755499999935 ], [ -43.7304865, -22.264404199999937 ], [ -43.730249299999969, -22.265444599999974 ], [ -43.730190099999966, -22.26573819999993 ], [ -43.730159199999946, -22.265894699999929 ], [ -43.730169499999931, -22.266154299999975 ], [ -43.730214799999942, -22.266296399999934 ], [ -43.730328099999952, -22.266484699999982 ], [ -43.730466299999932, -22.266628 ], [ -43.730505399999977, -22.266654299999963 ], [ -43.730437199999983, -22.266676 ], [ -43.730236599999955, -22.266784899999951 ], [ -43.729853399999968, -22.26816029999997 ], [ -43.728929099999959, -22.269442299999977 ], [ -43.728891, -22.270236299999961 ], [ -43.728527899999968, -22.271199399999933 ], [ -43.728739, -22.271368399999975 ], [ -43.728611899999983, -22.271533799999926 ], [ -43.728491399999932, -22.271631499999948 ], [ -43.728502299999953, -22.271641699999968 ], [ -43.728512199999962, -22.271649599999932 ], [ -43.728521199999932, -22.271718599999925 ], [ -43.728542899999979, -22.271870399999958 ], [ -43.728683, -22.272377699999932 ], [ -43.72917689999997, -22.273565699999953 ], [ -43.729203599999941, -22.273932799999944 ], [ -43.729377199999938, -22.274133 ], [ -43.729634099999942, -22.274173 ], [ -43.729984499999951, -22.274346599999941 ], [ -43.73046839999995, -22.27444 ], [ -43.730599499999983, -22.274438499999967 ], [ -43.73054319999995, -22.275492299999925 ], [ -43.729823599999975, -22.276970799999962 ], [ -43.730384099999981, -22.277379799999945 ], [ -43.730824199999972, -22.277423699999929 ], [ -43.731408599999952, -22.277459399999938 ], [ -43.732146199999931, -22.277417099999973 ], [ -43.732771799999973, -22.276479799999947 ], [ -43.732908, -22.275434299999965 ], [ -43.732710099999963, -22.27464579999997 ], [ -43.73258509999993, -22.273742 ], [ -43.732971899999946, -22.272948899999967 ], [ -43.733787, -22.273117699999947 ], [ -43.734071799999988, -22.273233099999963 ], [ -43.734422299999949, -22.273375 ], [ -43.734928199999956, -22.273797699999932 ], [ -43.735198099999934, -22.274128299999969 ], [ -43.735729699999979, -22.274710599999935 ], [ -43.735834499999946, -22.274825399999937 ], [ -43.736509599999977, -22.275815199999943 ], [ -43.736752899999942, -22.276467399999945 ], [ -43.736766699999976, -22.276977399999968 ], [ -43.736736599999972, -22.277041299999944 ], [ -43.736721399999965, -22.277073499999972 ], [ -43.736166299999979, -22.277707899999946 ], [ -43.734322599999985, -22.279062599999964 ], [ -43.733752399999958, -22.279481499999967 ], [ -43.733389499999937, -22.28089759999995 ], [ -43.736913499999957, -22.282860299999971 ], [ -43.737345399999988, -22.28204129999995 ], [ -43.738043, -22.280718199999978 ], [ -43.738163699999973, -22.280344899999932 ], [ -43.738360399999976, -22.280381499999987 ], [ -43.738681099999951, -22.280851199999972 ], [ -43.739729399999923, -22.281620799999924 ], [ -43.740350899999953, -22.282014699999934 ], [ -43.741529799999974, -22.28222 ], [ -43.741629899999971, -22.2823 ], [ -43.741859599999941, -22.282483499999959 ], [ -43.742004699999939, -22.282599399999985 ], [ -43.742286299999925, -22.283198299999984 ], [ -43.74207169999994, -22.283964699999956 ], [ -43.741658199999961, -22.28425609999994 ], [ -43.741115399999956, -22.284595399999951 ], [ -43.740513399999934, -22.285050299999966 ], [ -43.740240399999948, -22.28555409999996 ], [ -43.74021879999998, -22.285594 ], [ -43.740255599999948, -22.286231099999949 ], [ -43.740267499999959, -22.286237299999982 ], [ -43.739999499999954, -22.286462799999981 ], [ -43.739222299999945, -22.287183899999942 ], [ -43.73866049999998, -22.288045299999954 ], [ -43.737761499999984, -22.288700799999948 ], [ -43.737319, -22.289477499999972 ], [ -43.739832699999972, -22.290927599999982 ], [ -43.740737599999939, -22.291302099999932 ], [ -43.740979299999935, -22.293631499999954 ], [ -43.741615, -22.295246499999973 ], [ -43.741368399999942, -22.295579899999954 ], [ -43.741191399999941, -22.295768299999956 ], [ -43.741071499999975, -22.296042299999947 ], [ -43.741054399999946, -22.296127899999927 ], [ -43.740923099999982, -22.296476199999976 ], [ -43.740803199999966, -22.29712129999994 ], [ -43.740392099999944, -22.297954899999986 ], [ -43.740140899999979, -22.298394499999965 ], [ -43.739906799999972, -22.2986 ], [ -43.739615699999952, -22.298845499999956 ], [ -43.739261699999979, -22.299022499999982 ], [ -43.739004799999982, -22.299325099999976 ], [ -43.738794899999967, -22.299606899999954 ], [ -43.738600899999945, -22.301366299999923 ], [ -43.73737239999997, -22.300693499999959 ], [ -43.736804, -22.300173899999955 ], [ -43.736414299999979, -22.299573 ], [ -43.73594339999994, -22.299297 ], [ -43.735293799999972, -22.299264499999943 ], [ -43.734611799999982, -22.299605499999931 ], [ -43.734059699999932, -22.300108899999941 ], [ -43.733556299999975, -22.300060199999962 ], [ -43.733783699999947, -22.298874799999968 ], [ -43.735066499999959, -22.29678 ], [ -43.735537399999941, -22.295399799999917 ], [ -43.734546899999948, -22.294636499999964 ], [ -43.733637499999936, -22.294100699999952 ], [ -43.732565799999975, -22.29382459999993 ], [ -43.731770099999949, -22.293954499999916 ], [ -43.731153, -22.294652799999934 ], [ -43.730763299999985, -22.295269799999971 ], [ -43.732541399999945, -22.295683899999968 ], [ -43.733028599999955, -22.295951899999984 ], [ -43.732785, -22.296463399999933 ], [ -43.732322199999942, -22.296999199999959 ], [ -43.731274799999937, -22.297681299999965 ], [ -43.730422299999937, -22.29804659999995 ], [ -43.72995949999995, -22.298801699999952 ], [ -43.729691599999967, -22.299751699999938 ], [ -43.728230099999962, -22.300385 ], [ -43.726622499999969, -22.300531099999933 ], [ -43.724016199999944, -22.300117 ], [ -43.723115, -22.299922199999958 ], [ -43.72197019999993, -22.299849099999964 ], [ -43.721352, -22.299752099999978 ], [ -43.72084609999996, -22.300822499999988 ], [ -43.720765399999948, -22.302801 ], [ -43.726629099999968, -22.305220299999974 ], [ -43.726691899999942, -22.305278599999955 ], [ -43.728107499999972, -22.306593199999956 ], [ -43.729870499999954, -22.306651799999944 ], [ -43.730818199999923, -22.306018099999974 ], [ -43.732158799999979, -22.304279199999939 ], [ -43.738200499999955, -22.305878599999975 ], [ -43.738806199999942, -22.305723399999973 ], [ -43.739272799999981, -22.305313 ], [ -43.743594399999942, -22.303033299999985 ], [ -43.746001, -22.304687499999932 ], [ -43.748352599999983, -22.301658799999935 ], [ -43.748570899999947, -22.302296799999972 ], [ -43.748605599999969, -22.302636799999963 ], [ -43.748609499999922, -22.302674699999951 ], [ -43.748750799999982, -22.304060099999962 ], [ -43.749074699999937, -22.305823299999929 ], [ -43.749722399999946, -22.308126299999973 ], [ -43.750010299999985, -22.308989899999961 ], [ -43.751485599999967, -22.310861 ], [ -43.751653, -22.311129099999953 ], [ -43.752565099999977, -22.312588299999959 ], [ -43.753788599999957, -22.315646899999937 ], [ -43.755371899999936, -22.317446099999927 ], [ -43.756056299999962, -22.319268 ], [ -43.756767599999925, -22.320373199999938 ], [ -43.757091199999934, -22.323480499999953 ], [ -43.760065, -22.32464229999993 ], [ -43.763540299999931, -22.32906 ], [ -43.764517399999939, -22.32937 ], [ -43.766140299999961, -22.331732099999947 ], [ -43.767766599999959, -22.3328433 ], [ -43.770992199999966, -22.332287199999936 ], [ -43.773089299999981, -22.332528199999953 ], [ -43.77505009999993, -22.33498469999995 ], [ -43.777399799999955, -22.337458399999949 ], [ -43.778287199999966, -22.337992399999962 ], [ -43.779445199999948, -22.337840099999934 ], [ -43.780353599999962, -22.338036499999916 ], [ -43.780813799999976, -22.340023199999962 ], [ -43.782014, -22.341937899999945 ], [ -43.781380699999943, -22.347738299999946 ], [ -43.788588399999981, -22.351495299999968 ], [ -43.790778, -22.354458199999957 ], [ -43.794533899999976, -22.354367599999932 ], [ -43.796314199999983, -22.353426899999921 ], [ -43.796437899999951, -22.351912699999954 ], [ -43.796531099999982, -22.351203899999973 ], [ -43.796681199999973, -22.350539099999924 ], [ -43.796818899999955, -22.350447699999972 ], [ -43.796864199999959, -22.350408599999973 ], [ -43.796994899999952, -22.350604599999933 ], [ -43.797244599999949, -22.350984 ], [ -43.79767389999995, -22.351725299999931 ], [ -43.797903099999985, -22.352048499999974 ], [ -43.798171299999979, -22.352331899999957 ], [ -43.798621, -22.352758699999981 ], [ -43.798913199999959, -22.353029799999945 ], [ -43.79912969999998, -22.353220599999915 ], [ -43.799281599999972, -22.353338599999976 ], [ -43.799420899999973, -22.353400199999946 ], [ -43.799649799999941, -22.35348979999997 ], [ -43.800339, -22.353816 ] ] ], [ [ [ -43.723153199999956, -22.231198199999934 ], [ -43.723222899999939, -22.231150199999934 ], [ -43.723292599999986, -22.231102099999916 ], [ -43.723387699999932, -22.231070899999967 ], [ -43.723482899999972, -22.231039599999974 ], [ -43.723544199999942, -22.23098 ], [ -43.723605599999985, -22.230920499999957 ], [ -43.723816299999953, -22.230897599999931 ], [ -43.724024399999962, -22.230895099999948 ], [ -43.724200599999968, -22.231041 ], [ -43.72429969999996, -22.231178099999969 ], [ -43.72439879999996, -22.23131509999995 ], [ -43.724448, -22.231362799999953 ], [ -43.724605499999932, -22.231515499999936 ], [ -43.725139099999978, -22.231406599999961 ], [ -43.725528, -22.231510199999942 ], [ -43.72597449999995, -22.23160949999993 ], [ -43.726025299999939, -22.231620799999977 ], [ -43.726349699999957, -22.231586899999954 ], [ -43.726467499999963, -22.231574599999931 ], [ -43.726653799999958, -22.231528099999927 ], [ -43.726738399999931, -22.231330299999971 ], [ -43.726735299999973, -22.231179399999974 ], [ -43.726470599999971, -22.231064099999962 ], [ -43.726450099999965, -22.230973799999958 ], [ -43.7264297, -22.230883499999948 ], [ -43.726468699999941, -22.230788399999934 ], [ -43.726507799999979, -22.23069339999995 ], [ -43.726528099999946, -22.230468799999979 ], [ -43.726548399999963, -22.230244199999952 ], [ -43.726580699999943, -22.230160499999958 ], [ -43.726613, -22.230076799999949 ], [ -43.726678199999988, -22.230066899999944 ], [ -43.726743499999941, -22.230057099999939 ], [ -43.7268481, -22.229947499999977 ], [ -43.726952699999977, -22.229837799999935 ], [ -43.727080599999972, -22.229727 ], [ -43.727296, -22.229540399999959 ], [ -43.727401799999939, -22.229352699999936 ], [ -43.727449899999961, -22.229366499999966 ], [ -43.727498, -22.229380199999987 ], [ -43.727537199999979, -22.229447699999973 ], [ -43.727593199999944, -22.229498899999957 ], [ -43.727649299999946, -22.2295501 ], [ -43.727727399999935, -22.229662 ], [ -43.72779689999993, -22.229831499999925 ], [ -43.727847199999985, -22.230029099999978 ], [ -43.727887299999971, -22.230140699999929 ], [ -43.727927399999942, -22.23025229999995 ], [ -43.728016299999979, -22.23033409999994 ], [ -43.728105299999982, -22.230416 ], [ -43.72825289999998, -22.230676499999952 ], [ -43.728435099999949, -22.230861 ], [ -43.728756899999958, -22.231027699999956 ], [ -43.728899399999932, -22.231139899999963 ], [ -43.728993899999978, -22.231232499999987 ], [ -43.729088499999932, -22.231416199999959 ], [ -43.729044, -22.231453899999948 ], [ -43.728967399999938, -22.23148169999995 ], [ -43.728943, -22.231511899999923 ], [ -43.728918599999986, -22.231542 ], [ -43.728895099999932, -22.231619499999972 ], [ -43.728929599999965, -22.231653299999937 ], [ -43.728964, -22.23168709999992 ], [ -43.729110099999964, -22.231739399999981 ], [ -43.729414299999974, -22.231864799999979 ], [ -43.729553899999985, -22.231851099999979 ], [ -43.729629199999984, -22.231501099999942 ], [ -43.729661499999963, -22.231275099999937 ], [ -43.729634699999963, -22.231111199999919 ], [ -43.729577099999972, -22.230897 ], [ -43.729539199999984, -22.230751299999948 ], [ -43.729675499999985, -22.230716499999968 ], [ -43.729729299999974, -22.230632799999967 ], [ -43.729606199999978, -22.230500399999986 ], [ -43.729656, -22.230437299999938 ], [ -43.72981859999993, -22.2304296 ], [ -43.729888099999982, -22.230540699999956 ], [ -43.729941499999939, -22.230687 ], [ -43.730055299999947, -22.230743399999927 ], [ -43.730140699999943, -22.230700899999935 ], [ -43.730239599999955, -22.230722299999961 ], [ -43.730240599999945, -22.230846499999927 ], [ -43.73024159999995, -22.230976599999963 ], [ -43.730175699999961, -22.231048799999922 ], [ -43.730421, -22.231152099999974 ], [ -43.730646799999931, -22.231270799999955 ], [ -43.730794699999933, -22.231167399999944 ], [ -43.730883299999959, -22.230813799999964 ], [ -43.73125959999993, -22.230663399999962 ], [ -43.732022199999953, -22.230381299999969 ], [ -43.732100299999964, -22.230352399999951 ], [ -43.733445, -22.229556299999963 ], [ -43.73342729999996, -22.229348599999977 ], [ -43.733416899999952, -22.229227799999929 ], [ -43.732965199999967, -22.228780899999936 ], [ -43.732927, -22.228002 ], [ -43.733845899999956, -22.227866399999989 ], [ -43.734302899999932, -22.225982 ], [ -43.735076399999976, -22.225838799999963 ], [ -43.737268899999954, -22.22548769999997 ], [ -43.738998499999987, -22.224683499999969 ], [ -43.737941, -22.22283629999998 ], [ -43.736184199999975, -22.223403199999943 ], [ -43.736414699999955, -22.223882 ], [ -43.734145299999973, -22.224397599999978 ], [ -43.734042399999964, -22.224419299999973 ], [ -43.732955799999957, -22.224649099999954 ], [ -43.733614599999953, -22.225593199999942 ], [ -43.733261599999942, -22.225871599999945 ], [ -43.732880499999972, -22.225736 ], [ -43.732612499999959, -22.225943199999946 ], [ -43.732461099999973, -22.226320099999953 ], [ -43.73226509999995, -22.226808099999982 ], [ -43.732175599999948, -22.227446299999936 ], [ -43.732188299999969, -22.227743299999926 ], [ -43.732212699999934, -22.228315299999963 ], [ -43.732071899999937, -22.228378799999973 ], [ -43.732016499999929, -22.22840389999994 ], [ -43.731771, -22.228448399999944 ], [ -43.731467199999948, -22.228421199999961 ], [ -43.73130359999994, -22.228344399999969 ], [ -43.730916199999967, -22.228162499999929 ], [ -43.73059539999997, -22.228011899999963 ], [ -43.730540299999973, -22.227999699999938 ], [ -43.73048509999996, -22.227987399999957 ], [ -43.730222099999935, -22.228062 ], [ -43.729828499999947, -22.228225299999949 ], [ -43.729561399999973, -22.228349399999949 ], [ -43.729429399999951, -22.228708599999948 ], [ -43.729046599999947, -22.229004399999948 ], [ -43.729089099999953, -22.229310599999952 ], [ -43.729138799999937, -22.22956419999997 ], [ -43.729152399999975, -22.229633699999955 ], [ -43.729194699999944, -22.229770099999943 ], [ -43.729157199999989, -22.229791 ], [ -43.729050199999968, -22.229850399999975 ], [ -43.728838699999983, -22.229805799999948 ], [ -43.728717899999928, -22.229567499999984 ], [ -43.728647899999942, -22.229429499999981 ], [ -43.728474799999958, -22.229259599999981 ], [ -43.728301799999947, -22.229089699999971 ], [ -43.728113699999945, -22.229023099999957 ], [ -43.72781949999996, -22.228919099999924 ], [ -43.727760599999954, -22.228898299999969 ], [ -43.727523799999972, -22.22886409999996 ], [ -43.727461799999958, -22.228855099999969 ], [ -43.727358799999934, -22.228869599999925 ], [ -43.727255799999966, -22.228884099999956 ], [ -43.727157599999948, -22.228950499999943 ], [ -43.727059399999966, -22.229016799999957 ], [ -43.726851699999948, -22.229237699999938 ], [ -43.726849099999981, -22.229237399999931 ], [ -43.726505, -22.229195399999984 ], [ -43.726408399999968, -22.229230099999935 ], [ -43.726110399999982, -22.229337299999937 ], [ -43.726010699999954, -22.229479599999937 ], [ -43.725910899999974, -22.229621799999965 ], [ -43.725860799999964, -22.229759599999955 ], [ -43.725810599999939, -22.229897499999929 ], [ -43.72577019999995, -22.230041 ], [ -43.725681099999967, -22.230106199999966 ], [ -43.725419599999952, -22.230075699999933 ], [ -43.725270099999932, -22.230058299999939 ], [ -43.725177099999939, -22.230038599999947 ], [ -43.724858399999967, -22.229971 ], [ -43.724811099999954, -22.229961 ], [ -43.724451599999945, -22.229890299999958 ], [ -43.724234, -22.229911699999949 ], [ -43.723711799999933, -22.230119099999975 ], [ -43.722173899999973, -22.230729899999965 ], [ -43.721774499999981, -22.230799099999945 ], [ -43.722424599999954, -22.230318199999942 ], [ -43.723026299999958, -22.229982299999953 ], [ -43.723152199999959, -22.229674499999931 ], [ -43.723152199999966, -22.229310699999921 ], [ -43.722788399999963, -22.228946799999957 ], [ -43.722340599999946, -22.228205199999927 ], [ -43.7224806, -22.227715399999965 ], [ -43.722844399999985, -22.227001799999979 ], [ -43.72322219999996, -22.225714399999958 ], [ -43.723432099999968, -22.224413099999936 ], [ -43.723488099999948, -22.22369939999993 ], [ -43.723474099999976, -22.222608 ], [ -43.72422969999996, -22.221782399999935 ], [ -43.724957299999971, -22.221012799999986 ], [ -43.725083299999945, -22.220523 ], [ -43.724873399999979, -22.220243099999951 ], [ -43.724764099999959, -22.219914299999971 ], [ -43.724662599999938, -22.219795399999949 ], [ -43.724585599999955, -22.219749899999954 ], [ -43.724449199999988, -22.219735899999939 ], [ -43.724232299999983, -22.219665899999928 ], [ -43.724057399999936, -22.220029799999967 ], [ -43.7236, -22.220655899999944 ], [ -43.722732399999984, -22.221341599999949 ], [ -43.722382599999953, -22.221845399999946 ], [ -43.722256699999953, -22.223034799999944 ], [ -43.722172699999938, -22.224392099999935 ], [ -43.72231259999996, -22.225315599999924 ], [ -43.721976799999936, -22.226127199999947 ], [ -43.721277199999982, -22.226631 ], [ -43.720738399999959, -22.227232699999934 ], [ -43.720017799999937, -22.227519499999975 ], [ -43.719702899999959, -22.227260699999917 ], [ -43.719388099999946, -22.226952799999928 ], [ -43.719164199999966, -22.226945799999957 ], [ -43.718940299999986, -22.227184699999949 ], [ -43.719542, -22.22761049999998 ], [ -43.720017799999937, -22.228128199999965 ], [ -43.720885299999971, -22.229513599999954 ], [ -43.72105329999993, -22.230017299999933 ], [ -43.720689399999969, -22.230297199999935 ], [ -43.720199699999959, -22.230395099999949 ], [ -43.719681899999955, -22.230437099999964 ], [ -43.719304099999931, -22.230409099999974 ], [ -43.719108199999937, -22.230227199999952 ], [ -43.719080199999951, -22.229863399999942 ], [ -43.719178199999931, -22.229275699999949 ], [ -43.718870299999935, -22.229065799999944 ], [ -43.717988799999944, -22.228771899999963 ], [ -43.717485, -22.228827899999931 ], [ -43.716855299999963, -22.228953799999939 ], [ -43.716617499999984, -22.229107799999952 ], [ -43.716603499999962, -22.22942959999995 ], [ -43.716781899999944, -22.229646499999955 ], [ -43.717548, -22.229758399999987 ], [ -43.717708899999934, -22.229852899999962 ], [ -43.717803399999973, -22.229971799999934 ], [ -43.717880299999933, -22.230167699999985 ], [ -43.717936299999963, -22.230384599999972 ], [ -43.718100699999979, -22.230748399999985 ], [ -43.718184699999931, -22.230902399999938 ], [ -43.71843309999997, -22.231045799999954 ], [ -43.71859, -22.231048299999937 ], [ -43.718614599999974, -22.231015299999957 ], [ -43.718677899999939, -22.231010299999973 ], [ -43.718749, -22.231018199999934 ], [ -43.718871499999985, -22.231033899999947 ], [ -43.719063499999947, -22.231066299999949 ], [ -43.719218, -22.231092799999949 ], [ -43.719357299999963, -22.231078899999932 ], [ -43.719495399999978, -22.231055 ], [ -43.719621299999972, -22.231046099999968 ], [ -43.719712299999969, -22.231056 ], [ -43.719798399999945, -22.23108579999997 ], [ -43.719882, -22.23112829999997 ], [ -43.719997699999965, -22.231180399999971 ], [ -43.720068399999938, -22.231205299999939 ], [ -43.720131499999979, -22.231213 ], [ -43.720183399999939, -22.23121029999994 ], [ -43.720242399999968, -22.231196699999938 ], [ -43.720281599999971, -22.231184799999934 ], [ -43.72031369999997, -22.231173 ], [ -43.720398199999984, -22.231135499999926 ], [ -43.720472699999959, -22.23108619999994 ], [ -43.720601399999964, -22.230984399999944 ], [ -43.720646799999948, -22.230951199999932 ], [ -43.720702599999981, -22.23092389999994 ], [ -43.720746, -22.230913399999967 ], [ -43.72078369999997, -22.230909599999961 ], [ -43.720913, -22.23090579999997 ], [ -43.721090299999958, -22.230914599999952 ], [ -43.72120659999996, -22.230923099999931 ], [ -43.721292299999966, -22.230891799999931 ], [ -43.721421699999951, -22.230831399999939 ], [ -43.72152049999994, -22.230811499999945 ], [ -43.721631, -22.230802899999961 ], [ -43.721720699999935, -22.230820899999962 ], [ -43.721754799999985, -22.230858899999927 ], [ -43.72187219999995, -22.231032899999935 ], [ -43.721891699999958, -22.231061699999941 ], [ -43.721905099999958, -22.231056699999964 ], [ -43.722017299999955, -22.231142399999953 ], [ -43.722159699999963, -22.231167099999936 ], [ -43.722403799999938, -22.231249499999926 ], [ -43.722566399999948, -22.231276899999958 ], [ -43.722740299999941, -22.23126329999997 ], [ -43.722873799999945, -22.23125339999995 ], [ -43.7230072, -22.231243599999971 ], [ -43.723153199999956, -22.231198199999934 ] ] ], [ [ [ -43.640633199999975, -22.210217399999976 ], [ -43.641802099999957, -22.210192499999948 ], [ -43.642772099999952, -22.210441199999934 ], [ -43.644090199999937, -22.210739599999954 ], [ -43.644438399999963, -22.211734499999974 ], [ -43.644164899999964, -22.213102399999968 ], [ -43.643941, -22.214569699999966 ], [ -43.644090199999944, -22.215813299999983 ], [ -43.644575199999963, -22.216149 ], [ -43.64486119999998, -22.216198699999946 ], [ -43.645445699999982, -22.215788399999958 ], [ -43.645097499999963, -22.214917899999922 ], [ -43.645321299999985, -22.212978 ], [ -43.645682, -22.212294099999944 ], [ -43.645831199999982, -22.211846399999953 ], [ -43.645781499999941, -22.210665 ], [ -43.645632199999966, -22.210329299999948 ], [ -43.645943099999954, -22.210180099999949 ], [ -43.64642809999998, -22.210093 ], [ -43.647049899999963, -22.210192499999941 ], [ -43.647718299999951, -22.210503399999933 ], [ -43.648007399999983, -22.210450499999972 ], [ -43.648132799999985, -22.210297199999946 ], [ -43.648202199999965, -22.210166599999976 ], [ -43.648246799999988, -22.210141699999955 ], [ -43.648588, -22.210113399999958 ], [ -43.648921899999955, -22.210131799999928 ], [ -43.649730699999964, -22.21013 ], [ -43.6501507, -22.210118 ], [ -43.650520099999937, -22.210123499999955 ], [ -43.650790899999947, -22.21015019999993 ], [ -43.650930899999935, -22.210172299999947 ], [ -43.651164899999976, -22.21025249999996 ], [ -43.651250599999976, -22.210290199999971 ], [ -43.652103499999953, -22.210850299999944 ], [ -43.652406599999942, -22.211072299999962 ], [ -43.652714299999957, -22.211258399999959 ], [ -43.652866199999949, -22.211334799999975 ], [ -43.652975899999952, -22.211369399999967 ], [ -43.653159599999981, -22.211390099999964 ], [ -43.653234199999986, -22.211390099999953 ], [ -43.653525799999962, -22.211368 ], [ -43.653755099999955, -22.211341699999931 ], [ -43.65404529999995, -22.211294699999939 ], [ -43.654270499999939, -22.211234 ], [ -43.654545499999983, -22.211188399999973 ], [ -43.655013899999979, -22.211146899999957 ], [ -43.655474, -22.211144099999942 ], [ -43.655780699999987, -22.211173199999962 ], [ -43.655982399999978, -22.211224299999973 ], [ -43.656492299999968, -22.211325099999947 ], [ -43.656671899999935, -22.211387299999963 ], [ -43.656862599999954, -22.21146879999997 ], [ -43.65713889999995, -22.211598699999961 ], [ -43.657337899999952, -22.211712 ], [ -43.658716499999969, -22.212608399999962 ], [ -43.658925299999964, -22.212753399999936 ], [ -43.659087399999976, -22.212883499999972 ], [ -43.659539, -22.213286399999959 ], [ -43.659702699999968, -22.213466499999971 ], [ -43.6597814, -22.213525499999957 ], [ -43.66001719999997, -22.213641699999972 ], [ -43.660387299999975, -22.213943099999934 ], [ -43.660747499999964, -22.214270599999963 ], [ -43.66089489999996, -22.214372099999935 ], [ -43.661343599999952, -22.21462589999992 ], [ -43.662093599999935, -22.214915199999947 ], [ -43.662273399999947, -22.214964699999932 ], [ -43.662409499999967, -22.214971299999952 ], [ -43.662619099999972, -22.21496249999996 ], [ -43.662875299999939, -22.21492609999996 ], [ -43.663088499999965, -22.214878799999951 ], [ -43.66314749999998, -22.214843199999962 ], [ -43.663157699999942, -22.214782799999966 ], [ -43.663143099999964, -22.214701299999945 ], [ -43.663139799999961, -22.214692 ], [ -43.663053199999979, -22.214688799999983 ], [ -43.662740099999958, -22.214659199999971 ], [ -43.662578, -22.214582899999982 ], [ -43.662386399999953, -22.214510499999953 ], [ -43.662166, -22.214462099999924 ], [ -43.661949799999945, -22.214452599999952 ], [ -43.66169629999996, -22.214428599999959 ], [ -43.661550199999972, -22.21439579999997 ], [ -43.661396499999974, -22.214291099999969 ], [ -43.661176499999954, -22.214094299999932 ], [ -43.660817, -22.213840899999969 ], [ -43.660255299999967, -22.213440899999959 ], [ -43.659915, -22.213137 ], [ -43.659688, -22.212867 ], [ -43.659106699999946, -22.21204009999996 ], [ -43.658958, -22.211863199999978 ], [ -43.658769, -22.211698399999939 ], [ -43.658460199999986, -22.211496499999956 ], [ -43.658082899999954, -22.211228099999971 ], [ -43.65786669999995, -22.211034799999933 ], [ -43.657587, -22.210765099999946 ], [ -43.657373299999961, -22.21056 ], [ -43.657183599999946, -22.210424799999942 ], [ -43.656901199999936, -22.210267499999926 ], [ -43.656495299999968, -22.210098799999965 ], [ -43.655827299999942, -22.209888 ], [ -43.655625499999985, -22.209850599999982 ], [ -43.655409099999986, -22.209843 ], [ -43.655183699999952, -22.209878299999943 ], [ -43.654723099999963, -22.209973799999943 ], [ -43.654319099999952, -22.210088599999938 ], [ -43.654031499999974, -22.210189499999945 ], [ -43.653817699999934, -22.210273199999953 ], [ -43.653564299999971, -22.210362599999936 ], [ -43.653320099999966, -22.210403199999977 ], [ -43.653105199999978, -22.210400099999951 ], [ -43.652885899999944, -22.210353799999957 ], [ -43.652636199999961, -22.210244 ], [ -43.652365699999962, -22.210121399999931 ], [ -43.65204909999995, -22.209993799999943 ], [ -43.651788199999942, -22.209931299999941 ], [ -43.651507699999975, -22.209875199999946 ], [ -43.651152599999932, -22.209846299999981 ], [ -43.650588099999943, -22.209830299999965 ], [ -43.649928399999972, -22.209850499999945 ], [ -43.649046099999964, -22.209822499999973 ], [ -43.648560099999948, -22.209777699999954 ], [ -43.64849, -22.209733699999962 ], [ -43.648264499999982, -22.209629899999982 ], [ -43.646656399999976, -22.208947599999934 ], [ -43.645415699999951, -22.208403599999933 ], [ -43.644432699999989, -22.207821399999926 ], [ -43.644213799999932, -22.206159899999932 ], [ -43.635038299999955, -22.20776039999992 ], [ -43.634387, -22.207874 ], [ -43.632313499999945, -22.210127699999934 ], [ -43.631477799999971, -22.211036099999944 ], [ -43.631369499999948, -22.211153899999942 ], [ -43.630847399999936, -22.211721299999965 ], [ -43.630710399999948, -22.211870199999968 ], [ -43.627906899999978, -22.214917399999941 ], [ -43.626480499999957, -22.216467699999956 ], [ -43.625281199999961, -22.217771299999985 ], [ -43.631439799999953, -22.217261 ], [ -43.636106599999955, -22.217272399999949 ], [ -43.636239, -22.217272699999956 ], [ -43.637323099999954, -22.217121799999973 ], [ -43.637188599999945, -22.216609099999971 ], [ -43.638643599999973, -22.215887899999927 ], [ -43.638668499999945, -22.215390499999945 ], [ -43.63839489999998, -22.214868199999952 ], [ -43.637574099999938, -22.214992499999941 ], [ -43.636529599999953, -22.215340699999956 ], [ -43.636094299999968, -22.214395599999932 ], [ -43.636032199999931, -22.21369929999998 ], [ -43.638071599999925, -22.212692 ], [ -43.638593799999974, -22.212231899999942 ], [ -43.63837, -22.211237099999948 ], [ -43.639091299999961, -22.210665 ], [ -43.640633199999975, -22.210217399999976 ] ] ], [ [ [ -43.654543199999978, -22.198915699999933 ], [ -43.65436729999994, -22.199033499999913 ], [ -43.654165499999976, -22.199132799999973 ], [ -43.65397059999998, -22.199232499999926 ], [ -43.653825199999972, -22.199382199999942 ], [ -43.653713, -22.199572399999958 ], [ -43.653634899999986, -22.199777199999975 ], [ -43.653591, -22.199996699999922 ], [ -43.653549699999985, -22.200320399999935 ], [ -43.653451699999948, -22.200594299999988 ], [ -43.653332599999949, -22.200784099999971 ], [ -43.653206799999957, -22.201056799999947 ], [ -43.653127, -22.201227399999929 ], [ -43.65308859999994, -22.20139 ], [ -43.653076199999937, -22.201519699999949 ], [ -43.653039099999951, -22.201666399999958 ], [ -43.652934399999936, -22.201843899999972 ], [ -43.652796599999931, -22.201980699999982 ], [ -43.652602699999925, -22.202127799999971 ], [ -43.652518699999973, -22.202222699999933 ], [ -43.65244389999998, -22.202349399999942 ], [ -43.652420699999936, -22.202486199999939 ], [ -43.652389699999951, -22.20273219999995 ], [ -43.652324499999963, -22.202963399999934 ], [ -43.652307699999938, -22.203113399999939 ], [ -43.6522763, -22.203277499999952 ], [ -43.652245399999977, -22.203437599999965 ], [ -43.652176599999962, -22.203590399999928 ], [ -43.652073499999972, -22.203730199999935 ], [ -43.651970699999936, -22.203784499999987 ], [ -43.651780099999939, -22.203866199999936 ], [ -43.651492899999937, -22.204028299999948 ], [ -43.651346699999984, -22.204132299999955 ], [ -43.651229399999984, -22.204281 ], [ -43.651147699999967, -22.204421299999982 ], [ -43.651042299999972, -22.204538799999959 ], [ -43.650894199999982, -22.20468029999995 ], [ -43.650735499999939, -22.204743299999961 ], [ -43.650514599999951, -22.204803299999973 ], [ -43.650246899999956, -22.204822 ], [ -43.649989099999978, -22.204861199999982 ], [ -43.649782399999943, -22.204864899999954 ], [ -43.649632099999963, -22.204916399999927 ], [ -43.649435199999971, -22.204997499999934 ], [ -43.649233499999987, -22.205026399999959 ], [ -43.6490424, -22.205035899999917 ], [ -43.648841599999976, -22.205109799999942 ], [ -43.648653799999984, -22.205139399999947 ], [ -43.64856529999998, -22.205148699999935 ], [ -43.648503399999981, -22.205203599999948 ], [ -43.64846289999997, -22.205286299999955 ], [ -43.648440099999966, -22.205337099999948 ], [ -43.648378199999968, -22.205392 ], [ -43.648257199999939, -22.205418699999935 ], [ -43.648098799999964, -22.205468799999942 ], [ -43.647939899999983, -22.205473799999936 ], [ -43.647901199999971, -22.205483899999933 ], [ -43.647856099999956, -22.205495599999939 ], [ -43.647803, -22.205533799999948 ], [ -43.647668099999976, -22.205557299999949 ], [ -43.647607199999982, -22.205840499999962 ], [ -43.647543499999983, -22.205932899999937 ], [ -43.647503499999985, -22.205965199999977 ], [ -43.647533, -22.206004299999961 ], [ -43.648922899999945, -22.206015899999947 ], [ -43.649870499999963, -22.205714899999972 ], [ -43.650509399999976, -22.205571599999931 ], [ -43.650843799999961, -22.205488 ], [ -43.651411099999962, -22.205076 ], [ -43.651661899999965, -22.205010299999962 ], [ -43.652073899999955, -22.205255099999935 ], [ -43.652456099999945, -22.205529799999976 ], [ -43.652820299999973, -22.205488 ], [ -43.653228699999943, -22.205426399999958 ], [ -43.653261199999974, -22.205183499999979 ], [ -43.653261199999974, -22.204892899999937 ], [ -43.653173599999946, -22.20470969999996 ], [ -43.652958599999984, -22.204494799999967 ], [ -43.652743699999974, -22.204160399999981 ], [ -43.65283919999996, -22.203897599999944 ], [ -43.653356699999961, -22.203372199999933 ], [ -43.653746899999938, -22.203021799999924 ], [ -43.653922, -22.20229729999993 ], [ -43.654415699999959, -22.20174 ], [ -43.654660299999932, -22.201506 ], [ -43.654737499999953, -22.198799899999976 ], [ -43.654543199999978, -22.198915699999933 ] ] ], [ [ [ -43.747257899999966, -22.15626489999994 ], [ -43.747391099999966, -22.156472 ], [ -43.748070899999959, -22.157829799999956 ], [ -43.749707, -22.159213699999952 ], [ -43.750741799999965, -22.15965959999993 ], [ -43.751178599999946, -22.160261399999971 ], [ -43.752009299999948, -22.160869099999967 ], [ -43.752191799999935, -22.161455399999973 ], [ -43.752577099999939, -22.161926699999984 ], [ -43.752615699999971, -22.161923799999958 ], [ -43.752693699999952, -22.161918099999983 ], [ -43.752925299999966, -22.161901199999932 ], [ -43.753471399999974, -22.161800699999958 ], [ -43.753270299999947, -22.162401399999965 ], [ -43.753025599999944, -22.162786099999941 ], [ -43.752866899999958, -22.163035399999945 ], [ -43.752661699999976, -22.163529299999926 ], [ -43.753199, -22.163719599999983 ], [ -43.753675, -22.163377899999944 ], [ -43.754425099999935, -22.163051 ], [ -43.754738799999977, -22.163425399999937 ], [ -43.755123199999957, -22.163605 ], [ -43.755407, -22.16373769999996 ], [ -43.755851499999956, -22.164031 ], [ -43.75628039999998, -22.163859699999936 ], [ -43.756306099999961, -22.163849399999933 ], [ -43.756444599999952, -22.163794099999961 ], [ -43.756676499999969, -22.163253199999925 ], [ -43.755746, -22.161137 ], [ -43.75568769999996, -22.160991 ], [ -43.755667399999936, -22.160940299999936 ], [ -43.755615299999931, -22.160809799999974 ], [ -43.75576529999995, -22.160468399999967 ], [ -43.7560089, -22.160381099999938 ], [ -43.756573499999952, -22.160074899999916 ], [ -43.757830099999978, -22.159475199999981 ], [ -43.757630599999978, -22.157988699999976 ], [ -43.756591499999956, -22.158402499999973 ], [ -43.755716599999971, -22.158577799999929 ], [ -43.755520199999978, -22.158353 ], [ -43.754667299999937, -22.158145399999967 ], [ -43.754522799999961, -22.157772599999927 ], [ -43.754414299999958, -22.157508099999976 ], [ -43.75413889999993, -22.156911699999974 ], [ -43.753736499999945, -22.156115599999964 ], [ -43.753698399999962, -22.156037 ], [ -43.75368959999998, -22.156018799999966 ], [ -43.753514899999971, -22.155658199999944 ], [ -43.753462099999979, -22.155552399999983 ], [ -43.753059499999949, -22.155452299999979 ], [ -43.75291789999995, -22.155426199999965 ], [ -43.752785899999942, -22.1554192 ], [ -43.752637399999962, -22.155438399999984 ], [ -43.75252739999997, -22.155475599999935 ], [ -43.752404199999951, -22.155542699999955 ], [ -43.751994099999933, -22.155898599999954 ], [ -43.751567199999954, -22.156277 ], [ -43.751397399999973, -22.156393599999937 ], [ -43.751253799999972, -22.156456399999968 ], [ -43.751102899999985, -22.156499 ], [ -43.750967499999945, -22.156522699999975 ], [ -43.750813399999963, -22.156521299999952 ], [ -43.750678299999947, -22.156498699999933 ], [ -43.750528599999946, -22.156451599999965 ], [ -43.750401499999953, -22.156388799999942 ], [ -43.750268099999978, -22.156308 ], [ -43.750126699999953, -22.156165299999945 ], [ -43.749935299999947, -22.155908299999965 ], [ -43.749801299999945, -22.155734299999938 ], [ -43.7497039, -22.155649699999962 ], [ -43.749578799999938, -22.155560499999975 ], [ -43.749476099999988, -22.155527799999959 ], [ -43.749387399999932, -22.155509 ], [ -43.749262699999974, -22.155505899999969 ], [ -43.749123099999963, -22.155530299999938 ], [ -43.748722599999951, -22.155653499999975 ], [ -43.748381799999954, -22.155750899999937 ], [ -43.748379499999942, -22.155752099999976 ], [ -43.748316599999946, -22.155771299999969 ], [ -43.748220599999968, -22.155788 ], [ -43.748103399999934, -22.155802 ], [ -43.747994899999988, -22.155822499999939 ], [ -43.747833, -22.15583 ], [ -43.747670899999946, -22.155825099999962 ], [ -43.74748649999998, -22.155796099999986 ], [ -43.747319699999935, -22.155745099999944 ], [ -43.747166399999969, -22.155681599999983 ], [ -43.747089199999955, -22.155646799999943 ], [ -43.747049399999987, -22.155953599999961 ], [ -43.747257899999966, -22.15626489999994 ] ] ] ] } }
]
}
