{
"type": "FeatureCollection",
"name": "3523909",
"crs": { "type": "name", "properties": { "name": "urn:ogc:def:crs:OGC:1.3:CRS84" } },
"features": [
{ "type": "Feature", "properties": { "CD_MUN": "3523909", "NM_MUN": "Itu" }, "geometry": { "type": "MultiPolygon", "coordinates": [ [ [ [ -47.323646799999949, -23.428907399999961 ], [ -47.323582599999952, -23.429221399999953 ], [ -47.323456599999986, -23.429652 ], [ -47.323129099999953, -23.429604499999979 ], [ -47.323001799999986, -23.43021879999997 ], [ -47.320430899999963, -23.429733399999975 ], [ -47.320271399999974, -23.430648099999924 ], [ -47.321037, -23.430883199999986 ], [ -47.321757199999979, -23.431151399999969 ], [ -47.322627099999977, -23.431491599999962 ], [ -47.323261699999939, -23.431707499999956 ], [ -47.32348989999997, -23.431766399999944 ], [ -47.325313899999976, -23.432449399999928 ], [ -47.325400399999978, -23.432532899999959 ], [ -47.325605199999984, -23.432517699999948 ], [ -47.325690799999968, -23.432509 ], [ -47.325857199999973, -23.432426099999915 ], [ -47.326009299999946, -23.432312699999947 ], [ -47.326228, -23.432116399999931 ], [ -47.326679499999955, -23.431745699999965 ], [ -47.327064599999979, -23.431396799999963 ], [ -47.327416399999947, -23.431135099999949 ], [ -47.327606499999945, -23.431019499999927 ], [ -47.327720599999964, -23.430832 ], [ -47.327834699999983, -23.4305136 ], [ -47.328062799999948, -23.429994499999953 ], [ -47.328153199999974, -23.429732799999947 ], [ -47.32817069999993, -23.429607 ], [ -47.328171399999974, -23.429602199999973 ], [ -47.327805099999978, -23.429572199999942 ], [ -47.326903, -23.429438399999981 ], [ -47.326594, -23.429407899999951 ], [ -47.326432399999931, -23.429333699999969 ], [ -47.326275499999952, -23.429320699999948 ], [ -47.325543399999958, -23.429207199999947 ], [ -47.325006299999984, -23.429111299999938 ], [ -47.324680699999924, -23.429084 ], [ -47.32443109999997, -23.429044799999925 ], [ -47.324238599999944, -23.429012099999969 ], [ -47.323668199999979, -23.428868099999924 ], [ -47.323646799999949, -23.428907399999961 ] ] ], [ [ [ -47.346569699999968, -23.429978299999952 ], [ -47.346523699999977, -23.430006599999945 ], [ -47.346481299999937, -23.430006599999949 ], [ -47.346435399999969, -23.429932399999917 ], [ -47.346438899999953, -23.429780499999946 ], [ -47.346467199999957, -23.429607399999952 ], [ -47.346509599999941, -23.429504899999927 ], [ -47.346428299999957, -23.429298299999971 ], [ -47.346580299999978, -23.429199399999963 ], [ -47.346827599999983, -23.428980299999971 ], [ -47.346972399999963, -23.428803699999946 ], [ -47.347036, -23.428630599999966 ], [ -47.347113699999966, -23.42849629999996 ], [ -47.347209099999922, -23.42838329999994 ], [ -47.346329399999952, -23.427509799999942 ], [ -47.346238099999937, -23.427449199999952 ], [ -47.346021, -23.427223699999956 ], [ -47.345491099999947, -23.426667699999935 ], [ -47.344167299999981, -23.425302599999945 ], [ -47.343444899999952, -23.42603389999994 ], [ -47.343720399999938, -23.426786399999976 ], [ -47.343739, -23.427173299999929 ], [ -47.343067699999956, -23.426996599999953 ], [ -47.342647299999953, -23.426986 ], [ -47.342030899999934, -23.427140599999976 ], [ -47.341894199999963, -23.427096699999925 ], [ -47.341386299999954, -23.427194699999976 ], [ -47.341049799999951, -23.42732629999994 ], [ -47.340595899999983, -23.427490599999945 ], [ -47.339670699999942, -23.427808499999969 ], [ -47.337793399999946, -23.428590199999981 ], [ -47.33668769999997, -23.428844499999961 ], [ -47.335938699999986, -23.429070599999946 ], [ -47.335253299999977, -23.429084799999941 ], [ -47.334801099999936, -23.429049399999933 ], [ -47.334285299999976, -23.428865699999957 ], [ -47.333875499999976, -23.428872799999954 ], [ -47.333063, -23.428943399999977 ], [ -47.332575499999969, -23.429042399999958 ], [ -47.331865399999963, -23.429063599999957 ], [ -47.330957399999932, -23.431866899999932 ], [ -47.330579399999969, -23.432924899999929 ], [ -47.330802099999964, -23.433036899999944 ], [ -47.331346, -23.432974399999988 ], [ -47.331565099999978, -23.432979699999976 ], [ -47.331784099999936, -23.433030899999952 ], [ -47.332101199999954, -23.43315629999994 ], [ -47.332479199999973, -23.433292399999974 ], [ -47.332821399999951, -23.433400599999963 ], [ -47.333044099999938, -23.433411199999973 ], [ -47.334230699999978, -23.433565199999968 ], [ -47.334380799999956, -23.433575799999971 ], [ -47.3344762, -23.433577499999963 ], [ -47.334716499999956, -23.433557199999935 ], [ -47.33513419999997, -23.43347969999995 ], [ -47.335869, -23.433305699999952 ], [ -47.33603, -23.433280099999941 ], [ -47.336252599999966, -23.433278299999923 ], [ -47.336375299999986, -23.433299499999976 ], [ -47.336488399999958, -23.433336599999951 ], [ -47.336599699999965, -23.43340019999993 ], [ -47.33675379999994, -23.433500499999976 ], [ -47.336993099999972, -23.433689499999954 ], [ -47.337165399999947, -23.433870499999955 ], [ -47.337504099999933, -23.434339099999924 ], [ -47.337826199999945, -23.434725 ], [ -47.337982599999982, -23.434874299999926 ], [ -47.338051499999949, -23.434908699999944 ], [ -47.338175099999944, -23.434990899999939 ], [ -47.338333299999931, -23.435050699999973 ], [ -47.338454299999967, -23.435086 ], [ -47.338802, -23.435169299999931 ], [ -47.338946799999981, -23.43522929999995 ], [ -47.339379599999965, -23.435444799999967 ], [ -47.339423699999941, -23.435457199999973 ], [ -47.339711699999953, -23.43544839999992 ], [ -47.340047699999957, -23.435372399999952 ], [ -47.3409415, -23.435095499999928 ], [ -47.341074, -23.435195799999963 ], [ -47.341329799999983, -23.435500799999932 ], [ -47.341606, -23.435065 ], [ -47.342447, -23.43391 ], [ -47.342645, -23.433544 ], [ -47.343098, -23.432493 ], [ -47.343272, -23.432236 ], [ -47.343717, -23.431932 ], [ -47.344239, -23.431722 ], [ -47.344682, -23.431635 ], [ -47.345616, -23.431532 ], [ -47.345984, -23.43145 ], [ -47.346256, -23.431318 ], [ -47.3466, -23.4311 ], [ -47.346849199999951, -23.430888299999946 ], [ -47.346952899999962, -23.430797299999934 ], [ -47.346933499999984, -23.430663699999965 ], [ -47.347011299999963, -23.430391699999966 ], [ -47.346915899999942, -23.430310399999925 ], [ -47.346848799999975, -23.430292799999968 ], [ -47.346721599999974, -23.430324599999945 ], [ -47.346640299999933, -23.430335199999945 ], [ -47.346615599999943, -23.430292799999972 ], [ -47.346654399999977, -23.430225599999979 ], [ -47.346735699999954, -23.430119699999977 ], [ -47.346746299999957, -23.430073699999976 ], [ -47.346739199999945, -23.429996 ], [ -47.346654399999984, -23.429964199999972 ], [ -47.346569699999968, -23.429978299999952 ] ] ], [ [ [ -47.353859799999952, -23.415530499999921 ], [ -47.355363, -23.414814099999933 ], [ -47.355692799999986, -23.414879 ], [ -47.356065899999976, -23.415319599999968 ], [ -47.35622, -23.415441299999941 ], [ -47.356674199999979, -23.415584599999928 ], [ -47.357128399999965, -23.415495399999941 ], [ -47.357479899999937, -23.415230399999931 ], [ -47.357658299999969, -23.414924899999964 ], [ -47.357744799999978, -23.414500499999978 ], [ -47.357577199999987, -23.409677299999935 ], [ -47.358503599999949, -23.407638199999933 ], [ -47.35861, -23.407038599999954 ], [ -47.358585599999969, -23.4065682 ], [ -47.358531599999942, -23.406373599999942 ], [ -47.358082799999977, -23.405535499999928 ], [ -47.35798269999998, -23.405213699999937 ], [ -47.357639399999982, -23.402926499999978 ], [ -47.357553499999938, -23.401749699999982 ], [ -47.359217199999925, -23.402035099999974 ], [ -47.362867399999963, -23.40132159999996 ], [ -47.363152799999973, -23.40137419999996 ], [ -47.364647499999926, -23.401058699999965 ], [ -47.364790199999959, -23.401216399999942 ], [ -47.365496199999939, -23.401193899999939 ], [ -47.365731499999981, -23.400864399999936 ], [ -47.365729, -23.400801699999928 ], [ -47.36569529999997, -23.400736599999963 ], [ -47.365591599999966, -23.400645 ], [ -47.365304699999975, -23.400449699999964 ], [ -47.364596399999989, -23.399872799999962 ], [ -47.363895499999963, -23.399204499999925 ], [ -47.361694799999952, -23.399345299999936 ], [ -47.360432, -23.399939599999978 ], [ -47.360366899999967, -23.399908099999955 ], [ -47.360199, -23.39971229999998 ], [ -47.360067099999981, -23.399516399999964 ], [ -47.360051799999958, -23.399464499999958 ], [ -47.360909899999967, -23.398576399999968 ], [ -47.36131359999996, -23.398311599999928 ], [ -47.361394399999938, -23.398105099999956 ], [ -47.361413199999951, -23.397575599999982 ], [ -47.360590299999963, -23.397629799999951 ], [ -47.359916699999985, -23.397605799999962 ], [ -47.359335199999975, -23.397495899999967 ], [ -47.358807499999955, -23.397419899999939 ], [ -47.358658099999957, -23.397383899999966 ], [ -47.358514199999945, -23.397282 ], [ -47.357960499999933, -23.397165299999976 ], [ -47.357680699999946, -23.397085499999942 ], [ -47.356976599999939, -23.397017899999987 ], [ -47.354000399999961, -23.396783199999959 ], [ -47.353448899999933, -23.396727299999959 ], [ -47.353089699999941, -23.396629199999939 ], [ -47.353078499999981, -23.396796299999945 ], [ -47.353046599999963, -23.396905199999928 ], [ -47.352808099999955, -23.396871899999947 ], [ -47.352825499999938, -23.396834499999951 ], [ -47.352721699999961, -23.39647529999997 ], [ -47.352649, -23.396320699999944 ], [ -47.352264899999973, -23.396247399999933 ], [ -47.350480399999981, -23.396335199999946 ], [ -47.350120799999964, -23.396381199999958 ], [ -47.349743799999942, -23.396458199999934 ], [ -47.347568799999976, -23.397154699999927 ], [ -47.347393, -23.397616699999954 ], [ -47.346992899999975, -23.398336 ], [ -47.346483299999939, -23.399122299999934 ], [ -47.345177799999931, -23.401175499999955 ], [ -47.344513599999971, -23.402362799999946 ], [ -47.344235099999928, -23.402379099999958 ], [ -47.343997199999933, -23.402370899999937 ], [ -47.343939, -23.402387 ], [ -47.342764399999965, -23.403560499999962 ], [ -47.342015499999953, -23.403547 ], [ -47.341815399999973, -23.403568599999968 ], [ -47.341683, -23.403633499999948 ], [ -47.341612699999978, -23.40372 ], [ -47.341228799999953, -23.404744699999966 ], [ -47.341136899999974, -23.404955499999975 ], [ -47.341111, -23.405955799999948 ], [ -47.341128699999963, -23.406775 ], [ -47.341058499999974, -23.40685609999997 ], [ -47.340923299999986, -23.406978199999958 ], [ -47.340800399999978, -23.407115599999944 ], [ -47.340137, -23.40702 ], [ -47.340138, -23.407584 ], [ -47.340115, -23.408005 ], [ -47.340091, -23.40824 ], [ -47.340165, -23.408555 ], [ -47.340235, -23.408887 ], [ -47.340331, -23.40902 ], [ -47.340418, -23.409207 ], [ -47.340743, -23.409646 ], [ -47.340809, -23.409751 ], [ -47.340822, -23.40984 ], [ -47.340831, -23.409955 ], [ -47.34069919999996, -23.41008949999997 ], [ -47.340669499999926, -23.410119899999927 ], [ -47.340645, -23.410145 ], [ -47.340592, -23.410199 ], [ -47.340527099999974, -23.410237099999961 ], [ -47.341523, -23.411475199999927 ], [ -47.342046299999936, -23.412142199999931 ], [ -47.342561, -23.412786299999937 ], [ -47.343308499999978, -23.413585599999973 ], [ -47.344036, -23.414241099999966 ], [ -47.345010699999939, -23.415187099999976 ], [ -47.345773799999954, -23.4158073 ], [ -47.3463718, -23.415858799999963 ], [ -47.347201699999971, -23.415847499999931 ], [ -47.347618599999976, -23.41578369999996 ], [ -47.348275799999961, -23.415517 ], [ -47.349064399999975, -23.414996899999959 ], [ -47.349896399999984, -23.415627799999982 ], [ -47.350270299999977, -23.415770199999944 ], [ -47.350696599999935, -23.415860399999929 ], [ -47.350945399999944, -23.415879299999975 ], [ -47.352483699999937, -23.415857599999981 ], [ -47.352835199999959, -23.415811699999949 ], [ -47.353248799999967, -23.415771099999969 ], [ -47.353859799999952, -23.415530499999921 ] ] ], [ [ [ -47.326605, -23.400895 ], [ -47.326603, -23.400698 ], [ -47.326625, -23.400566 ], [ -47.326658, -23.400524 ], [ -47.326742, -23.400443 ], [ -47.326934, -23.400363 ], [ -47.327228, -23.400281 ], [ -47.327388, -23.400209 ], [ -47.327699, -23.400003 ], [ -47.328285599999958, -23.399479699999976 ], [ -47.328304099999968, -23.399467599999976 ], [ -47.328323699999949, -23.399454299999935 ], [ -47.328606, -23.39926 ], [ -47.328744, -23.399138 ], [ -47.328847, -23.398974 ], [ -47.328897, -23.398851 ], [ -47.329176, -23.398256 ], [ -47.329172, -23.398146 ], [ -47.329162, -23.398098 ], [ -47.329142, -23.398007 ], [ -47.329077, -23.397928 ], [ -47.32893, -23.397835 ], [ -47.328727, -23.397569 ], [ -47.328639, -23.397526 ], [ -47.328552, -23.397464 ], [ -47.328465, -23.397382 ], [ -47.327945399999976, -23.396887499999931 ], [ -47.327605799999958, -23.396515299999979 ], [ -47.326402099999946, -23.396401399999949 ], [ -47.325443899999989, -23.396544299999945 ], [ -47.324769299999957, -23.396424599999932 ], [ -47.323967199999977, -23.395726099999937 ], [ -47.322904499999936, -23.395347399999942 ], [ -47.322432, -23.395414199999948 ], [ -47.322395599999943, -23.395459 ], [ -47.321841799999959, -23.394899 ], [ -47.321512399999961, -23.394562399999923 ], [ -47.321358199999963, -23.394387599999959 ], [ -47.320983299999973, -23.393937 ], [ -47.32039629999997, -23.393255699999941 ], [ -47.320382099999968, -23.393236399999985 ], [ -47.319622799999927, -23.392460299999982 ], [ -47.317927, -23.394270099999968 ], [ -47.316699799999981, -23.395594499999962 ], [ -47.315363799999943, -23.397009299999979 ], [ -47.316186399999943, -23.397639799999986 ], [ -47.316213, -23.397660199999958 ], [ -47.315674199999926, -23.398271099999931 ], [ -47.315693199999949, -23.39828969999996 ], [ -47.316300499999954, -23.398885199999935 ], [ -47.316310499999986, -23.398980799999944 ], [ -47.315893799999969, -23.399992799999946 ], [ -47.315134299999954, -23.400856 ], [ -47.316081499999932, -23.401056199999971 ], [ -47.317044399999986, -23.401621299999924 ], [ -47.317545399999972, -23.400153599999946 ], [ -47.317569, -23.39989079999998 ], [ -47.317837399999981, -23.400054699999938 ], [ -47.319051, -23.399888 ], [ -47.320469299999964, -23.399755599999931 ], [ -47.321409799999969, -23.400400799999932 ], [ -47.32193419999993, -23.401097299999947 ], [ -47.322834499999942, -23.401772399999953 ], [ -47.324148099999945, -23.402389599999939 ], [ -47.326390799999956, -23.402026399999944 ], [ -47.326524499999948, -23.401695 ], [ -47.32653659999994, -23.401464099999938 ], [ -47.326554499999986, -23.401253599999958 ], [ -47.326605, -23.400895 ] ] ], [ [ [ -47.338179199999963, -23.399643 ], [ -47.339124899999945, -23.399483 ], [ -47.339289599999972, -23.399420599999932 ], [ -47.339294699999975, -23.399433399999957 ], [ -47.339310899999937, -23.399473599999958 ], [ -47.339363, -23.399603399999926 ], [ -47.340227599999935, -23.399361699999922 ], [ -47.340567899999947, -23.399266499999953 ], [ -47.3491949, -23.396291399999935 ], [ -47.352161099999933, -23.395143499999961 ], [ -47.3521861, -23.395132799999931 ], [ -47.352214799999956, -23.3951216 ], [ -47.352219799999943, -23.395118799999985 ], [ -47.352143399999932, -23.394956 ], [ -47.352129599999948, -23.394925299999954 ], [ -47.352095199999951, -23.394851799999959 ], [ -47.351980699999956, -23.394603399999937 ], [ -47.351954599999949, -23.394539599999966 ], [ -47.3519429, -23.394511199999947 ], [ -47.35193709999993, -23.394492499999956 ], [ -47.351935199999957, -23.394486499999978 ], [ -47.351917699999944, -23.394423299999961 ], [ -47.351901, -23.394386199999932 ], [ -47.351884299999945, -23.394349099999953 ], [ -47.351692499999963, -23.39391 ], [ -47.35168919999996, -23.393883799999976 ], [ -47.351681099999951, -23.393844699999935 ], [ -47.351410199999975, -23.393529 ], [ -47.351272299999941, -23.393431699999958 ], [ -47.350956399999973, -23.3932081 ], [ -47.350353, -23.392751399999941 ], [ -47.350214, -23.392645699999942 ], [ -47.350016499999981, -23.392448 ], [ -47.349885099999945, -23.392324299999927 ], [ -47.349432, -23.391897199999956 ], [ -47.34925949999996, -23.391719599999927 ], [ -47.348844799999938, -23.391350899999956 ], [ -47.348128099999947, -23.390966099999957 ], [ -47.347934, -23.390890099999979 ], [ -47.347964699999977, -23.390865399999939 ], [ -47.347997499999963, -23.390842199999948 ], [ -47.348031199999987, -23.390819799999964 ], [ -47.348218699999968, -23.390617 ], [ -47.348384299999957, -23.39050769999994 ], [ -47.350469399999959, -23.389083699999954 ], [ -47.352940399999966, -23.387389199999962 ], [ -47.353002199999942, -23.387322499999986 ], [ -47.353616099999961, -23.387925099999961 ], [ -47.354323199999953, -23.388554 ], [ -47.354753099999975, -23.388284399999986 ], [ -47.355237299999949, -23.387993399999964 ], [ -47.35521209999996, -23.387965699999938 ], [ -47.353831399999933, -23.386490399999946 ], [ -47.352945799999986, -23.3860117 ], [ -47.352908, -23.385996599999935 ], [ -47.353274299999953, -23.38565809999994 ], [ -47.354620099999984, -23.386315 ], [ -47.355091399999935, -23.38593 ], [ -47.355465, -23.385714099999962 ], [ -47.355855599999984, -23.385186499999978 ], [ -47.355341099999983, -23.384662599999949 ], [ -47.354523799999981, -23.384329199999971 ], [ -47.354844899999939, -23.384092799999959 ], [ -47.355007399999984, -23.384027099999962 ], [ -47.355080399999963, -23.383997299999979 ], [ -47.355154199999959, -23.383965899999971 ], [ -47.355209, -23.383941399999966 ], [ -47.355570099999966, -23.383838799999975 ], [ -47.355799899999965, -23.383763399999964 ], [ -47.355973899999988, -23.383704899999941 ], [ -47.356105299999975, -23.383620399999923 ], [ -47.357123, -23.381965399999945 ], [ -47.357485499999939, -23.381285499999926 ], [ -47.357592499999953, -23.381201 ], [ -47.358015, -23.381026399999939 ], [ -47.358354799999972, -23.380955 ], [ -47.358715399999944, -23.38089309999998 ], [ -47.359017699999981, -23.38075409999993 ], [ -47.360497199999941, -23.379568299999967 ], [ -47.36028419999996, -23.37941729999994 ], [ -47.360013199999976, -23.379301299999955 ], [ -47.359727199999952, -23.379222299999984 ], [ -47.359429199999958, -23.379191299999945 ], [ -47.359088199999981, -23.378933299999975 ], [ -47.35903419999994, -23.378806299999948 ], [ -47.358823199999954, -23.378555299999956 ], [ -47.358801499999977, -23.378531199999927 ], [ -47.358717199999951, -23.37843729999997 ], [ -47.358624199999952, -23.378295299999923 ], [ -47.358545199999973, -23.378097299999986 ], [ -47.358144199999977, -23.377946299999962 ], [ -47.357788199999959, -23.377834299999954 ], [ -47.357431199999958, -23.377672299999968 ], [ -47.357009199999943, -23.377494299999956 ], [ -47.356945799999949, -23.377453799999959 ], [ -47.356822399999942, -23.377374899999943 ], [ -47.356402, -23.378685799999975 ], [ -47.355767399999941, -23.379369299999947 ], [ -47.354302699999948, -23.379669699999962 ], [ -47.354625699999985, -23.380608599999956 ], [ -47.354652699999974, -23.380757699999947 ], [ -47.354574499999956, -23.38075769999995 ], [ -47.35399989999997, -23.380941599999971 ], [ -47.353951, -23.380968099999958 ], [ -47.353460599999956, -23.38122889999994 ], [ -47.353412699999978, -23.381244199999973 ], [ -47.353145099999949, -23.38142259999994 ], [ -47.352818399999933, -23.38157 ], [ -47.352508599999965, -23.381149399999977 ], [ -47.352452299999989, -23.381200099999944 ], [ -47.352335799999935, -23.381269599999936 ], [ -47.351935899999951, -23.381573699999922 ], [ -47.351873899999937, -23.381637599999969 ], [ -47.351853299999952, -23.381680799999966 ], [ -47.351808199999937, -23.381846 ], [ -47.35175, -23.381939899999953 ], [ -47.351699299999957, -23.381981199999927 ], [ -47.351628, -23.382003699999931 ], [ -47.351432699999975, -23.382003699999938 ], [ -47.351164199999964, -23.381923 ], [ -47.351075899999955, -23.38185349999997 ], [ -47.351015799999971, -23.381825399999961 ], [ -47.350910699999986, -23.381825399999965 ], [ -47.350875, -23.381831 ], [ -47.350805499999986, -23.381862899999938 ], [ -47.350775499999941, -23.381908 ], [ -47.350758599999949, -23.381954899999979 ], [ -47.35070039999993, -23.38199619999995 ], [ -47.350576399999966, -23.382065699999956 ], [ -47.350518199999961, -23.382107 ], [ -47.350467499999979, -23.38215769999994 ], [ -47.350428099999938, -23.382232799999933 ], [ -47.350358599999943, -23.382411199999975 ], [ -47.350330499999977, -23.382514499999957 ], [ -47.350304199999982, -23.382696599999971 ], [ -47.350353199999972, -23.383045299999939 ], [ -47.3503755, -23.383151 ], [ -47.350411199999932, -23.383237399999924 ], [ -47.350435599999969, -23.383321899999935 ], [ -47.350484399999964, -23.383626099999962 ], [ -47.350476899999926, -23.383922799999933 ], [ -47.350332299999934, -23.384371499999933 ], [ -47.350138899999934, -23.384414699999979 ], [ -47.350054399999976, -23.384450399999935 ], [ -47.350003699999952, -23.384512399999942 ], [ -47.3496282, -23.384827799999975 ], [ -47.349513699999932, -23.384895399999941 ], [ -47.349410399999954, -23.384940499999967 ], [ -47.349217, -23.384991199999945 ], [ -47.348956, -23.385026799999935 ], [ -47.348882699999933, -23.38507189999995 ], [ -47.34882829999998, -23.38513579999994 ], [ -47.348800099999949, -23.38522209999995 ], [ -47.348766299999966, -23.385394899999927 ], [ -47.348741899999936, -23.385451199999967 ], [ -47.348708099999953, -23.385486899999933 ], [ -47.348261199999968, -23.385537599999967 ], [ -47.3480603, -23.385190199999943 ], [ -47.346546899999971, -23.385682199999955 ], [ -47.346387299999947, -23.385858699999968 ], [ -47.345976099999973, -23.386065199999965 ], [ -47.34540149999998, -23.386497099999929 ], [ -47.3449715, -23.386562799999986 ], [ -47.344849399999923, -23.386656699999946 ], [ -47.344751799999983, -23.386786299999976 ], [ -47.344744299999952, -23.386930799999959 ], [ -47.344306799999977, -23.387347699999967 ], [ -47.343690899999956, -23.387439699999955 ], [ -47.342466599999973, -23.386930799999956 ], [ -47.34223, -23.386803199999974 ], [ -47.342395299999964, -23.386170399999958 ], [ -47.342423399999973, -23.386114 ], [ -47.342507899999923, -23.386038899999964 ], [ -47.342560499999934, -23.386005099999974 ], [ -47.342699499999981, -23.385937499999951 ], [ -47.342785799999945, -23.385868099999978 ], [ -47.342860899999948, -23.385755399999933 ], [ -47.342876, -23.385610799999935 ], [ -47.342874099999953, -23.385488799999965 ], [ -47.342840299999985, -23.385357299999946 ], [ -47.342782099999972, -23.385218399999935 ], [ -47.342652499999986, -23.384955499999933 ], [ -47.342569899999944, -23.384747099999963 ], [ -47.342449699999982, -23.384636299999951 ], [ -47.342335199999987, -23.384499199999933 ], [ -47.342267599999957, -23.384341499999962 ], [ -47.34223749999996, -23.38422689999992 ], [ -47.342235699999939, -23.383763099999943 ], [ -47.342198099999962, -23.383626099999947 ], [ -47.342152, -23.383503799999971 ], [ -47.342705799999976, -23.383183499999962 ], [ -47.344233399999951, -23.382316299999953 ], [ -47.345076399999982, -23.381847499999935 ], [ -47.345583499999968, -23.38119509999996 ], [ -47.346568, -23.380553 ], [ -47.347473499999978, -23.380082399999946 ], [ -47.347206399999948, -23.37965729999998 ], [ -47.346566699999983, -23.37991049999993 ], [ -47.345270299999974, -23.378217699999933 ], [ -47.344776, -23.377284 ], [ -47.343864699999983, -23.376164099999976 ], [ -47.343376399999954, -23.376489699999972 ], [ -47.342941, -23.376846099999952 ], [ -47.341593899999964, -23.375803099999921 ], [ -47.341587599999968, -23.375721 ], [ -47.341529099999953, -23.375714 ], [ -47.34090139999995, -23.375006499999923 ], [ -47.340881099999933, -23.374978 ], [ -47.3410497, -23.374764 ], [ -47.341190299999937, -23.374575199999981 ], [ -47.341443499999961, -23.374396699999977 ], [ -47.341479099999965, -23.374085499999982 ], [ -47.341488899999952, -23.374003699999953 ], [ -47.34150209999995, -23.373902 ], [ -47.341551899999956, -23.373518099999956 ], [ -47.3406715, -23.372934099999945 ], [ -47.339796499999977, -23.374156099999944 ], [ -47.338632, -23.376014299999952 ], [ -47.338101699999982, -23.376599699999925 ], [ -47.332850499999957, -23.37932759999995 ], [ -47.332838899999963, -23.379323499999945 ], [ -47.332564899999966, -23.379476899999929 ], [ -47.332224099999969, -23.379667599999937 ], [ -47.332174499999958, -23.379708699999981 ], [ -47.33136339999993, -23.378998799999973 ], [ -47.331053399999981, -23.37873 ], [ -47.330570899999941, -23.37830039999994 ], [ -47.330356699999982, -23.378130699999929 ], [ -47.329654899999973, -23.377519499999941 ], [ -47.32892529999998, -23.376906099999939 ], [ -47.328070099999941, -23.37621149999995 ], [ -47.327251399999966, -23.375567699999973 ], [ -47.327238199999947, -23.375361399999974 ], [ -47.327125, -23.375271 ], [ -47.327133799999956, -23.375391899999951 ], [ -47.32719, -23.376161599999939 ], [ -47.327403399999973, -23.379170899999963 ], [ -47.327615499999986, -23.381351399999971 ], [ -47.327960599999983, -23.383082299999963 ], [ -47.328253799999978, -23.384186399999979 ], [ -47.328696599999951, -23.385517599999954 ], [ -47.328989899999947, -23.386233499999946 ], [ -47.3294959, -23.387191 ], [ -47.32956809999996, -23.387349399999948 ], [ -47.329594, -23.387406399999964 ], [ -47.329685699999978, -23.387607899999978 ], [ -47.32990419999993, -23.388145599999955 ], [ -47.331341799999969, -23.391377299999924 ], [ -47.332411399999955, -23.393651599999945 ], [ -47.332690299999967, -23.394252499999943 ], [ -47.332813699999974, -23.394202099999966 ], [ -47.332847099999988, -23.394188399999962 ], [ -47.332879799999944, -23.394175 ], [ -47.333188, -23.394049 ], [ -47.33325229999997, -23.394052599999959 ], [ -47.334858199999985, -23.39671089999997 ], [ -47.335286499999938, -23.397488799999973 ], [ -47.3353891, -23.397704599999926 ], [ -47.336300199999982, -23.398950899999921 ], [ -47.336673299999973, -23.399318599999962 ], [ -47.337141, -23.399556499999957 ], [ -47.337727699999967, -23.399667399999931 ], [ -47.338179199999963, -23.399643 ] ] ], [ [ [ -47.318252099999938, -23.364353399999978 ], [ -47.317848, -23.364614099999983 ], [ -47.317835, -23.364702099999924 ], [ -47.31786429999994, -23.364913899999987 ], [ -47.317831699999942, -23.364988899999968 ], [ -47.317808899999932, -23.365028 ], [ -47.317734, -23.365083399999946 ], [ -47.317668799999979, -23.365109499999967 ], [ -47.317619899999947, -23.365138799999961 ], [ -47.317522199999985, -23.365272399999977 ], [ -47.317496099999971, -23.365415799999941 ], [ -47.317411399999976, -23.365448399999931 ], [ -47.317336399999931, -23.365533099999936 ], [ -47.317323399999964, -23.365647199999948 ], [ -47.317336399999931, -23.365748199999924 ], [ -47.317189799999937, -23.366132799999946 ], [ -47.317039799999975, -23.366497699999972 ], [ -47.316999099999975, -23.366621599999984 ], [ -47.316904599999937, -23.366810599999948 ], [ -47.316883399999938, -23.366976799999978 ], [ -47.316868799999952, -23.367027299999965 ], [ -47.316754699999933, -23.367118599999959 ], [ -47.316715599999952, -23.367252199999939 ], [ -47.316715599999952, -23.367340199999955 ], [ -47.316663399999989, -23.367441199999977 ], [ -47.316630899999943, -23.367542199999949 ], [ -47.316608, -23.36772139999994 ], [ -47.31656239999996, -23.367793099999979 ], [ -47.316513499999985, -23.367956099999969 ], [ -47.316492399999959, -23.36806039999993 ], [ -47.31644509999996, -23.368106 ], [ -47.31644509999996, -23.368141799999929 ], [ -47.316407599999934, -23.368167899999943 ], [ -47.316329399999972, -23.368194 ], [ -47.316290299999935, -23.368229799999934 ], [ -47.316199099999942, -23.36826729999995 ], [ -47.316081699999984, -23.368260799999977 ], [ -47.31599209999996, -23.368207 ], [ -47.315873199999942, -23.368221699999932 ], [ -47.315791699999977, -23.368221699999918 ], [ -47.315612499999986, -23.368249399999961 ], [ -47.315503299999932, -23.368335699999932 ], [ -47.315394099999935, -23.368337399999973 ], [ -47.315284899999945, -23.368309699999941 ], [ -47.315223, -23.36828359999992 ], [ -47.315182299999954, -23.368254299999936 ], [ -47.315109, -23.368234699999963 ], [ -47.314986799999986, -23.368231499999983 ], [ -47.314765199999954, -23.3684254 ], [ -47.314621799999941, -23.3684254 ], [ -47.314315399999934, -23.368242899999935 ], [ -47.313983, -23.368021299999953 ], [ -47.313715799999962, -23.367903899999931 ], [ -47.313455099999942, -23.36786479999995 ], [ -47.313243299999961, -23.367881099999966 ], [ -47.312940199999964, -23.367982199999979 ], [ -47.312558899999942, -23.368141799999925 ], [ -47.312007299999948, -23.368422899999931 ], [ -47.312073899999973, -23.368521899999951 ], [ -47.312311499999971, -23.368800099999937 ], [ -47.312567, -23.369029199999943 ], [ -47.313048299999927, -23.369340099999935 ], [ -47.31494379999998, -23.370381899999931 ], [ -47.316787, -23.371381199999981 ], [ -47.317368199999976, -23.371652799999936 ], [ -47.317742499999952, -23.371723699999972 ], [ -47.318431799999985, -23.371734599999964 ], [ -47.318913099999975, -23.371658299999979 ], [ -47.319572599999958, -23.371521899999944 ], [ -47.320261899999934, -23.371434699999952 ], [ -47.320565, -23.371429199999973 ], [ -47.32082639999993, -23.371478299999975 ], [ -47.320969, -23.371489199999925 ], [ -47.321498199999951, -23.371556699999932 ], [ -47.321604799999939, -23.371571 ], [ -47.322258399999946, -23.371701899999941 ], [ -47.322650599999974, -23.371881899999945 ], [ -47.322965499999952, -23.372061899999956 ], [ -47.32344089999998, -23.372411 ], [ -47.324617499999931, -23.373355299999947 ], [ -47.324971399999988, -23.373612299999937 ], [ -47.325615599999935, -23.37408 ], [ -47.326156399999945, -23.374478199999938 ], [ -47.326756499999938, -23.37496909999993 ], [ -47.327022, -23.375185899999963 ], [ -47.327125, -23.375271 ], [ -47.327118499999976, -23.375175199999948 ], [ -47.327115799999945, -23.375136 ], [ -47.326962899999948, -23.372918299999988 ], [ -47.326727099999964, -23.370014399999938 ], [ -47.326554599999952, -23.367869399999961 ], [ -47.326341799999973, -23.364804399999972 ], [ -47.326099199999938, -23.361611599999947 ], [ -47.325681499999973, -23.361638 ], [ -47.325456699999968, -23.361784599999957 ], [ -47.325078599999983, -23.362009499999942 ], [ -47.324677, -23.36227909999997 ], [ -47.324351099999937, -23.36252519999994 ], [ -47.324076499999933, -23.362658799999963 ], [ -47.323662699999943, -23.362922799999978 ], [ -47.322678499999945, -23.363778199999967 ], [ -47.322194499999966, -23.364184 ], [ -47.321728499999949, -23.363973799999954 ], [ -47.319164599999972, -23.362763099999945 ], [ -47.318565, -23.364066599999948 ], [ -47.318252099999938, -23.364353399999978 ] ] ], [ [ [ -47.350814699999951, -23.325551399999949 ], [ -47.350843599999969, -23.325420299999962 ], [ -47.350919599999941, -23.325252599999946 ], [ -47.350851399999961, -23.325126799999961 ], [ -47.350730899999974, -23.324964299999973 ], [ -47.349792199999975, -23.324706399999965 ], [ -47.349886899999944, -23.324309 ], [ -47.349960299999964, -23.324130799999981 ], [ -47.349991699999975, -23.323947299999944 ], [ -47.349991699999968, -23.323821499999941 ], [ -47.350023199999953, -23.323606599999955 ], [ -47.349960299999971, -23.323459799999963 ], [ -47.349949799999941, -23.323197699999977 ], [ -47.349892099999977, -23.323050899999945 ], [ -47.349892099999977, -23.322731099999935 ], [ -47.349918299999956, -23.32245329999995 ], [ -47.349918299999956, -23.322275099999956 ], [ -47.350086099999935, -23.321912699999931 ], [ -47.350112299999971, -23.321779 ], [ -47.350120099999963, -23.321684699999931 ], [ -47.35028269999998, -23.321603399999965 ], [ -47.350311499999975, -23.321511699999977 ], [ -47.350298399999986, -23.321433099999982 ], [ -47.350340299999971, -23.321312799999927 ], [ -47.350373099999963, -23.321284 ], [ -47.350399299999935, -23.321222399999954 ], [ -47.35043729999996, -23.321189599999968 ], [ -47.350492299999985, -23.321179099999942 ], [ -47.350725599999976, -23.321176499999964 ], [ -47.350808199999953, -23.321113599999929 ], [ -47.350855399999944, -23.321104399999957 ], [ -47.350898599999944, -23.3211123 ], [ -47.350953599999968, -23.321092 ], [ -47.350962199999969, -23.321072299999962 ], [ -47.351015899999936, -23.321057899999978 ], [ -47.351034199999965, -23.321014699999974 ], [ -47.351070899999968, -23.321000299999973 ], [ -47.351120699999967, -23.320962899999927 ], [ -47.351213799999982, -23.320922799999945 ], [ -47.351292399999977, -23.320917499999947 ], [ -47.35139, -23.320962699999932 ], [ -47.35143659999995, -23.320955499999961 ], [ -47.35145619999998, -23.320939799999966 ], [ -47.351456899999967, -23.320911599999924 ], [ -47.351445699999942, -23.320875599999958 ], [ -47.351451599999955, -23.320830399999977 ], [ -47.351515199999938, -23.320755299999966 ], [ -47.351546, -23.320704199999966 ], [ -47.351589899999965, -23.320675399999974 ], [ -47.35163579999994, -23.320595799999975 ], [ -47.351654099999962, -23.320582699999942 ], [ -47.351671799999963, -23.32053159999997 ], [ -47.351702599999953, -23.320502699999963 ], [ -47.351703899999968, -23.320463399999944 ], [ -47.35172289999997, -23.320455599999935 ], [ -47.351797, -23.320332399999938 ], [ -47.351828399999924, -23.320238 ], [ -47.351917499999956, -23.320114799999949 ], [ -47.351907, -23.320055899999943 ], [ -47.351942399999984, -23.320000199999981 ], [ -47.35198569999995, -23.319960799999933 ], [ -47.351997499999989, -23.319921499999957 ], [ -47.35199879999994, -23.319820599999957 ], [ -47.352032899999983, -23.319726299999953 ], [ -47.352030199999945, -23.319673799999983 ], [ -47.352010599999971, -23.319588699999926 ], [ -47.352021099999952, -23.319554599999954 ], [ -47.352153399999963, -23.319519199999945 ], [ -47.352246499999978, -23.319548 ], [ -47.352301499999953, -23.319538899999941 ], [ -47.35234209999993, -23.319517899999934 ], [ -47.352395899999983, -23.319512599999936 ], [ -47.35254, -23.319555899999951 ], [ -47.352622599999961, -23.319654199999949 ], [ -47.352667199999985, -23.319645 ], [ -47.352718299999943, -23.319681699999936 ], [ -47.352772, -23.319622699999965 ], [ -47.352985599999954, -23.319462199999965 ], [ -47.35285319999997, -23.319373099999947 ], [ -47.352487599999961, -23.31916569999991 ], [ -47.352139, -23.318997899999928 ], [ -47.351837599999953, -23.31890489999995 ], [ -47.351082699999957, -23.318731899999925 ], [ -47.350863899999979, -23.318688599999977 ], [ -47.350721, -23.318670299999944 ], [ -47.350622099999953, -23.318671099999953 ], [ -47.350532299999941, -23.31869 ], [ -47.3504301, -23.318724 ], [ -47.348518699999936, -23.319670899999956 ], [ -47.348345699999982, -23.319780299999941 ], [ -47.348181499999953, -23.319897399999942 ], [ -47.347824099999961, -23.320220799999944 ], [ -47.347312299999949, -23.320615599999936 ], [ -47.347124299999962, -23.320772199999961 ], [ -47.346897599999977, -23.32102169999995 ], [ -47.346794699999975, -23.321161599999986 ], [ -47.346400199999948, -23.32179129999998 ], [ -47.346261299999981, -23.321966899999939 ], [ -47.34581309999993, -23.322494699999936 ], [ -47.345640099999976, -23.322640199999956 ], [ -47.345188, -23.322887899999948 ], [ -47.34510929999994, -23.32383539999995 ], [ -47.345219399999962, -23.323862899999938 ], [ -47.34585629999998, -23.323725299999985 ], [ -47.346621, -23.324853699999952 ], [ -47.348767699999939, -23.327770899999958 ], [ -47.348770299999956, -23.327762899999986 ], [ -47.349040299999956, -23.327652799999957 ], [ -47.3491504, -23.327490299999958 ], [ -47.349278799999979, -23.327411699999974 ], [ -47.349365299999931, -23.32736969999997 ], [ -47.349493699999982, -23.32725969999996 ], [ -47.349616899999944, -23.327175799999971 ], [ -47.349907799999976, -23.327021099999975 ], [ -47.350618099999963, -23.326717099999932 ], [ -47.350869799999941, -23.326565099999979 ], [ -47.350806899999952, -23.326036899999959 ], [ -47.350801599999954, -23.325831799999943 ], [ -47.350814699999951, -23.325551399999949 ] ] ], [ [ [ -47.325464899999986, -23.31580769999994 ], [ -47.325643199999945, -23.316479699999949 ], [ -47.3258489, -23.317165399999958 ], [ -47.326106, -23.318951699999964 ], [ -47.326383799999981, -23.320717399999978 ], [ -47.32736, -23.321070899999938 ], [ -47.327489499999963, -23.321091199999955 ], [ -47.326930599999969, -23.323316299999934 ], [ -47.32636489999993, -23.325404299999938 ], [ -47.32677979999994, -23.325459199999951 ], [ -47.32781, -23.325503699999956 ], [ -47.328831799999932, -23.325620299999965 ], [ -47.329188299999942, -23.325627199999936 ], [ -47.330858, -23.325603199999929 ], [ -47.331944899999947, -23.325608299999949 ], [ -47.332107399999984, -23.325600199999936 ], [ -47.332094599999948, -23.325547399999941 ], [ -47.332069599999954, -23.325455699999949 ], [ -47.33202689999996, -23.325370599999928 ], [ -47.331944899999939, -23.325246199999974 ], [ -47.3319092, -23.325121799999973 ], [ -47.331877099999986, -23.324859899999982 ], [ -47.331845, -23.324411399999967 ], [ -47.331805799999984, -23.323432499999964 ], [ -47.33182359999995, -23.323265499999927 ], [ -47.331862899999969, -23.323078899999931 ], [ -47.331927, -23.322820299999936 ], [ -47.331991199999948, -23.322568199999971 ], [ -47.332044699999983, -23.322375 ], [ -47.332133799999951, -23.322221199999927 ], [ -47.332222599999966, -23.322072599999959 ], [ -47.332353, -23.321526399999971 ], [ -47.332437599999935, -23.321059399999967 ], [ -47.332462, -23.320645099999982 ], [ -47.332467599999973, -23.320404599999971 ], [ -47.332475399999964, -23.320071199999976 ], [ -47.332494399999973, -23.319260299999936 ], [ -47.332456299999933, -23.31879129999993 ], [ -47.332417299999975, -23.318581399999971 ], [ -47.332388699999967, -23.318428099999934 ], [ -47.332332299999962, -23.318324799999978 ], [ -47.332355399999983, -23.318292199999973 ], [ -47.332376199999942, -23.318263499999929 ], [ -47.33313829999998, -23.317516099999988 ], [ -47.333762499999978, -23.316901499999972 ], [ -47.333801, -23.316869899999972 ], [ -47.333569, -23.316763 ], [ -47.333431699999956, -23.316713599999968 ], [ -47.333358, -23.316697199999965 ], [ -47.33328419999998, -23.316680799999965 ], [ -47.333205899999939, -23.316575199999935 ], [ -47.332816199999968, -23.316343899999932 ], [ -47.332530299999974, -23.31609259999993 ], [ -47.332283, -23.315962799999969 ], [ -47.332238899999936, -23.315939599999986 ], [ -47.331750899999975, -23.315799399999943 ], [ -47.331337499999954, -23.315693799999973 ], [ -47.330998799999975, -23.315653699999924 ], [ -47.33093249999996, -23.315655399999969 ], [ -47.3302839, -23.315671499999958 ], [ -47.330254, -23.315564499999933 ], [ -47.330272199999968, -23.315284099999918 ], [ -47.330239499999948, -23.315087399999985 ], [ -47.330133899999964, -23.314898 ], [ -47.330017299999952, -23.314828799999919 ], [ -47.329832199999942, -23.31480039999996 ], [ -47.329548899999963, -23.314755299999938 ], [ -47.329455499999938, -23.314736099999948 ], [ -47.329463599999933, -23.314707 ], [ -47.32951, -23.314540699999952 ], [ -47.329556199999956, -23.314363499999956 ], [ -47.329865899999959, -23.313194 ], [ -47.330117799999982, -23.312333599999917 ], [ -47.331213399999967, -23.30830909999997 ], [ -47.331537399999945, -23.307109499999971 ], [ -47.331799499999931, -23.305859499999944 ], [ -47.332060599999977, -23.303918799999959 ], [ -47.331979599999954, -23.303902499999936 ], [ -47.33193, -23.30388969999996 ], [ -47.331686599999962, -23.303848799999965 ], [ -47.330595399999936, -23.303482899999953 ], [ -47.329591399999977, -23.303091899999966 ], [ -47.329671499999961, -23.300033399999947 ], [ -47.3284862, -23.300063099999939 ], [ -47.327527699999969, -23.300235299999947 ], [ -47.325252499999976, -23.300577899999965 ], [ -47.324881699999935, -23.300748799999948 ], [ -47.324677699999938, -23.301522199999969 ], [ -47.325327399999942, -23.302808299999985 ], [ -47.325548699999963, -23.303040899999928 ], [ -47.32563609999994, -23.303158699999969 ], [ -47.32558, -23.303339699999974 ], [ -47.325425099999961, -23.303667899999926 ], [ -47.325121699999961, -23.303750799999936 ], [ -47.324933099999953, -23.303869499999966 ], [ -47.325123799999979, -23.304323499999956 ], [ -47.325215799999967, -23.30456369999996 ], [ -47.324916799999983, -23.304618099999963 ], [ -47.324690299999979, -23.304677799999972 ], [ -47.323702899999944, -23.305122499999975 ], [ -47.323903099999939, -23.305503599999945 ], [ -47.323799299999969, -23.305567 ], [ -47.323759799999948, -23.305656799999959 ], [ -47.323767499999974, -23.305770099999972 ], [ -47.323837599999933, -23.305911499999986 ], [ -47.323329399999977, -23.306165299999961 ], [ -47.323594, -23.306687299999972 ], [ -47.32353379999995, -23.306820499999954 ], [ -47.32399, -23.30698109999998 ], [ -47.323506599999973, -23.308246899999975 ], [ -47.323036699999925, -23.308096099999936 ], [ -47.322670799999969, -23.309069399999949 ], [ -47.322555, -23.30910979999992 ], [ -47.322391, -23.309699899999931 ], [ -47.322377899999935, -23.309742399999941 ], [ -47.322369899999956, -23.309768799999972 ], [ -47.322121399999958, -23.309700899999942 ], [ -47.321804499999985, -23.309686299999953 ], [ -47.32161519999994, -23.309704499999945 ], [ -47.321316499999973, -23.309711799999956 ], [ -47.320934099999931, -23.309671699999967 ], [ -47.320788399999969, -23.309631699999951 ], [ -47.320668199999936, -23.309562499999963 ], [ -47.320489799999962, -23.309445899999968 ], [ -47.320322199999964, -23.309413099999972 ], [ -47.319590199999936, -23.30944589999995 ], [ -47.319371699999976, -23.309427699999969 ], [ -47.318195299999957, -23.309136299999988 ], [ -47.317477799999949, -23.308954199999963 ], [ -47.31667659999993, -23.308863199999969 ], [ -47.315685899999941, -23.3088668 ], [ -47.314808299999982, -23.308946 ], [ -47.314657799999964, -23.309003499999946 ], [ -47.314548799999962, -23.309037499999921 ], [ -47.314229099999977, -23.309242 ], [ -47.313569899999955, -23.309653499999964 ], [ -47.312346199999979, -23.310859 ], [ -47.312244199999952, -23.310942799999953 ], [ -47.310962699999948, -23.311686799999958 ], [ -47.312904299999964, -23.312936299999929 ], [ -47.313144299999969, -23.312655199999938 ], [ -47.31346659999997, -23.312854 ], [ -47.313788899999963, -23.312977399999962 ], [ -47.313926, -23.312819699999974 ], [ -47.313977199999947, -23.312621699999962 ], [ -47.316311299999938, -23.313095699999963 ], [ -47.317181099999964, -23.313258799999971 ], [ -47.317508399999952, -23.312399499999973 ], [ -47.318384099999953, -23.312662899999964 ], [ -47.31852379999998, -23.312740899999945 ], [ -47.318213499999949, -23.313126599999961 ], [ -47.321494599999944, -23.315787199999935 ], [ -47.321727799999962, -23.316013399999974 ], [ -47.321912899999973, -23.316466 ], [ -47.322242, -23.316520899999933 ], [ -47.322982599999932, -23.316232899999928 ], [ -47.323421499999931, -23.31610939999997 ], [ -47.324203199999943, -23.315711699999945 ], [ -47.324559799999975, -23.315396299999982 ], [ -47.325026, -23.315272899999968 ], [ -47.325355199999933, -23.315437399999944 ], [ -47.325464899999986, -23.31580769999994 ] ] ], [ [ [ -47.365048099999967, -23.28171279999998 ], [ -47.365163399999972, -23.281533 ], [ -47.365232599999956, -23.281382199999936 ], [ -47.36541109999996, -23.280976099999972 ], [ -47.366115, -23.279350899999947 ], [ -47.366137, -23.279313399999975 ], [ -47.366459599999985, -23.278585399999933 ], [ -47.366708099999983, -23.278033899999969 ], [ -47.366874899999971, -23.277661699999936 ], [ -47.367072399999984, -23.277219499999951 ], [ -47.367094599999973, -23.2770447 ], [ -47.367086499999971, -23.276972199999932 ], [ -47.367079299999951, -23.27690559999996 ], [ -47.366898199999973, -23.276744699999927 ], [ -47.36657089999995, -23.276470499999942 ], [ -47.366302, -23.276247799999958 ], [ -47.36623689999994, -23.276172499999969 ], [ -47.3661709, -23.276057399999956 ], [ -47.366172499999955, -23.275960899999969 ], [ -47.366159899999957, -23.275672199999967 ], [ -47.366134499999937, -23.275484699999925 ], [ -47.366045899999968, -23.275363099999932 ], [ -47.365622799999983, -23.275089499999979 ], [ -47.365511399999946, -23.27502869999995 ], [ -47.363825899999938, -23.274378199999951 ], [ -47.36288959999996, -23.274007899999962 ], [ -47.362420899999961, -23.273810299999976 ], [ -47.362344299999954, -23.273773899999984 ], [ -47.362339399999939, -23.273817 ], [ -47.362331, -23.273891599999942 ], [ -47.362193899999973, -23.274058899999954 ], [ -47.361604199999938, -23.274733099999921 ], [ -47.360860299999956, -23.275588899999946 ], [ -47.360507699999971, -23.277416799999955 ], [ -47.358970199999931, -23.277057699999951 ], [ -47.357899699999969, -23.277122199999951 ], [ -47.35765739999993, -23.277980399999922 ], [ -47.357545099999989, -23.278663799999944 ], [ -47.357045099999937, -23.278717799999971 ], [ -47.358555599999939, -23.280671799999929 ], [ -47.360380199999959, -23.283000199999943 ], [ -47.36218869999994, -23.285250299999976 ], [ -47.363122399999952, -23.286158099999959 ], [ -47.363134899999977, -23.286170499999979 ], [ -47.363238399999943, -23.285946199999955 ], [ -47.363588899999968, -23.284921899999976 ], [ -47.36367, -23.284775899999939 ], [ -47.363794399999968, -23.284624499999953 ], [ -47.36396469999994, -23.284492 ], [ -47.364065399999959, -23.284415 ], [ -47.364192799999962, -23.284225099999958 ], [ -47.364278599999984, -23.284035599999967 ], [ -47.364393899999982, -23.283689499999983 ], [ -47.36445619999995, -23.283484199999979 ], [ -47.364482699999947, -23.283417499999924 ], [ -47.36453, -23.283154199999949 ], [ -47.364586899999949, -23.282901799999934 ], [ -47.364649, -23.282539499999928 ], [ -47.364685799999968, -23.282390099999926 ], [ -47.364779699999985, -23.282160399999945 ], [ -47.364972099999932, -23.281821 ], [ -47.365048099999967, -23.28171279999998 ] ] ], [ [ [ -47.395092299999938, -23.266955199999938 ], [ -47.394196799999982, -23.266942399999948 ], [ -47.3933014, -23.266815799999961 ], [ -47.392939099999985, -23.266774499999933 ], [ -47.392439399999944, -23.266701499999954 ], [ -47.391800599999954, -23.266389199999939 ], [ -47.391593099999959, -23.266135599999924 ], [ -47.391314599999937, -23.265611299999929 ], [ -47.390749899999953, -23.264392399999956 ], [ -47.390575199999944, -23.263750599999973 ], [ -47.390561099999957, -23.263345 ], [ -47.390061699999933, -23.262952699999961 ], [ -47.387648599999977, -23.26095149999998 ], [ -47.383712399999979, -23.257742599999979 ], [ -47.382336399999986, -23.256604499999977 ], [ -47.378862699999949, -23.253784499999941 ], [ -47.376599499999948, -23.25239549999997 ], [ -47.375366, -23.251586399999947 ], [ -47.375014299999982, -23.251347199999948 ], [ -47.374595699999986, -23.251090799999925 ], [ -47.373452799999939, -23.250828 ], [ -47.372948599999972, -23.250660799999931 ], [ -47.372937199999967, -23.250698199999935 ], [ -47.37237, -23.250852899999924 ], [ -47.371658499999967, -23.250886399999956 ], [ -47.371070699999969, -23.250742 ], [ -47.370390099999952, -23.250742 ], [ -47.36973009999997, -23.250772899999959 ], [ -47.369317599999924, -23.251041099999945 ], [ -47.368709099999933, -23.251216399999983 ], [ -47.367860499999956, -23.251182799999977 ], [ -47.367047199999945, -23.250865399999956 ], [ -47.366302799999971, -23.25051719999994 ], [ -47.366147499999961, -23.250407899999967 ], [ -47.366081799999961, -23.250361499999936 ], [ -47.366071799999986, -23.250354499999947 ], [ -47.36518389999997, -23.251353399999974 ], [ -47.364661699999949, -23.251917899999956 ], [ -47.36429319999997, -23.252282299999937 ], [ -47.363785399999983, -23.252705199999966 ], [ -47.363309099999981, -23.25306309999997 ], [ -47.362698899999948, -23.253401799999949 ], [ -47.362714799999935, -23.253418499999952 ], [ -47.362733099999957, -23.253437799999965 ], [ -47.362755799999952, -23.253487399999969 ], [ -47.362828199999967, -23.25364449999994 ], [ -47.362376899999958, -23.254578199999962 ], [ -47.362272599999983, -23.254527599999967 ], [ -47.361998799999981, -23.255358699999945 ], [ -47.361845699999947, -23.255818199999961 ], [ -47.361708799999974, -23.256274399999938 ], [ -47.364478599999984, -23.258004899999946 ], [ -47.364884299999979, -23.258282499999936 ], [ -47.367472599999985, -23.259947899999929 ], [ -47.36749309999994, -23.259961499999971 ], [ -47.368773199999964, -23.260807899999975 ], [ -47.370068099999976, -23.261623299999936 ], [ -47.371174799999949, -23.261977699999932 ], [ -47.372197799999988, -23.262150199999951 ], [ -47.372492399999949, -23.262370599999926 ], [ -47.372547899999972, -23.262630099999964 ], [ -47.372490699999958, -23.263067199999963 ], [ -47.372330499999983, -23.263645 ], [ -47.371890699999938, -23.263617299999972 ], [ -47.371907799999974, -23.263945699999958 ], [ -47.37234559999996, -23.264190599999953 ], [ -47.373942099999958, -23.265115299999941 ], [ -47.375250299999955, -23.265697299999943 ], [ -47.378367599999926, -23.266979699999968 ], [ -47.381704, -23.271397899999947 ], [ -47.385074299999985, -23.275692199999973 ], [ -47.386369499999944, -23.277363799999925 ], [ -47.388375599999968, -23.275683799999968 ], [ -47.390621199999941, -23.273766299999981 ], [ -47.393277699999942, -23.275812199999958 ], [ -47.395235699999944, -23.277397099999973 ], [ -47.397664299999974, -23.274767199999928 ], [ -47.399148199999964, -23.273172299999942 ], [ -47.400671299999942, -23.271328399999952 ], [ -47.395548399999939, -23.267302499999968 ], [ -47.395092299999938, -23.266955199999938 ] ] ], [ [ [ -47.337072099999943, -23.237489399999948 ], [ -47.337088599999959, -23.237417099999959 ], [ -47.337132599999954, -23.237331 ], [ -47.337213199999958, -23.237048799999982 ], [ -47.337196699999936, -23.2366 ], [ -47.337227799999937, -23.23652119999997 ], [ -47.337240699999938, -23.236400299999961 ], [ -47.337163699999962, -23.236006399999951 ], [ -47.337196699999943, -23.235432899999974 ], [ -47.33707579999998, -23.235247899999933 ], [ -47.336899899999928, -23.235185599999959 ], [ -47.336837599999967, -23.235252499999934 ], [ -47.336227499999957, -23.234979499999959 ], [ -47.335732899999989, -23.235291 ], [ -47.335685199999944, -23.235791099999968 ], [ -47.335491, -23.235829599999924 ], [ -47.335322499999961, -23.236263799999961 ], [ -47.335265699999987, -23.236294899999955 ], [ -47.3351833, -23.236326099999918 ], [ -47.334657499999935, -23.23647809999995 ], [ -47.334628099999975, -23.237164199999931 ], [ -47.334595199999967, -23.237325499999947 ], [ -47.334499899999976, -23.237545299999965 ], [ -47.334085899999934, -23.238161799999943 ], [ -47.33383119999997, -23.238020699999936 ], [ -47.333820199999934, -23.238116 ], [ -47.333875199999966, -23.238214899999942 ], [ -47.332609199999979, -23.238553899999935 ], [ -47.332532299999968, -23.238700399999971 ], [ -47.332644, -23.239872 ], [ -47.332662299999988, -23.24015229999997 ], [ -47.332754, -23.240676299999969 ], [ -47.333787199999954, -23.240304399999953 ], [ -47.335024899999951, -23.239787599999946 ], [ -47.335095299999978, -23.239775799999954 ], [ -47.335113599999943, -23.239715399999969 ], [ -47.335088, -23.239651299999924 ], [ -47.335097199999957, -23.238956 ], [ -47.335137499999981, -23.238899199999917 ], [ -47.336612299999956, -23.239029299999963 ], [ -47.336837599999967, -23.239025599999923 ], [ -47.337345099999936, -23.238965199999928 ], [ -47.33750629999998, -23.238959699999949 ], [ -47.337599799999971, -23.238919399999929 ], [ -47.337632699999965, -23.238792899999972 ], [ -47.337486199999944, -23.238317499999944 ], [ -47.337072099999943, -23.237489399999948 ] ] ], [ [ [ -47.378011599999986, -23.232921399999967 ], [ -47.378032799999971, -23.233171099999932 ], [ -47.37812219999995, -23.233453599999965 ], [ -47.378208799999982, -23.233863199999973 ], [ -47.37832439999994, -23.234188899999936 ], [ -47.37933709999993, -23.235110799999976 ], [ -47.37961759999996, -23.235269199999937 ], [ -47.379826, -23.234928699999941 ], [ -47.380034, -23.234683 ], [ -47.380146899999943, -23.234612 ], [ -47.380230099999956, -23.234573799999964 ], [ -47.380551, -23.234464599999967 ], [ -47.381501699999951, -23.234120599999976 ], [ -47.381956899999985, -23.233944399999931 ], [ -47.380489799999971, -23.230889 ], [ -47.379975899999977, -23.231263 ], [ -47.379720299999974, -23.231378399999972 ], [ -47.379587199999946, -23.231157 ], [ -47.379505899999977, -23.231057299999968 ], [ -47.379278599999971, -23.231137299999933 ], [ -47.379327899999964, -23.231270599999952 ], [ -47.378860399999951, -23.231261699999948 ], [ -47.37863619999996, -23.231340399999947 ], [ -47.378321799999981, -23.231635599999933 ], [ -47.378135799999939, -23.231887699999952 ], [ -47.378226899999966, -23.231935299999982 ], [ -47.37817339999998, -23.23206109999995 ], [ -47.378048099999944, -23.232625699999975 ], [ -47.378011599999986, -23.232921399999967 ] ] ], [ [ [ -47.389355799999976, -23.229234399999946 ], [ -47.389316, -23.229468199999939 ], [ -47.389350799999939, -23.229657199999966 ], [ -47.389375699999967, -23.229726899999939 ], [ -47.38954479999996, -23.229881099999943 ], [ -47.389728899999966, -23.230025299999959 ], [ -47.390310899999974, -23.23125779999998 ], [ -47.390773499999966, -23.231091099999958 ], [ -47.3912486, -23.230882199999947 ], [ -47.391400199999971, -23.230867799999949 ], [ -47.391541, -23.230616199999929 ], [ -47.391592, -23.230515499999957 ], [ -47.391606, -23.230429399999935 ], [ -47.391607599999986, -23.230341199999934 ], [ -47.391600099999948, -23.230265499999977 ], [ -47.39157739999996, -23.230143599999963 ], [ -47.39152439999998, -23.229920699999965 ], [ -47.391481499999941, -23.229732399999936 ], [ -47.391495, -23.229355699999935 ], [ -47.391551299999946, -23.229049599999932 ], [ -47.391617699999983, -23.228752799999928 ], [ -47.391738799999985, -23.228336599999977 ], [ -47.391832099999931, -23.227962399999967 ], [ -47.391991099999984, -23.227426799999929 ], [ -47.392107899999985, -23.227021499999978 ], [ -47.392251699999974, -23.226551399999938 ], [ -47.392527299999983, -23.22579449999996 ], [ -47.3925991, -23.225626399999946 ], [ -47.392667199999956, -23.225468099999933 ], [ -47.39276, -23.22522819999995 ], [ -47.392865299999983, -23.224918499999944 ], [ -47.393003499999963, -23.224496599999949 ], [ -47.393036399999978, -23.224296499999976 ], [ -47.393097, -23.223968899999928 ], [ -47.393111699999963, -23.223901599999973 ], [ -47.393011299999955, -23.223879399999927 ], [ -47.389466699999957, -23.222934199999937 ], [ -47.386030499999947, -23.22203339999993 ], [ -47.384642499999984, -23.220782599999936 ], [ -47.383708899999931, -23.221947399999969 ], [ -47.384847299999926, -23.222967 ], [ -47.38539, -23.223444599999929 ], [ -47.38555539999993, -23.22357779999993 ], [ -47.385585699999979, -23.223577799999926 ], [ -47.387522699999984, -23.224749899999942 ], [ -47.387584899999986, -23.224842 ], [ -47.38772419999998, -23.225498599999973 ], [ -47.389355799999976, -23.229234399999946 ] ] ], [ [ [ -47.344551199999955, -23.215358599999949 ], [ -47.343559299999981, -23.214689299999964 ], [ -47.343518, -23.214659199999971 ], [ -47.343388799999964, -23.214831299999958 ], [ -47.343317, -23.214927 ], [ -47.343312099999935, -23.214933099999929 ], [ -47.343178, -23.215099 ], [ -47.343154099999943, -23.215129399999952 ], [ -47.343079599999953, -23.215224399999954 ], [ -47.343072799999966, -23.215233 ], [ -47.342697, -23.215712 ], [ -47.342533, -23.215913 ], [ -47.342194, -23.216728 ], [ -47.341888, -23.217558 ], [ -47.341659, -23.218218 ], [ -47.341432, -23.218577 ], [ -47.341154, -23.218818 ], [ -47.340679, -23.219174 ], [ -47.34050289999994, -23.21928239999993 ], [ -47.339976, -23.219607 ], [ -47.339655299999947, -23.219784199999943 ], [ -47.339263, -23.220001 ], [ -47.338684699999938, -23.220290899999949 ], [ -47.339981399999942, -23.220053699999937 ], [ -47.342035299999964, -23.220069099999925 ], [ -47.343421699999965, -23.220240499999928 ], [ -47.343681599999968, -23.220630599999936 ], [ -47.344007, -23.221110499999941 ], [ -47.34445409999995, -23.221034799999927 ], [ -47.347335799999939, -23.220950499999965 ], [ -47.347490699999987, -23.215817799999964 ], [ -47.346464799999978, -23.215825199999983 ], [ -47.345696699999955, -23.216295899999974 ], [ -47.345209299999965, -23.215821399999985 ], [ -47.344551199999955, -23.215358599999949 ] ] ], [ [ [ -47.222432399999946, -23.412295 ], [ -47.222011299999963, -23.411963 ], [ -47.221669799999972, -23.411796099999936 ], [ -47.221419499999968, -23.411697499999946 ], [ -47.221093199999984, -23.411583699999941 ], [ -47.220554499999935, -23.411272599999954 ], [ -47.220448299999923, -23.411113199999924 ], [ -47.220326899999975, -23.410969099999942 ], [ -47.220190299999956, -23.410832499999966 ], [ -47.2199399, -23.410779399999967 ], [ -47.219666799999978, -23.410893199999972 ], [ -47.219477099999956, -23.410908399999986 ], [ -47.218054399999964, -23.410718699999965 ], [ -47.217728199999961, -23.410779399999967 ], [ -47.21721979999996, -23.410779399999967 ], [ -47.217052899999949, -23.410726299999961 ], [ -47.216893499999962, -23.410688299999943 ], [ -47.216476199999924, -23.410453099999931 ], [ -47.215463299999954, -23.40967349999994 ], [ -47.215114299999975, -23.409445899999984 ], [ -47.214848699999948, -23.409248599999959 ], [ -47.214218899999935, -23.408929899999976 ], [ -47.213814199999945, -23.408931099999958 ], [ -47.213422299999934, -23.408869199999963 ], [ -47.213012499999934, -23.408755399999954 ], [ -47.2123448, -23.408641599999957 ], [ -47.211942699999952, -23.40843679999994 ], [ -47.211586099999977, -23.408345699999913 ], [ -47.211206699999941, -23.408332399999946 ], [ -47.210713499999947, -23.408332399999946 ], [ -47.209962399999938, -23.408415899999962 ], [ -47.209484399999951, -23.408393099999955 ], [ -47.209196, -23.408461399999961 ], [ -47.208885, -23.40858279999998 ], [ -47.208722299999977, -23.40886559999996 ], [ -47.208487, -23.408793599999971 ], [ -47.207928899999949, -23.4091898 ], [ -47.207640599999941, -23.409356699999925 ], [ -47.207428199999981, -23.409508499999951 ], [ -47.206988099999933, -23.40962229999996 ], [ -47.206760499999973, -23.409827199999935 ], [ -47.206570799999959, -23.409865099999941 ], [ -47.206058599999949, -23.410280499999935 ], [ -47.206066199999952, -23.41046259999996 ], [ -47.205990299999939, -23.410659899999935 ], [ -47.205906899999945, -23.410917899999955 ], [ -47.205755099999976, -23.4111 ], [ -47.205611, -23.411244099999976 ], [ -47.205648899999964, -23.411697499999946 ], [ -47.205823399999979, -23.411887199999956 ], [ -47.205853799999943, -23.412001 ], [ -47.205838599999936, -23.412167899999933 ], [ -47.205853799999936, -23.412403099999946 ], [ -47.205944799999941, -23.412752099999981 ], [ -47.206005499999947, -23.412934199999945 ], [ -47.206020699999954, -23.413245299999964 ], [ -47.206142099999965, -23.413685399999956 ], [ -47.206430399999938, -23.414305699999943 ], [ -47.206346899999971, -23.414449799999936 ], [ -47.206390699999986, -23.414944399999968 ], [ -47.206179899999945, -23.414623699999929 ], [ -47.205857199999969, -23.413959599999945 ], [ -47.2049909, -23.413464299999919 ], [ -47.203521299999984, -23.413449899999936 ], [ -47.203020699999975, -23.413590599999967 ], [ -47.203363699999947, -23.414368099999926 ], [ -47.20290319999998, -23.414849599999968 ], [ -47.201840199999936, -23.414306299999968 ], [ -47.20082119999995, -23.413571099999963 ], [ -47.19919909999993, -23.413920799999957 ], [ -47.198327, -23.414677499999989 ], [ -47.196822699999984, -23.41537109999997 ], [ -47.196791199999943, -23.415374599999947 ], [ -47.196557899999959, -23.414877899999954 ], [ -47.196396299999954, -23.414598699999935 ], [ -47.196424799999932, -23.414494 ], [ -47.196662499999952, -23.414441699999937 ], [ -47.196862099999969, -23.414389299999971 ], [ -47.197004699999987, -23.414293299999944 ], [ -47.197169699999961, -23.414066299999952 ], [ -47.197128199999952, -23.414046199999976 ], [ -47.196045199999958, -23.413521499999952 ], [ -47.195238, -23.413021 ], [ -47.194576099999956, -23.412456 ], [ -47.193833499999982, -23.411777899999951 ], [ -47.192945599999973, -23.410922299999971 ], [ -47.1925581, -23.410486399999968 ], [ -47.192316, -23.410260399999974 ], [ -47.192009199999966, -23.410195799999943 ], [ -47.191541, -23.410211899999975 ], [ -47.19115359999995, -23.410373399999955 ], [ -47.191008299999972, -23.410647799999936 ], [ -47.19075, -23.410857699999948 ], [ -47.190540099999964, -23.411229 ], [ -47.190443199999947, -23.411761799999958 ], [ -47.190265699999941, -23.41235909999995 ], [ -47.190071899999964, -23.412633499999966 ], [ -47.189636, -23.41276269999997 ], [ -47.18882879999996, -23.412665799999949 ], [ -47.187908599999957, -23.412342899999935 ], [ -47.187036799999937, -23.412020099999939 ], [ -47.18632649999995, -23.411632599999969 ], [ -47.185567699999979, -23.411293599999969 ], [ -47.185051099999953, -23.411212899999949 ], [ -47.184453799999972, -23.411261299999982 ], [ -47.18379189999996, -23.411519599999949 ], [ -47.183097699999962, -23.411987799999963 ], [ -47.182758699999972, -23.412229899999939 ], [ -47.182322799999959, -23.412342899999938 ], [ -47.181838499999969, -23.412229899999936 ], [ -47.181225, -23.411923199999929 ], [ -47.180740699999944, -23.41161649999998 ], [ -47.180498499999949, -23.411600299999971 ], [ -47.180111, -23.412003899999942 ], [ -47.179707399999984, -23.41242369999998 ], [ -47.179303799999957, -23.412682 ], [ -47.178464299999973, -23.413085599999931 ], [ -47.177592599999969, -23.41336 ], [ -47.176446299999952, -23.41353759999992 ], [ -47.175526099999956, -23.413569899999956 ], [ -47.174460599999968, -23.413828199999958 ], [ -47.173346699999968, -23.413957399999955 ], [ -47.172765499999976, -23.413860499999938 ], [ -47.172055199999932, -23.413989599999979 ], [ -47.171457799999985, -23.414296399999948 ], [ -47.170957399999963, -23.414909899999937 ], [ -47.170376199999964, -23.416056099999928 ], [ -47.169843399999934, -23.416782599999973 ], [ -47.16916539999994, -23.417299199999952 ], [ -47.168422699999951, -23.417428299999983 ], [ -47.167833499999972, -23.417634199999949 ], [ -47.16751869999996, -23.417779499999938 ], [ -47.167254399999933, -23.418096399999971 ], [ -47.167419, -23.418255 ], [ -47.167493, -23.418293 ], [ -47.168542, -23.418526 ], [ -47.168945, -23.41869 ], [ -47.16905, -23.418793 ], [ -47.169339, -23.419311 ], [ -47.169679, -23.419587 ], [ -47.169844, -23.419666 ], [ -47.169847, -23.419666499999959 ], [ -47.16985, -23.419667 ], [ -47.169991, -23.419697 ], [ -47.170312, -23.419664 ], [ -47.171482, -23.419041 ], [ -47.17148339999995, -23.419040599999946 ], [ -47.171806, -23.418935 ], [ -47.171956, -23.418841 ], [ -47.172082, -23.418807 ], [ -47.172666, -23.418766 ], [ -47.173339, -23.418525 ], [ -47.173775, -23.41858 ], [ -47.174079, -23.418544 ], [ -47.174144, -23.418521 ], [ -47.174289, -23.41848 ], [ -47.174529, -23.418401 ], [ -47.174648, -23.418373 ], [ -47.17472, -23.41837 ], [ -47.174905299999978, -23.418396399999946 ], [ -47.174904699999956, -23.4170071 ], [ -47.181098199999951, -23.417524 ], [ -47.182221199999958, -23.417470799999929 ], [ -47.184363, -23.416975299999933 ], [ -47.18583, -23.416028199999964 ], [ -47.187286599999943, -23.41596659999993 ], [ -47.187468599999939, -23.41687289999992 ], [ -47.188107499999944, -23.416902099999966 ], [ -47.189562, -23.416831699999928 ], [ -47.189664499999935, -23.415791299999952 ], [ -47.191805399999964, -23.415642099999946 ], [ -47.192010099999948, -23.416637099999939 ], [ -47.192124, -23.416858799999943 ], [ -47.193425199999979, -23.416702699999977 ], [ -47.194248199999947, -23.416142 ], [ -47.195367699999963, -23.416091699999981 ], [ -47.196341699999948, -23.415894599999945 ], [ -47.196653, -23.416099299999921 ], [ -47.196645699999976, -23.416105599999973 ], [ -47.196462799999956, -23.416265 ], [ -47.196177599999949, -23.416343499999979 ], [ -47.195778299999972, -23.416395899999952 ], [ -47.195597699999944, -23.416483099999944 ], [ -47.195426499999932, -23.41671869999994 ], [ -47.195350499999961, -23.416919299999964 ], [ -47.195331499999952, -23.417268299999936 ], [ -47.195426499999932, -23.41766089999993 ], [ -47.19546459999998, -23.417870299999962 ], [ -47.195323799999983, -23.418252099999961 ], [ -47.195468299999966, -23.418222499999949 ], [ -47.195853799999959, -23.418534799999968 ], [ -47.195834, -23.418882599999961 ], [ -47.195443599999983, -23.419655499999966 ], [ -47.195412899999958, -23.419884899999932 ], [ -47.195403099999965, -23.419957499999956 ], [ -47.195368499999972, -23.42021579999993 ], [ -47.195362599999946, -23.420259399999953 ], [ -47.19542759999996, -23.420521 ], [ -47.19622889999993, -23.421528899999942 ], [ -47.196724199999949, -23.421574599999925 ], [ -47.197316499999943, -23.421353199999938 ], [ -47.198043, -23.421282199999943 ], [ -47.19881, -23.42141609999992 ], [ -47.19976029999998, -23.421795099999933 ], [ -47.200070499999981, -23.421820199999949 ], [ -47.200421799999965, -23.421711399999928 ], [ -47.200601699999936, -23.421336399999966 ], [ -47.200821299999966, -23.421124899999949 ], [ -47.20164189999997, -23.421090299999943 ], [ -47.202452, -23.420651 ], [ -47.202650899999981, -23.420363899999924 ], [ -47.202550599999945, -23.419838399999954 ], [ -47.202677899999969, -23.419698699999969 ], [ -47.202710899999943, -23.419662499999951 ], [ -47.202850799999965, -23.419509099999967 ], [ -47.20287129999997, -23.419486599999971 ], [ -47.202938099999983, -23.419334699999972 ], [ -47.202975099999946, -23.419250499999976 ], [ -47.20305719999994, -23.419063599999962 ], [ -47.203103099999964, -23.418959299999976 ], [ -47.203246799999938, -23.418830699999937 ], [ -47.203718299999942, -23.418653399999972 ], [ -47.204857799999957, -23.418647 ], [ -47.204871099999941, -23.41864309999994 ], [ -47.20516809999998, -23.418555299999962 ], [ -47.205757899999988, -23.418247399999924 ], [ -47.206115399999938, -23.418228799999945 ], [ -47.207503199999969, -23.417487299999948 ], [ -47.207778599999983, -23.417447099999944 ], [ -47.20811979999997, -23.417521899999933 ], [ -47.208291, -23.417559499999975 ], [ -47.20866939999997, -23.417642599999965 ], [ -47.208803399999965, -23.417672 ], [ -47.209393499999983, -23.417663399999984 ], [ -47.209816099999962, -23.417502799999951 ], [ -47.210255, -23.417462499999935 ], [ -47.211041199999954, -23.41754589999994 ], [ -47.211967299999976, -23.417545699999941 ], [ -47.212177899999972, -23.417545699999945 ], [ -47.212510499999958, -23.4175456 ], [ -47.213316099999986, -23.417689199999916 ], [ -47.21498269999995, -23.417737799999941 ], [ -47.216476599999964, -23.417677499999964 ], [ -47.218508899999961, -23.417989 ], [ -47.219431099999952, -23.417978499999943 ], [ -47.22110969999995, -23.417678899999945 ], [ -47.22129589999998, -23.417672299999936 ], [ -47.222128299999959, -23.417642899999979 ], [ -47.224141699999961, -23.418034399999954 ], [ -47.225443599999956, -23.418128399999954 ], [ -47.225350299999945, -23.41529769999994 ], [ -47.225222, -23.415297699999947 ], [ -47.225065099999938, -23.415271499999964 ], [ -47.224883199999972, -23.415220199999961 ], [ -47.224787, -23.415193 ], [ -47.224416299999973, -23.415134099999925 ], [ -47.223368099999959, -23.414931299999967 ], [ -47.224132, -23.413205499999933 ], [ -47.223896799999984, -23.41314479999993 ], [ -47.223471899999936, -23.413015799999982 ], [ -47.223206299999958, -23.412689499999942 ], [ -47.222834499999976, -23.412537799999939 ], [ -47.222432399999946, -23.412295 ] ] ], [ [ [ -47.296693899999987, -23.4149111 ], [ -47.296794799999937, -23.414808799999935 ], [ -47.297306399999975, -23.414667499999961 ], [ -47.297745499999962, -23.414594899999951 ], [ -47.298318199999983, -23.41458729999993 ], [ -47.298761199999952, -23.414659799999974 ], [ -47.299314799999941, -23.414671299999956 ], [ -47.299773, -23.414564399999957 ], [ -47.30008609999993, -23.414289499999942 ], [ -47.301687799999968, -23.413092499999955 ], [ -47.301435799999972, -23.412586599999937 ], [ -47.301306, -23.41222 ], [ -47.301107399999978, -23.411838199999973 ], [ -47.300782899999945, -23.411460199999958 ], [ -47.300290299999979, -23.411200599999972 ], [ -47.29977109999993, -23.411158599999958 ], [ -47.297912599999961, -23.411410599999954 ], [ -47.296560899999982, -23.411815299999937 ], [ -47.296156199999984, -23.412048199999958 ], [ -47.294846599999971, -23.411876399999983 ], [ -47.292865899999981, -23.411716 ], [ -47.291826299999975, -23.41178339999993 ], [ -47.291583799999955, -23.411822699999952 ], [ -47.291355699999947, -23.411848899999935 ], [ -47.291251099999954, -23.411883799999938 ], [ -47.29116549999997, -23.411940499999947 ], [ -47.29102289999998, -23.412119299999972 ], [ -47.290832799999976, -23.412407199999965 ], [ -47.290732899999966, -23.412520699999948 ], [ -47.2905856, -23.412586099999945 ], [ -47.290186299999966, -23.412734399999966 ], [ -47.28998189999993, -23.412799799999956 ], [ -47.289891599999983, -23.412891399999978 ], [ -47.289587299999944, -23.413524 ], [ -47.289558799999959, -23.413606799999965 ], [ -47.289530299999974, -23.413733299999933 ], [ -47.289554, -23.413877299999964 ], [ -47.289644399999986, -23.414130299999947 ], [ -47.289777499999957, -23.414261199999935 ], [ -47.289929599999937, -23.414352799999971 ], [ -47.290732899999966, -23.415286299999931 ], [ -47.290970599999987, -23.41557419999998 ], [ -47.291797699999968, -23.416328799999977 ], [ -47.291636099999941, -23.416533799999975 ], [ -47.291132199999943, -23.416904599999953 ], [ -47.291003899999964, -23.417035499999947 ], [ -47.290937299999946, -23.417162 ], [ -47.290908799999954, -23.417323399999926 ], [ -47.290904099999977, -23.417685399999975 ], [ -47.290920699999958, -23.41808779999997 ], [ -47.29089689999995, -23.418127099999932 ], [ -47.290854199999956, -23.418157599999972 ], [ -47.290806599999932, -23.418231799999951 ], [ -47.290792399999937, -23.418327699999971 ], [ -47.290763799999986, -23.418441099999942 ], [ -47.290697299999977, -23.418532699999965 ], [ -47.290607, -23.418602499999967 ], [ -47.290545199999947, -23.418681 ], [ -47.290488099999948, -23.41879449999993 ], [ -47.290283699999975, -23.419117199999953 ], [ -47.29015059999994, -23.419365899999956 ], [ -47.290131599999945, -23.419466199999928 ], [ -47.290150599999954, -23.419601399999973 ], [ -47.290193399999964, -23.41976279999994 ], [ -47.290402599999943, -23.420042 ], [ -47.290583199999958, -23.420251399999923 ], [ -47.290697299999977, -23.420408399999925 ], [ -47.290806599999947, -23.42051309999994 ], [ -47.290958699999976, -23.420635199999936 ], [ -47.291020499999945, -23.42077919999997 ], [ -47.291006299999935, -23.420971099999978 ], [ -47.290963499999975, -23.421119399999945 ], [ -47.290954, -23.421638499999975 ], [ -47.290850399999954, -23.421930499999963 ], [ -47.290565299999976, -23.422276599999968 ], [ -47.290483799999947, -23.422521 ], [ -47.29050419999993, -23.422801 ], [ -47.290544899999986, -23.423065699999935 ], [ -47.290463399999972, -23.423340599999971 ], [ -47.290285299999937, -23.424109399999963 ], [ -47.290203799999972, -23.424425 ], [ -47.290163099999972, -23.424730499999953 ], [ -47.291140499999983, -23.424811899999948 ], [ -47.292840899999923, -23.424587899999949 ], [ -47.293877399999985, -23.42430139999993 ], [ -47.294360499999982, -23.424263599999971 ], [ -47.294947599999944, -23.422805899999954 ], [ -47.296159499999931, -23.420692599999938 ], [ -47.297269199999967, -23.418981799999976 ], [ -47.297438599999971, -23.418720699999941 ], [ -47.297776, -23.417802199999986 ], [ -47.297846599999964, -23.417720399999943 ], [ -47.297898899999957, -23.417659799999974 ], [ -47.29765649999996, -23.41762759999995 ], [ -47.297464, -23.417506599999964 ], [ -47.297250099999978, -23.417345199999946 ], [ -47.296865099999941, -23.417127099999977 ], [ -47.296817499999975, -23.417066 ], [ -47.296808, -23.41700059999993 ], [ -47.296893599999976, -23.416782499999954 ], [ -47.296998199999962, -23.416437899999952 ], [ -47.297021899999955, -23.416276499999981 ], [ -47.297007699999938, -23.415975499999934 ], [ -47.296917399999984, -23.415587299999963 ], [ -47.296827, -23.415247 ], [ -47.296693899999987, -23.4149111 ] ] ], [ [ [ -47.305119299999951, -23.420480799999943 ], [ -47.305148599999939, -23.42057849999998 ], [ -47.305179899999985, -23.42069779999996 ], [ -47.305263099999927, -23.42095119999993 ], [ -47.305452599999974, -23.421267599999954 ], [ -47.305944399999923, -23.421043199999932 ], [ -47.30583, -23.420794599999969 ], [ -47.305754099999945, -23.42065939999997 ], [ -47.305902799999949, -23.420518 ], [ -47.30618759999993, -23.420514799999978 ], [ -47.306357599999956, -23.420496399999934 ], [ -47.307384099999986, -23.420273899999923 ], [ -47.308047199999976, -23.42072619999993 ], [ -47.308472599999959, -23.421349299999989 ], [ -47.309522199999947, -23.420679099999965 ], [ -47.312172099999941, -23.418641599999937 ], [ -47.310799899999957, -23.417147 ], [ -47.310116499999936, -23.415858199999949 ], [ -47.310855399999973, -23.415445299999934 ], [ -47.311114099999934, -23.415206 ], [ -47.311724399999953, -23.414877599999951 ], [ -47.312081199999973, -23.414618399999924 ], [ -47.312398799999983, -23.414308199999933 ], [ -47.312030299999954, -23.414054699999955 ], [ -47.311977699999943, -23.414017899999976 ], [ -47.311570499999959, -23.413741799999968 ], [ -47.311039399999977, -23.413339499999935 ], [ -47.310453299999949, -23.412869499999946 ], [ -47.310313799999967, -23.412725099999935 ], [ -47.310221399999932, -23.412555099999963 ], [ -47.310175599999987, -23.412408799999977 ], [ -47.310174399999937, -23.411799899999945 ], [ -47.310083399999947, -23.411528799999918 ], [ -47.309836, -23.410891599999957 ], [ -47.309770399999934, -23.410766299999977 ], [ -47.308756499999966, -23.409783899999976 ], [ -47.308579, -23.409612099999936 ], [ -47.308028899999954, -23.409079499999962 ], [ -47.307920399999944, -23.409000299999949 ], [ -47.307753799999944, -23.40896889999992 ], [ -47.307578099999944, -23.40888939999995 ], [ -47.307467899999949, -23.408791499999946 ], [ -47.307210599999962, -23.408466699999966 ], [ -47.306939499999942, -23.40875989999995 ], [ -47.3068593, -23.408654399999929 ], [ -47.306834, -23.408661399999968 ], [ -47.306804899999975, -23.408670499999964 ], [ -47.306678099999935, -23.40871309999995 ], [ -47.306637799999969, -23.408726399999981 ], [ -47.306596399999933, -23.40874 ], [ -47.306453499999975, -23.408829699999956 ], [ -47.306486499999956, -23.408924799999955 ], [ -47.306434599999932, -23.409068599999951 ], [ -47.306323, -23.409064699999917 ], [ -47.306151, -23.409799299999968 ], [ -47.306109399999968, -23.409999399999947 ], [ -47.30599739999996, -23.410538599999931 ], [ -47.305924399999981, -23.411248499999939 ], [ -47.305882499999946, -23.412576899999976 ], [ -47.305832399999986, -23.412877399999953 ], [ -47.305511, -23.414266899999966 ], [ -47.305181499999954, -23.415422299999918 ], [ -47.304915, -23.416529799999974 ], [ -47.304734099999962, -23.417284899999967 ], [ -47.304611099999931, -23.417273599999927 ], [ -47.30450929999995, -23.417274799999976 ], [ -47.303429799999954, -23.417179399999945 ], [ -47.303390499999978, -23.417212499999934 ], [ -47.30340579999995, -23.417460599999949 ], [ -47.303549599999947, -23.418312699999944 ], [ -47.303623399999942, -23.418568599999961 ], [ -47.303926399999966, -23.419179499999931 ], [ -47.304219699999969, -23.419582599999963 ], [ -47.304291499999977, -23.41958 ], [ -47.304582299999943, -23.419977499999955 ], [ -47.30494269999997, -23.420288399999937 ], [ -47.305056099999945, -23.420385 ], [ -47.305119299999951, -23.420480799999943 ] ] ], [ [ [ -47.279131499999949, -23.40742239999997 ], [ -47.279934899999944, -23.407287099999966 ], [ -47.28020859999998, -23.407249499999974 ], [ -47.278831199999956, -23.405175 ], [ -47.277869, -23.403687299999941 ], [ -47.27763989999994, -23.403370399999979 ], [ -47.277485299999974, -23.403301699999918 ], [ -47.27739749999995, -23.40332079999996 ], [ -47.27720469999997, -23.403446799999983 ], [ -47.276445699999961, -23.40438169999992 ], [ -47.27743449999997, -23.405941299999945 ], [ -47.277154, -23.406163799999931 ], [ -47.276902099999973, -23.406425599999984 ], [ -47.276569299999949, -23.40696209999993 ], [ -47.276469499999962, -23.407149699999934 ], [ -47.276403, -23.40721949999994 ], [ -47.276911599999956, -23.408373199999961 ], [ -47.277366, -23.409588299999935 ], [ -47.277173199999936, -23.40973919999993 ], [ -47.27704909999995, -23.409853699999925 ], [ -47.276972699999931, -23.409935799999968 ], [ -47.276884899999978, -23.410071299999963 ], [ -47.276818099999957, -23.410225 ], [ -47.276743599999975, -23.410333799999922 ], [ -47.276592799999946, -23.410473199999949 ], [ -47.276295, -23.410690799999937 ], [ -47.276406, -23.411002 ], [ -47.278668299999936, -23.40996209999998 ], [ -47.28031029999994, -23.409433 ], [ -47.280121099999974, -23.409288399999983 ], [ -47.279787499999941, -23.409245799999962 ], [ -47.279573599999935, -23.409237099999935 ], [ -47.279440499999964, -23.409197799999951 ], [ -47.279388199999971, -23.409141099999935 ], [ -47.279364399999963, -23.40904519999998 ], [ -47.279269399999983, -23.408438799999931 ], [ -47.279155299999957, -23.408050499999934 ], [ -47.279098199999964, -23.407941499999939 ], [ -47.279026899999963, -23.407841099999917 ], [ -47.278627599999929, -23.407514 ], [ -47.278741699999962, -23.40747029999995 ], [ -47.279131499999949, -23.40742239999997 ] ] ], [ [ [ -47.212462199999955, -23.391143499999949 ], [ -47.212353199999946, -23.391102499999928 ], [ -47.212286199999937, -23.390970499999973 ], [ -47.212214199999956, -23.390855499999926 ], [ -47.212043199999989, -23.390413499999966 ], [ -47.211921199999949, -23.390134499999931 ], [ -47.211786199999956, -23.389955499999925 ], [ -47.211638199999975, -23.389866499999979 ], [ -47.211397199999965, -23.389862499999925 ], [ -47.211125199999977, -23.389989499999952 ], [ -47.21065119999998, -23.390196499999945 ], [ -47.210534199999977, -23.390323499999965 ], [ -47.210429199999972, -23.39032659999998 ], [ -47.210400599999957, -23.390305899999937 ], [ -47.210403199999973, -23.390371499999944 ], [ -47.210364899999952, -23.390399699999918 ], [ -47.209554399999945, -23.390997 ], [ -47.209114099999965, -23.391103599999955 ], [ -47.207263, -23.392496 ], [ -47.20773829999996, -23.392801399999939 ], [ -47.208289699999973, -23.393098099999968 ], [ -47.208508399999971, -23.393229 ], [ -47.208603499999974, -23.393325 ], [ -47.208660499999951, -23.393490799999931 ], [ -47.208660499999951, -23.393682699999939 ], [ -47.208698499999969, -23.393848499999944 ], [ -47.208755599999968, -23.393988099999945 ], [ -47.208888699999932, -23.394188799999942 ], [ -47.209135899999978, -23.394407 ], [ -47.209230899999966, -23.394494199999937 ], [ -47.209354499999961, -23.394668699999958 ], [ -47.209525699999972, -23.394982899999945 ], [ -47.209668299999983, -23.3951661 ], [ -47.20984889999994, -23.395305699999938 ], [ -47.21010559999997, -23.395471499999918 ], [ -47.210333799999944, -23.395628599999952 ], [ -47.21054289999995, -23.396003699999945 ], [ -47.210676, -23.39627419999993 ], [ -47.210695, -23.396448699999947 ], [ -47.210638, -23.396649399999948 ], [ -47.210647499999936, -23.396867599999954 ], [ -47.210666499999952, -23.397181699999976 ], [ -47.210666499999945, -23.397426 ], [ -47.210590499999974, -23.397661599999928 ], [ -47.210504899999933, -23.397731399999927 ], [ -47.210352799999953, -23.397853499999943 ], [ -47.210229199999958, -23.397993199999974 ], [ -47.210181699999964, -23.398141499999944 ], [ -47.210229199999958, -23.398368299999955 ], [ -47.210333799999951, -23.398682499999943 ], [ -47.2105524, -23.39911 ], [ -47.210685499999954, -23.399275799999941 ], [ -47.21079009999994, -23.399336899999973 ], [ -47.211056299999939, -23.399328099999938 ], [ -47.211246499999966, -23.399240899999935 ], [ -47.21142709999998, -23.399118699999981 ], [ -47.211588699999936, -23.399075099999948 ], [ -47.211778899999949, -23.399057599999932 ], [ -47.212083299999961, -23.399064399999919 ], [ -47.21222279999995, -23.399033399999951 ], [ -47.212440099999981, -23.398867699999975 ], [ -47.212579499999947, -23.398694699999961 ], [ -47.212690399999985, -23.398482599999962 ], [ -47.212755099999981, -23.398378 ], [ -47.212767499999984, -23.398293899999938 ], [ -47.212757299999971, -23.398196399999968 ], [ -47.212784299999953, -23.398116099999985 ], [ -47.212872499999946, -23.398015399999959 ], [ -47.213025399999935, -23.397940799999962 ], [ -47.213182899999929, -23.397961399999922 ], [ -47.213295, -23.397999899999952 ], [ -47.213355699999973, -23.398045799999981 ], [ -47.213475399999943, -23.398098 ], [ -47.213717399999943, -23.398074199999925 ], [ -47.214076899999952, -23.398019399999935 ], [ -47.214316899999979, -23.397926399999971 ], [ -47.214562599999965, -23.397814399999962 ], [ -47.214801099999931, -23.397774699999946 ], [ -47.215077799999968, -23.397635399999949 ], [ -47.215402499999982, -23.397390599999937 ], [ -47.215416299999958, -23.397414 ], [ -47.215803799999954, -23.398071699999946 ], [ -47.219687399999948, -23.402011599999987 ], [ -47.219718499999942, -23.402043299999935 ], [ -47.219855199999976, -23.401967 ], [ -47.220259299999945, -23.401928799999954 ], [ -47.22066929999994, -23.401841499999925 ], [ -47.220776199999939, -23.401776099999939 ], [ -47.221149399999945, -23.401544299999951 ], [ -47.220549, -23.40154419999994 ], [ -47.220415399999979, -23.401490099999936 ], [ -47.220317199999954, -23.401432399999972 ], [ -47.220230799999975, -23.401345899999956 ], [ -47.22002649999996, -23.401129599999937 ], [ -47.220036399999969, -23.401091899999972 ], [ -47.220252299999977, -23.400269099999946 ], [ -47.222270699999967, -23.399914399999947 ], [ -47.220924099999941, -23.397441699999952 ], [ -47.220909199999937, -23.397414499999964 ], [ -47.221283199999959, -23.397039499999945 ], [ -47.221592199999975, -23.396774499999935 ], [ -47.22201519999993, -23.396525499999949 ], [ -47.222315199999969, -23.396471499999972 ], [ -47.222672199999977, -23.396365499999934 ], [ -47.22303119999998, -23.39618449999994 ], [ -47.223346199999988, -23.395904499999961 ], [ -47.223625199999958, -23.395708499999948 ], [ -47.223931199999988, -23.395617499999958 ], [ -47.224017699999933, -23.395588 ], [ -47.224104199999942, -23.395558499999936 ], [ -47.224211699999955, -23.395476499999972 ], [ -47.224319199999975, -23.395394499999956 ], [ -47.224442199999942, -23.395246499999924 ], [ -47.224502199999961, -23.395109499999915 ], [ -47.224526199999957, -23.39469849999994 ], [ -47.224592199999968, -23.394513499999952 ], [ -47.224670199999927, -23.394286499999961 ], [ -47.224646199999938, -23.394070699999929 ], [ -47.224646399999983, -23.394015199999956 ], [ -47.224672099999957, -23.393931499999951 ], [ -47.224686799999972, -23.393883499999955 ], [ -47.224693799999955, -23.393850499999928 ], [ -47.224771699999962, -23.393481399999924 ], [ -47.224959, -23.392975599999936 ], [ -47.225144, -23.392452299999956 ], [ -47.225123899999971, -23.392206599999938 ], [ -47.225316299999982, -23.391875899999949 ], [ -47.225564199999951, -23.391780099999941 ], [ -47.22599729999996, -23.391604099999935 ], [ -47.226487299999981, -23.39129 ], [ -47.226746699999985, -23.390962299999945 ], [ -47.227168899999988, -23.390665599999974 ], [ -47.227783299999942, -23.390011899999937 ], [ -47.228114799999958, -23.389684799999934 ], [ -47.228356799999972, -23.389281799999932 ], [ -47.228384099999978, -23.389132899999932 ], [ -47.228411499999943, -23.388984 ], [ -47.228318499999943, -23.388860299999962 ], [ -47.228170399999961, -23.388663099999963 ], [ -47.227805699999976, -23.388341599999929 ], [ -47.227256499999953, -23.388294 ], [ -47.226698899999967, -23.388232399999936 ], [ -47.226276899999959, -23.388177 ], [ -47.225821299999943, -23.388190599999977 ], [ -47.225013099999956, -23.388195199999927 ], [ -47.224381399999963, -23.388144499999957 ], [ -47.224314899999975, -23.388135699999957 ], [ -47.223964699999947, -23.388089299999937 ], [ -47.223832899999934, -23.387948899999959 ], [ -47.223432599999974, -23.387729799999928 ], [ -47.223405899999932, -23.387207 ], [ -47.22343369999993, -23.386444799999929 ], [ -47.223434299999958, -23.385992899999966 ], [ -47.223516899999936, -23.385605399999974 ], [ -47.223336499999967, -23.385305299999967 ], [ -47.223271, -23.385200099999953 ], [ -47.222514499999939, -23.385353199999948 ], [ -47.221924899999983, -23.385639599999926 ], [ -47.221770099999965, -23.385732799999968 ], [ -47.221615299999939, -23.385826 ], [ -47.221088299999963, -23.385903299999939 ], [ -47.219825499999963, -23.386258099999957 ], [ -47.218165899999981, -23.386719899999935 ], [ -47.217220699999984, -23.387027899999968 ], [ -47.216361099999972, -23.387199 ], [ -47.215619599999961, -23.387386299999939 ], [ -47.215256399999923, -23.38753069999996 ], [ -47.215034199999934, -23.387991499999934 ], [ -47.214888199999969, -23.388175499999932 ], [ -47.214832199999933, -23.388766499999964 ], [ -47.214959199999953, -23.389061499999968 ], [ -47.215177199999971, -23.389460499999927 ], [ -47.215254199999947, -23.389673499999958 ], [ -47.215242199999985, -23.390011499999957 ], [ -47.215199199999965, -23.390237499999952 ], [ -47.21506119999998, -23.390559499999942 ], [ -47.214956199999961, -23.390681499999964 ], [ -47.213769199999945, -23.390944499999936 ], [ -47.213354199999962, -23.391024499999958 ], [ -47.213055199999978, -23.391036499999931 ], [ -47.212588199999978, -23.391132499999969 ], [ -47.212462199999955, -23.391143499999949 ] ] ], [ [ [ -47.272445599999976, -23.392853699999925 ], [ -47.272367199999962, -23.392794799999937 ], [ -47.272324399999953, -23.39278169999994 ], [ -47.272153299999957, -23.392853699999932 ], [ -47.272003499999983, -23.392912599999921 ], [ -47.271397399999955, -23.393167799999958 ], [ -47.271151499999974, -23.393288699999975 ], [ -47.270998099999986, -23.393364099999928 ], [ -47.270499, -23.393527699999929 ], [ -47.26990009999998, -23.393782899999952 ], [ -47.269717, -23.393851099999949 ], [ -47.269289199999953, -23.394112899999982 ], [ -47.26865939999994, -23.394385599999968 ], [ -47.268219699999975, -23.39448369999997 ], [ -47.267649199999944, -23.394527399999955 ], [ -47.267316499999936, -23.39465819999997 ], [ -47.26667469999996, -23.394963599999986 ], [ -47.266472699999952, -23.395203599999952 ], [ -47.266294499999965, -23.395312699999984 ], [ -47.26645579999996, -23.395430899999948 ], [ -47.26666629999994, -23.395615599999932 ], [ -47.266778, -23.395639899999935 ], [ -47.266896799999984, -23.395619899999939 ], [ -47.267154499999947, -23.395551199999939 ], [ -47.26708009999993, -23.39566569999992 ], [ -47.265662599999985, -23.396465399999954 ], [ -47.264817799999953, -23.39702949999997 ], [ -47.264437, -23.397421799999965 ], [ -47.263580699999977, -23.398532899999971 ], [ -47.263248499999975, -23.399632599999965 ], [ -47.263632299999983, -23.400042099999951 ], [ -47.264119099999959, -23.400780899999976 ], [ -47.264543599999975, -23.401168199999962 ], [ -47.264884399999971, -23.401506099999942 ], [ -47.264927299999961, -23.401511799999984 ], [ -47.2649732, -23.40146029999995 ], [ -47.265082, -23.401391499999924 ], [ -47.26533969999997, -23.401271299999969 ], [ -47.26543989999994, -23.401274099999963 ], [ -47.267938799999968, -23.402758699999929 ], [ -47.268274299999973, -23.402994499999973 ], [ -47.268616599999973, -23.403212599999961 ], [ -47.268821, -23.403321699999935 ], [ -47.270361199999968, -23.403819 ], [ -47.270518, -23.403880099999981 ], [ -47.270537, -23.403919299999924 ], [ -47.270537, -23.403949899999919 ], [ -47.270513299999948, -23.404010899999953 ], [ -47.270432499999977, -23.404141799999941 ], [ -47.270399199999986, -23.404220299999967 ], [ -47.270418199999938, -23.404298899999958 ], [ -47.270546499999966, -23.404429699999984 ], [ -47.270717699999977, -23.404530099999931 ], [ -47.270917299999951, -23.404626 ], [ -47.271155, -23.404669699999946 ], [ -47.271373699999977, -23.404687099999926 ], [ -47.271915599999943, -23.404700199999969 ], [ -47.272343399999961, -23.404695799999946 ], [ -47.272690399999924, -23.404674 ], [ -47.273165799999958, -23.404617299999934 ], [ -47.273622099999962, -23.40458239999997 ], [ -47.273902599999985, -23.404569299999924 ], [ -47.274021399999981, -23.404591099999951 ], [ -47.274097499999982, -23.404630399999963 ], [ -47.274149799999975, -23.404674 ], [ -47.274197299999969, -23.404761299999958 ], [ -47.274249599999962, -23.404948899999965 ], [ -47.274480099999948, -23.404768499999935 ], [ -47.274689099999932, -23.404389799999937 ], [ -47.274525899999958, -23.404220799999958 ], [ -47.274580299999975, -23.403940199999955 ], [ -47.276477499999942, -23.397706 ], [ -47.276506099999949, -23.39754569999997 ], [ -47.276609199999939, -23.396554899999956 ], [ -47.276706599999947, -23.396113899999939 ], [ -47.277061699999933, -23.395907699999945 ], [ -47.27835169999998, -23.395314899999956 ], [ -47.278569399999981, -23.39514309999992 ], [ -47.278506399999969, -23.39458749999995 ], [ -47.278598, -23.39438709999996 ], [ -47.280081399999979, -23.393321799999971 ], [ -47.280104299999948, -23.393187199999939 ], [ -47.279497199999987, -23.392041799999959 ], [ -47.277979399999928, -23.390083 ], [ -47.277814799999931, -23.390013399999937 ], [ -47.277878899999969, -23.389732 ], [ -47.278114199999948, -23.389378599999937 ], [ -47.278556299999927, -23.389018699999959 ], [ -47.278969899999936, -23.388652199999957 ], [ -47.27929789999996, -23.388364199999948 ], [ -47.27969719999993, -23.388082799999953 ], [ -47.280196299999943, -23.387677 ], [ -47.28063839999993, -23.387349799999971 ], [ -47.280959299999942, -23.38719929999996 ], [ -47.281544, -23.387009499999987 ], [ -47.28210729999995, -23.386793499999946 ], [ -47.282606399999963, -23.386466299999938 ], [ -47.282977199999948, -23.386152099999943 ], [ -47.283112599999981, -23.386073599999975 ], [ -47.283497699999948, -23.385962299999953 ], [ -47.284025299999939, -23.385857599999952 ], [ -47.28451019999995, -23.385772599999932 ], [ -47.28511629999997, -23.385595799999972 ], [ -47.285843599999964, -23.385465 ], [ -47.286414, -23.385334099999966 ], [ -47.286627899999985, -23.385314399999981 ], [ -47.286571799999933, -23.384376199999959 ], [ -47.285461699999985, -23.384055099999948 ], [ -47.284459799999979, -23.383941599999964 ], [ -47.283510299999932, -23.383969599999947 ], [ -47.282511899999975, -23.3842 ], [ -47.281160899999975, -23.384796899999973 ], [ -47.28096069999998, -23.38462909999993 ], [ -47.280602299999948, -23.384500199999938 ], [ -47.280623299999945, -23.384325599999947 ], [ -47.280761399999967, -23.384009599999953 ], [ -47.278237199999978, -23.383358399999963 ], [ -47.277277199999958, -23.383081099999973 ], [ -47.276834899999983, -23.382961299999973 ], [ -47.275727399999937, -23.382699499999941 ], [ -47.275206699999956, -23.383226899999965 ], [ -47.2745202, -23.382720699999936 ], [ -47.274072099999962, -23.382351599999943 ], [ -47.273730499999942, -23.381896499999968 ], [ -47.273730299999954, -23.381747199999946 ], [ -47.276886199999986, -23.378641399999928 ], [ -47.278316699999948, -23.377752899999965 ], [ -47.278016199999968, -23.377059599999932 ], [ -47.277371699999954, -23.3757136 ], [ -47.277137399999965, -23.374833099999929 ], [ -47.27731069999993, -23.374814799999953 ], [ -47.2778469, -23.374693399999963 ], [ -47.278261599999951, -23.374491 ], [ -47.278595499999938, -23.374056 ], [ -47.278737099999944, -23.373641199999952 ], [ -47.278909099999964, -23.373054499999959 ], [ -47.279323899999959, -23.372396899999945 ], [ -47.278620799999942, -23.371233499999963 ], [ -47.27848419999998, -23.371375099999963 ], [ -47.278357799999981, -23.371481299999967 ], [ -47.278165499999943, -23.371521799999975 ], [ -47.277902499999975, -23.371542 ], [ -47.277432099999942, -23.37149149999993 ], [ -47.276723899999979, -23.371628 ], [ -47.276318599999975, -23.37177789999993 ], [ -47.276254699999981, -23.37181 ], [ -47.275549499999954, -23.371437 ], [ -47.274066699999935, -23.371816499999959 ], [ -47.273303799999958, -23.371989099999961 ], [ -47.272604299999955, -23.372687799999934 ], [ -47.272046199999977, -23.372984499999976 ], [ -47.27182739999995, -23.37329919999997 ], [ -47.2700852, -23.374324599999973 ], [ -47.269623099999926, -23.374724699999948 ], [ -47.268990599999938, -23.375022 ], [ -47.268686099999968, -23.375091699999917 ], [ -47.267772099999945, -23.375053799999947 ], [ -47.266950099999974, -23.375091699999928 ], [ -47.266030699999938, -23.375259399999948 ], [ -47.265446599999969, -23.37534589999996 ], [ -47.265003099999944, -23.375486499999969 ], [ -47.264651299999969, -23.375852499999958 ], [ -47.264148499999976, -23.376364099999922 ], [ -47.263948499999977, -23.37646 ], [ -47.263764599999952, -23.376443799999954 ], [ -47.263542899999941, -23.376351799999963 ], [ -47.26315869999997, -23.376316 ], [ -47.26267729999995, -23.376377899999962 ], [ -47.262469599999982, -23.376404599999937 ], [ -47.262189, -23.376424399999962 ], [ -47.262205499999929, -23.376472299999932 ], [ -47.26264979999997, -23.377759899999948 ], [ -47.262782699999953, -23.37866339999993 ], [ -47.26349689999995, -23.381602199999978 ], [ -47.26567579999994, -23.386294099999922 ], [ -47.266321, -23.387693899999928 ], [ -47.26672259999998, -23.388014399999971 ], [ -47.2673109, -23.388329599999963 ], [ -47.267822599999924, -23.388070899999949 ], [ -47.26833229999994, -23.387717199999933 ], [ -47.268702799999971, -23.387077199999972 ], [ -47.269041399999942, -23.386571399999973 ], [ -47.269321099999956, -23.386368499999936 ], [ -47.269671799999969, -23.386022099999927 ], [ -47.270463899999982, -23.385644599999974 ], [ -47.271036099999947, -23.38551479999996 ], [ -47.271568399999978, -23.385429699999978 ], [ -47.272482799999985, -23.385276099999938 ], [ -47.272830899999981, -23.385399099999969 ], [ -47.27315549999998, -23.385458599999936 ], [ -47.273419099999956, -23.385520199999981 ], [ -47.273521, -23.38592739999995 ], [ -47.273627899999958, -23.386538299999931 ], [ -47.274376299999965, -23.3881 ], [ -47.274658799999941, -23.388405399999961 ], [ -47.275071199999957, -23.389092699999946 ], [ -47.275621, -23.390047299999932 ], [ -47.27586539999993, -23.390742199999984 ], [ -47.276248199999941, -23.391078099999959 ], [ -47.275785299999939, -23.391443399999961 ], [ -47.275259799999965, -23.391797799999942 ], [ -47.274737199999947, -23.392064799999961 ], [ -47.272544199999977, -23.393004599999987 ], [ -47.272516499999938, -23.393016399999958 ], [ -47.272445599999976, -23.392853699999925 ] ] ], [ [ [ -47.299156, -23.389673099999971 ], [ -47.299355599999963, -23.389948 ], [ -47.299562399999957, -23.390131199999935 ], [ -47.299697899999956, -23.390170499999964 ], [ -47.299933199999941, -23.390163899999944 ], [ -47.300038199999953, -23.390144 ], [ -47.300382399999933, -23.390078899999938 ], [ -47.300602799999986, -23.390004599999926 ], [ -47.300731799999944, -23.389961099999937 ], [ -47.301038399999982, -23.389790899999969 ], [ -47.301288, -23.389607699999928 ], [ -47.301601699999935, -23.389228099999972 ], [ -47.301936799999964, -23.389018699999959 ], [ -47.302100799999948, -23.388783099999948 ], [ -47.30220069999995, -23.388495099999933 ], [ -47.302150799999929, -23.388141699999945 ], [ -47.302029499999946, -23.387552699999947 ], [ -47.30189409999997, -23.38716 ], [ -47.3018441, -23.386845899999958 ], [ -47.301851299999946, -23.386662599999969 ], [ -47.301951099999947, -23.386322299999968 ], [ -47.301944, -23.386040899999958 ], [ -47.30186549999997, -23.385792199999962 ], [ -47.301744299999939, -23.38551079999996 ], [ -47.301616, -23.385190099999935 ], [ -47.301544699999965, -23.384882499999939 ], [ -47.301501899999955, -23.384509399999953 ], [ -47.301473399999963, -23.383979299999964 ], [ -47.301466199999929, -23.383599699999927 ], [ -47.301544699999965, -23.383409899999943 ], [ -47.301715799999961, -23.383285599999972 ], [ -47.301872699999933, -23.383187399999937 ], [ -47.302108, -23.383128499999941 ], [ -47.302222099999931, -23.383059 ], [ -47.302394399999962, -23.382971699999924 ], [ -47.302572599999962, -23.382851699999936 ], [ -47.302780599999949, -23.382699 ], [ -47.302596399999963, -23.382628099999977 ], [ -47.302477599999975, -23.382600799999967 ], [ -47.302340899999933, -23.382573499999967 ], [ -47.30218049999997, -23.382519 ], [ -47.302061599999952, -23.382420799999966 ], [ -47.301993299999943, -23.382306299999978 ], [ -47.301927899999953, -23.382175399999934 ], [ -47.301886299999978, -23.381902699999952 ], [ -47.301886299999978, -23.381619099999963 ], [ -47.301791299999934, -23.381313699999968 ], [ -47.301282499999957, -23.381855399999946 ], [ -47.300737899999945, -23.382267299999967 ], [ -47.300193299999933, -23.382728099999941 ], [ -47.299687099999971, -23.383112099999934 ], [ -47.2982, -23.384295499999961 ], [ -47.297482599999967, -23.384855799999976 ], [ -47.297105599999952, -23.385065299999955 ], [ -47.296819299999981, -23.38517 ], [ -47.296595699999955, -23.385230599999947 ], [ -47.296304399999947, -23.386569 ], [ -47.296081, -23.387462599999925 ], [ -47.29592619999994, -23.388121499999958 ], [ -47.296524899999945, -23.388246399999957 ], [ -47.296981199999948, -23.388351099999959 ], [ -47.29735909999993, -23.38848859999996 ], [ -47.297615799999967, -23.388652199999957 ], [ -47.297901, -23.388802699999918 ], [ -47.298293199999925, -23.388999 ], [ -47.298621199999957, -23.38915609999998 ], [ -47.298935, -23.389444 ], [ -47.299156, -23.389673099999971 ] ] ], [ [ [ -47.261911899999973, -23.368705799999923 ], [ -47.261995, -23.368866 ], [ -47.262027099999955, -23.369017599999946 ], [ -47.26208429999997, -23.369176299999936 ], [ -47.262137499999938, -23.369483 ], [ -47.26207619999996, -23.369712799999942 ], [ -47.261951899999985, -23.370078 ], [ -47.261902699999951, -23.370407899999968 ], [ -47.261905599999977, -23.370614099999948 ], [ -47.262224499999945, -23.370904299999953 ], [ -47.2624919, -23.37102649999996 ], [ -47.262633899999976, -23.371152199999983 ], [ -47.262756599999932, -23.371230699999956 ], [ -47.262910199999972, -23.371331699999931 ], [ -47.26309729999997, -23.371370499999951 ], [ -47.263228099999935, -23.371323599999979 ], [ -47.263787599999944, -23.371359299999934 ], [ -47.264025699999934, -23.371491799999948 ], [ -47.264176699999943, -23.371641599999968 ], [ -47.264295499999946, -23.371836399999946 ], [ -47.264359899999938, -23.372006899999967 ], [ -47.264661099999955, -23.372147499999986 ], [ -47.264871299999989, -23.372329699999959 ], [ -47.265036, -23.372494699999947 ], [ -47.26547, -23.372752 ], [ -47.265809599999955, -23.372781299999929 ], [ -47.266116299999965, -23.372824699999974 ], [ -47.266436799999951, -23.373008199999951 ], [ -47.266735, -23.373097899999944 ], [ -47.266993799999959, -23.373149699999932 ], [ -47.267359499999941, -23.373369599999929 ], [ -47.267659699999967, -23.373509099999968 ], [ -47.267881199999984, -23.373326199999948 ], [ -47.268306799999948, -23.37308709999996 ], [ -47.268933899999979, -23.372959299999934 ], [ -47.269550799999934, -23.372913 ], [ -47.269955899999964, -23.372798099999955 ], [ -47.270317899999945, -23.372558699999956 ], [ -47.270861799999977, -23.372240499999965 ], [ -47.271387799999957, -23.371761199999987 ], [ -47.271943299999975, -23.371462099999981 ], [ -47.272263499999951, -23.371190499999962 ], [ -47.27249809999995, -23.370788699999931 ], [ -47.272176599999959, -23.370407199999939 ], [ -47.271333099999929, -23.37004479999997 ], [ -47.270611899999949, -23.369840699999937 ], [ -47.269953399999963, -23.369640199999939 ], [ -47.269742399999984, -23.369562599999934 ], [ -47.269559799999968, -23.369459499999959 ], [ -47.270610399999953, -23.368280299999984 ], [ -47.271076699999988, -23.367578199999961 ], [ -47.271967399999937, -23.366072099999936 ], [ -47.271357099999939, -23.365744599999964 ], [ -47.270474799999931, -23.365258 ], [ -47.270515599999946, -23.365126399999959 ], [ -47.270212399999942, -23.365113699999931 ], [ -47.269074799999935, -23.36498 ], [ -47.268722799999978, -23.364968099999935 ], [ -47.268410599999982, -23.365019199999949 ], [ -47.268066499999982, -23.365116799999953 ], [ -47.267504799999983, -23.365357399999933 ], [ -47.266912399999974, -23.365560199999958 ], [ -47.264674699999944, -23.366321199999948 ], [ -47.263607499999978, -23.366788699999969 ], [ -47.263475499999977, -23.366778899999922 ], [ -47.263310599999954, -23.36669889999996 ], [ -47.262090799999953, -23.365314 ], [ -47.261189299999955, -23.364264699999971 ], [ -47.261108499999985, -23.3643302 ], [ -47.260913599999974, -23.364500399999937 ], [ -47.260620899999928, -23.364792799999968 ], [ -47.260414499999968, -23.365050199999928 ], [ -47.260248099999949, -23.365368799999942 ], [ -47.260191, -23.365560799999965 ], [ -47.260129199999938, -23.365918599999926 ], [ -47.260019899999982, -23.366219699999931 ], [ -47.259886799999954, -23.366586199999965 ], [ -47.259909099999966, -23.366597299999952 ], [ -47.260370699999946, -23.366825 ], [ -47.260575899999942, -23.367177699999953 ], [ -47.260665299999971, -23.367328199999967 ], [ -47.260771099999936, -23.367407 ], [ -47.261294699999958, -23.367711 ], [ -47.261389799999968, -23.367865199999972 ], [ -47.261423899999961, -23.367995199999942 ], [ -47.261483299999952, -23.368186599999941 ], [ -47.261567799999973, -23.368348199999954 ], [ -47.261685499999935, -23.368492899999975 ], [ -47.261819599999967, -23.368598499999973 ], [ -47.261911899999973, -23.368705799999923 ] ] ], [ [ [ -47.297757599999954, -23.360926699999933 ], [ -47.29786919999998, -23.360853599999924 ], [ -47.298939399999938, -23.362028099999964 ], [ -47.299539299999935, -23.362040699999962 ], [ -47.30005019999993, -23.361716299999951 ], [ -47.300182599999978, -23.362477699999939 ], [ -47.300720599999984, -23.362388599999981 ], [ -47.300763899999936, -23.362367 ], [ -47.300990899999931, -23.362344 ], [ -47.300993299999959, -23.362368899999971 ], [ -47.301013, -23.362575399999972 ], [ -47.301516399999961, -23.3625067 ], [ -47.301496799999939, -23.362301899999977 ], [ -47.301494599999955, -23.362278399999976 ], [ -47.301774899999941, -23.362248299999969 ], [ -47.301811199999982, -23.362256099999964 ], [ -47.301849499999946, -23.362254 ], [ -47.301863699999963, -23.362508599999952 ], [ -47.302561599999933, -23.362280799999954 ], [ -47.305298199999982, -23.361428099999955 ], [ -47.305341399999975, -23.361414599999936 ], [ -47.305715899999939, -23.359979799999966 ], [ -47.30579, -23.359538099999938 ], [ -47.305753399999958, -23.359539499999975 ], [ -47.30278149999998, -23.359891 ], [ -47.301498499999987, -23.358413599999942 ], [ -47.301246399999968, -23.358120799999945 ], [ -47.298803, -23.35957929999995 ], [ -47.297613099999971, -23.358118499999932 ], [ -47.29549719999995, -23.35803419999997 ], [ -47.297000899999944, -23.359975 ], [ -47.297757599999954, -23.360926699999933 ] ] ], [ [ [ -47.295675099999983, -23.351207199999983 ], [ -47.295776899999964, -23.351363699999979 ], [ -47.295976899999971, -23.35183619999998 ], [ -47.296204499999931, -23.352063299999937 ], [ -47.298765499999945, -23.352270199999968 ], [ -47.301401299999952, -23.354366199999973 ], [ -47.301593099999941, -23.354198199999932 ], [ -47.301629099999964, -23.354166699999944 ], [ -47.301668899999981, -23.354131799999941 ], [ -47.301718899999976, -23.354088 ], [ -47.301763199999982, -23.354049199999963 ], [ -47.301993899999957, -23.353847099999935 ], [ -47.3014343, -23.353407199999918 ], [ -47.301049099999943, -23.353106299999972 ], [ -47.300697299999975, -23.352759 ], [ -47.300342199999932, -23.352470599999947 ], [ -47.300129499999962, -23.352124699999923 ], [ -47.300061599999935, -23.351910099999944 ], [ -47.300116099999968, -23.351646799999966 ], [ -47.300486199999973, -23.351559599999973 ], [ -47.30228569999997, -23.351312899999975 ], [ -47.305115899999976, -23.350929099999956 ], [ -47.305175099999985, -23.350919499999968 ], [ -47.30525, -23.350906599999966 ], [ -47.304599499999938, -23.346882299999947 ], [ -47.303063499999951, -23.346894899999938 ], [ -47.303599499999955, -23.345523 ], [ -47.303415899999948, -23.345396 ], [ -47.303647, -23.345086 ], [ -47.303663899999947, -23.345062499999976 ], [ -47.303681099999956, -23.345039899999954 ], [ -47.303745299999946, -23.344944499999936 ], [ -47.303765699999985, -23.344916899999934 ], [ -47.303784199999946, -23.34489 ], [ -47.303854, -23.34480839999997 ], [ -47.304094799999973, -23.344501899999948 ], [ -47.304335599999945, -23.344195499999952 ], [ -47.304763299999934, -23.343801299999939 ], [ -47.30558879999996, -23.343334799999983 ], [ -47.305992599999975, -23.342999099999929 ], [ -47.305746499999941, -23.342627299999954 ], [ -47.30574619999993, -23.342619299999953 ], [ -47.305596799999933, -23.34265769999995 ], [ -47.305445299999974, -23.342621499999947 ], [ -47.305328899999949, -23.342566899999955 ], [ -47.305218699999955, -23.34262109999997 ], [ -47.30512269999997, -23.342607299999937 ], [ -47.304998399999931, -23.342483299999973 ], [ -47.304702199999959, -23.342323799999971 ], [ -47.304547099999979, -23.342274099999933 ], [ -47.304336299999939, -23.342198899999964 ], [ -47.304115, -23.342213899999933 ], [ -47.303467099999978, -23.34214589999992 ], [ -47.303345099999937, -23.342356 ], [ -47.303255499999985, -23.34240229999995 ], [ -47.303076899999951, -23.34245 ], [ -47.302947699999947, -23.342442299999952 ], [ -47.302807599999937, -23.342405899999957 ], [ -47.302687899999967, -23.342333599999957 ], [ -47.302578399999966, -23.342234 ], [ -47.30250929999994, -23.342097799999976 ], [ -47.302510599999948, -23.341969899999981 ], [ -47.302542, -23.341831399999929 ], [ -47.302582599999944, -23.341766099999965 ], [ -47.30221709999995, -23.34153339999995 ], [ -47.301011199999948, -23.34116859999995 ], [ -47.300682599999959, -23.341064 ], [ -47.300353899999948, -23.340959499999933 ], [ -47.299728499999965, -23.340785399999955 ], [ -47.299054, -23.340434599999984 ], [ -47.29885279999997, -23.339417099999928 ], [ -47.298782699999954, -23.338780299999947 ], [ -47.297936899999968, -23.33898559999994 ], [ -47.296242799999959, -23.339348399999952 ], [ -47.29575449999993, -23.339439599999938 ], [ -47.295305299999939, -23.339300199999965 ], [ -47.294753199999946, -23.33882329999993 ], [ -47.292726099999989, -23.337093799999927 ], [ -47.291996199999971, -23.336977799999939 ], [ -47.29156039999998, -23.338393099999962 ], [ -47.289686399999944, -23.338251399999933 ], [ -47.288586599999981, -23.338168399999958 ], [ -47.28837859999993, -23.33775229999998 ], [ -47.288106099999936, -23.337401299999964 ], [ -47.287754299999968, -23.336907199999914 ], [ -47.287562599999951, -23.336436499999923 ], [ -47.28734749999996, -23.33610229999994 ], [ -47.28677719999996, -23.336270899999924 ], [ -47.286465499999963, -23.33537739999996 ], [ -47.285877499999977, -23.334294399999973 ], [ -47.283892, -23.333012699999987 ], [ -47.283442299999933, -23.332612499999986 ], [ -47.281703399999969, -23.331540199999946 ], [ -47.281679799999957, -23.331525699999919 ], [ -47.281676099999977, -23.331628699999946 ], [ -47.28164749999997, -23.331925599999973 ], [ -47.2816428, -23.332087099999956 ], [ -47.281609499999945, -23.332218 ], [ -47.281557199999952, -23.332344599999928 ], [ -47.281481199999973, -23.332458099999936 ], [ -47.281357599999978, -23.332632699999976 ], [ -47.281291, -23.332737399999939 ], [ -47.281234, -23.332872699999943 ], [ -47.281105599999933, -23.333213199999932 ], [ -47.281062799999972, -23.333392099999969 ], [ -47.281058099999946, -23.333627799999928 ], [ -47.281015299999979, -23.333763099999938 ], [ -47.280934499999944, -23.333902799999976 ], [ -47.280848899999967, -23.334020699999936 ], [ -47.280739599999954, -23.334116699999974 ], [ -47.280587499999967, -23.334204 ], [ -47.280468599999956, -23.334247599999959 ], [ -47.280364099999986, -23.334265099999971 ], [ -47.280283299999951, -23.334269499999948 ], [ -47.280221499999975, -23.33426069999997 ], [ -47.280116899999939, -23.334221499999948 ], [ -47.279993299999944, -23.33419089999996 ], [ -47.279741399999978, -23.334156 ], [ -47.279532199999956, -23.334125399999948 ], [ -47.279052099999944, -23.334086099999986 ], [ -47.278890499999932, -23.334094899999968 ], [ -47.2787383, -23.334129799999971 ], [ -47.278457899999978, -23.334208399999959 ], [ -47.278282, -23.334256399999948 ], [ -47.278091899999929, -23.334278199999972 ], [ -47.277920699999981, -23.334313099999971 ], [ -47.277678299999934, -23.33435239999994 ], [ -47.277554699999939, -23.334361099999967 ], [ -47.277355099999973, -23.334409099999959 ], [ -47.277179199999971, -23.334448399999932 ], [ -47.277008, -23.334496399999974 ], [ -47.276808399999936, -23.334557499999956 ], [ -47.276623, -23.334636099999951 ], [ -47.276195199999961, -23.334828199999937 ], [ -47.276057299999934, -23.334889299999922 ], [ -47.275943199999979, -23.334937299999989 ], [ -47.275905199999954, -23.334959099999931 ], [ -47.27585769999996, -23.334994 ], [ -47.275643799999955, -23.335159899999947 ], [ -47.275524899999937, -23.335260299999955 ], [ -47.275434599999983, -23.335312599999941 ], [ -47.275363299999988, -23.335369399999937 ], [ -47.275220699999977, -23.335509099999957 ], [ -47.275135099999943, -23.335557099999967 ], [ -47.2750923, -23.335574499999954 ], [ -47.27501629999994, -23.335583299999932 ], [ -47.274783399999933, -23.335613799999983 ], [ -47.273918199999962, -23.33573169999994 ], [ -47.272192699999948, -23.335971699999956 ], [ -47.271821899999964, -23.336028499999951 ], [ -47.271322799999957, -23.336045899999931 ], [ -47.270833099999955, -23.33605469999997 ], [ -47.270723799999985, -23.33607649999993 ], [ -47.270628699999975, -23.336120099999956 ], [ -47.270538399999964, -23.336203099999981 ], [ -47.270448099999953, -23.336320899999976 ], [ -47.2703863, -23.336373299999934 ], [ -47.270324499999958, -23.336403799999982 ], [ -47.27026269999994, -23.33643 ], [ -47.270134399999961, -23.33644309999994 ], [ -47.26956389999998, -23.336482399999962 ], [ -47.268608499999971, -23.336512899999953 ], [ -47.268484899999969, -23.336504199999968 ], [ -47.268385, -23.336456199999926 ], [ -47.268304199999939, -23.336399499999963 ], [ -47.268247199999962, -23.336342699999932 ], [ -47.26804279999994, -23.336115799999963 ], [ -47.267848799999967, -23.335934799999965 ], [ -47.267876599999958, -23.335998599999982 ], [ -47.26792, -23.336238599999941 ], [ -47.268023899999946, -23.336801399999946 ], [ -47.268061899999957, -23.337545599999945 ], [ -47.268103099999969, -23.338418499999928 ], [ -47.268068799999973, -23.338603399999954 ], [ -47.267836399999965, -23.339597099999931 ], [ -47.267868699999951, -23.339788 ], [ -47.267993199999978, -23.340000299999929 ], [ -47.268734699999975, -23.340856099999936 ], [ -47.269371399999962, -23.341308499999961 ], [ -47.269756399999949, -23.341826899999944 ], [ -47.270531, -23.342802399999986 ], [ -47.270867899999985, -23.343345699999926 ], [ -47.271237399999968, -23.343949399999929 ], [ -47.271336799999972, -23.344203299999943 ], [ -47.27135439999995, -23.344393599999922 ], [ -47.271390099999955, -23.344618799999974 ], [ -47.271505199999979, -23.344939899999922 ], [ -47.271575799999937, -23.345838699999948 ], [ -47.271588099999981, -23.347250199999966 ], [ -47.271999099999952, -23.347885199999954 ], [ -47.272511699999939, -23.348732499999976 ], [ -47.273045299999978, -23.349560799999946 ], [ -47.27528029999997, -23.349512199999928 ], [ -47.277619299999969, -23.350631 ], [ -47.278940499999976, -23.350367599999963 ], [ -47.279653299999943, -23.350283599999962 ], [ -47.27987719999993, -23.350468899999957 ], [ -47.279946099999961, -23.350673599999936 ], [ -47.280750399999931, -23.351242099999972 ], [ -47.281436899999967, -23.351481599999939 ], [ -47.281800199999971, -23.351617099999938 ], [ -47.282116099999939, -23.351684399999957 ], [ -47.282432, -23.351751699999959 ], [ -47.28334719999998, -23.351844899999946 ], [ -47.283941399999946, -23.351892099999926 ], [ -47.284531899999934, -23.351811799999947 ], [ -47.285061599999949, -23.351601099999982 ], [ -47.28564, -23.351366199999973 ], [ -47.285925199999959, -23.351134699999925 ], [ -47.285849299999931, -23.350861199999947 ], [ -47.28569559999994, -23.350493099999934 ], [ -47.285701, -23.350095099999972 ], [ -47.285781899999961, -23.349708199999949 ], [ -47.285844299999958, -23.349318899999954 ], [ -47.285881499999959, -23.348246199999956 ], [ -47.287891699999932, -23.347717499999938 ], [ -47.292889499999944, -23.347069899999962 ], [ -47.296309599999972, -23.34700729999998 ], [ -47.296126099999981, -23.347718099999955 ], [ -47.295522299999959, -23.349460699999948 ], [ -47.294521899999957, -23.349453399999959 ], [ -47.294448899999956, -23.349787299999942 ], [ -47.294464799999957, -23.350004599999977 ], [ -47.294503, -23.350221599999941 ], [ -47.294621699999944, -23.350386799999956 ], [ -47.294679499999972, -23.350471399999932 ], [ -47.295007099999964, -23.351023099999974 ], [ -47.295355399999949, -23.351084699999934 ], [ -47.295515199999954, -23.351145899999956 ], [ -47.295675099999983, -23.351207199999983 ] ] ], [ [ [ -47.35661639999995, -23.26344789999996 ], [ -47.356854499999933, -23.263283099999963 ], [ -47.357043799999985, -23.26317309999996 ], [ -47.3572698, -23.26297159999994 ], [ -47.357880499999958, -23.262825 ], [ -47.357996499999956, -23.262654 ], [ -47.35817359999993, -23.262562399999982 ], [ -47.358393499999977, -23.262538 ], [ -47.358649899999932, -23.262538 ], [ -47.358827, -23.262403699999929 ], [ -47.359053, -23.262141099999958 ], [ -47.359291199999973, -23.261896799999931 ], [ -47.359364399999947, -23.261506 ], [ -47.359431599999937, -23.261225 ], [ -47.359303399999931, -23.260889199999948 ], [ -47.359132399999972, -23.260589899999953 ], [ -47.359071299999989, -23.260351799999977 ], [ -47.359126299999957, -23.26000369999997 ], [ -47.359242299999949, -23.259777699999972 ], [ -47.359364399999947, -23.259441799999937 ], [ -47.359604, -23.259082499999955 ], [ -47.358567299999947, -23.258286399999985 ], [ -47.357978599999974, -23.257813799999958 ], [ -47.357933, -23.257763299999965 ], [ -47.357907699999949, -23.257719299999952 ], [ -47.357898, -23.257681 ], [ -47.357907699999934, -23.257608499999957 ], [ -47.358032399999956, -23.257156299999956 ], [ -47.358795799999946, -23.254623 ], [ -47.358820199999968, -23.254559399999945 ], [ -47.358884199999977, -23.254481199999926 ], [ -47.358885599999951, -23.254330799999934 ], [ -47.358687499999974, -23.254341499999942 ], [ -47.357683899999984, -23.25437369999997 ], [ -47.35692389999997, -23.254399 ], [ -47.356916899999938, -23.254338299999969 ], [ -47.356259499999958, -23.254195799999934 ], [ -47.354155, -23.253896699999931 ], [ -47.352705399999934, -23.253702 ], [ -47.352822199999935, -23.252799699999962 ], [ -47.352870299999942, -23.25266 ], [ -47.352787799999938, -23.252504299999941 ], [ -47.352577099999969, -23.252504299999945 ], [ -47.352398499999936, -23.252476799999965 ], [ -47.352238199999931, -23.252467699999947 ], [ -47.351835099999967, -23.252476799999958 ], [ -47.351647399999933, -23.252325699999954 ], [ -47.351546599999949, -23.252115 ], [ -47.351578699999948, -23.251963799999945 ], [ -47.35156029999996, -23.251753199999936 ], [ -47.351368, -23.251574499999958 ], [ -47.351193899999949, -23.25149209999995 ], [ -47.35100609999995, -23.251373 ], [ -47.350580199999968, -23.251302 ], [ -47.350419899999963, -23.251357 ], [ -47.350241299999936, -23.251517299999939 ], [ -47.350090099999932, -23.251572199999931 ], [ -47.349961899999983, -23.251480599999969 ], [ -47.349783199999926, -23.251334099999958 ], [ -47.349554199999943, -23.251237899999989 ], [ -47.348318, -23.251149499999944 ], [ -47.348385699999945, -23.250851 ], [ -47.348391399999969, -23.250665 ], [ -47.34838509999998, -23.250439699999962 ], [ -47.348358499999961, -23.250159199999921 ], [ -47.34831319999995, -23.249493099999945 ], [ -47.348219099999945, -23.249429899999935 ], [ -47.347381, -23.249338299999973 ], [ -47.346364199999982, -23.249246699999951 ], [ -47.345677099999932, -23.249141299999959 ], [ -47.344770299999936, -23.248889399999946 ], [ -47.344353499999954, -23.248816099999946 ], [ -47.3436435, -23.248651299999949 ], [ -47.343913799999939, -23.247478699999924 ], [ -47.3439092, -23.247364199999936 ], [ -47.343858799999957, -23.247281799999939 ], [ -47.343739699999958, -23.247236 ], [ -47.340872599999955, -23.246986399999976 ], [ -47.340191599999962, -23.246916099999961 ], [ -47.340194699999984, -23.246847399999979 ], [ -47.340159599999936, -23.246507 ], [ -47.340106099999957, -23.246158899999951 ], [ -47.339555, -23.243874899999977 ], [ -47.339416099999944, -23.243361899999954 ], [ -47.340303099999971, -23.243154299999951 ], [ -47.34038709999993, -23.243177199999931 ], [ -47.340417599999967, -23.243166499999976 ], [ -47.340457299999976, -23.24309629999993 ], [ -47.340602299999951, -23.243108499999956 ], [ -47.34066189999993, -23.243000099999954 ], [ -47.340343, -23.242404399999927 ], [ -47.339850699999943, -23.241034599999971 ], [ -47.33975879999997, -23.241018199999921 ], [ -47.338883899999985, -23.241122699999949 ], [ -47.33886339999998, -23.240995499999936 ], [ -47.338835899999935, -23.24071 ], [ -47.338831299999988, -23.240548199999978 ], [ -47.338759, -23.240510699999959 ], [ -47.338584499999968, -23.240534799999988 ], [ -47.338223, -23.240546099999953 ], [ -47.337945, -23.240489199999963 ], [ -47.337655, -23.24043869999997 ], [ -47.337127899999984, -23.240331799999989 ], [ -47.336964699999953, -23.240319399999972 ], [ -47.336826499999972, -23.240335099999985 ], [ -47.336610199999939, -23.240406399999987 ], [ -47.336297399999978, -23.240559499999957 ], [ -47.335999299999969, -23.24076709999996 ], [ -47.335443399999967, -23.241353199999939 ], [ -47.335258099999976, -23.241630199999975 ], [ -47.335143899999942, -23.241808799999937 ], [ -47.334499099999952, -23.242816599999973 ], [ -47.334408699999983, -23.242880199999938 ], [ -47.334268, -23.242883599999967 ], [ -47.334097199999974, -23.242860099999962 ], [ -47.3335, -23.242682899999988 ], [ -47.333188899999989, -23.242590699999937 ], [ -47.333043299999986, -23.242570199999935 ], [ -47.332583499999942, -23.242508499999932 ], [ -47.332276499999978, -23.242480799999953 ], [ -47.332160499999986, -23.242478899999988 ], [ -47.332049099999949, -23.242500099999965 ], [ -47.331774799999955, -23.24263169999994 ], [ -47.331343099999977, -23.242761499999972 ], [ -47.330995099999939, -23.242827799999926 ], [ -47.330652699999973, -23.242849899999946 ], [ -47.330198399999972, -23.242866199999973 ], [ -47.330195099999976, -23.24286189999998 ], [ -47.329831, -23.241637899999937 ], [ -47.329732499999977, -23.241335599999964 ], [ -47.32943709999995, -23.240543199999923 ], [ -47.329069799999964, -23.240545199999936 ], [ -47.328726499999959, -23.23988959999997 ], [ -47.328638, -23.23985039999997 ], [ -47.328182, -23.239866699999926 ], [ -47.328464499999946, -23.239221 ], [ -47.328718599999952, -23.238588399999969 ], [ -47.328693199999975, -23.238529099999937 ], [ -47.3287481, -23.238358699999932 ], [ -47.328795799999973, -23.238227699999985 ], [ -47.328883699999956, -23.238090299999957 ], [ -47.328946, -23.238029899999951 ], [ -47.329034, -23.238002399999978 ], [ -47.329200699999944, -23.237929099999977 ], [ -47.329301399999963, -23.237923599999927 ], [ -47.32964039999996, -23.237857699999946 ], [ -47.329852899999942, -23.237896099999936 ], [ -47.330466599999966, -23.237945599999932 ], [ -47.330558199999984, -23.237967599999934 ], [ -47.330640699999947, -23.238002399999967 ], [ -47.330710299999971, -23.238055499999973 ], [ -47.331073, -23.237937399999954 ], [ -47.331083599999943, -23.23792 ], [ -47.331084499999974, -23.237895199999969 ], [ -47.330991499999989, -23.237386799999964 ], [ -47.33089259999997, -23.236533099999981 ], [ -47.330863299999976, -23.236461599999931 ], [ -47.330738699999984, -23.236505599999933 ], [ -47.330599399999983, -23.23658619999998 ], [ -47.33050419999995, -23.236597199999956 ], [ -47.330441899999983, -23.236578899999927 ], [ -47.330211, -23.23648 ], [ -47.330152399999974, -23.236549599999929 ], [ -47.329987499999959, -23.23650929999997 ], [ -47.329804299999978, -23.236633899999958 ], [ -47.329599099999939, -23.236523899999955 ], [ -47.329203399999983, -23.236289399999976 ], [ -47.328939599999948, -23.236106199999934 ], [ -47.329606499999954, -23.23461129999998 ], [ -47.330222, -23.233072299999947 ], [ -47.330148799999968, -23.232889099999955 ], [ -47.330039499999948, -23.232766399999953 ], [ -47.329775, -23.232894599999952 ], [ -47.329646799999985, -23.23309979999992 ], [ -47.329372, -23.233059499999971 ], [ -47.32907519999997, -23.233162099999962 ], [ -47.328859, -23.233510199999937 ], [ -47.328434, -23.234063499999937 ], [ -47.328349699999933, -23.234065299999937 ], [ -47.327917299999967, -23.234354799999963 ], [ -47.327818399999963, -23.234530599999967 ], [ -47.32754719999997, -23.234713899999981 ], [ -47.327195499999959, -23.234713899999971 ], [ -47.326979299999948, -23.234585599999942 ], [ -47.326869399999964, -23.234420699999927 ], [ -47.326876699999957, -23.234047 ], [ -47.326807099999947, -23.233926099999966 ], [ -47.326561599999934, -23.233801499999974 ], [ -47.326134, -23.233668 ], [ -47.326072, -23.233949 ], [ -47.326051, -23.234041 ], [ -47.326003799999974, -23.23411289999996 ], [ -47.325967, -23.234169 ], [ -47.325832, -23.234266 ], [ -47.325731, -23.234291 ], [ -47.325611, -23.234304 ], [ -47.325317, -23.234302 ], [ -47.325047799999936, -23.234453499999962 ], [ -47.324744199999934, -23.234749799999978 ], [ -47.324231099999963, -23.235075099999964 ], [ -47.322590499999933, -23.235263 ], [ -47.322677199999937, -23.235559299999966 ], [ -47.322865099999945, -23.235877299999977 ], [ -47.322922899999988, -23.236578399999928 ], [ -47.322807299999965, -23.236665099999978 ], [ -47.319858499999953, -23.237120399999988 ], [ -47.318499, -23.235720099999988 ], [ -47.318509799999958, -23.235806299999975 ], [ -47.318835599999943, -23.238182599999966 ], [ -47.318979599999977, -23.239232299999962 ], [ -47.318747499999979, -23.239200799999939 ], [ -47.317093899999975, -23.238913 ], [ -47.316296099999938, -23.238387899999964 ], [ -47.315584, -23.238358199999933 ], [ -47.31522, -23.237954 ], [ -47.315257899999949, -23.237700499999953 ], [ -47.315209599999946, -23.23745829999995 ], [ -47.315055699999959, -23.237258299999954 ], [ -47.314774299999954, -23.236356299999951 ], [ -47.314538499999969, -23.235526599999954 ], [ -47.314529199999981, -23.235490299999977 ], [ -47.314452399999929, -23.235417699999978 ], [ -47.314282399999968, -23.235301 ], [ -47.313979, -23.235102699999967 ], [ -47.313872199999928, -23.235020899999935 ], [ -47.313868, -23.235018699999948 ], [ -47.313776799999971, -23.235111599999971 ], [ -47.309559899999954, -23.237879099999919 ], [ -47.309562399999948, -23.238079099999933 ], [ -47.309722399999941, -23.238296599999956 ], [ -47.309732399999973, -23.238354099999984 ], [ -47.309692399999953, -23.23841659999993 ], [ -47.309281799999958, -23.238739099999968 ], [ -47.308474299999936, -23.239276599999979 ], [ -47.307805499999972, -23.239676599999946 ], [ -47.306678699999964, -23.240236099999933 ], [ -47.306665399999986, -23.240133299999975 ], [ -47.306493699999976, -23.238839 ], [ -47.306405799999936, -23.238225899999971 ], [ -47.306341099999941, -23.237790099999938 ], [ -47.306258399999933, -23.237183799999958 ], [ -47.306169799999964, -23.236563299999947 ], [ -47.306040199999984, -23.23558 ], [ -47.3059631, -23.234990699999958 ], [ -47.305857699999933, -23.23416879999996 ], [ -47.305852899999934, -23.234141099999935 ], [ -47.305907299999937, -23.234123599999986 ], [ -47.30575929999997, -23.233261 ], [ -47.305493299999966, -23.232089899999949 ], [ -47.305295199999939, -23.231418199999954 ], [ -47.304998199999943, -23.230590499999952 ], [ -47.304493299999933, -23.229386899999952 ], [ -47.304236899999978, -23.228895299999976 ], [ -47.303986299999963, -23.228304799999929 ], [ -47.303836599999961, -23.227988699999965 ], [ -47.303558599999981, -23.227401299999933 ], [ -47.303521199999985, -23.227323199999951 ], [ -47.303245799999956, -23.226807 ], [ -47.303213899999946, -23.226819799999934 ], [ -47.303183899999965, -23.226831599999969 ], [ -47.303156399999985, -23.226843599999931 ], [ -47.302977, -23.226911 ], [ -47.302846, -23.22699 ], [ -47.302674, -23.227078 ], [ -47.302376, -23.227268 ], [ -47.302068, -23.227455 ], [ -47.301956, -23.227527 ], [ -47.301902, -23.227562 ], [ -47.301785, -23.227635 ], [ -47.301707, -23.227716 ], [ -47.301673, -23.227777 ], [ -47.30167, -23.227856 ], [ -47.301701, -23.227961 ], [ -47.301709, -23.228075 ], [ -47.301701, -23.228127 ], [ -47.301623, -23.228239 ], [ -47.301519, -23.228354 ], [ -47.301445, -23.228397 ], [ -47.301383, -23.228415 ], [ -47.301299, -23.228415 ], [ -47.301246, -23.228433 ], [ -47.301186, -23.228471 ], [ -47.301125, -23.228494 ], [ -47.301012, -23.228528 ], [ -47.300884, -23.228571 ], [ -47.300806, -23.228625 ], [ -47.300747, -23.228706 ], [ -47.300692, -23.228887 ], [ -47.300663, -23.228957 ], [ -47.300572, -23.229131 ], [ -47.300435, -23.22933 ], [ -47.300319, -23.229477 ], [ -47.30028, -23.229573 ], [ -47.300277, -23.229618 ], [ -47.300261, -23.229658 ], [ -47.300226, -23.229684 ], [ -47.30014, -23.229711 ], [ -47.300062, -23.229727 ], [ -47.300002, -23.229758 ], [ -47.299924, -23.22983 ], [ -47.29982, -23.22995 ], [ -47.299652, -23.230126 ], [ -47.299518, -23.230271 ], [ -47.299428, -23.230364 ], [ -47.299358, -23.230421 ], [ -47.299315, -23.230484 ], [ -47.299321, -23.230554 ], [ -47.299352, -23.230708 ], [ -47.299452, -23.230871 ], [ -47.299461, -23.230924 ], [ -47.299455, -23.230974 ], [ -47.299452, -23.231075 ], [ -47.299451099999942, -23.23110529999996 ], [ -47.299450199999967, -23.231133 ], [ -47.29944909999994, -23.231167 ], [ -47.299448, -23.231201 ], [ -47.299445, -23.231284 ], [ -47.299428, -23.231302 ], [ -47.299373, -23.231313 ], [ -47.299323799999975, -23.231316699999976 ], [ -47.299241, -23.231323 ], [ -47.29903, -23.23135 ], [ -47.298724, -23.231379 ], [ -47.298496, -23.231402 ], [ -47.298299, -23.231433 ], [ -47.298256, -23.231449 ], [ -47.298223, -23.231494 ], [ -47.298207, -23.231548 ], [ -47.29817, -23.231598 ], [ -47.298105, -23.231646 ], [ -47.298033, -23.231713 ], [ -47.297983, -23.231804 ], [ -47.29793, -23.231908 ], [ -47.297928, -23.231956 ], [ -47.297875, -23.232089 ], [ -47.297809, -23.232211 ], [ -47.297747, -23.232331 ], [ -47.297704, -23.232369 ], [ -47.297672, -23.232385 ], [ -47.297651, -23.232396 ], [ -47.297641, -23.232414 ], [ -47.297632, -23.232466 ], [ -47.297635, -23.232503 ], [ -47.297633, -23.23258 ], [ -47.29762, -23.232677 ], [ -47.297565, -23.232844 ], [ -47.29755, -23.232955 ], [ -47.297557, -23.233004 ], [ -47.297563, -23.233068 ], [ -47.297529, -23.233101 ], [ -47.297478, -23.23313 ], [ -47.297447, -23.233137499999945 ], [ -47.297416, -23.233145 ], [ -47.297333, -23.233151 ], [ -47.297135, -23.233142 ], [ -47.296695, -23.233074 ], [ -47.296133, -23.232958 ], [ -47.295527, -23.232868 ], [ -47.295242, -23.23283 ], [ -47.294905, -23.232805 ], [ -47.294241, -23.232815 ], [ -47.293824399999949, -23.232862299999969 ], [ -47.29328, -23.232924 ], [ -47.29232, -23.233023 ], [ -47.291473, -23.233035 ], [ -47.291058499999963, -23.233006699999976 ], [ -47.291058799999973, -23.233009299999942 ], [ -47.291388599999948, -23.235042899999943 ], [ -47.29172449999993, -23.2379314 ], [ -47.291735799999977, -23.23847029999996 ], [ -47.296943199999937, -23.238303599999949 ], [ -47.299208399999941, -23.238303199999969 ], [ -47.299452699999961, -23.2381597 ], [ -47.300726, -23.238217699999947 ], [ -47.300870699999962, -23.238189499999976 ], [ -47.301084699999933, -23.238436199999967 ], [ -47.30125739999994, -23.238656099999954 ], [ -47.301370799999972, -23.238731499999968 ], [ -47.301546, -23.238776399999946 ], [ -47.301755099999987, -23.238803699999952 ], [ -47.302104399999962, -23.239064 ], [ -47.302254699999935, -23.239254399999936 ], [ -47.30233869999995, -23.239530299999942 ], [ -47.302234099999964, -23.239621 ], [ -47.301985399999985, -23.23986909999995 ], [ -47.30157, -23.240343499999931 ], [ -47.301457099999936, -23.240536399999939 ], [ -47.301885499999976, -23.241159299999929 ], [ -47.302386299999974, -23.241977599999924 ], [ -47.302447399999949, -23.242319599999988 ], [ -47.302355799999937, -23.242960799999935 ], [ -47.301958799999973, -23.243235599999931 ], [ -47.301787799999943, -23.244395899999965 ], [ -47.301897699999984, -23.245458499999923 ], [ -47.298929799999947, -23.246264599999957 ], [ -47.298494099999971, -23.246568699999951 ], [ -47.296712099999986, -23.246985899999963 ], [ -47.292867699999938, -23.247901499999944 ], [ -47.293027699999989, -23.249624199999975 ], [ -47.292978499999954, -23.249694499999979 ], [ -47.292939799999942, -23.24977889999996 ], [ -47.292883599999982, -23.249965199999966 ], [ -47.292771099999982, -23.250028499999928 ], [ -47.292746499999964, -23.250134 ], [ -47.292546099999981, -23.250351899999949 ], [ -47.292014299999948, -23.25097159999995 ], [ -47.291383299999957, -23.25181 ], [ -47.29050959999995, -23.25304749999998 ], [ -47.291458599999942, -23.254954699999924 ], [ -47.291657599999951, -23.255278499999989 ], [ -47.29161229999994, -23.255321799999933 ], [ -47.291250399999967, -23.255426499999942 ], [ -47.291186699999976, -23.255529199999959 ], [ -47.291182, -23.255537199999928 ], [ -47.291026199999983, -23.255928799999925 ], [ -47.29071719999996, -23.255597599999927 ], [ -47.290674899999949, -23.255578399999937 ], [ -47.290538699999956, -23.255596 ], [ -47.29009439999993, -23.255848499999949 ], [ -47.289817699999965, -23.25598059999993 ], [ -47.289470799999947, -23.255315799999952 ], [ -47.289053799999984, -23.255262099999971 ], [ -47.288855599999984, -23.255278599999929 ], [ -47.288706899999973, -23.255315799999952 ], [ -47.288017599999939, -23.256076299999965 ], [ -47.286718199999939, -23.255292799999957 ], [ -47.286731399999951, -23.254640199999987 ], [ -47.284859899999965, -23.253438299999978 ], [ -47.283229799999965, -23.252363799999948 ], [ -47.28241729999997, -23.251818899999947 ], [ -47.282066, -23.251726599999927 ], [ -47.281803499999967, -23.252279799999929 ], [ -47.28135519999995, -23.252846699999957 ], [ -47.280927799999972, -23.253268499999944 ], [ -47.28057629999995, -23.253501399999941 ], [ -47.280167599999977, -23.253712399999923 ], [ -47.27984239999995, -23.253835399999957 ], [ -47.279521599999953, -23.253932099999929 ], [ -47.278993199999945, -23.254011199999979 ], [ -47.277942899999971, -23.254151799999928 ], [ -47.276180699999941, -23.254345199999932 ], [ -47.275629099999939, -23.254424299999972 ], [ -47.275141399999939, -23.254556099999949 ], [ -47.274367899999966, -23.254894499999981 ], [ -47.274113499999942, -23.255061099999974 ], [ -47.274354199999948, -23.255249 ], [ -47.274508299999979, -23.255288699999941 ], [ -47.274617, -23.255283599999924 ], [ -47.274738399999933, -23.255237399999942 ], [ -47.274951, -23.25508339999994 ], [ -47.275045499999983, -23.255023399999967 ], [ -47.275238599999966, -23.254944499999969 ], [ -47.274644299999984, -23.25684659999996 ], [ -47.27456989999996, -23.257303499999963 ], [ -47.274593099999954, -23.258216199999939 ], [ -47.274727499999976, -23.258685899999943 ], [ -47.274906199999982, -23.259166799999946 ], [ -47.275157199999967, -23.25959059999996 ], [ -47.275406199999964, -23.259930899999972 ], [ -47.27567839999994, -23.260197199999929 ], [ -47.278965899999946, -23.262473499999953 ], [ -47.279243099999981, -23.262703899999966 ], [ -47.279326299999987, -23.262763499999945 ], [ -47.279121399999958, -23.262810499999933 ], [ -47.27150979999994, -23.2641594 ], [ -47.270516, -23.26463009999998 ], [ -47.269997899999971, -23.26632259999997 ], [ -47.267763, -23.265526 ], [ -47.265806499999947, -23.264748499999936 ], [ -47.265306099999975, -23.264630599999972 ], [ -47.264938899999947, -23.264477 ], [ -47.263565899999954, -23.263537299999939 ], [ -47.263388199999952, -23.263356199999976 ], [ -47.26325779999997, -23.263172399999981 ], [ -47.262594799999931, -23.26257749999996 ], [ -47.262174499999958, -23.262157399999971 ], [ -47.261813099999976, -23.261804799999936 ], [ -47.261392599999972, -23.261526699999933 ], [ -47.260958499999958, -23.261309899999961 ], [ -47.260386399999959, -23.261057499999922 ], [ -47.260043799999949, -23.260903399999954 ], [ -47.260037399999931, -23.260954 ], [ -47.260027199999961, -23.261035799999952 ], [ -47.259899399999938, -23.26205919999996 ], [ -47.25989449999998, -23.262098899999948 ], [ -47.25991259999995, -23.262130299999964 ], [ -47.260181499999938, -23.262698699999927 ], [ -47.260455, -23.263117 ], [ -47.260711, -23.263445 ], [ -47.261111, -23.263803 ], [ -47.261338, -23.263979 ], [ -47.2614, -23.264047 ], [ -47.261517, -23.264154 ], [ -47.261757, -23.264252 ], [ -47.261887, -23.264399 ], [ -47.261973, -23.264551 ], [ -47.261966, -23.264771 ], [ -47.261859, -23.265004 ], [ -47.261987, -23.265293 ], [ -47.262013, -23.265564 ], [ -47.262112, -23.26567 ], [ -47.262256, -23.265631 ], [ -47.262282199999959, -23.265604799999945 ], [ -47.262315799999953, -23.265571399999946 ], [ -47.262352699999958, -23.265548699999947 ], [ -47.26238, -23.265532 ], [ -47.262445, -23.265458 ], [ -47.262605, -23.265399 ], [ -47.262725299999943, -23.265393599999978 ], [ -47.262762, -23.265392 ], [ -47.263174, -23.265539 ], [ -47.263271, -23.265619 ], [ -47.263357, -23.26579 ], [ -47.263368, -23.265973 ], [ -47.263444, -23.266087 ], [ -47.263623, -23.266229 ], [ -47.263696, -23.266372 ], [ -47.263795, -23.266572 ], [ -47.264002, -23.266927 ], [ -47.264093, -23.267084 ], [ -47.264177, -23.267228 ], [ -47.264334, -23.267451 ], [ -47.264515, -23.267581 ], [ -47.264784, -23.267667 ], [ -47.264945, -23.267805 ], [ -47.265069, -23.268004 ], [ -47.265269, -23.268007 ], [ -47.26542, -23.268114 ], [ -47.265447, -23.268266 ], [ -47.265447, -23.268557 ], [ -47.26552, -23.268705 ], [ -47.26565, -23.268828 ], [ -47.265728, -23.269011 ], [ -47.265871, -23.269125 ], [ -47.265922, -23.269157 ], [ -47.266094, -23.269202 ], [ -47.266119, -23.269228 ], [ -47.266113, -23.269333 ], [ -47.266203799999971, -23.269570399999967 ], [ -47.26631979999997, -23.269816299999938 ], [ -47.266486599999958, -23.270056799999963 ], [ -47.2665995, -23.270169699999943 ], [ -47.266575699999976, -23.270342 ], [ -47.266510399999959, -23.27038959999993 ], [ -47.266450899999938, -23.270514299999935 ], [ -47.26645689999998, -23.270752 ], [ -47.266557899999952, -23.270805499999938 ], [ -47.266563799999972, -23.270924399999949 ], [ -47.266504399999974, -23.271031299999951 ], [ -47.266391499999948, -23.271120399999965 ], [ -47.26632619999998, -23.271221499999964 ], [ -47.266243, -23.27127489999998 ], [ -47.26623109999997, -23.271393799999942 ], [ -47.266201399999943, -23.271518599999983 ], [ -47.26620139999995, -23.271601799999917 ], [ -47.266106299999933, -23.271679 ], [ -47.265862699999957, -23.271791899999982 ], [ -47.265815099999941, -23.271881 ], [ -47.265806299999959, -23.271931199999983 ], [ -47.266384799999969, -23.271914599999938 ], [ -47.26635849999996, -23.272010199999958 ], [ -47.266273799999965, -23.272054799999989 ], [ -47.26605809999996, -23.2722242 ], [ -47.265765199999983, -23.272437 ], [ -47.265653099999959, -23.272554899999932 ], [ -47.265573, -23.272656699999967 ], [ -47.265490599999964, -23.272732199999947 ], [ -47.26549289999997, -23.272859199999981 ], [ -47.265549, -23.27293359999992 ], [ -47.265948299999941, -23.272967899999966 ], [ -47.265973499999973, -23.273010199999927 ], [ -47.266094799999962, -23.273077699999931 ], [ -47.26659189999998, -23.273258499999933 ], [ -47.266585, -23.273518299999974 ], [ -47.266756699999974, -23.273517099999939 ], [ -47.267097599999943, -23.273537699999963 ], [ -47.267264699999942, -23.273560599999943 ], [ -47.26748889999994, -23.27372309999993 ], [ -47.267549599999938, -23.273752799999947 ], [ -47.26878419999997, -23.273762 ], [ -47.268813899999941, -23.273562899999941 ], [ -47.26885969999995, -23.2734599 ], [ -47.268878, -23.273384399999948 ], [ -47.268944299999923, -23.273313399999942 ], [ -47.269022099999972, -23.27327 ], [ -47.269127399999952, -23.273233399999981 ], [ -47.269264699999958, -23.273201299999979 ], [ -47.26936649999994, -23.273061699999971 ], [ -47.269451199999935, -23.27297249999998 ], [ -47.269563299999966, -23.272956499999953 ], [ -47.269597699999963, -23.272906099999936 ], [ -47.269648, -23.272874099999964 ], [ -47.269698399999982, -23.272723 ], [ -47.2697601, -23.272752799999971 ], [ -47.269930599999959, -23.272663499999958 ], [ -47.270088499999986, -23.272604099999967 ], [ -47.27033339999997, -23.272553699999946 ], [ -47.27051639999997, -23.27255829999995 ], [ -47.270694899999974, -23.272622399999928 ], [ -47.270905499999976, -23.272807699999937 ], [ -47.271142299999951, -23.272803099999969 ], [ -47.2717052, -23.272761899999978 ], [ -47.27186539999996, -23.27278479999995 ], [ -47.271947799999957, -23.272784799999958 ], [ -47.272085099999977, -23.272718499999939 ], [ -47.272192699999941, -23.27270469999997 ], [ -47.272245299999952, -23.272757399999932 ], [ -47.272368899999954, -23.272797 ], [ -47.272366599999948, -23.273330199999972 ], [ -47.27218739999995, -23.273362 ], [ -47.272024699999982, -23.273311499999966 ], [ -47.271920899999941, -23.273393899999974 ], [ -47.271559399999944, -23.273636499999956 ], [ -47.271373199999971, -23.273808899999931 ], [ -47.271342699999934, -23.275139199999956 ], [ -47.271368699999982, -23.275192599999965 ], [ -47.271897299999978, -23.275387799999979 ], [ -47.272049799999934, -23.275345099999981 ], [ -47.272953699999967, -23.274910299999931 ], [ -47.27310319999998, -23.274803599999927 ], [ -47.273219199999971, -23.274701299999933 ], [ -47.27338009999994, -23.274582299999967 ], [ -47.273482399999978, -23.274480099999952 ], [ -47.273592199999939, -23.274422199999943 ], [ -47.273654699999959, -23.27436419999998 ], [ -47.273663899999974, -23.273985799999931 ], [ -47.274215899999938, -23.273698799999963 ], [ -47.274206099999965, -23.274190199999968 ], [ -47.274805899999933, -23.273921 ], [ -47.275302799999963, -23.27378489999996 ], [ -47.275710599999961, -23.273684699999936 ], [ -47.276014099999948, -23.273571699999948 ], [ -47.276459599999953, -23.273489899999952 ], [ -47.276223399999935, -23.273857399999933 ], [ -47.276181299999962, -23.273830599999933 ], [ -47.275915799999957, -23.273805399999947 ], [ -47.275787699999967, -23.273853499999973 ], [ -47.275730499999952, -23.273949599999977 ], [ -47.27563669999995, -23.273910699999934 ], [ -47.275538299999937, -23.273986199999971 ], [ -47.275418099999975, -23.27393469999992 ], [ -47.274679, -23.275025099999937 ], [ -47.2747007, -23.275067499999988 ], [ -47.274737299999977, -23.275102899999975 ], [ -47.274907799999937, -23.275225399999961 ], [ -47.273512899999957, -23.277266699999917 ], [ -47.273505299999954, -23.277278 ], [ -47.273366699999947, -23.277483599999979 ], [ -47.27336089999995, -23.277480599999919 ], [ -47.273285399999963, -23.277425599999965 ], [ -47.273273899999928, -23.277357 ], [ -47.273216699999978, -23.277315799999936 ], [ -47.273093099999983, -23.277336399999971 ], [ -47.273024499999963, -23.277302099999932 ], [ -47.27299469999997, -23.277265399999973 ], [ -47.272935199999957, -23.277219699999936 ], [ -47.272855099999965, -23.277235699999942 ], [ -47.272763599999962, -23.27717849999992 ], [ -47.272704099999942, -23.277162499999978 ], [ -47.272612599999945, -23.277155599999954 ], [ -47.272548499999971, -23.277164799999973 ], [ -47.272322, -23.2772265 ], [ -47.27225559999993, -23.277272299999932 ], [ -47.272154899999975, -23.27732489999994 ], [ -47.272132, -23.277329499999951 ], [ -47.272079399999939, -23.277313499999938 ], [ -47.27203819999994, -23.277288299999956 ], [ -47.271992399999931, -23.277283799999967 ], [ -47.271946699999944, -23.277308899999976 ], [ -47.27189629999998, -23.277352399999927 ], [ -47.271850599999944, -23.277375299999949 ], [ -47.271793299999956, -23.27737529999996 ], [ -47.27176129999998, -23.27739129999998 ], [ -47.271670899999947, -23.277389 ], [ -47.271604599999932, -23.277357 ], [ -47.271540499999965, -23.277290599999951 ], [ -47.271497, -23.277267699999978 ], [ -47.271462699999972, -23.277263199999922 ], [ -47.271414599999957, -23.277208199999979 ], [ -47.271375699999965, -23.277201399999967 ], [ -47.271323099999961, -23.277247099999965 ], [ -47.271286499999981, -23.277313499999938 ], [ -47.271212099999964, -23.27727 ], [ -47.271122899999973, -23.277242599999965 ], [ -47.271035899999966, -23.277256299999966 ], [ -47.270976399999945, -23.277290599999947 ], [ -47.27089859999996, -23.277313499999931 ], [ -47.270811599999945, -23.27732269999996 ], [ -47.270738399999971, -23.277318099999956 ], [ -47.270617099999981, -23.277331799999942 ], [ -47.27058969999996, -23.277311199999922 ], [ -47.270527899999934, -23.277318099999945 ], [ -47.27047749999997, -23.277350099999975 ], [ -47.270443199999939, -23.277350099999975 ], [ -47.270178899999955, -23.277302099999925 ], [ -47.270092, -23.27726089999992 ], [ -47.269989, -23.277157899999953 ], [ -47.269897399999927, -23.277107599999972 ], [ -47.269763599999976, -23.277107599999965 ], [ -47.269628599999969, -23.277051499999974 ], [ -47.269587099999967, -23.277018599999959 ], [ -47.269527899999957, -23.27694219999994 ], [ -47.269446299999977, -23.276857299999953 ], [ -47.269358799999956, -23.276828099999932 ], [ -47.269292699999937, -23.276834899999976 ], [ -47.269258799999939, -23.276854699999944 ], [ -47.26920819999998, -23.276890699999953 ], [ -47.26914469999997, -23.276955099999949 ], [ -47.269201299999963, -23.277337 ], [ -47.269222699999943, -23.277401099999967 ], [ -47.2691119, -23.277354599999967 ], [ -47.268912, -23.277741 ], [ -47.269029699999976, -23.27773679999996 ], [ -47.269141299999951, -23.277788299999941 ], [ -47.269117299999948, -23.277911899999946 ], [ -47.26934719999997, -23.277987399999965 ], [ -47.269445099999984, -23.277992599999955 ], [ -47.269489699999951, -23.278057799999949 ], [ -47.269515399999932, -23.278138499999947 ], [ -47.26945539999997, -23.278284299999946 ], [ -47.269484499999969, -23.278428499999965 ], [ -47.269541199999935, -23.278517799999975 ], [ -47.269603, -23.278734 ], [ -47.269695599999984, -23.278756299999941 ], [ -47.269879299999957, -23.278984599999951 ], [ -47.269956499999978, -23.279154499999937 ], [ -47.269984, -23.279393099999936 ], [ -47.269956499999978, -23.279538899999974 ], [ -47.269939299999983, -23.27958359999997 ], [ -47.269781399999943, -23.279755199999954 ], [ -47.269590699999988, -23.279978699999965 ], [ -47.269484499999976, -23.280058399999977 ], [ -47.269410199999982, -23.280052699999946 ], [ -47.269338099999977, -23.280200299999937 ], [ -47.269282, -23.280270099999942 ], [ -47.269276299999945, -23.280362699999962 ], [ -47.269336899999985, -23.280409699999957 ], [ -47.269313699999941, -23.280568 ], [ -47.268422299999941, -23.280534399999961 ], [ -47.268289499999987, -23.280559599999943 ], [ -47.268250499999965, -23.280587799999974 ], [ -47.268240199999987, -23.280648799999927 ], [ -47.268221899999965, -23.28094279999992 ], [ -47.268227099999926, -23.281050399999973 ], [ -47.268317499999966, -23.281103 ], [ -47.269293499999954, -23.281146499999977 ], [ -47.269381599999974, -23.281200299999973 ], [ -47.26955659999993, -23.281593899999958 ], [ -47.270093199999963, -23.282313599999942 ], [ -47.270167599999986, -23.282676299999931 ], [ -47.270228299999985, -23.28291929999995 ], [ -47.269948899999974, -23.282987599999949 ], [ -47.269985, -23.283097 ], [ -47.270054, -23.283463 ], [ -47.27, -23.283804 ], [ -47.269845, -23.284076 ], [ -47.2697, -23.284248 ], [ -47.269676, -23.284314 ], [ -47.269563, -23.284351 ], [ -47.269432, -23.28462 ], [ -47.269322, -23.284813 ], [ -47.269376, -23.285325 ], [ -47.269447, -23.285756 ], [ -47.269523, -23.286129 ], [ -47.269572, -23.286431 ], [ -47.269555, -23.286636 ], [ -47.269568, -23.286859 ], [ -47.26958, -23.286991 ], [ -47.269633, -23.287311 ], [ -47.269597, -23.287614 ], [ -47.269569, -23.287765 ], [ -47.269521, -23.288013 ], [ -47.269547, -23.2881 ], [ -47.269639, -23.288167 ], [ -47.269755, -23.288192 ], [ -47.269899, -23.288223 ], [ -47.270197, -23.288281 ], [ -47.270314, -23.288312 ], [ -47.270469, -23.288289 ], [ -47.270689699999942, -23.288246499999957 ], [ -47.270727, -23.288239299999926 ], [ -47.270684599999981, -23.288321 ], [ -47.270446299999946, -23.288781199999956 ], [ -47.270335599999953, -23.288994899999977 ], [ -47.270321499999966, -23.289022799999941 ], [ -47.270280899999932, -23.288993199999933 ], [ -47.270200699999975, -23.288898499999966 ], [ -47.26996429999997, -23.288832099999972 ], [ -47.269769199999978, -23.288727299999955 ], [ -47.269148199999961, -23.288401399999938 ], [ -47.268911599999967, -23.288268 ], [ -47.268299799999959, -23.287860099999921 ], [ -47.2681616, -23.287781399999961 ], [ -47.268075199999942, -23.287759399999977 ], [ -47.267978399999947, -23.287753 ], [ -47.267873799999961, -23.287762 ], [ -47.267446499999956, -23.287885899999935 ], [ -47.267246499999942, -23.287927199999956 ], [ -47.266673399999945, -23.287968 ], [ -47.266176299999984, -23.287977099999981 ], [ -47.265644599999973, -23.287962499999928 ], [ -47.265214, -23.287997 ], [ -47.26501269999995, -23.287993499999963 ], [ -47.26481419999994, -23.287960699999932 ], [ -47.264615699999979, -23.287898799999937 ], [ -47.264433599999968, -23.287815 ], [ -47.264131299999974, -23.287631099999942 ], [ -47.263803899999971, -23.287435399999932 ], [ -47.263656, -23.287336099999951 ], [ -47.263506699999944, -23.287266899999953 ], [ -47.263331899999969, -23.287230499999971 ], [ -47.263131599999952, -23.287226799999925 ], [ -47.262537899999984, -23.287390699999957 ], [ -47.262275099999954, -23.287392799999964 ], [ -47.262158099999958, -23.287389 ], [ -47.262081799999976, -23.287373 ], [ -47.261907319999978, -23.287317839999968 ], [ -47.261922799999979, -23.287122099999976 ], [ -47.261328299999953, -23.285092599999935 ], [ -47.260631299999943, -23.282761599999965 ], [ -47.259253199999939, -23.281881599999966 ], [ -47.258748899999944, -23.281577499999973 ], [ -47.258531399999988, -23.281367399999958 ], [ -47.258296499999965, -23.281184499999942 ], [ -47.256344, -23.279992 ], [ -47.256295699999953, -23.279955499999968 ], [ -47.25549929999994, -23.279423799999964 ], [ -47.255554599999989, -23.279360199999921 ], [ -47.253910699999949, -23.278247799999978 ], [ -47.253883499999965, -23.278156399999954 ], [ -47.253836599999943, -23.278092099999977 ], [ -47.25375, -23.278052599999963 ], [ -47.253591799999981, -23.278042699999958 ], [ -47.253145699999955, -23.277736199999925 ], [ -47.251988799999936, -23.278838599999972 ], [ -47.2504383, -23.280363799999979 ], [ -47.248785799999951, -23.281928499999939 ], [ -47.247311799999977, -23.283420399999954 ], [ -47.246347299999968, -23.284353599999967 ], [ -47.248923399999967, -23.286440799999987 ], [ -47.249965599999939, -23.287332399999968 ], [ -47.252031399999964, -23.289299299999982 ], [ -47.252047099999963, -23.289314199999986 ], [ -47.25250049999994, -23.289004199999962 ], [ -47.2528703, -23.288663599999957 ], [ -47.252988499999958, -23.288632699999937 ], [ -47.25346559999997, -23.288683699999972 ], [ -47.25357489999994, -23.288661799999943 ], [ -47.253607699999982, -23.288519799999964 ], [ -47.253727899999944, -23.288436 ], [ -47.253877199999984, -23.288465099999943 ], [ -47.253939199999934, -23.288563399999926 ], [ -47.254219699999965, -23.288447399999935 ], [ -47.254606899999949, -23.288184099999974 ], [ -47.254766899999936, -23.288017399999944 ], [ -47.254822399999966, -23.288152699999962 ], [ -47.2547886, -23.288221599999929 ], [ -47.254781899999962, -23.288327099999947 ], [ -47.254731899999975, -23.288436599999951 ], [ -47.254660699999938, -23.288629899999925 ], [ -47.254609299999977, -23.288729899999971 ], [ -47.254603, -23.288810099999981 ], [ -47.254754599999963, -23.289012 ], [ -47.254734799999937, -23.289138199999972 ], [ -47.254656699999941, -23.289301399999943 ], [ -47.254626499999972, -23.289413199999959 ], [ -47.254633599999984, -23.289606599999953 ], [ -47.254646, -23.289787599999944 ], [ -47.254646, -23.290217 ], [ -47.254672699999958, -23.290477799999959 ], [ -47.254649599999937, -23.290745699999942 ], [ -47.254686899999967, -23.290924899999926 ], [ -47.254880299999961, -23.291262 ], [ -47.255150299999976, -23.291567 ], [ -47.255915399999935, -23.29215819999996 ], [ -47.257566399999973, -23.293182 ], [ -47.25772139999998, -23.293246899999936 ], [ -47.258754199999942, -23.293506399999952 ], [ -47.259067899999927, -23.293722699999925 ], [ -47.259363499999957, -23.29391379999992 ], [ -47.260625199999936, -23.29469239999997 ], [ -47.261802199999977, -23.295348499999935 ], [ -47.262231199999974, -23.29516469999993 ], [ -47.263045899999952, -23.294872699999928 ], [ -47.263255, -23.294717699999975 ], [ -47.263983099999969, -23.293848899999951 ], [ -47.264242699999954, -23.293600099999935 ], [ -47.264531199999965, -23.29353209999994 ], [ -47.265515299999954, -23.292717599999936 ], [ -47.266283699999974, -23.291941399999935 ], [ -47.266609699999947, -23.291437 ], [ -47.26681549999995, -23.291224 ], [ -47.267003, -23.291122 ], [ -47.267434599999945, -23.290932599999966 ], [ -47.267945899999972, -23.290794499999937 ], [ -47.268247199999969, -23.29185369999994 ], [ -47.26967019999995, -23.290826399999958 ], [ -47.269651199999942, -23.290391199999927 ], [ -47.271905099999977, -23.291741699999935 ], [ -47.272218, -23.291563499999938 ], [ -47.272908599999937, -23.292388 ], [ -47.271734899999956, -23.293406399999977 ], [ -47.272213099999931, -23.296114 ], [ -47.27348609999995, -23.295929799999957 ], [ -47.273715899999956, -23.29638929999993 ], [ -47.273797199999933, -23.296811599999959 ], [ -47.273689499999932, -23.297896299999934 ], [ -47.273759899999959, -23.299664 ], [ -47.273657, -23.299923799999931 ], [ -47.273704399999986, -23.300036799999937 ], [ -47.273831799999982, -23.300167899999963 ], [ -47.2737408, -23.300211599999944 ], [ -47.273067, -23.301457099999933 ], [ -47.27282839999998, -23.303027799999935 ], [ -47.272695899999974, -23.304317399999942 ], [ -47.272631799999942, -23.304447799999934 ], [ -47.272174299999961, -23.305072899999956 ], [ -47.274782699999946, -23.305855 ], [ -47.277355599999964, -23.30657459999998 ], [ -47.277428699999973, -23.306657099999939 ], [ -47.277588, -23.306769499999977 ], [ -47.277801899999986, -23.307040199999967 ], [ -47.2781442, -23.307381899999939 ], [ -47.278695599999942, -23.30785219999996 ], [ -47.279113899999977, -23.308201499999942 ], [ -47.279275499999976, -23.308301899999936 ], [ -47.279556, -23.308415399999944 ], [ -47.280188199999941, -23.308607499999933 ], [ -47.280349799999954, -23.30866419999996 ], [ -47.28045439999994, -23.308712299999968 ], [ -47.280559, -23.308773399999939 ], [ -47.280701599999986, -23.308908699999954 ], [ -47.280796599999981, -23.308987299999959 ], [ -47.280882199999951, -23.309031 ], [ -47.28148589999995, -23.309170699999989 ], [ -47.282113399999957, -23.309323499999948 ], [ -47.28238429999994, -23.309432599999983 ], [ -47.282660099999937, -23.309594099999963 ], [ -47.282874, -23.30976 ], [ -47.282908299999974, -23.309805099999956 ], [ -47.282931, -23.309834199999941 ], [ -47.282964299999946, -23.3099041 ], [ -47.283026099999979, -23.310096199999972 ], [ -47.283083099999935, -23.310231499999926 ], [ -47.283387399999981, -23.310812099999964 ], [ -47.283568, -23.31113519999996 ], [ -47.283701099999973, -23.311449499999977 ], [ -47.283957799999932, -23.311737599999962 ], [ -47.284228699999971, -23.312043199999948 ], [ -47.284380899999981, -23.312204699999931 ], [ -47.284528199999961, -23.312471 ], [ -47.284628, -23.312667499999986 ], [ -47.284689799999967, -23.312842099999951 ], [ -47.284704099999942, -23.313008 ], [ -47.284694599999973, -23.313256799999976 ], [ -47.284718399999974, -23.313400899999969 ], [ -47.284822899999938, -23.313658399999948 ], [ -47.284856199999986, -23.313815599999945 ], [ -47.284851499999938, -23.313998899999952 ], [ -47.284856199999979, -23.314265199999962 ], [ -47.284884699999964, -23.314701799999966 ], [ -47.284922799999947, -23.315099 ], [ -47.284951299999932, -23.315339099999957 ], [ -47.284970299999934, -23.315457 ], [ -47.285027299999967, -23.315636 ], [ -47.285146199999986, -23.315889199999955 ], [ -47.285114799999974, -23.315893 ], [ -47.284827, -23.31592819999997 ], [ -47.284254899999951, -23.315982 ], [ -47.283726699999931, -23.316196799999936 ], [ -47.283286099999934, -23.316489099999952 ], [ -47.282861799999985, -23.316993699999951 ], [ -47.282148599999971, -23.317514199999941 ], [ -47.281504899999966, -23.318026299999921 ], [ -47.280738499999984, -23.318609399999957 ], [ -47.280466799999942, -23.319093 ], [ -47.280415299999959, -23.319483399999957 ], [ -47.280743, -23.319533699999962 ], [ -47.281308799999977, -23.319777199999979 ], [ -47.281497299999955, -23.319873199999957 ], [ -47.281651599999982, -23.319996599999978 ], [ -47.281888199999976, -23.320257199999958 ], [ -47.283276799999946, -23.321450299999981 ], [ -47.284615599999938, -23.322626299999961 ], [ -47.286696299999967, -23.320396899999942 ], [ -47.288170599999951, -23.318956899999929 ], [ -47.288410599999963, -23.318675699999964 ], [ -47.288726, -23.318607199999963 ], [ -47.289068899999961, -23.319046 ], [ -47.288986599999937, -23.319231199999926 ], [ -47.288808299999971, -23.319327199999979 ], [ -47.288568299999952, -23.319930599999957 ], [ -47.288568299999952, -23.320047199999976 ], [ -47.288499799999961, -23.320527199999969 ], [ -47.288554599999941, -23.320787699999986 ], [ -47.288595799999932, -23.321034599999976 ], [ -47.288897499999962, -23.321974 ], [ -47.289377499999944, -23.32296139999994 ], [ -47.289542, -23.323318 ], [ -47.289775199999951, -23.323688299999958 ], [ -47.2898163, -23.324154599999929 ], [ -47.289761499999933, -23.324662 ], [ -47.289788899999955, -23.325882599999932 ], [ -47.289802599999973, -23.326198 ], [ -47.290159199999948, -23.326623199999968 ], [ -47.290433499999956, -23.327089399999974 ], [ -47.290598, -23.32745969999997 ], [ -47.290598, -23.327898599999958 ], [ -47.290625499999976, -23.328200299999931 ], [ -47.290625499999976, -23.328447199999957 ], [ -47.290735199999972, -23.328611699999946 ], [ -47.29079, -23.329023199999938 ], [ -47.29079, -23.329228899999972 ], [ -47.290830499999977, -23.329584899999926 ], [ -47.290831199999957, -23.329582199999958 ], [ -47.2915503, -23.329674199999932 ], [ -47.292316799999981, -23.3290249 ], [ -47.293012, -23.32830469999994 ], [ -47.293736899999949, -23.327554499999966 ], [ -47.294001699999974, -23.326302399999982 ], [ -47.29396829999996, -23.326119 ], [ -47.293872399999934, -23.325706099999934 ], [ -47.293876599999983, -23.325480899999949 ], [ -47.29393749999997, -23.324941399999947 ], [ -47.29396829999996, -23.324755299999936 ], [ -47.294358299999942, -23.324521399999988 ], [ -47.294509199999943, -23.324401399999932 ], [ -47.294759899999967, -23.324134 ], [ -47.294840499999964, -23.324082599999933 ], [ -47.295260499999983, -23.323858 ], [ -47.295334199999964, -23.32381 ], [ -47.295600799999931, -23.323594 ], [ -47.295806499999969, -23.323384899999944 ], [ -47.295878499999965, -23.323283699999937 ], [ -47.295972799999966, -23.323091699999971 ], [ -47.29625429999993, -23.322654599999961 ], [ -47.296422799999959, -23.322344299999934 ], [ -47.296688499999959, -23.322027199999987 ], [ -47.296757, -23.321896899999945 ], [ -47.297046799999983, -23.321178599999939 ], [ -47.297129, -23.320996899999951 ], [ -47.297609, -23.320081399999932 ], [ -47.297984199999973, -23.319473199999944 ], [ -47.297683399999983, -23.319274599999964 ], [ -47.297568799999972, -23.319172099999939 ], [ -47.297503799999966, -23.31907649999993 ], [ -47.297451299999985, -23.318862799999977 ], [ -47.297316499999965, -23.318387099999935 ], [ -47.297303799999952, -23.318083 ], [ -47.297079799999956, -23.317279899999956 ], [ -47.297025099999985, -23.317176099999987 ], [ -47.29677229999993, -23.317014499999974 ], [ -47.293800099999942, -23.315267699999932 ], [ -47.293723599999971, -23.315147499999963 ], [ -47.293654399999987, -23.313894599999959 ], [ -47.293583399999939, -23.312856699999948 ], [ -47.293578, -23.312270299999955 ], [ -47.293692699999951, -23.311964399999972 ], [ -47.294113299999935, -23.311729499999966 ], [ -47.294623399999985, -23.311521199999952 ], [ -47.296067299999955, -23.311658399999938 ], [ -47.29652619999996, -23.311582 ], [ -47.296872199999939, -23.311687599999971 ], [ -47.29802669999998, -23.311771299999968 ], [ -47.298270699999932, -23.31169849999997 ], [ -47.29842, -23.311560099999941 ], [ -47.298522, -23.311378 ], [ -47.298554799999984, -23.311104899999957 ], [ -47.298481899999956, -23.310871799999969 ], [ -47.298285299999982, -23.31064959999998 ], [ -47.297979299999959, -23.310354599999975 ], [ -47.297720799999979, -23.310005 ], [ -47.297567799999975, -23.309753699999927 ], [ -47.297520499999962, -23.309353 ], [ -47.297564199999954, -23.308752099999936 ], [ -47.297771799999964, -23.30826409999997 ], [ -47.29803759999993, -23.30796539999994 ], [ -47.298696799999966, -23.30742279999998 ], [ -47.299188499999964, -23.307003899999923 ], [ -47.299399699999981, -23.306789099999946 ], [ -47.299549099999972, -23.306290099999963 ], [ -47.299585499999978, -23.305904099999967 ], [ -47.299476199999958, -23.305598099999933 ], [ -47.299166599999978, -23.304960799999954 ], [ -47.299024599999939, -23.304603799999946 ], [ -47.298980899999947, -23.304316099999937 ], [ -47.299046499999974, -23.303951899999959 ], [ -47.299192099999971, -23.303605899999987 ], [ -47.299443399999973, -23.30334369999996 ], [ -47.299869599999965, -23.303008599999949 ], [ -47.29995329999997, -23.302892099999951 ], [ -47.299920499999985, -23.3027173 ], [ -47.299669199999983, -23.302400399999954 ], [ -47.299363299999975, -23.302036199999982 ], [ -47.29929409999994, -23.301814099999941 ], [ -47.299305, -23.301577299999959 ], [ -47.299396099999974, -23.301380699999985 ], [ -47.299607299999934, -23.301173099999964 ], [ -47.299760299999946, -23.300950899999982 ], [ -47.299898699999979, -23.300594 ], [ -47.299906, -23.300382699999947 ], [ -47.299716599999961, -23.299872899999954 ], [ -47.299618299999963, -23.299439499999956 ], [ -47.299490799999944, -23.29875479999998 ], [ -47.299483199999933, -23.298514 ], [ -47.301626899999974, -23.298210599999948 ], [ -47.301817099999937, -23.298173899999941 ], [ -47.302152199999966, -23.298621799999978 ], [ -47.302807799999982, -23.299179099999947 ], [ -47.303153799999961, -23.299583299999938 ], [ -47.303510699999947, -23.300129599999934 ], [ -47.303583499999952, -23.300271699999939 ], [ -47.303599899999938, -23.300357199999944 ], [ -47.303616299999931, -23.300442799999924 ], [ -47.303644399999946, -23.300832899999939 ], [ -47.303646, -23.300911299999925 ], [ -47.303591099999949, -23.301296299999922 ], [ -47.303499099999954, -23.302449399999926 ], [ -47.303488899999941, -23.302576799999937 ], [ -47.303719199999939, -23.302602599999936 ], [ -47.305022, -23.302986599999947 ], [ -47.3054815, -23.303082599999978 ], [ -47.305803799999978, -23.303082599999975 ], [ -47.305968299999961, -23.303020899999975 ], [ -47.306132899999973, -23.302794599999974 ], [ -47.306407199999967, -23.302547699999938 ], [ -47.306756899999989, -23.302431199999937 ], [ -47.307072299999966, -23.30239 ], [ -47.30741519999998, -23.302184299999965 ], [ -47.307607199999943, -23.30204719999994 ], [ -47.308238, -23.302060899999955 ], [ -47.308704299999938, -23.301937399999925 ], [ -47.30918429999997, -23.301951199999955 ], [ -47.310062, -23.301745399999955 ], [ -47.310308899999939, -23.301553399999928 ], [ -47.310912299999984, -23.301046 ], [ -47.311448699999978, -23.301043499999938 ], [ -47.311466899999964, -23.300418799999942 ], [ -47.31172649999997, -23.299613299999979 ], [ -47.312198699999961, -23.298775699999958 ], [ -47.312565599999978, -23.298626399999939 ], [ -47.313290099999961, -23.298112399999972 ], [ -47.313616, -23.297313199999962 ], [ -47.314180799999974, -23.29666989999998 ], [ -47.314486, -23.296581599999964 ], [ -47.314720499999964, -23.296489399999931 ], [ -47.314912199999981, -23.296434699999967 ], [ -47.315060299999971, -23.296406399999967 ], [ -47.31520839999996, -23.296382 ], [ -47.315404799999953, -23.296293699999964 ], [ -47.315803599999981, -23.296152 ], [ -47.315410899999961, -23.295854899999934 ], [ -47.315803299999978, -23.295452799999964 ], [ -47.315856799999949, -23.295420699999969 ], [ -47.316027899999938, -23.2954635 ], [ -47.316225699999961, -23.295575799999941 ], [ -47.316327299999955, -23.295693399999944 ], [ -47.316493, -23.295768199999937 ], [ -47.31666679999995, -23.295693399999958 ], [ -47.31703569999997, -23.295832399999941 ], [ -47.321175299999929, -23.295228199999947 ], [ -47.321335699999963, -23.295180099999989 ], [ -47.321325, -23.294902099999945 ], [ -47.321239399999968, -23.294720299999934 ], [ -47.32094, -23.294474399999956 ], [ -47.320688699999941, -23.294404899999957 ], [ -47.320373299999979, -23.294437 ], [ -47.320111299999958, -23.294410199999962 ], [ -47.319619399999972, -23.294335399999969 ], [ -47.318705199999947, -23.294158899999957 ], [ -47.318154499999935, -23.294447599999959 ], [ -47.317892499999978, -23.294482399999929 ], [ -47.317782899999941, -23.294477099999948 ], [ -47.3177, -23.294530499999947 ], [ -47.317673299999967, -23.2946 ], [ -47.317414, -23.294723 ], [ -47.317253599999958, -23.29478719999997 ], [ -47.317109199999955, -23.29505979999994 ], [ -47.316831199999974, -23.295107899999955 ], [ -47.316376699999978, -23.295107899999948 ], [ -47.315954399999953, -23.295043799999963 ], [ -47.315874199999939, -23.294846 ], [ -47.315633599999956, -23.2946535 ], [ -47.315136299999949, -23.294423599999966 ], [ -47.314719299999979, -23.294332699999931 ], [ -47.314206699999943, -23.294328399999984 ], [ -47.314573799999948, -23.29383869999997 ], [ -47.314844599999965, -23.29348119999997 ], [ -47.315109499999949, -23.293033499999982 ], [ -47.31514089999996, -23.29293939999997 ], [ -47.315271299999949, -23.292933199999936 ], [ -47.315493199999935, -23.292665899999978 ], [ -47.315061299999968, -23.291965799999961 ], [ -47.316191799999963, -23.292187899999941 ], [ -47.31626289999997, -23.292203099999934 ], [ -47.316287099999954, -23.292144599999975 ], [ -47.316355499999986, -23.292101899999977 ], [ -47.316398299999946, -23.292094 ], [ -47.31644109999997, -23.292086199999972 ], [ -47.316525199999944, -23.29209619999995 ], [ -47.316593599999976, -23.292154599999943 ], [ -47.316615, -23.292207399999938 ], [ -47.316613699999955, -23.292225599999938 ], [ -47.318687599999976, -23.292633799999983 ], [ -47.318726099999942, -23.292639399999931 ], [ -47.318858899999952, -23.292526899999928 ], [ -47.319169, -23.29242 ], [ -47.319644799999942, -23.292414599999962 ], [ -47.319987, -23.292446699999974 ], [ -47.32011, -23.292313 ], [ -47.320211499999971, -23.292158 ], [ -47.320452099999954, -23.292083099999953 ], [ -47.320660699999962, -23.291815799999938 ], [ -47.320708799999977, -23.291452199999988 ], [ -47.32059119999996, -23.291174199999947 ], [ -47.319781199999959, -23.290853399999957 ], [ -47.319789199999946, -23.290767899999945 ], [ -47.318484599999984, -23.290206499999957 ], [ -47.318693099999962, -23.289618399999934 ], [ -47.319543199999934, -23.28752789999994 ], [ -47.317778899999951, -23.286902299999952 ], [ -47.318538099999955, -23.285496199999947 ], [ -47.318345599999937, -23.285330499999933 ], [ -47.315479899999957, -23.284042 ], [ -47.314988, -23.285122 ], [ -47.314859699999936, -23.285191499999939 ], [ -47.314193699999976, -23.285233399999978 ], [ -47.313994899999955, -23.285239599999951 ], [ -47.313839799999982, -23.285303699999933 ], [ -47.313428099999946, -23.285255599999967 ], [ -47.313364, -23.285266299999932 ], [ -47.313166199999955, -23.285330499999926 ], [ -47.313086, -23.285250299999966 ], [ -47.312901, -23.285217 ], [ -47.312444, -23.285181 ], [ -47.311922, -23.285326 ], [ -47.311403, -23.28556 ], [ -47.310825, -23.285946 ], [ -47.31024, -23.286233 ], [ -47.309817, -23.286371 ], [ -47.309514, -23.286588 ], [ -47.309271, -23.286937 ], [ -47.30847909999995, -23.286789799999951 ], [ -47.307843699999978, -23.286872699999936 ], [ -47.306508299999962, -23.286531899999936 ], [ -47.306609599999952, -23.286246399999968 ], [ -47.307125299999939, -23.285518899999939 ], [ -47.307751599999968, -23.28499389999995 ], [ -47.308764599999961, -23.284330799999942 ], [ -47.309630299999981, -23.283999299999952 ], [ -47.310275, -23.283621699999962 ], [ -47.311057799999951, -23.283529599999945 ], [ -47.311601099999962, -23.283723 ], [ -47.312061599999936, -23.28384269999998 ], [ -47.312402299999974, -23.283852 ], [ -47.312853599999983, -23.283815099999966 ], [ -47.313286499999954, -23.283630899999931 ], [ -47.31347059999996, -23.283511199999964 ], [ -47.313719299999953, -23.283409899999985 ], [ -47.314170599999954, -23.283271799999955 ], [ -47.314640199999985, -23.28308759999992 ], [ -47.315109899999982, -23.28287569999998 ], [ -47.315673, -23.283214 ], [ -47.316049, -23.282918 ], [ -47.316282, -23.282614 ], [ -47.316399, -23.282383 ], [ -47.316661, -23.28214 ], [ -47.316967, -23.281819 ], [ -47.317454, -23.281547 ], [ -47.317552, -23.281486 ], [ -47.317998, -23.281258 ], [ -47.318317, -23.281238 ], [ -47.318751, -23.281114 ], [ -47.319069, -23.280925 ], [ -47.319412, -23.280641 ], [ -47.319645, -23.280385 ], [ -47.319837, -23.280219 ], [ -47.319946, -23.280105 ], [ -47.320323, -23.279993 ], [ -47.320615, -23.27996 ], [ -47.321026, -23.280068 ], [ -47.32147, -23.28022 ], [ -47.321893, -23.280194 ], [ -47.322251, -23.280105 ], [ -47.322391, -23.27983 ], [ -47.322327, -23.279731 ], [ -47.322291799999952, -23.279652899999984 ], [ -47.320576599999981, -23.279116299999941 ], [ -47.320373199999956, -23.278908 ], [ -47.320337099999968, -23.278891199999979 ], [ -47.320335399999983, -23.278891599999941 ], [ -47.320356799999956, -23.278760399999957 ], [ -47.320201, -23.278486599999955 ], [ -47.318357299999946, -23.278850499999972 ], [ -47.317946, -23.27827119999996 ], [ -47.317600399999954, -23.278261499999932 ], [ -47.317573099999954, -23.278396899999965 ], [ -47.317517, -23.278388899999978 ], [ -47.317295599999966, -23.278451399999941 ], [ -47.317018199999957, -23.278539299999974 ], [ -47.316729799999962, -23.278603099999952 ], [ -47.316466799999944, -23.278608299999963 ], [ -47.31628569999998, -23.278509599999957 ], [ -47.316040499999986, -23.278341399999931 ], [ -47.315870899999936, -23.278278099999966 ], [ -47.315675599999956, -23.278205299999964 ], [ -47.315287699999942, -23.278093299999963 ], [ -47.314614799999966, -23.277836699999966 ], [ -47.314386699999943, -23.277788299999937 ], [ -47.313870599999973, -23.277828199999945 ], [ -47.31379359999994, -23.277890899999928 ], [ -47.313762299999951, -23.277956499999952 ], [ -47.313596899999943, -23.278287199999955 ], [ -47.313437199999953, -23.27855809999993 ], [ -47.313422899999978, -23.278578099999955 ], [ -47.31316919999994, -23.278780499999982 ], [ -47.312604599999986, -23.279330799999958 ], [ -47.31258749999995, -23.279427799999947 ], [ -47.313058399999939, -23.280146499999944 ], [ -47.31275, -23.280260299999945 ], [ -47.31247929999995, -23.280418 ], [ -47.312137699999937, -23.280320399999937 ], [ -47.311848399999974, -23.280235499999936 ], [ -47.311677899999943, -23.280189099999969 ], [ -47.31113049999994, -23.280308799999954 ], [ -47.310919799999958, -23.28028239999998 ], [ -47.31091379999998, -23.280236099999968 ], [ -47.310908299999944, -23.280216599999967 ], [ -47.310732099999939, -23.280074799999962 ], [ -47.311035499999946, -23.279765099999963 ], [ -47.311474499999974, -23.279305799999968 ], [ -47.311575599999969, -23.279213699999946 ], [ -47.311834899999951, -23.279005499999986 ], [ -47.311895499999935, -23.278944599999935 ], [ -47.312372, -23.278762399999941 ], [ -47.312399099999936, -23.278744399999937 ], [ -47.312443099999939, -23.278712399999964 ], [ -47.312496199999934, -23.278659299999948 ], [ -47.312659399999973, -23.278468099999927 ], [ -47.312740499999968, -23.278348899999973 ], [ -47.312883099999972, -23.278115199999935 ], [ -47.312942199999952, -23.278011099999961 ], [ -47.31259979999993, -23.277796299999977 ], [ -47.312547399999971, -23.277729499999964 ], [ -47.312573399999962, -23.277588299999941 ], [ -47.312553899999948, -23.277380599999955 ], [ -47.312584699999938, -23.277223199999987 ], [ -47.312763199999949, -23.277195599999978 ], [ -47.31292389999993, -23.277148599999972 ], [ -47.313138, -23.277145299999958 ], [ -47.313243499999949, -23.277163199999958 ], [ -47.313297099999943, -23.277208599999945 ], [ -47.313337599999954, -23.277265399999973 ], [ -47.313422, -23.277301099999931 ], [ -47.313509599999982, -23.277286499999946 ], [ -47.313676699999974, -23.277232899999948 ], [ -47.313910399999941, -23.277119399999947 ], [ -47.31407269999994, -23.277013899999929 ], [ -47.314163499999957, -23.27694409999998 ], [ -47.314243, -23.276853299999974 ], [ -47.314322499999946, -23.276780199999966 ], [ -47.314406899999945, -23.276726699999987 ], [ -47.314458799999954, -23.276710499999972 ], [ -47.314507499999934, -23.276723399999977 ], [ -47.314557799999932, -23.276575799999929 ], [ -47.314588599999979, -23.276512499999964 ], [ -47.314629199999949, -23.27646709999993 ], [ -47.314688399999966, -23.27642 ], [ -47.314917199999968, -23.276307299999939 ], [ -47.3149959, -23.276297499999941 ], [ -47.315073, -23.276307299999928 ], [ -47.315127299999972, -23.276325099999944 ], [ -47.315331, -23.276441899999959 ], [ -47.315382899999975, -23.27645 ], [ -47.316114699999957, -23.276463 ], [ -47.316179599999941, -23.276433 ], [ -47.316595799999959, -23.276140899999977 ], [ -47.316988499999987, -23.27611579999995 ], [ -47.316259, -23.275439299999963 ], [ -47.316246399999955, -23.275495 ], [ -47.31619429999995, -23.275511099999953 ], [ -47.3161396, -23.275496399999948 ], [ -47.313043899999975, -23.275443299999953 ], [ -47.312916799999982, -23.275493699999963 ], [ -47.31283939999998, -23.275493699999966 ], [ -47.312755299999928, -23.275467 ], [ -47.312714299999982, -23.275434599999972 ], [ -47.311463299999957, -23.275406599999936 ], [ -47.311168299999963, -23.275355899999969 ], [ -47.310938699999951, -23.275281099999969 ], [ -47.310634399999969, -23.275146299999964 ], [ -47.310400799999968, -23.275008899999932 ], [ -47.310265, -23.274907099999943 ], [ -47.310063499999956, -23.274726899999955 ], [ -47.309921299999985, -23.274555399999933 ], [ -47.309911599999964, -23.274460799999932 ], [ -47.309903499999962, -23.274445199999938 ], [ -47.310205799999949, -23.274315199999936 ], [ -47.310409199999981, -23.27415729999996 ], [ -47.310542299999959, -23.273965399999959 ], [ -47.310612399999968, -23.27379679999996 ], [ -47.3106595, -23.273814799999968 ], [ -47.311876199999979, -23.274305599999931 ], [ -47.312045699999942, -23.27379349999995 ], [ -47.312087499999961, -23.27355539999996 ], [ -47.312047699999937, -23.273460199999938 ], [ -47.3120646, -23.273426599999929 ], [ -47.312161799999956, -23.273463099999965 ], [ -47.312196399999948, -23.273571299999958 ], [ -47.312241799999981, -23.273614599999977 ], [ -47.312319699999925, -23.273642699999982 ], [ -47.313544199999967, -23.273597199999976 ], [ -47.313799499999959, -23.273625399999947 ], [ -47.313877399999967, -23.27354529999997 ], [ -47.313383099999953, -23.273190499999941 ], [ -47.313332199999934, -23.273134299999963 ], [ -47.313301899999949, -23.273032599999965 ], [ -47.313303, -23.272946 ], [ -47.313318199999976, -23.272881099999942 ], [ -47.3133701, -23.272752399999941 ], [ -47.313419799999963, -23.272699399999951 ], [ -47.313588599999946, -23.272569599999933 ], [ -47.31393259999993, -23.272327299999972 ], [ -47.313672799999949, -23.272108099999969 ], [ -47.314508599999954, -23.271807 ], [ -47.315071499999931, -23.271602799999986 ], [ -47.315275199999974, -23.271451799999959 ], [ -47.315664799999979, -23.271076199999985 ], [ -47.316485599999972, -23.270138899999953 ], [ -47.316606699999973, -23.269964899999941 ], [ -47.316652099999942, -23.269784599999973 ], [ -47.316600699999981, -23.269408199999919 ], [ -47.316885899999939, -23.268934899999984 ], [ -47.316880199999957, -23.268741 ], [ -47.316766099999938, -23.268495799999975 ], [ -47.317085599999984, -23.268559699999965 ], [ -47.31721709999993, -23.268614399999933 ], [ -47.317507499999977, -23.268735299999946 ], [ -47.318079, -23.268921 ], [ -47.318524, -23.26908 ], [ -47.319056, -23.269275 ], [ -47.318795899999941, -23.26964589999994 ], [ -47.318581299999948, -23.270023199999958 ], [ -47.318283599999972, -23.270462799999965 ], [ -47.318048199999971, -23.270686099999981 ], [ -47.317394, -23.27159129999994 ], [ -47.317252, -23.271686499999937 ], [ -47.31724509999998, -23.271786899999949 ], [ -47.317608599999971, -23.272261099999977 ], [ -47.318345899999947, -23.27300189999994 ], [ -47.318612399999942, -23.273168 ], [ -47.318745699999965, -23.273088399999953 ], [ -47.320365699999968, -23.271392199999983 ], [ -47.320905699999969, -23.27156529999996 ], [ -47.32148849999993, -23.269231299999944 ], [ -47.321684199999943, -23.269310599999979 ], [ -47.322072399999968, -23.269464099999929 ], [ -47.322659099999953, -23.269685399999947 ], [ -47.323552199999938, -23.269834799999963 ], [ -47.324015199999963, -23.269959299999972 ], [ -47.324884899999972, -23.270255799999969 ], [ -47.325051399999957, -23.270341299999924 ], [ -47.325152299999957, -23.270396399999981 ], [ -47.32527349999998, -23.270496799999943 ], [ -47.325347599999937, -23.270597699999936 ], [ -47.32544119999995, -23.270789899999944 ], [ -47.325554399999938, -23.271292799999966 ], [ -47.325568699999963, -23.271330699999957 ], [ -47.325577499999952, -23.271389599999967 ], [ -47.325620299999969, -23.271361 ], [ -47.325843199999944, -23.271309 ], [ -47.326000099999931, -23.271282299999935 ], [ -47.325934599999982, -23.270972499999967 ], [ -47.324886799999945, -23.266134899999937 ], [ -47.324747799999955, -23.265553599999965 ], [ -47.3247401, -23.265519399999967 ], [ -47.324742, -23.26551939999996 ], [ -47.325187099999937, -23.265446199999928 ], [ -47.325442799999962, -23.265374599999962 ], [ -47.325882099999944, -23.265339699999981 ], [ -47.32644339999996, -23.265362099999958 ], [ -47.32651589999994, -23.265358399999975 ], [ -47.326795799999957, -23.265382799999951 ], [ -47.327131599999973, -23.265362799999931 ], [ -47.327219199999945, -23.264849899999945 ], [ -47.326978299999951, -23.264212799999935 ], [ -47.3269691, -23.264163499999935 ], [ -47.326974599999971, -23.262889399999938 ], [ -47.326925299999971, -23.262088 ], [ -47.326041799999985, -23.261777699999978 ], [ -47.326019899999956, -23.261646299999938 ], [ -47.325921299999955, -23.261580599999945 ], [ -47.325629299999946, -23.261474699999962 ], [ -47.325410199999972, -23.261529499999945 ], [ -47.325081599999983, -23.261723 ], [ -47.324990399999933, -23.261719299999978 ], [ -47.324727499999938, -23.261617099999956 ], [ -47.324603399999944, -23.261602499999977 ], [ -47.324336899999935, -23.261635299999963 ], [ -47.324194499999983, -23.261628 ], [ -47.324099599999954, -23.261613399999934 ], [ -47.323971799999981, -23.261558699999963 ], [ -47.323746399999955, -23.261336199999963 ], [ -47.32371489999997, -23.261042 ], [ -47.323732099999972, -23.260899699999982 ], [ -47.323801799999956, -23.260749099999948 ], [ -47.323926699999959, -23.260521899999954 ], [ -47.32441369999998, -23.259801899999967 ], [ -47.324581399999943, -23.259532199999978 ], [ -47.324760399999946, -23.259590899999974 ], [ -47.325008599999926, -23.25968579999995 ], [ -47.325118199999963, -23.259667499999985 ], [ -47.325340899999958, -23.259667499999981 ], [ -47.325461299999972, -23.259682099999964 ], [ -47.326191499999936, -23.259842799999937 ], [ -47.32706409999998, -23.26006909999996 ], [ -47.327049399999964, -23.260207899999966 ], [ -47.327122499999966, -23.260291799999951 ], [ -47.327197899999931, -23.260312499999937 ], [ -47.327268499999946, -23.260295499999923 ], [ -47.32753619999994, -23.259520299999956 ], [ -47.327625099999977, -23.259222099999931 ], [ -47.327642099999927, -23.258720699999976 ], [ -47.327593399999955, -23.258704299999987 ], [ -47.327624699999937, -23.258498899999946 ], [ -47.32783759999996, -23.258215099999962 ], [ -47.327968, -23.257961699999946 ], [ -47.328071899999941, -23.257609 ], [ -47.328067399999952, -23.2575452 ], [ -47.328023499999972, -23.257467099999911 ], [ -47.327638899999954, -23.257193099999931 ], [ -47.327162399999963, -23.256825399999975 ], [ -47.326666699999976, -23.256459799999949 ], [ -47.326182299999971, -23.256088299999927 ], [ -47.325694199999937, -23.255738899999972 ], [ -47.325533099999973, -23.255603599999979 ], [ -47.325469699999985, -23.255555299999962 ], [ -47.325386899999955, -23.255499399999966 ], [ -47.325218099999965, -23.255385399999962 ], [ -47.32508149999996, -23.2552368 ], [ -47.324682199999984, -23.254937099999939 ], [ -47.324142799999947, -23.254542599999976 ], [ -47.324194199999965, -23.254377899999938 ], [ -47.324257399999965, -23.254152799999936 ], [ -47.324276299999951, -23.253925699999964 ], [ -47.324225699999943, -23.253736199999935 ], [ -47.324035099999946, -23.253275899999952 ], [ -47.323965099999945, -23.253086899999978 ], [ -47.323956499999952, -23.253056599999976 ], [ -47.323941299999937, -23.253025899999955 ], [ -47.324454, -23.252899099999979 ], [ -47.324814799999963, -23.252835699999935 ], [ -47.325153299999954, -23.252802399999947 ], [ -47.325607199999972, -23.252777 ], [ -47.326292499999973, -23.25277229999995 ], [ -47.327401499999951, -23.252770399999964 ], [ -47.327865599999939, -23.252773099999963 ], [ -47.32904979999995, -23.252774699999989 ], [ -47.330904399999959, -23.252775399999955 ], [ -47.334233499999982, -23.252775099999962 ], [ -47.336727099999962, -23.252776199999964 ], [ -47.337221499999941, -23.252777 ], [ -47.3378886, -23.252787199999943 ], [ -47.338134, -23.252797 ], [ -47.338368, -23.252830199999952 ], [ -47.338582099999947, -23.252873699999952 ], [ -47.338806299999931, -23.252921399999934 ], [ -47.339198799999963, -23.25303839999998 ], [ -47.339814799999942, -23.253232899999951 ], [ -47.340503499999961, -23.253438199999934 ], [ -47.34053149999994, -23.253448499999926 ], [ -47.340560899999957, -23.25345909999994 ], [ -47.341633, -23.253784499999938 ], [ -47.342331699999932, -23.253994899999956 ], [ -47.342331299999955, -23.254002399999926 ], [ -47.342328399999985, -23.25403319999997 ], [ -47.342326199999953, -23.254065599999915 ], [ -47.342326199999945, -23.254143699999933 ], [ -47.342326599999978, -23.254187399999974 ], [ -47.342317699999967, -23.254215799999933 ], [ -47.342428799999944, -23.254845499999917 ], [ -47.342502299999978, -23.255501099999936 ], [ -47.342549299999966, -23.255746699999978 ], [ -47.342582099999959, -23.255962599999965 ], [ -47.342605599999956, -23.25629269999995 ], [ -47.342688499999952, -23.256812199999953 ], [ -47.342738599999961, -23.257341 ], [ -47.342949799999978, -23.259044799999966 ], [ -47.343040599999938, -23.259614299999956 ], [ -47.343398799999932, -23.262272499999941 ], [ -47.34299539999995, -23.262509699999949 ], [ -47.342831099999955, -23.262736099999923 ], [ -47.342707, -23.262940499999953 ], [ -47.342535399999974, -23.263141299999976 ], [ -47.342400299999959, -23.263298299999967 ], [ -47.34225059999995, -23.263670699999974 ], [ -47.34242219999993, -23.263703499999945 ], [ -47.3424811, -23.263686699999937 ], [ -47.34248439999994, -23.263683799999949 ], [ -47.342533699999926, -23.263657299999984 ], [ -47.342600499999939, -23.263652499999974 ], [ -47.342626899999964, -23.263664699999929 ], [ -47.34266359999998, -23.263663299999969 ], [ -47.342720199999974, -23.263696 ], [ -47.342777699999942, -23.263759599999961 ], [ -47.342802099999972, -23.263814399999941 ], [ -47.342807799999946, -23.263886499999956 ], [ -47.342834699999969, -23.263968599999938 ], [ -47.342831, -23.264030899999963 ], [ -47.342848099999969, -23.264117699999918 ], [ -47.342851, -23.264215 ], [ -47.342846099999974, -23.264265499999965 ], [ -47.342828599999962, -23.264322599999957 ], [ -47.342804599999965, -23.264378399999945 ], [ -47.342833099999957, -23.264509099999945 ], [ -47.342871799999955, -23.264555899999934 ], [ -47.34286359999993, -23.264585299999961 ], [ -47.342897799999953, -23.264648899999944 ], [ -47.342886399999941, -23.264754799999931 ], [ -47.342888099999975, -23.264833 ], [ -47.342920699999972, -23.26482649999997 ], [ -47.343108, -23.264727099999959 ], [ -47.343173199999967, -23.264655399999967 ], [ -47.343280799999953, -23.264569 ], [ -47.343309099999942, -23.264552199999983 ], [ -47.343310199999962, -23.264552099999939 ], [ -47.343541499999958, -23.264727899999968 ], [ -47.343622899999957, -23.26477019999993 ], [ -47.343757399999966, -23.264816 ], [ -47.344083599999976, -23.264845199999954 ], [ -47.344370799999979, -23.264898799999962 ], [ -47.344497399999966, -23.264964499999969 ], [ -47.344633699999974, -23.265205399999964 ], [ -47.344670199999932, -23.265439099999988 ], [ -47.344728599999947, -23.265599699999928 ], [ -47.344755299999974, -23.26578469999998 ], [ -47.344762599999967, -23.265952699999954 ], [ -47.344755299999974, -23.266081699999976 ], [ -47.34464829999996, -23.26618139999993 ], [ -47.344577699999952, -23.266225199999948 ], [ -47.344531399999944, -23.266264199999974 ], [ -47.344443799999972, -23.266303099999959 ], [ -47.344409699999972, -23.26639079999995 ], [ -47.344421899999986, -23.266461299999946 ], [ -47.344504699999959, -23.266507599999962 ], [ -47.344619, -23.266556299999923 ], [ -47.344774799999982, -23.266687699999981 ], [ -47.344906199999969, -23.266901899999937 ], [ -47.345074199999949, -23.267057599999923 ], [ -47.345149599999957, -23.267140399999953 ], [ -47.345261599999958, -23.267228 ], [ -47.345556099999961, -23.267534699999938 ], [ -47.3458457, -23.267763499999944 ], [ -47.346059899999943, -23.267902199999977 ], [ -47.346164599999959, -23.26805069999995 ], [ -47.346261899999945, -23.268228299999979 ], [ -47.346264399999939, -23.26835 ], [ -47.346293599999967, -23.268491199999975 ], [ -47.346412799999946, -23.268634799999965 ], [ -47.346634299999948, -23.268688399999974 ], [ -47.346773399999961, -23.268793199999955 ], [ -47.347312, -23.269085299999968 ], [ -47.348050399999977, -23.268807399999968 ], [ -47.348267699999944, -23.268033599999978 ], [ -47.349023199999984, -23.267603799999964 ], [ -47.350017799999932, -23.26707719999996 ], [ -47.351037, -23.266649699999956 ], [ -47.354453399999954, -23.264761699999958 ], [ -47.354528599999988, -23.264911 ], [ -47.354790399999956, -23.264706 ], [ -47.354979699999944, -23.264571599999943 ], [ -47.35510179999995, -23.264431099999968 ], [ -47.355260599999951, -23.264296799999947 ], [ -47.355730899999969, -23.264131899999949 ], [ -47.355944599999923, -23.263912099999967 ], [ -47.356237699999951, -23.26376549999997 ], [ -47.356482, -23.263722699999974 ], [ -47.35661639999995, -23.26344789999996 ] ] ], [ [ [ -47.224524499999973, -23.268792799999972 ], [ -47.224464199999943, -23.268868799999954 ], [ -47.224477299999933, -23.268958599999959 ], [ -47.224781299999968, -23.269613799999949 ], [ -47.225143, -23.270220599999952 ], [ -47.224841599999934, -23.270768399999948 ], [ -47.225246599999934, -23.270990499999979 ], [ -47.225279299999954, -23.271088799999976 ], [ -47.22586639999998, -23.271079599999936 ], [ -47.225926699999945, -23.271146499999926 ], [ -47.225965799999983, -23.271153599999945 ], [ -47.226060799999978, -23.27113729999995 ], [ -47.226267499999949, -23.270955099999981 ], [ -47.226404099999975, -23.270762299999937 ], [ -47.226567899999971, -23.270287299999943 ], [ -47.226620299999979, -23.270190299999953 ], [ -47.226675399999976, -23.270116899999948 ], [ -47.226739599999966, -23.270059199999938 ], [ -47.226820799999985, -23.270012099999978 ], [ -47.226920399999983, -23.269992399999985 ], [ -47.226953199999969, -23.269974099999956 ], [ -47.227035799999953, -23.269828599999983 ], [ -47.227062, -23.269846899999944 ], [ -47.227091499999972, -23.269884 ], [ -47.227098, -23.26990789999995 ], [ -47.227093699999955, -23.269951099999961 ], [ -47.227058399999976, -23.270024799999938 ], [ -47.227138, -23.270238499999941 ], [ -47.228060599999928, -23.269770599999951 ], [ -47.228322699999971, -23.269699799999952 ], [ -47.228459, -23.269636899999959 ], [ -47.228569099999966, -23.269636899999956 ], [ -47.229189899999945, -23.269592499999931 ], [ -47.228689299999985, -23.269002799999953 ], [ -47.228605399999928, -23.268911099999965 ], [ -47.22847959999995, -23.26871709999995 ], [ -47.22845209999997, -23.268694199999967 ], [ -47.228399699999962, -23.268673199999963 ], [ -47.228322399999968, -23.268660099999973 ], [ -47.22809959999995, -23.268497599999929 ], [ -47.227850599999961, -23.268340299999977 ], [ -47.227737899999973, -23.268213499999938 ], [ -47.226928, -23.267665699999952 ], [ -47.225977599999972, -23.268080399999974 ], [ -47.225533599999956, -23.268331499999935 ], [ -47.224524499999973, -23.268792799999972 ] ] ], [ [ [ -47.170664, -23.257424099999973 ], [ -47.170675099999983, -23.257119899999957 ], [ -47.170862799999945, -23.257118799999947 ], [ -47.170945899999936, -23.257151699999952 ], [ -47.1709092, -23.256996899999944 ], [ -47.170903799999962, -23.256972499999957 ], [ -47.170898399999942, -23.256948099999928 ], [ -47.170850299999984, -23.256681599999975 ], [ -47.170848, -23.256659199999941 ], [ -47.170843599999955, -23.256634499999958 ], [ -47.1707914, -23.256376699999976 ], [ -47.170772499999941, -23.256283199999913 ], [ -47.170775899999974, -23.256227 ], [ -47.170801, -23.255657 ], [ -47.170811899999933, -23.255479199999971 ], [ -47.170840699999985, -23.255322399999947 ], [ -47.17083249999996, -23.255172499999951 ], [ -47.170603399999948, -23.25507 ], [ -47.17017629999998, -23.255018799999956 ], [ -47.169677699999966, -23.254809599999923 ], [ -47.169258199999945, -23.255300499999976 ], [ -47.168815099999961, -23.255770599999956 ], [ -47.168621799999983, -23.255671499999949 ], [ -47.168297799999948, -23.255682399999959 ], [ -47.168210099999946, -23.255725699999967 ], [ -47.16816689999996, -23.255882099999951 ], [ -47.168077499999974, -23.256541 ], [ -47.167972099999986, -23.257127299999972 ], [ -47.16796329999994, -23.25736059999997 ], [ -47.168211099999951, -23.257520699999926 ], [ -47.168533799999977, -23.257513599999974 ], [ -47.169229499999972, -23.257405799999958 ], [ -47.169974599999925, -23.257565299999957 ], [ -47.17041949999998, -23.257487799999979 ], [ -47.170664, -23.257424099999973 ] ] ] ] } }
]
}
