{
"type": "FeatureCollection",
"name": "3550704",
"crs": { "type": "name", "properties": { "name": "urn:ogc:def:crs:OGC:1.3:CRS84" } },
"features": [
{ "type": "Feature", "properties": { "CD_MUN": "3550704", "NM_MUN": "São Sebastião" }, "geometry": { "type": "MultiPolygon", "coordinates": [ [ [ [ -45.552796699999938, -23.7967149 ], [ -45.553165899999961, -23.796961899999928 ], [ -45.554265, -23.796937899999921 ], [ -45.554383599999937, -23.796936799999973 ], [ -45.554451799999981, -23.796880299999938 ], [ -45.554446599999949, -23.796802799999959 ], [ -45.554428099999946, -23.796745899999969 ], [ -45.554402199999963, -23.796670199999941 ], [ -45.554417599999972, -23.796618699999954 ], [ -45.554468899999968, -23.796555199999936 ], [ -45.554542799999979, -23.796491899999978 ], [ -45.554641199999928, -23.79645109999997 ], [ -45.55472229999998, -23.796468699999938 ], [ -45.5548151, -23.796427799999947 ], [ -45.554898599999952, -23.796364399999966 ], [ -45.554958499999941, -23.796300699999961 ], [ -45.554983499999935, -23.796230099999953 ], [ -45.555084099999924, -23.796149599999971 ], [ -45.555163799999946, -23.796087899999968 ], [ -45.555194599999936, -23.795996499999944 ], [ -45.555202799999961, -23.795906799999951 ], [ -45.555226199999936, -23.795806799999973 ], [ -45.55526059999994, -23.795741299999971 ], [ -45.555255599999953, -23.795653199999954 ], [ -45.555210799999941, -23.795582899999939 ], [ -45.555165899999963, -23.795520499999952 ], [ -45.555134499999951, -23.795432199999933 ], [ -45.555125499999981, -23.795371699999965 ], [ -45.555126199999961, -23.795287 ], [ -45.555123299999934, -23.795160899999935 ], [ -45.555155899999939, -23.795085 ], [ -45.555148899999949, -23.795014299999931 ], [ -45.555448, -23.794816399999949 ], [ -45.556580599999968, -23.794113699999969 ], [ -45.558108199999936, -23.793265799999972 ], [ -45.559187, -23.792886299999964 ], [ -45.560195499999963, -23.792531599999961 ], [ -45.562369099999955, -23.792087199999958 ], [ -45.565422399999932, -23.791992599999951 ], [ -45.567261299999984, -23.792059899999977 ], [ -45.568462099999977, -23.792103899999976 ], [ -45.57198649999998, -23.792214599999955 ], [ -45.575490099999968, -23.792294699999957 ], [ -45.579512299999976, -23.792328399999988 ], [ -45.583175499999975, -23.792385299999982 ], [ -45.586460699999982, -23.792506 ], [ -45.587557799999963, -23.79267439999996 ], [ -45.587592099999945, -23.792752 ], [ -45.587653299999943, -23.792878799999986 ], [ -45.587678899999958, -23.792967299999923 ], [ -45.587714299999959, -23.793062899999942 ], [ -45.587771, -23.793181599999972 ], [ -45.587792, -23.793273899999978 ], [ -45.58783429999994, -23.79340239999993 ], [ -45.587840299999982, -23.79359 ], [ -45.587914799999965, -23.793741699999945 ], [ -45.588003699999952, -23.793870399999957 ], [ -45.588084699999968, -23.793841499999928 ], [ -45.589217299999973, -23.792553099999974 ], [ -45.589279, -23.792483499999953 ], [ -45.589629899999977, -23.792087099999943 ], [ -45.589864199999965, -23.791822399999951 ], [ -45.589862699999969, -23.791806699999938 ], [ -45.589858699999979, -23.79176359999996 ], [ -45.589654099999962, -23.791034599999932 ], [ -45.589324899999959, -23.790285199999971 ], [ -45.589233799999931, -23.789884599999937 ], [ -45.589215699999961, -23.78980509999997 ], [ -45.589214699999957, -23.789564 ], [ -45.5893, -23.789336899999963 ], [ -45.589400499999954, -23.789193 ], [ -45.589588299999946, -23.789065799999943 ], [ -45.590007699999944, -23.788862399999974 ], [ -45.590149499999939, -23.788793599999963 ], [ -45.590327599999959, -23.788656499999949 ], [ -45.590479399999928, -23.788384099999988 ], [ -45.590553899999975, -23.788127299999921 ], [ -45.590602599999961, -23.787399099999956 ], [ -45.590657399999941, -23.787141399999943 ], [ -45.591010399999952, -23.786410299999947 ], [ -45.59118969999998, -23.785920099999935 ], [ -45.59136749999994, -23.785079399999965 ], [ -45.591982899999948, -23.784430299999951 ], [ -45.592019799999946, -23.784326299999972 ], [ -45.591968199999933, -23.784202799999957 ], [ -45.591750799999943, -23.784102399999952 ], [ -45.591240799999987, -23.783966199999952 ], [ -45.590420499999944, -23.78379949999993 ], [ -45.589984499999964, -23.783754099999946 ], [ -45.588938599999949, -23.785632199999956 ], [ -45.588937399999971, -23.785668599999955 ], [ -45.58881, -23.785651799999982 ], [ -45.588713899999959, -23.785678299999969 ], [ -45.588566899999933, -23.785692799999939 ], [ -45.588434699999944, -23.785740799999921 ], [ -45.588259, -23.785812 ], [ -45.588147699999972, -23.785950299999968 ], [ -45.588008099999968, -23.786125199999976 ], [ -45.587766899999963, -23.786427799999963 ], [ -45.587613, -23.78658669999994 ], [ -45.587306799999972, -23.786481899999956 ], [ -45.586923699999943, -23.78630859999992 ], [ -45.586582699999944, -23.786549 ], [ -45.586492899999932, -23.786829399999935 ], [ -45.586525599999966, -23.787193399999982 ], [ -45.586650099999986, -23.787385799999985 ], [ -45.586849699999966, -23.787486299999951 ], [ -45.586386399999988, -23.787933499999951 ], [ -45.586172, -23.787883699999956 ], [ -45.586022299999975, -23.787808899999956 ], [ -45.585830899999955, -23.787797099999981 ], [ -45.585224199999963, -23.787915799999944 ], [ -45.584957899999957, -23.787765199999964 ], [ -45.584728, -23.787665 ], [ -45.584211199999977, -23.787626799999941 ], [ -45.5839347, -23.787625899999966 ], [ -45.58363269999996, -23.787521799999976 ], [ -45.583375399999959, -23.78734489999994 ], [ -45.582913, -23.787093099999939 ], [ -45.582613599999945, -23.787021399999958 ], [ -45.581966799999975, -23.78698819999995 ], [ -45.58168349999994, -23.786943799999968 ], [ -45.581214099999954, -23.786665099999933 ], [ -45.580956199999946, -23.786536099999982 ], [ -45.580665, -23.786536299999955 ], [ -45.580401799999954, -23.786447599999974 ], [ -45.580155099999956, -23.78625959999993 ], [ -45.579946199999938, -23.786207499999929 ], [ -45.5796, -23.786200599999969 ], [ -45.578891699999986, -23.785850099999951 ], [ -45.578329599999961, -23.785812099999934 ], [ -45.578030899999931, -23.785831299999931 ], [ -45.577682, -23.785651599999923 ], [ -45.577433499999984, -23.785427599999927 ], [ -45.577196799999967, -23.785145 ], [ -45.57716309999995, -23.78463179999995 ], [ -45.577202899999982, -23.784051199999972 ], [ -45.5771951, -23.783592199999923 ], [ -45.577059799999972, -23.782656 ], [ -45.576598, -23.78271929999994 ], [ -45.576352699999973, -23.782901399999954 ], [ -45.576232399999981, -23.783077899999977 ], [ -45.576128199999971, -23.783357799999976 ], [ -45.576324299999953, -23.783707 ], [ -45.576389199999937, -23.783967299999976 ], [ -45.576359599999932, -23.7845182 ], [ -45.576298399999985, -23.78485679999994 ], [ -45.576279799999952, -23.78512539999997 ], [ -45.576107899999961, -23.785307 ], [ -45.575906299999986, -23.785137599999931 ], [ -45.575680599999941, -23.784913699999944 ], [ -45.575437399999942, -23.784809799999945 ], [ -45.574857499999958, -23.784635099999942 ], [ -45.574621699999966, -23.784428299999949 ], [ -45.574431299999958, -23.784102 ], [ -45.574442, -23.783372 ], [ -45.573856199999966, -23.783442899999955 ], [ -45.573388699999953, -23.783460399999967 ], [ -45.573190899999986, -23.783454899999988 ], [ -45.571612799999961, -23.783595699999982 ], [ -45.5709935, -23.783661499999919 ], [ -45.56995869999998, -23.783799699999964 ], [ -45.569526, -23.783817699999936 ], [ -45.568996, -23.783847499999975 ], [ -45.568609299999927, -23.783866699999969 ], [ -45.569083199999973, -23.783327 ], [ -45.570033, -23.782291699999977 ], [ -45.570371, -23.781248599999955 ], [ -45.568349299999966, -23.780441 ], [ -45.567190799999935, -23.77966419999996 ], [ -45.566609699999958, -23.779750299999943 ], [ -45.565823199999954, -23.780377799999943 ], [ -45.565601399999942, -23.781121499999987 ], [ -45.56558049999996, -23.781338 ], [ -45.56530859999998, -23.78137489999995 ], [ -45.565194499999954, -23.77589259999996 ], [ -45.565176799999961, -23.775043199999971 ], [ -45.564777499999934, -23.774941799999969 ], [ -45.563863099999942, -23.774541399999979 ], [ -45.563373299999967, -23.774070799999958 ], [ -45.562874299999976, -23.773756499999934 ], [ -45.562539, -23.773607799999986 ], [ -45.562243199999955, -23.773521199999948 ], [ -45.561996699999952, -23.773486899999963 ], [ -45.56142269999998, -23.773508 ], [ -45.561285899999973, -23.773433499999946 ], [ -45.561002799999976, -23.773161899999941 ], [ -45.560983399999941, -23.773247 ], [ -45.560993399999965, -23.773410699999943 ], [ -45.560918599999987, -23.773594599999974 ], [ -45.56091159999994, -23.773829499999973 ], [ -45.560869799999985, -23.774128199999964 ], [ -45.560731699999963, -23.774594499999974 ], [ -45.56074179999996, -23.774694899999922 ], [ -45.55946, -23.774280199999971 ], [ -45.559522799999968, -23.773645699999967 ], [ -45.559043399999958, -23.773551199999932 ], [ -45.558407599999953, -23.773369 ], [ -45.558017099999979, -23.773393099999971 ], [ -45.557782399999951, -23.773157299999976 ], [ -45.557745499999953, -23.77310929999993 ], [ -45.55752869999997, -23.772902399999957 ], [ -45.557107499999979, -23.772646399999928 ], [ -45.556328599999972, -23.772473199999979 ], [ -45.555542299999956, -23.772214 ], [ -45.554606499999977, -23.772118 ], [ -45.554142399999932, -23.772155799999947 ], [ -45.553893899999935, -23.77208 ], [ -45.553662399999951, -23.771882099999967 ], [ -45.553430799999937, -23.771869399999957 ], [ -45.553075699999965, -23.772146099999922 ], [ -45.552943399999954, -23.772209799999931 ], [ -45.552317699999954, -23.77234749999997 ], [ -45.552012599999955, -23.772348699999949 ], [ -45.551629299999945, -23.772223599999968 ], [ -45.55099249999995, -23.772275499999978 ], [ -45.550906599999962, -23.77234349999997 ], [ -45.550860899999975, -23.772483699999949 ], [ -45.550995799999953, -23.773061299999927 ], [ -45.551004099999943, -23.773345799999962 ], [ -45.550943599999982, -23.773481499999942 ], [ -45.550724599999967, -23.773622299999939 ], [ -45.550611, -23.77373559999997 ], [ -45.550570299999947, -23.773826099999948 ], [ -45.550585199999944, -23.773880199999947 ], [ -45.550765799999972, -23.774100799999932 ], [ -45.551238399999932, -23.774442399999941 ], [ -45.551576199999943, -23.774757299999962 ], [ -45.551748199999963, -23.775045699999961 ], [ -45.552108199999957, -23.775898 ], [ -45.552465899999959, -23.77650189999996 ], [ -45.552779399999963, -23.776794299999949 ], [ -45.554008099999976, -23.777738299999953 ], [ -45.554500099999984, -23.778251299999965 ], [ -45.554668199999988, -23.778553299999935 ], [ -45.554770099999985, -23.778995599999966 ], [ -45.555160299999955, -23.779594799999931 ], [ -45.555327199999972, -23.780267099999943 ], [ -45.555619599999936, -23.780938899999978 ], [ -45.555666399999957, -23.781133 ], [ -45.555670099999929, -23.781202299999958 ], [ -45.55568, -23.781389899999965 ], [ -45.555682499999932, -23.781435499999933 ], [ -45.55559489999996, -23.782555799999951 ], [ -45.5556036, -23.78317449999998 ], [ -45.555491199999956, -23.783563299999969 ], [ -45.555280299999936, -23.783812399999938 ], [ -45.555070799999953, -23.783957699999981 ], [ -45.554957399999978, -23.784113799999929 ], [ -45.554940699999975, -23.784229899999964 ], [ -45.554961899999967, -23.784373499999958 ], [ -45.555222299999969, -23.784946199999979 ], [ -45.55536479999995, -23.785654699999949 ], [ -45.555344799999943, -23.786061199999942 ], [ -45.555288699999942, -23.786210499999985 ], [ -45.555066, -23.786495799999955 ], [ -45.554917499999931, -23.786631799999956 ], [ -45.554651, -23.786795299999941 ], [ -45.554039599999953, -23.78698269999995 ], [ -45.553744, -23.787015399999976 ], [ -45.553434799999941, -23.787007399999933 ], [ -45.553110699999934, -23.786958899999945 ], [ -45.552327099999957, -23.786614 ], [ -45.552025599999986, -23.786547299999935 ], [ -45.55154529999993, -23.786490299999976 ], [ -45.551086199999979, -23.78637 ], [ -45.550428099999969, -23.785943399999951 ], [ -45.550145599999951, -23.785813399999935 ], [ -45.549829399999972, -23.785755799999944 ], [ -45.549509499999935, -23.785756899999967 ], [ -45.54826989999998, -23.786018799999965 ], [ -45.54793189999998, -23.78616 ], [ -45.547722799999974, -23.786422699999946 ], [ -45.547700299999974, -23.786892399999942 ], [ -45.547647899999959, -23.787041599999949 ], [ -45.547505199999932, -23.787186599999924 ], [ -45.547344599999974, -23.787286599999966 ], [ -45.54726729999993, -23.787368099999984 ], [ -45.54725789999997, -23.787463 ], [ -45.547290099999948, -23.787598399999972 ], [ -45.54749709999993, -23.787805399999971 ], [ -45.5480338, -23.788246099999984 ], [ -45.548503499999974, -23.788822499999988 ], [ -45.548777599999937, -23.789101499999958 ], [ -45.549447299999933, -23.789676 ], [ -45.549915399999975, -23.790077399999983 ], [ -45.550246699999946, -23.790455599999973 ], [ -45.550382799999959, -23.790866099999963 ], [ -45.550331799999974, -23.79157529999997 ], [ -45.550182499999949, -23.792032 ], [ -45.549968199999959, -23.792443399999982 ], [ -45.549572099999978, -23.793203799999958 ], [ -45.549534199999982, -23.793511 ], [ -45.549659499999962, -23.793713799999971 ], [ -45.550078499999984, -23.79414139999994 ], [ -45.550522799999953, -23.794758499999951 ], [ -45.550774899999965, -23.795186599999976 ], [ -45.551140299999986, -23.79591239999997 ], [ -45.551391399999936, -23.796313499999947 ], [ -45.55164149999996, -23.796493199999933 ], [ -45.551931599999932, -23.796609599999957 ], [ -45.552796699999938, -23.7967149 ] ] ], [ [ [ -45.626143299999967, -23.786422799999968 ], [ -45.626187499999958, -23.786378299999967 ], [ -45.626249299999976, -23.786305599999942 ], [ -45.62629789999994, -23.786260299999974 ], [ -45.626341299999979, -23.786216799999973 ], [ -45.626399599999957, -23.786170199999951 ], [ -45.62647249999997, -23.786083499999968 ], [ -45.626552699999941, -23.786010199999971 ], [ -45.626662, -23.785903499999957 ], [ -45.626763099999955, -23.785830199999953 ], [ -45.626845199999941, -23.78576349999997 ], [ -45.626946199999963, -23.785703399999935 ], [ -45.627022899999986, -23.785655 ], [ -45.627091299999968, -23.785588299999972 ], [ -45.627205299999957, -23.785513199999965 ], [ -45.627319299999961, -23.785454799999975 ], [ -45.627465299999983, -23.785371299999952 ], [ -45.627579299999979, -23.785296199999937 ], [ -45.62770119999994, -23.78524 ], [ -45.627874499999962, -23.785143899999976 ], [ -45.627965599999982, -23.785102199999979 ], [ -45.62824779999994, -23.784980799999971 ], [ -45.628501, -23.78490979999998 ], [ -45.628710799999972, -23.784838899999951 ], [ -45.628956899999935, -23.784738799999957 ], [ -45.629175799999977, -23.784680299999927 ], [ -45.629326199999973, -23.784609399999969 ], [ -45.629421499999985, -23.784567699999958 ], [ -45.6295947, -23.78452179999994 ], [ -45.629717799999987, -23.784475899999954 ], [ -45.629854499999958, -23.784442599999966 ], [ -45.629977499999939, -23.784409199999963 ], [ -45.630118799999927, -23.784359199999987 ], [ -45.63020529999995, -23.78433 ], [ -45.630337499999932, -23.784284099999979 ], [ -45.63044229999997, -23.784263199999941 ], [ -45.630588099999954, -23.784234 ], [ -45.630683799999986, -23.784209 ], [ -45.630825, -23.784171399999934 ], [ -45.63098, -23.784125499999959 ], [ -45.631144099999979, -23.784079599999934 ], [ -45.631317299999971, -23.784029499999985 ], [ -45.631563499999977, -23.783967 ], [ -45.631659199999952, -23.783929399999973 ], [ -45.631782199999982, -23.783896099999936 ], [ -45.631916899999972, -23.783865 ], [ -45.632163099999957, -23.783802299999927 ], [ -45.632318099999964, -23.783764699999946 ], [ -45.632459399999959, -23.783739699999956 ], [ -45.632664499999983, -23.783706299999949 ], [ -45.63282849999996, -23.783685399999968 ], [ -45.632969799999955, -23.783668699999964 ], [ -45.63308829999994, -23.783643699999967 ], [ -45.6330928, -23.783639499999943 ], [ -45.633288799999946, -23.783610299999967 ], [ -45.633457399999948, -23.783610299999957 ], [ -45.633621399999981, -23.783589299999964 ], [ -45.633830899999971, -23.783568399999972 ], [ -45.633967599999949, -23.783560099999931 ], [ -45.634099699999986, -23.783551799999938 ], [ -45.634263799999985, -23.783539299999976 ], [ -45.634414199999981, -23.783526799999947 ], [ -45.634556599999947, -23.783492799999973 ], [ -45.63478, -23.783447 ], [ -45.635012499999959, -23.78343469999993 ], [ -45.635185799999924, -23.783418099999956 ], [ -45.635427199999981, -23.783392899999981 ], [ -45.635600299999965, -23.783359399999942 ], [ -45.6357005, -23.783359299999979 ], [ -45.635868799999976, -23.783325699999978 ], [ -45.636082499999929, -23.783329599999952 ], [ -45.636318499999959, -23.78330839999995 ], [ -45.636401499999984, -23.783212499999923 ], [ -45.636392299999962, -23.782309799999954 ], [ -45.636331799999937, -23.78228429999994 ], [ -45.635837699999975, -23.78216939999993 ], [ -45.635426099999961, -23.782112399999956 ], [ -45.635067399999969, -23.782014499999939 ], [ -45.634521699999937, -23.781809 ], [ -45.633955099999987, -23.781748099999959 ], [ -45.633781899999981, -23.78168559999995 ], [ -45.633601899999974, -23.781578 ], [ -45.633185799999978, -23.781222899999932 ], [ -45.632747499999944, -23.780895 ], [ -45.632023399999973, -23.780527699999933 ], [ -45.631990499999972, -23.78050159999998 ], [ -45.631963899999953, -23.780480699999949 ], [ -45.631875599999944, -23.780410899999939 ], [ -45.631660499999953, -23.780131699999966 ], [ -45.631564499999961, -23.780005699999951 ], [ -45.631457299999965, -23.779965499999946 ], [ -45.63140889999994, -23.779971899999961 ], [ -45.631362599999939, -23.779978 ], [ -45.631351499999937, -23.779979399999945 ], [ -45.63084089999996, -23.78037449999994 ], [ -45.630637499999985, -23.780479099999976 ], [ -45.630100499999969, -23.780512899999952 ], [ -45.630025699999976, -23.780504899999986 ], [ -45.629575299999942, -23.779233099999942 ], [ -45.629971399999931, -23.778758799999927 ], [ -45.629451499999959, -23.778772499999953 ], [ -45.629417, -23.778786299999965 ], [ -45.628910599999983, -23.778964299999927 ], [ -45.628635099999947, -23.779036799999979 ], [ -45.628472199999976, -23.779044699999933 ], [ -45.628295399999956, -23.779001199999986 ], [ -45.628023, -23.778893 ], [ -45.62776, -23.778702599999971 ], [ -45.627300099999957, -23.778175199999954 ], [ -45.627133699999945, -23.778004299999953 ], [ -45.627075, -23.777927699999957 ], [ -45.626811199999963, -23.777621699999937 ], [ -45.626741899999963, -23.777602099999967 ], [ -45.626359299999933, -23.777023799999945 ], [ -45.625951699999973, -23.775954199999937 ], [ -45.625791399999976, -23.775665799999949 ], [ -45.625587, -23.775403799999935 ], [ -45.625348399999943, -23.775179 ], [ -45.62509619999998, -23.774984899999932 ], [ -45.624522799999966, -23.774721699999933 ], [ -45.62353719999993, -23.774466399999941 ], [ -45.623200399999973, -23.774238399999945 ], [ -45.62245879999994, -23.773683199999944 ], [ -45.622204099999976, -23.774138799999953 ], [ -45.622227, -23.775631 ], [ -45.621390599999984, -23.775861199999952 ], [ -45.621398299999953, -23.775808599999948 ], [ -45.621375899999968, -23.774948899999973 ], [ -45.6212637, -23.774126599999931 ], [ -45.620912399999945, -23.773057499999936 ], [ -45.62077029999994, -23.772803299999964 ], [ -45.620299299999942, -23.772743499999944 ], [ -45.620127399999944, -23.773132299999929 ], [ -45.62009, -23.77337149999995 ], [ -45.6199405, -23.77354339999993 ], [ -45.619693799999936, -23.773453699999955 ], [ -45.619447099999945, -23.77330419999992 ], [ -45.619178, -23.773289299999931 ], [ -45.618961199999944, -23.773521 ], [ -45.618929399999956, -23.773840599999971 ], [ -45.618957399999942, -23.774106 ], [ -45.618772399999955, -23.774167699999971 ], [ -45.618342499999983, -23.774135899999965 ], [ -45.617834199999955, -23.774165799999942 ], [ -45.617730099999953, -23.77420149999995 ], [ -45.617305099999953, -23.773935699999988 ], [ -45.617079299999943, -23.773935699999978 ], [ -45.616093799999938, -23.774243699999943 ], [ -45.615867899999962, -23.774284799999968 ], [ -45.615748299999957, -23.77426349999995 ], [ -45.615517199999942, -23.774222399999935 ], [ -45.615269699999949, -23.774255399999959 ], [ -45.615126499999974, -23.774302399999947 ], [ -45.615032799999938, -23.774524 ], [ -45.614976199999951, -23.774782099999978 ], [ -45.614779699999985, -23.775249799999976 ], [ -45.614548299999967, -23.775443399999975 ], [ -45.614207399999941, -23.775669299999937 ], [ -45.61396759999996, -23.775591699999953 ], [ -45.613754599999936, -23.775485699999933 ], [ -45.613590099999954, -23.775170599999967 ], [ -45.613720899999976, -23.774653399999988 ], [ -45.613651399999988, -23.774422599999973 ], [ -45.613454099999963, -23.774321599999947 ], [ -45.613317799999948, -23.774279699999951 ], [ -45.613159799999956, -23.774122 ], [ -45.6131779, -23.773809799999981 ], [ -45.613479899999959, -23.773461599999969 ], [ -45.613584599999967, -23.772923 ], [ -45.613998799999933, -23.772405399999958 ], [ -45.613807, -23.772326799999973 ], [ -45.61358939999996, -23.772172299999976 ], [ -45.613424599999973, -23.771992399999945 ], [ -45.613195499999961, -23.771475699999939 ], [ -45.612853699999967, -23.770993899999947 ], [ -45.612693799999938, -23.770592599999933 ], [ -45.61246459999996, -23.770477899999946 ], [ -45.612196099999956, -23.770560199999974 ], [ -45.611662299999985, -23.770793499999975 ], [ -45.611168, -23.77087 ], [ -45.61113469999998, -23.770875099999955 ], [ -45.610889299999947, -23.770869799999957 ], [ -45.610645399999953, -23.770754199999949 ], [ -45.610252299999956, -23.770434199999947 ], [ -45.610116599999976, -23.770382399999967 ], [ -45.609987099999962, -23.770384699999966 ], [ -45.609888, -23.770396799999965 ], [ -45.609774499999958, -23.770466799999944 ], [ -45.609515699999974, -23.770732499999948 ], [ -45.609485799999959, -23.770757399999965 ], [ -45.609344599999986, -23.770875 ], [ -45.609144699999945, -23.77094709999994 ], [ -45.608852299999974, -23.770961799999959 ], [ -45.608684299999943, -23.770912799999966 ], [ -45.608545399999969, -23.770818499999958 ], [ -45.60842719999993, -23.770721399999957 ], [ -45.608331499999956, -23.770598099999972 ], [ -45.60827, -23.770472799999943 ], [ -45.60823119999997, -23.770346499999967 ], [ -45.608244199999952, -23.770197399999962 ], [ -45.608281699999971, -23.770019299999934 ], [ -45.608507399999944, -23.769608299999966 ], [ -45.608621, -23.769119199999984 ], [ -45.608626699999945, -23.768869 ], [ -45.608562599999978, -23.7683924 ], [ -45.608576, -23.767899199999938 ], [ -45.608645499999966, -23.767655 ], [ -45.608924099999967, -23.767187899999964 ], [ -45.609132899999963, -23.766936899999962 ], [ -45.609391399999943, -23.766605299999974 ], [ -45.609436099999989, -23.766511099999935 ], [ -45.609437699999944, -23.766421699999974 ], [ -45.609391199999955, -23.766345099999967 ], [ -45.609052399999939, -23.766150799999931 ], [ -45.609023, -23.766111 ], [ -45.608953299999939, -23.766094 ], [ -45.608842099999947, -23.766025699999958 ], [ -45.608717899999931, -23.765908799999973 ], [ -45.608675099999971, -23.765790699999972 ], [ -45.608652, -23.7656679 ], [ -45.608630699999935, -23.765524399999951 ], [ -45.60866139999996, -23.765358099999947 ], [ -45.608905199999981, -23.764818799999947 ], [ -45.608974699999969, -23.764577399999958 ], [ -45.609004, -23.764332499999977 ], [ -45.608986099999981, -23.764076899999971 ], [ -45.608957399999952, -23.763995299999973 ], [ -45.608906599999955, -23.763850499999933 ], [ -45.608623299999977, -23.763500299999979 ], [ -45.608133699999946, -23.763314399999953 ], [ -45.607424099999953, -23.76464609999994 ], [ -45.607331199999983, -23.764517899999934 ], [ -45.607165399999978, -23.764498899999968 ], [ -45.607054899999973, -23.764697699999942 ], [ -45.606853599999965, -23.764957499999969 ], [ -45.606455399999966, -23.76519379999997 ], [ -45.606201199999937, -23.765096299999975 ], [ -45.605959599999942, -23.765171599999981 ], [ -45.605985299999936, -23.765439799999964 ], [ -45.60604979999993, -23.76565329999994 ], [ -45.606030299999929, -23.766138099999978 ], [ -45.605882799999961, -23.766366299999952 ], [ -45.605763199999963, -23.766903399999926 ], [ -45.605837199999939, -23.767483799999987 ], [ -45.605949799999969, -23.768011699999931 ], [ -45.606027199999964, -23.768561499999979 ], [ -45.60594159999993, -23.768828799999937 ], [ -45.605701699999948, -23.769031599999952 ], [ -45.605280899999968, -23.769556099999935 ], [ -45.605121699999984, -23.769704499999939 ], [ -45.604671799999942, -23.770059599999971 ], [ -45.604440699999948, -23.770196599999959 ], [ -45.604219099999966, -23.770275299999977 ], [ -45.603968699999939, -23.770320799999975 ], [ -45.60370039999998, -23.770318099999947 ], [ -45.603276, -23.770369799999983 ], [ -45.603042099999982, -23.770328599999974 ], [ -45.602791399999944, -23.770257499999961 ], [ -45.602303599999971, -23.77001439999998 ], [ -45.601765299999954, -23.769815199999982 ], [ -45.601518499999941, -23.769760799999968 ], [ -45.601177, -23.769545599999965 ], [ -45.600054199999938, -23.769386099999952 ], [ -45.599853299999957, -23.769132199999945 ], [ -45.599681, -23.768871799999939 ], [ -45.599476899999956, -23.768627899999956 ], [ -45.599222299999951, -23.768421499999928 ], [ -45.598993099999973, -23.76830149999995 ], [ -45.598306599999944, -23.767866399999946 ], [ -45.598165399999971, -23.767694399999975 ], [ -45.598001599999975, -23.767422299999961 ], [ -45.597478699999954, -23.767140899999969 ], [ -45.596807599999977, -23.766878299999963 ], [ -45.596571599999955, -23.766713699999961 ], [ -45.596384299999954, -23.766446699999957 ], [ -45.596285299999977, -23.766234299999958 ], [ -45.596100199999967, -23.766101199999977 ], [ -45.595617199999936, -23.766213099999959 ], [ -45.595415399999979, -23.766231599999962 ], [ -45.595232599999974, -23.766230499999946 ], [ -45.594975699999964, -23.766181 ], [ -45.594742499999938, -23.766104699999968 ], [ -45.594520299999942, -23.766059799999926 ], [ -45.594013, -23.76618069999995 ], [ -45.593810299999973, -23.766092799999956 ], [ -45.593647099999934, -23.766204599999973 ], [ -45.593575299999941, -23.76646879999992 ], [ -45.593419899999958, -23.766642499999932 ], [ -45.592841799999981, -23.766709 ], [ -45.592311699999982, -23.766589699999944 ], [ -45.591716799999972, -23.765898399999969 ], [ -45.590850599999953, -23.765368699999954 ], [ -45.589435199999969, -23.764767799999969 ], [ -45.588524699999937, -23.764462899999959 ], [ -45.587174, -23.763930599999984 ], [ -45.58660979999997, -23.763917199999977 ], [ -45.586262499999982, -23.764166399999965 ], [ -45.586011599999956, -23.764540699999937 ], [ -45.585837099999935, -23.764801 ], [ -45.585768599999938, -23.765272299999939 ], [ -45.585960199999931, -23.765340199999965 ], [ -45.586262099999942, -23.765462799999966 ], [ -45.586540499999956, -23.765615299999975 ], [ -45.58722169999993, -23.76608779999998 ], [ -45.588057, -23.766778299999931 ], [ -45.589395199999956, -23.767777599999931 ], [ -45.589643, -23.767887699999967 ], [ -45.590426299999933, -23.767919899999978 ], [ -45.590793099999978, -23.768086499999985 ], [ -45.591370099999942, -23.768726499999953 ], [ -45.591746599999958, -23.769084599999925 ], [ -45.591980699999965, -23.769193 ], [ -45.59251519999998, -23.76933629999996 ], [ -45.592781699999932, -23.769450899999988 ], [ -45.593007299999961, -23.769634299999957 ], [ -45.593182899999931, -23.769845 ], [ -45.593426699999952, -23.770358 ], [ -45.59350459999996, -23.770444399999977 ], [ -45.593709599999954, -23.770417399999925 ], [ -45.593979, -23.770317 ], [ -45.594222399999985, -23.770308899999979 ], [ -45.594503399999958, -23.770378199999982 ], [ -45.594736799999971, -23.770561599999954 ], [ -45.594903499999923, -23.770745199999954 ], [ -45.595099099999963, -23.771037099999933 ], [ -45.595209299999965, -23.771298599999962 ], [ -45.595343, -23.771777699999983 ], [ -45.59548239999998, -23.772019199999924 ], [ -45.595791399999939, -23.772298399999961 ], [ -45.595885599999974, -23.772407699999967 ], [ -45.595971199999951, -23.77246079999998 ], [ -45.596115499999939, -23.772675199999977 ], [ -45.596335499999952, -23.77335 ], [ -45.596484099999941, -23.773443399999962 ], [ -45.59662069999996, -23.773479 ], [ -45.597227, -23.773440499999939 ], [ -45.597543699999967, -23.773590099999979 ], [ -45.597736899999973, -23.773975 ], [ -45.597785199999976, -23.774457199999972 ], [ -45.597850099999953, -23.774704399999958 ], [ -45.597983699999986, -23.774948599999963 ], [ -45.59819559999994, -23.775142 ], [ -45.598379499999972, -23.775213599999972 ], [ -45.59865039999994, -23.775210699999956 ], [ -45.598930699999976, -23.775128299999949 ], [ -45.599776499999969, -23.774656299999947 ], [ -45.600013799999942, -23.774625499999949 ], [ -45.600102299999953, -23.774657699999977 ], [ -45.600332799999933, -23.774836599999965 ], [ -45.60041479999996, -23.775005299999968 ], [ -45.600461599999967, -23.775101599999967 ], [ -45.60046269999998, -23.775346399999918 ], [ -45.600358099999937, -23.776073 ], [ -45.600367099999971, -23.776317699999939 ], [ -45.600406799999973, -23.77641239999998 ], [ -45.600578799999944, -23.776474099999984 ], [ -45.600746599999979, -23.77646709999993 ], [ -45.6009107, -23.776513399999942 ], [ -45.601024299999949, -23.776680099999961 ], [ -45.601094, -23.776883 ], [ -45.601259499999962, -23.777013299999972 ], [ -45.60138429999995, -23.777049 ], [ -45.601515799999966, -23.777054799999974 ], [ -45.601648, -23.776990199999943 ], [ -45.601953799999933, -23.776674599999982 ], [ -45.602324899999985, -23.776271299999973 ], [ -45.602399299999938, -23.776246599999979 ], [ -45.602504299999964, -23.776246199999949 ], [ -45.602586199999962, -23.776321699999986 ], [ -45.602594299999964, -23.776388499999928 ], [ -45.602588599999933, -23.776640499999935 ], [ -45.602514699999972, -23.777009399999937 ], [ -45.60254579999998, -23.777139299999941 ], [ -45.602650399999959, -23.77727619999995 ], [ -45.602755899999977, -23.777372399999937 ], [ -45.602752399999986, -23.777453399999956 ], [ -45.602850699999976, -23.777413199999952 ], [ -45.602897499999983, -23.777433299999931 ], [ -45.603081199999963, -23.777468699999925 ], [ -45.603621099999941, -23.777481899999941 ], [ -45.60388659999996, -23.777593799999973 ], [ -45.604146599999986, -23.777787899999971 ], [ -45.604555799999957, -23.778228299999963 ], [ -45.604563799999944, -23.778236899999964 ], [ -45.604865299999979, -23.778487799999937 ], [ -45.605111099999938, -23.778582499999956 ], [ -45.605385199999944, -23.77864019999992 ], [ -45.605913299999948, -23.778667 ], [ -45.606466399999938, -23.778777699999985 ], [ -45.606761499999948, -23.778924699999944 ], [ -45.606997899999961, -23.779091799999939 ], [ -45.607213099999967, -23.779364599999951 ], [ -45.607301499999942, -23.779593699999968 ], [ -45.607333099999956, -23.779848299999973 ], [ -45.60721829999995, -23.780274099999922 ], [ -45.607218599999953, -23.780342799999971 ], [ -45.607220899999966, -23.780410499999959 ], [ -45.607264399999963, -23.78046629999994 ], [ -45.607316499999968, -23.780494099999935 ], [ -45.607436199999931, -23.780493699999973 ], [ -45.6076078, -23.780445099999945 ], [ -45.608081199999965, -23.780309599999942 ], [ -45.608414299999943, -23.780174599999953 ], [ -45.608593699999972, -23.780132299999927 ], [ -45.608746699999976, -23.780115499999969 ], [ -45.608868599999937, -23.780147499999941 ], [ -45.609068, -23.780189199999924 ], [ -45.609232399999932, -23.780290599999947 ], [ -45.609363499999972, -23.780404799999943 ], [ -45.609356899999959, -23.780429 ], [ -45.609528299999965, -23.780624899999964 ], [ -45.609984499999939, -23.781410299999937 ], [ -45.610023299999973, -23.781738 ], [ -45.609826, -23.782311 ], [ -45.609800599999971, -23.782384699999952 ], [ -45.609829199999979, -23.782453099999938 ], [ -45.609929, -23.78267 ], [ -45.610019899999941, -23.782761099999959 ], [ -45.610107599999942, -23.782833599999957 ], [ -45.610217, -23.782890699999935 ], [ -45.610356099999933, -23.782913799999967 ], [ -45.61042759999998, -23.782937099999977 ], [ -45.610595499999931, -23.782995799999977 ], [ -45.611221599999965, -23.782754799999967 ], [ -45.611579, -23.782785 ], [ -45.611741599999959, -23.782918099999964 ], [ -45.611863299999982, -23.783132599999931 ], [ -45.611876, -23.783531699999966 ], [ -45.611794199999963, -23.783685599999963 ], [ -45.611522799999932, -23.783995599999972 ], [ -45.611267399999974, -23.784151899999987 ], [ -45.610943199999959, -23.784295899999957 ], [ -45.610726299999961, -23.784517199999978 ], [ -45.610792399999987, -23.784787 ], [ -45.611009199999963, -23.784978499999973 ], [ -45.611196099999979, -23.785078899999977 ], [ -45.611408099999949, -23.785272299999981 ], [ -45.610815199999941, -23.786077 ], [ -45.611689, -23.786672099999972 ], [ -45.612566799999975, -23.785742899999946 ], [ -45.612647699999968, -23.785260499999936 ], [ -45.612964899999952, -23.785093599999982 ], [ -45.613296199999979, -23.784999199999962 ], [ -45.613701699999986, -23.785020199999963 ], [ -45.614107299999937, -23.785275099999986 ], [ -45.614394399999981, -23.785388699999935 ], [ -45.614621899999975, -23.78535249999992 ], [ -45.614842199999941, -23.785237 ], [ -45.615149, -23.785134599999942 ], [ -45.615242299999984, -23.785152299999933 ], [ -45.615407, -23.785329499999918 ], [ -45.615476799999954, -23.785546899999918 ], [ -45.61547, -23.785784499999973 ], [ -45.615361799999967, -23.786134499999939 ], [ -45.615108399999933, -23.786520299999946 ], [ -45.615014299999984, -23.786765399999982 ], [ -45.614984099999965, -23.787022099999952 ], [ -45.615021799999965, -23.787510599999962 ], [ -45.614954099999984, -23.787739299999945 ], [ -45.614624199999987, -23.788335899999936 ], [ -45.614593, -23.788588899999983 ], [ -45.614687399999973, -23.788841399999963 ], [ -45.615101099999947, -23.789348299999968 ], [ -45.615181899999982, -23.789631599999936 ], [ -45.615178199999953, -23.78970929999997 ], [ -45.615329499999973, -23.789800299999971 ], [ -45.61531969999993, -23.789996699999975 ], [ -45.615349599999945, -23.790197199999959 ], [ -45.615425, -23.790196899999948 ], [ -45.615708599999948, -23.790182199999947 ], [ -45.615977899999962, -23.790236299999957 ], [ -45.616128199999928, -23.790342899999921 ], [ -45.616475799999932, -23.78993969999993 ], [ -45.618014199999955, -23.788576599999939 ], [ -45.618403599999972, -23.788643399999962 ], [ -45.618697599999969, -23.788642799999927 ], [ -45.618901599999951, -23.788711399999947 ], [ -45.619037699999978, -23.788820099999946 ], [ -45.619188699999938, -23.78902369999998 ], [ -45.619324199999937, -23.789168599999989 ], [ -45.619472499999965, -23.789219199999934 ], [ -45.619679799999972, -23.789241 ], [ -45.619962899999969, -23.789222 ], [ -45.62014719999997, -23.789229199999966 ], [ -45.620348099999937, -23.789196399999977 ], [ -45.620620699999961, -23.789180799999937 ], [ -45.620840599999951, -23.789200599999962 ], [ -45.621247099999948, -23.789155599999948 ], [ -45.621451899999954, -23.789088 ], [ -45.621732499999958, -23.789038199999933 ], [ -45.621948399999951, -23.789139599999945 ], [ -45.622137199999933, -23.789353299999956 ], [ -45.622186399999968, -23.78965589999995 ], [ -45.622156299999972, -23.789903699999979 ], [ -45.622171599999945, -23.79011869999994 ], [ -45.622397199999966, -23.790374699999976 ], [ -45.622688399999959, -23.790435599999959 ], [ -45.623044299999954, -23.790443399999965 ], [ -45.623499899999949, -23.790391099999962 ], [ -45.623963699999933, -23.790214799999948 ], [ -45.624207199999951, -23.789980699999951 ], [ -45.624577599999952, -23.789838199999959 ], [ -45.625137299999949, -23.789940099999964 ], [ -45.624976399999987, -23.789632199999975 ], [ -45.624913599999964, -23.789459499999957 ], [ -45.624879499999963, -23.78935029999996 ], [ -45.62484969999997, -23.789268399999965 ], [ -45.624836899999927, -23.789182499999985 ], [ -45.624836099999982, -23.789079299999969 ], [ -45.624831799999988, -23.788946799999973 ], [ -45.624840199999944, -23.788837699999938 ], [ -45.62484029999996, -23.78876339999993 ], [ -45.624853099999939, -23.788689099999946 ], [ -45.624848799999945, -23.78861489999997 ], [ -45.624861599999974, -23.788540599999983 ], [ -45.624870199999975, -23.788474199999939 ], [ -45.624887299999962, -23.788415599999947 ], [ -45.624900099999934, -23.788357 ], [ -45.624921399999948, -23.788302299999934 ], [ -45.624938499999985, -23.788243699999953 ], [ -45.624947, -23.788185199999937 ], [ -45.624968299999978, -23.788122699999978 ], [ -45.624993899999936, -23.788064099999925 ], [ -45.625006699999972, -23.788009499999934 ], [ -45.62503229999993, -23.787954799999962 ], [ -45.625053699999967, -23.787896299999939 ], [ -45.6250654, -23.78783239999996 ], [ -45.625089699999933, -23.787767699999964 ], [ -45.625122899999951, -23.78770309999992 ], [ -45.625147099999936, -23.787656599999927 ], [ -45.625191399999949, -23.787612299999985 ], [ -45.625222199999939, -23.787529499999955 ], [ -45.625275199999976, -23.787448699999977 ], [ -45.625314899999985, -23.787390199999937 ], [ -45.625359, -23.787343699999948 ], [ -45.62538329999996, -23.787293199999962 ], [ -45.625423, -23.787248699999957 ], [ -45.625453899999968, -23.787198199999981 ], [ -45.625498099999966, -23.78714159999992 ], [ -45.625515699999937, -23.787101199999935 ], [ -45.625553499999974, -23.78706759999994 ], [ -45.625591099999951, -23.787015099999973 ], [ -45.625646199999949, -23.786960499999974 ], [ -45.625699199999985, -23.786889799999972 ], [ -45.625752199999965, -23.786831199999956 ], [ -45.625809599999968, -23.786772599999953 ], [ -45.625840599999947, -23.786732199999975 ], [ -45.625884799999938, -23.78667959999996 ], [ -45.62591569999995, -23.786649299999969 ], [ -45.62594219999994, -23.786616899999959 ], [ -45.625979799999982, -23.786574399999946 ], [ -45.626015099999968, -23.786536 ], [ -45.62606819999997, -23.786483499999974 ], [ -45.626143299999967, -23.786422799999968 ] ] ], [ [ [ -45.745038099999931, -23.767747899999957 ], [ -45.748000099999956, -23.767725599999956 ], [ -45.750329099999931, -23.767503199999965 ], [ -45.752332799999976, -23.767653 ], [ -45.753576699999947, -23.767922799999955 ], [ -45.754789, -23.768394 ], [ -45.754760199999964, -23.768500899999935 ], [ -45.754822099999963, -23.76864239999998 ], [ -45.754860799999967, -23.768769699999947 ], [ -45.754845799999948, -23.768988899999961 ], [ -45.754830899999945, -23.76920819999998 ], [ -45.754784799999989, -23.769314399999921 ], [ -45.754823699999982, -23.769491299999977 ], [ -45.755055499999976, -23.769590099999959 ], [ -45.755348599999934, -23.769653299999963 ], [ -45.755549099999932, -23.769723699999933 ], [ -45.75566489999995, -23.769787199999925 ], [ -45.755696, -23.769850799999979 ], [ -45.755688799999973, -23.76995 ], [ -45.755789099999966, -23.769999299999942 ], [ -45.755858699999969, -23.770048699999968 ], [ -45.755805, -23.77010369999994 ], [ -45.755729499999973, -23.770187199999956 ], [ -45.755704599999945, -23.770317099999946 ], [ -45.755831299999954, -23.770405 ], [ -45.755968, -23.770483599999981 ], [ -45.756160099999931, -23.770520399999956 ], [ -45.756347299999959, -23.770580399999975 ], [ -45.756494, -23.770617199999943 ], [ -45.75657989999997, -23.770635599999924 ], [ -45.756716099999949, -23.770584399999958 ], [ -45.756812299999979, -23.77055659999996 ], [ -45.756913899999979, -23.770593699999949 ], [ -45.757041, -23.770635499999969 ], [ -45.757167699999968, -23.770607699999971 ], [ -45.757212799999927, -23.77051019999994 ], [ -45.757222399999925, -23.770436 ], [ -45.757085299999979, -23.770412799999971 ], [ -45.756932899999981, -23.770371099999981 ], [ -45.756795799999963, -23.770338599999942 ], [ -45.756684, -23.770292299999944 ], [ -45.756638099999982, -23.770232 ], [ -45.756657599999983, -23.770181 ], [ -45.756738299999938, -23.770167 ], [ -45.756870099999951, -23.770180899999961 ], [ -45.756971499999963, -23.770180799999924 ], [ -45.757093, -23.770171499999936 ], [ -45.757280699999974, -23.770185399999953 ], [ -45.757294399999971, -23.770078699999946 ], [ -45.757399299999982, -23.769976699999962 ], [ -45.757556199999954, -23.769948899999974 ], [ -45.757672499999963, -23.769916399999929 ], [ -45.757783699999955, -23.769851599999978 ], [ -45.757895799999972, -23.769847 ], [ -45.758023, -23.769819199999965 ], [ -45.758237699999938, -23.769718 ], [ -45.758379399999967, -23.769630099999979 ], [ -45.758474899999953, -23.769546599999952 ], [ -45.758494299999946, -23.769486199999957 ], [ -45.758558799999946, -23.769384199999937 ], [ -45.758598599999971, -23.769296199999925 ], [ -45.758643199999945, -23.769194399999954 ], [ -45.758672599999954, -23.769097299999942 ], [ -45.75865559999994, -23.768963199999984 ], [ -45.758653399999965, -23.7688017 ], [ -45.758657, -23.768691 ], [ -45.758713099999973, -23.768691 ], [ -45.758770199999958, -23.76876929999997 ], [ -45.758847699999933, -23.768843099999959 ], [ -45.758945599999947, -23.768916899999962 ], [ -45.759068199999952, -23.76894 ], [ -45.759235399999973, -23.768842799999959 ], [ -45.759372699999979, -23.768785299999927 ], [ -45.759519699999942, -23.768753 ], [ -45.759646499999974, -23.76875309999998 ], [ -45.759854699999948, -23.768757899999958 ], [ -45.759971899999982, -23.76879049999997 ], [ -45.760129, -23.768748799999969 ], [ -45.760372199999956, -23.768739399999962 ], [ -45.760452499999985, -23.768683699999929 ], [ -45.760466099999974, -23.768549 ], [ -45.760496, -23.768479499999945 ], [ -45.760556299999955, -23.768391499999954 ], [ -45.760668099999975, -23.768368399999932 ], [ -45.76078, -23.768363799999968 ], [ -45.760856599999954, -23.768405499999982 ], [ -45.760988299999958, -23.768359099999934 ], [ -45.76108489999995, -23.768271099999932 ], [ -45.761062899999956, -23.768141399999941 ], [ -45.761114099999979, -23.768068899999946 ], [ -45.76114929999995, -23.768022499999972 ], [ -45.76121, -23.767994699999971 ], [ -45.761296099999981, -23.767943899999974 ], [ -45.761397899999963, -23.767967499999948 ], [ -45.761499399999934, -23.767921399999981 ], [ -45.761458099999977, -23.767800499999964 ], [ -45.761518599999931, -23.767721699999985 ], [ -45.7616096, -23.76769389999998 ], [ -45.761721399999942, -23.767726499999974 ], [ -45.761812899999946, -23.767740499999942 ], [ -45.76189409999995, -23.767671099999973 ], [ -45.761995499999955, -23.76760169999995 ], [ -45.762117499999938, -23.767550799999984 ], [ -45.762280099999934, -23.767555499999954 ], [ -45.762432299999944, -23.767564799999942 ], [ -45.762401899999922, -23.767486 ], [ -45.762310599999978, -23.767407299999952 ], [ -45.76224469999994, -23.767314699999922 ], [ -45.762148499999974, -23.767161899999969 ], [ -45.762102899999938, -23.767064599999976 ], [ -45.762062299999968, -23.767009 ], [ -45.761940599999946, -23.767027599999953 ], [ -45.761783299999934, -23.767037 ], [ -45.761636299999964, -23.766976799999945 ], [ -45.761463499999941, -23.766972199999955 ], [ -45.76131619999996, -23.766944499999962 ], [ -45.76119929999993, -23.76696759999993 ], [ -45.761026799999968, -23.766944499999969 ], [ -45.760826499999951, -23.766840099999968 ], [ -45.760949899999957, -23.76651059999994 ], [ -45.761087, -23.766144499999932 ], [ -45.761045899999942, -23.765987399999975 ], [ -45.760896299999949, -23.765830499999932 ], [ -45.760737699999936, -23.765674399999959 ], [ -45.760741599999967, -23.765450899999962 ], [ -45.760885, -23.764954 ], [ -45.761087399999958, -23.764552099999943 ], [ -45.761479599999973, -23.764091899999983 ], [ -45.761818, -23.76385189999996 ], [ -45.762461599999945, -23.763399399999969 ], [ -45.763328499999943, -23.763004399999936 ], [ -45.764280399999961, -23.762758199999954 ], [ -45.764969299999962, -23.762647499999964 ], [ -45.76592519999997, -23.762493899999988 ], [ -45.767056099999934, -23.762449599999972 ], [ -45.767515799999956, -23.762432299999951 ], [ -45.769496199999928, -23.762415499999982 ], [ -45.770562199999979, -23.762475199999979 ], [ -45.772433099999951, -23.762655199999987 ], [ -45.774251199999988, -23.7628 ], [ -45.77567039999996, -23.762970699999986 ], [ -45.776307499999973, -23.763046599999939 ], [ -45.77574489999995, -23.762069499999935 ], [ -45.775171599999965, -23.761722499999969 ], [ -45.774658699999975, -23.761481199999938 ], [ -45.774251399999969, -23.761254899999983 ], [ -45.773919599999942, -23.761119099999977 ], [ -45.773421799999937, -23.760968299999945 ], [ -45.772833399999975, -23.760757099999978 ], [ -45.772531699999945, -23.760681599999938 ], [ -45.772365799999932, -23.760545899999947 ], [ -45.772124399999946, -23.760440299999956 ], [ -45.772003699999964, -23.76028939999998 ], [ -45.771928299999956, -23.759942499999973 ], [ -45.771973599999967, -23.759655899999924 ], [ -45.771585399999935, -23.75950749999992 ], [ -45.771387, -23.759574699999984 ], [ -45.771244, -23.759613 ], [ -45.770994, -23.759696 ], [ -45.769950399999971, -23.76002469999997 ], [ -45.768917, -23.760386 ], [ -45.768839, -23.760412 ], [ -45.768707399999982, -23.760454 ], [ -45.767028199999977, -23.760987899999972 ], [ -45.766999199999937, -23.75984139999996 ], [ -45.766976699999923, -23.759419699999963 ], [ -45.766966, -23.758835 ], [ -45.766833, -23.755818899999952 ], [ -45.766765, -23.754009799999952 ], [ -45.766762, -23.753652 ], [ -45.766802, -23.752298 ], [ -45.766767199999947, -23.751603299999939 ], [ -45.765422099999959, -23.751188399999936 ], [ -45.764941799999974, -23.751051 ], [ -45.764694299999967, -23.750797399999961 ], [ -45.764554199999964, -23.750653899999978 ], [ -45.764470399999944, -23.750727199999975 ], [ -45.763980599999968, -23.75116 ], [ -45.763825699999984, -23.751296799999988 ], [ -45.764247299999973, -23.751396 ], [ -45.764464699999962, -23.75144709999995 ], [ -45.764583899999941, -23.751556 ], [ -45.765152, -23.752075199999975 ], [ -45.765425799999946, -23.752251099999963 ], [ -45.765477799999985, -23.752491399999936 ], [ -45.765486599999981, -23.752532299999931 ], [ -45.765419299999962, -23.753595699999948 ], [ -45.764038199999959, -23.753709699999941 ], [ -45.763132299999938, -23.753663799999966 ], [ -45.763135199999965, -23.753758699999935 ], [ -45.763073599999977, -23.753754 ], [ -45.761861799999963, -23.753712 ], [ -45.761779, -23.753522 ], [ -45.761877, -23.753418 ], [ -45.761988, -23.753276 ], [ -45.762015, -23.753082 ], [ -45.762036099999932, -23.752882799999941 ], [ -45.762041, -23.752837 ], [ -45.761983, -23.752399 ], [ -45.761755899999976, -23.751088699999972 ], [ -45.763224599999944, -23.746360599999939 ], [ -45.762795799999935, -23.746149599999963 ], [ -45.757701099999956, -23.743620499999963 ], [ -45.756516799999986, -23.744019199999975 ], [ -45.755931399999959, -23.744362799999976 ], [ -45.755180699999983, -23.74477 ], [ -45.754735299999943, -23.745126299999978 ], [ -45.753492899999969, -23.746231899999945 ], [ -45.753638199999955, -23.746344499999957 ], [ -45.753722699999969, -23.746391499999955 ], [ -45.753799599999972, -23.746462 ], [ -45.753912699999937, -23.74661939999994 ], [ -45.753995699999969, -23.746680899999941 ], [ -45.75405219999994, -23.746769799999981 ], [ -45.754146699999978, -23.746816799999973 ], [ -45.754205299999967, -23.746903799999924 ], [ -45.754579099999951, -23.747091899999941 ], [ -45.754677, -23.747185 ], [ -45.754713, -23.747407 ], [ -45.754827, -23.747687 ], [ -45.754933, -23.747801 ], [ -45.754962099999943, -23.747932 ], [ -45.755137099999956, -23.748257499999962 ], [ -45.755445399999985, -23.748538199999924 ], [ -45.755619899999942, -23.748889099999932 ], [ -45.755640299999982, -23.749004 ], [ -45.755706699999969, -23.749151899999962 ], [ -45.755748599999947, -23.749312299999932 ], [ -45.755743499999944, -23.749432199999944 ], [ -45.755701899999963, -23.749538099999931 ], [ -45.755613, -23.749639499999933 ], [ -45.755243499999949, -23.74971909999994 ], [ -45.754870799999942, -23.749739699999967 ], [ -45.754772799999955, -23.749770199999947 ], [ -45.754677299999976, -23.749857699999939 ], [ -45.754621499999985, -23.750216399999946 ], [ -45.754595599999952, -23.751011499999947 ], [ -45.754552, -23.751563699999966 ], [ -45.754516799999976, -23.751671099999943 ], [ -45.754468799999984, -23.752096499999936 ], [ -45.754497099999973, -23.752546499999927 ], [ -45.754204699999946, -23.752490199999958 ], [ -45.75391, -23.752429599999967 ], [ -45.753603199999922, -23.752361 ], [ -45.752358799999975, -23.752132699999944 ], [ -45.751854799999926, -23.751989 ], [ -45.751335199999971, -23.751806599999949 ], [ -45.751174499999934, -23.751734399999972 ], [ -45.748388, -23.750563299999957 ], [ -45.747996199999932, -23.750403799999955 ], [ -45.745290599999983, -23.749277799999962 ], [ -45.742376399999955, -23.74807009999995 ], [ -45.741256599999986, -23.747629 ], [ -45.740678399999979, -23.747358499999951 ], [ -45.73990409999994, -23.746980099999973 ], [ -45.739598499999936, -23.746791399999942 ], [ -45.73929829999998, -23.746595299999971 ], [ -45.739010899999982, -23.746361799999924 ], [ -45.738524899999959, -23.745918799999963 ], [ -45.737558799999924, -23.744961199999985 ], [ -45.737256299999963, -23.744725599999985 ], [ -45.736993299999945, -23.744533599999951 ], [ -45.736899199999975, -23.744471599999944 ], [ -45.7368264, -23.744423599999962 ], [ -45.736482, -23.744217899999967 ], [ -45.735984899999956, -23.743900799999942 ], [ -45.735453899999982, -23.743586599999958 ], [ -45.734774599999973, -23.743251 ], [ -45.734278, -23.742995699999934 ], [ -45.733783199999948, -23.742845 ], [ -45.732881899999938, -23.742578299999931 ], [ -45.732500199999947, -23.742480499999939 ], [ -45.731947199999979, -23.742364499999947 ], [ -45.731279399999956, -23.742267599999938 ], [ -45.731024399999974, -23.742295199999941 ], [ -45.732038899999964, -23.742702199999936 ], [ -45.732330399999967, -23.74288869999998 ], [ -45.732555299999937, -23.743104399999932 ], [ -45.732927699999948, -23.743371799999981 ], [ -45.7332732, -23.74357519999996 ], [ -45.734156799999937, -23.744023499999972 ], [ -45.734486599999968, -23.744220599999945 ], [ -45.734810899999957, -23.744481 ], [ -45.735307299999931, -23.744989899999958 ], [ -45.7358756, -23.745717 ], [ -45.736521499999988, -23.746473499999976 ], [ -45.737080899999967, -23.746842 ], [ -45.737367399999982, -23.746999599999988 ], [ -45.737691899999952, -23.747135399999941 ], [ -45.737995099999985, -23.74731 ], [ -45.738832599999959, -23.747915699999965 ], [ -45.739018899999962, -23.748076499999968 ], [ -45.73931129999994, -23.748414699999948 ], [ -45.739500699999951, -23.748758799999969 ], [ -45.739639199999949, -23.749141099999967 ], [ -45.739732299999957, -23.749287899999942 ], [ -45.73987039999998, -23.749414599999962 ], [ -45.739974599999982, -23.749462899999976 ], [ -45.740573199999972, -23.749460899999985 ], [ -45.74071559999993, -23.749486399999981 ], [ -45.741130099999971, -23.749742699999953 ], [ -45.741243199999985, -23.749773799999961 ], [ -45.741363699999972, -23.749754299999957 ], [ -45.741537199999989, -23.749711 ], [ -45.741728599999931, -23.74971909999994 ], [ -45.74189169999994, -23.749761699999972 ], [ -45.742070899999931, -23.749878199999966 ], [ -45.742260599999959, -23.750080699999959 ], [ -45.742410899999989, -23.750270199999935 ], [ -45.742511, -23.750375399999946 ], [ -45.742673199999956, -23.750645799999962 ], [ -45.742804, -23.750936899999932 ], [ -45.742978799999953, -23.751127499999935 ], [ -45.743236699999947, -23.751277099999989 ], [ -45.743520799999942, -23.751367899999934 ], [ -45.743907699999966, -23.751404799999921 ], [ -45.744813699999952, -23.751468199999973 ], [ -45.745118199999979, -23.751519099999943 ], [ -45.745332699999949, -23.751623799999944 ], [ -45.745501099999956, -23.751740399999964 ], [ -45.745710699999968, -23.752008499999921 ], [ -45.74577029999994, -23.752476099999967 ], [ -45.745800399999951, -23.753111799999949 ], [ -45.745919099999988, -23.753284699999941 ], [ -45.746121099999982, -23.753436299999976 ], [ -45.746388699999954, -23.753549699999947 ], [ -45.746697099999949, -23.753593399999932 ], [ -45.747407499999959, -23.753587299999932 ], [ -45.747939, -23.753536799999946 ], [ -45.748783299999957, -23.75361219999996 ], [ -45.749005499999953, -23.753684299999971 ], [ -45.749229899999932, -23.753803299999955 ], [ -45.749399099999941, -23.754052699999942 ], [ -45.749600899999955, -23.754503299999964 ], [ -45.749770099999985, -23.754753599999951 ], [ -45.750004599999954, -23.75491959999993 ], [ -45.750474199999985, -23.755179099999967 ], [ -45.750589499999933, -23.755260699999965 ], [ -45.750721, -23.755253799999938 ], [ -45.750835199999983, -23.755155699999925 ], [ -45.750979699999952, -23.75467719999995 ], [ -45.751165, -23.754490199999953 ], [ -45.751357, -23.754437799999941 ], [ -45.751672099999944, -23.754450699999943 ], [ -45.75199779999997, -23.754610799999952 ], [ -45.752344499999936, -23.754838499999952 ], [ -45.752941299999975, -23.755381199999928 ], [ -45.753172299999967, -23.755611299999952 ], [ -45.75382459999998, -23.756084099999949 ], [ -45.75391029999998, -23.756145099999962 ], [ -45.7544769, -23.756550599999972 ], [ -45.754625099999942, -23.756726 ], [ -45.754888299999948, -23.757110299999962 ], [ -45.754924099999982, -23.757188699999972 ], [ -45.755207099999957, -23.757758199999959 ], [ -45.755686299999979, -23.758495599999939 ], [ -45.756099399999989, -23.758837699999958 ], [ -45.756333799999936, -23.759150799999929 ], [ -45.756493599999942, -23.759469799999973 ], [ -45.756550299999958, -23.759941899999941 ], [ -45.756809899999951, -23.760715599999955 ], [ -45.756848099999957, -23.761038699999979 ], [ -45.756840099999977, -23.761185099999977 ], [ -45.756786099999943, -23.761337099999935 ], [ -45.756664199999939, -23.761475 ], [ -45.756436099999981, -23.761572699999924 ], [ -45.756193599999968, -23.761559499999972 ], [ -45.755405, -23.761453099999979 ], [ -45.754604799999989, -23.761208699999937 ], [ -45.754469599999936, -23.761237299999948 ], [ -45.754401199999968, -23.761286399999953 ], [ -45.754265199999956, -23.76154269999995 ], [ -45.753875299999955, -23.761998 ], [ -45.753763399999961, -23.7621602 ], [ -45.753691799999956, -23.762324099999944 ], [ -45.753646499999952, -23.762653899999965 ], [ -45.753676199999973, -23.763196599999958 ], [ -45.753625, -23.763511199999989 ], [ -45.753463099999983, -23.763692599999956 ], [ -45.753232099999941, -23.76379309999993 ], [ -45.75314869999994, -23.763790799999981 ], [ -45.752829199999958, -23.763686699999933 ], [ -45.752521799999947, -23.763653 ], [ -45.752346399999965, -23.763704399999945 ], [ -45.752064699999956, -23.763865599999971 ], [ -45.751976599999978, -23.763894099999959 ], [ -45.751897, -23.763881799999979 ], [ -45.751822199999943, -23.763847799999958 ], [ -45.751747199999961, -23.763765099999937 ], [ -45.751326399999989, -23.763113199999967 ], [ -45.750977499999983, -23.762506199999955 ], [ -45.750754499999964, -23.762291399999985 ], [ -45.750575199999965, -23.76218479999995 ], [ -45.750473899999982, -23.762141899999953 ], [ -45.750222899999983, -23.762001099999956 ], [ -45.749981599999956, -23.761928399999931 ], [ -45.749725799999965, -23.761918899999952 ], [ -45.749448299999983, -23.761962699999977 ], [ -45.749157799999978, -23.7619506 ], [ -45.748857699999974, -23.761807499999982 ], [ -45.748632099999952, -23.761660499999945 ], [ -45.748491, -23.76168829999995 ], [ -45.748175, -23.762034799999984 ], [ -45.747932299999952, -23.762148899999936 ], [ -45.747645, -23.762193699999962 ], [ -45.747338599999978, -23.762329699999963 ], [ -45.74701569999997, -23.762661 ], [ -45.746585899999957, -23.763520199999967 ], [ -45.746373499999947, -23.763788499999965 ], [ -45.746154599999954, -23.763949499999971 ], [ -45.745763099999976, -23.764130199999958 ], [ -45.74524839999998, -23.764227499999947 ], [ -45.744882599999983, -23.764258199999979 ], [ -45.744298199999946, -23.764182399999971 ], [ -45.743698699999982, -23.764026299999955 ], [ -45.74310829999996, -23.76392259999994 ], [ -45.742550599999959, -23.763919899999955 ], [ -45.742263399999949, -23.763918499999942 ], [ -45.741982399999983, -23.763862099999983 ], [ -45.741641899999934, -23.763691199999982 ], [ -45.741534799999947, -23.763501099999921 ], [ -45.74153339999998, -23.763249199999969 ], [ -45.741786599999955, -23.762909199999974 ], [ -45.74197369999996, -23.762678899999962 ], [ -45.742061499999977, -23.762404799999963 ], [ -45.742073799999957, -23.762146499999968 ], [ -45.742026099999983, -23.76188019999995 ], [ -45.741879199999971, -23.761585599999929 ], [ -45.741203299999938, -23.760754299999963 ], [ -45.740824399999951, -23.760218699999925 ], [ -45.740714799999971, -23.7599221 ], [ -45.740699699999936, -23.759684599999947 ], [ -45.740783799999981, -23.759461099999946 ], [ -45.740760299999977, -23.759288699999956 ], [ -45.740647099999933, -23.759235899999972 ], [ -45.740216299999986, -23.759237099999947 ], [ -45.739944299999934, -23.75919509999995 ], [ -45.739840299999969, -23.759206399999982 ], [ -45.739748699999957, -23.759313399999943 ], [ -45.739692, -23.759524099999958 ], [ -45.739653199999964, -23.759783499999958 ], [ -45.739544099999939, -23.760095699999962 ], [ -45.739345, -23.760296199999981 ], [ -45.738942599999973, -23.760459799999985 ], [ -45.738691699999954, -23.760511599999969 ], [ -45.738218899999936, -23.760541 ], [ -45.737529, -23.760530699999947 ], [ -45.7369475, -23.76044139999993 ], [ -45.736607399999968, -23.76033909999996 ], [ -45.736190499999964, -23.760129899999981 ], [ -45.735707, -23.759887299999946 ], [ -45.734797499999956, -23.759581799999989 ], [ -45.734333499999934, -23.759424099999922 ], [ -45.734008599999974, -23.75923419999998 ], [ -45.733892699999949, -23.759042399999931 ], [ -45.733809199999939, -23.75886209999992 ], [ -45.733773699999972, -23.758649099999953 ], [ -45.733877, -23.758347 ], [ -45.734256, -23.757865599999953 ], [ -45.734292099999955, -23.757639599999948 ], [ -45.734184599999935, -23.757370099999942 ], [ -45.733653699999941, -23.756664499999939 ], [ -45.733122899999955, -23.756158499999973 ], [ -45.732772299999965, -23.755755499999964 ], [ -45.732607499999972, -23.75576529999995 ], [ -45.732486399999978, -23.755870699999939 ], [ -45.732323799999961, -23.756094499999961 ], [ -45.732191, -23.756563899999957 ], [ -45.732040399999967, -23.757716199999937 ], [ -45.731882899999967, -23.758151399999967 ], [ -45.731689299999964, -23.758446799999941 ], [ -45.731534199999942, -23.75862 ], [ -45.730884099999962, -23.758886799999978 ], [ -45.73041939999996, -23.75896669999997 ], [ -45.73017009999996, -23.758954299999967 ], [ -45.729396299999962, -23.758686099999981 ], [ -45.728461899999964, -23.758468299999944 ], [ -45.728130399999948, -23.758329899999964 ], [ -45.727942899999967, -23.758142899999942 ], [ -45.727863199999945, -23.757928299999939 ], [ -45.72787669999996, -23.757709699999968 ], [ -45.728056699999968, -23.75742159999993 ], [ -45.728421199999957, -23.756969199999958 ], [ -45.72854939999997, -23.756733799999953 ], [ -45.728612799999951, -23.756496799999983 ], [ -45.728604, -23.756148199999931 ], [ -45.728391199999976, -23.755821399999945 ], [ -45.727830099999949, -23.75531639999997 ], [ -45.72766189999993, -23.75507239999996 ], [ -45.72742679999994, -23.754612899999923 ], [ -45.727312499999975, -23.754177199999962 ], [ -45.727291199999961, -23.753700399999964 ], [ -45.727352699999983, -23.753470699999987 ], [ -45.727797099999975, -23.752554599999936 ], [ -45.72787029999995, -23.752313099999984 ], [ -45.727962899999966, -23.751423499999927 ], [ -45.727951799999971, -23.751069299999976 ], [ -45.727904, -23.750723599999954 ], [ -45.727847899999972, -23.750521399999968 ], [ -45.727804499999934, -23.750399499999958 ], [ -45.727868399999977, -23.7501 ], [ -45.728091499999955, -23.749736099999947 ], [ -45.728129099999933, -23.749617599999958 ], [ -45.728269, -23.749113 ], [ -45.728223399999933, -23.74876 ], [ -45.728284099999939, -23.748592899999949 ], [ -45.728295299999957, -23.74846069999996 ], [ -45.728430099999969, -23.748162899999947 ], [ -45.729166899999946, -23.747092699999943 ], [ -45.729322099999933, -23.746600599999969 ], [ -45.729328799999969, -23.746205 ], [ -45.729579899999976, -23.745543799999947 ], [ -45.729513699999984, -23.745315799999947 ], [ -45.728906, -23.745517799999963 ], [ -45.728330399999948, -23.745381099999978 ], [ -45.728064199999956, -23.745268699999944 ], [ -45.727807099999943, -23.74517069999996 ], [ -45.727613399999946, -23.745131699999948 ], [ -45.727356, -23.745237099999944 ], [ -45.727306899999981, -23.745487099999927 ], [ -45.727338799999977, -23.745602299999973 ], [ -45.727470499999981, -23.745673199999946 ], [ -45.727588699999956, -23.745765799999965 ], [ -45.727721599999938, -23.745869599999924 ], [ -45.728325599999948, -23.746148 ], [ -45.7281172, -23.74710789999995 ], [ -45.7278209, -23.747043899999927 ], [ -45.727458199999951, -23.747748199999926 ], [ -45.727105199999983, -23.748443799999958 ], [ -45.726767199999983, -23.748826 ], [ -45.726329, -23.749180599999931 ], [ -45.725887, -23.749352599999966 ], [ -45.725144199999932, -23.74938049999998 ], [ -45.724679899999956, -23.749616 ], [ -45.72473789999998, -23.749728399999974 ], [ -45.723921199999943, -23.750455399999961 ], [ -45.723470599999985, -23.750294 ], [ -45.723315099999979, -23.750015599999983 ], [ -45.723180399999933, -23.749412499999949 ], [ -45.723022699999945, -23.749282299999948 ], [ -45.722783, -23.749029299999954 ], [ -45.722094199999951, -23.748662499999956 ], [ -45.721671, -23.748559499999942 ], [ -45.721446199999946, -23.748448499999935 ], [ -45.721362699999986, -23.7482 ], [ -45.721074399999964, -23.747904299999959 ], [ -45.720926799999972, -23.748062899999987 ], [ -45.72104649999995, -23.748678 ], [ -45.721002599999963, -23.749044099999939 ], [ -45.721273899999971, -23.74937639999996 ], [ -45.721594099999955, -23.749309599999936 ], [ -45.722083899999966, -23.74941639999998 ], [ -45.722518399999963, -23.749392799999946 ], [ -45.722594899999933, -23.749570099999971 ], [ -45.722621799999956, -23.749913499999934 ], [ -45.722726799999975, -23.750158699999918 ], [ -45.72302429999997, -23.750508699999962 ], [ -45.722802699999932, -23.750909799999924 ], [ -45.723284299999932, -23.751313299999929 ], [ -45.723515799999973, -23.751296699999944 ], [ -45.723694199999954, -23.751364299999974 ], [ -45.72412809999998, -23.751445799999946 ], [ -45.724183099999941, -23.751683899999929 ], [ -45.724285399999978, -23.752125899999964 ], [ -45.724243099999967, -23.752609599999968 ], [ -45.724072399999955, -23.75268119999993 ], [ -45.723911699999974, -23.75279549999993 ], [ -45.723903699999937, -23.752991299999962 ], [ -45.724137399999961, -23.75350849999996 ], [ -45.724199899999974, -23.753753799999963 ], [ -45.724013499999963, -23.75441869999997 ], [ -45.7239527, -23.754566399999923 ], [ -45.723623299999986, -23.754537099999929 ], [ -45.723543099999972, -23.754702699999939 ], [ -45.723439199999973, -23.75470909999996 ], [ -45.723387399999979, -23.754883599999971 ], [ -45.723184099999976, -23.754892 ], [ -45.723034299999945, -23.75511669999997 ], [ -45.723025799999952, -23.755385399999973 ], [ -45.722856, -23.755416899999936 ], [ -45.722759799999942, -23.755582699999941 ], [ -45.722105399999975, -23.755122499999956 ], [ -45.721768499999939, -23.754989799999979 ], [ -45.721262199999948, -23.754918399999948 ], [ -45.721203799999948, -23.755041199999948 ], [ -45.721886099999949, -23.755436 ], [ -45.72202429999993, -23.755576299999976 ], [ -45.722418, -23.756051599999967 ], [ -45.722218499999933, -23.756218599999954 ], [ -45.722458499999959, -23.756543199999967 ], [ -45.722680699999955, -23.756556099999948 ], [ -45.723170599999946, -23.757039699999954 ], [ -45.723082199999965, -23.757508699999967 ], [ -45.72266209999998, -23.757263799999979 ], [ -45.722270499999979, -23.757639599999951 ], [ -45.721759199999944, -23.757947 ], [ -45.7216562, -23.757666 ], [ -45.721636699999983, -23.757813299999949 ], [ -45.721593299999945, -23.75794209999998 ], [ -45.72144609999998, -23.75742919999994 ], [ -45.721405199999936, -23.757179199999943 ], [ -45.721255099999951, -23.756970099999933 ], [ -45.721073299999944, -23.756724599999927 ], [ -45.72081419999995, -23.756638199999937 ], [ -45.720764099999933, -23.756879099999942 ], [ -45.720650499999969, -23.756965499999986 ], [ -45.720464099999965, -23.75682 ], [ -45.720250399999941, -23.757006399999977 ], [ -45.720700499999957, -23.757438299999926 ], [ -45.720655, -23.757697499999946 ], [ -45.720077699999926, -23.7577247 ], [ -45.719782199999941, -23.757715699999952 ], [ -45.719418499999961, -23.75789749999997 ], [ -45.71990489999996, -23.758402099999966 ], [ -45.719964, -23.758634 ], [ -45.719919299999958, -23.758861699999958 ], [ -45.719801, -23.759019299999977 ], [ -45.719694799999949, -23.759211799999946 ], [ -45.719627899999978, -23.759377 ], [ -45.71948249999997, -23.759639899999971 ], [ -45.71912819999995, -23.759362199999934 ], [ -45.718859299999963, -23.759502299999959 ], [ -45.718700399999932, -23.760112899999964 ], [ -45.718873799999983, -23.760561799999952 ], [ -45.71934559999994, -23.760437299999975 ], [ -45.719276899999961, -23.761171199999978 ], [ -45.719115599999952, -23.761173699999976 ], [ -45.7190131, -23.761239099999965 ], [ -45.718890899999963, -23.761265899999962 ], [ -45.718605099999934, -23.761204399999936 ], [ -45.718334299999981, -23.76113139999995 ], [ -45.718092799999965, -23.761051799999965 ], [ -45.717960499999954, -23.76103229999995 ], [ -45.71765749999998, -23.761025399999941 ], [ -45.717335299999945, -23.760917599999971 ], [ -45.717074, -23.760745299999943 ], [ -45.716889199999962, -23.76065009999996 ], [ -45.716693199999952, -23.760589 ], [ -45.716072699999984, -23.760464199999944 ], [ -45.715824699999985, -23.760493899999972 ], [ -45.715596499999947, -23.760481299999981 ], [ -45.715314399999954, -23.760363199999972 ], [ -45.714954599999942, -23.760243499999955 ], [ -45.714662799999985, -23.760189799999981 ], [ -45.71434609999995, -23.759944399999942 ], [ -45.714183799999937, -23.759891799999941 ], [ -45.714010399999957, -23.759863799999948 ], [ -45.7138207, -23.759859799999969 ], [ -45.713618499999939, -23.759825099999951 ], [ -45.713471499999969, -23.759762199999948 ], [ -45.713393399999973, -23.759712799999942 ], [ -45.71303359999996, -23.759367299999944 ], [ -45.712756899999931, -23.759146 ], [ -45.712611099999947, -23.759072799999956 ], [ -45.712422699999941, -23.759034 ], [ -45.712086599999957, -23.759077499999929 ], [ -45.711848599999946, -23.759199299999981 ], [ -45.71158139999995, -23.75936129999997 ], [ -45.711464699999965, -23.759354399999939 ], [ -45.711231299999952, -23.759161 ], [ -45.711104599999942, -23.759169899999954 ], [ -45.710985699999981, -23.759265899999946 ], [ -45.710894299999957, -23.759393499999934 ], [ -45.710592399999939, -23.759550199999975 ], [ -45.709573499999976, -23.759933599999954 ], [ -45.70894, -23.760242399999981 ], [ -45.708727, -23.760316399999969 ], [ -45.708501, -23.760478299999928 ], [ -45.708367599999981, -23.760606299999953 ], [ -45.708233899999989, -23.760791499999975 ], [ -45.708174799999938, -23.760900399999972 ], [ -45.708169899999973, -23.761080899999975 ], [ -45.708221399999964, -23.761164599999965 ], [ -45.708707699999934, -23.761192 ], [ -45.708924899999936, -23.761263199999973 ], [ -45.709049099999959, -23.7613507 ], [ -45.709371499999975, -23.761692 ], [ -45.709543899999971, -23.76180649999997 ], [ -45.70985479999996, -23.761944499999974 ], [ -45.710056199999947, -23.761981699999975 ], [ -45.710179499999988, -23.762027399999955 ], [ -45.710435899999929, -23.762160099999974 ], [ -45.710547199999951, -23.762228499999939 ], [ -45.71073209999998, -23.762399199999944 ], [ -45.711285699999962, -23.763036799999952 ], [ -45.711511599999938, -23.763264099999958 ], [ -45.711726899999967, -23.763421799999943 ], [ -45.711850599999941, -23.763489499999935 ], [ -45.712502399999948, -23.763732799999968 ], [ -45.712652299999952, -23.76381019999997 ], [ -45.713229099999971, -23.764209099999956 ], [ -45.713533699999971, -23.764443 ], [ -45.713817799999966, -23.764620499999978 ], [ -45.71396469999997, -23.764677799999969 ], [ -45.713740199999961, -23.765533799999957 ], [ -45.71459939999994, -23.766084799999927 ], [ -45.71510619999998, -23.766337199999963 ], [ -45.715297299999975, -23.766476299999969 ], [ -45.715568799999971, -23.766758599999932 ], [ -45.715732099999975, -23.767008099999948 ], [ -45.716179599999975, -23.767549699999961 ], [ -45.716674699999942, -23.768000799999975 ], [ -45.716862499999927, -23.768237499999938 ], [ -45.717134499999986, -23.76845749999995 ], [ -45.717595299999978, -23.768735399999972 ], [ -45.718899, -23.769352499999965 ], [ -45.7194272, -23.769563199999936 ], [ -45.719690099999987, -23.769712 ], [ -45.719934499999958, -23.769900499999956 ], [ -45.72002649999996, -23.770042799999938 ], [ -45.720106, -23.770224799999934 ], [ -45.720118, -23.770433399999938 ], [ -45.720098099999973, -23.770564499999978 ], [ -45.72002689999993, -23.770642499999944 ], [ -45.719909399999949, -23.770694499999937 ], [ -45.719789899999974, -23.77073119999994 ], [ -45.719560099999967, -23.770705199999959 ], [ -45.719272699999969, -23.77055479999996 ], [ -45.719062799999961, -23.770407599999942 ], [ -45.718909699999983, -23.77022409999995 ], [ -45.718561499999957, -23.769902399999975 ], [ -45.718126799999943, -23.769725599999958 ], [ -45.717321399999946, -23.769605599999981 ], [ -45.716523599999967, -23.769435799999943 ], [ -45.715725499999962, -23.769404299999952 ], [ -45.715193299999953, -23.76934179999996 ], [ -45.714912299999973, -23.769277099999965 ], [ -45.714414799999986, -23.769108699999943 ], [ -45.713882499999954, -23.769038 ], [ -45.713669, -23.768946 ], [ -45.713397099999945, -23.768577799999953 ], [ -45.713267, -23.768468199999962 ], [ -45.713088399999947, -23.768469099999951 ], [ -45.712945299999944, -23.768510399999965 ], [ -45.712671899999975, -23.768591099999977 ], [ -45.71241, -23.768613099999975 ], [ -45.712139799999925, -23.76854209999993 ], [ -45.711682399999972, -23.768361699999954 ], [ -45.711408399999982, -23.768309699999968 ], [ -45.710885499999968, -23.768346399999917 ], [ -45.710083599999969, -23.768516299999934 ], [ -45.709279199999962, -23.768563399999945 ], [ -45.708754799999952, -23.768508899999976 ], [ -45.708219, -23.768511299999933 ], [ -45.707936699999955, -23.768567699999938 ], [ -45.707429199999986, -23.768731699999929 ], [ -45.706916199999974, -23.768775599999959 ], [ -45.706371399999966, -23.768764599999948 ], [ -45.705997899999943, -23.768832199999967 ], [ -45.705616699999943, -23.769123 ], [ -45.705408899999952, -23.769351499999981 ], [ -45.705063, -23.769627699999951 ], [ -45.704750499999925, -23.769735699999956 ], [ -45.704488599999934, -23.769750399999953 ], [ -45.704484399999956, -23.770846499999941 ], [ -45.704506099999946, -23.770921199999972 ], [ -45.704291299999973, -23.770936399999972 ], [ -45.703942199999965, -23.77094639999995 ], [ -45.703416599999969, -23.770872299999954 ], [ -45.70282, -23.770737299999961 ], [ -45.702541499999938, -23.770666299999963 ], [ -45.700040899999983, -23.769618899999951 ], [ -45.698273499999978, -23.768739199999978 ], [ -45.697550499999977, -23.768425699999973 ], [ -45.697246199999938, -23.768292199999959 ], [ -45.69693929999994, -23.768145199999935 ], [ -45.696574099999971, -23.767997599999941 ], [ -45.69625039999994, -23.767856299999949 ], [ -45.695906, -23.767722299999942 ], [ -45.695502399999953, -23.767620299999976 ], [ -45.694991299999977, -23.767525 ], [ -45.694454699999937, -23.76748 ], [ -45.694083899999953, -23.767497099999947 ], [ -45.69407989999997, -23.76613019999996 ], [ -45.693933299999969, -23.765720599999959 ], [ -45.693805899999973, -23.765059199999943 ], [ -45.693790799999931, -23.764470899999939 ], [ -45.693843399999942, -23.763973599999929 ], [ -45.693845699999947, -23.762898599999968 ], [ -45.693553899999984, -23.762900299999956 ], [ -45.693262099999963, -23.762965899999987 ], [ -45.692512, -23.763134399999956 ], [ -45.691729, -23.763158699999966 ], [ -45.691449599999942, -23.763211399999935 ], [ -45.691187199999945, -23.763324599999969 ], [ -45.6909467, -23.763498199999958 ], [ -45.690754699999964, -23.763736599999945 ], [ -45.690617599999946, -23.763977399999934 ], [ -45.690393799999981, -23.764711799999933 ], [ -45.69029, -23.7649489 ], [ -45.689776099999968, -23.765763199999981 ], [ -45.689552, -23.766252899999934 ], [ -45.689142499999946, -23.767316899999969 ], [ -45.688907099999938, -23.767718899999974 ], [ -45.688756799999958, -23.767878599999964 ], [ -45.68862089999994, -23.767965899999965 ], [ -45.688473, -23.768021599999944 ], [ -45.688313199999982, -23.768054899999989 ], [ -45.688103099999978, -23.768030499999956 ], [ -45.686992499999974, -23.770012199999936 ], [ -45.686960099999965, -23.770061599999963 ], [ -45.686818699999954, -23.770012599999962 ], [ -45.686028899999933, -23.769649299999969 ], [ -45.685828899999933, -23.769551 ], [ -45.685725, -23.769683899999954 ], [ -45.685674, -23.769807 ], [ -45.685655, -23.76994 ], [ -45.685717, -23.770034 ], [ -45.685976, -23.770279 ], [ -45.686037, -23.770316 ], [ -45.68612, -23.770335 ], [ -45.686398, -23.770343 ], [ -45.68658389999996, -23.770374699999934 ], [ -45.686728, -23.770427 ], [ -45.686729, -23.770645 ], [ -45.686843, -23.770777 ], [ -45.686916, -23.770918 ], [ -45.686886, -23.771042 ], [ -45.686618, -23.771687699999969 ], [ -45.68664, -23.771932199999981 ], [ -45.686622, -23.771936 ], [ -45.68643, -23.771976 ], [ -45.685599299999978, -23.772301299999981 ], [ -45.685531899999937, -23.772170499999955 ], [ -45.685133199999946, -23.771159499999953 ], [ -45.684278799999959, -23.771546799999957 ], [ -45.684244099999951, -23.770754199999956 ], [ -45.683943099999965, -23.770764099999955 ], [ -45.683903899999962, -23.769330799999981 ], [ -45.68335229999996, -23.769339499999948 ], [ -45.682116699999938, -23.770315399999959 ], [ -45.674909399999933, -23.770267899999965 ], [ -45.6724445, -23.770251699999964 ], [ -45.672215899999969, -23.762911699999965 ], [ -45.67031859999998, -23.762920199999936 ], [ -45.670356099999935, -23.771053399999975 ], [ -45.662893899999972, -23.769029499999924 ], [ -45.662204599999939, -23.768842499999955 ], [ -45.660002099999978, -23.762305099999949 ], [ -45.659964299999963, -23.762047599999971 ], [ -45.658963599999943, -23.755234099999932 ], [ -45.661034, -23.755518599999959 ], [ -45.660472499999969, -23.75095929999998 ], [ -45.660362599999985, -23.751152199999968 ], [ -45.660265, -23.751262799999946 ], [ -45.660172199999977, -23.7513408 ], [ -45.65999979999998, -23.751403 ], [ -45.659783099999977, -23.751435499999953 ], [ -45.658607799999977, -23.75146859999996 ], [ -45.65860379999998, -23.751468499999937 ], [ -45.658402699999954, -23.7514667 ], [ -45.658260299999931, -23.751447499999976 ], [ -45.658162899999979, -23.751402699999961 ], [ -45.658086899999951, -23.75132079999997 ], [ -45.658029499999948, -23.751221699999974 ], [ -45.657926499999974, -23.751025299999981 ], [ -45.657854799999939, -23.750919 ], [ -45.657832499999984, -23.750905899999953 ], [ -45.657758599999966, -23.750811899999967 ], [ -45.657595199999953, -23.750710599999934 ], [ -45.657489, -23.750665799999979 ], [ -45.657341799999983, -23.750654699999931 ], [ -45.657165099999986, -23.750655499999933 ], [ -45.657031699999948, -23.750663299999935 ], [ -45.65655229999993, -23.750750199999963 ], [ -45.656317799999947, -23.750748499999922 ], [ -45.65621079999994, -23.750732699999958 ], [ -45.656142799999948, -23.751141299999972 ], [ -45.65609459999996, -23.751436799999961 ], [ -45.655980299999953, -23.751739499999921 ], [ -45.655905499999967, -23.75208009999994 ], [ -45.655603899999967, -23.752923199999941 ], [ -45.655507599999972, -23.753133899999956 ], [ -45.655282299999961, -23.753490599999967 ], [ -45.654855, -23.753908399999933 ], [ -45.6547753, -23.754131499999971 ], [ -45.654517399999975, -23.754124 ], [ -45.654165, -23.754113699999941 ], [ -45.653932499999947, -23.754305099999957 ], [ -45.6537307, -23.754424599999936 ], [ -45.653616799999952, -23.754492099999936 ], [ -45.653446199999969, -23.754848299999942 ], [ -45.653356699999961, -23.754987099999934 ], [ -45.653253, -23.755148199999951 ], [ -45.652848, -23.755489 ], [ -45.652544, -23.755851 ], [ -45.652400199999931, -23.756109399999957 ], [ -45.6523026, -23.756284799999953 ], [ -45.652246599999962, -23.756385399999925 ], [ -45.652043899999967, -23.756696599999945 ], [ -45.651947699999937, -23.756928599999977 ], [ -45.651915, -23.757007399999967 ], [ -45.65184, -23.75705819999996 ], [ -45.65158109999993, -23.757101299999931 ], [ -45.651315, -23.757064 ], [ -45.651283599999942, -23.757183899999966 ], [ -45.651169, -23.757587 ], [ -45.650961, -23.757963 ], [ -45.650506, -23.758238 ], [ -45.650198, -23.758375 ], [ -45.649915, -23.758638 ], [ -45.649652, -23.758878 ], [ -45.649378799999965, -23.75904649999995 ], [ -45.648892, -23.759131199999956 ], [ -45.648587, -23.759552 ], [ -45.648513, -23.759754499999932 ], [ -45.648404, -23.760053 ], [ -45.648566, -23.760381 ], [ -45.648753, -23.760721 ], [ -45.648964, -23.760925 ], [ -45.64899, -23.761243 ], [ -45.649078, -23.761413 ], [ -45.649189, -23.761549 ], [ -45.649511, -23.76182 ], [ -45.649918099999987, -23.761939299999938 ], [ -45.649138299999954, -23.762081499999965 ], [ -45.648730199999932, -23.762126699999946 ], [ -45.648361, -23.762222099999967 ], [ -45.648280599999964, -23.762229899999973 ], [ -45.648040399999964, -23.762306299999977 ], [ -45.647639799999986, -23.762461799999976 ], [ -45.647582899999982, -23.762694 ], [ -45.647533299999964, -23.762774699999973 ], [ -45.647545699999966, -23.762911199999952 ], [ -45.647446399999971, -23.763022799999938 ], [ -45.647446399999978, -23.76310969999998 ], [ -45.647359499999929, -23.763432299999987 ], [ -45.647322299999985, -23.763730099999972 ], [ -45.647316099999955, -23.763810799999938 ], [ -45.647458799999981, -23.764207799999951 ], [ -45.647514699999938, -23.764412599999954 ], [ -45.647465, -23.764617299999944 ], [ -45.647347099999934, -23.76468559999995 ], [ -45.646869399999957, -23.764846899999959 ], [ -45.646670899999954, -23.765132299999955 ], [ -45.646652299999971, -23.765200499999928 ], [ -45.646674399999945, -23.76533539999998 ], [ -45.646664699999974, -23.765541799999941 ], [ -45.646478499999951, -23.765814699999968 ], [ -45.646292399999936, -23.766050499999949 ], [ -45.646394899999954, -23.766664399999975 ], [ -45.646575, -23.766727 ], [ -45.6466377, -23.767214099999936 ], [ -45.646719799999971, -23.767626799999963 ], [ -45.64679289999998, -23.768169599999954 ], [ -45.64679979999994, -23.768371099999982 ], [ -45.645497099999936, -23.768426899999952 ], [ -45.64531419999998, -23.768430099999939 ], [ -45.645243799999946, -23.768436299999969 ], [ -45.644750899999963, -23.768454699999946 ], [ -45.644747299999949, -23.768422299999937 ], [ -45.644887499999989, -23.768332 ], [ -45.644701099999963, -23.768013699999987 ], [ -45.644487399999946, -23.767477299999943 ], [ -45.643964599999947, -23.766627099999948 ], [ -45.64423289999997, -23.766381599999931 ], [ -45.644282899999958, -23.766045199999947 ], [ -45.644296499999939, -23.765917899999977 ], [ -45.644423799999977, -23.765667899999983 ], [ -45.644551099999951, -23.765386 ], [ -45.644901199999943, -23.76524049999994 ], [ -45.645255799999973, -23.765135899999962 ], [ -45.645410299999988, -23.764935899999955 ], [ -45.645419399999973, -23.764549499999941 ], [ -45.645383099999947, -23.764208499999942 ], [ -45.645228499999973, -23.763881199999954 ], [ -45.645101199999949, -23.763590199999957 ], [ -45.644751099999951, -23.763517499999963 ], [ -45.644237399999959, -23.76352659999997 ], [ -45.643755499999934, -23.763567499999958 ], [ -45.643434699999951, -23.763573499999953 ], [ -45.642195399999927, -23.763747399999946 ], [ -45.642088, -23.763766399999952 ], [ -45.6419, -23.76388049999996 ], [ -45.641795799999954, -23.764011299999929 ], [ -45.641628599999933, -23.764012699999974 ], [ -45.641580599999941, -23.763950199999954 ], [ -45.641416799999945, -23.763737299999949 ], [ -45.641333, -23.763321 ], [ -45.640975699999963, -23.763217099999956 ], [ -45.640766, -23.763026 ], [ -45.640798699999948, -23.76270819999996 ], [ -45.641019299999982, -23.762381099999963 ], [ -45.641243, -23.761387 ], [ -45.641321, -23.760791 ], [ -45.641088199999956, -23.760283799999964 ], [ -45.640912, -23.7599 ], [ -45.640425, -23.759307 ], [ -45.640422, -23.758711 ], [ -45.639934, -23.758267 ], [ -45.63953, -23.758269 ], [ -45.638997699999948, -23.756787799999941 ], [ -45.638708399999985, -23.756811499999984 ], [ -45.638504199999943, -23.756805099999951 ], [ -45.638278299999968, -23.756751 ], [ -45.637820299999937, -23.756621 ], [ -45.637465399999947, -23.756487 ], [ -45.637043299999966, -23.756247599999945 ], [ -45.636505399999976, -23.755823499999977 ], [ -45.636204299999967, -23.755627499999939 ], [ -45.636194699999976, -23.75562129999998 ], [ -45.636166599999967, -23.755603 ], [ -45.635759299999961, -23.755337899999965 ], [ -45.635354799999959, -23.755091199999971 ], [ -45.635053099999936, -23.754801599999951 ], [ -45.634843899999971, -23.754575699999975 ], [ -45.634619099999959, -23.754349899999969 ], [ -45.634371599999952, -23.754095299999964 ], [ -45.634255, -23.753926 ], [ -45.634162, -23.753777399999926 ], [ -45.634129899999955, -23.75362849999993 ], [ -45.634159799999964, -23.753330299999956 ], [ -45.634196899999949, -23.753089 ], [ -45.634215399999967, -23.752855 ], [ -45.634164299999959, -23.752634799999957 ], [ -45.634065, -23.752395799999931 ], [ -45.634045399999941, -23.751990399999954 ], [ -45.634137099999975, -23.751870799999956 ], [ -45.634390199999984, -23.751662 ], [ -45.63452129999996, -23.751569299999971 ], [ -45.63458949999994, -23.751469699999966 ], [ -45.634582199999954, -23.7513848 ], [ -45.634534699999961, -23.751300099999987 ], [ -45.634411499999942, -23.751201299999934 ], [ -45.634295599999973, -23.751166499999947 ], [ -45.634028, -23.75103119999995 ], [ -45.633901099999946, -23.750955 ], [ -45.633677199999973, -23.750722 ], [ -45.633476399999957, -23.750588199999971 ], [ -45.633192799999968, -23.750384299999936 ], [ -45.63303639999998, -23.750284299999972 ], [ -45.632917799999973, -23.750138 ], [ -45.632829099999974, -23.749860099999967 ], [ -45.632766099999976, -23.749801699999974 ], [ -45.6325437, -23.749466599999959 ], [ -45.632339, -23.748952599999939 ], [ -45.632125299999984, -23.748573199999949 ], [ -45.63159909999996, -23.747914199999961 ], [ -45.631255299999971, -23.747438699999975 ], [ -45.631064299999935, -23.74668979999996 ], [ -45.631043799999929, -23.745905899999975 ], [ -45.631002299999977, -23.74563959999994 ], [ -45.630920599999975, -23.74537439999995 ], [ -45.63082849999995, -23.745199599999975 ], [ -45.630738, -23.74515569999993 ], [ -45.630591599999946, -23.745118299999941 ], [ -45.630293499999937, -23.745049399999974 ], [ -45.630261599999983, -23.745042 ], [ -45.630211299999985, -23.744998899999931 ], [ -45.630116299999948, -23.74482219999992 ], [ -45.630123599999941, -23.744704799999958 ], [ -45.630200399999978, -23.744572599999966 ], [ -45.630216599999983, -23.744454199999961 ], [ -45.630147499999971, -23.744376799999944 ], [ -45.630002099999963, -23.744332199999967 ], [ -45.629796099999965, -23.744348399999986 ], [ -45.629426399999943, -23.74459649999994 ], [ -45.62929319999995, -23.74465489999994 ], [ -45.629014799999929, -23.744712899999968 ], [ -45.628875799999946, -23.744769499999954 ], [ -45.62850549999996, -23.745095199999987 ], [ -45.628318699999966, -23.745224199999935 ], [ -45.628152, -23.745252899999969 ], [ -45.628010499999966, -23.74520919999998 ], [ -45.627957199999969, -23.74515259999998 ], [ -45.627877, -23.744990299999987 ], [ -45.62786859999995, -23.744885599999982 ], [ -45.627890399999956, -23.744723799999967 ], [ -45.627984899999944, -23.744571699999938 ], [ -45.628193599999982, -23.744111099999952 ], [ -45.628218499999946, -23.743971899999963 ], [ -45.628231599999935, -23.743443399999936 ], [ -45.628074499999968, -23.742804599999946 ], [ -45.627863, -23.742268899999942 ], [ -45.627736899999952, -23.741755499999954 ], [ -45.627717399999945, -23.7415741 ], [ -45.627753699999978, -23.741375199999943 ], [ -45.62781659999996, -23.741198799999946 ], [ -45.627952299999954, -23.741053799999971 ], [ -45.628333, -23.74085709999996 ], [ -45.628440599999976, -23.740772699999969 ], [ -45.628607099999947, -23.740508299999927 ], [ -45.628665599999977, -23.740238899999945 ], [ -45.628647199999932, -23.739466699999987 ], [ -45.628762799999947, -23.739221399999959 ], [ -45.629010599999965, -23.738926899999974 ], [ -45.629082299999936, -23.738727 ], [ -45.629083799999933, -23.738646599999971 ], [ -45.629056, -23.738581699999944 ], [ -45.628902499999988, -23.738471199999932 ], [ -45.628476, -23.738334699999943 ], [ -45.628126799999961, -23.738152799999963 ], [ -45.628017499999942, -23.738066499999956 ], [ -45.627843599999949, -23.737816099999982 ], [ -45.627746, -23.737718099999935 ], [ -45.627152299999977, -23.736672799999955 ], [ -45.626976699999943, -23.736281499999969 ], [ -45.626804199999988, -23.735492699999952 ], [ -45.62675379999996, -23.735343699999937 ], [ -45.626706499999955, -23.735329199999981 ], [ -45.626664799999958, -23.735259399999961 ], [ -45.626607599999943, -23.735208099999973 ], [ -45.626535899999965, -23.735200299999974 ], [ -45.62641549999995, -23.735245899999942 ], [ -45.626294599999945, -23.735409899999976 ], [ -45.62610559999996, -23.736092599999946 ], [ -45.625964599999982, -23.736362299999936 ], [ -45.625819799999938, -23.736456 ], [ -45.625666699999954, -23.736445699999926 ], [ -45.625380599999971, -23.736328599999972 ], [ -45.625224499999952, -23.736299399999954 ], [ -45.625127599999985, -23.736344099999943 ], [ -45.625085799999965, -23.736422799999964 ], [ -45.625053299999934, -23.736618 ], [ -45.625047299999956, -23.737006399999927 ], [ -45.624847099999954, -23.737403799999985 ], [ -45.624440199999981, -23.73786789999998 ], [ -45.624228699999946, -23.737959899999964 ], [ -45.623377299999966, -23.738014899999936 ], [ -45.623098299999988, -23.738151499999955 ], [ -45.622867599999957, -23.738337599999973 ], [ -45.622775099999956, -23.738466199999955 ], [ -45.622714899999949, -23.738612699999965 ], [ -45.622609899999929, -23.739022299999935 ], [ -45.622589499999954, -23.739276199999939 ], [ -45.622662599999956, -23.739792599999927 ], [ -45.622639399999969, -23.74005909999995 ], [ -45.622567699999934, -23.740256299999949 ], [ -45.622501299999961, -23.740315299999963 ], [ -45.622302599999955, -23.740420899999947 ], [ -45.622103499999987, -23.740442399999953 ], [ -45.62189779999995, -23.740317699999931 ], [ -45.621743, -23.740155799999972 ], [ -45.62160659999995, -23.739930499999971 ], [ -45.621465599999965, -23.739794699999941 ], [ -45.621318199999962, -23.739750099999977 ], [ -45.62089919999994, -23.739736399999977 ], [ -45.620640499999986, -23.739596599999977 ], [ -45.620342, -23.739340399999943 ], [ -45.620154499999963, -23.739125199999922 ], [ -45.619881499999963, -23.738869799999971 ], [ -45.619343799999967, -23.738443799999974 ], [ -45.619037299999952, -23.738157799999961 ], [ -45.618780399999935, -23.737991799999982 ], [ -45.6183511, -23.737867 ], [ -45.617782699999964, -23.73781149999996 ], [ -45.617623899999955, -23.737830199999969 ], [ -45.617481899999973, -23.737883199999938 ], [ -45.617388099999978, -23.737965699999958 ], [ -45.61738859999997, -23.738080399999944 ], [ -45.617442, -23.738179599999967 ], [ -45.617507099999948, -23.738248 ], [ -45.617928199999938, -23.738494699999936 ], [ -45.618176499999947, -23.738701399999965 ], [ -45.618320399999959, -23.738855299999965 ], [ -45.618344799999939, -23.739018699999967 ], [ -45.618317099999956, -23.739390899999943 ], [ -45.618421, -23.739582 ], [ -45.618708699999956, -23.739845499999941 ], [ -45.618903499999931, -23.740147299999943 ], [ -45.618963699999945, -23.740427899999919 ], [ -45.618961399999939, -23.740780199999964 ], [ -45.618913299999974, -23.740993599999964 ], [ -45.618475599999961, -23.741581499999928 ], [ -45.618444799999963, -23.741704499999972 ], [ -45.618477699999978, -23.741827199999925 ], [ -45.618665799999974, -23.742179599999936 ], [ -45.618660599999941, -23.742320499999948 ], [ -45.618617099999938, -23.742463399999959 ], [ -45.618538099999967, -23.742562199999952 ], [ -45.618190799999979, -23.742996199999933 ], [ -45.618168599999933, -23.743271799999942 ], [ -45.618191899999943, -23.743435099999946 ], [ -45.618162899999959, -23.743722499999944 ], [ -45.618187399999961, -23.743941899999982 ], [ -45.6182616, -23.744054499999944 ], [ -45.618601699999942, -23.744390899999935 ], [ -45.618639499999965, -23.744504599999967 ], [ -45.61866439999995, -23.744791699999954 ], [ -45.618832299999951, -23.745226399999982 ], [ -45.618934, -23.745368699999968 ], [ -45.619075899999984, -23.745485499999976 ], [ -45.619186, -23.745542899999972 ], [ -45.619517599999938, -23.74593 ], [ -45.619835199999962, -23.746071399999952 ], [ -45.620008799999944, -23.746064399999963 ], [ -45.620181299999956, -23.746027599999927 ], [ -45.62035659999998, -23.74594379999996 ], [ -45.620628099999983, -23.745886699999971 ], [ -45.620736199999953, -23.745923299999955 ], [ -45.620912299999929, -23.74602729999998 ], [ -45.621038099999964, -23.746205799999938 ], [ -45.62114, -23.746270299999942 ], [ -45.621184399999954, -23.746311799999948 ], [ -45.621619699999933, -23.746835599999947 ], [ -45.621720099999941, -23.747117 ], [ -45.622002, -23.747574699999962 ], [ -45.622070399999984, -23.747728 ], [ -45.622110099999929, -23.748018599999973 ], [ -45.622064799999983, -23.74820939999994 ], [ -45.621884299999984, -23.748422399999985 ], [ -45.621607799999943, -23.74867729999994 ], [ -45.621561099999951, -23.748762399999965 ], [ -45.621574399999986, -23.748861699999967 ], [ -45.621799, -23.749255499999933 ], [ -45.621781, -23.749392899999982 ], [ -45.621696099999951, -23.74962589999997 ], [ -45.621627499999931, -23.749876099999948 ], [ -45.621612899999938, -23.750076 ], [ -45.621629299999938, -23.750268799999962 ], [ -45.621679699999959, -23.750384099999952 ], [ -45.62173839999997, -23.750539199999931 ], [ -45.621826399999975, -23.750695099999966 ], [ -45.62194279999995, -23.750824699999949 ], [ -45.622065, -23.750934399999949 ], [ -45.622510099999943, -23.751256 ], [ -45.623219599999977, -23.751678499999969 ], [ -45.623395799999962, -23.751806099999953 ], [ -45.623666199999946, -23.752124699999968 ], [ -45.623808, -23.752437599999954 ], [ -45.623897499999941, -23.752891499999979 ], [ -45.623883, -23.753134599999949 ], [ -45.623759499999949, -23.75358489999995 ], [ -45.623553699999938, -23.75405 ], [ -45.623342099999945, -23.754322699999936 ], [ -45.623127799999963, -23.754444599999935 ], [ -45.622882799999957, -23.754514199999953 ], [ -45.622562799999976, -23.754507399999969 ], [ -45.621653099999953, -23.754291599999924 ], [ -45.621156399999961, -23.754257399999972 ], [ -45.620899, -23.754192499999924 ], [ -45.620669899999939, -23.754076899999959 ], [ -45.620361499999937, -23.75381439999995 ], [ -45.620072899999975, -23.753393799999966 ], [ -45.619953099999975, -23.753163899999944 ], [ -45.619692699999973, -23.752870499999972 ], [ -45.618784799999958, -23.75241619999996 ], [ -45.617947799999968, -23.75179 ], [ -45.6175042, -23.751564199999958 ], [ -45.616761599999961, -23.751418099999967 ], [ -45.616518699999979, -23.751303499999942 ], [ -45.616209499999968, -23.751059899999973 ], [ -45.616123899999934, -23.751021399999949 ], [ -45.616002199999961, -23.75101379999996 ], [ -45.61594649999995, -23.751072699999948 ], [ -45.61583319999994, -23.751379399999959 ], [ -45.615826, -23.751724399999947 ], [ -45.61588009999997, -23.751964499999925 ], [ -45.616013599999974, -23.752187899999971 ], [ -45.616302899999937, -23.752565199999928 ], [ -45.61642279999996, -23.752812299999949 ], [ -45.616478799999989, -23.753036899999923 ], [ -45.616480899999942, -23.753279899999935 ], [ -45.616434799999979, -23.753477899999965 ], [ -45.616303499999965, -23.753736699999926 ], [ -45.616123699999946, -23.753902699999969 ], [ -45.615838899999972, -23.754047499999967 ], [ -45.615582099999983, -23.754128899999955 ], [ -45.615083099999943, -23.754224799999967 ], [ -45.614759399999976, -23.754246 ], [ -45.613581599999975, -23.754194699999971 ], [ -45.612981699999978, -23.754306 ], [ -45.612979499999945, -23.754306399999955 ], [ -45.612636499999951, -23.75437 ], [ -45.612401899999952, -23.75435019999998 ], [ -45.611912699999948, -23.754251799999963 ], [ -45.611682099999946, -23.754252799999954 ], [ -45.611592, -23.754292899999943 ], [ -45.611586, -23.754471699999954 ], [ -45.611683299999989, -23.754707099999955 ], [ -45.611758, -23.755164699999959 ], [ -45.611710299999977, -23.755867599999924 ], [ -45.611731799999973, -23.756070799999975 ], [ -45.611835, -23.756313299999928 ], [ -45.612004799999966, -23.75652039999995 ], [ -45.612623699999972, -23.757086099999977 ], [ -45.613036799999975, -23.757714899999936 ], [ -45.613289399999985, -23.758007399999936 ], [ -45.613489199999947, -23.758144799999972 ], [ -45.614059499999939, -23.75836929999997 ], [ -45.614200499999981, -23.758524 ], [ -45.614546299999979, -23.759014899999954 ], [ -45.614752899999985, -23.759331099999944 ], [ -45.614818899999932, -23.759602699999952 ], [ -45.614978099999973, -23.760065499999939 ], [ -45.615283599999941, -23.760554699999943 ], [ -45.615451199999939, -23.760913499999965 ], [ -45.615527899999954, -23.760955699999954 ], [ -45.615612199999937, -23.76092639999996 ], [ -45.615894799999978, -23.760723 ], [ -45.61643209999994, -23.760404699999985 ], [ -45.616686199999954, -23.760184199999973 ], [ -45.616839899999952, -23.760109499999945 ], [ -45.616975199999956, -23.76009629999993 ], [ -45.617256199999979, -23.760152099999967 ], [ -45.617820299999948, -23.760343199999955 ], [ -45.618199, -23.760322699999961 ], [ -45.618367399999947, -23.760241599999972 ], [ -45.618632099999957, -23.760182699999966 ], [ -45.618898, -23.760174499999955 ], [ -45.619179899999949, -23.760221199999933 ], [ -45.619422899999961, -23.760361099999958 ], [ -45.619794599999985, -23.760727199999955 ], [ -45.620129699999957, -23.761220899999952 ], [ -45.620539, -23.761669 ], [ -45.621352599999973, -23.762298899999951 ], [ -45.621774699999953, -23.762740699999934 ], [ -45.622074299999952, -23.76300589999995 ], [ -45.622345799999948, -23.763143 ], [ -45.622877599999981, -23.763326099999965 ], [ -45.623131, -23.763372899999979 ], [ -45.624198899999961, -23.763412 ], [ -45.624712699999975, -23.763522799999979 ], [ -45.624928, -23.763613099999933 ], [ -45.625266, -23.763892699999928 ], [ -45.625427, -23.764108799999967 ], [ -45.62546679999997, -23.764234199999979 ], [ -45.625463699999962, -23.764402199999964 ], [ -45.625392699999963, -23.764533399999941 ], [ -45.625258799999983, -23.764648699999956 ], [ -45.62502869999998, -23.764754399999955 ], [ -45.624611199999947, -23.764883399999981 ], [ -45.624221899999959, -23.764948199999939 ], [ -45.623832599999957, -23.76500039999997 ], [ -45.623450399999967, -23.765108499999947 ], [ -45.62314259999993, -23.76519189999993 ], [ -45.622924, -23.7652308 ], [ -45.622623699999963, -23.765232899999948 ], [ -45.622446199999956, -23.765263399999977 ], [ -45.622316899999937, -23.765322599999937 ], [ -45.622138699999937, -23.765410099999936 ], [ -45.621975599999985, -23.76557419999995 ], [ -45.621911599999976, -23.765724399999957 ], [ -45.621780199999925, -23.766381599999935 ], [ -45.621505599999985, -23.767230799999925 ], [ -45.621520499999967, -23.767481799999938 ], [ -45.62162329999996, -23.767638599999934 ], [ -45.62176889999995, -23.767713899999936 ], [ -45.621925199999964, -23.767763799999965 ], [ -45.622137099999968, -23.767750299999932 ], [ -45.623064899999974, -23.76740969999997 ], [ -45.623327699999948, -23.767381499999935 ], [ -45.623560399999981, -23.767401299999953 ], [ -45.624064399999952, -23.767514899999984 ], [ -45.624994399999927, -23.767845399999945 ], [ -45.625540799999953, -23.768002099999936 ], [ -45.625788299999954, -23.768056199999926 ], [ -45.626075799999967, -23.768036099999964 ], [ -45.626389299999971, -23.767921899999976 ], [ -45.627159399999989, -23.767465399999935 ], [ -45.627851, -23.766981099999942 ], [ -45.62800459999994, -23.766883 ], [ -45.628147599999984, -23.766832699999959 ], [ -45.628304699999944, -23.766838399999987 ], [ -45.628468699999985, -23.766862099999972 ], [ -45.628565099999946, -23.766918599999943 ], [ -45.628665599999977, -23.767009399999953 ], [ -45.628820699999949, -23.767206599999941 ], [ -45.628908399999951, -23.767487099999986 ], [ -45.62890619999996, -23.768469 ], [ -45.628957599999978, -23.768754199999933 ], [ -45.629067299999974, -23.768904599999924 ], [ -45.629257499999937, -23.769073599999956 ], [ -45.629761499999972, -23.76937589999995 ], [ -45.630058499999961, -23.769717 ], [ -45.630294, -23.769911199999967 ], [ -45.630908699999971, -23.770183199999973 ], [ -45.631070499999964, -23.770299099999928 ], [ -45.631147, -23.770353899999964 ], [ -45.631655299999977, -23.770942499999933 ], [ -45.632106499999971, -23.771306499999987 ], [ -45.632260299999984, -23.77145489999997 ], [ -45.632348399999955, -23.771601699999962 ], [ -45.632388299999946, -23.771745199999945 ], [ -45.632392399999965, -23.771977299999953 ], [ -45.632346299999938, -23.772380299999945 ], [ -45.632279799999935, -23.772639799999983 ], [ -45.632273099999971, -23.772888199999954 ], [ -45.632369599999954, -23.773347599999969 ], [ -45.632393199999967, -23.773573299999949 ], [ -45.632393699999959, -23.77366 ], [ -45.632380499999954, -23.77378559999994 ], [ -45.632317299999954, -23.773893299999948 ], [ -45.632263599999931, -23.773968499999967 ], [ -45.632106399999941, -23.774121799999936 ], [ -45.631476, -23.774671699999942 ], [ -45.63131379999993, -23.77481779999993 ], [ -45.631214299999954, -23.774942799999955 ], [ -45.63118129999998, -23.775013399999981 ], [ -45.631185499999958, -23.775079299999959 ], [ -45.631242599999958, -23.775126099999962 ], [ -45.63137839999996, -23.775196 ], [ -45.631549499999942, -23.775266599999956 ], [ -45.63193449999995, -23.775518899999938 ], [ -45.632031899999959, -23.775564499999973 ], [ -45.632149799999979, -23.77558839999995 ], [ -45.632885299999941, -23.775480599999973 ], [ -45.633162199999958, -23.775498499999969 ], [ -45.633402399999966, -23.775447799999938 ], [ -45.633598199999938, -23.775347699999948 ], [ -45.634053599999959, -23.774948399999978 ], [ -45.635070399999961, -23.77475 ], [ -45.635651099999961, -23.774482099999933 ], [ -45.636049, -23.7743657 ], [ -45.636443799999938, -23.774413799999923 ], [ -45.636694499999983, -23.774512099999985 ], [ -45.637090199999925, -23.774758799999979 ], [ -45.63804829999998, -23.775610199999964 ], [ -45.638921699999969, -23.776176599999943 ], [ -45.639123, -23.77641779999993 ], [ -45.639282199999975, -23.77684529999992 ], [ -45.639342499999948, -23.777349 ], [ -45.639602, -23.778224899999948 ], [ -45.639689699999963, -23.778902899999935 ], [ -45.639701099999975, -23.779415899999943 ], [ -45.639674599999978, -23.779615599999946 ], [ -45.639600699999967, -23.779760399999923 ], [ -45.639287599999932, -23.78016 ], [ -45.63917559999993, -23.780343 ], [ -45.639136399999984, -23.78055 ], [ -45.639122799999939, -23.780793899999935 ], [ -45.639130699999953, -23.780986199999962 ], [ -45.639129799999978, -23.781220199999954 ], [ -45.63912629999993, -23.781501099999964 ], [ -45.639104299999985, -23.781613199999981 ], [ -45.639032199999981, -23.781721 ], [ -45.638913, -23.781833399999989 ], [ -45.638816399999939, -23.781921799999953 ], [ -45.6388171, -23.782069799999931 ], [ -45.638820199999948, -23.782697 ], [ -45.638820499999952, -23.782752799999965 ], [ -45.64050119999996, -23.783315499999958 ], [ -45.641378, -23.783876199999948 ], [ -45.641401799999983, -23.783751899999974 ], [ -45.641429499999965, -23.783623899999942 ], [ -45.641435399999978, -23.783423899999949 ], [ -45.641355299999937, -23.783314099999934 ], [ -45.641251099999977, -23.78324449999997 ], [ -45.641138899999937, -23.783171299999932 ], [ -45.641066899999949, -23.783098099999961 ], [ -45.64103079999996, -23.783010499999932 ], [ -45.640966799999944, -23.782908199999948 ], [ -45.640950699999962, -23.782817 ], [ -45.64090669999996, -23.782718399999961 ], [ -45.640838799999983, -23.782641899999931 ], [ -45.640790799999934, -23.782525299999978 ], [ -45.64074949999997, -23.78237439999997 ], [ -45.640673899999967, -23.782275699999946 ], [ -45.640638099999933, -23.782188199999943 ], [ -45.640602299999955, -23.782093299999936 ], [ -45.640626199999986, -23.781976799999946 ], [ -45.640642099999972, -23.781893 ], [ -45.640697799999948, -23.781831099999966 ], [ -45.640793299999984, -23.781751 ], [ -45.640872899999977, -23.781667199999958 ], [ -45.640948599999945, -23.78161259999996 ], [ -45.641028199999937, -23.781536 ], [ -45.641012299999943, -23.781455899999973 ], [ -45.640995499999974, -23.781363699999929 ], [ -45.641099199999985, -23.781250799999945 ], [ -45.641191, -23.781185299999951 ], [ -45.641250899999932, -23.781068799999957 ], [ -45.641331099999945, -23.780948499999965 ], [ -45.641319, -23.780809899999948 ], [ -45.641274799999955, -23.780718699999973 ], [ -45.641298699999936, -23.780547 ], [ -45.641302699999983, -23.780426599999931 ], [ -45.641310699999963, -23.780302699999936 ], [ -45.64137079999994, -23.780178699999965 ], [ -45.641466799999932, -23.780094799999969 ], [ -45.641498899999931, -23.779957199999963 ], [ -45.641546299999966, -23.779719699999927 ], [ -45.641601699999967, -23.779548 ], [ -45.641661499999948, -23.779438599999942 ], [ -45.641693399999951, -23.779365599999956 ], [ -45.641596799999945, -23.779263299999961 ], [ -45.641596599999957, -23.779161199999987 ], [ -45.641592499999945, -23.779051899999956 ], [ -45.641544299999964, -23.778938899999961 ], [ -45.641540199999959, -23.77885879999997 ], [ -45.641536099999939, -23.778771399999979 ], [ -45.641636299999959, -23.778727599999968 ], [ -45.641780699999977, -23.778687199999979 ], [ -45.641925399999927, -23.7786796 ], [ -45.642082199999955, -23.778730499999934 ], [ -45.642218699999937, -23.778829 ], [ -45.642347199999961, -23.778935 ], [ -45.642459699999961, -23.77888009999997 ], [ -45.642479799999933, -23.778788599999938 ], [ -45.64242349999995, -23.778671699999961 ], [ -45.642411699999968, -23.77852259999997 ], [ -45.642327399999942, -23.778405399999947 ], [ -45.642267199999935, -23.778361499999974 ], [ -45.642197599999982, -23.778213299999948 ], [ -45.642365499999983, -23.778094599999974 ], [ -45.6426982, -23.777907599999946 ], [ -45.64311849999995, -23.777726299999987 ], [ -45.643603499999983, -23.777592399999957 ], [ -45.644211699999971, -23.777514399999973 ], [ -45.644819899999959, -23.777504599999929 ], [ -45.645399099999956, -23.777542199999967 ], [ -45.645965599999961, -23.777668699999939 ], [ -45.646441599999946, -23.777848499999944 ], [ -45.646389899999974, -23.777916699999942 ], [ -45.646386899999989, -23.778023299999962 ], [ -45.646403199999959, -23.778138799999951 ], [ -45.646413199999984, -23.778289799999978 ], [ -45.646451, -23.77845049999997 ], [ -45.646442899999954, -23.778589499999956 ], [ -45.646434899999974, -23.77871749999996 ], [ -45.646502799999958, -23.778831299999982 ], [ -45.646522799999957, -23.7789557 ], [ -45.646550699999977, -23.779032499999968 ], [ -45.646534699999968, -23.779091 ], [ -45.646410899999978, -23.779039799999968 ], [ -45.646346899999969, -23.779006899999953 ], [ -45.646307, -23.779058199999955 ], [ -45.646330899999953, -23.779113 ], [ -45.646382899999935, -23.779186099999947 ], [ -45.646382899999935, -23.77928489999994 ], [ -45.646375, -23.77935449999995 ], [ -45.646367099999971, -23.779446 ], [ -45.646397, -23.779515599999968 ], [ -45.646445, -23.779566799999948 ], [ -45.646521, -23.779607 ], [ -45.646577, -23.779661899999951 ], [ -45.646605, -23.779738699999946 ], [ -45.646681, -23.779753399999947 ], [ -45.646753, -23.779800899999941 ], [ -45.646872899999948, -23.779892399999934 ], [ -45.646996899999976, -23.779954599999929 ], [ -45.647116799999935, -23.779972799999936 ], [ -45.647160699999972, -23.779943499999941 ], [ -45.64732859999998, -23.779991 ], [ -45.647428599999955, -23.780056899999977 ], [ -45.647528599999937, -23.780086099999945 ], [ -45.647652499999943, -23.780100699999938 ], [ -45.647780499999946, -23.78013 ], [ -45.647892599999984, -23.780166699999928 ], [ -45.648004699999937, -23.780163099999982 ], [ -45.648052699999937, -23.780086299999944 ], [ -45.648120799999951, -23.780009399999987 ], [ -45.648100699999929, -23.779885 ], [ -45.648060399999963, -23.779786099999967 ], [ -45.647984199999946, -23.779723799999935 ], [ -45.647891899999934, -23.779643299999979 ], [ -45.647799799999973, -23.779577399999937 ], [ -45.647815599999944, -23.779526099999952 ], [ -45.647871699999946, -23.779515199999928 ], [ -45.647975899999949, -23.779551799999979 ], [ -45.648068099999932, -23.779614099999936 ], [ -45.648204399999941, -23.779606799999957 ], [ -45.648256199999942, -23.779515299999957 ], [ -45.648200099999947, -23.779409199999964 ], [ -45.648159899999939, -23.77934329999994 ], [ -45.648107799999941, -23.779284799999971 ], [ -45.648107699999969, -23.779218899999929 ], [ -45.648159799999981, -23.779167699999956 ], [ -45.648147899999977, -23.779112799999954 ], [ -45.648075899999988, -23.779072599999953 ], [ -45.648058299999946, -23.77900579999994 ], [ -45.6480064, -23.778929 ], [ -45.647945499999942, -23.778834899999936 ], [ -45.647967799999954, -23.778721499999957 ], [ -45.648128899999968, -23.778532399999964 ], [ -45.648413699999942, -23.778308699999975 ], [ -45.648782299999937, -23.778136399999934 ], [ -45.64923239999996, -23.777991499999921 ], [ -45.649810299999963, -23.777942499999934 ], [ -45.651397799999984, -23.778067099999923 ], [ -45.653385199999953, -23.778228799999965 ], [ -45.654875599999968, -23.778405 ], [ -45.656414799999936, -23.778715099999946 ], [ -45.658228699999931, -23.778973 ], [ -45.658281399999964, -23.779045 ], [ -45.658344499999941, -23.779152499999956 ], [ -45.658373199999971, -23.77923909999992 ], [ -45.65839079999995, -23.779338899999967 ], [ -45.658442599999944, -23.779433499999989 ], [ -45.658503099999969, -23.779546499999981 ], [ -45.658626799999986, -23.779625799999955 ], [ -45.658707299999939, -23.779770299999935 ], [ -45.658819399999977, -23.779909599999939 ], [ -45.658982899999955, -23.779980299999966 ], [ -45.659097599999939, -23.780053799999962 ], [ -45.659200799999958, -23.780135099999931 ], [ -45.659260899999943, -23.780182199999956 ], [ -45.659298099999951, -23.78023989999997 ], [ -45.659369599999934, -23.78032369999994 ], [ -45.659461099999923, -23.780433699999943 ], [ -45.659515599999963, -23.78052549999996 ], [ -45.659555699999942, -23.780592099999978 ], [ -45.659595899999943, -23.780649799999939 ], [ -45.659673099999956, -23.7807127 ], [ -45.659701899999952, -23.780767799999985 ], [ -45.659756099999981, -23.780801799999949 ], [ -45.659830499999948, -23.780872499999933 ], [ -45.659882099999948, -23.780948499999969 ], [ -45.659973299999933, -23.781039899999943 ], [ -45.660002099999986, -23.781118599999957 ], [ -45.6600476, -23.781168199999975 ], [ -45.659954099999943, -23.781148 ], [ -45.659871599999974, -23.78109869999998 ], [ -45.65984, -23.781054099999938 ], [ -45.659771799999938, -23.781088699999934 ], [ -45.65978639999998, -23.781167799999931 ], [ -45.659772299999986, -23.781262599999927 ], [ -45.659809699999983, -23.781315199999938 ], [ -45.659926499999983, -23.781280099999957 ], [ -45.659960499999954, -23.781277099999951 ], [ -45.659972599999946, -23.781361599999972 ], [ -45.659941599999968, -23.781456799999948 ], [ -45.659985699999936, -23.781630499999938 ], [ -45.659957099999986, -23.781717499999942 ], [ -45.65987679999995, -23.781762499999942 ], [ -45.659945799999946, -23.781843899999959 ], [ -45.659977399999946, -23.781946499999954 ], [ -45.660092399999947, -23.78204629999993 ], [ -45.660158399999936, -23.782085599999963 ], [ -45.660255899999981, -23.782127299999964 ], [ -45.660371399999981, -23.782209099999935 ], [ -45.660506299999959, -23.782272 ], [ -45.660583799999984, -23.78231929999998 ], [ -45.660684499999952, -23.782395599999962 ], [ -45.660790899999931, -23.782458899999945 ], [ -45.660796599999976, -23.782458799999961 ], [ -45.660902899999932, -23.78247459999994 ], [ -45.661035099999943, -23.782498199999971 ], [ -45.661115499999944, -23.782508699999941 ], [ -45.66116349999993, -23.78245029999994 ], [ -45.661245799999968, -23.782405099999941 ], [ -45.66137759999998, -23.782412899999947 ], [ -45.66144879999996, -23.782383799999923 ], [ -45.661592499999983, -23.782431099999947 ], [ -45.661595299999931, -23.782425799999942 ], [ -45.661654899999981, -23.782396799999969 ], [ -45.66172209999997, -23.782328 ], [ -45.661786299999967, -23.782259399999937 ], [ -45.661828, -23.782212099999981 ], [ -45.661911199999963, -23.782256599999982 ], [ -45.662042299999939, -23.78228 ], [ -45.662164799999971, -23.782303399999936 ], [ -45.662250699999959, -23.78234 ], [ -45.662339, -23.782353 ], [ -45.662374799999952, -23.782297799999974 ], [ -45.662399199999982, -23.782247899999959 ], [ -45.662418399999979, -23.78221379999998 ], [ -45.662445799999944, -23.782171899999984 ], [ -45.662471599999947, -23.782179699999968 ], [ -45.662456199999944, -23.782238499999952 ], [ -45.662499199999957, -23.782264599999966 ], [ -45.662556699999982, -23.782298499999968 ], [ -45.662645, -23.782332399999969 ], [ -45.662709899999989, -23.782350699999931 ], [ -45.662727699999948, -23.782405499999982 ], [ -45.662683199999947, -23.782429 ], [ -45.662647299999946, -23.782473499999981 ], [ -45.662626, -23.782546899999939 ], [ -45.662635799999983, -23.78262819999998 ], [ -45.662650599999942, -23.782709499999957 ], [ -45.66266209999997, -23.782775 ], [ -45.662707399999931, -23.782814199999965 ], [ -45.662766899999951, -23.782848 ], [ -45.662795199999948, -23.782876699999971 ], [ -45.662837699999947, -23.782929 ], [ -45.662874399999964, -23.782957599999982 ], [ -45.662928, -23.782988799999941 ], [ -45.662968399999954, -23.783026099999972 ], [ -45.662999799999966, -23.783104499999972 ], [ -45.662988599999942, -23.783149 ], [ -45.662917699999987, -23.783162199999936 ], [ -45.662866799999961, -23.783199 ], [ -45.662852699999974, -23.783261899999957 ], [ -45.662878399999947, -23.783316799999973 ], [ -45.662920899999961, -23.783355899999943 ], [ -45.662934899999982, -23.78341079999996 ], [ -45.662900799999925, -23.783429199999937 ], [ -45.66285449999998, -23.783471 ], [ -45.662814499999968, -23.783531299999936 ], [ -45.662734199999925, -23.783549499999939 ], [ -45.662682499999953, -23.783559699999952 ], [ -45.662599199999931, -23.783583099999923 ], [ -45.662567599999932, -23.783659199999931 ], [ -45.662636599999985, -23.783727499999937 ], [ -45.662765799999939, -23.783714599999936 ], [ -45.662695099999951, -23.783814599999971 ], [ -45.662646699999982, -23.783890899999957 ], [ -45.662626799999941, -23.783967099999931 ], [ -45.662635399999942, -23.78407459999994 ], [ -45.662669799999946, -23.784176899999974 ], [ -45.662702699999954, -23.784259799999973 ], [ -45.662711299999955, -23.784343699999958 ], [ -45.662725699999953, -23.784404099999971 ], [ -45.66274, -23.784477499999987 ], [ -45.662748599999929, -23.784551 ], [ -45.662754299999968, -23.784593099999945 ], [ -45.662745, -23.784682199999956 ], [ -45.662713099999962, -23.784776699999956 ], [ -45.662761799999949, -23.784868699999951 ], [ -45.662813499999977, -23.784944899999967 ], [ -45.662856599999941, -23.785013099999961 ], [ -45.662902599999931, -23.785078799999951 ], [ -45.662962899999968, -23.785128599999947 ], [ -45.663034699999969, -23.785191599999958 ], [ -45.663100699999973, -23.785254499999958 ], [ -45.663155199999956, -23.785304299999947 ], [ -45.663207599999964, -23.785343799999975 ], [ -45.663270699999941, -23.78538049999997 ], [ -45.663328299999932, -23.785380399999955 ], [ -45.66337429999993, -23.785364599999983 ], [ -45.663420199999962, -23.785359199999952 ], [ -45.66348609999995, -23.785406399999935 ], [ -45.663552099999947, -23.785435099999983 ], [ -45.663612199999925, -23.785479699999943 ], [ -45.663681, -23.785516299999983 ], [ -45.663766899999985, -23.785531799999948 ], [ -45.66384979999998, -23.785552599999964 ], [ -45.663924199999947, -23.785576 ], [ -45.664015599999971, -23.785596799999954 ], [ -45.664075799999978, -23.785628299999935 ], [ -45.664173099999971, -23.785651799999979 ], [ -45.664244599999961, -23.78567279999994 ], [ -45.664364699999972, -23.785696299999938 ], [ -45.664442, -23.785714599999949 ], [ -45.664564899999959, -23.785745899999934 ], [ -45.664656599999944, -23.78578 ], [ -45.664756899999929, -23.785803699999978 ], [ -45.664828599999964, -23.785814199999944 ], [ -45.664903199999976, -23.785827399999967 ], [ -45.665003899999931, -23.785861699999938 ], [ -45.665098499999949, -23.785867 ], [ -45.665178699999956, -23.78585389999995 ], [ -45.665233799999953, -23.785898699999954 ], [ -45.665236699999987, -23.785896099999938 ], [ -45.665286, -23.785935799999947 ], [ -45.665348499999936, -23.78586989999997 ], [ -45.665500599999973, -23.785849 ], [ -45.665595299999957, -23.785833299999975 ], [ -45.665719699999961, -23.785883499999951 ], [ -45.66578949999996, -23.785925899999928 ], [ -45.665931399999977, -23.785950099999987 ], [ -45.666038199999946, -23.785934199999936 ], [ -45.666164499999979, -23.78588689999998 ], [ -45.666210299999932, -23.785839599999967 ], [ -45.6662846, -23.785734599999955 ], [ -45.666402599999969, -23.785663499999934 ], [ -45.666448799999962, -23.785561 ], [ -45.666480499999977, -23.785424199999966 ], [ -45.666633899999972, -23.785392199999929 ], [ -45.666665399999943, -23.78527919999993 ], [ -45.66657639999994, -23.78525889999997 ], [ -45.666541699999982, -23.785201 ], [ -45.6665503, -23.785130099999947 ], [ -45.666639799999977, -23.785111699999955 ], [ -45.66659059999995, -23.785025 ], [ -45.666561699999932, -23.784922599999955 ], [ -45.666552899999942, -23.784804399999924 ], [ -45.666515299999951, -23.784709899999939 ], [ -45.666469199999938, -23.784669499999946 ], [ -45.666411599999947, -23.78458009999996 ], [ -45.66637129999998, -23.784467199999938 ], [ -45.66625629999993, -23.784409199999963 ], [ -45.666135599999969, -23.784359199999983 ], [ -45.666038, -23.784290899999977 ], [ -45.665920499999963, -23.784201699999983 ], [ -45.665811799999979, -23.78401 ], [ -45.665857599999988, -23.783916499999968 ], [ -45.665811799999972, -23.783843199999978 ], [ -45.665786, -23.783741299999971 ], [ -45.665783099999942, -23.783655 ], [ -45.665751599999965, -23.783542399999934 ], [ -45.665711499999929, -23.783516199999958 ], [ -45.665648599999948, -23.783495199999948 ], [ -45.665605599999935, -23.783414 ], [ -45.665565499999957, -23.783353799999936 ], [ -45.66556259999993, -23.783277899999963 ], [ -45.665614099999971, -23.783228099999977 ], [ -45.665665499999939, -23.783165099999962 ], [ -45.665639699999986, -23.783086499999964 ], [ -45.665572399999974, -23.783039299999931 ], [ -45.665512599999943, -23.783007799999965 ], [ -45.665435799999962, -23.782986799999957 ], [ -45.66538179999997, -23.782952699999964 ], [ -45.665361799999971, -23.782900299999927 ], [ -45.665412899999978, -23.782850599999957 ], [ -45.66548389999997, -23.782821899999934 ], [ -45.665520899999933, -23.782772099999931 ], [ -45.665623399999959, -23.782761599999958 ], [ -45.665683299999955, -23.782724899999948 ], [ -45.665666099999953, -23.782667199999931 ], [ -45.665577599999949, -23.782617499999958 ], [ -45.665537699999959, -23.782583399999968 ], [ -45.665568899999982, -23.782538799999941 ], [ -45.665538, -23.78248879999996 ], [ -45.665483699999982, -23.782449399999958 ], [ -45.665435099999975, -23.782397 ], [ -45.665369399999975, -23.782339299999929 ], [ -45.665349299999946, -23.782247599999948 ], [ -45.665329099999951, -23.782163799999978 ], [ -45.665266299999985, -23.782074799999972 ], [ -45.665246199999949, -23.781990899999983 ], [ -45.665188899999976, -23.781899299999971 ], [ -45.665134599999938, -23.781831199999935 ], [ -45.664968499999922, -23.781682599999954 ], [ -45.664911299999979, -23.781625 ], [ -45.66480259999998, -23.781517599999972 ], [ -45.664756699999948, -23.781402499999963 ], [ -45.664702299999924, -23.78127419999992 ], [ -45.664625, -23.781193099999939 ], [ -45.664522, -23.781088399999931 ], [ -45.66440189999998, -23.780949699999947 ], [ -45.664299, -23.780858199999955 ], [ -45.664233399999944, -23.78064789999997 ], [ -45.66415029999996, -23.780509199999976 ], [ -45.664014099999974, -23.780373799999957 ], [ -45.663904399999979, -23.780192199999931 ], [ -45.663877799999966, -23.780027099999931 ], [ -45.663806699999952, -23.779899599999958 ], [ -45.663809599999979, -23.779799399999952 ], [ -45.663857099999966, -23.779663799999977 ], [ -45.663889799999936, -23.779525299999932 ], [ -45.663927699999938, -23.779416099999938 ], [ -45.663961699999966, -23.779299599999941 ], [ -45.663984399999947, -23.779196 ], [ -45.664049599999942, -23.779076599999932 ], [ -45.664078, -23.778985799999933 ], [ -45.664225599999952, -23.778866299999947 ], [ -45.664302099999929, -23.778775399999976 ], [ -45.664412699999957, -23.77867939999993 ], [ -45.66447229999995, -23.778606799999977 ], [ -45.664551699999947, -23.778513299999936 ], [ -45.664639699999952, -23.778438 ], [ -45.664779, -23.778330199999964 ], [ -45.664893099999972, -23.778219699999969 ], [ -45.665061499999979, -23.778080099999961 ], [ -45.665222, -23.777947799999946 ], [ -45.665398499999981, -23.777822899999933 ], [ -45.665542899999942, -23.777698 ], [ -45.665775599999968, -23.777507 ], [ -45.665928, -23.777382099999958 ], [ -45.666104599999983, -23.777249899999966 ], [ -45.666224899999968, -23.777132399999971 ], [ -45.666384099999966, -23.777034 ], [ -45.66652849999997, -23.776945899999927 ], [ -45.66668089999996, -23.776865 ], [ -45.666889599999934, -23.776725399999975 ], [ -45.667034, -23.776615199999981 ], [ -45.667218499999926, -23.776512399999945 ], [ -45.667403, -23.776409499999932 ], [ -45.667635699999948, -23.776262499999987 ], [ -45.667868399999975, -23.776167 ], [ -45.668109099999988, -23.776064099999921 ], [ -45.668333799999971, -23.775990499999985 ], [ -45.668534399999942, -23.775909699999939 ], [ -45.668823299999985, -23.775799399999983 ], [ -45.669144399999936, -23.775718599999948 ], [ -45.669385099999943, -23.775637699999947 ], [ -45.669641899999938, -23.775534799999939 ], [ -45.669882599999937, -23.775483399999931 ], [ -45.670083199999965, -23.775417299999955 ], [ -45.670291799999973, -23.77533649999998 ], [ -45.670588799999962, -23.775255499999954 ], [ -45.670837599999977, -23.775203899999962 ], [ -45.671126499999957, -23.775130399999966 ], [ -45.671391399999948, -23.775086199999976 ], [ -45.671656099999943, -23.774998099999955 ], [ -45.671840599999939, -23.774961299999973 ], [ -45.672049299999969, -23.774946599999964 ], [ -45.672282099999961, -23.774895 ], [ -45.672451299999977, -23.774860599999961 ], [ -45.672595699999938, -23.774831199999944 ], [ -45.672756199999981, -23.774801799999977 ], [ -45.672972899999934, -23.774787 ], [ -45.673093299999941, -23.774765 ], [ -45.673285899999939, -23.77475759999993 ], [ -45.673502599999949, -23.774713399999946 ], [ -45.673703199999977, -23.774706 ], [ -45.673887799999939, -23.774691199999957 ], [ -45.674104499999942, -23.774669099999983 ], [ -45.674345199999948, -23.774654399999974 ], [ -45.674626099999955, -23.774624899999928 ], [ -45.67480269999993, -23.774610199999934 ], [ -45.674971199999966, -23.774595399999946 ], [ -45.675155799999978, -23.774588 ], [ -45.67531629999997, -23.774565899999967 ], [ -45.675517, -23.774565799999941 ], [ -45.675717599999984, -23.774551099999936 ], [ -45.675878099999977, -23.774558399999936 ], [ -45.676094799999937, -23.774543599999951 ], [ -45.676247299999936, -23.774558199999948 ], [ -45.676435, -23.774550799999925 ], [ -45.676611499999979, -23.774550799999929 ], [ -45.676756, -23.77454339999997 ], [ -45.676940599999966, -23.774536 ], [ -45.677117099999982, -23.774535899999947 ], [ -45.677325799999949, -23.774535799999963 ], [ -45.67750239999998, -23.774550499999982 ], [ -45.677679, -23.77455039999996 ], [ -45.677871599999946, -23.774535599999986 ], [ -45.678104299999973, -23.774550199999965 ], [ -45.678321, -23.774542799999946 ], [ -45.678497599999965, -23.774550099999949 ], [ -45.67865, -23.774557399999932 ], [ -45.678802399999945, -23.774542599999958 ], [ -45.67895469999997, -23.774549799999932 ], [ -45.679147199999939, -23.774571799999933 ], [ -45.679355799999939, -23.774557 ], [ -45.679556399999974, -23.774564299999952 ], [ -45.679797199999932, -23.774593599999935 ], [ -45.679983599999957, -23.774625699999945 ], [ -45.680176199999948, -23.774640299999934 ], [ -45.68036879999994, -23.774647499999965 ], [ -45.680553299999985, -23.77466949999997 ], [ -45.680753899999957, -23.774662099999944 ], [ -45.680978599999946, -23.774669299999978 ], [ -45.681179199999981, -23.774676599999964 ], [ -45.681315599999948, -23.774698599999962 ], [ -45.681500199999959, -23.774705799999936 ], [ -45.681676699999969, -23.774727799999933 ], [ -45.681829099999959, -23.774742399999976 ], [ -45.682053799999956, -23.774757 ], [ -45.682230399999987, -23.774793699999975 ], [ -45.682374899999964, -23.774815699999973 ], [ -45.682567599999977, -23.774852399999922 ], [ -45.682744199999938, -23.774889 ], [ -45.682952899999975, -23.774933099999934 ], [ -45.683121399999955, -23.774933 ], [ -45.683274, -23.77498439999993 ], [ -45.683466699999947, -23.775013699999921 ], [ -45.683611199999973, -23.775065099999942 ], [ -45.683715599999971, -23.775109099999955 ], [ -45.683876199999986, -23.77513839999995 ], [ -45.684044499999978, -23.775175 ], [ -45.684244799999931, -23.775233499999956 ], [ -45.684453099999985, -23.775306799999949 ], [ -45.684653, -23.775423899999957 ], [ -45.684820199999933, -23.775562799999928 ], [ -45.68482819999997, -23.775680199999961 ], [ -45.684689, -23.775855699999962 ], [ -45.684680799999967, -23.775995299999973 ], [ -45.684688699999988, -23.776208099999963 ], [ -45.684728499999956, -23.776406299999952 ], [ -45.684728499999956, -23.776597 ], [ -45.684835499999956, -23.776678199999935 ], [ -45.684843599999965, -23.776854299999968 ], [ -45.684851599999945, -23.777015599999967 ], [ -45.684859699999954, -23.777140299999925 ], [ -45.684868, -23.777265099999962 ], [ -45.684844399999974, -23.777382599999946 ], [ -45.684844699999985, -23.777536699999935 ], [ -45.684844899999973, -23.777690899999985 ], [ -45.684869099999958, -23.77785229999996 ], [ -45.684901599999932, -23.777992 ], [ -45.684835099999923, -23.77804309999993 ], [ -45.684751299999959, -23.778030499999939 ], [ -45.68472, -23.778119799999963 ], [ -45.68480359999996, -23.778173899999967 ], [ -45.68484889999997, -23.778237599999954 ], [ -45.684876699999961, -23.778320399999927 ], [ -45.684901099999934, -23.778381 ], [ -45.684862799999962, -23.778422499999984 ], [ -45.684876699999961, -23.778486199999971 ], [ -45.684949899999943, -23.778518 ], [ -45.685054399999956, -23.778540099999933 ], [ -45.685169299999984, -23.778552699999988 ], [ -45.685319, -23.778539599999924 ], [ -45.685413, -23.778516799999974 ], [ -45.685499899999968, -23.778548499999935 ], [ -45.685597399999949, -23.778637599999957 ], [ -45.685666899999937, -23.778650099999933 ], [ -45.685757099999933, -23.778637 ], [ -45.685837, -23.778646199999972 ], [ -45.685909899999956, -23.77867469999995 ], [ -45.68599329999995, -23.778709599999964 ], [ -45.686097599999982, -23.778732 ], [ -45.686167299999973, -23.778763899999937 ], [ -45.686267, -23.778781299999938 ], [ -45.68634, -23.778787599999937 ], [ -45.686475599999937, -23.778765 ], [ -45.686590199999962, -23.778761599999942 ], [ -45.686684, -23.778710399999959 ], [ -45.686760399999969, -23.778665599999943 ], [ -45.686843599999975, -23.778605099999929 ], [ -45.686954699999951, -23.778570299999945 ], [ -45.68707969999997, -23.778532199999969 ], [ -45.687180299999973, -23.77850669999998 ], [ -45.687246199999947, -23.778481099999976 ], [ -45.687298, -23.778436399999979 ], [ -45.687436299999945, -23.778359699999953 ], [ -45.68748769999997, -23.778292699999945 ], [ -45.68756, -23.778241699999967 ], [ -45.68771959999998, -23.778257699999987 ], [ -45.687876099999983, -23.778264199999974 ], [ -45.687959299999932, -23.778241899999955 ], [ -45.6881494, -23.778180399999933 ], [ -45.688246399999969, -23.778196199999961 ], [ -45.688336399999969, -23.778208799999955 ], [ -45.688433499999981, -23.778237399999963 ], [ -45.688510099999981, -23.778275699999945 ], [ -45.688624699999934, -23.778314 ], [ -45.688817699999959, -23.778372599999955 ], [ -45.688873199999932, -23.778423399999941 ], [ -45.688925299999937, -23.778471 ], [ -45.689022199999954, -23.778502599999953 ], [ -45.689084599999951, -23.778543799999966 ], [ -45.689164299999952, -23.778597499999933 ], [ -45.689247399999942, -23.77865769999995 ], [ -45.689306299999942, -23.778708399999971 ], [ -45.689365299999963, -23.778781299999931 ], [ -45.689451899999945, -23.778847899999949 ], [ -45.689500599999981, -23.778911399999966 ], [ -45.689542499999959, -23.778978199999983 ], [ -45.689580299999932, -23.779053799999925 ], [ -45.689615099999976, -23.779123699999957 ], [ -45.689694899999949, -23.779193499999959 ], [ -45.689715899999953, -23.779266599999968 ], [ -45.689702199999942, -23.779339899999965 ], [ -45.68976459999994, -23.77936189999998 ], [ -45.689858, -23.77939339999995 ], [ -45.689913599999961, -23.779469499999948 ], [ -45.689982799999932, -23.779507399999943 ], [ -45.689976199999933, -23.779593499999979 ], [ -45.689993799999968, -23.779679399999964 ], [ -45.689904099999985, -23.779730899999958 ], [ -45.689921599999927, -23.779823299999972 ], [ -45.689992899999943, -23.779917699999938 ], [ -45.690027599999958, -23.779981299999967 ], [ -45.690093599999955, -23.780047899999953 ], [ -45.690173199999947, -23.780123499999949 ], [ -45.690245699999942, -23.780167299999974 ], [ -45.690307899999944, -23.780242899999962 ], [ -45.690380399999988, -23.780343799999965 ], [ -45.690460399999949, -23.780426199999962 ], [ -45.690488199999947, -23.780505299999959 ], [ -45.690502099999954, -23.780600399999965 ], [ -45.69046059999993, -23.780692699999982 ], [ -45.690436499999976, -23.78082 ], [ -45.690471199999941, -23.780921599999932 ], [ -45.690460899999948, -23.781048899999984 ], [ -45.690440199999962, -23.78115709999997 ], [ -45.690426299999956, -23.781230399999966 ], [ -45.690360399999975, -23.781281899999954 ], [ -45.690337199999938, -23.781363199999937 ], [ -45.690368399999954, -23.781452299999948 ], [ -45.690427599999971, -23.781544499999946 ], [ -45.690500699999973, -23.78162709999998 ], [ -45.690521499999932, -23.78169709999997 ], [ -45.69050059999995, -23.781811899999983 ], [ -45.690545899999961, -23.781900799999956 ], [ -45.69057719999995, -23.78198029999993 ], [ -45.690639799999985, -23.7820311 ], [ -45.690692, -23.782078799999962 ], [ -45.69077549999998, -23.782123199999958 ], [ -45.690852, -23.782151599999967 ], [ -45.690918, -23.782170599999976 ], [ -45.690942399999983, -23.782245099999955 ], [ -45.691039699999976, -23.782324599999974 ], [ -45.691102299999962, -23.78237229999996 ], [ -45.69118229999998, -23.782381699999974 ], [ -45.691313899999962, -23.782349399999926 ], [ -45.691435299999974, -23.782406399999964 ], [ -45.69153259999996, -23.782457299999979 ], [ -45.691598599999963, -23.782479499999965 ], [ -45.691692399999965, -23.782508099999973 ], [ -45.691793099999984, -23.782523899999934 ], [ -45.691883199999957, -23.782527 ], [ -45.692001299999959, -23.782552399999936 ], [ -45.692091199999936, -23.782552199999945 ], [ -45.69215429999997, -23.782612799999981 ], [ -45.692286399999944, -23.782678399999963 ], [ -45.692449599999982, -23.782703699999967 ], [ -45.692613, -23.782735399999982 ], [ -45.692727299999945, -23.782694 ], [ -45.692827799999975, -23.782678099999941 ], [ -45.692924799999965, -23.782649399999965 ], [ -45.693035699999939, -23.782636699999951 ], [ -45.693202299999939, -23.782633399999956 ], [ -45.693306699999944, -23.782649199999984 ], [ -45.693413899999946, -23.782626899999968 ], [ -45.693542199999968, -23.782617399999932 ], [ -45.693639899999937, -23.782617299999959 ], [ -45.6937334, -23.782585499999982 ], [ -45.693802399999981, -23.782553699999944 ], [ -45.693867699999942, -23.782515599999954 ], [ -45.693975, -23.782480599999928 ], [ -45.694059299999935, -23.782499599999934 ], [ -45.694230199999929, -23.782556399999979 ], [ -45.694386399999985, -23.782505399999934 ], [ -45.694528799999944, -23.782467199999921 ], [ -45.694650599999932, -23.782476699999958 ], [ -45.694814099999974, -23.782448099999957 ], [ -45.694935899999962, -23.782425899999961 ], [ -45.694956299999951, -23.782362199999955 ], [ -45.695000599999958, -23.782260299999962 ], [ -45.695090299999947, -23.782193599999967 ], [ -45.695212199999958, -23.782158599999953 ], [ -45.695288799999958, -23.782120399999947 ], [ -45.695316399999967, -23.782056899999937 ], [ -45.695347399999953, -23.781974299999948 ], [ -45.695353199999943, -23.781888799999933 ], [ -45.695362599999953, -23.781812899999974 ], [ -45.69534909999993, -23.781756899999948 ], [ -45.695366199999967, -23.781693399999938 ], [ -45.695449599999968, -23.781665 ], [ -45.69552589999995, -23.781582599999982 ], [ -45.695560399999984, -23.781516 ], [ -45.695556299999971, -23.781417699999967 ], [ -45.695614799999923, -23.781328899999956 ], [ -45.695673699999986, -23.78124659999996 ], [ -45.695742899999971, -23.781173699999954 ], [ -45.695796899999948, -23.781142 ], [ -45.695907699999964, -23.781084799999977 ], [ -45.695987299999963, -23.780996 ], [ -45.696064099999944, -23.78091859999995 ], [ -45.696109099999937, -23.780867899999983 ], [ -45.696161, -23.780810899999949 ], [ -45.696226799999977, -23.780766599999929 ], [ -45.696313399999958, -23.780741199999973 ], [ -45.696410599999986, -23.780760299999947 ], [ -45.696511399999956, -23.780744499999976 ], [ -45.696598299999955, -23.780674599999937 ], [ -45.696723299999974, -23.780521499999967 ], [ -45.69676149999998, -23.780477 ], [ -45.696824199999973, -23.780400599999957 ], [ -45.696845, -23.780337 ], [ -45.696796199999937, -23.780260699999928 ], [ -45.69686059999998, -23.780152099999956 ], [ -45.696822299999951, -23.780082199999981 ], [ -45.696756199999982, -23.77999919999996 ], [ -45.696679599999975, -23.779894 ], [ -45.696589299999971, -23.779792 ], [ -45.696540699999964, -23.779738 ], [ -45.696492099999951, -23.779642899999939 ], [ -45.696443499999937, -23.779573099999936 ], [ -45.69637419999998, -23.7795 ], [ -45.696318599999984, -23.779411199999977 ], [ -45.69627, -23.779316 ], [ -45.696207599999987, -23.779262099999976 ], [ -45.696166, -23.779185899999963 ], [ -45.696103599999965, -23.779116199999986 ], [ -45.69605839999997, -23.779030499999969 ], [ -45.696054599999968, -23.778932099999967 ], [ -45.696127199999978, -23.778903399999933 ], [ -45.696127, -23.778814399999934 ], [ -45.696026499999967, -23.778763699999953 ], [ -45.695946799999945, -23.778709799999938 ], [ -45.695808199999938, -23.778614799999954 ], [ -45.695756, -23.77851 ], [ -45.695645099999979, -23.778408599999981 ], [ -45.69549139999998, -23.77826169999998 ], [ -45.69534589999995, -23.778153699999965 ], [ -45.695210599999946, -23.777995199999967 ], [ -45.695103299999971, -23.777906399999949 ], [ -45.69502, -23.777792299999916 ], [ -45.695002199999983, -23.777684299999972 ], [ -45.694953299999952, -23.777554099999968 ], [ -45.694890599999958, -23.777443 ], [ -45.694819299999949, -23.777282199999949 ], [ -45.694742799999972, -23.777161599999943 ], [ -45.694662799999954, -23.777031499999971 ], [ -45.69461739999997, -23.77693 ], [ -45.694554599999947, -23.776812499999949 ], [ -45.694443699999972, -23.776761699999945 ], [ -45.69431869999994, -23.776698199999952 ], [ -45.69397969999995, -23.776759799999983 ], [ -45.693845499999959, -23.776750899999971 ], [ -45.693765699999979, -23.776735 ], [ -45.693738799999949, -23.776364799999943 ], [ -45.693762499999934, -23.776289499999955 ], [ -45.693825799999956, -23.776126799999936 ], [ -45.693923499999983, -23.775934899999978 ], [ -45.694050499999946, -23.775747799999984 ], [ -45.69420869999994, -23.775556299999952 ], [ -45.694986599999943, -23.774929199999974 ], [ -45.697040399999935, -23.773945 ], [ -45.698529299999961, -23.773223799999979 ], [ -45.699626399999943, -23.772813899999964 ], [ -45.700366199999969, -23.77273 ], [ -45.701344699999936, -23.772660199999955 ], [ -45.702195599999982, -23.772869399999934 ], [ -45.702238199999961, -23.772949799999946 ], [ -45.702246899999977, -23.773038099999958 ], [ -45.70227529999994, -23.773116099999971 ], [ -45.702303899999947, -23.773204499999963 ], [ -45.702369199999957, -23.773259 ], [ -45.702442899999937, -23.773297799999959 ], [ -45.70249, -23.773352599999946 ], [ -45.702524099999948, -23.773399299999941 ], [ -45.702552499999967, -23.77346679999993 ], [ -45.702589399999965, -23.773516099999942 ], [ -45.70255839999993, -23.773591599999971 ], [ -45.702507399999945, -23.773594399999968 ], [ -45.702439299999973, -23.773558299999941 ], [ -45.702399699999944, -23.773597399999968 ], [ -45.702422499999955, -23.773654599999922 ], [ -45.702445199999943, -23.77371189999997 ], [ -45.702485099999933, -23.773795099999973 ], [ -45.702519199999976, -23.773852299999938 ], [ -45.70253629999997, -23.77392769999993 ], [ -45.702508, -23.773998 ], [ -45.702437, -23.774026799999952 ], [ -45.702366, -23.77399309999992 ], [ -45.702285199999956, -23.773981299999946 ], [ -45.70225709999994, -23.774108799999972 ], [ -45.7022487, -23.77419209999994 ], [ -45.702345299999934, -23.77422579999995 ], [ -45.702353899999935, -23.774298699999978 ], [ -45.702396699999952, -23.774395 ], [ -45.70252169999997, -23.774459899999954 ], [ -45.702640899999949, -23.774493499999956 ], [ -45.702745899999968, -23.77450889999994 ], [ -45.702808099999977, -23.774464499999958 ], [ -45.702890099999941, -23.774422699999946 ], [ -45.702969199999984, -23.774375799999969 ], [ -45.703005399999931, -23.774250799999944 ], [ -45.702940399999939, -23.774214499999974 ], [ -45.702849799999967, -23.774188699999964 ], [ -45.702784699999945, -23.77417059999993 ], [ -45.702787399999977, -23.774116 ], [ -45.702801399999942, -23.774082099999944 ], [ -45.702815, -23.774017 ], [ -45.702857299999948, -23.774027299999933 ], [ -45.702913699999961, -23.774048 ], [ -45.702961799999969, -23.774084299999977 ], [ -45.703029199999953, -23.774105399999943 ], [ -45.703091499999964, -23.774139199999972 ], [ -45.703159699999958, -23.774183199999982 ], [ -45.703264899999965, -23.774219499999965 ], [ -45.703378499999985, -23.774229799999947 ], [ -45.703475099999928, -23.774237499999973 ], [ -45.703551699999934, -23.774229699999989 ], [ -45.703613699999948, -23.774172599999925 ], [ -45.703661299999965, -23.774110399999916 ], [ -45.703708899999981, -23.774050799999941 ], [ -45.703798899999981, -23.773993899999926 ], [ -45.703892599999961, -23.773999 ], [ -45.704000599999979, -23.774009199999959 ], [ -45.704079899999954, -23.773985799999927 ], [ -45.704116299999953, -23.77393149999995 ], [ -45.704121299999947, -23.773861599999979 ], [ -45.704174699999946, -23.77380729999993 ], [ -45.704268499999955, -23.773794199999934 ], [ -45.704343199999983, -23.77375579999995 ], [ -45.704442399999948, -23.773724699999939 ], [ -45.704469899999935, -23.773654699999955 ], [ -45.704537099999982, -23.773577099999951 ], [ -45.70462729999997, -23.773522699999948 ], [ -45.70468869999997, -23.773447699999956 ], [ -45.704710499999983, -23.773385799999971 ], [ -45.704743699999931, -23.773326499999946 ], [ -45.704831799999972, -23.773292699999956 ], [ -45.704917399999943, -23.773271699999949 ], [ -45.704980199999959, -23.773250799999964 ], [ -45.705091799999934, -23.773254699999942 ], [ -45.705199799999953, -23.773249499999963 ], [ -45.705267799999945, -23.773231299999964 ], [ -45.705321499999975, -23.77317429999993 ], [ -45.705335699999978, -23.77310429999995 ], [ -45.705307199999936, -23.773055099999965 ], [ -45.70536119999997, -23.773013599999967 ], [ -45.705429099999947, -23.772925399999959 ], [ -45.705439799999965, -23.772819299999984 ], [ -45.705418099999982, -23.772674099999961 ], [ -45.705503299999982, -23.772511 ], [ -45.705548799999974, -23.772376299999955 ], [ -45.705642699999949, -23.772186899999962 ], [ -45.705678, -23.772079 ], [ -45.705718899999965, -23.77198389999996 ], [ -45.705710799999963, -23.771875499999961 ], [ -45.70570649999997, -23.771780799999931 ], [ -45.705663799999968, -23.771730599999962 ], [ -45.705633799999937, -23.771645599999946 ], [ -45.705667399999989, -23.771567699999949 ], [ -45.705712099999971, -23.771506899999974 ], [ -45.70578629999995, -23.771442399999955 ], [ -45.705864399999939, -23.771401699999945 ], [ -45.705961099999961, -23.771384799999971 ], [ -45.706042799999985, -23.771354199999969 ], [ -45.706172899999963, -23.771316799999973 ], [ -45.706258399999967, -23.771293 ], [ -45.706373799999945, -23.771269299999972 ], [ -45.706449499999962, -23.771252599999968 ], [ -45.70652, -23.771228799999957 ], [ -45.706586899999934, -23.771222 ], [ -45.70667229999998, -23.771225299999958 ], [ -45.706768899999979, -23.771198099999935 ], [ -45.706872899999958, -23.771198 ], [ -45.706958399999962, -23.771214899999961 ], [ -45.707036499999958, -23.771238699999962 ], [ -45.707110899999975, -23.771252199999939 ], [ -45.707200099999966, -23.77126579999997 ], [ -45.707311699999934, -23.771269099999923 ], [ -45.707449299999951, -23.771282599999953 ], [ -45.707568299999942, -23.771286 ], [ -45.707672499999944, -23.771285899999949 ], [ -45.707743099999959, -23.771268899999942 ], [ -45.707813699999974, -23.771248399999926 ], [ -45.707876699999986, -23.771197399999945 ], [ -45.707924899999966, -23.771159899999923 ], [ -45.707999099999945, -23.771136099999982 ], [ -45.708065699999963, -23.771085099999922 ], [ -45.708139899999942, -23.771054499999941 ], [ -45.7082291, -23.771027199999931 ], [ -45.708289099999938, -23.77102 ], [ -45.708382, -23.771023399999933 ], [ -45.708445199999971, -23.771023299999968 ], [ -45.708515899999952, -23.771030099999969 ], [ -45.708593899999983, -23.7710097 ], [ -45.708649599999944, -23.770985799999959 ], [ -45.708712699999978, -23.770951799999978 ], [ -45.70877559999996, -23.770900799999932 ], [ -45.708834899999943, -23.770870099999964 ], [ -45.708916499999937, -23.770839499999969 ], [ -45.708990599999943, -23.770805499999941 ], [ -45.709049899999968, -23.77078169999993 ], [ -45.709146399999959, -23.770747599999943 ], [ -45.709250399999974, -23.770710199999936 ], [ -45.709324699999975, -23.770686399999921 ], [ -45.709417599999938, -23.770686299999966 ], [ -45.70951059999993, -23.770693 ], [ -45.70961489999997, -23.770709899999925 ], [ -45.709700599999962, -23.770730199999953 ], [ -45.709782899999936, -23.77077769999994 ], [ -45.709901799999955, -23.770804199999933 ], [ -45.709983399999942, -23.770756499999937 ], [ -45.710079899999982, -23.770732599999967 ], [ -45.7101914, -23.770715499999927 ], [ -45.710273099999938, -23.770705199999952 ], [ -45.710395799999958, -23.770708599999978 ], [ -45.710473799999932, -23.770708499999959 ], [ -45.710729799999974, -23.770790399999953 ], [ -45.710931499999965, -23.770849 ], [ -45.711023199999943, -23.770865699999945 ], [ -45.711160699999937, -23.7709202 ], [ -45.711353299999978, -23.770983 ], [ -45.711477, -23.77100809999996 ], [ -45.711582499999963, -23.771041599999929 ], [ -45.711669599999937, -23.771104499999986 ], [ -45.711802599999935, -23.77117149999998 ], [ -45.71187139999995, -23.771217599999943 ], [ -45.711940299999981, -23.771276399999973 ], [ -45.712036699999949, -23.771356099999931 ], [ -45.712128599999971, -23.771452599999968 ], [ -45.712188399999945, -23.771528199999977 ], [ -45.712239199999942, -23.771582399999943 ], [ -45.71231719999998, -23.771649499999963 ], [ -45.712413599999934, -23.77171659999993 ], [ -45.712528299999981, -23.771787899999939 ], [ -45.71265219999998, -23.7718508 ], [ -45.712776, -23.771888499999935 ], [ -45.712950399999961, -23.771905099999973 ], [ -45.713092499999966, -23.771863099999965 ], [ -45.713225399999942, -23.771791599999965 ], [ -45.713248199999953, -23.771695099999924 ], [ -45.713307699999973, -23.771632099999973 ], [ -45.713404499999974, -23.771622699999966 ], [ -45.713500799999963, -23.771639399999955 ], [ -45.713606299999981, -23.771693899999949 ], [ -45.713698, -23.771727399999971 ], [ -45.713817299999967, -23.771794499999938 ], [ -45.713936599999961, -23.771857399999938 ], [ -45.714120099999946, -23.771958099999964 ], [ -45.71431739999997, -23.772054599999933 ], [ -45.71448259999994, -23.772151099999967 ], [ -45.714634099999955, -23.772264399999983 ], [ -45.714785699999943, -23.77238189999996 ], [ -45.714836199999986, -23.772482699999951 ], [ -45.714882299999942, -23.77268 ], [ -45.714903199999981, -23.772819099999928 ], [ -45.715004199999953, -23.772949299999929 ], [ -45.715183299999978, -23.773066699999955 ], [ -45.715385099999935, -23.773095899999923 ], [ -45.715600599999959, -23.77300339999994 ], [ -45.715674, -23.772944599999956 ], [ -45.715797799999962, -23.772885699999957 ], [ -45.715898699999968, -23.772894 ], [ -45.716027099999963, -23.772940099999968 ], [ -45.716164699999979, -23.772977699999966 ], [ -45.716325099999949, -23.773019499999972 ], [ -45.71645349999995, -23.773086599999939 ], [ -45.716559, -23.773162 ], [ -45.716650799999968, -23.773229099999977 ], [ -45.716719699999942, -23.773317199999948 ], [ -45.716797799999938, -23.77344729999993 ], [ -45.71683, -23.773531299999952 ], [ -45.716734, -23.773636499999942 ], [ -45.716615899999965, -23.7736111 ], [ -45.716560899999934, -23.773669899999955 ], [ -45.716606799999965, -23.773787399999943 ], [ -45.716675699999946, -23.773846099999957 ], [ -45.716758399999954, -23.773955199999925 ], [ -45.716822699999966, -23.774093699999977 ], [ -45.716882399999974, -23.774215399999935 ], [ -45.716965099999989, -23.774374899999941 ], [ -45.717116599999947, -23.774496599999974 ], [ -45.717336799999948, -23.774601399999948 ], [ -45.717524799999985, -23.774634799999948 ], [ -45.717680799999982, -23.774630399999978 ], [ -45.717781699999932, -23.774559 ], [ -45.717933099999989, -23.774458299999928 ], [ -45.717978799999969, -23.77432389999996 ], [ -45.718038199999967, -23.774185299999946 ], [ -45.718074699999931, -23.774092899999967 ], [ -45.71815729999998, -23.77404659999997 ], [ -45.718239799999935, -23.774000399999984 ], [ -45.718354499999975, -23.774021299999959 ], [ -45.718487499999981, -23.77399609999998 ], [ -45.718446, -23.773882699999948 ], [ -45.718395299999948, -23.773761 ], [ -45.718399399999953, -23.773618299999953 ], [ -45.71842189999996, -23.773521799999976 ], [ -45.718458299999945, -23.773433699999941 ], [ -45.7185176, -23.773362299999963 ], [ -45.718595199999982, -23.773303599999966 ], [ -45.718695699999955, -23.773249 ], [ -45.718786799999982, -23.773177699999966 ], [ -45.718891699999972, -23.773119 ], [ -45.719016, -23.77307089999994 ], [ -45.719094, -23.773096 ], [ -45.719176599999976, -23.773108599999947 ], [ -45.71928649999996, -23.773079199999927 ], [ -45.719424, -23.773083299999939 ], [ -45.719579799999963, -23.773058 ], [ -45.719694299999958, -23.77303279999995 ], [ -45.719785599999973, -23.772978199999947 ], [ -45.719885699999963, -23.77289849999994 ], [ -45.720009499999946, -23.77289 ], [ -45.720165699999946, -23.772898299999955 ], [ -45.720224899999948, -23.77281869999997 ], [ -45.720283799999947, -23.772718099999956 ], [ -45.72034229999997, -23.772584 ], [ -45.720438099999967, -23.772525399999946 ], [ -45.720585599999943, -23.772546099999943 ], [ -45.720733, -23.772491399999975 ], [ -45.72088489999993, -23.772415799999965 ], [ -45.721013799999987, -23.772352699999935 ], [ -45.721159899999975, -23.772256199999969 ], [ -45.721263099999938, -23.772163599999956 ], [ -45.721262299999985, -23.772075399999952 ], [ -45.721325899999954, -23.771962199999948 ], [ -45.721422599999983, -23.771874199999971 ], [ -45.721519599999972, -23.771819699999977 ], [ -45.721649199999945, -23.771807099999929 ], [ -45.721690199999955, -23.771702199999943 ], [ -45.721717099999978, -23.771605699999959 ], [ -45.721706499999982, -23.771484299999933 ], [ -45.721732699999961, -23.771367099999967 ], [ -45.722503, -23.77111339999993 ], [ -45.725170699999985, -23.770310499999933 ], [ -45.726531799999975, -23.769955199999963 ], [ -45.728648599999985, -23.769402599999982 ], [ -45.729449699999975, -23.769255499999922 ], [ -45.732523499999964, -23.768691199999978 ], [ -45.735635699999932, -23.768255399999923 ], [ -45.736475899999959, -23.768137699999954 ], [ -45.736706699999957, -23.768107399999945 ], [ -45.740119299999954, -23.767659699999964 ], [ -45.743061099999977, -23.767546799999938 ], [ -45.745038099999931, -23.767747899999957 ] ] ], [ [ [ -45.685492, -23.768595 ], [ -45.685479, -23.768511 ], [ -45.685581, -23.768376 ], [ -45.685707, -23.768252 ], [ -45.685784, -23.768113 ], [ -45.685898, -23.768001 ], [ -45.685944, -23.767935 ], [ -45.685971, -23.767862 ], [ -45.685964, -23.767771 ], [ -45.685939, -23.767737 ], [ -45.685866, -23.767698 ], [ -45.685768, -23.767686 ], [ -45.685564, -23.767766 ], [ -45.685508, -23.76775 ], [ -45.685475, -23.76769 ], [ -45.68547, -23.767651 ], [ -45.685514, -23.767491 ], [ -45.685579, -23.767353 ], [ -45.685597, -23.767277 ], [ -45.685674, -23.767106 ], [ -45.685792, -23.76699 ], [ -45.685807, -23.766941 ], [ -45.685796, -23.766903 ], [ -45.685715, -23.766839 ], [ -45.685327, -23.766719 ], [ -45.685273, -23.766729 ], [ -45.685202, -23.766782 ], [ -45.68513, -23.766809 ], [ -45.685065, -23.766815 ], [ -45.685023, -23.766779 ], [ -45.684969, -23.766685 ], [ -45.684916, -23.766493 ], [ -45.684915, -23.766266 ], [ -45.684848, -23.766193 ], [ -45.684592, -23.766044 ], [ -45.684512, -23.76593 ], [ -45.684519, -23.765879 ], [ -45.684609, -23.765781 ], [ -45.684731, -23.765721 ], [ -45.684967, -23.765699 ], [ -45.685091, -23.765655 ], [ -45.685141, -23.76559 ], [ -45.685142, -23.765535 ], [ -45.685088, -23.765488 ], [ -45.684961, -23.765431 ], [ -45.684671, -23.765417 ], [ -45.684474, -23.765373 ], [ -45.684361, -23.765378 ], [ -45.684324, -23.765364 ], [ -45.684275, -23.765302 ], [ -45.684269, -23.76521 ], [ -45.684285, -23.765138 ], [ -45.684432, -23.764862 ], [ -45.684447, -23.764817 ], [ -45.684446, -23.764705 ], [ -45.684472, -23.764625 ], [ -45.684511, -23.764552 ], [ -45.684554, -23.764515 ], [ -45.684633, -23.764488 ], [ -45.684782, -23.764489 ], [ -45.684963, -23.764375 ], [ -45.685177, -23.764339 ], [ -45.685419, -23.764266 ], [ -45.685494, -23.76421 ], [ -45.68553, -23.764108 ], [ -45.685474, -23.763911 ], [ -45.685349, -23.763791 ], [ -45.685361, -23.76366 ], [ -45.685402, -23.763581 ], [ -45.685545, -23.763497 ], [ -45.685623, -23.763487 ], [ -45.685725, -23.763504 ], [ -45.685844, -23.763453 ], [ -45.68612, -23.763404 ], [ -45.686227, -23.763425 ], [ -45.6863, -23.763394 ], [ -45.686339, -23.76335 ], [ -45.686359, -23.763284 ], [ -45.686349, -23.76319 ], [ -45.686256, -23.762986 ], [ -45.686212, -23.762954 ], [ -45.686139, -23.762937 ], [ -45.685934, -23.762925 ], [ -45.685883, -23.762882 ], [ -45.685866, -23.762841 ], [ -45.685869, -23.762788 ], [ -45.685923, -23.762663 ], [ -45.686003, -23.762609 ], [ -45.686019, -23.762571 ], [ -45.68603, -23.762519 ], [ -45.686011, -23.762437 ], [ -45.686022, -23.762288 ], [ -45.686081, -23.762084 ], [ -45.686161, -23.761983 ], [ -45.686474, -23.761746 ], [ -45.686511, -23.761688 ], [ -45.686577, -23.76151 ], [ -45.68659, -23.761414 ], [ -45.686395, -23.760986 ], [ -45.686386, -23.760903 ], [ -45.686406, -23.76045 ], [ -45.686395, -23.760244 ], [ -45.686354, -23.760064 ], [ -45.686227, -23.7597 ], [ -45.6861, -23.759659 ], [ -45.68605, -23.759677 ], [ -45.685987, -23.759726 ], [ -45.685907, -23.759849 ], [ -45.685838, -23.760027 ], [ -45.685745, -23.760102 ], [ -45.685652, -23.7601 ], [ -45.685499, -23.760001 ], [ -45.685448, -23.759952 ], [ -45.68536, -23.75979 ], [ -45.685346, -23.75968 ], [ -45.685387, -23.75958 ], [ -45.685595, -23.759352 ], [ -45.685587, -23.759271 ], [ -45.685557, -23.759194 ], [ -45.685364, -23.758998 ], [ -45.685175, -23.758752 ], [ -45.685106, -23.758633 ], [ -45.685042, -23.758472 ], [ -45.684844, -23.758214 ], [ -45.684816, -23.758124 ], [ -45.684912, -23.758016 ], [ -45.684916, -23.757976 ], [ -45.684878, -23.757895 ], [ -45.684839, -23.757847 ], [ -45.684784, -23.757835 ], [ -45.684668, -23.757838 ], [ -45.684526, -23.757873 ], [ -45.68438, -23.757873 ], [ -45.684178, -23.757849 ], [ -45.684056, -23.757796 ], [ -45.683965, -23.757719 ], [ -45.683957, -23.757634 ], [ -45.684137, -23.757267 ], [ -45.684204, -23.756982 ], [ -45.684179, -23.756606 ], [ -45.684172, -23.756558 ], [ -45.684107, -23.756427 ], [ -45.683843, -23.756174 ], [ -45.683812, -23.756122 ], [ -45.683807, -23.756065 ], [ -45.683877, -23.755958 ], [ -45.684034, -23.755876 ], [ -45.68407, -23.755871 ], [ -45.684174, -23.755907 ], [ -45.684296, -23.75588 ], [ -45.684435, -23.755908 ], [ -45.684464, -23.755903 ], [ -45.684564, -23.75583 ], [ -45.684614, -23.755722 ], [ -45.684699, -23.755654 ], [ -45.684707, -23.755629 ], [ -45.684708, -23.755542 ], [ -45.684672, -23.755414 ], [ -45.684645, -23.7552 ], [ -45.684652, -23.755142 ], [ -45.684706, -23.755072 ], [ -45.684688, -23.754887 ], [ -45.684623, -23.754786 ], [ -45.684504, -23.754669 ], [ -45.684405, -23.754517 ], [ -45.684368, -23.75437 ], [ -45.684255, -23.754163 ], [ -45.684147, -23.753866 ], [ -45.683651099999963, -23.753874899999971 ], [ -45.683160099999952, -23.754056799999951 ], [ -45.683014599999979, -23.754275 ], [ -45.682996399999979, -23.754547699999939 ], [ -45.68297819999998, -23.755129699999934 ], [ -45.683050899999962, -23.756093499999967 ], [ -45.682796399999972, -23.756511699999965 ], [ -45.682741799999981, -23.75738459999997 ], [ -45.682796399999972, -23.757821 ], [ -45.682741799999974, -23.758894 ], [ -45.68276, -23.761058 ], [ -45.682609099999979, -23.762130799999969 ], [ -45.682832699999942, -23.762603699999939 ], [ -45.682869099999955, -23.766331599999948 ], [ -45.682523599999975, -23.766386199999943 ], [ -45.682432699999936, -23.766695299999984 ], [ -45.682469, -23.766931699999937 ], [ -45.682705399999968, -23.767259 ], [ -45.683282799999972, -23.767658 ], [ -45.683295299999941, -23.768127399999972 ], [ -45.683240699999949, -23.768266099999952 ], [ -45.683362399999965, -23.768339899999948 ], [ -45.683691499999952, -23.768547099999978 ], [ -45.685828899999933, -23.769551 ], [ -45.686022, -23.769323 ], [ -45.686081, -23.769124 ], [ -45.686071, -23.769043 ], [ -45.686011, -23.768953 ], [ -45.685869, -23.768797 ], [ -45.68574, -23.768705 ], [ -45.685609, -23.768677 ], [ -45.685512, -23.768616 ], [ -45.685492, -23.768595 ] ] ], [ [ [ -45.781626499999959, -23.764237099999953 ], [ -45.781730699999969, -23.764227 ], [ -45.781851499999959, -23.764231799999958 ], [ -45.782005099999935, -23.76423159999996 ], [ -45.782131199999988, -23.764231499999941 ], [ -45.782219, -23.764241399999936 ], [ -45.782317699999965, -23.764251299999948 ], [ -45.782394499999953, -23.764266299999974 ], [ -45.78252619999995, -23.764296199999929 ], [ -45.78261939999993, -23.764316199999943 ], [ -45.782767399999962, -23.7643361 ], [ -45.782871599999964, -23.764361 ], [ -45.782959299999959, -23.764376 ], [ -45.783063499999969, -23.764401 ], [ -45.783156799999972, -23.764436 ], [ -45.783261, -23.764486099999942 ], [ -45.783326899999963, -23.764521099999968 ], [ -45.783420099999944, -23.764561199999942 ], [ -45.783502399999975, -23.764616299999943 ], [ -45.783589799999959, -23.764656099999975 ], [ -45.783671799999979, -23.764706099999945 ], [ -45.78375379999995, -23.764761 ], [ -45.783803099999943, -23.764836099999975 ], [ -45.783863199999985, -23.764916199999952 ], [ -45.783901499999956, -23.76496619999995 ], [ -45.783928899999978, -23.765036299999974 ], [ -45.783923699999953, -23.765156799999946 ], [ -45.78391309999995, -23.765252199999964 ], [ -45.783774299999948, -23.765204099999949 ], [ -45.783675599999981, -23.765219299999956 ], [ -45.783582399999943, -23.765239599999969 ], [ -45.783538599999986, -23.7653 ], [ -45.783571599999959, -23.765370199999946 ], [ -45.783637499999948, -23.765460399999945 ], [ -45.783650299999977, -23.765503799999976 ], [ -45.783605, -23.765539899999958 ], [ -45.783614099999966, -23.765578699999935 ], [ -45.78365359999998, -23.765659 ], [ -45.783720199999948, -23.765708699999951 ], [ -45.783765599999988, -23.765741799999933 ], [ -45.783797899999968, -23.765830699999974 ], [ -45.783885799999958, -23.765888699999948 ], [ -45.783964499999968, -23.76590229999994 ], [ -45.784025, -23.765918799999948 ], [ -45.784109699999938, -23.765960099999962 ], [ -45.784167199999956, -23.76599589999995 ], [ -45.784185399999949, -23.766056799999944 ], [ -45.784200599999963, -23.766120499999957 ], [ -45.784249099999954, -23.766192399999973 ], [ -45.784312699999937, -23.76625329999996 ], [ -45.784358599999962, -23.766293299999965 ], [ -45.78441, -23.766343099999972 ], [ -45.784488599999975, -23.766390099999967 ], [ -45.784555199999943, -23.766423199999966 ], [ -45.784646, -23.766456299999959 ], [ -45.784727699999962, -23.766483899999972 ], [ -45.784767, -23.76650329999995 ], [ -45.784869799999967, -23.766511499999982 ], [ -45.784918299999958, -23.766539099999932 ], [ -45.784882099999948, -23.766600199999981 ], [ -45.784933599999931, -23.766650099999946 ], [ -45.785000199999956, -23.766683299999951 ], [ -45.785072799999966, -23.766680499999953 ], [ -45.785094, -23.766647199999966 ], [ -45.785130199999976, -23.7666111 ], [ -45.78518159999993, -23.76659439999997 ], [ -45.785274899999933, -23.766591699999925 ], [ -45.785363899999936, -23.766591699999935 ], [ -45.785441099999957, -23.766618899999976 ], [ -45.785488499999985, -23.766580799999936 ], [ -45.785518, -23.76649929999996 ], [ -45.785488099999959, -23.766412399999982 ], [ -45.7854761, -23.766330899999954 ], [ -45.7854344, -23.766249499999947 ], [ -45.785428299999978, -23.766157199999942 ], [ -45.785392499999944, -23.766065 ], [ -45.785392199999933, -23.765940199999932 ], [ -45.785386, -23.765837099999938 ], [ -45.785385899999937, -23.765755799999958 ], [ -45.785403499999973, -23.765685299999969 ], [ -45.785431499999966, -23.765624499999944 ], [ -45.785484, -23.765572199999944 ], [ -45.785550299999954, -23.765530299999963 ], [ -45.785605099999941, -23.765490499999938 ], [ -45.785669199999973, -23.765459 ], [ -45.785749199999941, -23.765419199999936 ], [ -45.78584079999996, -23.765387699999955 ], [ -45.785905, -23.765368699999961 ], [ -45.785953099999979, -23.765358199999973 ], [ -45.78602189999998, -23.765335099999962 ], [ -45.786079199999961, -23.765320299999932 ], [ -45.786166599999945, -23.765305499999954 ], [ -45.78625379999994, -23.765292799999941 ], [ -45.786327299999989, -23.765282199999948 ], [ -45.78639389999995, -23.765278 ], [ -45.78645129999996, -23.765275799999984 ], [ -45.786522399999967, -23.765273599999936 ], [ -45.786630299999956, -23.765273499999985 ], [ -45.786699099999964, -23.765275499999973 ], [ -45.786768, -23.765279599999932 ], [ -45.786836899999969, -23.765287899999979 ], [ -45.786905899999972, -23.76528779999995 ], [ -45.786961, -23.765292 ], [ -45.787022899999954, -23.765298199999965 ], [ -45.787089499999979, -23.765306499999944 ], [ -45.787126299999954, -23.765306499999948 ], [ -45.787194799999945, -23.765310099999954 ], [ -45.787267199999974, -23.765307499999938 ], [ -45.787361199999971, -23.765336099999946 ], [ -45.78751009999997, -23.765364599999945 ], [ -45.787627599999951, -23.76540029999995 ], [ -45.787768699999958, -23.765443099999967 ], [ -45.787909799999973, -23.765478799999979 ], [ -45.788037699999961, -23.765514499999941 ], [ -45.788149799999985, -23.765530599999973 ], [ -45.788274699999931, -23.765548099999933 ], [ -45.78836119999994, -23.765548 ], [ -45.788486099999943, -23.76557419999995 ], [ -45.788611, -23.765600499999945 ], [ -45.788696699999946, -23.765616199999961 ], [ -45.788764799999967, -23.765626699999938 ], [ -45.788912899999964, -23.765638399999936 ], [ -45.789030899999936, -23.765665299999966 ], [ -45.789138899999955, -23.765696599999956 ], [ -45.789271499999984, -23.76571 ], [ -45.789423799999959, -23.765741299999942 ], [ -45.789600599999972, -23.765790499999984 ], [ -45.789752799999974, -23.765835299999939 ], [ -45.78986569999995, -23.765853099999951 ], [ -45.790013, -23.76588889999994 ], [ -45.7901308, -23.765920199999986 ], [ -45.790278, -23.765969499999979 ], [ -45.790397899999967, -23.765986299999948 ], [ -45.790529699999979, -23.766020099999938 ], [ -45.790673799999979, -23.766050099999987 ], [ -45.790785, -23.766087699999957 ], [ -45.790813899999932, -23.766152 ], [ -45.790859099999977, -23.76626159999995 ], [ -45.790912599999956, -23.766352199999979 ], [ -45.790957799999944, -23.766454099999976 ], [ -45.790982399999955, -23.766563699999953 ], [ -45.791007099999945, -23.766635399999931 ], [ -45.79101119999995, -23.766760099999942 ], [ -45.791011199999957, -23.766865899999956 ], [ -45.790925199999954, -23.766915499999982 ], [ -45.790873699999963, -23.767021599999968 ], [ -45.790840899999985, -23.767116199999982 ], [ -45.790824499999985, -23.767188099999952 ], [ -45.790849199999968, -23.767237199999947 ], [ -45.790914899999962, -23.767233299999933 ], [ -45.79096009999995, -23.767293699999986 ], [ -45.790931399999984, -23.767380699999936 ], [ -45.79096839999994, -23.767482699999956 ], [ -45.791017699999934, -23.767554299999976 ], [ -45.791079799999977, -23.767618499999973 ], [ -45.791133499999944, -23.7676714 ], [ -45.791198699999946, -23.767686099999946 ], [ -45.79123629999998, -23.767742899999973 ], [ -45.791241599999971, -23.767834 ], [ -45.791303699999958, -23.767905799999937 ], [ -45.79139559999993, -23.767928099999942 ], [ -45.791469099999979, -23.767981899999938 ], [ -45.791489499999962, -23.768067599999927 ], [ -45.791529399999938, -23.768175699999976 ], [ -45.79160319999994, -23.768243099999943 ], [ -45.791662499999973, -23.768328599999958 ], [ -45.7917657, -23.768422899999972 ], [ -45.791858699999985, -23.768481099999974 ], [ -45.791883499999983, -23.76853059999997 ], [ -45.791961499999957, -23.768539199999953 ], [ -45.792048899999948, -23.768552099999962 ], [ -45.792118, -23.768642099999962 ], [ -45.792156399999953, -23.768716499999979 ], [ -45.792215399999975, -23.76878389999996 ], [ -45.792255099999977, -23.768887399999983 ], [ -45.79232879999995, -23.768954699999945 ], [ -45.792368499999952, -23.769031199999976 ], [ -45.792325099999978, -23.769116899999965 ], [ -45.792399099999955, -23.769206799999949 ], [ -45.792517399999944, -23.769260799999934 ], [ -45.792635399999945, -23.769274099999947 ], [ -45.792738799999938, -23.769301 ], [ -45.792816399999936, -23.769237699999962 ], [ -45.792894899999965, -23.769264599999929 ], [ -45.793012199999971, -23.769259799999922 ], [ -45.793158799999958, -23.769241499999971 ], [ -45.79329649999994, -23.769268299999961 ], [ -45.793385399999984, -23.769304299999931 ], [ -45.793524, -23.769317299999955 ], [ -45.793614099999964, -23.769310699999938 ], [ -45.793732399999953, -23.76932969999995 ], [ -45.793782199999946, -23.76939359999994 ], [ -45.7939, -23.769380599999977 ], [ -45.793981899999949, -23.76931 ], [ -45.794001399999956, -23.769246099999982 ], [ -45.793923399999983, -23.769221399999946 ], [ -45.793897099999981, -23.769137 ], [ -45.793973599999958, -23.769132199999945 ], [ -45.794055399999934, -23.769141499999943 ], [ -45.794149899999979, -23.769147699999952 ], [ -45.794281499999961, -23.769175899999933 ], [ -45.794405399999953, -23.769211199999969 ], [ -45.794546399999945, -23.769262599999934 ], [ -45.794632499999977, -23.76930179999993 ], [ -45.794675699999971, -23.769335099999971 ], [ -45.794745199999966, -23.769362299999944 ], [ -45.794798399999934, -23.769404599999969 ], [ -45.794874599999957, -23.769434799999949 ], [ -45.7949637, -23.769446799999969 ], [ -45.795020299999983, -23.769483099999952 ], [ -45.79507679999994, -23.769538399999924 ], [ -45.795123399999966, -23.769589699999987 ], [ -45.795203099999988, -23.769635 ], [ -45.795302799999952, -23.769686299999929 ], [ -45.795392499999934, -23.769725599999955 ], [ -45.795489, -23.769774 ], [ -45.795608799999975, -23.769807199999946 ], [ -45.79573529999994, -23.769837499999934 ], [ -45.795845199999981, -23.769864699999971 ], [ -45.795964799999979, -23.769864599999959 ], [ -45.79606129999997, -23.769864499999986 ], [ -45.796171099999981, -23.769825 ], [ -45.79624129999997, -23.769867499999972 ], [ -45.796398099999976, -23.769837 ], [ -45.796511399999986, -23.769773099999949 ], [ -45.796537699999931, -23.769675899999985 ], [ -45.796490799999958, -23.769587899999987 ], [ -45.796393299999977, -23.769521299999948 ], [ -45.796312499999942, -23.76943649999998 ], [ -45.79628839999998, -23.769336499999955 ], [ -45.796344599999948, -23.769233299999929 ], [ -45.796260599999989, -23.769154899999933 ], [ -45.7963, -23.76903359999995 ], [ -45.796375799999957, -23.768903299999977 ], [ -45.796428099999957, -23.768827699999967 ], [ -45.796451499999939, -23.768710899999974 ], [ -45.796550699999955, -23.768629 ], [ -45.796567199999977, -23.768619899999969 ], [ -45.796639699999957, -23.768541099999936 ], [ -45.796668799999964, -23.768426 ], [ -45.796764099999962, -23.768353199999968 ], [ -45.79682379999997, -23.768289 ], [ -45.796925199999976, -23.768267599999948 ], [ -45.797055499999942, -23.768248599999929 ], [ -45.797159599999937, -23.768191299999948 ], [ -45.797206599999981, -23.768184199999958 ], [ -45.797274499999951, -23.768217599999964 ], [ -45.797370899999976, -23.768215099999967 ], [ -45.797420399999957, -23.768193599999957 ], [ -45.797435599999972, -23.768124299999954 ], [ -45.797527299999963, -23.768149 ], [ -45.797648899999956, -23.768144799999952 ], [ -45.797687899999964, -23.767999399999944 ], [ -45.797709599999962, -23.767949099999946 ], [ -45.797780899999964, -23.767923899999968 ], [ -45.797890799999948, -23.767918699999949 ], [ -45.798038599999984, -23.767918499999951 ], [ -45.798213899999951, -23.767933299999982 ], [ -45.798290399999985, -23.767938199999932 ], [ -45.798328599999941, -23.767943199999937 ], [ -45.798394799999983, -23.768003399999937 ], [ -45.798467, -23.768103899999971 ], [ -45.798516899999989, -23.768164199999934 ], [ -45.798593499999981, -23.768199299999928 ], [ -45.798653799999947, -23.7682344 ], [ -45.798725199999971, -23.768289499999977 ], [ -45.798823499999976, -23.768339599999923 ], [ -45.798883699999976, -23.768374599999955 ], [ -45.798917599999974, -23.768441599999964 ], [ -45.798975299999938, -23.768502499999965 ], [ -45.799012, -23.768585499999958 ], [ -45.799027399999936, -23.768640899999983 ], [ -45.799066899999957, -23.768688 ], [ -45.799100399999986, -23.768726899999937 ], [ -45.799136899999951, -23.768762899999967 ], [ -45.79923059999993, -23.76877949999994 ], [ -45.799327099999971, -23.768832199999967 ], [ -45.799417399999975, -23.768879199999969 ], [ -45.799487, -23.768959499999948 ], [ -45.799532499999948, -23.769012 ], [ -45.799598899999978, -23.769072899999962 ], [ -45.799665499999939, -23.769150299999989 ], [ -45.799707599999977, -23.769177899999928 ], [ -45.799765099999945, -23.769247 ], [ -45.799816399999941, -23.769296699999916 ], [ -45.799906699999944, -23.769368299999947 ], [ -45.799973299999976, -23.769420899999943 ], [ -45.80002779999996, -23.769446499999962 ], [ -45.800107099999941, -23.769488599999935 ], [ -45.800223299999963, -23.769517499999942 ], [ -45.800294, -23.769543299999942 ], [ -45.800342199999932, -23.769564 ], [ -45.800444099999936, -23.769589699999983 ], [ -45.80052859999995, -23.769631399999977 ], [ -45.800668, -23.769685199999977 ], [ -45.800778099999945, -23.769693399999941 ], [ -45.800888099999959, -23.769707299999933 ], [ -45.801031799999983, -23.769732299999937 ], [ -45.801151099999963, -23.769732199999961 ], [ -45.801273499999986, -23.769732 ], [ -45.801377599999974, -23.769734699999965 ], [ -45.801506, -23.769768199999938 ], [ -45.80161, -23.769796 ], [ -45.801711, -23.769773499999932 ], [ -45.801775199999952, -23.769753799999926 ], [ -45.801857899999959, -23.769728599999947 ], [ -45.801946499999985, -23.769700499999946 ], [ -45.80202, -23.769711599999937 ], [ -45.802148399999965, -23.769694599999966 ], [ -45.802286299999935, -23.769702099999961 ], [ -45.802393099999961, -23.769769499999931 ], [ -45.802516099999941, -23.769761899999931 ], [ -45.80264729999994, -23.769761699999936 ], [ -45.802811099999985, -23.769739 ], [ -45.802892799999938, -23.76967889999997 ], [ -45.802999199999931, -23.769656299999951 ], [ -45.803114, -23.769678699999936 ], [ -45.803228899999958, -23.7697161 ], [ -45.803376599999979, -23.769768399999979 ], [ -45.803442299999979, -23.769783299999983 ], [ -45.803573899999947, -23.769828199999942 ], [ -45.803713699999946, -23.769843 ], [ -45.803911399999947, -23.769865299999939 ], [ -45.803993699999971, -23.769872699999951 ], [ -45.80410889999996, -23.769872599999928 ], [ -45.80419889999996, -23.769812399999982 ], [ -45.804256, -23.769669699999945 ], [ -45.804281099999969, -23.769556299999969 ], [ -45.804323099999976, -23.769421399999946 ], [ -45.804358, -23.769338 ], [ -45.804337, -23.769197099999939 ], [ -45.804315899999949, -23.769062699999942 ], [ -45.804249399999954, -23.768912599999968 ], [ -45.804280699999936, -23.768762399999961 ], [ -45.804259699999932, -23.768615699999938 ], [ -45.804294399999947, -23.768421 ], [ -45.804318699999946, -23.768299499999966 ], [ -45.804366499999965, -23.768137699999958 ], [ -45.804435799999965, -23.768023 ], [ -45.80448789999997, -23.767892 ], [ -45.80446319999993, -23.767760799999959 ], [ -45.804382799999985, -23.767655199999979 ], [ -45.804323299999965, -23.767498899999971 ], [ -45.804222099999954, -23.767437899999933 ], [ -45.804152, -23.767294199999981 ], [ -45.804120099999977, -23.76718539999996 ], [ -45.80412, -23.767060799999967 ], [ -45.804130399999963, -23.766977699999938 ], [ -45.804109299999944, -23.766885 ], [ -45.804042599999946, -23.766750699999932 ], [ -45.804028499999959, -23.766632299999966 ], [ -45.80401779999994, -23.766513699999962 ], [ -45.803961699999945, -23.766424 ], [ -45.803867, -23.766347199999938 ], [ -45.8038423, -23.766241399999956 ], [ -45.803835, -23.766116099999984 ], [ -45.80379279999994, -23.766019799999984 ], [ -45.803705099999952, -23.765968599999951 ], [ -45.80361749999998, -23.765923799999936 ], [ -45.803571799999986, -23.765862799999976 ], [ -45.803536599999973, -23.765801799999956 ], [ -45.803435099999952, -23.765795699999952 ], [ -45.803337299999953, -23.765837899999948 ], [ -45.803246799999954, -23.765918599999971 ], [ -45.803163299999937, -23.765992799999935 ], [ -45.803111299999955, -23.766031599999959 ], [ -45.803025699999985, -23.766003499999954 ], [ -45.80294559999993, -23.765945 ], [ -45.802428299999981, -23.76525 ], [ -45.801890299999968, -23.764523199999928 ], [ -45.8018077, -23.764266699999951 ], [ -45.801654399999968, -23.763796499999966 ], [ -45.801606299999946, -23.76334729999996 ], [ -45.801733699999943, -23.762940599999975 ], [ -45.801919299999952, -23.762448099999975 ], [ -45.802221699999961, -23.761955299999958 ], [ -45.802804199999962, -23.761322799999952 ], [ -45.803597199999956, -23.760743199999972 ], [ -45.805079399999954, -23.760044299999947 ], [ -45.80771139999996, -23.75910719999996 ], [ -45.812794099999962, -23.758185299999976 ], [ -45.813228, -23.758137299999937 ], [ -45.816278599999976, -23.757799499999972 ], [ -45.818429799999933, -23.757561299999956 ], [ -45.818647399999975, -23.757545599999961 ], [ -45.821429599999931, -23.757448899999925 ], [ -45.824164499999938, -23.757348199999964 ], [ -45.829061699999954, -23.757503499999931 ], [ -45.832892899999933, -23.757625 ], [ -45.841156299999966, -23.758084199999921 ], [ -45.842402299999947, -23.758196 ], [ -45.842179, -23.757979 ], [ -45.840007299999968, -23.755916299999967 ], [ -45.839037799999979, -23.754995399999924 ], [ -45.835146399999985, -23.751299299999971 ], [ -45.833669699999973, -23.749883899999926 ], [ -45.833601399999971, -23.749881199999944 ], [ -45.833195, -23.749861599999974 ], [ -45.83253, -23.749845699999987 ], [ -45.832349, -23.749796 ], [ -45.831369, -23.749753 ], [ -45.830387, -23.74971 ], [ -45.829405, -23.749666 ], [ -45.828247699999963, -23.749597099999963 ], [ -45.824498, -23.749374 ], [ -45.824223, -23.749364 ], [ -45.823928799999983, -23.749351599999951 ], [ -45.823406099999943, -23.749317399999946 ], [ -45.82249019999994, -23.74925949999993 ], [ -45.821729599999976, -23.749211599999967 ], [ -45.821634199999949, -23.748816099999939 ], [ -45.821272399999941, -23.747345799999948 ], [ -45.819618199999979, -23.740341599999965 ], [ -45.819195799999939, -23.740613099999958 ], [ -45.81827, -23.741586699999971 ], [ -45.818600099999969, -23.74196269999992 ], [ -45.817250499999943, -23.742791199999939 ], [ -45.8165863, -23.742583199999959 ], [ -45.815569799999935, -23.74265539999994 ], [ -45.815691599999987, -23.741657499999981 ], [ -45.8141131, -23.741449 ], [ -45.813305899999932, -23.74163069999998 ], [ -45.813394, -23.742415499999943 ], [ -45.813216499999953, -23.742632199999939 ], [ -45.813231599999938, -23.74559649999998 ], [ -45.813261799999971, -23.747904499999944 ], [ -45.813126, -23.754474099999978 ], [ -45.813143499999967, -23.755338499999947 ], [ -45.811487, -23.755497 ], [ -45.811058199999934, -23.755556399999932 ], [ -45.80744059999995, -23.756433199999957 ], [ -45.806460099999981, -23.756684299999961 ], [ -45.80613139999997, -23.756743399999959 ], [ -45.805771299999954, -23.756781499999931 ], [ -45.805477, -23.756688599999954 ], [ -45.805255299999949, -23.756608699999965 ], [ -45.804978299999959, -23.756483599999967 ], [ -45.804759099999956, -23.756348699999922 ], [ -45.802487299999946, -23.754871 ], [ -45.796470499999941, -23.750924499999936 ], [ -45.79580169999997, -23.750576299999981 ], [ -45.795493699999952, -23.750439499999977 ], [ -45.795312699999947, -23.750395899999944 ], [ -45.795175199999967, -23.750350399999949 ], [ -45.794956799999966, -23.750303699999961 ], [ -45.794644799999958, -23.750259099999923 ], [ -45.794214799999963, -23.750227499999948 ], [ -45.793802199999952, -23.750238299999971 ], [ -45.793505, -23.750262499999966 ], [ -45.793258399999957, -23.750302499999975 ], [ -45.791524199999969, -23.75064819999994 ], [ -45.790786, -23.750685899999947 ], [ -45.790319399999923, -23.750703299999934 ], [ -45.790028099999972, -23.750729099999948 ], [ -45.789875399999971, -23.750754599999933 ], [ -45.789668599999978, -23.750813899999972 ], [ -45.789559599999961, -23.750851299999965 ], [ -45.788941299999976, -23.751058 ], [ -45.788688899999961, -23.751160799999976 ], [ -45.788356499999963, -23.751243199999962 ], [ -45.787553499999945, -23.751424399999973 ], [ -45.78555769999997, -23.751808399999955 ], [ -45.785387, -23.751846399999973 ], [ -45.785367099999981, -23.754008499999941 ], [ -45.78538889999993, -23.760997299999925 ], [ -45.785297, -23.761049 ], [ -45.78524619999996, -23.761234699999932 ], [ -45.78523169999994, -23.761388699999941 ], [ -45.785227199999952, -23.761588899999929 ], [ -45.785250199999957, -23.761831399999938 ], [ -45.785314799999973, -23.762068799999945 ], [ -45.785336099999938, -23.762178799999955 ], [ -45.785319899999934, -23.762310499999948 ], [ -45.785280399999976, -23.762484 ], [ -45.7851912, -23.762644799999979 ], [ -45.785062599999947, -23.762751299999941 ], [ -45.784957399999939, -23.762821499999976 ], [ -45.784677099999953, -23.762841599999955 ], [ -45.784469, -23.762828099999982 ], [ -45.784117199999969, -23.762793599999942 ], [ -45.783807, -23.762749 ], [ -45.7833184, -23.762678 ], [ -45.783347799999952, -23.76022909999994 ], [ -45.783332699999967, -23.756895299999929 ], [ -45.783378, -23.756393699999926 ], [ -45.782427599999956, -23.756363499999971 ], [ -45.782397399999979, -23.757238499999961 ], [ -45.782367299999976, -23.759591699999934 ], [ -45.782388199999957, -23.761803599999958 ], [ -45.78238, -23.762511 ], [ -45.781886, -23.762417 ], [ -45.780917, -23.762214 ], [ -45.780561, -23.762097 ], [ -45.78030519999993, -23.761923499999963 ], [ -45.780269, -23.761816 ], [ -45.779605, -23.761345 ], [ -45.779086, -23.760813 ], [ -45.778686499999935, -23.760753299999966 ], [ -45.778837299999957, -23.761055 ], [ -45.778958, -23.76141709999996 ], [ -45.778973099999973, -23.761703699999956 ], [ -45.778912799999944, -23.761824399999973 ], [ -45.778882599999974, -23.762035499999975 ], [ -45.778973099999973, -23.762367399999945 ], [ -45.779154099999964, -23.762823699999956 ], [ -45.77924459999997, -23.763170699999929 ], [ -45.779199399999982, -23.763517699999962 ], [ -45.779274799999939, -23.763728899999926 ], [ -45.780334299999936, -23.764534099999935 ], [ -45.78042419999997, -23.764487699999957 ], [ -45.780513799999937, -23.764443799999984 ], [ -45.780601199999985, -23.764413699999981 ], [ -45.780726899999934, -23.764378599999922 ], [ -45.780825599999957, -23.764338299999967 ], [ -45.780935199999931, -23.764308099999937 ], [ -45.781055899999956, -23.764282899999955 ], [ -45.781160099999965, -23.764267799999981 ], [ -45.781319099999962, -23.764247499999961 ], [ -45.781401399999936, -23.764227399999978 ], [ -45.781516699999933, -23.764227199999947 ], [ -45.781626499999959, -23.764237099999953 ] ] ], [ [ [ -45.735388299999954, -23.742450499999954 ], [ -45.736022399999968, -23.742841399999975 ], [ -45.736335199999985, -23.742841399999975 ], [ -45.736361199999983, -23.743023799999953 ], [ -45.736500199999973, -23.743154099999966 ], [ -45.73664789999998, -23.743249699999978 ], [ -45.736899799999946, -23.743214899999948 ], [ -45.737256, -23.743219299999968 ], [ -45.737364599999978, -23.74303249999997 ], [ -45.737881499999958, -23.743102 ], [ -45.740568199999984, -23.745026499999948 ], [ -45.741773299999977, -23.742832899999947 ], [ -45.73951459999995, -23.741364599999947 ], [ -45.738367899999965, -23.740574 ], [ -45.737229899999924, -23.741703399999956 ], [ -45.735466399999943, -23.739540299999927 ], [ -45.734702, -23.741182099999943 ], [ -45.733633499999947, -23.741764199999974 ], [ -45.733120899999967, -23.741877099999957 ], [ -45.733112199999937, -23.742181199999944 ], [ -45.733755099999939, -23.742120299999939 ], [ -45.734055399999939, -23.742589899999924 ], [ -45.734513499999935, -23.742766199999956 ], [ -45.735388299999954, -23.742450499999954 ] ] ], [ [ [ -45.514377199999956, -23.840254399999932 ], [ -45.514326799999935, -23.840129 ], [ -45.514143599999947, -23.840100099999962 ], [ -45.513933, -23.839958399999947 ], [ -45.513717799999938, -23.839858699999976 ], [ -45.513530199999934, -23.839721299999962 ], [ -45.51332, -23.839647 ], [ -45.513211799999972, -23.839566099999953 ], [ -45.513211799999965, -23.839269399999989 ], [ -45.513211499999954, -23.839010099999935 ], [ -45.51315649999998, -23.838859699999958 ], [ -45.513136599999939, -23.838680899999925 ], [ -45.513017399999974, -23.838526399999989 ], [ -45.51286609999994, -23.838334299999929 ], [ -45.512655399999971, -23.838146499999937 ], [ -45.512481499999978, -23.837987899999977 ], [ -45.512339599999969, -23.837841899999937 ], [ -45.512170599999934, -23.83773239999994 ], [ -45.5120242, -23.837544799999936 ], [ -45.511896099999944, -23.837398699999937 ], [ -45.511758799999939, -23.837302799999975 ], [ -45.511694699999964, -23.837127399999936 ], [ -45.5115024, -23.836968799999966 ], [ -45.51127809999997, -23.836831099999976 ], [ -45.511155, -23.83671469999997 ], [ -45.511099899999977, -23.836535 ], [ -45.511085799999933, -23.836200499999965 ], [ -45.511112899999944, -23.835995399999945 ], [ -45.511107799999934, -23.835681499999968 ], [ -45.511066099999937, -23.835367 ], [ -45.511065599999945, -23.835090799999936 ], [ -45.5111017, -23.834818699999975 ], [ -45.511128699999972, -23.834559199999951 ], [ -45.511160299999972, -23.834308 ], [ -45.511201, -23.834061199999947 ], [ -45.511282699999981, -23.833696899999964 ], [ -45.51136, -23.83344569999997 ], [ -45.511414699999932, -23.833290799999933 ], [ -45.51147839999993, -23.833118199999948 ], [ -45.511537699999963, -23.832984199999935 ], [ -45.511601599999949, -23.83286279999993 ], [ -45.51165629999997, -23.83274549999992 ], [ -45.51171549999998, -23.832624 ], [ -45.511770199999944, -23.832515099999981 ], [ -45.51186609999997, -23.832397799999971 ], [ -45.511952699999945, -23.832309699999939 ], [ -45.512007199999971, -23.832209199999969 ], [ -45.512084699999946, -23.832125399999939 ], [ -45.512194, -23.832037299999971 ], [ -45.512302899999952, -23.83193259999997 ], [ -45.51239829999998, -23.831861499999935 ], [ -45.512479899999953, -23.831790299999962 ], [ -45.51256159999997, -23.831723399999927 ], [ -45.512661399999956, -23.831677399999926 ], [ -45.51276119999995, -23.831618899999981 ], [ -45.51284759999993, -23.831606299999983 ], [ -45.512984399999937, -23.831627 ], [ -45.513107899999966, -23.831651799999985 ], [ -45.513152799999943, -23.831593399999971 ], [ -45.513224799999939, -23.831522499999959 ], [ -45.51334769999994, -23.831522399999987 ], [ -45.513470399999953, -23.831518099999986 ], [ -45.513605299999945, -23.831536799999981 ], [ -45.513774299999966, -23.831599 ], [ -45.513934299999967, -23.831677899999935 ], [ -45.514049899999975, -23.831704099999971 ], [ -45.51416219999993, -23.831731499999925 ], [ -45.514329099999934, -23.831734199999978 ], [ -45.514476799999954, -23.831774299999946 ], [ -45.514602699999955, -23.83185419999996 ], [ -45.514783199999961, -23.831931599999972 ], [ -45.51499089999993, -23.832024 ], [ -45.515202199999983, -23.832133499999937 ], [ -45.515341699999972, -23.832163299999927 ], [ -45.515546799999981, -23.832203 ], [ -45.515713299999966, -23.832260399999932 ], [ -45.515844499999965, -23.832290199999935 ], [ -45.516046899999935, -23.832312499999947 ], [ -45.51621659999995, -23.832349799999974 ], [ -45.516427499999963, -23.8323971 ], [ -45.516614, -23.832434499999966 ], [ -45.516737199999966, -23.832406699999979 ], [ -45.51705179999994, -23.832280899999947 ], [ -45.517233099999942, -23.832340799999937 ], [ -45.517329399999944, -23.832385799999933 ], [ -45.517588299999943, -23.832465799999973 ], [ -45.517815299999938, -23.832556799999974 ], [ -45.518156099999949, -23.832621899999932 ], [ -45.518361499999969, -23.832675099999953 ], [ -45.518576099999962, -23.832748 ], [ -45.518647499999986, -23.832697499999934 ], [ -45.518740299999926, -23.832496 ], [ -45.518704, -23.832327599999925 ], [ -45.518722799999978, -23.832184499999975 ], [ -45.518849, -23.832078799999969 ], [ -45.51892289999995, -23.831995799999945 ], [ -45.519101599999942, -23.831902399999919 ], [ -45.519205399999976, -23.831779299999933 ], [ -45.519493399999931, -23.831621499999983 ], [ -45.519553499999972, -23.831443 ], [ -45.519622, -23.831329899999961 ], [ -45.519723299999946, -23.831216799999943 ], [ -45.519838599999964, -23.831193899999956 ], [ -45.519945699999937, -23.83121129999995 ], [ -45.520077899999933, -23.831296499999954 ], [ -45.520207, -23.831261099999939 ], [ -45.520281299999965, -23.831276099999972 ], [ -45.520435399999933, -23.831278299999969 ], [ -45.52058129999994, -23.831295699999941 ], [ -45.520664099999976, -23.831361 ], [ -45.520768699999955, -23.83136839999997 ], [ -45.520859799999982, -23.831463899999967 ], [ -45.520948199999964, -23.831556799999934 ], [ -45.521033899999964, -23.831697699999943 ], [ -45.521023299999968, -23.831821099999964 ], [ -45.520919099999965, -23.831956799999951 ], [ -45.520924799999932, -23.832039899999927 ], [ -45.52100489999998, -23.832140499999984 ], [ -45.521131699999962, -23.832248599999957 ], [ -45.521074, -23.832283899999926 ], [ -45.520928199999958, -23.832299199999962 ], [ -45.520837399999955, -23.832347199999958 ], [ -45.520821099999985, -23.832468099999971 ], [ -45.520879099999945, -23.832566199999977 ], [ -45.520974799999976, -23.832688499999961 ], [ -45.521109899999942, -23.832796499999976 ], [ -45.521231199999932, -23.832902099999938 ], [ -45.521341399999983, -23.83293459999993 ], [ -45.521509299999934, -23.832972099999935 ], [ -45.521748899999977, -23.833059899999967 ], [ -45.521900299999977, -23.833067199999959 ], [ -45.522095599999943, -23.833036699999987 ], [ -45.522194599999978, -23.832943399999969 ], [ -45.521620099999957, -23.831901 ], [ -45.52144, -23.83154 ], [ -45.521207, -23.831258 ], [ -45.521026, -23.83112 ], [ -45.520841, -23.83102 ], [ -45.520594, -23.830934 ], [ -45.520319, -23.830913 ], [ -45.520002, -23.830927 ], [ -45.51967829999996, -23.830877899999958 ], [ -45.51935229999998, -23.830763699999981 ], [ -45.519099199999978, -23.830632499999986 ], [ -45.518671099999949, -23.830463 ], [ -45.518262299999947, -23.830392399999933 ], [ -45.517926199999984, -23.830396399999927 ], [ -45.517835899999966, -23.830384299999928 ], [ -45.517647, -23.830359 ], [ -45.517568399999966, -23.830325499999958 ], [ -45.517206099999953, -23.830181 ], [ -45.516618499999943, -23.830095899999939 ], [ -45.516120599999972, -23.829946099999983 ], [ -45.516041899999948, -23.830146899999939 ], [ -45.515953899999943, -23.830240199999928 ], [ -45.515884799999974, -23.830265 ], [ -45.51568919999994, -23.830335099999964 ], [ -45.515429099999956, -23.830363 ], [ -45.515178599999956, -23.830336799999948 ], [ -45.514659499999944, -23.830168699999945 ], [ -45.5141943, -23.829962499999958 ], [ -45.513587, -23.829582499999969 ], [ -45.5128572, -23.829260599999941 ], [ -45.512702099999956, -23.829221899999936 ], [ -45.512608299999961, -23.829185399999961 ], [ -45.5120965, -23.829070799999961 ], [ -45.511664399999972, -23.829058699999965 ], [ -45.510102699999948, -23.829164099999961 ], [ -45.510026899999964, -23.829157799999962 ], [ -45.508605799999948, -23.829039899999948 ], [ -45.508355299999955, -23.828989199999974 ], [ -45.508108499999935, -23.828897899999951 ], [ -45.50787019999995, -23.828730699999927 ], [ -45.507736299999976, -23.828639 ], [ -45.507642899999951, -23.828614 ], [ -45.507529099999942, -23.828627 ], [ -45.507455899999968, -23.828732099999975 ], [ -45.507335899999923, -23.82894739999994 ], [ -45.507056299999931, -23.829256299999937 ], [ -45.506416599999966, -23.829620599999942 ], [ -45.506050199999947, -23.829837699999931 ], [ -45.505322099999944, -23.830448 ], [ -45.50516939999995, -23.830572199999953 ], [ -45.505009599999937, -23.830635099999931 ], [ -45.504965099999929, -23.830646699999932 ], [ -45.504388099999971, -23.830798299999969 ], [ -45.504375899999957, -23.830801499999957 ], [ -45.503620199999943, -23.830889799999973 ], [ -45.503385799999933, -23.830947499999979 ], [ -45.503172, -23.83102219999995 ], [ -45.50281039999993, -23.831205899999937 ], [ -45.5022757, -23.831554399999948 ], [ -45.501727699999954, -23.831799199999978 ], [ -45.501265699999969, -23.8318753 ], [ -45.501201799999933, -23.831885799999952 ], [ -45.500714899999934, -23.83189039999996 ], [ -45.500663599999939, -23.831885499999935 ], [ -45.500287299999975, -23.831849599999952 ], [ -45.499939, -23.83187729999996 ], [ -45.499619499999945, -23.832024599999961 ], [ -45.499513799999932, -23.832063 ], [ -45.499341, -23.832125799999964 ], [ -45.499204099999986, -23.832217 ], [ -45.49901, -23.832346299999976 ], [ -45.498753199999953, -23.832463699999959 ], [ -45.498483299999982, -23.832501599999944 ], [ -45.498186799999985, -23.83250339999995 ], [ -45.498041, -23.832637599999945 ], [ -45.4980336, -23.832751399999953 ], [ -45.498133399999979, -23.83292089999998 ], [ -45.498443299999963, -23.833322699999943 ], [ -45.498570299999983, -23.833667399999975 ], [ -45.498748099999943, -23.833957599999959 ], [ -45.499175299999933, -23.834488199999953 ], [ -45.499679, -23.835262499999939 ], [ -45.499813599999989, -23.835521299999989 ], [ -45.499870199999982, -23.835690899999975 ], [ -45.50005079999994, -23.835922399999955 ], [ -45.500282499999976, -23.836184499999952 ], [ -45.500606699999935, -23.836469799999982 ], [ -45.500985599999986, -23.836711499999971 ], [ -45.50177709999997, -23.837225599999954 ], [ -45.502171299999937, -23.83761 ], [ -45.502756499999975, -23.838362299999968 ], [ -45.503003, -23.83862429999995 ], [ -45.503235699999948, -23.838863799999952 ], [ -45.50347679999993, -23.839011199999952 ], [ -45.503698, -23.839083599999974 ], [ -45.50399079999994, -23.839129599999985 ], [ -45.504785399999946, -23.839177599999964 ], [ -45.505263799999973, -23.839238299999984 ], [ -45.505579399999931, -23.839332099999975 ], [ -45.506096399999933, -23.839466799999979 ], [ -45.506370399999987, -23.839487599999927 ], [ -45.506655099999925, -23.839457799999931 ], [ -45.506942399999957, -23.839362 ], [ -45.507190199999961, -23.839182299999948 ], [ -45.507906199999979, -23.838483599999968 ], [ -45.508239299999957, -23.838281099999961 ], [ -45.50847379999994, -23.838244199999956 ], [ -45.508717399999973, -23.838253299999959 ], [ -45.508942499999932, -23.838329299999938 ], [ -45.509373699999969, -23.838600699999958 ], [ -45.509494, -23.838733099999953 ], [ -45.51023269999996, -23.839101399999947 ], [ -45.510972, -23.839497699999985 ], [ -45.511781399999968, -23.840025299999976 ], [ -45.514566499999937, -23.842075499999961 ], [ -45.514703599999969, -23.84182 ], [ -45.514648, -23.841686399999958 ], [ -45.514661099999955, -23.841527599999946 ], [ -45.514717, -23.841123799999927 ], [ -45.514693899999941, -23.840898099999958 ], [ -45.514528699999971, -23.840693399999967 ], [ -45.514441599999948, -23.840476 ], [ -45.514377199999956, -23.840254399999932 ] ] ], [ [ [ -45.533679699999936, -23.820709499999964 ], [ -45.533733299999938, -23.820465799999955 ], [ -45.53376169999995, -23.820271499999937 ], [ -45.533790099999976, -23.82010019999996 ], [ -45.533893799999923, -23.819818199999926 ], [ -45.53402989999995, -23.819488699999962 ], [ -45.53414859999998, -23.819224099999929 ], [ -45.534348699999953, -23.818843799999978 ], [ -45.534479599999941, -23.8185731 ], [ -45.534622799999966, -23.818307199999943 ], [ -45.534798699999953, -23.818021399999967 ], [ -45.534925699999974, -23.817803 ], [ -45.535118799999957, -23.817477699999987 ], [ -45.53525389999993, -23.817231699999986 ], [ -45.535397099999955, -23.816951 ], [ -45.535564699999952, -23.816746799999979 ], [ -45.535748799999965, -23.816515699999975 ], [ -45.535882699999945, -23.816276899999934 ], [ -45.536086899999937, -23.816023599999944 ], [ -45.536238399999952, -23.815822299999983 ], [ -45.53648359999994, -23.815534899999932 ], [ -45.536632399999974, -23.815343599999956 ], [ -45.536808299999969, -23.815142399999964 ], [ -45.536813699999989, -23.815139899999959 ], [ -45.536970499999946, -23.81497109999998 ], [ -45.53733, -23.814780499999976 ], [ -45.537287699999986, -23.814699299999965 ], [ -45.536652299999957, -23.81429849999995 ], [ -45.536462799999981, -23.814265199999966 ], [ -45.536232199999972, -23.814263499999978 ], [ -45.536001, -23.814273399999937 ], [ -45.53579079999998, -23.814293399999944 ], [ -45.535534299999938, -23.814295 ], [ -45.535213099999964, -23.814283099999944 ], [ -45.534818699999967, -23.814256399999969 ], [ -45.534569599999941, -23.814271899999941 ], [ -45.534324399999953, -23.814287899999943 ], [ -45.533985599999937, -23.814331299999925 ], [ -45.533709399999971, -23.814323 ], [ -45.534562899999969, -23.813290199999983 ], [ -45.53413589999996, -23.813092499999982 ], [ -45.53391449999998, -23.813017399999978 ], [ -45.533578399999953, -23.812993599999967 ], [ -45.533430099999975, -23.812940299999976 ], [ -45.53322849999995, -23.812841399999972 ], [ -45.532854799999939, -23.812764299999959 ], [ -45.532350699999945, -23.81274059999993 ], [ -45.531376, -23.812813699999939 ], [ -45.53054769999995, -23.812778199999965 ], [ -45.529915099999982, -23.812645699999941 ], [ -45.529499899999962, -23.812529099999939 ], [ -45.529304199999956, -23.812321499999946 ], [ -45.529302699999953, -23.811627199999979 ], [ -45.529003, -23.811501 ], [ -45.528737199999966, -23.81146229999996 ], [ -45.528481799999952, -23.811515399999955 ], [ -45.528267899999946, -23.811668899999976 ], [ -45.528060299999936, -23.811788799999938 ], [ -45.527781599999969, -23.811831299999945 ], [ -45.527645199999938, -23.811843499999963 ], [ -45.52750889999993, -23.811868399999973 ], [ -45.527424599999961, -23.811910199999954 ], [ -45.52741489999994, -23.811949099999932 ], [ -45.527405299999941, -23.811988 ], [ -45.527349199999946, -23.812447899999938 ], [ -45.52725879999997, -23.81266949999997 ], [ -45.527127199999931, -23.812903 ], [ -45.526964099999937, -23.813098599999936 ], [ -45.526626499999971, -23.813382499999925 ], [ -45.525851899999964, -23.8137685 ], [ -45.525790299999983, -23.813799299999971 ], [ -45.525788, -23.813800399999934 ], [ -45.525464799999945, -23.81398419999994 ], [ -45.524759399999937, -23.814638 ], [ -45.524526399999957, -23.814795499999956 ], [ -45.524430399999972, -23.81486039999993 ], [ -45.524230699999976, -23.814996599999976 ], [ -45.524160499999944, -23.815127799999964 ], [ -45.52416089999997, -23.81522619999992 ], [ -45.524176699999948, -23.81527849999997 ], [ -45.524191699999967, -23.815328199999968 ], [ -45.52428539999994, -23.815423599999978 ], [ -45.524356799999971, -23.815479599999943 ], [ -45.524537599999974, -23.815621599999929 ], [ -45.52572779999997, -23.816450199999956 ], [ -45.525738699999977, -23.816462599999962 ], [ -45.526403399999943, -23.81722289999993 ], [ -45.52689729999998, -23.817485799999936 ], [ -45.527122899999938, -23.817659399999961 ], [ -45.52725, -23.817771799999953 ], [ -45.52732229999998, -23.817926899999982 ], [ -45.527358199999981, -23.818073099999928 ], [ -45.527321499999978, -23.818226799999941 ], [ -45.527217899999989, -23.818331 ], [ -45.52658219999995, -23.818712599999973 ], [ -45.526405, -23.818833299999948 ], [ -45.526279, -23.818993599999946 ], [ -45.52623959999994, -23.819190599999949 ], [ -45.526248199999934, -23.819379399999946 ], [ -45.526262199999969, -23.819385199999942 ], [ -45.52691649999997, -23.819316899999933 ], [ -45.529154599999977, -23.819083299999932 ], [ -45.529190899999939, -23.819277599999964 ], [ -45.529229799999939, -23.819355599999927 ], [ -45.52969829999995, -23.819877899999938 ], [ -45.529855099999963, -23.820130199999941 ], [ -45.530000799999982, -23.82064 ], [ -45.530141199999946, -23.820919499999942 ], [ -45.530397299999947, -23.821108299999924 ], [ -45.531011799999938, -23.821318499999951 ], [ -45.531192, -23.821417199999928 ], [ -45.531348399999956, -23.821561199999966 ], [ -45.531475399999984, -23.821863299999965 ], [ -45.531510499999968, -23.8225 ], [ -45.531549299999938, -23.822685 ], [ -45.531862099999962, -23.823243899999962 ], [ -45.531963299999973, -23.82334039999995 ], [ -45.533462899999961, -23.82345539999994 ], [ -45.533416099999961, -23.82339 ], [ -45.533392, -23.823356399999959 ], [ -45.533371399999965, -23.823128 ], [ -45.533404299999972, -23.822839 ], [ -45.533400299999983, -23.822585599999965 ], [ -45.533421399999952, -23.822289199999947 ], [ -45.533456299999962, -23.82196219999997 ], [ -45.53350249999994, -23.821695399999953 ], [ -45.53351969999995, -23.821428599999937 ], [ -45.533555099999951, -23.821217799999935 ], [ -45.533611799999967, -23.820959799999958 ], [ -45.533679699999936, -23.820709499999964 ] ] ], [ [ [ -45.54199159999996, -23.810681799999934 ], [ -45.542143299999964, -23.810582199999935 ], [ -45.542316799999973, -23.810480099999953 ], [ -45.542506599999967, -23.810382899999972 ], [ -45.542658399999944, -23.810288299999979 ], [ -45.542849799999942, -23.810176899999934 ], [ -45.543070099999966, -23.810027399999974 ], [ -45.543325599999953, -23.809895299999926 ], [ -45.543539299999964, -23.809719499999972 ], [ -45.543743499999948, -23.809587599999936 ], [ -45.543893399999945, -23.809473399999938 ], [ -45.544218899999983, -23.8092741 ], [ -45.544343099999942, -23.809177499999976 ], [ -45.544486199999938, -23.809072299999972 ], [ -45.544677, -23.809011 ], [ -45.544959499999948, -23.809114099999942 ], [ -45.545080799999944, -23.809149699999971 ], [ -45.545079699999981, -23.809098199999934 ], [ -45.545304099999946, -23.807973099999973 ], [ -45.544877399999962, -23.807617899999951 ], [ -45.544715599999968, -23.807446799999976 ], [ -45.544268299999942, -23.806775499999972 ], [ -45.544114799999939, -23.806455399999958 ], [ -45.544042599999955, -23.806139499999976 ], [ -45.544039, -23.805489199999954 ], [ -45.543978299999935, -23.805281699999959 ], [ -45.543839299999952, -23.805128599999925 ], [ -45.543672, -23.805020899999928 ], [ -45.543466699999961, -23.805017 ], [ -45.542678299999977, -23.805466899999939 ], [ -45.542366399999935, -23.805558299999973 ], [ -45.541667199999949, -23.805700799999954 ], [ -45.540444699999973, -23.806134099999959 ], [ -45.540065199999958, -23.806203199999981 ], [ -45.539849199999942, -23.806199399999969 ], [ -45.539326699999947, -23.80610639999998 ], [ -45.539180299999948, -23.806097899999937 ], [ -45.539083299999959, -23.806147899999917 ], [ -45.539043799999952, -23.806306099999979 ], [ -45.53903, -23.80654549999997 ], [ -45.53899789999997, -23.806645 ], [ -45.538954899999965, -23.806699299999948 ], [ -45.538464399999953, -23.807238499999983 ], [ -45.538269499999956, -23.807568799999952 ], [ -45.53815979999996, -23.807916899999967 ], [ -45.538061899999946, -23.808427599999966 ], [ -45.538079, -23.808779799999961 ], [ -45.53822729999996, -23.809262499999942 ], [ -45.538762599999984, -23.810055499999965 ], [ -45.538843, -23.810217799999986 ], [ -45.538898299999978, -23.810533699999951 ], [ -45.538818899999967, -23.810841099999966 ], [ -45.538724299999963, -23.810972399999962 ], [ -45.538610899999973, -23.811072099999937 ], [ -45.538256099999955, -23.811258499999951 ], [ -45.53805449999993, -23.811394699999944 ], [ -45.538033499999976, -23.81146 ], [ -45.539109899999971, -23.811604799999937 ], [ -45.539229499999976, -23.811620899999987 ], [ -45.539280799999972, -23.8116343 ], [ -45.539428199999982, -23.811669899999973 ], [ -45.539612899999945, -23.811755099999974 ], [ -45.539669199999935, -23.811782 ], [ -45.539964899999973, -23.811983799999958 ], [ -45.540016499999979, -23.812084699999961 ], [ -45.540216799999946, -23.81193309999998 ], [ -45.540390099999968, -23.811776199999937 ], [ -45.540523099999966, -23.811664799999964 ], [ -45.540720699999952, -23.811552799999962 ], [ -45.54094559999993, -23.811428299999935 ], [ -45.541116199999969, -23.811281499999954 ], [ -45.54127879999993, -23.811167 ], [ -45.541449599999957, -23.811042599999958 ], [ -45.541590599999957, -23.810947899999974 ], [ -45.541742599999971, -23.810855599999968 ], [ -45.54199159999996, -23.810681799999934 ] ] ], [ [ [ -45.550099299999943, -23.803573899999957 ], [ -45.550114699999945, -23.803620599999931 ], [ -45.550166299999951, -23.80369549999995 ], [ -45.550256399999974, -23.803797199999973 ], [ -45.550326899999959, -23.80387269999995 ], [ -45.550584799999967, -23.804079599999966 ], [ -45.550726599999962, -23.804155799999929 ], [ -45.550893699999968, -23.804227499999975 ], [ -45.551454099999944, -23.804406099999937 ], [ -45.551559199999986, -23.804478 ], [ -45.552061, -23.804872199999977 ], [ -45.552071299999966, -23.804673599999941 ], [ -45.552090599999985, -23.80449179999993 ], [ -45.552118599999972, -23.804343299999964 ], [ -45.552183, -23.80417 ], [ -45.552227799999962, -23.803939399999926 ], [ -45.552347, -23.803651 ], [ -45.552420499999982, -23.803461499999973 ], [ -45.552494099999933, -23.803247199999927 ], [ -45.552594799999959, -23.803041199999942 ], [ -45.552722399999936, -23.802852 ], [ -45.552804899999956, -23.802662499999951 ], [ -45.552842, -23.802505799999949 ], [ -45.552960699999979, -23.802316499999961 ], [ -45.553062599999976, -23.802122099999959 ], [ -45.553172099999983, -23.801932799999985 ], [ -45.553290799999957, -23.80174349999994 ], [ -45.553463499999971, -23.801579099999969 ], [ -45.553554699999943, -23.801455699999963 ], [ -45.553664, -23.801315799999941 ], [ -45.55380029999997, -23.801200899999962 ], [ -45.553846399999941, -23.801069 ], [ -45.553955599999931, -23.800945699999939 ], [ -45.554035799999951, -23.800996699999914 ], [ -45.554116499999964, -23.801023 ], [ -45.554184099999929, -23.801038899999973 ], [ -45.5542837, -23.801080699999943 ], [ -45.554535, -23.800891299999922 ], [ -45.554520799999977, -23.800869399999947 ], [ -45.554068399999956, -23.800174699999957 ], [ -45.553439499999968, -23.799208699999948 ], [ -45.553419799999979, -23.799178499999968 ], [ -45.553383899999979, -23.799229799999981 ], [ -45.553288099999975, -23.799382099999953 ], [ -45.553100899999947, -23.799428 ], [ -45.552842, -23.799423699999977 ], [ -45.552653, -23.799420499999936 ], [ -45.552308199999977, -23.799354099999963 ], [ -45.551619699999947, -23.799257199999946 ], [ -45.551218599999977, -23.799127599999967 ], [ -45.550973399999975, -23.798907199999974 ], [ -45.550497199999938, -23.798217899999944 ], [ -45.549783, -23.797624399999961 ], [ -45.549394199999931, -23.797354799999944 ], [ -45.549029299999972, -23.797161899999928 ], [ -45.548691, -23.797041199999956 ], [ -45.548002399999973, -23.796899099999965 ], [ -45.546963199999936, -23.796771799999931 ], [ -45.546146399999941, -23.796734 ], [ -45.544679099999946, -23.796549499999973 ], [ -45.544334099999958, -23.796442399999929 ], [ -45.544008599999984, -23.796271899999969 ], [ -45.543826299999978, -23.796119 ], [ -45.542921799999931, -23.795115099999979 ], [ -45.542437499999949, -23.794746499999981 ], [ -45.54213239999995, -23.794557899999983 ], [ -45.541981899999946, -23.794499699999957 ], [ -45.541303, -23.79436209999994 ], [ -45.54081629999996, -23.794368299999963 ], [ -45.540438699999982, -23.794441899999985 ], [ -45.539370299999966, -23.794815899999946 ], [ -45.538588599999962, -23.794949599999949 ], [ -45.537663299999963, -23.795273499999961 ], [ -45.53692209999997, -23.795474799999965 ], [ -45.536276499999985, -23.795811199999946 ], [ -45.535910399999985, -23.796074399999942 ], [ -45.535043299999977, -23.796474899999961 ], [ -45.534911099999931, -23.796561199999932 ], [ -45.534839, -23.796678799999935 ], [ -45.534864, -23.79680519999993 ], [ -45.534952, -23.7969313 ], [ -45.535083, -23.797021199999964 ], [ -45.535692499999989, -23.797249399999945 ], [ -45.53639469999996, -23.7976308 ], [ -45.537084199999981, -23.797908399999983 ], [ -45.537395, -23.798074399999965 ], [ -45.537751399999934, -23.798353199999951 ], [ -45.537906, -23.798438499999989 ], [ -45.538238099999944, -23.798545699999977 ], [ -45.53893869999996, -23.798674199999937 ], [ -45.539214, -23.79879069999993 ], [ -45.53958, -23.799024199999959 ], [ -45.539774799999982, -23.799091299999926 ], [ -45.540244099999938, -23.799170899999979 ], [ -45.540603699999963, -23.799187699999955 ], [ -45.540939599999952, -23.799254299999976 ], [ -45.541196299999967, -23.799384399999962 ], [ -45.541580499999959, -23.799726299999968 ], [ -45.541873899999985, -23.799905899999946 ], [ -45.542217, -23.800013 ], [ -45.542890799999952, -23.800124199999974 ], [ -45.543149099999937, -23.800206299999964 ], [ -45.543230899999969, -23.80023529999994 ], [ -45.543488699999955, -23.800428599999972 ], [ -45.543654599999968, -23.80063569999993 ], [ -45.5439909, -23.801253299999932 ], [ -45.544493899999964, -23.801585699999972 ], [ -45.544612299999983, -23.801734299999964 ], [ -45.544749, -23.801986699999919 ], [ -45.544884299999978, -23.802442399999954 ], [ -45.545067099999976, -23.802730699999927 ], [ -45.545356599999927, -23.802996 ], [ -45.54539989999995, -23.803035699999949 ], [ -45.545592499999941, -23.803212099999925 ], [ -45.545992099999978, -23.803712 ], [ -45.546233599999937, -23.803923399999981 ], [ -45.546463899999942, -23.804499199999949 ], [ -45.546672199999932, -23.804608099999932 ], [ -45.547172099999962, -23.804973399999938 ], [ -45.547370699999931, -23.80508559999992 ], [ -45.547559799999931, -23.805015099999938 ], [ -45.547809699999952, -23.804778 ], [ -45.547913299999948, -23.804675899999953 ], [ -45.547999899999986, -23.804725499999964 ], [ -45.548498099999968, -23.804868299999963 ], [ -45.54886149999993, -23.804916699999982 ], [ -45.550099299999943, -23.803573899999957 ] ] ], [ [ [ -45.423731599999947, -23.828924499999964 ], [ -45.42381689999997, -23.828857799999984 ], [ -45.424022, -23.828881099999926 ], [ -45.424184499999974, -23.828924 ], [ -45.424305299999958, -23.829080599999941 ], [ -45.424430199999961, -23.829190299999922 ], [ -45.424555199999979, -23.829288299999966 ], [ -45.424722799999984, -23.829366599999958 ], [ -45.424867099999965, -23.829240799999976 ], [ -45.425072099999973, -23.829168899999964 ], [ -45.425212899999963, -23.829000199999943 ], [ -45.42531519999995, -23.828898299999928 ], [ -45.425404899999933, -23.82891 ], [ -45.42549889999998, -23.828956799999965 ], [ -45.42564, -23.829031 ], [ -45.425742599999978, -23.829073899999969 ], [ -45.425836599999975, -23.82912459999995 ], [ -45.425977499999931, -23.829183099999963 ], [ -45.426084299999964, -23.82924549999996 ], [ -45.42623789999994, -23.829296 ], [ -45.426349499999958, -23.829417199999966 ], [ -45.42643529999998, -23.829507199999966 ], [ -45.426516199999988, -23.829586099999965 ], [ -45.426610299999936, -23.829668099999935 ], [ -45.426738499999949, -23.829738399999936 ], [ -45.426802799999955, -23.829839899999964 ], [ -45.426726599999938, -23.829957499999967 ], [ -45.426722799999936, -23.830098599999921 ], [ -45.426808599999958, -23.830243399999969 ], [ -45.426902899999959, -23.830380299999938 ], [ -45.426988899999969, -23.830482699999944 ], [ -45.427091699999949, -23.830576599999969 ], [ -45.427203199999951, -23.830725199999954 ], [ -45.427344499999947, -23.830803399999979 ], [ -45.427618199999984, -23.830916599999959 ], [ -45.42784469999998, -23.830971099999935 ], [ -45.428084399999932, -23.831060799999932 ], [ -45.428396699999951, -23.831175199999954 ], [ -45.428508299999983, -23.831280699999983 ], [ -45.428790099999958, -23.831354899999955 ], [ -45.429084499999938, -23.831460199999977 ], [ -45.4293105, -23.831483499999926 ], [ -45.429477, -23.831588899999925 ], [ -45.42963959999998, -23.831682599999954 ], [ -45.429768, -23.831749 ], [ -45.429892299999956, -23.83185839999993 ], [ -45.430042299999968, -23.831979599999954 ], [ -45.430162099999968, -23.83204209999996 ], [ -45.430294799999956, -23.832112399999971 ], [ -45.430440399999959, -23.832190499999975 ], [ -45.430573199999976, -23.832268699999926 ], [ -45.430693199999958, -23.832319499999986 ], [ -45.430822, -23.832393899999932 ], [ -45.430929399999968, -23.832456499999971 ], [ -45.431071, -23.83250739999994 ], [ -45.431189, -23.832559099999969 ], [ -45.431300299999982, -23.832586499999934 ], [ -45.431411599999926, -23.832578499999961 ], [ -45.43149719999996, -23.832566699999962 ], [ -45.431561399999964, -23.832574499999964 ], [ -45.431647099999964, -23.832648899999985 ], [ -45.431724299999985, -23.832719399999974 ], [ -45.4318229, -23.83278989999997 ], [ -45.431891599999979, -23.832872199999937 ], [ -45.431986, -23.832954399999942 ], [ -45.432054599999958, -23.833021099999947 ], [ -45.432166199999983, -23.833091499999963 ], [ -45.432256199999976, -23.833134599999934 ], [ -45.432367699999979, -23.833107099999953 ], [ -45.432466199999972, -23.83303649999992 ], [ -45.432470399999943, -23.832899299999941 ], [ -45.432465899999954, -23.832742399999969 ], [ -45.432427099999984, -23.832636499999982 ], [ -45.43233679999998, -23.832495499999933 ], [ -45.432220899999955, -23.832385799999933 ], [ -45.432152099999932, -23.832237 ], [ -45.432049099999979, -23.832111799999957 ], [ -45.4319728, -23.83198839999994 ], [ -45.431848099999968, -23.831765099999931 ], [ -45.431800799999962, -23.831659299999949 ], [ -45.431719099999953, -23.831518399999929 ], [ -45.431641799999966, -23.831326599999947 ], [ -45.431478899999945, -23.831135 ], [ -45.431316, -23.830912099999978 ], [ -45.431234599999989, -23.830775299999967 ], [ -45.431161699999969, -23.830638399999938 ], [ -45.431149299999959, -23.830511899999976 ], [ -45.431183899999951, -23.830347599999971 ], [ -45.43151, -23.829982399999949 ], [ -45.431789199999969, -23.829731799999923 ], [ -45.431989699999974, -23.829535399999926 ], [ -45.432259499999937, -23.829339099999956 ], [ -45.432679099999973, -23.829111199999947 ], [ -45.432891199999972, -23.829016099999937 ], [ -45.433130899999981, -23.82890679999997 ], [ -45.433653699999979, -23.828686799999957 ], [ -45.434197699999977, -23.828470499999966 ], [ -45.43466449999994, -23.828289699999967 ], [ -45.435238199999965, -23.828084399999966 ], [ -45.435718099999974, -23.827872199999938 ], [ -45.435811699999931, -23.82784219999996 ], [ -45.436048199999959, -23.827766099999963 ], [ -45.436382299999927, -23.827652099999977 ], [ -45.436851299999951, -23.827452099999963 ], [ -45.437323599999957, -23.827250299999935 ], [ -45.437837699999932, -23.827081199999959 ], [ -45.438283299999959, -23.82694349999997 ], [ -45.438673299999955, -23.82684909999994 ], [ -45.43904619999995, -23.82674289999995 ], [ -45.439479099999964, -23.826667899999958 ], [ -45.439787699999954, -23.826659799999952 ], [ -45.440147799999977, -23.826659399999969 ], [ -45.440400799999964, -23.826660099999962 ], [ -45.440739299999969, -23.826702899999937 ], [ -45.440991299999951, -23.826781399999952 ], [ -45.441246299999932, -23.826887499999934 ], [ -45.441293799999983, -23.82704009999998 ], [ -45.441291099999951, -23.82725169999997 ], [ -45.441373599999963, -23.827470199999947 ], [ -45.441456, -23.827613299999932 ], [ -45.441505399999983, -23.827726299999938 ], [ -45.441546599999988, -23.827869299999978 ], [ -45.44157139999993, -23.827997399999951 ], [ -45.441596299999958, -23.828125399999973 ], [ -45.441670299999942, -23.828268399999946 ], [ -45.441637799999967, -23.828434199999961 ], [ -45.441621699999978, -23.828577499999938 ], [ -45.441614299999969, -23.82878889999995 ], [ -45.44153259999996, -23.828977799999961 ], [ -45.441557899999971, -23.829181599999966 ], [ -45.441550199999938, -23.829370399999949 ], [ -45.441585499999974, -23.829551499999972 ], [ -45.441591499999966, -23.829697899999928 ], [ -45.441606199999967, -23.829849699999954 ], [ -45.44170239999994, -23.829974799999942 ], [ -45.441807399999959, -23.830089199999975 ], [ -45.441976299999965, -23.830131699999985 ], [ -45.442011199999968, -23.830049099999933 ], [ -45.442019499999965, -23.829833299999954 ], [ -45.442010399999958, -23.829734599999934 ], [ -45.442111299999965, -23.829633 ], [ -45.442276299999946, -23.829576799999924 ], [ -45.442383599999971, -23.829555299999978 ], [ -45.442577599999936, -23.829613399999971 ], [ -45.442802799999988, -23.829687599999946 ], [ -45.443009, -23.829793599999956 ], [ -45.443211699999942, -23.829897899999946 ], [ -45.443406799999934, -23.830049 ], [ -45.443586799999942, -23.830171 ], [ -45.443771, -23.830319599999932 ], [ -45.44389069999994, -23.830434499999967 ], [ -45.443948699999964, -23.830531699999952 ], [ -45.44401, -23.830655499999985 ], [ -45.444054899999969, -23.830799599999985 ], [ -45.444063799999988, -23.830923699999975 ], [ -45.444161, -23.831052699999919 ], [ -45.444291, -23.831179099999936 ], [ -45.444353699999972, -23.831293099999971 ], [ -45.444472799999978, -23.83146 ], [ -45.444672299999979, -23.831674899999932 ], [ -45.444822099999953, -23.83185449999996 ], [ -45.444966199999953, -23.831966599999934 ], [ -45.445079799999974, -23.832104499999961 ], [ -45.445245399999976, -23.832231 ], [ -45.445406899999966, -23.832339899999965 ], [ -45.445572399999946, -23.832455899999964 ], [ -45.445811699999979, -23.832645699999933 ], [ -45.445930699999963, -23.832746699999969 ], [ -45.446081099999958, -23.832866199999959 ], [ -45.446204599999938, -23.832982299999962 ], [ -45.446362699999945, -23.833066599999928 ], [ -45.446466399999956, -23.832971399999963 ], [ -45.446462399999973, -23.83285869999996 ], [ -45.446484899999973, -23.832686199999948 ], [ -45.446418499999936, -23.832472 ], [ -45.446419399999968, -23.832235699999952 ], [ -45.446472799999981, -23.832112599999952 ], [ -45.446570799999961, -23.831863099999964 ], [ -45.446828, -23.83159929999993 ], [ -45.446980499999945, -23.831295 ], [ -45.447199199999943, -23.831020799999976 ], [ -45.447430399999973, -23.830862499999963 ], [ -45.447572799999932, -23.830573699999931 ], [ -45.447653799999962, -23.830394 ], [ -45.447734499999967, -23.830203699999974 ], [ -45.447657, -23.829992699999931 ], [ -45.447560099999976, -23.829691299999972 ], [ -45.447475, -23.829466099999927 ], [ -45.447393799999929, -23.829272699999926 ], [ -45.447289699999942, -23.829089899999911 ], [ -45.447181599999965, -23.828721 ], [ -45.447058199999965, -23.82852059999993 ], [ -45.446954199999944, -23.828425799999923 ], [ -45.446838699999951, -23.828313399999949 ], [ -45.446730899999977, -23.828156899999943 ], [ -45.446726899999931, -23.828016299999938 ], [ -45.446707499999953, -23.827900299999964 ], [ -45.446807299999932, -23.827692399999929 ], [ -45.446895799999936, -23.827558499999956 ], [ -45.447034299999977, -23.827399699999937 ], [ -45.44712659999994, -23.827304399999946 ], [ -45.447323199999971, -23.827167 ], [ -45.447542499999933, -23.827049099999961 ], [ -45.447799599999939, -23.826882699999949 ], [ -45.448041599999961, -23.826750899999979 ], [ -45.448267299999934, -23.826673899999943 ], [ -45.44849179999995, -23.826568499999947 ], [ -45.448778899999979, -23.826458299999949 ], [ -45.449065899999937, -23.826343399999931 ], [ -45.449410399999984, -23.826204499999953 ], [ -45.449770499999943, -23.826075199999924 ], [ -45.45009969999996, -23.82592789999995 ], [ -45.450391299999978, -23.82579759999993 ], [ -45.450671299999954, -23.825695899999968 ], [ -45.451, -23.82555669999994 ], [ -45.451379, -23.825357399999955 ], [ -45.451758699999978, -23.825204 ], [ -45.452431299999951, -23.824918799999981 ], [ -45.452765399999976, -23.824747 ], [ -45.453008499999953, -23.82462159999994 ], [ -45.453384099999944, -23.824385599999971 ], [ -45.45379029999998, -23.824199299999979 ], [ -45.454079699999966, -23.824017799999975 ], [ -45.454569799999952, -23.823846299999957 ], [ -45.454888499999988, -23.823679199999965 ], [ -45.455206299999929, -23.823504299999964 ], [ -45.455592, -23.823330799999948 ], [ -45.45584, -23.823199899999963 ], [ -45.45613909999998, -23.823008699999956 ], [ -45.456569299999963, -23.822781099999922 ], [ -45.456928599999976, -23.82259079999994 ], [ -45.457318399999956, -23.822432799999948 ], [ -45.457713099999978, -23.82222389999998 ], [ -45.458092399999941, -23.822052299999939 ], [ -45.458451699999955, -23.821903599999924 ], [ -45.458730199999934, -23.821741099999937 ], [ -45.459028399999966, -23.821624 ], [ -45.459254699999974, -23.821529299999945 ], [ -45.459502699999973, -23.821454899999932 ], [ -45.45962169999995, -23.821394 ], [ -45.459937899999943, -23.821213499999935 ], [ -45.460190899999937, -23.82106959999993 ], [ -45.46049979999998, -23.820985799999963 ], [ -45.460793199999955, -23.820814099999943 ], [ -45.461132099999929, -23.820679499999972 ], [ -45.46137479999993, -23.820591299999922 ], [ -45.461754399999961, -23.820489 ], [ -45.461982, -23.820382199999973 ], [ -45.462245, -23.820228199999967 ], [ -45.462486199999944, -23.820134599999957 ], [ -45.462862099999938, -23.819987 ], [ -45.463140399999986, -23.819884799999947 ], [ -45.463427899999942, -23.819757299999935 ], [ -45.463724499999962, -23.819655 ], [ -45.463946899999939, -23.819569799999947 ], [ -45.464327099999934, -23.819484499999927 ], [ -45.464559, -23.819390899999966 ], [ -45.464828099999977, -23.819280299999935 ], [ -45.465078499999947, -23.819195099999956 ], [ -45.465301199999942, -23.819160899999922 ], [ -45.465496099999939, -23.819126699999966 ], [ -45.465672299999937, -23.819101099999941 ], [ -45.465839399999943, -23.819126299999937 ], [ -45.466095699999983, -23.81908779999997 ], [ -45.466252699999984, -23.81910149999992 ], [ -45.466424899999943, -23.819106 ], [ -45.466607199999949, -23.81907329999995 ], [ -45.46677429999994, -23.81905919999997 ], [ -45.46697689999997, -23.819068199999929 ], [ -45.467199699999988, -23.819128099999933 ], [ -45.467353299999957, -23.81913719999995 ], [ -45.467545899999948, -23.819197199999959 ], [ -45.467768799999931, -23.819284899999957 ], [ -45.467915699999935, -23.819358799999975 ], [ -45.468103099999951, -23.819465 ], [ -45.468244899999945, -23.819543499999959 ], [ -45.468452299999967, -23.819612499999952 ], [ -45.468604199999966, -23.81973719999996 ], [ -45.468750899999982, -23.819852499999964 ], [ -45.468826799999931, -23.819977299999948 ], [ -45.46882729999993, -23.820235799999974 ], [ -45.470124, -23.818459899999937 ], [ -45.469896899999981, -23.818400699999934 ], [ -45.469668799999965, -23.818287599999966 ], [ -45.469507199999953, -23.818149 ], [ -45.469417499999963, -23.818029199999955 ], [ -45.469290799999953, -23.817736 ], [ -45.46925959999993, -23.817541 ], [ -45.469272599999954, -23.817325099999941 ], [ -45.469372799999981, -23.81708 ], [ -45.469572199999952, -23.816841 ], [ -45.469588099999953, -23.816828199999975 ], [ -45.470047, -23.816459199999947 ], [ -45.470214299999959, -23.816276299999956 ], [ -45.470346799999966, -23.816018499999917 ], [ -45.470346099999979, -23.81580439999993 ], [ -45.470286299999941, -23.815570599999944 ], [ -45.469999699999967, -23.815302399999943 ], [ -45.469646299999958, -23.815037 ], [ -45.469489499999959, -23.814856799999969 ], [ -45.4692328, -23.81445749999995 ], [ -45.46909629999994, -23.814170599999958 ], [ -45.468746299999971, -23.814229299999965 ], [ -45.468626099999938, -23.814176599999936 ], [ -45.468430299999966, -23.814186399999983 ], [ -45.468173099999944, -23.81421459999995 ], [ -45.46790059999995, -23.81429949999994 ], [ -45.467602699999929, -23.814355899999942 ], [ -45.46732419999995, -23.814356899999954 ], [ -45.467066199999984, -23.814249299999968 ], [ -45.466526199999969, -23.813967599999959 ], [ -45.46646469999996, -23.813930199999962 ], [ -45.466234199999974, -23.813839399999946 ], [ -45.465832199999973, -23.813641699999934 ], [ -45.465642199999941, -23.81359329999998 ], [ -45.465423599999951, -23.813587699999957 ], [ -45.46510439999998, -23.813601899999973 ], [ -45.464861599999949, -23.813655099999934 ], [ -45.464663599999938, -23.813764699999989 ], [ -45.464522799999941, -23.813894799999954 ], [ -45.464422199999944, -23.813981 ], [ -45.464312799999959, -23.814110899999935 ], [ -45.464257199999963, -23.814217199999977 ], [ -45.464229399999965, -23.814266199999956 ], [ -45.464205299999946, -23.814379399999943 ], [ -45.464180899999974, -23.81495329999996 ], [ -45.464186499999983, -23.815199399999987 ], [ -45.464210899999962, -23.815414399999966 ], [ -45.46421829999997, -23.815649199999946 ], [ -45.464206699999977, -23.815948699999975 ], [ -45.464210299999941, -23.81609989999998 ], [ -45.464217099999978, -23.816235799999951 ], [ -45.46423249999998, -23.816354599999965 ], [ -45.464265499999961, -23.816487199999973 ], [ -45.464394299999981, -23.816745399999945 ], [ -45.464494299999949, -23.816936699999928 ], [ -45.464557899999932, -23.817172 ], [ -45.464538099999977, -23.81735979999997 ], [ -45.464364499999931, -23.817630799999947 ], [ -45.464103399999942, -23.817974299999953 ], [ -45.463930599999969, -23.81804249999993 ], [ -45.4637082, -23.818026499999988 ], [ -45.463269, -23.817885499999928 ], [ -45.463050199999941, -23.817760899999936 ], [ -45.462866299999973, -23.817644199999958 ], [ -45.462131599999971, -23.817163799999935 ], [ -45.461923499999962, -23.817013699999951 ], [ -45.461481, -23.816767699999954 ], [ -45.46113, -23.816705499999951 ], [ -45.46093, -23.816734499999932 ], [ -45.460791199999967, -23.81677859999996 ], [ -45.459977599999945, -23.817133 ], [ -45.459171899999944, -23.817469199999952 ], [ -45.458356199999969, -23.817819699999976 ], [ -45.457554, -23.818153399999968 ], [ -45.456915, -23.818441399999976 ], [ -45.4566397, -23.818554299999963 ], [ -45.455960499999946, -23.818834299999939 ], [ -45.455166099999985, -23.819181599999983 ], [ -45.454368199999976, -23.819529599999953 ], [ -45.453865199999939, -23.819748299999954 ], [ -45.45364, -23.819923299999967 ], [ -45.453547499999956, -23.820068799999937 ], [ -45.453377699999976, -23.820655599999949 ], [ -45.45321979999995, -23.821217699999973 ], [ -45.45300629999997, -23.822065199999926 ], [ -45.452950699999981, -23.822494799999959 ], [ -45.452919699999931, -23.822756299999988 ], [ -45.452876199999935, -23.822984499999961 ], [ -45.452811799999949, -23.823196299999953 ], [ -45.452682799999934, -23.823426 ], [ -45.452336599999967, -23.823882899999933 ], [ -45.452286399999942, -23.823957499999949 ], [ -45.452034799999986, -23.824287099999928 ], [ -45.451933499999939, -23.824452499999939 ], [ -45.451716, -23.824668499999973 ], [ -45.451537099999939, -23.824792399999978 ], [ -45.451276899999982, -23.824909599999948 ], [ -45.450907399999949, -23.824943599999973 ], [ -45.450675599999954, -23.824930199999987 ], [ -45.450452299999945, -23.824912099999949 ], [ -45.450331, -23.824839 ], [ -45.449990399999933, -23.824745399999987 ], [ -45.449641, -23.824752 ], [ -45.448892299999955, -23.824944 ], [ -45.449159199999947, -23.824007799999944 ], [ -45.449026899999978, -23.823992699999966 ], [ -45.448832799999934, -23.82400529999995 ], [ -45.448362699999961, -23.823991699999961 ], [ -45.448137599999939, -23.824003399999985 ], [ -45.447854899999982, -23.823981599999961 ], [ -45.447705, -23.82394179999994 ], [ -45.447546099999954, -23.823871 ], [ -45.447408099999961, -23.823783799999937 ], [ -45.447175299999969, -23.823577599999965 ], [ -45.446876699999969, -23.823369299999964 ], [ -45.446605799999929, -23.823205699999956 ], [ -45.446439299999959, -23.823136799999929 ], [ -45.445785399999977, -23.822966099999963 ], [ -45.445590699999961, -23.82286659999993 ], [ -45.445345499999974, -23.822709099999926 ], [ -45.444912399999957, -23.822496699999917 ], [ -45.444399099999949, -23.82239369999996 ], [ -45.444178, -23.822401799999966 ], [ -45.444002699999949, -23.822434199999989 ], [ -45.443879099999947, -23.822538599999973 ], [ -45.443836099999935, -23.822733799999984 ], [ -45.44383, -23.822924899999983 ], [ -45.443752299999979, -23.823132899999965 ], [ -45.44354809999993, -23.823366599999918 ], [ -45.44340009999997, -23.823516399999964 ], [ -45.443287099999964, -23.82370109999993 ], [ -45.443164699999961, -23.823846399999983 ], [ -45.443002199999974, -23.824039899999935 ], [ -45.442907699999978, -23.824186199999932 ], [ -45.442836, -23.824322899999963 ], [ -45.44286169999998, -23.824509699999965 ], [ -45.442825299999988, -23.824591699999917 ], [ -45.442785099999981, -23.824672099999926 ], [ -45.442810799999961, -23.82492249999995 ], [ -45.442953799999948, -23.825328 ], [ -45.443168399999934, -23.825630099999952 ], [ -45.443378599999967, -23.825997499999964 ], [ -45.443603099999969, -23.826690899999964 ], [ -45.4436712, -23.826840899999979 ], [ -45.443950899999955, -23.827206899999972 ], [ -45.444074, -23.827482 ], [ -45.444110299999984, -23.827619499999969 ], [ -45.444125199999974, -23.827766899999972 ], [ -45.444346599999953, -23.828100899999978 ], [ -45.444528899999966, -23.828298599999989 ], [ -45.44475609999995, -23.828630399999948 ], [ -45.445084, -23.828945899999951 ], [ -45.445284499999964, -23.829187499999929 ], [ -45.445348699999947, -23.829334699999947 ], [ -45.445384899999965, -23.829476 ], [ -45.445346699999966, -23.829671 ], [ -45.445254899999952, -23.829720599999973 ], [ -45.445146799999982, -23.829747799999957 ], [ -45.445031399999941, -23.829738399999936 ], [ -45.444763599999924, -23.829646899999929 ], [ -45.444301599999967, -23.829145099999955 ], [ -45.444185499999946, -23.829041699999948 ], [ -45.44385369999997, -23.828868799999952 ], [ -45.443661199999951, -23.828796699999931 ], [ -45.443174499999941, -23.828718699999971 ], [ -45.44305259999993, -23.828653199999955 ], [ -45.442962, -23.828561399999952 ], [ -45.442902599999968, -23.828402599999951 ], [ -45.442919199999949, -23.82827379999997 ], [ -45.443012399999937, -23.828053499999942 ], [ -45.443024099999953, -23.827931499999984 ], [ -45.442984599999932, -23.827802899999927 ], [ -45.442843, -23.827520899999968 ], [ -45.442795699999976, -23.827388799999937 ], [ -45.442766099999979, -23.827089299999948 ], [ -45.442802499999971, -23.826919399999948 ], [ -45.442807099999982, -23.826727399999974 ], [ -45.442760299999975, -23.826466399999958 ], [ -45.44264759999993, -23.826132099999928 ], [ -45.442342699999983, -23.825519099999948 ], [ -45.442263399999945, -23.825209499999971 ], [ -45.442227, -23.824902599999966 ], [ -45.442227399999979, -23.824736899999955 ], [ -45.442169299999939, -23.824583299999968 ], [ -45.442130699999957, -23.824501899999976 ], [ -45.442053799999947, -23.824350799999934 ], [ -45.441763599999945, -23.823905899999922 ], [ -45.44162, -23.823524199999937 ], [ -45.441567799999966, -23.822926899999974 ], [ -45.441403799999932, -23.822239399999951 ], [ -45.441386199999961, -23.821915699999966 ], [ -45.441422699999976, -23.821651 ], [ -45.441406699999959, -23.82136979999996 ], [ -45.441200599999952, -23.821058099999963 ], [ -45.441174599999961, -23.820967299999957 ], [ -45.44113, -23.820711699999951 ], [ -45.441177099999955, -23.820456699999962 ], [ -45.441136599999936, -23.820289699999929 ], [ -45.441071399999942, -23.820199 ], [ -45.440912399999945, -23.820070399999963 ], [ -45.440863199999974, -23.819983299999933 ], [ -45.440855899999974, -23.819782699999955 ], [ -45.44100039999995, -23.819449099999922 ], [ -45.441012199999932, -23.819395599999943 ], [ -45.440997199999977, -23.819329599999953 ], [ -45.440891, -23.819243799999978 ], [ -45.440656399999973, -23.819120099999974 ], [ -45.440512899999931, -23.819013199999972 ], [ -45.440271399999965, -23.818676199999967 ], [ -45.440037, -23.818477899999944 ], [ -45.439862399999988, -23.818374599999977 ], [ -45.439581899999951, -23.81825769999994 ], [ -45.439273699999944, -23.818089799999935 ], [ -45.439212299999959, -23.818037499999949 ], [ -45.4391184, -23.817912599999943 ], [ -45.438859499999978, -23.81763309999997 ], [ -45.438421299999959, -23.817268599999974 ], [ -45.437929099999963, -23.817010599999946 ], [ -45.437549899999972, -23.816847699999979 ], [ -45.437222499999962, -23.816683399999921 ], [ -45.437085799999984, -23.816643 ], [ -45.436883, -23.816617199999936 ], [ -45.436320799999983, -23.816644399999962 ], [ -45.436178299999938, -23.816622799999941 ], [ -45.436073399999948, -23.81657029999996 ], [ -45.435979299999985, -23.816459799999965 ], [ -45.435899, -23.816322799999959 ], [ -45.435808299999962, -23.816260099999965 ], [ -45.435712199999962, -23.816244399999956 ], [ -45.435609, -23.816265 ], [ -45.435361299999947, -23.816424799999929 ], [ -45.435144099999953, -23.816529199999934 ], [ -45.435014199999948, -23.816544199999953 ], [ -45.43431929999997, -23.816555499999943 ], [ -45.434006799999963, -23.816592399999937 ], [ -45.433663399999951, -23.816692899999957 ], [ -45.43342, -23.816721899999944 ], [ -45.433265099999971, -23.816765 ], [ -45.433176, -23.816836299999977 ], [ -45.43314, -23.816978 ], [ -45.433125399999938, -23.817313499999962 ], [ -45.433095399999956, -23.817501799999949 ], [ -45.433045499999935, -23.817623799999982 ], [ -45.432808499999965, -23.817894799999973 ], [ -45.432437499999935, -23.818185199999945 ], [ -45.432255899999973, -23.818356199999986 ], [ -45.432140599999975, -23.818503399999944 ], [ -45.431922199999974, -23.818854399999953 ], [ -45.431734399999989, -23.819091699999948 ], [ -45.431465899999985, -23.819308399999954 ], [ -45.431257699999946, -23.819506699999977 ], [ -45.4310536, -23.819706399999969 ], [ -45.430656, -23.820141699999962 ], [ -45.430575099999942, -23.820251599999946 ], [ -45.430323499999986, -23.820670699999926 ], [ -45.430071099999964, -23.821291699999954 ], [ -45.429990499999974, -23.821449399999945 ], [ -45.429869, -23.821576799999939 ], [ -45.429591299999977, -23.821789599999928 ], [ -45.429484299999949, -23.821905599999976 ], [ -45.42942979999998, -23.822015099999923 ], [ -45.42937, -23.82228949999995 ], [ -45.429308799999944, -23.822404 ], [ -45.42921819999998, -23.822497599999952 ], [ -45.42910969999997, -23.82256759999996 ], [ -45.428970599999957, -23.822608399999975 ], [ -45.428835, -23.822614099999956 ], [ -45.428471799999954, -23.822558 ], [ -45.428372299999978, -23.822574199999956 ], [ -45.428267299999959, -23.82261909999993 ], [ -45.428128499999957, -23.822623 ], [ -45.42797649999995, -23.822593799999936 ], [ -45.427588199999946, -23.822378899999926 ], [ -45.42741459999997, -23.822265099999989 ], [ -45.427255699999932, -23.822218499999956 ], [ -45.427133899999944, -23.822222199999946 ], [ -45.427070399999941, -23.822301199999966 ], [ -45.427033499999936, -23.82242609999998 ], [ -45.427043499999968, -23.822535299999974 ], [ -45.427128, -23.822767 ], [ -45.427163699999937, -23.822914399999942 ], [ -45.427122199999985, -23.823471099999946 ], [ -45.426977199999953, -23.823781899999968 ], [ -45.426616499999966, -23.824196099999938 ], [ -45.426394, -23.824488899999945 ], [ -45.42628, -23.82468539999995 ], [ -45.426141199999961, -23.824859699999937 ], [ -45.42584329999994, -23.825132199999928 ], [ -45.425642799999935, -23.82520459999995 ], [ -45.425479499999938, -23.825209499999968 ], [ -45.42533449999997, -23.825095499999971 ], [ -45.425244399999947, -23.824910299999946 ], [ -45.425262399999951, -23.824178799999959 ], [ -45.425221899999947, -23.823812799999928 ], [ -45.425170399999949, -23.823574899999983 ], [ -45.425162299999961, -23.82335449999993 ], [ -45.425207699999923, -23.823011899999987 ], [ -45.42520879999995, -23.822867099999939 ], [ -45.4251642, -23.822749199999965 ], [ -45.425103399999962, -23.822680899999966 ], [ -45.42490729999998, -23.82256289999998 ], [ -45.424824299999955, -23.822459699999975 ], [ -45.424766, -23.822347199999957 ], [ -45.424691799999948, -23.821907399999933 ], [ -45.424629799999934, -23.821202099999937 ], [ -45.424654299999979, -23.820888099999944 ], [ -45.424750899999935, -23.820646799999952 ], [ -45.424832599999952, -23.82054519999997 ], [ -45.424952899999937, -23.820339199999985 ], [ -45.424938299999951, -23.820240499999954 ], [ -45.42487129999995, -23.820166399999945 ], [ -45.424664199999938, -23.82011169999992 ], [ -45.424525899999935, -23.820112699999981 ], [ -45.424226, -23.820055099999923 ], [ -45.424116599999941, -23.819945499999946 ], [ -45.424037399999975, -23.819824399999952 ], [ -45.423944199999944, -23.819461499999928 ], [ -45.423889199999962, -23.81936979999994 ], [ -45.423806, -23.819278599999958 ], [ -45.423502099999951, -23.819059399999954 ], [ -45.422964899999954, -23.818845799999963 ], [ -45.422680199999938, -23.818761199999972 ], [ -45.422449799999981, -23.818718699999973 ], [ -45.422107399999966, -23.818704799999978 ], [ -45.421821799999975, -23.81872089999996 ], [ -45.421553499999959, -23.818779799999962 ], [ -45.421281399999941, -23.818897 ], [ -45.42106439999997, -23.818968699999964 ], [ -45.420814199999938, -23.818997799999977 ], [ -45.420598299999938, -23.818974499999968 ], [ -45.420396899999957, -23.818930799999972 ], [ -45.419963399999972, -23.81878569999996 ], [ -45.419492799999944, -23.818688299999959 ], [ -45.419058, -23.818629599999952 ], [ -45.418708099999947, -23.818613499999969 ], [ -45.418033399999956, -23.818526199999948 ], [ -45.417722799999979, -23.818540499999983 ], [ -45.416980699999961, -23.818678799999933 ], [ -45.416444299999966, -23.818713 ], [ -45.415983899999958, -23.818785899999963 ], [ -45.415867499999933, -23.818876299999932 ], [ -45.415801499999922, -23.819004799999952 ], [ -45.41573639999995, -23.81944649999997 ], [ -45.415679299999972, -23.819561099999934 ], [ -45.415606799999971, -23.819625499999976 ], [ -45.414649799999957, -23.819720799999974 ], [ -45.414550099999978, -23.819700499999954 ], [ -45.414431099999952, -23.819648699999945 ], [ -45.414334399999973, -23.819572899999972 ], [ -45.414264599999967, -23.819480899999974 ], [ -45.414189799999967, -23.81926969999995 ], [ -45.414158899999968, -23.819121799999948 ], [ -45.414120099999941, -23.818499099999936 ], [ -45.414091499999984, -23.818431099999934 ], [ -45.414030599999933, -23.81836009999995 ], [ -45.413953299999953, -23.818303699999944 ], [ -45.413858599999969, -23.818262 ], [ -45.413757499999974, -23.818180899999955 ], [ -45.413723399999981, -23.818078699999951 ], [ -45.413723399999981, -23.817966099999968 ], [ -45.413749799999955, -23.817855399999928 ], [ -45.414170099999971, -23.817318499999935 ], [ -45.414214199999947, -23.817218599999933 ], [ -45.414229699999964, -23.817100499999974 ], [ -45.414213199999949, -23.816994399999942 ], [ -45.414142, -23.816909399999947 ], [ -45.413791, -23.816669199999975 ], [ -45.413659, -23.816499599999922 ], [ -45.413559799999973, -23.816289199999982 ], [ -45.413505499999978, -23.81605559999997 ], [ -45.413546899999979, -23.815701899999961 ], [ -45.413842199999976, -23.815572299999918 ], [ -45.414131299999951, -23.816065099999932 ], [ -45.414666699999948, -23.816592299999975 ], [ -45.415310799999986, -23.818066199999983 ], [ -45.417836699999953, -23.81754049999995 ], [ -45.421833, -23.816708899999981 ], [ -45.422319899999927, -23.816505899999981 ], [ -45.422862499999944, -23.816065599999938 ], [ -45.423256699999975, -23.815616599999938 ], [ -45.423650799999962, -23.815167499999966 ], [ -45.424118399999941, -23.814072599999974 ], [ -45.42384519999996, -23.81276 ], [ -45.422956599999971, -23.811455299999977 ], [ -45.422651399999957, -23.811263399999973 ], [ -45.422443199999968, -23.811165599999981 ], [ -45.422284499999932, -23.811053299999958 ], [ -45.421778399999937, -23.810503899999961 ], [ -45.421744, -23.810411699999971 ], [ -45.421610499999979, -23.810314699999939 ], [ -45.421167899999944, -23.810096799999936 ], [ -45.421080299999971, -23.810055399999939 ], [ -45.420396899999957, -23.80948519999998 ], [ -45.420199399999952, -23.809214099999956 ], [ -45.419740699999977, -23.807983299999922 ], [ -45.419633599999941, -23.807673299999976 ], [ -45.419267599999948, -23.807098099999962 ], [ -45.418519899999978, -23.806154399999965 ], [ -45.418374299999982, -23.805654 ], [ -45.418128299999978, -23.805421599999939 ], [ -45.418029899999972, -23.805341799999937 ], [ -45.416981799999981, -23.804823599999953 ], [ -45.415999599999964, -23.803975799999932 ], [ -45.415780599999955, -23.803853599999975 ], [ -45.4154324, -23.803693199999945 ], [ -45.415207499999951, -23.803634 ], [ -45.414868699999943, -23.803455799999927 ], [ -45.414832399999966, -23.803388399999957 ], [ -45.414834299999946, -23.803313899999985 ], [ -45.414869, -23.80322829999994 ], [ -45.414915199999939, -23.803185599999942 ], [ -45.415122099999962, -23.803126399999933 ], [ -45.415594499999933, -23.80317349999995 ], [ -45.415904599999976, -23.803251399999962 ], [ -45.416045699999984, -23.803271199999987 ], [ -45.41635, -23.803263399999938 ], [ -45.41648159999994, -23.803237899999946 ], [ -45.416787299999946, -23.803082199999945 ], [ -45.417102799999945, -23.802871799999938 ], [ -45.417385599999932, -23.802714599999945 ], [ -45.41774269999997, -23.802519599999986 ], [ -45.418012099999942, -23.802398799999928 ], [ -45.418236899999961, -23.802341899999931 ], [ -45.418445899999938, -23.802317899999935 ], [ -45.418786, -23.802337399999939 ], [ -45.419107299999951, -23.802420499999982 ], [ -45.419448099999961, -23.802586 ], [ -45.420638299999951, -23.803352 ], [ -45.42083549999996, -23.803457199999961 ], [ -45.421089499999937, -23.803555299999964 ], [ -45.421423799999957, -23.803605099999963 ], [ -45.421745599999952, -23.803734699999954 ], [ -45.422040399999958, -23.803921299999953 ], [ -45.422111799999982, -23.803924899999959 ], [ -45.422190899999975, -23.803891499999963 ], [ -45.422257699999939, -23.803832899999971 ], [ -45.422401699999966, -23.803655299999946 ], [ -45.422488299999948, -23.80358589999997 ], [ -45.422591299999972, -23.803541699999979 ], [ -45.422703799999965, -23.803515299999951 ], [ -45.423119099999951, -23.803513 ], [ -45.423373699999949, -23.803481899999948 ], [ -45.423768099999961, -23.803390899999943 ], [ -45.424175099999957, -23.803155399999973 ], [ -45.424325399999937, -23.803099899999932 ], [ -45.424490699999978, -23.803069899999961 ], [ -45.424598499999945, -23.80302 ], [ -45.4246505, -23.802946199999958 ], [ -45.424666099999968, -23.802847 ], [ -45.424846599999974, -23.802721299999973 ], [ -45.424873, -23.802622599999943 ], [ -45.424865, -23.802536099999934 ], [ -45.424809199999963, -23.802439499999931 ], [ -45.42456709999994, -23.802301 ], [ -45.42437039999993, -23.802127399999947 ], [ -45.4242766, -23.80198989999997 ], [ -45.424070499999971, -23.801854099999947 ], [ -45.423967499999947, -23.80181749999997 ], [ -45.423894299999972, -23.801758499999952 ], [ -45.423834899999974, -23.801673099999952 ], [ -45.42377259999995, -23.801621699999938 ], [ -45.423668899999939, -23.80160339999998 ], [ -45.423471, -23.80152 ], [ -45.423406899999975, -23.801446699999925 ], [ -45.423331599999983, -23.801230099999938 ], [ -45.423216299999979, -23.801086199999926 ], [ -45.423129099999983, -23.801073 ], [ -45.423005299999943, -23.801089799999943 ], [ -45.422765, -23.80121229999996 ], [ -45.422619699999984, -23.801259199999954 ], [ -45.422451799999976, -23.801284699999943 ], [ -45.422171699999979, -23.801257599999925 ], [ -45.422032399999985, -23.801197 ], [ -45.421896499999939, -23.801104199999934 ], [ -45.421803799999971, -23.80101789999998 ], [ -45.421742799999947, -23.800949399999979 ], [ -45.421633099999951, -23.800744399999914 ], [ -45.421526299999982, -23.800619 ], [ -45.421408299999946, -23.800518499999953 ], [ -45.421264199999939, -23.800448399999933 ], [ -45.421009899999945, -23.800393 ], [ -45.420674299999973, -23.800345099999952 ], [ -45.420535599999937, -23.80029149999995 ], [ -45.420416299999943, -23.800222099999928 ], [ -45.420220599999944, -23.80002159999998 ], [ -45.419962599999963, -23.799592399999927 ], [ -45.41990449999998, -23.799454699999945 ], [ -45.419750799999974, -23.799217099999957 ], [ -45.419577399999973, -23.799017099999951 ], [ -45.419384699999966, -23.798898299999962 ], [ -45.419239399999988, -23.798864499999979 ], [ -45.419098299999973, -23.798867099999939 ], [ -45.418501499999941, -23.799010799999955 ], [ -45.418325299999935, -23.799039099999959 ], [ -45.41812189999996, -23.799055499999959 ], [ -45.417739099999956, -23.799046899999947 ], [ -45.417553899999973, -23.799014899999975 ], [ -45.417365799999978, -23.798954499999969 ], [ -45.417010599999969, -23.798754599999938 ], [ -45.416922299999946, -23.798647399999936 ], [ -45.416884499999981, -23.798541599999957 ], [ -45.416877699999937, -23.798271599999961 ], [ -45.416858899999966, -23.798154699999934 ], [ -45.416766599999967, -23.798083299999981 ], [ -45.416677199999981, -23.798042699999939 ], [ -45.416271499999937, -23.797914099999954 ], [ -45.416052199999967, -23.797775499999943 ], [ -45.415870799999936, -23.797633399999942 ], [ -45.415708699999982, -23.797438499999949 ], [ -45.415550399999965, -23.797154 ], [ -45.415493599999934, -23.797079499999938 ], [ -45.415352699999978, -23.796928399999953 ], [ -45.41514479999995, -23.796778 ], [ -45.414924, -23.796590499999976 ], [ -45.414734399999922, -23.796401699999937 ], [ -45.414601399999981, -23.796167199999953 ], [ -45.414236799999969, -23.795621599999958 ], [ -45.413872799999986, -23.795241899999954 ], [ -45.413168599999956, -23.794708499999949 ], [ -45.412751899999932, -23.794290799999928 ], [ -45.411936699999956, -23.793823 ], [ -45.411701799999939, -23.793710699999956 ], [ -45.411494399999981, -23.793563199999937 ], [ -45.411395199999959, -23.793458 ], [ -45.410916899999961, -23.793172 ], [ -45.410590199999945, -23.79300639999996 ], [ -45.410109699999964, -23.792665199999924 ], [ -45.409668399999937, -23.792454399999929 ], [ -45.409558299999965, -23.79238469999996 ], [ -45.409351899999933, -23.792208 ], [ -45.409139099999955, -23.791947 ], [ -45.408945299999971, -23.791762799999947 ], [ -45.40868659999996, -23.791540399999974 ], [ -45.408346899999977, -23.791353 ], [ -45.408245199999953, -23.79125519999997 ], [ -45.408130599999943, -23.791101099999928 ], [ -45.407871599999964, -23.79065079999998 ], [ -45.407687499999959, -23.79043729999994 ], [ -45.407306399999989, -23.790136599999979 ], [ -45.406723299999953, -23.789835799999938 ], [ -45.406506499999978, -23.789626299999952 ], [ -45.406398399999944, -23.789571 ], [ -45.405799299999963, -23.789512 ], [ -45.405248599999936, -23.78938759999993 ], [ -45.404923099999962, -23.789232499999969 ], [ -45.404586799999954, -23.789018799999937 ], [ -45.404328499999963, -23.788763399999922 ], [ -45.404264299999966, -23.788660599999961 ], [ -45.404212199999961, -23.788561299999969 ], [ -45.404188199999965, -23.788346399999977 ], [ -45.404217899999942, -23.788178099999971 ], [ -45.404277, -23.788066199999935 ], [ -45.404365, -23.787995 ], [ -45.404497899999967, -23.787935 ], [ -45.404635399999961, -23.78793829999994 ], [ -45.404791, -23.787978799999973 ], [ -45.404920599999976, -23.788053399999956 ], [ -45.4053239, -23.788364699999921 ], [ -45.405450799999983, -23.788405799999961 ], [ -45.405601299999951, -23.788417 ], [ -45.40569469999997, -23.788462499999977 ], [ -45.405766, -23.788516099999978 ], [ -45.406022599999972, -23.788807499999965 ], [ -45.406114099999968, -23.788876099999982 ], [ -45.406213299999941, -23.788912199999967 ], [ -45.407132299999951, -23.788923199999935 ], [ -45.407230199999958, -23.788899299999965 ], [ -45.407292899999959, -23.788863899999967 ], [ -45.407324299999964, -23.788814199999937 ], [ -45.407313699999982, -23.78869839999993 ], [ -45.40717479999995, -23.78849479999997 ], [ -45.40684459999995, -23.788208299999958 ], [ -45.406646799999976, -23.788103299999928 ], [ -45.406169699999964, -23.787808799999929 ], [ -45.406023599999962, -23.787652099999953 ], [ -45.405937199999983, -23.787479799999975 ], [ -45.405873, -23.787141299999966 ], [ -45.405865699999943, -23.786999299999927 ], [ -45.405890599999964, -23.786685499999969 ], [ -45.405971299999976, -23.786547399999947 ], [ -45.406047699999938, -23.78647119999993 ], [ -45.406294299999956, -23.786319399999972 ], [ -45.406533199999956, -23.786318599999962 ], [ -45.4066931, -23.786346899999945 ], [ -45.406753399999964, -23.786329 ], [ -45.406839899999966, -23.786253199999976 ], [ -45.406885799999941, -23.786188899999953 ], [ -45.406909599999956, -23.786115499999934 ], [ -45.406903499999942, -23.785893699999974 ], [ -45.4066845, -23.785385399999939 ], [ -45.406692299999982, -23.785280499999942 ], [ -45.406802399999954, -23.785158499999962 ], [ -45.406942599999986, -23.785118299999965 ], [ -45.407269799999938, -23.785096799999963 ], [ -45.407611899999957, -23.785155599999939 ], [ -45.408387599999969, -23.785345899999982 ], [ -45.408669, -23.785389499999948 ], [ -45.409544299999936, -23.78580729999992 ], [ -45.40993009999994, -23.786035899999934 ], [ -45.410644599999955, -23.786378899999946 ], [ -45.411298199999983, -23.786636099999956 ], [ -45.411482799999931, -23.786648799999959 ], [ -45.411556299999972, -23.786636299999941 ], [ -45.411609299999959, -23.786595699999957 ], [ -45.411629099999971, -23.786297399999963 ], [ -45.411567, -23.785656899999932 ], [ -45.411551399999951, -23.785556 ], [ -45.411516899999981, -23.785472099999936 ], [ -45.411117399999966, -23.784982899999935 ], [ -45.4107, -23.78463469999997 ], [ -45.410393399999975, -23.784247499999925 ], [ -45.410346599999968, -23.784125499999956 ], [ -45.410286199999973, -23.783952899999971 ], [ -45.410112899999945, -23.783563399999931 ], [ -45.409935199999957, -23.783272 ], [ -45.409818, -23.783176 ], [ -45.409472599999958, -23.782961399999973 ], [ -45.409364099999948, -23.782866799999962 ], [ -45.409285799999964, -23.782742199999969 ], [ -45.409222599999971, -23.782578199999936 ], [ -45.40920459999996, -23.782442599999975 ], [ -45.409168699999952, -23.782366599999929 ], [ -45.409098899999954, -23.782314399999951 ], [ -45.408751199999983, -23.782228599999936 ], [ -45.408674699999949, -23.782148099999976 ], [ -45.408609899999938, -23.781932799999939 ], [ -45.408560099999939, -23.781852099999977 ], [ -45.408480299999944, -23.781792099999958 ], [ -45.408367299999959, -23.781752199999957 ], [ -45.408236499999923, -23.781732899999962 ], [ -45.40795669999995, -23.781727899999954 ], [ -45.407830399999966, -23.781701299999959 ], [ -45.407734, -23.781632599999963 ], [ -45.407437199999947, -23.781323199999978 ], [ -45.406979199999959, -23.781006899999959 ], [ -45.406851699999947, -23.780817 ], [ -45.406848099999941, -23.780715 ], [ -45.406927499999938, -23.780630199999962 ], [ -45.407015, -23.78059119999995 ], [ -45.407144799999962, -23.780551699999933 ], [ -45.407983499999943, -23.780610899999935 ], [ -45.408189799999946, -23.780615699999931 ], [ -45.408929399999977, -23.780498899999948 ], [ -45.409085199999943, -23.780508699999924 ], [ -45.409195399999938, -23.780543 ], [ -45.409333299999957, -23.78061289999993 ], [ -45.409952899999951, -23.780957599999965 ], [ -45.410181099999939, -23.780942399999958 ], [ -45.41027679999997, -23.780896699999957 ], [ -45.410441899999967, -23.780748499999955 ], [ -45.410641099999964, -23.780609399999943 ], [ -45.410751799999957, -23.780566899999936 ], [ -45.410972599999987, -23.78055419999998 ], [ -45.411283, -23.780717899999953 ], [ -45.411668499999969, -23.781025899999971 ], [ -45.411729499999979, -23.781045499999941 ], [ -45.411797699999966, -23.781042299999971 ], [ -45.411899399999982, -23.781003 ], [ -45.411932, -23.780956 ], [ -45.412007399999936, -23.780474399999946 ], [ -45.411758299999981, -23.780145 ], [ -45.411323099999947, -23.779967 ], [ -45.410933299999954, -23.779703199999979 ], [ -45.410649699999965, -23.779446 ], [ -45.410110599999939, -23.77882859999993 ], [ -45.40992, -23.778575699999976 ], [ -45.409569699999963, -23.778190399999978 ], [ -45.409336899999971, -23.777908699999937 ], [ -45.409120399999956, -23.777753299999976 ], [ -45.409449, -23.777790299999932 ], [ -45.409756199999947, -23.777796199999965 ], [ -45.410311399999955, -23.777920199999969 ], [ -45.410890299999949, -23.778062 ], [ -45.41125059999996, -23.778227399999938 ], [ -45.411599099999933, -23.778457799999959 ], [ -45.412030299999969, -23.778587699999949 ], [ -45.412260599999968, -23.778646799999922 ], [ -45.412674099999947, -23.778652699999956 ], [ -45.412898599999956, -23.778735399999949 ], [ -45.413285499999979, -23.778859399999938 ], [ -45.414106499999953, -23.779083899999929 ], [ -45.415169699999979, -23.779757199999942 ], [ -45.417739199999971, -23.781198499999956 ], [ -45.418081799999989, -23.781210299999945 ], [ -45.418618199999969, -23.78150189999997 ], [ -45.418683099999953, -23.78140929999994 ], [ -45.41868779999993, -23.781326899999936 ], [ -45.418656799999951, -23.781257699999959 ], [ -45.418604499999965, -23.78120709999995 ], [ -45.41849289999994, -23.781155199999947 ], [ -45.418279299999938, -23.78109 ], [ -45.418149799999988, -23.78101919999995 ], [ -45.417935399999976, -23.780863299999972 ], [ -45.417544599999985, -23.780534299999935 ], [ -45.417160499999966, -23.780138799999971 ], [ -45.41710889999996, -23.780057799999952 ], [ -45.416936299999975, -23.779643199999956 ], [ -45.416810899999973, -23.779410199999969 ], [ -45.416671399999984, -23.779277899999954 ], [ -45.416515599999975, -23.779178699999935 ], [ -45.415693399999959, -23.778809 ], [ -45.415557899999946, -23.778715399999953 ], [ -45.415488499999988, -23.778630499999966 ], [ -45.41543269999994, -23.778524799999953 ], [ -45.415409299999958, -23.77835819999996 ], [ -45.41545629999996, -23.778242599999928 ], [ -45.415534099999952, -23.778150299999936 ], [ -45.415758399999966, -23.777997099999929 ], [ -45.416008899999952, -23.77788269999995 ], [ -45.416213299999981, -23.777841599999935 ], [ -45.416701499999931, -23.777837599999941 ], [ -45.41688749999998, -23.777821099999986 ], [ -45.417637599999978, -23.777678399999964 ], [ -45.418405399999983, -23.777669 ], [ -45.418499399999973, -23.777646 ], [ -45.418569299999945, -23.777606099999957 ], [ -45.418603399999938, -23.77754119999998 ], [ -45.418599299999975, -23.777454799999923 ], [ -45.418545299999948, -23.77736449999998 ], [ -45.418428099999979, -23.777276099999956 ], [ -45.4178338, -23.776942799999972 ], [ -45.417645899999968, -23.77671859999997 ], [ -45.417606199999966, -23.776592599999962 ], [ -45.417575199999924, -23.776323599999952 ], [ -45.41750779999996, -23.776254399999971 ], [ -45.417435099999977, -23.776225499999953 ], [ -45.417339899999945, -23.776211699999973 ], [ -45.417168099999969, -23.776216199999958 ], [ -45.416546599999947, -23.776371699999963 ], [ -45.416294499999935, -23.77637389999995 ], [ -45.416178099999975, -23.776349199999974 ], [ -45.416063099999974, -23.776293899999935 ], [ -45.415690299999937, -23.776064099999932 ], [ -45.415498299999975, -23.776011799999928 ], [ -45.4149877, -23.776158899999935 ], [ -45.414785, -23.776129 ], [ -45.414720099999947, -23.776066 ], [ -45.414586099999951, -23.775836799999979 ], [ -45.414507599999986, -23.775783699999977 ], [ -45.41425449999997, -23.775745799999989 ], [ -45.414055499999954, -23.775777599999969 ], [ -45.4138622, -23.775775899999914 ], [ -45.413767499999949, -23.775741599999954 ], [ -45.413708699999972, -23.775684299999956 ], [ -45.413685, -23.775606899999957 ], [ -45.413689199999965, -23.775478299999978 ], [ -45.413853399999937, -23.775147099999973 ], [ -45.413863799999952, -23.775004699999947 ], [ -45.41383639999998, -23.774888399999956 ], [ -45.41377719999997, -23.774835699999986 ], [ -45.413695699999948, -23.774804299999968 ], [ -45.413593399999975, -23.774798699999945 ], [ -45.413474599999979, -23.774834799999955 ], [ -45.41321419999997, -23.774967199999935 ], [ -45.412918699999985, -23.775155299999941 ], [ -45.412732, -23.775246599999956 ], [ -45.412639699999943, -23.775270299999928 ], [ -45.412517799999932, -23.775275699999941 ], [ -45.412411199999958, -23.775255899999937 ], [ -45.412287299999946, -23.775210299999973 ], [ -45.412055099999968, -23.775181799999931 ], [ -45.411558799999966, -23.775207899999934 ], [ -45.411210699999977, -23.775199399999956 ], [ -45.411150299999974, -23.775130799999928 ], [ -45.411098899999956, -23.775026699999948 ], [ -45.411101399999957, -23.774912799999981 ], [ -45.411175, -23.774729 ], [ -45.411366, -23.774439699999956 ], [ -45.411464299999977, -23.77421789999994 ], [ -45.411469599999968, -23.774130099999983 ], [ -45.411448699999937, -23.774037 ], [ -45.411412699999971, -23.773968299999975 ], [ -45.410979199999986, -23.773765599999926 ], [ -45.410606599999944, -23.773841199999922 ], [ -45.410395199999989, -23.773823299999943 ], [ -45.410315499999975, -23.773796799999957 ], [ -45.409998099999939, -23.773614199999926 ], [ -45.409909299999981, -23.77359239999992 ], [ -45.409585899999968, -23.773588899999929 ], [ -45.409336899999971, -23.773655799999968 ], [ -45.409157099999966, -23.773678399999934 ], [ -45.409013399999942, -23.77365529999997 ], [ -45.408952199999938, -23.773617699999928 ], [ -45.408884299999954, -23.773499099999981 ], [ -45.408880699999948, -23.773313199999965 ], [ -45.408981399999966, -23.773120399999971 ], [ -45.409117899999956, -23.773005399999914 ], [ -45.409315599999957, -23.772958699999947 ], [ -45.409884499999976, -23.773092799999965 ], [ -45.410136899999948, -23.773136199999957 ], [ -45.410563099999933, -23.773058299999935 ], [ -45.411628399999977, -23.772977599999937 ], [ -45.411936299999986, -23.77285739999996 ], [ -45.412109799999946, -23.77280849999994 ], [ -45.412513299999944, -23.772785899999977 ], [ -45.412778499999945, -23.772811899999965 ], [ -45.413150199999954, -23.772885599999938 ], [ -45.413390599999957, -23.772951899999953 ], [ -45.413590499999934, -23.772981399999921 ], [ -45.413747599999965, -23.772922899999966 ], [ -45.41389049999998, -23.772825099999977 ], [ -45.414141899999947, -23.772600199999943 ], [ -45.414252499999982, -23.772548599999933 ], [ -45.414390699999956, -23.772518499999933 ], [ -45.414702199999965, -23.772488699999943 ], [ -45.415037699999964, -23.772371399999937 ], [ -45.415207299999963, -23.772274299999943 ], [ -45.415352, -23.77215629999996 ], [ -45.415646699999968, -23.771993799999962 ], [ -45.41574479999997, -23.771965 ], [ -45.415949, -23.771917099999936 ], [ -45.41627079999995, -23.771803 ], [ -45.416367699999967, -23.771755899999949 ], [ -45.416484499999967, -23.771658399999982 ], [ -45.416524099999947, -23.771584399999927 ], [ -45.41651829999995, -23.771510299999921 ], [ -45.416435399999955, -23.771358499999959 ], [ -45.41637749999996, -23.771292299999974 ], [ -45.415999799999952, -23.771026499999948 ], [ -45.415576099999953, -23.770696699999966 ], [ -45.415023899999937, -23.770097799999959 ], [ -45.414749399999941, -23.769728299999937 ], [ -45.414626699999978, -23.769479899999965 ], [ -45.41450269999995, -23.76916319999998 ], [ -45.41449, -23.768951199999943 ], [ -45.414506399999937, -23.768839899999925 ], [ -45.414502499999976, -23.768719 ], [ -45.414205499999987, -23.768244899999956 ], [ -45.414035899999931, -23.768132699999967 ], [ -45.413932799999934, -23.767884199999969 ], [ -45.414004699999964, -23.767668899999922 ], [ -45.414142199999958, -23.767475299999944 ], [ -45.414340099999947, -23.767290599999964 ], [ -45.414720899999971, -23.767006299999945 ], [ -45.414873299999954, -23.766865199999923 ], [ -45.4149518, -23.766686399999976 ], [ -45.415125899999964, -23.76659949999992 ], [ -45.415378099999941, -23.766582299999978 ], [ -45.4158743, -23.766673 ], [ -45.416131299999961, -23.766840499999933 ], [ -45.416456799999935, -23.767006199999965 ], [ -45.416929699999976, -23.767182299999941 ], [ -45.417394299999955, -23.767275099999946 ], [ -45.417763199999968, -23.76745139999997 ], [ -45.418583299999973, -23.767630399999977 ], [ -45.41882419999996, -23.767700099999949 ], [ -45.419361099999946, -23.76773559999998 ], [ -45.419539799999939, -23.767580499999955 ], [ -45.420407499999961, -23.767416499999971 ], [ -45.422392199999933, -23.76826759999993 ], [ -45.42298789999996, -23.767948 ], [ -45.423177799999962, -23.767794899999956 ], [ -45.423215899999946, -23.767739699999929 ], [ -45.423231, -23.767568 ], [ -45.42320559999996, -23.767 ], [ -45.423220599999972, -23.766758699999979 ], [ -45.423305, -23.766470399999939 ], [ -45.423407399999974, -23.766275 ], [ -45.423773499999982, -23.765971399999959 ], [ -45.424052299999971, -23.765685199999954 ], [ -45.424227, -23.76541379999998 ], [ -45.424288299999944, -23.765241099999965 ], [ -45.42442779999994, -23.764982399999948 ], [ -45.42463209999994, -23.764737 ], [ -45.424958099999969, -23.764476 ], [ -45.425129499999969, -23.764377099999937 ], [ -45.42533009999994, -23.76418869999997 ], [ -45.425352299999986, -23.764075699999982 ], [ -45.425277199999982, -23.763928699999948 ], [ -45.42482259999997, -23.763560499999986 ], [ -45.424601, -23.76330819999998 ], [ -45.424475799999982, -23.763127899999983 ], [ -45.424221499999938, -23.762499899999959 ], [ -45.424149, -23.762218299999962 ], [ -45.424036299999962, -23.7619711 ], [ -45.422983199999969, -23.761033799999947 ], [ -45.422694799999931, -23.760777099999924 ], [ -45.422537099999943, -23.760563499999929 ], [ -45.422473099999934, -23.760186099999942 ], [ -45.422514699999958, -23.759988199999952 ], [ -45.422640599999966, -23.759792699999927 ], [ -45.422755099999961, -23.759680399999976 ], [ -45.422919599999943, -23.759564399999928 ], [ -45.421629499999938, -23.759399499999965 ], [ -45.421862099999942, -23.758942299999951 ], [ -45.422047899999932, -23.758492399999977 ], [ -45.422189, -23.757205199999923 ], [ -45.421496499999925, -23.757144199999971 ], [ -45.421135199999981, -23.757162599999955 ], [ -45.420388499999945, -23.757001799999948 ], [ -45.42017589999994, -23.757123299999943 ], [ -45.419991899999964, -23.757012399999955 ], [ -45.419992699999959, -23.756717 ], [ -45.419947799999932, -23.756404299999922 ], [ -45.419646, -23.756195 ], [ -45.419206, -23.756066 ], [ -45.418703, -23.755952099999941 ], [ -45.418698799999959, -23.75575949999995 ], [ -45.418483099999953, -23.755466399999928 ], [ -45.418363899999974, -23.755254199999968 ], [ -45.418222899999932, -23.755220499999943 ], [ -45.417915599999958, -23.75513669999998 ], [ -45.417894399999966, -23.754729899999969 ], [ -45.417802299999941, -23.754399199999966 ], [ -45.417611799999982, -23.75413129999998 ], [ -45.417459799999961, -23.753986199999922 ], [ -45.417316599999943, -23.753884699999958 ], [ -45.417208, -23.753721599999949 ], [ -45.417113199999967, -23.753411699999958 ], [ -45.416978799999981, -23.753171499999944 ], [ -45.416905199999974, -23.753102099999982 ], [ -45.416819, -23.753076199999949 ], [ -45.416544699999974, -23.753048699999972 ], [ -45.416349199999964, -23.753000099999952 ], [ -45.416168699999965, -23.752897199999946 ], [ -45.416111199999939, -23.752833199999934 ], [ -45.416070599999955, -23.752747 ], [ -45.416025299999937, -23.752634199999928 ], [ -45.415996, -23.752319 ], [ -45.416009499999973, -23.751683199999931 ], [ -45.415984499999979, -23.751598599999959 ], [ -45.415939699999967, -23.751521599999933 ], [ -45.415857, -23.751447799999927 ], [ -45.4156086, -23.751309899999971 ], [ -45.415427199999954, -23.751152299999934 ], [ -45.415378, -23.751034799999942 ], [ -45.415359099999939, -23.750927099999956 ], [ -45.41536739999998, -23.750835299999938 ], [ -45.415392799999942, -23.750779799999979 ], [ -45.415435699999939, -23.750735099999929 ], [ -45.415617099999956, -23.750618499999966 ], [ -45.41572489999993, -23.750504 ], [ -45.415799099999958, -23.750389099999946 ], [ -45.415802199999966, -23.750321199999977 ], [ -45.415773799999954, -23.750273899999968 ], [ -45.415721599999976, -23.750238099999923 ], [ -45.415606399999945, -23.750225599999961 ], [ -45.415364299999965, -23.750231499999916 ], [ -45.415128099999947, -23.750197799999974 ], [ -45.414852499999938, -23.750113699999936 ], [ -45.414585399999964, -23.749996799999952 ], [ -45.414519499999983, -23.749899299999964 ], [ -45.414533299999967, -23.749785499999966 ], [ -45.414462399999934, -23.749668399999972 ], [ -45.414347299999974, -23.749567399999933 ], [ -45.414227699999969, -23.749552299999952 ], [ -45.414066599999956, -23.749567899999931 ], [ -45.413913799999932, -23.749320799999957 ], [ -45.413840699999987, -23.74913179999993 ], [ -45.413821099999957, -23.749020599999938 ], [ -45.413800799999933, -23.748629299999962 ], [ -45.413822499999988, -23.748412199999958 ], [ -45.413818399999968, -23.748230399999954 ], [ -45.413799199999971, -23.748096499999978 ], [ -45.413665099999946, -23.747837 ], [ -45.413411799999949, -23.747487199999966 ], [ -45.413362299999967, -23.747391799999935 ], [ -45.413352599999932, -23.747296 ], [ -45.413365399999975, -23.747190899999961 ], [ -45.413394699999969, -23.747107 ], [ -45.413432, -23.74702539999992 ], [ -45.413574, -23.746863699999956 ], [ -45.413619899999958, -23.746779399999966 ], [ -45.413635499999948, -23.746701899999948 ], [ -45.413605299999979, -23.746631 ], [ -45.413346399999966, -23.746458199999946 ], [ -45.413285799999983, -23.746351799999946 ], [ -45.413245099999983, -23.746257399999934 ], [ -45.413243099999931, -23.746139899999942 ], [ -45.413277499999936, -23.745934499999976 ], [ -45.413268799999969, -23.745847499999961 ], [ -45.413233799999944, -23.745789799999951 ], [ -45.413156099999981, -23.745741899999921 ], [ -45.413001299999962, -23.745717 ], [ -45.412503099999981, -23.745802399999935 ], [ -45.412413499999964, -23.7458 ], [ -45.412329499999942, -23.745768 ], [ -45.412278099999973, -23.745721199999934 ], [ -45.412253899999939, -23.745532699999959 ], [ -45.412282899999987, -23.745335299999962 ], [ -45.41227379999998, -23.745264899999928 ], [ -45.412230199999954, -23.74521239999995 ], [ -45.412095799999975, -23.745175199999959 ], [ -45.411507499999971, -23.745162299999951 ], [ -45.411342899999966, -23.745117499999928 ], [ -45.411096199999974, -23.744956599999959 ], [ -45.41084909999995, -23.744636299999954 ], [ -45.410585799999978, -23.74436669999994 ], [ -45.410198799999932, -23.744078 ], [ -45.409811399999967, -23.743814599999958 ], [ -45.409659799999986, -23.743689799999963 ], [ -45.409327399999938, -23.743366 ], [ -45.408995599999969, -23.742984099999951 ], [ -45.408299899999982, -23.742332199999961 ], [ -45.407866499999955, -23.742068099999987 ], [ -45.407657599999936, -23.741904299999923 ], [ -45.407352499999945, -23.741563599999949 ], [ -45.406837099999969, -23.740886299999946 ], [ -45.406550399999965, -23.74057 ], [ -45.406103199999961, -23.740225 ], [ -45.405891799999957, -23.740088499999949 ], [ -45.405562699999962, -23.739906899999941 ], [ -45.405494199999964, -23.739826299999947 ], [ -45.405394099999967, -23.739648799999934 ], [ -45.405356799999936, -23.739407499999967 ], [ -45.405288499999983, -23.739349299999954 ], [ -45.40510009999997, -23.739312099999953 ], [ -45.40502639999994, -23.739320599999918 ], [ -45.404494799999945, -23.739444699999979 ], [ -45.404245499999952, -23.739481699999939 ], [ -45.404081399999946, -23.73946729999993 ], [ -45.403952199999935, -23.739423899999966 ], [ -45.403839299999959, -23.739349899999979 ], [ -45.403757899999967, -23.739266499999925 ], [ -45.403710299999943, -23.739184499999958 ], [ -45.403678399999933, -23.739078699999936 ], [ -45.403671399999951, -23.738971299999942 ], [ -45.403709499999941, -23.738639599999939 ], [ -45.403776399999977, -23.738355099999971 ], [ -45.403752099999963, -23.737891 ], [ -45.403676599999983, -23.737446099999929 ], [ -45.403757299999931, -23.737304399999982 ], [ -45.403859299999965, -23.737250599999985 ], [ -45.403809899999942, -23.737092 ], [ -45.403714, -23.736867199999942 ], [ -45.403767699999953, -23.736749699999951 ], [ -45.403885399999986, -23.736607099999961 ], [ -45.404112599999962, -23.736419199999936 ], [ -45.404172899999935, -23.73633459999995 ], [ -45.404174499999954, -23.736268299999946 ], [ -45.404097299999933, -23.736139899999959 ], [ -45.404000099999962, -23.736079199999946 ], [ -45.403860799999961, -23.736032399999946 ], [ -45.403423699999955, -23.735926099999972 ], [ -45.402695299999955, -23.735832399999932 ], [ -45.402402499999944, -23.73577419999997 ], [ -45.402172499999949, -23.735692899999954 ], [ -45.402003, -23.735594599999949 ], [ -45.401845299999934, -23.735485099999952 ], [ -45.401690199999962, -23.735334699999949 ], [ -45.401335599999982, -23.734781 ], [ -45.401312599999983, -23.734661 ], [ -45.401328299999939, -23.734547599999921 ], [ -45.401379399999932, -23.73446609999996 ], [ -45.401460899999968, -23.73440979999997 ], [ -45.401564399999984, -23.734393399999931 ], [ -45.401893299999983, -23.734445699999974 ], [ -45.402118599999937, -23.734430399999951 ], [ -45.402408299999934, -23.734294499999972 ], [ -45.402635499999974, -23.734268499999928 ], [ -45.402816799999982, -23.734298299999974 ], [ -45.40297529999998, -23.734363199999954 ], [ -45.403469499999964, -23.734636799999972 ], [ -45.403629299999977, -23.73469409999996 ], [ -45.404041, -23.734721799999928 ], [ -45.404249, -23.734703899999939 ], [ -45.404726699999969, -23.734480399999949 ], [ -45.40483519999998, -23.734469299999944 ], [ -45.40551289999997, -23.734561099999944 ], [ -45.405736299999944, -23.734544499999966 ], [ -45.405812499999968, -23.734509 ], [ -45.40586459999998, -23.734440899999978 ], [ -45.405847399999978, -23.734298 ], [ -45.405805, -23.734238199999929 ], [ -45.405773499999952, -23.734153799999945 ], [ -45.405791499999964, -23.734040899999968 ], [ -45.405852099999947, -23.733946399999986 ], [ -45.405954099999974, -23.733886 ], [ -45.406380399999932, -23.733830399999931 ], [ -45.406448799999964, -23.733807899999938 ], [ -45.406574499999977, -23.733721 ], [ -45.406609599999975, -23.73358189999993 ], [ -45.406591499999934, -23.73349739999998 ], [ -45.406308299999978, -23.73313 ], [ -45.40616109999997, -23.73287369999996 ], [ -45.406028799999937, -23.732524599999969 ], [ -45.406006899999966, -23.732412099999969 ], [ -45.406027099999967, -23.732311199999959 ], [ -45.406092699999938, -23.732262 ], [ -45.406310399999946, -23.732155599999942 ], [ -45.406314, -23.73202789999992 ], [ -45.406346699999972, -23.73194739999996 ], [ -45.406459899999959, -23.731920799999958 ], [ -45.406506699999959, -23.731887699999945 ], [ -45.406538899999937, -23.731848299999967 ], [ -45.406569699999977, -23.731764799999947 ], [ -45.406572399999959, -23.731688799999954 ], [ -45.406537499999963, -23.731552399999938 ], [ -45.406323099999959, -23.731173 ], [ -45.406248399999974, -23.730937899999958 ], [ -45.406242599999985, -23.730845599999949 ], [ -45.406261899999954, -23.730720399999932 ], [ -45.406325, -23.730543299999972 ], [ -45.406336199999949, -23.730463899999961 ], [ -45.406326899999954, -23.730233 ], [ -45.405963699999973, -23.729707199999954 ], [ -45.40543, -23.728934699999954 ], [ -45.405112099999947, -23.728426199999937 ], [ -45.404700699999985, -23.727881499999956 ], [ -45.404098199999964, -23.727020299999936 ], [ -45.40406269999994, -23.726887 ], [ -45.404072699999972, -23.726779099999916 ], [ -45.404115699999977, -23.726696799999946 ], [ -45.404215299999983, -23.72666919999994 ], [ -45.404412399999956, -23.726692199999945 ], [ -45.404633699999977, -23.726786 ], [ -45.405102099999965, -23.727071199999955 ], [ -45.406076199999973, -23.7275691 ], [ -45.406262399999953, -23.727702 ], [ -45.406562099999967, -23.727950899999943 ], [ -45.406948299999961, -23.728361599999968 ], [ -45.407141199999963, -23.72860559999997 ], [ -45.407244799999944, -23.728668499999962 ], [ -45.407471399999963, -23.728727499999927 ], [ -45.407556799999959, -23.728721899999979 ], [ -45.407638299999974, -23.728692699999947 ], [ -45.407747699999966, -23.72856569999993 ], [ -45.407870399999979, -23.728274 ], [ -45.407997899999941, -23.728060599999935 ], [ -45.408084199999962, -23.727967899999946 ], [ -45.408184199999937, -23.727894099999951 ], [ -45.408663899999972, -23.727621099999958 ], [ -45.408854199999944, -23.727563099999934 ], [ -45.4090528, -23.727533599999962 ], [ -45.409172699999942, -23.727502399999938 ], [ -45.409300199999961, -23.727422 ], [ -45.409328799999969, -23.727359099999944 ], [ -45.409344799999985, -23.727189899999932 ], [ -45.409288799999963, -23.72660459999997 ], [ -45.409312199999931, -23.726439899999939 ], [ -45.409347899999943, -23.726333799999956 ], [ -45.40942, -23.726234799999922 ], [ -45.409613399999948, -23.726104299999971 ], [ -45.409798299999984, -23.726045699999926 ], [ -45.410164099999982, -23.726035699999947 ], [ -45.41048539999997, -23.726083099999972 ], [ -45.410822399999972, -23.726175 ], [ -45.411444899999935, -23.72640059999997 ], [ -45.412014499999941, -23.726669699999942 ], [ -45.412428599999934, -23.72691639999994 ], [ -45.412953599999987, -23.727155499999984 ], [ -45.413182299999953, -23.727365599999935 ], [ -45.413332899999936, -23.72754469999995 ], [ -45.413421399999947, -23.727569099999986 ], [ -45.413497099999972, -23.727550299999955 ], [ -45.413620599999952, -23.72738779999997 ], [ -45.413723499999939, -23.727119199999954 ], [ -45.413784399999948, -23.727027499999956 ], [ -45.413894099999936, -23.726977099999935 ], [ -45.414022199999977, -23.726955 ], [ -45.414137199999978, -23.726962199999935 ], [ -45.414283099999977, -23.727014699999913 ], [ -45.414557399999985, -23.727185699999932 ], [ -45.414665299999967, -23.727228699999962 ], [ -45.414862899999953, -23.727342399999937 ], [ -45.415071499999961, -23.727495399999942 ], [ -45.415283399999964, -23.727702699999949 ], [ -45.415551199999989, -23.728047699999941 ], [ -45.416162399999969, -23.728632899999983 ], [ -45.416327, -23.728836199999929 ], [ -45.41635979999996, -23.72893739999995 ], [ -45.416321799999942, -23.729075499999968 ], [ -45.416257499999979, -23.729145399999936 ], [ -45.41616879999998, -23.729194599999964 ], [ -45.416038499999956, -23.729233699999941 ], [ -45.415503299999962, -23.729285899999976 ], [ -45.415147899999965, -23.729361 ], [ -45.4150691, -23.72939139999994 ], [ -45.414981, -23.72945419999996 ], [ -45.414943799999953, -23.729555199999929 ], [ -45.414967699999984, -23.729642899999934 ], [ -45.415057, -23.729725099999939 ], [ -45.415516299999986, -23.730019299999984 ], [ -45.415715899999952, -23.730203499999966 ], [ -45.415862, -23.730406299999977 ], [ -45.415963199999965, -23.730690099999947 ], [ -45.416045199999978, -23.730790699999943 ], [ -45.416205199999986, -23.73078589999994 ], [ -45.416514599999971, -23.730678499999943 ], [ -45.416637599999945, -23.730678799999946 ], [ -45.417219799999941, -23.730910299999952 ], [ -45.417686799999956, -23.731078099999937 ], [ -45.418142599999953, -23.731336899999967 ], [ -45.418598299999985, -23.731535699999942 ], [ -45.418937799999988, -23.731815399999949 ], [ -45.419081699999936, -23.731962399999926 ], [ -45.419332099999963, -23.732316399999924 ], [ -45.419007399999941, -23.732616799999956 ], [ -45.41903439999993, -23.732814899999926 ], [ -45.419043199999976, -23.733136599999956 ], [ -45.418998799999947, -23.733365 ], [ -45.419218699999931, -23.733550099999935 ], [ -45.419531799999959, -23.733687599999943 ], [ -45.41991969999998, -23.734075399999934 ], [ -45.420062599999937, -23.734157699999965 ], [ -45.420176499999975, -23.734189799999967 ], [ -45.420271799999966, -23.734281599999974 ], [ -45.420582199999956, -23.734448099999945 ], [ -45.420799899999963, -23.734657799999979 ], [ -45.421217, -23.734727299999971 ], [ -45.42204849999996, -23.734720699999958 ], [ -45.422276099999976, -23.734762099999951 ], [ -45.42248409999997, -23.734903199999962 ], [ -45.423151899999937, -23.735025699999937 ], [ -45.423282, -23.735064899999944 ], [ -45.423469799999971, -23.735666299999927 ], [ -45.423854499999948, -23.736024099999952 ], [ -45.424071499999968, -23.736203 ], [ -45.424194499999949, -23.736391099999928 ], [ -45.424312299999947, -23.736514299999961 ], [ -45.424379399999964, -23.73665289999996 ], [ -45.424602899999968, -23.736773399999933 ], [ -45.424728299999977, -23.736873299999949 ], [ -45.424845399999974, -23.7369394 ], [ -45.42497259999994, -23.737087199999952 ], [ -45.42505, -23.737097199999948 ], [ -45.425148799999931, -23.73718839999998 ], [ -45.425247599999985, -23.737248799999975 ], [ -45.425412, -23.73728239999998 ], [ -45.425757399999959, -23.73727359999997 ], [ -45.426113699999974, -23.735399099999949 ], [ -45.426159899999966, -23.735268 ], [ -45.426187, -23.73463489999995 ], [ -45.426259099999982, -23.734281399999933 ], [ -45.426281399999937, -23.733992599999961 ], [ -45.426266899999973, -23.733897499999959 ], [ -45.426337, -23.733809599999969 ], [ -45.426404399999974, -23.733614199999973 ], [ -45.426503099999927, -23.733541099999968 ], [ -45.426629099999957, -23.733126599999938 ], [ -45.426686399999937, -23.733023699999926 ], [ -45.426710399999941, -23.732645399999956 ], [ -45.426805299999955, -23.732309299999944 ], [ -45.426817799999988, -23.732146199999917 ], [ -45.426943399999963, -23.73197429999993 ], [ -45.427152, -23.731427399999969 ], [ -45.427227699999946, -23.731282599999922 ], [ -45.427325899999978, -23.731164699999951 ], [ -45.427499, -23.730874 ], [ -45.427729499999941, -23.730582599999927 ], [ -45.427843599999967, -23.730386499999948 ], [ -45.427932599999963, -23.730197399999945 ], [ -45.427982499999985, -23.73004579999996 ], [ -45.428140299999939, -23.729822799999969 ], [ -45.428714299999967, -23.728850899999927 ], [ -45.429640599999978, -23.729158199999976 ], [ -45.430450099999973, -23.728929799999939 ], [ -45.430703899999976, -23.728796 ], [ -45.431162599999944, -23.728509599999949 ], [ -45.432163099999968, -23.728226899999985 ], [ -45.432922499999968, -23.727849899999956 ], [ -45.433334499999944, -23.727785799999939 ], [ -45.433538599999963, -23.727992799999971 ], [ -45.433493199999937, -23.728283699999963 ], [ -45.433244, -23.728661899999956 ], [ -45.432779499999981, -23.729161099999946 ], [ -45.432511899999952, -23.729454499999967 ], [ -45.432298499999945, -23.729920099999955 ], [ -45.43232329999995, -23.730058099999944 ], [ -45.432533199999959, -23.730371 ], [ -45.432844499999931, -23.730673299999975 ], [ -45.433094099999948, -23.730904199999934 ], [ -45.43331059999997, -23.731405699999982 ], [ -45.433363, -23.731708199999954 ], [ -45.43321039999995, -23.732113599999931 ], [ -45.432762599999933, -23.732384499999959 ], [ -45.432290699999953, -23.732610799999978 ], [ -45.431796899999938, -23.733040499999944 ], [ -45.431629199999982, -23.733210399999958 ], [ -45.431646599999965, -23.73344169999995 ], [ -45.431865199999955, -23.733577399999941 ], [ -45.432596, -23.733595299999934 ], [ -45.43308849999994, -23.733725799999949 ], [ -45.433599099999988, -23.73364349999996 ], [ -45.434077399999978, -23.733453399999973 ], [ -45.434762199999966, -23.733453699999917 ], [ -45.434984899999968, -23.733675699999939 ], [ -45.43516529999993, -23.734136799999927 ], [ -45.435310699999953, -23.734291699999975 ], [ -45.435315899999978, -23.734296099999938 ], [ -45.435384, -23.734119199999942 ], [ -45.435487899999949, -23.733959599999942 ], [ -45.435662199999967, -23.733562599999967 ], [ -45.435701599999959, -23.733319499999936 ], [ -45.435565299999951, -23.733049799999943 ], [ -45.435233299999943, -23.732648799999936 ], [ -45.435155099999982, -23.732440399999959 ], [ -45.435207799999944, -23.732333599999947 ], [ -45.435457099999958, -23.73236 ], [ -45.435975799999945, -23.732567199999938 ], [ -45.436282099999964, -23.73262329999995 ], [ -45.436694899999964, -23.732548 ], [ -45.43768069999993, -23.732173099999958 ], [ -45.438012299999976, -23.731883099999951 ], [ -45.438152799999955, -23.731634299999946 ], [ -45.438220499999943, -23.731359599999966 ], [ -45.43831119999993, -23.730595199999986 ], [ -45.438462399999942, -23.730329199999964 ], [ -45.4385329, -23.730284899999955 ], [ -45.43862, -23.730230299999963 ], [ -45.438718, -23.730206499999944 ], [ -45.438884899999955, -23.730234 ], [ -45.439031399999983, -23.730333 ], [ -45.439354299999934, -23.730661799999936 ], [ -45.43971229999994, -23.73089919999995 ], [ -45.439966699999957, -23.731006 ], [ -45.440535099999977, -23.731080199999958 ], [ -45.44091439999994, -23.731276 ], [ -45.441047599999933, -23.731442599999962 ], [ -45.44125669999994, -23.731598299999963 ], [ -45.441370399999983, -23.731775099999936 ], [ -45.441457599999985, -23.732030499999947 ], [ -45.441442799999955, -23.732300599999974 ], [ -45.441219799999949, -23.732811599999927 ], [ -45.441190199999937, -23.733332799999967 ], [ -45.441259199999941, -23.733440099999921 ], [ -45.441378099999952, -23.733484899999951 ], [ -45.441420499999936, -23.733476499999934 ], [ -45.441553599999963, -23.733450099999974 ], [ -45.442292099999982, -23.733075899999957 ], [ -45.443192199999942, -23.732893599999951 ], [ -45.443392, -23.732799899999979 ], [ -45.443630699999972, -23.732567099999983 ], [ -45.443789199999976, -23.732461899999969 ], [ -45.443896199999976, -23.732459799999958 ], [ -45.444018, -23.732500099999967 ], [ -45.444117399999982, -23.73261 ], [ -45.444183599999974, -23.733027099999962 ], [ -45.444315099999983, -23.733310299999971 ], [ -45.444594799999955, -23.733632899999971 ], [ -45.445402199999926, -23.734476899999944 ], [ -45.445795599999947, -23.734737699999972 ], [ -45.445866599999931, -23.734840499999954 ], [ -45.445967899999971, -23.735211399999969 ], [ -45.446064299999925, -23.735296 ], [ -45.446262599999947, -23.735322599999957 ], [ -45.446416399999976, -23.735245399999936 ], [ -45.44670119999995, -23.735019599999926 ], [ -45.44680569999997, -23.734898299999934 ], [ -45.447067199999935, -23.734467599999963 ], [ -45.447508699999958, -23.733303799999923 ], [ -45.447608199999934, -23.73315 ], [ -45.447787199999944, -23.732989599999932 ], [ -45.447993299999958, -23.732997099999977 ], [ -45.448327699999936, -23.733248199999931 ], [ -45.448452599999939, -23.73330739999993 ], [ -45.448732199999938, -23.733307499999956 ], [ -45.449155699999956, -23.733221399999927 ], [ -45.449297399999978, -23.733320299999939 ], [ -45.449312699999957, -23.733516299999955 ], [ -45.449187099999953, -23.733772299999945 ], [ -45.448162799999977, -23.735224 ], [ -45.448035299999951, -23.735529699999969 ], [ -45.448073399999949, -23.735767099999986 ], [ -45.448136599999941, -23.735897 ], [ -45.448340099999939, -23.735991299999959 ], [ -45.44893449999995, -23.735940799999977 ], [ -45.449236799999937, -23.73596249999996 ], [ -45.449482199999984, -23.736016899999989 ], [ -45.449673899999937, -23.736118399999953 ], [ -45.449793, -23.736220099999972 ], [ -45.449954699999978, -23.736446299999958 ], [ -45.45033959999995, -23.737119899999971 ], [ -45.450435099999936, -23.737485499999934 ], [ -45.450503099999935, -23.737569299999958 ], [ -45.450602299999957, -23.737596099999966 ], [ -45.450707199999961, -23.737567799999965 ], [ -45.450953799999979, -23.737400899999948 ], [ -45.451741899999952, -23.736599199999947 ], [ -45.451982599999944, -23.736406099999957 ], [ -45.452064899999982, -23.736377 ], [ -45.452184699999975, -23.736391099999928 ], [ -45.452262399999938, -23.736457699999956 ], [ -45.452269699999938, -23.736582299999938 ], [ -45.451825, -23.737653899999934 ], [ -45.45166149999995, -23.738307499999955 ], [ -45.451691299999936, -23.738436499999974 ], [ -45.451837, -23.738572499999965 ], [ -45.452047, -23.738579099999981 ], [ -45.452338199999986, -23.738528599999938 ], [ -45.452604199999946, -23.738556699999936 ], [ -45.452714299999968, -23.73859879999997 ], [ -45.452988899999973, -23.738841899999947 ], [ -45.453203, -23.739188099999982 ], [ -45.453343799999978, -23.739321399999945 ], [ -45.453441899999973, -23.739334699999969 ], [ -45.453545799999965, -23.739300899999932 ], [ -45.453631899999955, -23.739224799999931 ], [ -45.45392389999995, -23.738818399999953 ], [ -45.454103, -23.73840419999993 ], [ -45.454397099999937, -23.738056499999974 ], [ -45.454654599999969, -23.737894 ], [ -45.455069199999969, -23.737762699999962 ], [ -45.455348699999945, -23.737730299999964 ], [ -45.455643099999982, -23.737751099999958 ], [ -45.455879, -23.737852499999967 ], [ -45.456035599999957, -23.738039 ], [ -45.456191, -23.738419699999945 ], [ -45.456222199999957, -23.738651799999946 ], [ -45.456193699999979, -23.739201899999955 ], [ -45.455955899999935, -23.740229599999953 ], [ -45.456016199999965, -23.740641299999925 ], [ -45.456156099999923, -23.740798899999966 ], [ -45.456342499999948, -23.740805599999927 ], [ -45.456737699999969, -23.740726799999937 ], [ -45.456856599999981, -23.740779699999962 ], [ -45.456917, -23.740947499999944 ], [ -45.456917499999975, -23.741065 ], [ -45.45670129999997, -23.741532599999978 ], [ -45.4567024, -23.741852299999945 ], [ -45.456795499999942, -23.74210039999997 ], [ -45.457135099999959, -23.742413799999955 ], [ -45.457255399999958, -23.742588599999973 ], [ -45.457293099999958, -23.742699599999977 ], [ -45.457414099999944, -23.742806699999957 ], [ -45.457530899999945, -23.742802799999929 ], [ -45.457705099999949, -23.742679399999922 ], [ -45.457770599999947, -23.742588399999928 ], [ -45.457814699999972, -23.742297099999977 ], [ -45.457833699999988, -23.742173599999937 ], [ -45.458437599999975, -23.741490699999922 ], [ -45.458553399999971, -23.741134099999964 ], [ -45.458319599999982, -23.74022019999995 ], [ -45.458085899999951, -23.739306399999979 ], [ -45.458335, -23.738769899999966 ], [ -45.458468099999941, -23.738483199999969 ], [ -45.458332599999956, -23.7373 ], [ -45.458335399999953, -23.737275299999961 ], [ -45.458444399999969, -23.736300699999962 ], [ -45.45886349999995, -23.735620199999982 ], [ -45.45896579999993, -23.735273599999967 ], [ -45.458846199999989, -23.734327 ], [ -45.458902799999976, -23.733524499999934 ], [ -45.458478899999925, -23.733126699999968 ], [ -45.457653299999947, -23.733011599999934 ], [ -45.45727009999996, -23.73277279999996 ], [ -45.457243799999958, -23.732589899999933 ], [ -45.457217399999934, -23.732407 ], [ -45.457602799999961, -23.731820499999962 ], [ -45.457614699999965, -23.7314 ], [ -45.457289299999964, -23.730969099999975 ], [ -45.456530699999973, -23.730521599999967 ], [ -45.456190099999958, -23.730142599999969 ], [ -45.4560408, -23.729003599999949 ], [ -45.455878699999978, -23.72869 ], [ -45.455343899999946, -23.728171399999958 ], [ -45.454602299999976, -23.727754 ], [ -45.454246699999942, -23.727553899999975 ], [ -45.453729599999981, -23.727124099999973 ], [ -45.453404599999942, -23.726686899999955 ], [ -45.453258099999971, -23.726091 ], [ -45.45311959999998, -23.72589609999994 ], [ -45.452489899999932, -23.725685099999954 ], [ -45.452459799999986, -23.725366199999947 ], [ -45.452308099999989, -23.725266499999972 ], [ -45.45202, -23.725229899999938 ], [ -45.451845699999986, -23.725207799999957 ], [ -45.451189599999964, -23.725124499999943 ], [ -45.447863299999938, -23.725029099999972 ], [ -45.447163, -23.724924 ], [ -45.446812899999941, -23.724871499999949 ], [ -45.4464627, -23.724818899999942 ], [ -45.445792, -23.72471829999995 ], [ -45.445507, -23.724726 ], [ -45.445472799999948, -23.724701499999973 ], [ -45.445438499999966, -23.724677 ], [ -45.44537, -23.724628 ], [ -45.445283, -23.72457 ], [ -45.445206, -23.724522 ], [ -45.44514, -23.724486 ], [ -45.445083, -23.724458 ], [ -45.445033, -23.724436 ], [ -45.44499, -23.72442 ], [ -45.444953, -23.724406 ], [ -45.444919, -23.724394 ], [ -45.444888, -23.724383 ], [ -45.444858, -23.724371 ], [ -45.444828, -23.724357 ], [ -45.444796, -23.72434 ], [ -45.444764, -23.724321 ], [ -45.444731, -23.724301 ], [ -45.444698, -23.72428 ], [ -45.444667, -23.724261 ], [ -45.444638, -23.724243 ], [ -45.44461, -23.724226 ], [ -45.444582, -23.724209 ], [ -45.444555, -23.724191 ], [ -45.444528, -23.724172 ], [ -45.4445, -23.724151 ], [ -45.444472, -23.724129 ], [ -45.444445, -23.724107 ], [ -45.44442, -23.724087 ], [ -45.444399, -23.724068 ], [ -45.444382, -23.724052 ], [ -45.444368, -23.724039 ], [ -45.444356, -23.724027 ], [ -45.444344, -23.724017 ], [ -45.444332, -23.724007 ], [ -45.444318, -23.723997 ], [ -45.444302, -23.723987 ], [ -45.444283, -23.723977 ], [ -45.444263, -23.723966 ], [ -45.444239, -23.723956 ], [ -45.444214, -23.723946 ], [ -45.444187, -23.723936 ], [ -45.44416, -23.723926 ], [ -45.444135, -23.723917 ], [ -45.444112, -23.723909 ], [ -45.444093, -23.723902 ], [ -45.444077, -23.723895 ], [ -45.444063, -23.723889 ], [ -45.44405, -23.723884 ], [ -45.444036, -23.723878 ], [ -45.44402, -23.723872 ], [ -45.444003, -23.723866 ], [ -45.443985, -23.72386 ], [ -45.443965, -23.723853 ], [ -45.443945, -23.723847 ], [ -45.443923, -23.72384 ], [ -45.443902, -23.723833 ], [ -45.44388, -23.723827 ], [ -45.44386, -23.723821 ], [ -45.443843, -23.723815 ], [ -45.443827, -23.723811 ], [ -45.443815, -23.723806 ], [ -45.443804, -23.723803 ], [ -45.443795, -23.7238 ], [ -45.443789, -23.723798 ], [ -45.443783, -23.723796 ], [ -45.443778, -23.723794 ], [ -45.443771, -23.723792 ], [ -45.443763, -23.723788 ], [ -45.44375, -23.723781 ], [ -45.443732, -23.723773 ], [ -45.443711, -23.723762 ], [ -45.443687, -23.72375 ], [ -45.443662, -23.723737 ], [ -45.443638, -23.723723 ], [ -45.443615, -23.72371 ], [ -45.443593, -23.723696 ], [ -45.443573, -23.723682 ], [ -45.443553, -23.723667 ], [ -45.443534, -23.723652 ], [ -45.443516, -23.723635 ], [ -45.443495, -23.723614 ], [ -45.443469, -23.723586 ], [ -45.443436, -23.723548 ], [ -45.443393, -23.723495 ], [ -45.443338, -23.723428 ], [ -45.443275, -23.72335 ], [ -45.443209, -23.723267 ], [ -45.443144, -23.723186 ], [ -45.443084, -23.723113 ], [ -45.443032, -23.723052 ], [ -45.442989, -23.723003 ], [ -45.442952, -23.722963 ], [ -45.442919, -23.72293 ], [ -45.442888, -23.722901 ], [ -45.442857, -23.722874 ], [ -45.442827, -23.722849 ], [ -45.442797, -23.722826 ], [ -45.442769, -23.722804 ], [ -45.442743, -23.722784 ], [ -45.442718, -23.722765 ], [ -45.442694, -23.722747 ], [ -45.442672, -23.722731 ], [ -45.442651, -23.722715 ], [ -45.44263, -23.722701 ], [ -45.442609, -23.722688 ], [ -45.442588, -23.722676 ], [ -45.442566, -23.722663 ], [ -45.442545, -23.722652 ], [ -45.442522, -23.722639 ], [ -45.442498, -23.722626 ], [ -45.442473, -23.722612 ], [ -45.442446, -23.722598 ], [ -45.442417, -23.722583 ], [ -45.442385, -23.722568 ], [ -45.442351, -23.722552 ], [ -45.442315, -23.722536 ], [ -45.442276, -23.72252 ], [ -45.442237, -23.722504 ], [ -45.442216499999972, -23.722495499999972 ], [ -45.442196, -23.722487 ], [ -45.442156, -23.722472 ], [ -45.442135, -23.722464 ], [ -45.442114, -23.722456 ], [ -45.442072, -23.72244 ], [ -45.44203, -23.722425 ], [ -45.441986, -23.72241 ], [ -45.441953, -23.722399 ], [ -45.441941, -23.722395 ], [ -45.44189, -23.72238 ], [ -45.441831, -23.722364 ], [ -45.44176, -23.722347 ], [ -45.441672, -23.722329 ], [ -45.441568, -23.722309 ], [ -45.441459, -23.72229 ], [ -45.441362, -23.722273 ], [ -45.441292, -23.722262 ], [ -45.441266, -23.722257 ], [ -45.441254, -23.722255 ], [ -45.441224, -23.722249 ], [ -45.441181, -23.72224 ], [ -45.441133, -23.722229 ], [ -45.441086, -23.722219 ], [ -45.441045, -23.72221 ], [ -45.44101, -23.722201 ], [ -45.440978, -23.722193 ], [ -45.440946, -23.722185 ], [ -45.440912, -23.722176 ], [ -45.440875, -23.722166 ], [ -45.440834, -23.722156 ], [ -45.440791, -23.722144 ], [ -45.440747, -23.722132 ], [ -45.440703, -23.722118 ], [ -45.44066, -23.722104 ], [ -45.440618, -23.722089 ], [ -45.440580799999964, -23.722075399999923 ], [ -45.440577, -23.722074 ], [ -45.440557, -23.722066 ], [ -45.440537, -23.722058 ], [ -45.440496, -23.722042 ], [ -45.440456, -23.722026 ], [ -45.440416, -23.72201 ], [ -45.440376, -23.721994 ], [ -45.440336, -23.721978 ], [ -45.440296, -23.721962 ], [ -45.440255, -23.721946 ], [ -45.440213, -23.721928 ], [ -45.440169, -23.721909 ], [ -45.440119, -23.721887 ], [ -45.440064, -23.721862 ], [ -45.440002, -23.721832 ], [ -45.439931, -23.721797 ], [ -45.439849, -23.721757 ], [ -45.439755, -23.72171 ], [ -45.439648, -23.721656 ], [ -45.439526, -23.721595 ], [ -45.439395, -23.72153 ], [ -45.439262, -23.721463 ], [ -45.439131, -23.721397 ], [ -45.43907, -23.721367 ], [ -45.439009, -23.721337 ], [ -45.438902, -23.721283 ], [ -45.438855, -23.721259 ], [ -45.438807499999939, -23.721235 ], [ -45.438727, -23.721193 ], [ -45.438656, -23.721155 ], [ -45.438596, -23.721119 ], [ -45.438543, -23.721084 ], [ -45.438496, -23.721048 ], [ -45.438454, -23.721012 ], [ -45.438414, -23.720972 ], [ -45.438375, -23.72093 ], [ -45.438335, -23.720882 ], [ -45.438295, -23.720832 ], [ -45.438256, -23.72078 ], [ -45.438218, -23.720729 ], [ -45.438182, -23.720681 ], [ -45.438149, -23.720637 ], [ -45.438119, -23.720597 ], [ -45.438092, -23.72056 ], [ -45.438066, -23.720528 ], [ -45.438054, -23.720513 ], [ -45.438042, -23.720498 ], [ -45.438018, -23.720471 ], [ -45.437995, -23.720446 ], [ -45.437972, -23.720422 ], [ -45.437948, -23.720397 ], [ -45.437922, -23.720372 ], [ -45.437894, -23.720345 ], [ -45.437866, -23.720317 ], [ -45.437838, -23.720289 ], [ -45.437812, -23.720262 ], [ -45.43779, -23.720236 ], [ -45.43777, -23.720213 ], [ -45.437755, -23.720192 ], [ -45.437742, -23.720172 ], [ -45.437732, -23.720153 ], [ -45.437723, -23.720135 ], [ -45.437715, -23.720118 ], [ -45.437707, -23.7201 ], [ -45.4377, -23.720081 ], [ -45.437693, -23.720061 ], [ -45.437686, -23.720039 ], [ -45.437678, -23.720015 ], [ -45.43767, -23.71999 ], [ -45.437662, -23.719964 ], [ -45.437654, -23.719939 ], [ -45.437647, -23.719915 ], [ -45.43764, -23.719893 ], [ -45.437633, -23.719874 ], [ -45.437627, -23.719857 ], [ -45.437621, -23.719841 ], [ -45.437615, -23.719826 ], [ -45.437608, -23.719813 ], [ -45.437601, -23.719799 ], [ -45.437592, -23.719784 ], [ -45.43758, -23.719767 ], [ -45.437564, -23.719746 ], [ -45.437544, -23.719722 ], [ -45.43752, -23.719693 ], [ -45.437493, -23.719661 ], [ -45.437464, -23.719627 ], [ -45.437434, -23.71959 ], [ -45.437404, -23.71955 ], [ -45.437375, -23.719509 ], [ -45.437344, -23.719465 ], [ -45.437314, -23.719418 ], [ -45.437282, -23.719367 ], [ -45.437248, -23.719313 ], [ -45.437213, -23.719255 ], [ -45.437177, -23.719195 ], [ -45.43714, -23.719133 ], [ -45.437101, -23.71907 ], [ -45.437061, -23.719006 ], [ -45.437021, -23.718942 ], [ -45.436983, -23.718881 ], [ -45.436947, -23.718822 ], [ -45.436915, -23.718769 ], [ -45.436887, -23.718721 ], [ -45.436864, -23.718678 ], [ -45.436856, -23.718662 ], [ -45.436845, -23.718639 ], [ -45.436827, -23.718602 ], [ -45.436812, -23.718567 ], [ -45.436797, -23.718534 ], [ -45.436784, -23.718501 ], [ -45.436772, -23.71847 ], [ -45.43676, -23.718441 ], [ -45.43675, -23.718415 ], [ -45.436742, -23.718393 ], [ -45.436734, -23.718372 ], [ -45.436728, -23.718354 ], [ -45.436723, -23.718335 ], [ -45.436719, -23.718317 ], [ -45.436715, -23.718297 ], [ -45.436712, -23.718276 ], [ -45.436709, -23.718254 ], [ -45.436706, -23.718232 ], [ -45.436703, -23.71821 ], [ -45.4367, -23.718187 ], [ -45.436696, -23.718165 ], [ -45.436692, -23.718141 ], [ -45.436688, -23.718116 ], [ -45.436683, -23.71809 ], [ -45.436679, -23.718061 ], [ -45.436674, -23.718031 ], [ -45.43667, -23.718 ], [ -45.436665, -23.71797 ], [ -45.436659, -23.71794 ], [ -45.436653, -23.717911 ], [ -45.436647, -23.717883 ], [ -45.43664, -23.717857 ], [ -45.436632, -23.717831 ], [ -45.436625, -23.717806 ], [ -45.436617, -23.717781 ], [ -45.436609, -23.717756 ], [ -45.4366, -23.717731 ], [ -45.436591, -23.717705 ], [ -45.436581, -23.717678 ], [ -45.43657, -23.717651 ], [ -45.436558, -23.717622 ], [ -45.436546, -23.717594 ], [ -45.436539499999981, -23.717579499999928 ], [ -45.436533, -23.717565 ], [ -45.436519, -23.717537 ], [ -45.436506, -23.717509 ], [ -45.436492, -23.717482 ], [ -45.436478, -23.717456 ], [ -45.436465, -23.717431 ], [ -45.436451, -23.717408 ], [ -45.436439, -23.717385 ], [ -45.436426, -23.717364 ], [ -45.436414, -23.717343 ], [ -45.436402, -23.717324 ], [ -45.43639, -23.717307 ], [ -45.436378, -23.71729 ], [ -45.436366, -23.717274 ], [ -45.436353, -23.717258 ], [ -45.436338, -23.717241 ], [ -45.43632, -23.717222 ], [ -45.4363, -23.717202 ], [ -45.436278, -23.71718 ], [ -45.436255, -23.717158 ], [ -45.436232, -23.717137 ], [ -45.43621, -23.717116 ], [ -45.43619, -23.717097 ], [ -45.436172, -23.71708 ], [ -45.436156, -23.717065 ], [ -45.436141, -23.717049 ], [ -45.436127, -23.717034 ], [ -45.436114, -23.717019 ], [ -45.436101, -23.717004 ], [ -45.436089, -23.716989 ], [ -45.436077, -23.716974 ], [ -45.436066, -23.716958 ], [ -45.436055, -23.716943 ], [ -45.436044, -23.716928 ], [ -45.436033, -23.716912 ], [ -45.436022, -23.716896 ], [ -45.436011, -23.716878 ], [ -45.436, -23.71686 ], [ -45.435989, -23.716841 ], [ -45.435977, -23.716821 ], [ -45.435966, -23.716802 ], [ -45.435955, -23.716783 ], [ -45.435944, -23.716765 ], [ -45.435933, -23.716747 ], [ -45.435922, -23.716728 ], [ -45.435911, -23.716709 ], [ -45.435898, -23.716688 ], [ -45.435883, -23.716666 ], [ -45.435868, -23.716642 ], [ -45.435851, -23.716616 ], [ -45.435833, -23.716588 ], [ -45.435815, -23.716558 ], [ -45.435797, -23.716525 ], [ -45.435779, -23.716492 ], [ -45.435761, -23.716457 ], [ -45.435743, -23.716421 ], [ -45.435725, -23.716385 ], [ -45.435707, -23.716349 ], [ -45.435689, -23.716312 ], [ -45.435671, -23.716276 ], [ -45.435652, -23.71624 ], [ -45.435634, -23.716203 ], [ -45.435616, -23.716167 ], [ -45.435597, -23.716129 ], [ -45.435576, -23.71609 ], [ -45.435553, -23.716048 ], [ -45.435527, -23.716002 ], [ -45.435497, -23.715953 ], [ -45.435463, -23.7159 ], [ -45.435427, -23.715845 ], [ -45.435389, -23.715788 ], [ -45.435349, -23.715731 ], [ -45.435308, -23.715674 ], [ -45.435266, -23.715617 ], [ -45.435223, -23.715561 ], [ -45.435179, -23.715504 ], [ -45.435134, -23.715448 ], [ -45.435089, -23.71539 ], [ -45.435044, -23.715334 ], [ -45.435, -23.71528 ], [ -45.434959, -23.71523 ], [ -45.434939499999984, -23.715207 ], [ -45.43492, -23.715184 ], [ -45.434886, -23.715145 ], [ -45.434856, -23.715112 ], [ -45.434827, -23.715082 ], [ -45.434801, -23.715054 ], [ -45.434776, -23.715028 ], [ -45.43475, -23.715003 ], [ -45.434725, -23.714977 ], [ -45.4347, -23.714951 ], [ -45.434674, -23.714925 ], [ -45.434649, -23.7149 ], [ -45.434624, -23.714874 ], [ -45.434598, -23.714847 ], [ -45.434571, -23.71482 ], [ -45.434543, -23.714792 ], [ -45.434513, -23.714762 ], [ -45.43448, -23.71473 ], [ -45.434446, -23.714696 ], [ -45.434411, -23.714661 ], [ -45.434374, -23.714625 ], [ -45.434337, -23.714588 ], [ -45.4343, -23.714552 ], [ -45.434263, -23.714515 ], [ -45.434226, -23.714479 ], [ -45.434189, -23.714442 ], [ -45.434152, -23.714406 ], [ -45.434115, -23.71437 ], [ -45.434078, -23.714334 ], [ -45.434042, -23.714299 ], [ -45.434025, -23.71428149999997 ], [ -45.434008, -23.714264 ], [ -45.433991499999941, -23.714247499999935 ], [ -45.433975, -23.714231 ], [ -45.433943, -23.714199 ], [ -45.433914, -23.714168 ], [ -45.433887, -23.714138 ], [ -45.433861, -23.714108 ], [ -45.433836, -23.71408 ], [ -45.433813, -23.714051 ], [ -45.433791, -23.714023 ], [ -45.433780499999955, -23.714009 ], [ -45.43377, -23.713995 ], [ -45.433749, -23.713968 ], [ -45.433728, -23.71394 ], [ -45.433708, -23.713912 ], [ -45.433688, -23.713885 ], [ -45.433667, -23.713857 ], [ -45.433647, -23.713829 ], [ -45.433626, -23.713801 ], [ -45.433606, -23.713773 ], [ -45.433595499999967, -23.713759 ], [ -45.433585, -23.713745 ], [ -45.433564, -23.713717 ], [ -45.433543, -23.713687 ], [ -45.433521, -23.713657 ], [ -45.433499, -23.713626 ], [ -45.433476, -23.713595 ], [ -45.433453, -23.713563 ], [ -45.433431, -23.713533 ], [ -45.433409, -23.713503 ], [ -45.433398, -23.713489 ], [ -45.433387, -23.713475 ], [ -45.433367, -23.713449 ], [ -45.433348, -23.713424 ], [ -45.43333, -23.713401 ], [ -45.433313, -23.71338 ], [ -45.433297, -23.71336 ], [ -45.433282, -23.713341 ], [ -45.433268, -23.713324 ], [ -45.433255, -23.713308 ], [ -45.433242, -23.713293 ], [ -45.43323, -23.713279 ], [ -45.433219, -23.713266 ], [ -45.433208, -23.713254 ], [ -45.433198, -23.713243 ], [ -45.433188, -23.713234 ], [ -45.433179, -23.713225 ], [ -45.433171, -23.713217 ], [ -45.43316649999997, -23.713214 ], [ -45.433162, -23.713211 ], [ -45.433154, -23.713204 ], [ -45.433145, -23.713199 ], [ -45.433135, -23.713193 ], [ -45.433126, -23.713188 ], [ -45.433116, -23.713183 ], [ -45.433105, -23.713179 ], [ -45.433094, -23.713174 ], [ -45.433082, -23.71317 ], [ -45.433069, -23.713167 ], [ -45.433057, -23.713164 ], [ -45.433044, -23.713161 ], [ -45.433031, -23.713159 ], [ -45.433018, -23.713158 ], [ -45.433004, -23.713158 ], [ -45.432989, -23.713158 ], [ -45.43298, -23.713158499999967 ], [ -45.432971, -23.713159 ], [ -45.432952, -23.713161 ], [ -45.432929, -23.713163 ], [ -45.432915, -23.713164 ], [ -45.432901, -23.713165 ], [ -45.432868, -23.713168 ], [ -45.432829, -23.713172 ], [ -45.432782, -23.713176 ], [ -45.432726, -23.71318 ], [ -45.432663, -23.713185 ], [ -45.432595, -23.71319 ], [ -45.432524, -23.713195 ], [ -45.43245, -23.7132 ], [ -45.432377, -23.713206 ], [ -45.432303, -23.713211 ], [ -45.432229, -23.713216 ], [ -45.432155, -23.713221 ], [ -45.432082, -23.713226 ], [ -45.432008, -23.713231 ], [ -45.431938, -23.713236 ], [ -45.431872, -23.713241 ], [ -45.431814, -23.713244 ], [ -45.431766, -23.713247 ], [ -45.43173, -23.713248 ], [ -45.431704, -23.713249 ], [ -45.431685, -23.713249 ], [ -45.43167, -23.713248 ], [ -45.431656, -23.713246 ], [ -45.431641, -23.713244 ], [ -45.431625, -23.713242 ], [ -45.431607, -23.713239 ], [ -45.43159, -23.713236 ], [ -45.431572, -23.713233 ], [ -45.431554, -23.713229 ], [ -45.431536, -23.713225 ], [ -45.431515, -23.71322 ], [ -45.43149, -23.713213 ], [ -45.431461, -23.713206 ], [ -45.431426, -23.713197 ], [ -45.431387, -23.713186 ], [ -45.431345, -23.713175 ], [ -45.431302, -23.713162 ], [ -45.43126, -23.713149 ], [ -45.43122, -23.713136 ], [ -45.431181, -23.713122 ], [ -45.431145, -23.713109 ], [ -45.431109, -23.713095 ], [ -45.431075, -23.713082 ], [ -45.431041, -23.713069 ], [ -45.431024499999978, -23.713062499999982 ], [ -45.431008, -23.713056 ], [ -45.430977, -23.713044 ], [ -45.430947, -23.713033 ], [ -45.430919, -23.713022 ], [ -45.430893, -23.713013 ], [ -45.430868, -23.713004 ], [ -45.430845, -23.712996 ], [ -45.430822, -23.712989 ], [ -45.430816499999942, -23.712987499999937 ], [ -45.430811, -23.712986 ], [ -45.4308, -23.712983 ], [ -45.430794, -23.712981699999943 ], [ -45.430776, -23.712978 ], [ -45.430751, -23.712973 ], [ -45.430723, -23.712969 ], [ -45.430691, -23.712966 ], [ -45.430654, -23.712963 ], [ -45.430611, -23.71296 ], [ -45.430564, -23.712958 ], [ -45.430517, -23.712956 ], [ -45.43047, -23.712953 ], [ -45.430429, -23.71295 ], [ -45.430393, -23.712947 ], [ -45.430363, -23.712943 ], [ -45.430338, -23.712939 ], [ -45.430316, -23.712934 ], [ -45.430297, -23.712929 ], [ -45.430278, -23.712923 ], [ -45.43026, -23.712916 ], [ -45.430241, -23.712907 ], [ -45.430218, -23.712897 ], [ -45.430193, -23.712885 ], [ -45.430163, -23.712871 ], [ -45.430128, -23.712855 ], [ -45.430091, -23.712837 ], [ -45.430052, -23.712818 ], [ -45.430012, -23.712799 ], [ -45.429972, -23.712779 ], [ -45.429959, -23.712773499999962 ], [ -45.429946, -23.712768 ], [ -45.429912, -23.712751 ], [ -45.429892, -23.712741 ], [ -45.429852, -23.712721 ], [ -45.429811, -23.712702 ], [ -45.429771, -23.712682 ], [ -45.429732, -23.712663 ], [ -45.429695, -23.712645 ], [ -45.429661, -23.712628 ], [ -45.429631, -23.712613 ], [ -45.429605, -23.712601 ], [ -45.429582, -23.71259 ], [ -45.429563, -23.71258 ], [ -45.429545, -23.71257 ], [ -45.429529, -23.71256 ], [ -45.429512, -23.712548 ], [ -45.429494, -23.712535 ], [ -45.429475, -23.71252 ], [ -45.429453, -23.712504 ], [ -45.42943, -23.712486 ], [ -45.429403, -23.712465 ], [ -45.429375, -23.712444 ], [ -45.429346, -23.712421 ], [ -45.429317, -23.712399 ], [ -45.429289, -23.712377 ], [ -45.429263, -23.712357 ], [ -45.429239, -23.712338 ], [ -45.429216, -23.71232 ], [ -45.429193, -23.712303 ], [ -45.42917, -23.712288 ], [ -45.429147, -23.712273 ], [ -45.429124, -23.712259 ], [ -45.4291, -23.712246 ], [ -45.429076, -23.712235 ], [ -45.429053, -23.712225 ], [ -45.42903, -23.712217 ], [ -45.429007, -23.712212 ], [ -45.428986, -23.712207 ], [ -45.428965, -23.712205 ], [ -45.428945, -23.712203 ], [ -45.428926, -23.712202 ], [ -45.428908, -23.712202 ], [ -45.428891, -23.712203 ], [ -45.428876, -23.712203 ], [ -45.428862, -23.712204 ], [ -45.428849, -23.712205 ], [ -45.428837, -23.712206 ], [ -45.428826, -23.712206 ], [ -45.428815, -23.712206 ], [ -45.428805, -23.712206 ], [ -45.428794, -23.712205 ], [ -45.428782, -23.712204 ], [ -45.42877, -23.712202 ], [ -45.428758, -23.7122 ], [ -45.428745, -23.712197 ], [ -45.428732, -23.712193 ], [ -45.428718, -23.712188 ], [ -45.428703, -23.712181 ], [ -45.428685, -23.712172 ], [ -45.428665, -23.712161 ], [ -45.428642, -23.712147 ], [ -45.428617, -23.712131 ], [ -45.428591, -23.712114 ], [ -45.428566, -23.712097 ], [ -45.428543, -23.71208 ], [ -45.428523, -23.712065 ], [ -45.428505, -23.712048 ], [ -45.428485, -23.712031 ], [ -45.428473499999939, -23.712020499999941 ], [ -45.428462, -23.71201 ], [ -45.428434, -23.711984 ], [ -45.428398, -23.711953 ], [ -45.428357, -23.711917 ], [ -45.428312, -23.711878 ], [ -45.428266, -23.711837 ], [ -45.428243499999951, -23.711816 ], [ -45.428221, -23.711795 ], [ -45.428177, -23.711754 ], [ -45.428157, -23.711734 ], [ -45.428137, -23.711714 ], [ -45.4281, -23.711678 ], [ -45.428067, -23.711644 ], [ -45.428052, -23.71163 ], [ -45.428037, -23.711616 ], [ -45.42801, -23.711593 ], [ -45.427988, -23.711574 ], [ -45.427967, -23.71156 ], [ -45.427949, -23.711548 ], [ -45.427931, -23.711538 ], [ -45.427914, -23.711529 ], [ -45.427898, -23.71152 ], [ -45.427881, -23.711513 ], [ -45.427865, -23.711506 ], [ -45.427848, -23.7115 ], [ -45.427831, -23.711494 ], [ -45.427814, -23.711488 ], [ -45.427796, -23.711483 ], [ -45.427778, -23.711479 ], [ -45.427761, -23.711475 ], [ -45.427742, -23.711472 ], [ -45.427719, -23.711471 ], [ -45.427686, -23.711474 ], [ -45.427638, -23.711481 ], [ -45.427571, -23.711494 ], [ -45.427482, -23.711514 ], [ -45.427485499999939, -23.711378599999925 ], [ -45.427997, -23.710171299999949 ], [ -45.428113599999968, -23.70989609999998 ], [ -45.42811949999998, -23.709590899999956 ], [ -45.428130299999971, -23.709301699999962 ], [ -45.428133599999967, -23.709214099999937 ], [ -45.428139599999952, -23.709053299999947 ], [ -45.427987799999983, -23.708942099999934 ], [ -45.427836, -23.708831 ], [ -45.427761599999947, -23.708788099999929 ], [ -45.427642899999967, -23.708719699999961 ], [ -45.427524199999937, -23.708651199999956 ], [ -45.427365299999956, -23.708559599999941 ], [ -45.427229, -23.708481 ], [ -45.427043699999956, -23.708417799999935 ], [ -45.427188299999955, -23.709331199999951 ], [ -45.427103499999937, -23.709474799999953 ], [ -45.427025399999934, -23.709666299999974 ], [ -45.426935499999956, -23.709828599999973 ], [ -45.426844199999948, -23.709990199999943 ], [ -45.426733399999939, -23.710217499999942 ], [ -45.426550799999966, -23.710421 ], [ -45.426165699999956, -23.71068449999996 ], [ -45.426068099999959, -23.710989599999937 ], [ -45.42586509999996, -23.711319099999972 ], [ -45.425757199999957, -23.711554399999965 ], [ -45.425708699999973, -23.711660199999979 ], [ -45.425598, -23.711965299999978 ], [ -45.425519899999983, -23.712234499999965 ], [ -45.425448399999929, -23.712485699999942 ], [ -45.425369899999964, -23.712720199999975 ], [ -45.425304799999935, -23.712917599999962 ], [ -45.425239699999963, -23.713103099999955 ], [ -45.42511589999998, -23.713354399999957 ], [ -45.425076899999965, -23.713533799999933 ], [ -45.424992199999963, -23.713737199999965 ], [ -45.4249076, -23.714048299999931 ], [ -45.42480989999995, -23.714257699999965 ], [ -45.424738299999952, -23.714526899999949 ], [ -45.424627599999958, -23.714790099999966 ], [ -45.424529899999989, -23.715047399999936 ], [ -45.424461099999981, -23.715273699999933 ], [ -45.424396, -23.715453099999934 ], [ -45.424291699999976, -23.715668499999936 ], [ -45.424239699999937, -23.715883899999934 ], [ -45.424142, -23.716153099999925 ], [ -45.424076899999925, -23.716338499999953 ], [ -45.42401829999995, -23.716553899999944 ], [ -45.423944399999982, -23.71677909999994 ], [ -45.423866099999948, -23.717036 ], [ -45.423837899999974, -23.717128399999975 ], [ -45.423772799999945, -23.717313799999939 ], [ -45.423642399999949, -23.717517299999933 ], [ -45.423512, -23.717726699999954 ], [ -45.423453499999944, -23.718035699999973 ], [ -45.423342699999978, -23.718251099999978 ], [ -45.42319939999993, -23.718580099999944 ], [ -45.423107299999963, -23.718847199999971 ], [ -45.423011199999969, -23.719093199999971 ], [ -45.422904299999971, -23.719327399999937 ], [ -45.422805499999988, -23.719531299999964 ], [ -45.422698499999967, -23.719720199999983 ], [ -45.422616299999959, -23.719909 ], [ -45.42254219999996, -23.720082699999974 ], [ -45.422416, -23.720223899999944 ], [ -45.422289699999965, -23.720260099999955 ], [ -45.422179399999948, -23.720553099999965 ], [ -45.422116299999971, -23.720647099999955 ], [ -45.422084899999959, -23.720748399999927 ], [ -45.422014499999939, -23.720891299999938 ], [ -45.421956899999941, -23.721133199999937 ], [ -45.421874599999974, -23.721367599999944 ], [ -45.421784, -23.72160209999991 ], [ -45.421759499999958, -23.721806199999939 ], [ -45.421701799999937, -23.721942299999963 ], [ -45.421669, -23.722131299999941 ], [ -45.421446299999957, -23.722381 ], [ -45.421281399999941, -23.722555 ], [ -45.421248699999978, -23.722849799999949 ], [ -45.421125099999976, -23.723099399999963 ], [ -45.421026199999964, -23.723280899999956 ], [ -45.420960299999933, -23.723454799999963 ], [ -45.420860399999981, -23.723710199999971 ], [ -45.420687299999948, -23.724005199999961 ], [ -45.420547299999953, -23.724315199999968 ], [ -45.420407199999936, -23.724617699999946 ], [ -45.420242299999977, -23.724852199999923 ], [ -45.420102199999974, -23.725048899999926 ], [ -45.419995, -23.725215299999952 ], [ -45.419896199999982, -23.725472399999944 ], [ -45.419797299999971, -23.725661399999979 ], [ -45.419657099999938, -23.725858099999979 ], [ -45.419475699999964, -23.726039699999934 ], [ -45.419294199999968, -23.726160799999949 ], [ -45.419096, -23.726138299999946 ], [ -45.418988499999955, -23.726017399999922 ], [ -45.418749, -23.725964699999963 ], [ -45.418542299999956, -23.725798499999936 ], [ -45.418253199999974, -23.725708 ], [ -45.417947599999934, -23.725647699999975 ], [ -45.41769169999997, -23.725655499999945 ], [ -45.417336699999971, -23.725678499999962 ], [ -45.416965299999958, -23.725761799999926 ], [ -45.4166848, -23.72592809999998 ], [ -45.416503399999954, -23.726026299999937 ], [ -45.416156699999931, -23.726094899999961 ], [ -45.41589259999995, -23.726140299999944 ], [ -45.415595499999938, -23.726072399999964 ], [ -45.415430299999969, -23.725981899999955 ], [ -45.415199599999937, -23.725958799999944 ], [ -45.414960499999943, -23.725822699999974 ], [ -45.414803599999971, -23.725581 ], [ -45.414728899999943, -23.725301699999939 ], [ -45.414621499999953, -23.725029799999962 ], [ -45.414456199999961, -23.724826 ], [ -45.414258599999975, -23.724652099999957 ], [ -45.414018399999975, -23.724411 ], [ -45.41380369999996, -23.724237399999936 ], [ -45.413556099999944, -23.724026099999936 ], [ -45.413406799999962, -23.723777 ], [ -45.41314569999998, -23.72360129999991 ], [ -45.413070699999935, -23.723569 ], [ -45.412928799999975, -23.723522799999966 ], [ -45.412789199999963, -23.723485399999948 ], [ -45.412700299999983, -23.7235118 ], [ -45.412678799999988, -23.72360429999997 ], [ -45.412590199999954, -23.723683699999977 ], [ -45.412508599999967, -23.723736599999945 ], [ -45.412425599999949, -23.723844 ], [ -45.412353099999962, -23.723926499999958 ], [ -45.412306499999936, -23.724087399999977 ], [ -45.412225399999954, -23.72427169999996 ], [ -45.412148699999939, -23.724412899999948 ], [ -45.412034099999971, -23.724538399999979 ], [ -45.411940899999941, -23.724644199999943 ], [ -45.411856599999972, -23.724777199999949 ], [ -45.411794, -23.724882699999963 ], [ -45.411699, -23.724956699999932 ], [ -45.411600699999951, -23.724941099999953 ], [ -45.411387, -23.724898299999936 ], [ -45.411122199999966, -23.724863299999971 ], [ -45.410938299999948, -23.724808699999986 ], [ -45.410712, -23.72478539999997 ], [ -45.410527899999977, -23.724715099999958 ], [ -45.410373599999957, -23.724644699999939 ], [ -45.410264699999971, -23.724440599999976 ], [ -45.410207599999985, -23.724295 ], [ -45.410168499999941, -23.724138 ], [ -45.410198199999975, -23.724079 ], [ -45.410095299999973, -23.724024099999941 ], [ -45.409906899999953, -23.724016499999955 ], [ -45.409645399999938, -23.72402059999995 ], [ -45.409499399999959, -23.724048 ], [ -45.409280499999966, -23.724095099999936 ], [ -45.409139, -23.724118799999918 ], [ -45.409147899999944, -23.724256199999946 ], [ -45.409101599999985, -23.72437409999997 ], [ -45.409034099999985, -23.724484199999946 ], [ -45.408962399999957, -23.72459809999998 ], [ -45.4088728, -23.724711899999924 ], [ -45.408743799999961, -23.724927599999944 ], [ -45.408668899999952, -23.72506 ], [ -45.408557899999948, -23.725216899999957 ], [ -45.408472699999948, -23.725322699999939 ], [ -45.408409099999972, -23.725440199999962 ], [ -45.408319399999982, -23.725546 ], [ -45.408212499999941, -23.725683199999938 ], [ -45.408076, -23.725789 ], [ -45.40794209999995, -23.725738599999939 ], [ -45.407799499999953, -23.725688099999957 ], [ -45.407687799999962, -23.725688299999948 ], [ -45.407572199999947, -23.725735399999966 ], [ -45.407469799999951, -23.725817799999952 ], [ -45.407354299999959, -23.725896299999931 ], [ -45.407253699999963, -23.726040599999973 ], [ -45.407103899999974, -23.726150499999967 ], [ -45.406924099999976, -23.726303199999954 ], [ -45.406776699999973, -23.726338699999928 ], [ -45.406613199999974, -23.726367 ], [ -45.406433299999946, -23.726249699999968 ], [ -45.406313399999931, -23.726175299999962 ], [ -45.40616789999995, -23.726089099999964 ], [ -45.406047899999983, -23.725975699999918 ], [ -45.405872699999975, -23.725920699999946 ], [ -45.405607499999981, -23.725764199999954 ], [ -45.405508599999962, -23.725646899999955 ], [ -45.405375499999934, -23.72549429999998 ], [ -45.40521229999996, -23.725322099999978 ], [ -45.405012199999931, -23.725259 ], [ -45.404917599999976, -23.72512879999994 ], [ -45.40479229999994, -23.725018899999963 ], [ -45.404643399999941, -23.724938299999966 ], [ -45.404463299999968, -23.724879599999948 ], [ -45.404334599999977, -23.724864 ], [ -45.40419739999993, -23.724887699999957 ], [ -45.404000199999984, -23.724919199999935 ], [ -45.403893099999948, -23.725048699999942 ], [ -45.403773299999948, -23.725150499999923 ], [ -45.403636499999941, -23.725240499999931 ], [ -45.403444, -23.725252299999958 ], [ -45.40327689999998, -23.725213399999976 ], [ -45.403105699999969, -23.725229199999941 ], [ -45.402964299999958, -23.72521759999994 ], [ -45.402822, -23.725266399999953 ], [ -45.402590299999986, -23.725323699999922 ], [ -45.402296, -23.725364599999985 ], [ -45.40217, -23.725299499999949 ], [ -45.401982399999952, -23.725307799999936 ], [ -45.401750899999975, -23.725356799999929 ], [ -45.401526599999954, -23.725275399999923 ], [ -45.401461199999972, -23.725087799999972 ], [ -45.401343199999985, -23.724908099999933 ], [ -45.40120909999996, -23.724818 ], [ -45.401066399999934, -23.724834499999933 ], [ -45.400871299999949, -23.724981799999963 ], [ -45.40066939999997, -23.725104 ], [ -45.400500699999952, -23.725087599999942 ], [ -45.400445099999949, -23.724948899999958 ], [ -45.400337199999974, -23.724801799999966 ], [ -45.400202199999967, -23.724662799999969 ], [ -45.399979199999962, -23.72463839999995 ], [ -45.399793699999982, -23.72468749999997 ], [ -45.399563899999976, -23.72474469999997 ], [ -45.399491, -23.724630299999948 ], [ -45.399316799999951, -23.724544499999975 ], [ -45.399156, -23.724373 ], [ -45.39904869999998, -23.724168699999961 ], [ -45.39880729999993, -23.72401339999994 ], [ -45.3985479, -23.723907199999925 ], [ -45.398368899999987, -23.723694499999958 ], [ -45.398270299999979, -23.723457 ], [ -45.398126899999966, -23.723276899999977 ], [ -45.39800159999993, -23.723178699999945 ], [ -45.397938699999941, -23.722998399999927 ], [ -45.397741899999971, -23.722998599999986 ], [ -45.397429099999954, -23.723277399999972 ], [ -45.397322099999947, -23.723523199999928 ], [ -45.397134399999977, -23.723662599999951 ], [ -45.397099, -23.723818199999979 ], [ -45.397161899999958, -23.723924599999972 ], [ -45.397278599999936, -23.724096399999947 ], [ -45.397296799999936, -23.724284499999953 ], [ -45.397234499999968, -23.724464599999969 ], [ -45.397091399999965, -23.724661199999947 ], [ -45.396975, -23.724849799999951 ], [ -45.39702889999996, -23.725169099999952 ], [ -45.39709159999996, -23.725283599999951 ], [ -45.397262, -23.725613699999929 ], [ -45.397396299999976, -23.725801799999942 ], [ -45.397557399999982, -23.725940899999955 ], [ -45.39769159999998, -23.726088099999963 ], [ -45.397915299999966, -23.726268 ], [ -45.397960099999978, -23.726398899999925 ], [ -45.397915099999985, -23.726530099999927 ], [ -45.397865299999985, -23.726635299999938 ], [ -45.397757799999972, -23.726720799999946 ], [ -45.397557, -23.726707799999925 ], [ -45.397327399999938, -23.726615899999956 ], [ -45.397162399999964, -23.726596299999983 ], [ -45.397011799999973, -23.726681799999938 ], [ -45.39701179999998, -23.726793599999951 ], [ -45.397112399999969, -23.726898699999939 ], [ -45.39718419999997, -23.727023499999973 ], [ -45.397105299999971, -23.727174699999967 ], [ -45.397141299999937, -23.727358699999961 ], [ -45.397198699999933, -23.727509699999924 ], [ -45.397213199999953, -23.727654199999964 ], [ -45.3973496, -23.727805199999978 ], [ -45.397507799999971, -23.728002299999954 ], [ -45.397522899999956, -23.728285299999975 ], [ -45.397623499999952, -23.728351 ], [ -45.397781699999939, -23.728469299999968 ], [ -45.397847499999948, -23.728523899999967 ], [ -45.398023599999931, -23.728588599999973 ], [ -45.398130599999945, -23.728427299999961 ], [ -45.398157699999956, -23.72832249999993 ], [ -45.398189399999978, -23.728232499999944 ], [ -45.398278, -23.72813 ], [ -45.398373699999979, -23.728075599999954 ], [ -45.398496799999975, -23.728048299999958 ], [ -45.398654599999929, -23.728083799999972 ], [ -45.398734899999965, -23.728106699999962 ], [ -45.398831299999983, -23.728161099999951 ], [ -45.3989117, -23.728205 ], [ -45.399005099999954, -23.728255899999962 ], [ -45.399092099999962, -23.728347799999941 ], [ -45.399202, -23.728492099999986 ], [ -45.399300599999954, -23.728651099999968 ], [ -45.399370499999975, -23.728763199999946 ], [ -45.399416399999957, -23.728884499999932 ], [ -45.399453199999982, -23.728995399999967 ], [ -45.399487699999952, -23.729118899999943 ], [ -45.399503899999964, -23.729252799999976 ], [ -45.399494799999957, -23.72936169999997 ], [ -45.399487299999976, -23.729602 ], [ -45.399437899999953, -23.729848199999928 ], [ -45.399402699999946, -23.730042499999954 ], [ -45.39936739999996, -23.73019369999998 ], [ -45.399346299999927, -23.730355699999958 ], [ -45.399304, -23.730537099999939 ], [ -45.399261599999939, -23.730660199999921 ], [ -45.399226399999975, -23.73081569999993 ], [ -45.39917, -23.73096479999997 ], [ -45.399120599999947, -23.731126799999963 ], [ -45.399071299999946, -23.731288799999952 ], [ -45.39902189999998, -23.73142479999996 ], [ -45.398958299999947, -23.731593299999933 ], [ -45.398908899999981, -23.731722899999969 ], [ -45.398873599999952, -23.731852499999938 ], [ -45.39878159999995, -23.732001499999967 ], [ -45.398696799999982, -23.732092299999973 ], [ -45.39864079999996, -23.732117399999932 ], [ -45.398559099999943, -23.732096899999934 ], [ -45.398453499999952, -23.732061899999955 ], [ -45.398386199999948, -23.732023799999979 ], [ -45.398317399999939, -23.732129399999963 ], [ -45.398258199999937, -23.732180799999981 ], [ -45.398147899999969, -23.732335499999966 ], [ -45.398087199999964, -23.732483599999959 ], [ -45.398039099999949, -23.73251289999995 ], [ -45.398026399999935, -23.732637599999968 ], [ -45.398111399999948, -23.732731299999948 ], [ -45.398169099999961, -23.732804599999938 ], [ -45.398244399999953, -23.732879299999983 ], [ -45.398418, -23.732975099999983 ], [ -45.398611599999988, -23.733017199999939 ], [ -45.398766499999965, -23.733044699999933 ], [ -45.398806499999978, -23.73310459999993 ], [ -45.398897499999983, -23.733170099999946 ], [ -45.398913499999928, -23.733249 ], [ -45.398897499999983, -23.733344 ], [ -45.398851299999926, -23.733392299999942 ], [ -45.398847899999964, -23.733492899999927 ], [ -45.398896699999966, -23.733556 ], [ -45.39882839999995, -23.733607699999929 ], [ -45.398811599999931, -23.733655499999937 ], [ -45.398811599999931, -23.733717099999978 ], [ -45.398829099999936, -23.733815599999957 ], [ -45.398826099999951, -23.733906299999948 ], [ -45.398844299999951, -23.734035 ], [ -45.398898899999942, -23.734117799999975 ], [ -45.398926299999978, -23.734225599999935 ], [ -45.39898909999993, -23.734327599999961 ], [ -45.399076, -23.734422699999975 ], [ -45.399080599999941, -23.734559599999955 ], [ -45.399003, -23.734697 ], [ -45.399035, -23.734763299999937 ], [ -45.399117299999943, -23.734858199999955 ], [ -45.399076199999968, -23.734949799999978 ], [ -45.399135699999938, -23.735119599999948 ], [ -45.399140299999942, -23.735302199999975 ], [ -45.399131099999984, -23.735426899999936 ], [ -45.399167599999942, -23.735545699999925 ], [ -45.39924509999998, -23.735690699999957 ], [ -45.399299799999937, -23.735777599999949 ], [ -45.39935909999997, -23.735843699999975 ], [ -45.399327199999959, -23.735951799999953 ], [ -45.399313299999967, -23.736089 ], [ -45.399313099999972, -23.736247099999954 ], [ -45.3993038, -23.736388499999975 ], [ -45.399258199999963, -23.736467699999931 ], [ -45.39908029999998, -23.736539499999939 ], [ -45.398875, -23.736548899999946 ], [ -45.39873869999996, -23.736648899999977 ], [ -45.398766, -23.736744199999976 ], [ -45.398897799999986, -23.73685629999995 ], [ -45.399075499999981, -23.737005599999968 ], [ -45.399225799999954, -23.737163199999934 ], [ -45.39948069999997, -23.737312 ], [ -45.399753399999952, -23.737431899999923 ], [ -45.400007799999976, -23.737489199999967 ], [ -45.400352599999962, -23.737628799999978 ], [ -45.400556599999966, -23.737741699999944 ], [ -45.400833099999943, -23.737794399999942 ], [ -45.401000899999985, -23.737873 ], [ -45.401209199999983, -23.737901799999971 ], [ -45.401304499999974, -23.738051099999947 ], [ -45.40141349999994, -23.738254199999961 ], [ -45.401472699999943, -23.738436799999924 ], [ -45.401455, -23.738640499999956 ], [ -45.401419199999971, -23.738827799999964 ], [ -45.401383299999964, -23.739044199999963 ], [ -45.401324599999953, -23.739219 ], [ -45.401361099999974, -23.739448399999958 ], [ -45.401393299999945, -23.73964379999995 ], [ -45.401488799999981, -23.73980169999993 ], [ -45.401575199999975, -23.739913899999966 ], [ -45.401733899999961, -23.73998 ], [ -45.401860499999941, -23.740054099999941 ], [ -45.4019014, -23.740145499999983 ], [ -45.401996799999949, -23.740315599999978 ], [ -45.402033399999944, -23.74049019999995 ], [ -45.402115, -23.740655899999979 ], [ -45.402196499999953, -23.740784299999959 ], [ -45.402368499999966, -23.740887399999959 ], [ -45.402504799999981, -23.740953899999958 ], [ -45.402693699999936, -23.74104739999995 ], [ -45.402888699999949, -23.741084599999954 ], [ -45.40308349999998, -23.741092599999945 ], [ -45.403242599999942, -23.74117989999996 ], [ -45.40339229999995, -23.741188099999935 ], [ -45.403428299999973, -23.741125599999961 ], [ -45.403568499999949, -23.741087899999968 ], [ -45.403654599999989, -23.741096099999933 ], [ -45.403763499999968, -23.741129199999932 ], [ -45.40387249999997, -23.741199799999947 ], [ -45.403927499999952, -23.741303899999938 ], [ -45.40392369999995, -23.741404099999954 ], [ -45.403969399999937, -23.741470699999976 ], [ -45.404155299999964, -23.741553499999945 ], [ -45.404254599999952, -23.741515599999968 ], [ -45.404382099999964, -23.741511899999974 ], [ -45.404544599999952, -23.741588299999925 ], [ -45.40466269999996, -23.741770599999942 ], [ -45.404744499999936, -23.741911599999977 ], [ -45.404871499999949, -23.742069 ], [ -45.404938299999969, -23.742154299999974 ], [ -45.405015099999957, -23.742218699999963 ], [ -45.405060099999957, -23.742286099999934 ], [ -45.405047799999977, -23.742447699999957 ], [ -45.405048299999969, -23.742606499999951 ], [ -45.405080599999962, -23.742700499999948 ], [ -45.405112899999956, -23.742788699999952 ], [ -45.405193199999985, -23.742885499999943 ], [ -45.405349699999931, -23.742899399999942 ], [ -45.4054867, -23.74287809999992 ], [ -45.405592099999978, -23.742907 ], [ -45.40565619999996, -23.742971399999927 ], [ -45.405717299999935, -23.743069299999942 ], [ -45.405781899999965, -23.743207199999961 ], [ -45.405859099999923, -23.743321599999948 ], [ -45.405933, -23.743424199999929 ], [ -45.406032099999948, -23.743485599999932 ], [ -45.406130699999949, -23.743499899999946 ], [ -45.406210499999986, -23.743543699999972 ], [ -45.406311, -23.743601699999942 ], [ -45.406371799999938, -23.743654399999965 ], [ -45.40643259999996, -23.743712899999935 ], [ -45.406483899999955, -23.743774399999953 ], [ -45.406532, -23.74383 ], [ -45.406573599999945, -23.743876899999982 ], [ -45.40662489999994, -23.743938399999937 ], [ -45.406666499999972, -23.743991099999956 ], [ -45.406705, -23.744040799999926 ], [ -45.406753, -23.744084699999984 ], [ -45.406785099999979, -23.744131599999946 ], [ -45.406820399999958, -23.744190199999935 ], [ -45.406865199999977, -23.744225299999975 ], [ -45.406935399999952, -23.744251499999965 ], [ -45.407012, -23.744286599999942 ], [ -45.407101399999931, -23.744336199999964 ], [ -45.407139799999982, -23.744374199999982 ], [ -45.407184799999982, -23.744438699999925 ], [ -45.407255, -23.744476599999924 ], [ -45.4073193, -23.744567399999934 ], [ -45.407339099999945, -23.744658399999945 ], [ -45.407352499999945, -23.744755299999959 ], [ -45.407347099999981, -23.744870099999947 ], [ -45.40731889999995, -23.744937899999961 ], [ -45.407293899999956, -23.745046199999937 ], [ -45.407313399999964, -23.745146 ], [ -45.407345499999963, -23.745222199999944 ], [ -45.407415399999934, -23.745266099999974 ], [ -45.407493, -23.745343499999944 ], [ -45.407882499999971, -23.745828099999979 ], [ -45.407993099999935, -23.745965699999935 ], [ -45.40803109999996, -23.746048 ], [ -45.408064399999937, -23.746160799999924 ], [ -45.408093, -23.74630389999993 ], [ -45.408064799999977, -23.746421199999922 ], [ -45.408031899999976, -23.746547199999952 ], [ -45.40809359999998, -23.746629499999983 ], [ -45.408177099999939, -23.746683099999931 ], [ -45.408298699999932, -23.746762499999928 ], [ -45.408393399999966, -23.746829299999938 ], [ -45.408478299999956, -23.746896499999927 ], [ -45.408574499999986, -23.74694809999994 ], [ -45.408625399999956, -23.747012799999936 ], [ -45.408639699999981, -23.747095799999951 ], [ -45.408666399999959, -23.747181599999969 ], [ -45.408762699999954, -23.747290199999949 ], [ -45.408808099999938, -23.747388599999955 ], [ -45.408822399999963, -23.747515599999929 ], [ -45.408764, -23.74766829999993 ], [ -45.408719099999985, -23.747797699999978 ], [ -45.40871919999995, -23.74796629999998 ], [ -45.408834499999962, -23.748029499999962 ], [ -45.408888299999944, -23.748198 ], [ -45.40893449999993, -23.748366599999937 ], [ -45.40906519999993, -23.748457899999941 ], [ -45.409265099999971, -23.748542199999971 ], [ -45.409464599999978, -23.748542 ], [ -45.409564, -23.748443399999928 ], [ -45.409663599999938, -23.748450199999983 ], [ -45.409793799999939, -23.748400799999938 ], [ -45.409924199999978, -23.748477899999955 ], [ -45.410040299999935, -23.748576 ], [ -45.410148499999941, -23.748647099999971 ], [ -45.410276899999978, -23.748702599999937 ], [ -45.410388499999947, -23.748779899999924 ], [ -45.410493199999962, -23.748838599999946 ], [ -45.410611299999971, -23.748897199999931 ], [ -45.410716, -23.748968299999934 ], [ -45.410831099999946, -23.749116599999979 ], [ -45.410898799999984, -23.74918149999996 ], [ -45.410998199999931, -23.749232 ], [ -45.411089399999987, -23.749259799999951 ], [ -45.411190799999986, -23.74931539999994 ], [ -45.411251599999957, -23.749377199999977 ], [ -45.411329399999943, -23.749432699999947 ], [ -45.411366499999986, -23.749479099999974 ], [ -45.411424, -23.749559399999953 ], [ -45.41144769999994, -23.749608799999972 ], [ -45.41147159999997, -23.749732499999936 ], [ -45.411524, -23.749858599999971 ], [ -45.411516499999948, -23.749978599999967 ], [ -45.411532199999954, -23.750148 ], [ -45.411555499999956, -23.750303299999931 ], [ -45.411555799999974, -23.750444499999961 ], [ -45.411556, -23.750614 ], [ -45.4115288, -23.750712199999949 ], [ -45.411488799999972, -23.750844 ], [ -45.411473499999943, -23.751006299999975 ], [ -45.411450499999944, -23.751140499999963 ], [ -45.411412199999972, -23.751316899999949 ], [ -45.411389199999981, -23.751436899999931 ], [ -45.411389399999962, -23.751585199999976 ], [ -45.411443399999939, -23.751719199999979 ], [ -45.411449699999935, -23.751877399999952 ], [ -45.411487399999942, -23.75195849999993 ], [ -45.411436499999979, -23.75204709999997 ], [ -45.411514399999938, -23.752101 ], [ -45.411632399999974, -23.752115599999961 ], [ -45.411662099999944, -23.752199099999928 ], [ -45.411686299999978, -23.752277799999948 ], [ -45.411732099999938, -23.752412899999971 ], [ -45.411753699999963, -23.752508699999947 ], [ -45.411785899999984, -23.75257779999998 ], [ -45.411842299999932, -23.752644099999937 ], [ -45.411879799999952, -23.752688299999935 ], [ -45.411955, -23.752764399999933 ], [ -45.412016599999966, -23.752835499999946 ], [ -45.412059499999941, -23.752887 ], [ -45.412135699999965, -23.752999599999956 ], [ -45.412208099999937, -23.753090299999933 ], [ -45.412277899999935, -23.75318349999997 ], [ -45.412355699999971, -23.753271799999933 ], [ -45.412417499999947, -23.753362299999935 ], [ -45.412455299999984, -23.753470299999936 ], [ -45.412477099999933, -23.75357589999992 ], [ -45.412482699999948, -23.753669199999923 ], [ -45.41246689999997, -23.753782299999955 ], [ -45.412449899999956, -23.753841099999935 ], [ -45.412445599999948, -23.753856 ], [ -45.412405199999966, -23.753979899999933 ], [ -45.412325099999968, -23.754149599999948 ], [ -45.412293099999943, -23.75428229999995 ], [ -45.412261099999967, -23.75438309999992 ], [ -45.41225309999993, -23.75446669999997 ], [ -45.41222369999997, -23.754578599999942 ], [ -45.412214, -23.754621199999963 ], [ -45.412197, -23.754701499999953 ], [ -45.412151499999943, -23.754822 ], [ -45.412100599999967, -23.75494 ], [ -45.412057799999964, -23.755006399999946 ], [ -45.411998799999942, -23.755095 ], [ -45.411931799999934, -23.755219099999973 ], [ -45.411872799999969, -23.75533959999996 ], [ -45.411800399999947, -23.755469899999984 ], [ -45.41172, -23.755600299999962 ], [ -45.411647899999934, -23.755738799999957 ], [ -45.411494599999976, -23.755908899999955 ], [ -45.411415499999976, -23.756036599999966 ], [ -45.411322599999949, -23.756179399999951 ], [ -45.411134699999934, -23.756270399999941 ], [ -45.411055599999941, -23.75647819999994 ], [ -45.410984599999956, -23.756693599999945 ], [ -45.410927299999969, -23.756835199999959 ], [ -45.41087269999997, -23.756970499999966 ], [ -45.410812599999986, -23.757093199999932 ], [ -45.410760799999935, -23.757240899999939 ], [ -45.410709, -23.757371099999958 ], [ -45.410651199999961, -23.757499199999931 ], [ -45.410583199999969, -23.757631699999919 ], [ -45.410472599999942, -23.757803299999981 ], [ -45.410419199999978, -23.757920599999974 ], [ -45.41035119999998, -23.75806869999996 ], [ -45.410266199999974, -23.758209099999917 ], [ -45.410181099999924, -23.758365099999928 ], [ -45.410087699999963, -23.75856009999994 ], [ -45.409994099999956, -23.758669299999948 ], [ -45.409880299999941, -23.758856799999929 ], [ -45.409816399999954, -23.759003399999983 ], [ -45.409731199999946, -23.759127099999944 ], [ -45.409656599999948, -23.759247599999981 ], [ -45.409564499999931, -23.75939239999996 ], [ -45.409443699999947, -23.759571499999936 ], [ -45.409323, -23.759770199999934 ], [ -45.409216499999957, -23.759923299999969 ], [ -45.409156099999961, -23.760021 ], [ -45.409074399999959, -23.760131699999917 ], [ -45.408950099999977, -23.760261899999939 ], [ -45.408839899999968, -23.760372699999945 ], [ -45.40880089999996, -23.760514499999932 ], [ -45.408745, -23.760677099999945 ], [ -45.40864239999997, -23.760831099999962 ], [ -45.408530399999961, -23.761028 ], [ -45.408446399999946, -23.761165 ], [ -45.408362399999938, -23.761284799999938 ], [ -45.408252299999951, -23.761436499999949 ], [ -45.408140299999964, -23.761582 ], [ -45.40803759999995, -23.761727499999946 ], [ -45.407906899999944, -23.761881599999974 ], [ -45.407794799999976, -23.762044299999943 ], [ -45.407689699999935, -23.762143299999924 ], [ -45.407561899999962, -23.762315199999936 ], [ -45.407476699999954, -23.762408899999969 ], [ -45.407342799999981, -23.762555 ], [ -45.407226899999955, -23.762706899999952 ], [ -45.407061199999937, -23.762881499999924 ], [ -45.406912199999965, -23.763056 ], [ -45.406763099999978, -23.763238199999929 ], [ -45.406655399999977, -23.763367399999932 ], [ -45.406522899999977, -23.763504 ], [ -45.406684399999968, -23.763691799999943 ], [ -45.406640699999969, -23.763790699999962 ], [ -45.406626399999944, -23.763823799999951 ], [ -45.406601899999949, -23.763998399999938 ], [ -45.406519199999934, -23.764195699999952 ], [ -45.406353399999944, -23.764362699999939 ], [ -45.406121299999946, -23.764605699999958 ], [ -45.405864399999984, -23.764886699999973 ], [ -45.405723799999976, -23.765076399999934 ], [ -45.405450499999972, -23.765349799999964 ], [ -45.405259799999961, -23.765585299999945 ], [ -45.405019399999965, -23.765820699999935 ], [ -45.404887, -23.765942199999937 ], [ -45.404749299999942, -23.7661 ], [ -45.404542599999957, -23.766266499999979 ], [ -45.40432949999996, -23.766464699999968 ], [ -45.404103899999939, -23.766668499999966 ], [ -45.403869099999952, -23.766892399999968 ], [ -45.403549599999963, -23.767188099999931 ], [ -45.403283599999952, -23.767417399999932 ], [ -45.403089799999975, -23.767603199999929 ], [ -45.402851899999973, -23.767797099999928 ], [ -45.40265809999994, -23.767982799999967 ], [ -45.402561299999945, -23.76810369999998 ], [ -45.40279449999997, -23.768305899999973 ], [ -45.402918, -23.768410699999944 ], [ -45.40298869999998, -23.768588199999961 ], [ -45.403015399999958, -23.76878179999995 ], [ -45.402936199999935, -23.76902409999996 ], [ -45.402854599999955, -23.769165799999936 ], [ -45.402819599999923, -23.769375699999959 ], [ -45.402890299999974, -23.769528899999944 ], [ -45.403005, -23.769657899999963 ], [ -45.403128399999957, -23.769722299999952 ], [ -45.403234299999959, -23.769811 ], [ -45.403261, -23.77002079999993 ], [ -45.403261199999974, -23.77026289999997 ], [ -45.403182099999988, -23.770472699999964 ], [ -45.40308529999993, -23.770738899999955 ], [ -45.403027699999939, -23.770887 ], [ -45.402922099999962, -23.771048399999934 ], [ -45.402763599999957, -23.771242199999957 ], [ -45.402596199999948, -23.771427899999935 ], [ -45.402419799999954, -23.771637699999918 ], [ -45.402296599999943, -23.771766899999935 ], [ -45.402164599999935, -23.771904199999931 ], [ -45.40204139999998, -23.772033399999945 ], [ -45.401884799999955, -23.77221069999996 ], [ -45.401718099999982, -23.772371799999974 ], [ -45.401554899999951, -23.772521699999967 ], [ -45.401382199999951, -23.77267739999996 ], [ -45.401260099999952, -23.77279209999994 ], [ -45.401077799999939, -23.772959199999939 ], [ -45.400905, -23.773106199999976 ], [ -45.400766699999963, -23.773230099999967 ], [ -45.400631499999982, -23.773345499999948 ], [ -45.400439599999977, -23.773489699999974 ], [ -45.400323299999975, -23.773587699999954 ], [ -45.40022259999995, -23.77368 ], [ -45.40021679999996, -23.773756199999966 ], [ -45.400336599999953, -23.773926 ], [ -45.400541199999971, -23.774049599999955 ], [ -45.400717499999985, -23.774153099999978 ], [ -45.400827799999952, -23.774343099999946 ], [ -45.400821099999973, -23.774396 ], [ -45.400813, -23.774470199999932 ], [ -45.40080769999998, -23.774515899999976 ], [ -45.400860499999965, -23.77464649999995 ], [ -45.400878399999954, -23.774821 ], [ -45.400896399999972, -23.774994899999964 ], [ -45.400945399999962, -23.775173299999953 ], [ -45.400985399999968, -23.77538009999995 ], [ -45.401029899999969, -23.775566699999953 ], [ -45.400994599999933, -23.775737 ], [ -45.400990299999933, -23.775903299999985 ], [ -45.400970799999989, -23.776046899999972 ], [ -45.400985799999944, -23.776179099999982 ], [ -45.400925199999961, -23.776346 ], [ -45.40083419999997, -23.776492 ], [ -45.400773399999935, -23.776617199999968 ], [ -45.400667199999937, -23.776763199999948 ], [ -45.400568499999956, -23.77686749999998 ], [ -45.400469799999939, -23.776999599999954 ], [ -45.4003939, -23.77709 ], [ -45.400318, -23.777194299999959 ], [ -45.400257299999964, -23.777291599999959 ], [ -45.40015869999997, -23.777382099999944 ], [ -45.400060099999955, -23.77747939999994 ], [ -45.399969, -23.777611599999936 ], [ -45.399870399999941, -23.777708899999944 ], [ -45.39976409999997, -23.777813299999924 ], [ -45.399658, -23.77795239999994 ], [ -45.399559299999964, -23.778042899999939 ], [ -45.399460699999963, -23.778147299999937 ], [ -45.399346899999962, -23.778265699999952 ], [ -45.399271, -23.778356099999929 ], [ -45.399164699999972, -23.778453499999959 ], [ -45.399056, -23.778556099999932 ], [ -45.398965, -23.778688199999962 ], [ -45.398820799999953, -23.778834299999961 ], [ -45.398729799999956, -23.778917799999931 ], [ -45.398638699999928, -23.779015199999943 ], [ -45.39854, -23.779119499999968 ], [ -45.398418599999957, -23.779223899999984 ], [ -45.398305899999968, -23.779340199999975 ], [ -45.39819069999993, -23.779439399999934 ], [ -45.398085599999945, -23.779549199999966 ], [ -45.397957199999958, -23.779681299999933 ], [ -45.397828899999979, -23.779789399999963 ], [ -45.39769, -23.779902499999938 ], [ -45.397590399999963, -23.779984199999944 ], [ -45.397446199999933, -23.780104399999971 ], [ -45.397308499999959, -23.780208599999966 ], [ -45.397172099999977, -23.780321599999983 ], [ -45.397077699999961, -23.780432099999917 ], [ -45.396930899999973, -23.780523399999929 ], [ -45.396868, -23.780571499999944 ], [ -45.396936199999978, -23.780653099999927 ], [ -45.397038499999944, -23.780746599999929 ], [ -45.39718019999998, -23.780940799999936 ], [ -45.397159399999964, -23.781120799999929 ], [ -45.397172599999976, -23.781252799999955 ], [ -45.397188499999977, -23.781421199999965 ], [ -45.397248899999965, -23.781572299999929 ], [ -45.397288299999957, -23.781701799999933 ], [ -45.397346099999936, -23.781905599999952 ], [ -45.397406599999947, -23.782076 ], [ -45.397467199999944, -23.782260899999976 ], [ -45.397496899999965, -23.782508 ], [ -45.397557499999948, -23.782673699999975 ], [ -45.397745599999958, -23.782911799999969 ], [ -45.397928799999931, -23.783135299999969 ], [ -45.398096499999959, -23.783239899999941 ], [ -45.398233699999942, -23.783337499999959 ], [ -45.398378799999932, -23.783456099999963 ], [ -45.398486, -23.783602799999976 ], [ -45.398631099999932, -23.783728499999938 ], [ -45.398784, -23.783903099999971 ], [ -45.398853199999962, -23.784077899999939 ], [ -45.398922099999936, -23.784231599999938 ], [ -45.398922599999935, -23.784434399999956 ], [ -45.398877299999981, -23.784602599999971 ], [ -45.398802099999955, -23.784826499999948 ], [ -45.398749599999974, -23.78509229999997 ], [ -45.398719599999936, -23.785316199999951 ], [ -45.398635799999965, -23.785505099999963 ], [ -45.398544499999964, -23.785785 ], [ -45.39846069999993, -23.785966899999945 ], [ -45.398415, -23.786135 ], [ -45.398331299999938, -23.786365799999938 ], [ -45.398232299999961, -23.786596699999958 ], [ -45.398094799999967, -23.786827599999967 ], [ -45.39798, -23.787016599999951 ], [ -45.39785779999994, -23.787163599999928 ], [ -45.397751, -23.787282499999957 ], [ -45.397613699999965, -23.787429499999973 ], [ -45.39749889999996, -23.787576499999936 ], [ -45.397384, -23.787751299999961 ], [ -45.397319299999936, -23.787841899999936 ], [ -45.3972692, -23.787912199999941 ], [ -45.397299799999985, -23.788156799999964 ], [ -45.397452099999953, -23.788303299999946 ], [ -45.397528199999954, -23.78844289999995 ], [ -45.39765, -23.788729 ], [ -45.397680899999955, -23.788987499999962 ], [ -45.397734799999967, -23.789190299999969 ], [ -45.397781099999975, -23.789379499999942 ], [ -45.397835199999975, -23.789652099999962 ], [ -45.397881699999964, -23.789924699999982 ], [ -45.397913299999971, -23.790232499999931 ], [ -45.3980428, -23.79058869999994 ], [ -45.39812669999997, -23.790931099999966 ], [ -45.398241799999937, -23.791335699999934 ], [ -45.398272899999938, -23.791601299999961 ], [ -45.398296899999934, -23.791958 ], [ -45.39829, -23.792230899999936 ], [ -45.398290399999958, -23.792433699999943 ], [ -45.398413099999978, -23.792706399999926 ], [ -45.39849339999995, -23.792827799999941 ], [ -45.398569799999962, -23.792943 ], [ -45.398603199999975, -23.793031099999936 ], [ -45.3987, -23.793285599999937 ], [ -45.39892169999996, -23.793474299999964 ], [ -45.399051899999954, -23.793698 ], [ -45.399151399999937, -23.79388669999997 ], [ -45.399266399999931, -23.794159399999952 ], [ -45.39933549999995, -23.794446099999959 ], [ -45.399366399999963, -23.79471889999996 ], [ -45.399450599999966, -23.794949599999939 ], [ -45.399476899999968, -23.795181199999949 ], [ -45.399477099999963, -23.79544 ], [ -45.399446799999971, -23.795740799999965 ], [ -45.3994393, -23.795929599999969 ], [ -45.399538699999937, -23.796083299999957 ], [ -45.399523599999952, -23.796237099999924 ], [ -45.399508499999968, -23.796495799999942 ], [ -45.399508599999933, -23.796684499999959 ], [ -45.399485799999979, -23.796915099999978 ], [ -45.39944, -23.797068899999939 ], [ -45.399386599999957, -23.797231399999912 ], [ -45.399363799999946, -23.797364199999944 ], [ -45.399318099999959, -23.797546 ], [ -45.399264599999988, -23.797678799999975 ], [ -45.39921889999993, -23.797811699999954 ], [ -45.399180899999969, -23.797951599999969 ], [ -45.399096899999968, -23.798091399999979 ], [ -45.399028199999968, -23.798203199999936 ], [ -45.398967199999959, -23.798364 ], [ -45.398890799999947, -23.798503699999969 ], [ -45.398822199999984, -23.798636399999971 ], [ -45.398768799999971, -23.798776199999949 ], [ -45.398700099999985, -23.798874 ], [ -45.398570399999983, -23.798972199999973 ], [ -45.398443799999939, -23.799019299999944 ], [ -45.398224199999959, -23.799103399999975 ], [ -45.397998399999949, -23.799170899999982 ], [ -45.397845699999948, -23.799193599999956 ], [ -45.397662399999945, -23.79928069999994 ], [ -45.397693199999942, -23.799476699999957 ], [ -45.397681099999943, -23.799602799999946 ], [ -45.397846399999935, -23.799627799999943 ], [ -45.397928899999954, -23.799515699999976 ], [ -45.398096799999962, -23.799467699999983 ], [ -45.398106, -23.799467699999969 ], [ -45.398290699999968, -23.799545699999943 ], [ -45.398445899999956, -23.799679499999971 ], [ -45.398497899999938, -23.799884399999939 ], [ -45.398455099999978, -23.80016 ], [ -45.398417, -23.800298499999943 ], [ -45.398382199999958, -23.800451099999986 ], [ -45.39834319999995, -23.800607499999959 ], [ -45.398302099999967, -23.800765399999925 ], [ -45.398251299999977, -23.800936099999937 ], [ -45.398200399999958, -23.801114599999945 ], [ -45.398149699999983, -23.801269699999978 ], [ -45.398124399999965, -23.801424899999965 ], [ -45.398065199999962, -23.801611099999949 ], [ -45.398023, -23.801774 ], [ -45.397995099999953, -23.801795399999943 ], [ -45.397879299999943, -23.801890499999956 ], [ -45.3977862, -23.801975899999949 ], [ -45.397860099999946, -23.80211519999995 ], [ -45.397928, -23.802226 ], [ -45.397972299999942, -23.802271799999961 ], [ -45.397969399999965, -23.802423099999938 ], [ -45.397956399999948, -23.80263559999997 ], [ -45.39794859999995, -23.802820899999983 ], [ -45.397956799999967, -23.802955 ], [ -45.397948699999979, -23.803067 ], [ -45.397880299999933, -23.803194299999969 ], [ -45.397797799999978, -23.803316099999961 ], [ -45.397710099999976, -23.803403799999945 ], [ -45.397614299999937, -23.80346239999994 ], [ -45.397539699999975, -23.803501499999975 ], [ -45.397395899999935, -23.803552899999943 ], [ -45.39724659999996, -23.803614199999966 ], [ -45.397105299999964, -23.803648499999948 ], [ -45.397011499999969, -23.803704699999972 ], [ -45.396929, -23.803843699999955 ], [ -45.39693589999996, -23.804006699999949 ], [ -45.396908499999945, -23.804183399999928 ], [ -45.396877599999989, -23.804338 ], [ -45.396860499999946, -23.804464299999946 ], [ -45.396836499999957, -23.804612699999947 ], [ -45.396822799999946, -23.804742099999942 ], [ -45.396802199999975, -23.804876599999947 ], [ -45.396788799999968, -23.805010899999953 ], [ -45.396759199999963, -23.805156399999916 ], [ -45.39674, -23.805240699999953 ], [ -45.396725199999935, -23.805360299999958 ], [ -45.396710199999966, -23.805449099999976 ], [ -45.396687399999962, -23.80554809999996 ], [ -45.39666, -23.805645299999977 ], [ -45.396641299999942, -23.805750099999955 ], [ -45.396620599999956, -23.805858699999924 ], [ -45.396589499999948, -23.805988199999931 ], [ -45.396575, -23.80610449999994 ], [ -45.396556399999952, -23.806226399999954 ], [ -45.396548099999961, -23.806329199999936 ], [ -45.396528899999964, -23.806460499999957 ], [ -45.396503499999938, -23.806569299999975 ], [ -45.396478099999975, -23.806639399999927 ], [ -45.396473899999933, -23.806693799999962 ], [ -45.396474, -23.806868799999965 ], [ -45.396418899999958, -23.806981599999958 ], [ -45.396397699999973, -23.807106099999935 ], [ -45.396389299999953, -23.807191599999957 ], [ -45.396402099999932, -23.807292699999948 ], [ -45.396393699999983, -23.807413299999936 ], [ -45.396366199999932, -23.807533599999939 ], [ -45.396565899999985, -23.807525599999959 ], [ -45.396839399999976, -23.807503499999928 ], [ -45.397095499999971, -23.807497399999942 ], [ -45.397358, -23.807467399999954 ], [ -45.397743899999966, -23.807451199999949 ], [ -45.397920699999986, -23.807453 ], [ -45.398135699999955, -23.807520399999934 ], [ -45.398348399999975, -23.807530199999977 ], [ -45.398485099999959, -23.807514199999954 ], [ -45.398580599999946, -23.807514099999931 ], [ -45.398641399999974, -23.80757559999995 ], [ -45.398676199999962, -23.80768479999994 ], [ -45.398689399999974, -23.80779 ], [ -45.398687299999949, -23.807851599999932 ], [ -45.398643899999975, -23.807897299999976 ], [ -45.398604799999937, -23.807909199999969 ], [ -45.398498499999967, -23.807913299999935 ], [ -45.398392099999967, -23.807929199999922 ], [ -45.398268499999972, -23.807951199999934 ], [ -45.398153399999963, -23.807959199999964 ], [ -45.398040599999945, -23.807967199999958 ], [ -45.397914699999944, -23.807989199999955 ], [ -45.397810499999942, -23.807989299999971 ], [ -45.397658599999943, -23.808007199999949 ], [ -45.397508499999958, -23.808024799999938 ], [ -45.397335799999958, -23.808046499999929 ], [ -45.397131699999932, -23.808053799999978 ], [ -45.39699029999997, -23.808061099999961 ], [ -45.396849, -23.808068399999971 ], [ -45.396692, -23.808082899999928 ], [ -45.396574199999982, -23.808097299999918 ], [ -45.396472099999983, -23.808104599999979 ], [ -45.396362199999942, -23.808119 ], [ -45.396275799999948, -23.808126299999962 ], [ -45.396244599999932, -23.808212399999942 ], [ -45.396224499999967, -23.808384299999933 ], [ -45.396200599999979, -23.808526099999948 ], [ -45.396190799999943, -23.80863509999994 ], [ -45.396166099999959, -23.808753199999963 ], [ -45.396148899999957, -23.808859799999937 ], [ -45.396139199999936, -23.808948299999933 ], [ -45.396134499999967, -23.809113799999974 ], [ -45.396208899999976, -23.809106899999954 ], [ -45.396429399999931, -23.809075199999935 ], [ -45.396563399999934, -23.809052499999947 ], [ -45.39668, -23.809038899999965 ], [ -45.396838799999955, -23.809025199999954 ], [ -45.396967899999936, -23.80909779999994 ], [ -45.397092099999952, -23.80916579999996 ], [ -45.397102, -23.809161299999975 ], [ -45.397188899999954, -23.809195299999946 ], [ -45.397372, -23.80927609999997 ], [ -45.397491899999977, -23.809329 ], [ -45.397723799999937, -23.809479399999919 ], [ -45.397860399999956, -23.809540599999924 ], [ -45.398019299999937, -23.80962449999992 ], [ -45.398260099999966, -23.809728699999948 ], [ -45.398406499999965, -23.80975589999996 ], [ -45.39855289999997, -23.809823899999973 ], [ -45.398689499999939, -23.809921399999954 ], [ -45.398826, -23.810014299999978 ], [ -45.39897979999995, -23.810150399999937 ], [ -45.398998, -23.810181 ], [ -45.399049299999952, -23.810352399999939 ], [ -45.398335699999961, -23.810852799999957 ], [ -45.39820839999993, -23.810867499999976 ], [ -45.397830899999981, -23.810843099999946 ], [ -45.39751159999998, -23.810832799999954 ], [ -45.3971969, -23.810543099999958 ], [ -45.396952, -23.81035159999993 ], [ -45.39658, -23.810712 ], [ -45.397687099999985, -23.811664899999979 ], [ -45.39783529999994, -23.811579399999964 ], [ -45.398289299999931, -23.811307299999942 ], [ -45.398620299999955, -23.811023699999968 ], [ -45.398686599999962, -23.811071799999986 ], [ -45.3988035, -23.811166099999983 ], [ -45.398938099999953, -23.811303299999967 ], [ -45.39903749999997, -23.811419 ], [ -45.399148699999955, -23.811565099999935 ], [ -45.399217099999937, -23.811736299999946 ], [ -45.399266099999977, -23.811916399999976 ], [ -45.399295599999959, -23.812171899999939 ], [ -45.399330899999939, -23.812389499999941 ], [ -45.399352499999964, -23.812568 ], [ -45.399370199999957, -23.812708899999951 ], [ -45.399477599999955, -23.812872199999958 ], [ -45.399577199999953, -23.812986299999981 ], [ -45.399686599999946, -23.813088 ], [ -45.399764699999935, -23.813191399999937 ], [ -45.3998668, -23.81332939999993 ], [ -45.399946799999952, -23.813407899999948 ], [ -45.4000468, -23.813538299999937 ], [ -45.400158099999942, -23.813663099999925 ], [ -45.400246, -23.813759399999984 ], [ -45.40032609999998, -23.813855699999984 ], [ -45.400376799999954, -23.813930599999928 ], [ -45.400462699999927, -23.813991199999979 ], [ -45.400554399999983, -23.814001899999933 ], [ -45.40066749999994, -23.813914299999958 ], [ -45.400823399999986, -23.81375179999997 ], [ -45.400921799999935, -23.813673299999945 ], [ -45.401028, -23.813579499999943 ], [ -45.401193699999958, -23.813447399999966 ], [ -45.401353, -23.81332319999996 ], [ -45.401469199999951, -23.813236399999941 ], [ -45.401626199999953, -23.813094399999951 ], [ -45.401720899999923, -23.813027399999946 ], [ -45.401876399999928, -23.812904399999972 ], [ -45.402052799999979, -23.812752499999927 ], [ -45.402225, -23.812628299999968 ], [ -45.402384299999945, -23.812515899999937 ], [ -45.402528399999937, -23.812391599999952 ], [ -45.402633899999955, -23.812302899999967 ], [ -45.402746499999985, -23.812209299999946 ], [ -45.402873399999976, -23.812106699999966 ], [ -45.403013299999941, -23.811996299999979 ], [ -45.403151, -23.811879899999962 ], [ -45.403278, -23.811779399999978 ], [ -45.403424299999983, -23.811676799999923 ], [ -45.403542699999946, -23.811588099999931 ], [ -45.403698799999972, -23.811468 ], [ -45.403903299999968, -23.811316099999935 ], [ -45.404129199999936, -23.811113 ], [ -45.404333599999973, -23.810957199999958 ], [ -45.404484199999956, -23.810831 ], [ -45.404763099999975, -23.810609399999972 ], [ -45.405053599999974, -23.810396399999945 ], [ -45.40523, -23.810250499999931 ], [ -45.405320399999944, -23.81016569999997 ], [ -45.405518499999971, -23.81001469999995 ], [ -45.405809, -23.809785899999959 ], [ -45.405962, -23.809661499999947 ], [ -45.405972799999979, -23.80965759999998 ], [ -45.405981399999966, -23.809649699999966 ], [ -45.406138299999952, -23.809533399999957 ], [ -45.406205, -23.80949789999994 ], [ -45.406344799999943, -23.809509599999945 ], [ -45.406492399999934, -23.809575399999975 ], [ -45.406529699999972, -23.809592099999968 ], [ -45.406600699999956, -23.809700199999956 ], [ -45.406652299999962, -23.809782699999978 ], [ -45.406716799999963, -23.809890699999979 ], [ -45.406695199999952, -23.809982699999967 ], [ -45.406645799999986, -23.810120399999953 ], [ -45.406659, -23.810299199999967 ], [ -45.406743, -23.810383699999928 ], [ -45.406743399999975, -23.810486099999931 ], [ -45.406745799999946, -23.81057079999993 ], [ -45.406728899999962, -23.810657599999953 ], [ -45.406770199999983, -23.810797699999966 ], [ -45.406862799999942, -23.810890099999934 ], [ -45.407006799999976, -23.81087819999993 ], [ -45.407116499999979, -23.810868199999955 ], [ -45.40723909999997, -23.810840499999976 ], [ -45.40732729999997, -23.810887599999948 ], [ -45.407415599999979, -23.810966299999961 ], [ -45.407501699999962, -23.811086199999973 ], [ -45.407514699999979, -23.811138 ], [ -45.407517, -23.811254099999925 ], [ -45.407538599999953, -23.811340699999967 ], [ -45.407624799999958, -23.81145869999995 ], [ -45.407652799999937, -23.811525599999989 ], [ -45.407689399999981, -23.811580699999968 ], [ -45.407803399999978, -23.811612 ], [ -45.407873899999977, -23.811614099999925 ], [ -45.407880399999961, -23.81161209999993 ], [ -45.4079857, -23.811598099999969 ], [ -45.408071399999983, -23.811659899999935 ], [ -45.40814679999994, -23.811783799999958 ], [ -45.408209199999924, -23.81186039999994 ], [ -45.408303899999964, -23.811919299999936 ], [ -45.408394299999941, -23.811969199999957 ], [ -45.408387299999958, -23.81209 ], [ -45.408411299999962, -23.812278799999941 ], [ -45.408431, -23.812396899999957 ], [ -45.408439799999947, -23.812493299999979 ], [ -45.408455099999969, -23.812574 ], [ -45.408388599999967, -23.812597799999928 ], [ -45.408294, -23.81258809999996 ], [ -45.408182299999964, -23.812663099999956 ], [ -45.408077, -23.812730199999976 ], [ -45.407965199999985, -23.812797299999946 ], [ -45.407874899999968, -23.812852699999954 ], [ -45.407877099999951, -23.812931499999937 ], [ -45.407984899999974, -23.813012199999953 ], [ -45.4080709, -23.812952899999967 ], [ -45.408161199999938, -23.812897599999932 ], [ -45.408221399999952, -23.812852199999949 ], [ -45.408281599999953, -23.812885599999962 ], [ -45.408333299999981, -23.812930799999943 ], [ -45.408335499999964, -23.812930799999943 ], [ -45.408434299999954, -23.812887299999943 ], [ -45.408576699999969, -23.812896199999951 ], [ -45.408643699999963, -23.812975399999967 ], [ -45.408715699999952, -23.813088699999984 ], [ -45.408772799999959, -23.813267699999979 ], [ -45.408807699999954, -23.813421799999954 ], [ -45.408834499999962, -23.813604899999969 ], [ -45.408840199999986, -23.813644 ], [ -45.408827899999956, -23.813773199999954 ], [ -45.408824799999927, -23.813811399999956 ], [ -45.40881319999994, -23.813927399999951 ], [ -45.408798499999932, -23.814065699999958 ], [ -45.408751399999964, -23.814124699999972 ], [ -45.408648399999947, -23.814168 ], [ -45.40857409999996, -23.814195199999972 ], [ -45.408475099999983, -23.81429959999997 ], [ -45.408447899999935, -23.814399399999949 ], [ -45.408505, -23.814469699999965 ], [ -45.408596699999975, -23.814446899999957 ], [ -45.408666099999955, -23.814542099999983 ], [ -45.40868109999996, -23.814648599999952 ], [ -45.40875049999994, -23.814739199999963 ], [ -45.408780399999955, -23.81486389999997 ], [ -45.408791599999972, -23.814993 ], [ -45.408762, -23.815083799999968 ], [ -45.408796799999948, -23.815215199999955 ], [ -45.408794399999984, -23.815317299999947 ], [ -45.408777199999975, -23.815476 ], [ -45.408732699999973, -23.815607599999961 ], [ -45.408660899999973, -23.815677899999972 ], [ -45.40854939999997, -23.815671199999926 ], [ -45.408492199999962, -23.815674699999942 ], [ -45.408403, -23.815701899999969 ], [ -45.40828659999994, -23.815781399999942 ], [ -45.408214799999939, -23.815962799999969 ], [ -45.408147899999967, -23.81596739999998 ], [ -45.407984399999975, -23.816015199999978 ], [ -45.407815899999939, -23.816047099999928 ], [ -45.407702, -23.816133299999937 ], [ -45.407640099999981, -23.816212699999934 ], [ -45.407595499999957, -23.816324099999974 ], [ -45.40751129999996, -23.816412599999989 ], [ -45.407399799999951, -23.816451199999957 ], [ -45.40724629999994, -23.816548799999975 ], [ -45.407127399999979, -23.816648599999958 ], [ -45.407117699999958, -23.816784599999952 ], [ -45.407112799999936, -23.816886599999972 ], [ -45.407098, -23.816984099999949 ], [ -45.407070199999957, -23.817098499999926 ], [ -45.407043099999953, -23.817202 ], [ -45.407002, -23.817294499999932 ], [ -45.406856, -23.81737 ], [ -45.406775499999981, -23.817418099999948 ], [ -45.406678099999965, -23.817455899999974 ], [ -45.40659009999996, -23.817476499999955 ], [ -45.40652069999993, -23.817478299999944 ], [ -45.406447599999979, -23.817452699999937 ], [ -45.406353899999942, -23.817423599999927 ], [ -45.406271499999953, -23.817466499999966 ], [ -45.406213499999978, -23.817540299999951 ], [ -45.406164899999965, -23.817638 ], [ -45.406215499999973, -23.817763899999925 ], [ -45.406243699999955, -23.817894099999933 ], [ -45.406213899999955, -23.817980699999964 ], [ -45.406143, -23.818092399999959 ], [ -45.406029499999939, -23.818139299999917 ], [ -45.405927399999939, -23.818206899999957 ], [ -45.4057883, -23.818290099999956 ], [ -45.405734499999937, -23.818352499999943 ], [ -45.405754399999985, -23.81843559999993 ], [ -45.405720399999957, -23.818508299999959 ], [ -45.405636099999988, -23.818558299999957 ], [ -45.40549429999993, -23.818683099999927 ], [ -45.405358199999959, -23.818789699999961 ], [ -45.405270299999984, -23.818955899999946 ], [ -45.405191, -23.819085799999971 ], [ -45.40508889999996, -23.819187199999934 ], [ -45.405035, -23.819288499999963 ], [ -45.404964199999938, -23.819363799999948 ], [ -45.40490189999997, -23.819491 ], [ -45.404833899999979, -23.819613099999973 ], [ -45.404794299999942, -23.819727399999966 ], [ -45.404842599999938, -23.819867399999961 ], [ -45.40492219999993, -23.819981599999945 ], [ -45.405018799999937, -23.820025599999937 ], [ -45.405035699999985, -23.819924399999927 ], [ -45.40507539999993, -23.819890599999937 ], [ -45.40516619999994, -23.819885399999976 ], [ -45.405237199999931, -23.819913799999934 ], [ -45.405299599999971, -23.819968299999967 ], [ -45.405345, -23.820022699999985 ], [ -45.405401699999977, -23.820069299999947 ], [ -45.405472599999939, -23.820144299999978 ], [ -45.405532099999967, -23.820214199999953 ], [ -45.405585899999956, -23.82027109999995 ], [ -45.405636899999926, -23.820355599999964 ], [ -45.405707699999944, -23.820428099999958 ], [ -45.405772899999931, -23.820505799999978 ], [ -45.405835199999956, -23.820583399999968 ], [ -45.405784399999959, -23.820624899999938 ], [ -45.405815699999955, -23.820715599999971 ], [ -45.405889499999944, -23.82081149999993 ], [ -45.406042499999955, -23.820896799999957 ], [ -45.4061162, -23.820964099999973 ], [ -45.40624639999993, -23.821020899999944 ], [ -45.406359399999985, -23.821036299999946 ], [ -45.406562899999983, -23.821056699999925 ], [ -45.406780799999986, -23.821017599999948 ], [ -45.40688879999994, -23.820996 ], [ -45.40703039999994, -23.821014 ], [ -45.40717189999998, -23.82102169999995 ], [ -45.407316299999941, -23.82100609999998 ], [ -45.407455099999936, -23.821029299999967 ], [ -45.407588199999964, -23.821034399999974 ], [ -45.407738299999949, -23.821026499999959 ], [ -45.407908499999962, -23.821093799999975 ], [ -45.408050199999941, -23.821124799999954 ], [ -45.408154199999956, -23.821184599999981 ], [ -45.408313, -23.821244099999941 ], [ -45.408429399999939, -23.821321699999938 ], [ -45.408520299999964, -23.821389099999958 ], [ -45.408659299999947, -23.821479699999944 ], [ -45.408772499999941, -23.821502899999935 ], [ -45.408894399999951, -23.821565 ], [ -45.409047399999963, -23.821637499999952 ], [ -45.409223, -23.821700299999982 ], [ -45.409370499999966, -23.821715799999932 ], [ -45.409515299999953, -23.821733799999947 ], [ -45.409643, -23.821718099999941 ], [ -45.409770699999967, -23.821686899999982 ], [ -45.409853, -23.821637499999955 ], [ -45.409900899999968, -23.821523399999936 ], [ -45.409948899999961, -23.821450699999961 ], [ -45.41007529999996, -23.821394599999962 ], [ -45.410276499999952, -23.821412699999936 ], [ -45.410475099999978, -23.8214359 ], [ -45.410668099999953, -23.821508499999936 ], [ -45.410824099999957, -23.821599099999961 ], [ -45.410841199999936, -23.82164059999997 ], [ -45.410793099999985, -23.821734199999977 ], [ -45.410773399999982, -23.821840599999973 ], [ -45.410835899999938, -23.821931399999986 ], [ -45.410969299999984, -23.822050499999925 ], [ -45.411062899999941, -23.822141199999976 ], [ -45.411139499999933, -23.822213799999922 ], [ -45.411241699999948, -23.822325199999963 ], [ -45.411298399999964, -23.822401799999973 ], [ -45.411338199999939, -23.822482199999978 ], [ -45.411338399999977, -23.822630099999969 ], [ -45.411347, -23.822755 ], [ -45.411344699999972, -23.822806499999942 ], [ -45.411341599999957, -23.822889899999943 ], [ -45.411372899999947, -23.82303 ], [ -45.411376, -23.823201299999933 ], [ -45.411393199999964, -23.823323199999944 ], [ -45.411473599999965, -23.823451899999956 ], [ -45.411570099999949, -23.823555599999953 ], [ -45.411689399999943, -23.823724099999939 ], [ -45.411774499999979, -23.823830899999962 ], [ -45.411786099999972, -23.823955399999917 ], [ -45.411891199999957, -23.824077299999939 ], [ -45.41195369999997, -23.824175799999985 ], [ -45.411928399999965, -23.824279699999984 ], [ -45.411959799999984, -23.824401699999949 ], [ -45.411940199999954, -23.82453409999993 ], [ -45.411929099999952, -23.824656199999929 ], [ -45.411940499999965, -23.824757399999939 ], [ -45.41208249999994, -23.824845599999936 ], [ -45.412196, -23.824835099999962 ], [ -45.412252499999973, -23.824749299999947 ], [ -45.41229739999995, -23.824632199999936 ], [ -45.412396299999948, -23.824569699999927 ], [ -45.412526399999933, -23.82457729999992 ], [ -45.41260589999996, -23.82463949999994 ], [ -45.412710499999946, -23.824709199999976 ], [ -45.412804199999975, -23.824750599999959 ], [ -45.412889399999983, -23.824786899999932 ], [ -45.412971699999957, -23.824823099999943 ], [ -45.41302289999993, -23.824862 ], [ -45.413045799999963, -23.824950299999959 ], [ -45.4131, -23.825025599999947 ], [ -45.413301599999947, -23.825030699999957 ], [ -45.413418, -23.825020199999972 ], [ -45.413545499999941, -23.824952599999957 ], [ -45.413627899999938, -23.824968099999978 ], [ -45.413653199999935, -23.824885 ], [ -45.41368139999998, -23.824781099999928 ], [ -45.413743799999963, -23.824692899999938 ], [ -45.41384029999994, -23.82455259999994 ], [ -45.413826, -23.824467 ], [ -45.413726399999973, -23.824404799999964 ], [ -45.413635299999953, -23.824277699999985 ], [ -45.413606799999968, -23.824176499999965 ], [ -45.413669199999958, -23.824103799999932 ], [ -45.413723, -23.823999899999937 ], [ -45.413737099999942, -23.823924699999953 ], [ -45.413702899999983, -23.823854699999959 ], [ -45.413648899999941, -23.823802799999939 ], [ -45.413599899999952, -23.823706399999928 ], [ -45.413819399999966, -23.823547099999928 ], [ -45.414157899999971, -23.823471499999979 ], [ -45.414725399999952, -23.823362199999959 ], [ -45.415109899999955, -23.82330329999996 ], [ -45.415421299999934, -23.823269499999981 ], [ -45.415695699999958, -23.82323579999996 ], [ -45.41607079999995, -23.823185199999962 ], [ -45.416317499999927, -23.823176699999969 ], [ -45.41669189999994, -23.823151199999927 ], [ -45.416754, -23.823235899999936 ], [ -45.416868399999949, -23.823298799999975 ], [ -45.417019799999935, -23.823282199999937 ], [ -45.417117899999937, -23.823331 ], [ -45.417136099999944, -23.823445399999954 ], [ -45.417181, -23.823559799999945 ], [ -45.417172199999982, -23.823641399999925 ], [ -45.417270599999938, -23.823821 ], [ -45.417431399999941, -23.823943299999947 ], [ -45.417609899999945, -23.823975799999968 ], [ -45.41785079999994, -23.823975599999983 ], [ -45.418109799999968, -23.824024399999917 ], [ -45.418306, -23.824016 ], [ -45.418457699999976, -23.824024 ], [ -45.418698699999943, -23.824023799999964 ], [ -45.418841899999961, -23.82401909999993 ], [ -45.41900459999993, -23.823995399999944 ], [ -45.419278699999957, -23.82400309999996 ], [ -45.419364399999957, -23.824073599999956 ], [ -45.419510199999934, -23.824136199999945 ], [ -45.419540399999953, -23.824308799999976 ], [ -45.419553599999972, -23.824485299999932 ], [ -45.419611, -23.824586 ], [ -45.419713899999984, -23.824633 ], [ -45.419825399999986, -23.824695599999927 ], [ -45.419962599999963, -23.824722899999987 ], [ -45.420069699999942, -23.82469929999996 ], [ -45.420249799999972, -23.82475009999996 ], [ -45.420386799999967, -23.824777399999956 ], [ -45.420541, -23.824832099999959 ], [ -45.42069939999994, -23.824875099999932 ], [ -45.420892, -23.824953299999944 ], [ -45.421054499999968, -23.825035399999933 ], [ -45.421216899999934, -23.825121299999974 ], [ -45.421327899999937, -23.825160299999929 ], [ -45.4214219, -23.825242399999972 ], [ -45.421503099999939, -23.825312799999953 ], [ -45.421605499999941, -23.825371299999976 ], [ -45.421682299999929, -23.825426 ], [ -45.421746399999961, -23.825500199999958 ], [ -45.421827499999949, -23.825566599999945 ], [ -45.421901, -23.82565649999998 ], [ -45.421871199999948, -23.825742599999948 ], [ -45.421803, -23.825817 ], [ -45.421786099999963, -23.825977399999939 ], [ -45.421811899999966, -23.826083099999948 ], [ -45.421829099999968, -23.826169199999985 ], [ -45.421812299999942, -23.826255299999954 ], [ -45.42171859999997, -23.826322099999967 ], [ -45.421654699999976, -23.826408399999934 ], [ -45.421655, -23.826522 ], [ -45.421732099999986, -23.826608099999923 ], [ -45.421810599999958, -23.826705499999957 ], [ -45.421875, -23.826799399999963 ], [ -45.42193919999994, -23.826862 ], [ -45.421982099999973, -23.826975499999953 ], [ -45.422003699999955, -23.827112599999946 ], [ -45.421982499999956, -23.827269299999962 ], [ -45.421948399999962, -23.82735549999995 ], [ -45.421845699999949, -23.827383199999932 ], [ -45.421721599999962, -23.827426499999952 ], [ -45.4216, -23.827454499999927 ], [ -45.421510199999943, -23.827529 ], [ -45.421463299999971, -23.827634899999975 ], [ -45.421437799999978, -23.827768199999987 ], [ -45.421463599999989, -23.827893599999978 ], [ -45.421459399999939, -23.827979799999987 ], [ -45.421318099999951, -23.827995699999967 ], [ -45.421224099999961, -23.828105699999981 ], [ -45.421151399999985, -23.828203799999976 ], [ -45.42121579999997, -23.828313499999989 ], [ -45.421327199999951, -23.828364299999958 ], [ -45.421417299999973, -23.828438699999939 ], [ -45.421657, -23.828414699999932 ], [ -45.421858499999985, -23.828481199999942 ], [ -45.422021399999949, -23.828512499999924 ], [ -45.422248399999944, -23.828492599999947 ], [ -45.422385199999958, -23.828366899999924 ], [ -45.422474699999952, -23.828190399999986 ], [ -45.422508499999935, -23.828057 ], [ -45.422542499999963, -23.828006 ], [ -45.422670699999969, -23.827982299999981 ], [ -45.422747699999952, -23.827997799999931 ], [ -45.42288469999994, -23.828036799999939 ], [ -45.422888899999975, -23.828036799999939 ], [ -45.422991699999955, -23.828075899999927 ], [ -45.423107199999947, -23.82812669999992 ], [ -45.423158899999983, -23.828240299999951 ], [ -45.423159399999975, -23.828342199999952 ], [ -45.423216499999974, -23.828403899999959 ], [ -45.423293699999931, -23.828462599999966 ], [ -45.423362399999974, -23.828556499999934 ], [ -45.42329419999993, -23.828634899999933 ], [ -45.423251899999975, -23.828768199999956 ], [ -45.423235199999972, -23.828905399999929 ], [ -45.423149699999954, -23.828991699999953 ], [ -45.423059699999961, -23.829003599999965 ], [ -45.422982799999943, -23.829105599999941 ], [ -45.423013099999935, -23.829246799999961 ], [ -45.423107699999946, -23.829466299999972 ], [ -45.423176399999932, -23.829568199999976 ], [ -45.423296599999958, -23.829670099999916 ], [ -45.423485199999959, -23.829658099999968 ], [ -45.423707899999954, -23.829501099999952 ], [ -45.423733099999943, -23.829281399999942 ], [ -45.423719399999982, -23.829077399999953 ], [ -45.423731599999947, -23.828924499999964 ] ] ] ] } }
]
}
