{
"type": "FeatureCollection",
"name": "3552205",
"crs": { "type": "name", "properties": { "name": "urn:ogc:def:crs:OGC:1.3:CRS84" } },
"features": [
{ "type": "Feature", "properties": { "CD_MUN": "3552205", "NM_MUN": "Sorocaba" }, "geometry": { "type": "MultiPolygon", "coordinates": [ [ [ [ -47.533958499999983, -23.58175209999996 ], [ -47.533981199999978, -23.581651 ], [ -47.534009599999941, -23.581408799999959 ], [ -47.534132, -23.58146569999996 ], [ -47.534311299999956, -23.581452399999932 ], [ -47.534479499999982, -23.581377599999936 ], [ -47.534780799999965, -23.581174699999966 ], [ -47.534724799999935, -23.581127799999933 ], [ -47.534737499999956, -23.581038599999946 ], [ -47.534721299999944, -23.580950799999989 ], [ -47.534692, -23.580882599999942 ], [ -47.534568499999978, -23.580723399999957 ], [ -47.534471, -23.580648599999968 ], [ -47.534415799999984, -23.580577099999967 ], [ -47.534354, -23.580505599999981 ], [ -47.534289, -23.580385399999944 ], [ -47.534240299999965, -23.580304099999971 ], [ -47.534191499999963, -23.580287899999973 ], [ -47.534113499999933, -23.580297599999927 ], [ -47.534022499999942, -23.580349599999963 ], [ -47.533782, -23.58059339999993 ], [ -47.533723499999951, -23.580609599999949 ], [ -47.533652, -23.580590099999934 ], [ -47.533588199999947, -23.580557899999977 ], [ -47.53353379999993, -23.580567099999946 ], [ -47.533412399999975, -23.58031829999992 ], [ -47.533037399999955, -23.579709599999948 ], [ -47.532401299999947, -23.578694 ], [ -47.532332, -23.578704 ], [ -47.531419399999947, -23.578835199999951 ], [ -47.530174699999968, -23.579049699999914 ], [ -47.528975499999952, -23.57929659999996 ], [ -47.529297199999974, -23.579797099999951 ], [ -47.52934589999996, -23.57979389999997 ], [ -47.529384899999968, -23.579774399999952 ], [ -47.529446699999937, -23.579754899999955 ], [ -47.530062499999985, -23.580707099999927 ], [ -47.530078799999949, -23.580738 ], [ -47.529363799999942, -23.580772499999956 ], [ -47.529055599999936, -23.580786699999972 ], [ -47.528700299999969, -23.580817799999977 ], [ -47.527968199999975, -23.580847699999946 ], [ -47.527898799999946, -23.580845299999964 ], [ -47.527539, -23.580832 ], [ -47.527591399999949, -23.58086639999993 ], [ -47.528945199999946, -23.581739 ], [ -47.529360499999939, -23.581999 ], [ -47.529467599999975, -23.582066099999956 ], [ -47.529963799999962, -23.582401899999983 ], [ -47.530312899999956, -23.582632899999957 ], [ -47.53267649999998, -23.58411019999993 ], [ -47.534009499999968, -23.58496509999998 ], [ -47.534717, -23.584005 ], [ -47.534812399999964, -23.583766099999934 ], [ -47.534115199999974, -23.582220199999949 ], [ -47.534097199999955, -23.582179799999945 ], [ -47.533975899999973, -23.581856 ], [ -47.533958499999983, -23.58175209999996 ] ] ], [ [ [ -47.535086099999937, -23.56445419999994 ], [ -47.534819399999947, -23.564539499999977 ], [ -47.536021, -23.56711329999996 ], [ -47.537948599999936, -23.566390199999951 ], [ -47.538057899999956, -23.566555699999974 ], [ -47.538143499999933, -23.566638499999957 ], [ -47.538248099999983, -23.566664699999922 ], [ -47.538390699999979, -23.566669 ], [ -47.538561799999961, -23.566669 ], [ -47.538956399999954, -23.56668209999998 ], [ -47.539783499999942, -23.56665159999995 ], [ -47.540555899999966, -23.566642899999977 ], [ -47.541177499999947, -23.566645199999975 ], [ -47.541168, -23.567146899999948 ], [ -47.541189399999951, -23.567699099999967 ], [ -47.541184599999951, -23.56804609999995 ], [ -47.541217899999943, -23.56816369999995 ], [ -47.541966, -23.569036699999973 ], [ -47.542248899999954, -23.569343899999978 ], [ -47.542570599999976, -23.569698899999935 ], [ -47.542695699999975, -23.569836799999955 ], [ -47.542752699999937, -23.569902199999941 ], [ -47.543021299999971, -23.570205 ], [ -47.543180599999971, -23.570379199999934 ], [ -47.543391499999977, -23.570600899999931 ], [ -47.543432899999971, -23.570647799999961 ], [ -47.544023099999954, -23.571316 ], [ -47.544120599999985, -23.571420599999943 ], [ -47.544172899999971, -23.571470699999971 ], [ -47.54422279999995, -23.571503299999957 ], [ -47.544279799999963, -23.571507699999934 ], [ -47.544322599999937, -23.571505499999937 ], [ -47.544365399999947, -23.571481599999967 ], [ -47.544420099999968, -23.571442299999948 ], [ -47.545039499999973, -23.57099419999998 ], [ -47.545111099999986, -23.570942399999968 ], [ -47.545393899999965, -23.570726699999966 ], [ -47.545610199999942, -23.570565499999926 ], [ -47.545791599999973, -23.570439299999972 ], [ -47.546002399999963, -23.570682099999939 ], [ -47.546430199999975, -23.571163499999951 ], [ -47.546505399999944, -23.571272299999972 ], [ -47.546520499999986, -23.571294199999961 ], [ -47.546544299999937, -23.571433599999978 ], [ -47.546563299999946, -23.571642799999957 ], [ -47.54659659999993, -23.572201499999949 ], [ -47.546610899999962, -23.572463 ], [ -47.546675, -23.573018499999932 ], [ -47.546684499999976, -23.573166599999979 ], [ -47.547895199999978, -23.573077799999957 ], [ -47.549516299999937, -23.57281109999996 ], [ -47.553062399999931, -23.570720799999958 ], [ -47.552886499999943, -23.570374199999947 ], [ -47.552278599999966, -23.56907839999997 ], [ -47.552619799999945, -23.56718 ], [ -47.551678599999953, -23.566604099999957 ], [ -47.548548499999981, -23.564599099999949 ], [ -47.544375799999955, -23.560829 ], [ -47.541448199999934, -23.557853399999946 ], [ -47.540376399999964, -23.557042899999953 ], [ -47.538424, -23.554892099999954 ], [ -47.537871, -23.555219499999968 ], [ -47.537825899999973, -23.554832099999945 ], [ -47.537928199999946, -23.554564399999954 ], [ -47.538270699999941, -23.554068399999945 ], [ -47.538522699999938, -23.553552699999955 ], [ -47.538294299999961, -23.553261399999947 ], [ -47.5380148, -23.552214299999939 ], [ -47.537822, -23.551454499999966 ], [ -47.537534599999958, -23.550289299999971 ], [ -47.536763, -23.549994 ], [ -47.536515, -23.550368 ], [ -47.536270899999977, -23.550309 ], [ -47.536113499999942, -23.55027749999994 ], [ -47.535963899999956, -23.550293199999949 ], [ -47.535625299999936, -23.550446699999942 ], [ -47.535263199999974, -23.550285299999931 ], [ -47.53451129999997, -23.550045199999946 ], [ -47.533601899999951, -23.549962499999932 ], [ -47.533137499999953, -23.54991619999992 ], [ -47.531063099999983, -23.54829879999993 ], [ -47.531050199999981, -23.548288699999947 ], [ -47.530997399999933, -23.548251799999942 ], [ -47.530807599999946, -23.548119 ], [ -47.530558699999972, -23.547995399999934 ], [ -47.530160599999931, -23.547739399999941 ], [ -47.530124, -23.547715799999928 ], [ -47.529893299999969, -23.547541899999935 ], [ -47.529427599999963, -23.54802149999994 ], [ -47.529270199999985, -23.5481981 ], [ -47.529241499999955, -23.548243 ], [ -47.529147799999983, -23.548527799999931 ], [ -47.529047899999966, -23.548900799999952 ], [ -47.528954899999981, -23.549245299999949 ], [ -47.528908699999931, -23.549222199999971 ], [ -47.528533399999965, -23.54904229999994 ], [ -47.527384399999967, -23.548525299999941 ], [ -47.526691, -23.549647299999947 ], [ -47.525924, -23.549075799999962 ], [ -47.525884499999968, -23.549048 ], [ -47.525729399999932, -23.548938899999932 ], [ -47.525488, -23.548820499999977 ], [ -47.524543, -23.548071399999973 ], [ -47.524070899999977, -23.54856159999996 ], [ -47.523685499999942, -23.548823099999932 ], [ -47.523711099999957, -23.549231899999928 ], [ -47.5234617, -23.549342599999925 ], [ -47.523852799999986, -23.549675299999937 ], [ -47.523961499999984, -23.54999759999998 ], [ -47.5242535, -23.550437199999969 ], [ -47.524460399999953, -23.550651499999958 ], [ -47.524654299999952, -23.550818799999945 ], [ -47.524844899999955, -23.551037 ], [ -47.525155199999979, -23.551433199999959 ], [ -47.525488, -23.551818 ], [ -47.525631, -23.552024399999937 ], [ -47.524117699999984, -23.551355799999946 ], [ -47.52405269999997, -23.551355799999953 ], [ -47.523965, -23.551391499999962 ], [ -47.5239, -23.551479299999983 ], [ -47.523825199999976, -23.551544299999939 ], [ -47.523555499999986, -23.551674199999979 ], [ -47.523519699999952, -23.551700199999967 ], [ -47.522960699999949, -23.552356699999958 ], [ -47.522869699999944, -23.552421699999968 ], [ -47.522752699999963, -23.55248019999993 ], [ -47.522678, -23.552506199999971 ], [ -47.522603199999942, -23.552509499999928 ], [ -47.522574, -23.553994699999979 ], [ -47.52270069999998, -23.554589399999944 ], [ -47.522824199999945, -23.554719399999957 ], [ -47.522895699999943, -23.55472589999993 ], [ -47.522928199999967, -23.554732399999978 ], [ -47.522947699999975, -23.554751899999918 ], [ -47.522967199999982, -23.554823399999968 ], [ -47.522967199999982, -23.554894899999962 ], [ -47.522967199999982, -23.554933899999988 ], [ -47.522954199999951, -23.554992399999954 ], [ -47.5229217, -23.555037899999945 ], [ -47.522863199999968, -23.555109399999942 ], [ -47.522798199999954, -23.55514189999997 ], [ -47.522733199999948, -23.555187399999955 ], [ -47.522655199999981, -23.555226399999984 ], [ -47.522609699999975, -23.55528489999995 ], [ -47.522577299999966, -23.555369399999964 ], [ -47.522564299999942, -23.555460399999959 ], [ -47.52255119999996, -23.555629399999933 ], [ -47.522551199999953, -23.555759399999943 ], [ -47.52257069999996, -23.555863399999961 ], [ -47.522616199999966, -23.55596079999998 ], [ -47.52271369999994, -23.556058299999957 ], [ -47.522765699999987, -23.556142799999986 ], [ -47.522791699999971, -23.556220799999938 ], [ -47.522824199999953, -23.556324799999977 ], [ -47.522843699999953, -23.556448299999946 ], [ -47.522856699999977, -23.556558799999941 ], [ -47.522889199999952, -23.556981299999961 ], [ -47.525476099999928, -23.55609729999998 ], [ -47.528437099999962, -23.555046899999979 ], [ -47.528482599999961, -23.555066399999919 ], [ -47.52841549999993, -23.555678499999935 ], [ -47.528390799999954, -23.555903899999976 ], [ -47.528389599999976, -23.555924699999935 ], [ -47.528371399999969, -23.5562432 ], [ -47.528415499999937, -23.556903899999941 ], [ -47.528529399999975, -23.557670799999979 ], [ -47.528644599999957, -23.558310399999989 ], [ -47.528651299999979, -23.558406 ], [ -47.52870489999998, -23.55839009999994 ], [ -47.528754499999927, -23.558375499999961 ], [ -47.532595799999967, -23.559259499999936 ], [ -47.532624899999981, -23.560001799999952 ], [ -47.532672899999966, -23.560145699999964 ], [ -47.534456599999942, -23.560729699999968 ], [ -47.534536599999967, -23.56080959999997 ], [ -47.535601, -23.561349 ], [ -47.536370599999941, -23.561777799999959 ], [ -47.536343099999961, -23.562267199999955 ], [ -47.536252799999943, -23.562899 ], [ -47.536257499999984, -23.563055799999969 ], [ -47.536281299999985, -23.563147299999969 ], [ -47.53630979999997, -23.563251899999955 ], [ -47.536476199999981, -23.563572199999957 ], [ -47.536624499999952, -23.563859 ], [ -47.535086099999937, -23.56445419999994 ] ] ], [ [ [ -47.556051699999955, -23.55976319999996 ], [ -47.55609369999997, -23.559735 ], [ -47.556465, -23.559105 ], [ -47.556816699999956, -23.55862349999996 ], [ -47.557800199999974, -23.557276899999962 ], [ -47.558134, -23.55682 ], [ -47.558314, -23.556549499999953 ], [ -47.558347, -23.5565 ], [ -47.558496, -23.556137 ], [ -47.558575, -23.555767 ], [ -47.55861619999996, -23.555610899999969 ], [ -47.558688299999972, -23.555337499999951 ], [ -47.558695, -23.555312 ], [ -47.558782, -23.554876 ], [ -47.558933, -23.554524 ], [ -47.558721299999945, -23.554752599999969 ], [ -47.55839949999995, -23.554975299999963 ], [ -47.558186799999937, -23.555132799999964 ], [ -47.557910499999942, -23.555311899999936 ], [ -47.55765149999997, -23.555472099999971 ], [ -47.557447899999943, -23.555571199999978 ], [ -47.557435899999973, -23.555600199999962 ], [ -47.557389599999972, -23.555619499999981 ], [ -47.556897599999957, -23.555883399999981 ], [ -47.556555599999967, -23.556126 ], [ -47.555444299999976, -23.556914699999929 ], [ -47.555641599999944, -23.557149299999931 ], [ -47.554705799999965, -23.557655899999922 ], [ -47.555159199999935, -23.558105199999943 ], [ -47.55492019999997, -23.558352 ], [ -47.554751599999975, -23.558442399999937 ], [ -47.554886799999963, -23.558614099999946 ], [ -47.55501419999996, -23.55871529999996 ], [ -47.5552, -23.55879449999998 ], [ -47.555510799999986, -23.558909199999949 ], [ -47.55562, -23.558970699999964 ], [ -47.555742699999939, -23.559151299999947 ], [ -47.555939599999931, -23.559504299999958 ], [ -47.556051699999955, -23.55976319999996 ] ] ], [ [ [ -47.549481099999973, -23.546955299999979 ], [ -47.5493, -23.54688439999995 ], [ -47.549095299999976, -23.546852899999969 ], [ -47.54881179999996, -23.546687599999924 ], [ -47.548638599999954, -23.546467099999969 ], [ -47.548536299999959, -23.546388399999959 ], [ -47.548536299999974, -23.54622309999996 ], [ -47.548536299999959, -23.546081299999962 ], [ -47.548512699999954, -23.546026199999979 ], [ -47.548426099999972, -23.546034099999925 ], [ -47.54833949999994, -23.546183699999972 ], [ -47.548197699999946, -23.546459199999948 ], [ -47.548016699999955, -23.546561599999972 ], [ -47.547315899999944, -23.546711199999947 ], [ -47.5470246, -23.546852899999969 ], [ -47.5467963, -23.547041899999957 ], [ -47.546564099999955, -23.54719149999994 ], [ -47.546158599999963, -23.547545699999944 ], [ -47.546032599999933, -23.547719 ], [ -47.545812199999943, -23.548049599999956 ], [ -47.545654699999943, -23.548305499999966 ], [ -47.545335799999975, -23.548762199999938 ], [ -47.545225599999981, -23.549112499999978 ], [ -47.545245299999976, -23.549266 ], [ -47.54529249999996, -23.549388099999931 ], [ -47.545205899999985, -23.549478599999933 ], [ -47.545060299999932, -23.54991949999993 ], [ -47.54499339999996, -23.550293499999942 ], [ -47.545024799999965, -23.550848499999976 ], [ -47.545064199999956, -23.551317 ], [ -47.545015, -23.551847499999951 ], [ -47.545735499999978, -23.552260199999978 ], [ -47.545765099999983, -23.55226509999995 ], [ -47.545779799999934, -23.552675399999938 ], [ -47.545785399999943, -23.552594299999939 ], [ -47.545809799999979, -23.552501799999963 ], [ -47.545875199999962, -23.552449099999929 ], [ -47.545978899999966, -23.552440599999954 ], [ -47.546956499999965, -23.552993699999938 ], [ -47.547491, -23.553313 ], [ -47.54799579999996, -23.553550699999946 ], [ -47.548683299999936, -23.553835299999943 ], [ -47.549509099999973, -23.552880599999988 ], [ -47.549912299999967, -23.552432599999971 ], [ -47.550138399999987, -23.552160599999976 ], [ -47.550388699999985, -23.55189779999996 ], [ -47.550518699999941, -23.551772699999958 ], [ -47.552061099999953, -23.550104099999938 ], [ -47.551661899999942, -23.54956129999994 ], [ -47.549929799999973, -23.547719 ], [ -47.549843199999941, -23.547742599999939 ], [ -47.54967, -23.547632399999941 ], [ -47.549544099999935, -23.547388299999962 ], [ -47.549433799999974, -23.547222899999944 ], [ -47.549426, -23.547089099999937 ], [ -47.549481099999973, -23.546955299999979 ] ] ], [ [ [ -47.54812389999995, -23.499157099999934 ], [ -47.548177099999982, -23.499132299999932 ], [ -47.548252599999955, -23.499118699999936 ], [ -47.548313199999939, -23.499149699999968 ], [ -47.548410899999965, -23.499225099999929 ], [ -47.548778, -23.499365499999946 ], [ -47.549349699999937, -23.499446499999969 ], [ -47.549637899999937, -23.499304299999942 ], [ -47.549752699999949, -23.499212099999962 ], [ -47.549816, -23.49848169999995 ], [ -47.549158899999952, -23.498418 ], [ -47.549078, -23.49843269999997 ], [ -47.547835499999962, -23.498211199999954 ], [ -47.547081799999944, -23.498077 ], [ -47.547601699999973, -23.496351099999966 ], [ -47.5480568, -23.496368399999927 ], [ -47.548811599999965, -23.49681309999994 ], [ -47.549429799999984, -23.496633099999936 ], [ -47.549714299999948, -23.496509399999972 ], [ -47.549607899999955, -23.496046799999935 ], [ -47.550367399999971, -23.495866199999973 ], [ -47.550445599999932, -23.496178599999951 ], [ -47.550809, -23.496075899999926 ], [ -47.550638799999945, -23.495484 ], [ -47.550337299999967, -23.495501599999947 ], [ -47.549725, -23.495615599999947 ], [ -47.548777, -23.495815599999958 ], [ -47.548673899999983, -23.495837299999959 ], [ -47.547316199999955, -23.49612239999993 ], [ -47.547101399999974, -23.49622039999997 ], [ -47.5465617, -23.496458299999972 ], [ -47.546094299999936, -23.496694199999983 ], [ -47.545894599999933, -23.496897099999959 ], [ -47.545714, -23.497080199999967 ], [ -47.545479199999924, -23.497260299999933 ], [ -47.545255, -23.49736049999996 ], [ -47.545091899999932, -23.497400799999983 ], [ -47.544760299999943, -23.497465499999983 ], [ -47.544513099999961, -23.498242399999974 ], [ -47.545371, -23.498405299999938 ], [ -47.545267299999978, -23.498726299999937 ], [ -47.545070199999948, -23.499314899999945 ], [ -47.544858299999937, -23.49994369999996 ], [ -47.545499199999938, -23.499966 ], [ -47.545653799999968, -23.500001899999972 ], [ -47.545799099999954, -23.499979 ], [ -47.546496099999963, -23.499742099999931 ], [ -47.547186299999964, -23.499778 ], [ -47.5473583, -23.499753299999952 ], [ -47.547766399999944, -23.49960859999992 ], [ -47.548011399999957, -23.499426699999951 ], [ -47.54812389999995, -23.499157099999934 ] ] ], [ [ [ -47.547667699999977, -23.483101699999963 ], [ -47.547617499999944, -23.482890799999939 ], [ -47.547570599999972, -23.482807199999971 ], [ -47.547272699999951, -23.482592899999936 ], [ -47.547192299999956, -23.48255609999995 ], [ -47.547152199999971, -23.482492499999978 ], [ -47.547125399999977, -23.48231839999994 ], [ -47.547105299999942, -23.48207739999998 ], [ -47.547125399999963, -23.481950199999982 ], [ -47.54712539999997, -23.481829699999938 ], [ -47.547112, -23.481779499999966 ], [ -47.546994799999936, -23.481545199999974 ], [ -47.546862599999933, -23.481223799999952 ], [ -47.546827499999949, -23.481187 ], [ -47.546763899999974, -23.480922599999928 ], [ -47.546733699999955, -23.480879 ], [ -47.546675199999981, -23.48075179999995 ], [ -47.546596499999971, -23.480641399999975 ], [ -47.546532899999931, -23.480530899999962 ], [ -47.546492699999938, -23.480427099999932 ], [ -47.546512799999967, -23.480370199999989 ], [ -47.546492699999931, -23.48014929999994 ], [ -47.546542899999956, -23.479985299999964 ], [ -47.546720299999954, -23.479874799999941 ], [ -47.547014899999965, -23.47971409999996 ], [ -47.54708519999997, -23.479620399999934 ], [ -47.547138799999971, -23.479332499999934 ], [ -47.54721909999995, -23.479252199999959 ], [ -47.547319499999958, -23.479165199999944 ], [ -47.547486899999967, -23.479064699999977 ], [ -47.547741299999984, -23.478944199999948 ], [ -47.547861799999964, -23.478877299999965 ], [ -47.547928799999966, -23.478803599999928 ], [ -47.547989, -23.478696499999952 ], [ -47.548096099999952, -23.478395299999931 ], [ -47.548232599999949, -23.478118299999956 ], [ -47.548098499999981, -23.4781589 ], [ -47.547345499999949, -23.478243599999921 ], [ -47.546931399999949, -23.478271799999952 ], [ -47.546554899999933, -23.47828119999998 ], [ -47.546286699999946, -23.478253 ], [ -47.545882, -23.478168299999933 ], [ -47.54550549999994, -23.478168299999947 ], [ -47.545063099999936, -23.478055299999937 ], [ -47.544761899999969, -23.477961199999985 ], [ -47.544489, -23.47798 ], [ -47.544140799999973, -23.47798 ], [ -47.543538399999925, -23.477876499999983 ], [ -47.542942099999941, -23.47774029999993 ], [ -47.542886199999948, -23.477714399999961 ], [ -47.542201899999945, -23.47739649999993 ], [ -47.541921599999966, -23.477187499999957 ], [ -47.541889199999964, -23.477163399999942 ], [ -47.541716599999972, -23.477404399999941 ], [ -47.541499099999953, -23.47777289999993 ], [ -47.541321899999957, -23.478068799999967 ], [ -47.540973299999955, -23.478661699999986 ], [ -47.540692499999984, -23.479156499999924 ], [ -47.540412099999969, -23.47959949999996 ], [ -47.540030399999971, -23.480259799999939 ], [ -47.5398613, -23.480490699999962 ], [ -47.53982, -23.480547099999967 ], [ -47.539612099999935, -23.480749499999945 ], [ -47.539440299999967, -23.480930399999977 ], [ -47.538477099999973, -23.481853299999955 ], [ -47.538080599999944, -23.482229599999986 ], [ -47.537780299999945, -23.482483 ], [ -47.543874799999976, -23.486751099999932 ], [ -47.544208899999944, -23.48646 ], [ -47.544226499999979, -23.486414799999974 ], [ -47.544219, -23.486389699999947 ], [ -47.544035699999945, -23.486096 ], [ -47.543769599999962, -23.485724399999985 ], [ -47.545823199999973, -23.483871599999926 ], [ -47.546914499999957, -23.483018 ], [ -47.547081899999974, -23.483034799999928 ], [ -47.547276, -23.483095 ], [ -47.54744, -23.483202099999961 ], [ -47.547520399999939, -23.483245699999941 ], [ -47.547550499999943, -23.483245699999941 ], [ -47.547624099999958, -23.483188799999944 ], [ -47.547667699999977, -23.483101699999963 ] ] ], [ [ [ -47.541922199999931, -23.440390599999937 ], [ -47.542325, -23.440148 ], [ -47.54274, -23.439913099999952 ], [ -47.543127199999958, -23.439641199999979 ], [ -47.543122799999942, -23.439583299999978 ], [ -47.543095, -23.439213 ], [ -47.543047, -23.43904 ], [ -47.542991, -23.438917 ], [ -47.54298, -23.438786 ], [ -47.541112, -23.43767 ], [ -47.540662, -23.437306 ], [ -47.540398, -23.437033 ], [ -47.540242, -23.436839 ], [ -47.540109, -23.436502 ], [ -47.539943, -23.436105 ], [ -47.539906, -23.43589 ], [ -47.539779199999941, -23.435663099999935 ], [ -47.539683, -23.435491 ], [ -47.538891, -23.434213 ], [ -47.538702, -23.433963 ], [ -47.537831, -23.432523 ], [ -47.537769, -23.432365 ], [ -47.537632, -23.431803 ], [ -47.537489, -23.431487 ], [ -47.537061699999974, -23.430911599999956 ], [ -47.536913099999943, -23.43106819999997 ], [ -47.536692499999958, -23.431276799999971 ], [ -47.536626899999931, -23.431449799999935 ], [ -47.536531499999967, -23.431610799999916 ], [ -47.536328799999978, -23.431706199999951 ], [ -47.536102199999959, -23.431771799999972 ], [ -47.535756399999968, -23.431986399999964 ], [ -47.535547699999938, -23.432069899999934 ], [ -47.5351601, -23.432165299999948 ], [ -47.534951399999954, -23.432290499999969 ], [ -47.534861899999953, -23.432445599999934 ], [ -47.534689, -23.43304779999993 ], [ -47.534569799999986, -23.433211799999974 ], [ -47.534334199999932, -23.433351899999941 ], [ -47.534247799999946, -23.43352479999993 ], [ -47.534131499999944, -23.434046599999917 ], [ -47.534125499999959, -23.434294 ], [ -47.534791899999959, -23.435944199999931 ], [ -47.531891699999967, -23.436050399999939 ], [ -47.52913129999996, -23.440670099999963 ], [ -47.52855889999995, -23.44159829999996 ], [ -47.528742199999954, -23.441543499999955 ], [ -47.529022199999986, -23.441459099999964 ], [ -47.529275, -23.441419 ], [ -47.529635, -23.441422099999951 ], [ -47.53097779999996, -23.441448599999937 ], [ -47.533119, -23.441518399999943 ], [ -47.534742899999976, -23.441557299999936 ], [ -47.535494599999936, -23.441576 ], [ -47.536130599999971, -23.441608099999939 ], [ -47.537254799999971, -23.441640599999964 ], [ -47.538353499999971, -23.441654199999967 ], [ -47.539074199999959, -23.441696699999966 ], [ -47.539418699999942, -23.441671199999984 ], [ -47.539683899999936, -23.441601399999964 ], [ -47.539924, -23.441491099999947 ], [ -47.540172, -23.441364 ], [ -47.540755, -23.441015 ], [ -47.541782, -23.440475 ], [ -47.541922199999931, -23.440390599999937 ] ] ], [ [ [ -47.531335199999944, -23.38954949999993 ], [ -47.531313799999964, -23.389442399999943 ], [ -47.531317399999978, -23.389338899999924 ], [ -47.531353099999933, -23.389253199999928 ], [ -47.531392399999966, -23.389228199999927 ], [ -47.532468699999981, -23.389690499999979 ], [ -47.532533, -23.389665499999982 ], [ -47.532583, -23.389604799999969 ], [ -47.532615099999923, -23.389533399999948 ], [ -47.533204199999943, -23.389576299999923 ], [ -47.533732499999985, -23.389119299999944 ], [ -47.533745, -23.389083599999932 ], [ -47.53368039999998, -23.389061599999934 ], [ -47.530806899999966, -23.388641799999956 ], [ -47.530764899999944, -23.388624799999949 ], [ -47.530766699999965, -23.38859 ], [ -47.530755099999965, -23.388558799999934 ], [ -47.530727399999932, -23.388535599999955 ], [ -47.530722099999942, -23.388473099999942 ], [ -47.530709599999966, -23.388445499999932 ], [ -47.530687299999954, -23.388424899999958 ], [ -47.528702799999962, -23.387826499999964 ], [ -47.526135, -23.387035699999956 ], [ -47.526085199999955, -23.387031599999943 ], [ -47.526062699999962, -23.386975 ], [ -47.526060099999938, -23.386868799999935 ], [ -47.525668699999983, -23.386851899999957 ], [ -47.525502699999947, -23.386793 ], [ -47.525368799999967, -23.386769799999975 ], [ -47.525320599999986, -23.386773299999962 ], [ -47.525286699999981, -23.386793 ], [ -47.525252799999969, -23.386825099999953 ], [ -47.524978799999978, -23.387595299999923 ], [ -47.525052, -23.389074199999975 ], [ -47.525334, -23.389277699999976 ], [ -47.525476799999979, -23.389477599999964 ], [ -47.525541099999941, -23.389609699999937 ], [ -47.525580299999945, -23.389745399999974 ], [ -47.525573199999933, -23.389913199999963 ], [ -47.52583379999993, -23.390773599999935 ], [ -47.526037299999984, -23.392281899999947 ], [ -47.526137299999959, -23.392894199999947 ], [ -47.526258599999949, -23.393856299999978 ], [ -47.526333599999923, -23.394343599999956 ], [ -47.529785799999956, -23.393554599999955 ], [ -47.529835799999944, -23.393508199999932 ], [ -47.529832299999953, -23.393458199999944 ], [ -47.529793, -23.393411799999974 ], [ -47.528736299999935, -23.392662099999935 ], [ -47.529745, -23.392027799999937 ], [ -47.530030199999942, -23.392284899999947 ], [ -47.531494099999975, -23.391756699999963 ], [ -47.531645799999986, -23.391957499999936 ], [ -47.5320885, -23.391798599999966 ], [ -47.532056399999931, -23.391073899999977 ], [ -47.531906399999976, -23.391104199999969 ], [ -47.53186, -23.390804399999983 ], [ -47.531078199999968, -23.39076509999996 ], [ -47.530842599999971, -23.390104599999969 ], [ -47.530853299999926, -23.390015399999974 ], [ -47.530914, -23.389976099999956 ], [ -47.531370899999963, -23.389885099999951 ], [ -47.531403099999984, -23.389828 ], [ -47.531392399999966, -23.38972089999994 ], [ -47.531335199999944, -23.38954949999993 ] ] ], [ [ [ -47.542721299999982, -23.388721199999956 ], [ -47.541984699999936, -23.38909689999997 ], [ -47.541056499999968, -23.389485399999948 ], [ -47.540882699999948, -23.389582899999926 ], [ -47.540538499999968, -23.38988849999993 ], [ -47.540433, -23.390075499999966 ], [ -47.540342199999941, -23.39034619999995 ], [ -47.540268099999935, -23.390817799999976 ], [ -47.540129699999966, -23.391292799999977 ], [ -47.540083699999975, -23.391500899999976 ], [ -47.540088199999957, -23.391742099999934 ], [ -47.540172899999959, -23.391966799999981 ], [ -47.540351799999939, -23.392234 ], [ -47.540651, -23.392866 ], [ -47.540782799999931, -23.393076399999934 ], [ -47.540900299999976, -23.393310799999941 ], [ -47.541043499999951, -23.393511199999971 ], [ -47.541211, -23.393682799999976 ], [ -47.541390699999972, -23.393849499999931 ], [ -47.541650299999958, -23.394134599999962 ], [ -47.541925099999958, -23.394359899999937 ], [ -47.542104599999966, -23.394529799999933 ], [ -47.542220799999939, -23.394659599999962 ], [ -47.54229579999997, -23.394874499999958 ], [ -47.542421099999963, -23.395098299999983 ], [ -47.542549799999961, -23.395286099999964 ], [ -47.542744699999957, -23.395442399999968 ], [ -47.542960199999982, -23.39556309999994 ], [ -47.543160299999961, -23.395693499999933 ], [ -47.543354399999942, -23.395801399999989 ], [ -47.543521, -23.395982399999966 ], [ -47.543641599999944, -23.396158899999936 ], [ -47.543810899999983, -23.396505 ], [ -47.543831799999964, -23.3966086 ], [ -47.543834, -23.39660409999993 ], [ -47.543866399999956, -23.396856399999933 ], [ -47.543866399999949, -23.396973799999955 ], [ -47.543840399999958, -23.397083399999936 ], [ -47.543743499999948, -23.397329499999962 ], [ -47.543633399999976, -23.397432699999964 ], [ -47.543603599999983, -23.397460599999931 ], [ -47.5435715, -23.397512099999979 ], [ -47.543451299999958, -23.39759539999994 ], [ -47.543302799999935, -23.397689799999963 ], [ -47.543061499999965, -23.397856199999978 ], [ -47.542790699999955, -23.398121499999938 ], [ -47.542520799999984, -23.398404299999985 ], [ -47.541925, -23.398852 ], [ -47.541453599999961, -23.399246699999928 ], [ -47.541193199999952, -23.39944329999998 ], [ -47.540879199999956, -23.399624499999952 ], [ -47.540717599999937, -23.399650899999983 ], [ -47.540736899999956, -23.399688199999954 ], [ -47.540757199999973, -23.399727199999962 ], [ -47.54087119999997, -23.399866599999939 ], [ -47.54087769999996, -23.399874599999983 ], [ -47.540894399999956, -23.399964099999977 ], [ -47.540911399999963, -23.400055399999932 ], [ -47.540994499999954, -23.400091 ], [ -47.541100699999959, -23.400136699999958 ], [ -47.54128419999995, -23.400146099999965 ], [ -47.541510099999982, -23.400202499999981 ], [ -47.541886599999941, -23.400414299999973 ], [ -47.542112499999973, -23.400522499999969 ], [ -47.542244299999936, -23.400555499999932 ], [ -47.542601899999973, -23.400640199999934 ], [ -47.542818399999931, -23.400630799999931 ], [ -47.543138399999982, -23.400649599999952 ], [ -47.543321899999974, -23.400644899999975 ], [ -47.543488, -23.400578 ], [ -47.543307699999957, -23.400373 ], [ -47.543035, -23.400063 ], [ -47.543031, -23.399921 ], [ -47.543034, -23.399776 ], [ -47.543082, -23.39967 ], [ -47.543207, -23.399503 ], [ -47.543338, -23.39941 ], [ -47.543722, -23.3992 ], [ -47.544133, -23.399092 ], [ -47.545131, -23.399073 ], [ -47.545748, -23.399005 ], [ -47.546748, -23.399018 ], [ -47.547374, -23.398993 ], [ -47.548192, -23.398877 ], [ -47.54895, -23.398811 ], [ -47.550152, -23.398957 ], [ -47.550478, -23.398969 ], [ -47.551223, -23.398948 ], [ -47.551628, -23.398888 ], [ -47.551961, -23.398738 ], [ -47.552224, -23.398514 ], [ -47.552306, -23.398386 ], [ -47.552531, -23.397837 ], [ -47.552626, -23.397219 ], [ -47.552686, -23.397135 ], [ -47.552885, -23.39656 ], [ -47.552945, -23.396227 ], [ -47.552932, -23.395796 ], [ -47.552763, -23.395064 ], [ -47.552728, -23.394642 ], [ -47.552777, -23.394386 ], [ -47.552899, -23.394112 ], [ -47.552908, -23.393832 ], [ -47.552846, -23.393682 ], [ -47.5527, -23.393568 ], [ -47.552003, -23.393578 ], [ -47.551814, -23.393493 ], [ -47.551705, -23.393407 ], [ -47.551596, -23.393321 ], [ -47.551424, -23.393021 ], [ -47.55119, -23.392254 ], [ -47.550937, -23.391851 ], [ -47.550555, -23.391608 ], [ -47.550134, -23.39147 ], [ -47.549788, -23.391444 ], [ -47.549152, -23.391482 ], [ -47.548556, -23.391551 ], [ -47.548125, -23.391668 ], [ -47.547436, -23.391961 ], [ -47.546534, -23.3925 ], [ -47.546198, -23.392614 ], [ -47.545898, -23.392634 ], [ -47.545678, -23.3926 ], [ -47.545607599999983, -23.392540499999932 ], [ -47.545523, -23.392469 ], [ -47.545375, -23.392247 ], [ -47.545314, -23.392082 ], [ -47.545263, -23.391905 ], [ -47.545301, -23.391642 ], [ -47.545363, -23.391494 ], [ -47.54573, -23.39096 ], [ -47.546105, -23.390566 ], [ -47.546703, -23.390116 ], [ -47.547087, -23.389885 ], [ -47.547554, -23.389683 ], [ -47.549405, -23.389011 ], [ -47.551217, -23.388492 ], [ -47.551781, -23.388409 ], [ -47.552711, -23.388389 ], [ -47.55347, -23.388267 ], [ -47.553903, -23.388264 ], [ -47.554873, -23.388452 ], [ -47.556196, -23.388936 ], [ -47.556745, -23.389104 ], [ -47.557557, -23.389424 ], [ -47.558698, -23.390022 ], [ -47.559275, -23.390274 ], [ -47.559882, -23.390482 ], [ -47.560873, -23.390703 ], [ -47.561536, -23.39101 ], [ -47.561941, -23.391151 ], [ -47.562162, -23.391188 ], [ -47.562355, -23.391181 ], [ -47.562635, -23.391137 ], [ -47.562833, -23.391068 ], [ -47.563055, -23.390916 ], [ -47.563392, -23.390646 ], [ -47.563593, -23.390516 ], [ -47.563801, -23.390441 ], [ -47.564092, -23.390395 ], [ -47.564364, -23.390409 ], [ -47.564671, -23.390518 ], [ -47.565012, -23.390764 ], [ -47.565814, -23.391586 ], [ -47.565984, -23.391725 ], [ -47.566243, -23.391867 ], [ -47.566537, -23.391951 ], [ -47.566648, -23.391974 ], [ -47.566776, -23.391957 ], [ -47.567024, -23.391902 ], [ -47.567328, -23.391781 ], [ -47.567421, -23.391716 ], [ -47.567551, -23.391402 ], [ -47.567855, -23.390975 ], [ -47.568249, -23.390564 ], [ -47.568779, -23.390115 ], [ -47.569301, -23.389462 ], [ -47.570348, -23.388558 ], [ -47.570441, -23.388434 ], [ -47.570494, -23.388271 ], [ -47.570488, -23.387992 ], [ -47.570412799999986, -23.387843499999974 ], [ -47.570332, -23.387684 ], [ -47.569018, -23.385996 ], [ -47.568154, -23.385047 ], [ -47.567504, -23.384403 ], [ -47.567151, -23.384101 ], [ -47.566566, -23.383451 ], [ -47.566366, -23.383277 ], [ -47.566058, -23.383077 ], [ -47.565607, -23.382904 ], [ -47.565375299999971, -23.382838199999973 ], [ -47.565237, -23.382799 ], [ -47.565003, -23.382652 ], [ -47.564758, -23.382848 ], [ -47.564604, -23.382897 ], [ -47.564468, -23.382906 ], [ -47.564053, -23.382811 ], [ -47.563441, -23.382606 ], [ -47.562935, -23.382473 ], [ -47.562507, -23.382471 ], [ -47.562193, -23.382541 ], [ -47.561904, -23.382644 ], [ -47.561248, -23.382944 ], [ -47.560589, -23.383368 ], [ -47.560187, -23.383696 ], [ -47.55979, -23.383973 ], [ -47.559538, -23.384256 ], [ -47.559079, -23.384882 ], [ -47.558847, -23.385111 ], [ -47.558605, -23.385194 ], [ -47.5584, -23.385197 ], [ -47.558157, -23.385091 ], [ -47.557588, -23.384689 ], [ -47.556773, -23.384334 ], [ -47.556419, -23.384106 ], [ -47.55612, -23.383784 ], [ -47.555789, -23.383236 ], [ -47.555551, -23.382986 ], [ -47.555393, -23.382867 ], [ -47.554974, -23.382724 ], [ -47.55471, -23.382588 ], [ -47.553262, -23.381416 ], [ -47.552155, -23.380718 ], [ -47.551448, -23.380362 ], [ -47.55101, -23.38018 ], [ -47.550668, -23.380112 ], [ -47.55045889999996, -23.380100199999951 ], [ -47.550624199999966, -23.382466499999961 ], [ -47.547800399999964, -23.382604 ], [ -47.547743899999936, -23.383178 ], [ -47.547487199999978, -23.38509119999998 ], [ -47.547165599999971, -23.387618399999948 ], [ -47.546719599999967, -23.387741299999952 ], [ -47.546424399999985, -23.387803099999928 ], [ -47.546092099999946, -23.387822 ], [ -47.545433699999926, -23.387835799999952 ], [ -47.544990699999964, -23.387869899999945 ], [ -47.54454979999997, -23.387960599999932 ], [ -47.544015899999977, -23.388096799999975 ], [ -47.543474799999956, -23.388264699999976 ], [ -47.542959099999962, -23.388549399999935 ], [ -47.542721299999982, -23.388721199999956 ] ] ], [ [ [ -47.522656099999956, -23.573590499999966 ], [ -47.522497599999959, -23.573814099999929 ], [ -47.522418399999943, -23.573925899999946 ], [ -47.522337599999965, -23.574074099999965 ], [ -47.522312599999964, -23.574182 ], [ -47.522280599999938, -23.574326799999927 ], [ -47.522251699999963, -23.574558199999942 ], [ -47.521937199999975, -23.57421979999997 ], [ -47.521642899999961, -23.573782599999948 ], [ -47.521554499999972, -23.573664099999966 ], [ -47.521516499999962, -23.5736199 ], [ -47.521467599999937, -23.573599399999974 ], [ -47.521388599999966, -23.573605699999977 ], [ -47.521255899999979, -23.573632499999967 ], [ -47.521058399999959, -23.573638899999928 ], [ -47.520968899999957, -23.573627599999952 ], [ -47.520854599999943, -23.573547199999961 ], [ -47.520769299999984, -23.57346669999998 ], [ -47.520682399999934, -23.573340299999916 ], [ -47.520661899999936, -23.573242299999944 ], [ -47.520644499999946, -23.573122299999959 ], [ -47.520658699999956, -23.573010099999983 ], [ -47.52070139999995, -23.572912199999962 ], [ -47.520755099999974, -23.572811 ], [ -47.520789799999932, -23.572724199999975 ], [ -47.520793, -23.572654599999961 ], [ -47.52079139999995, -23.572510899999934 ], [ -47.520802499999945, -23.572370299999928 ], [ -47.520829299999946, -23.57218389999996 ], [ -47.520875099999962, -23.571989599999942 ], [ -47.520957299999964, -23.571716299999942 ], [ -47.521012599999949, -23.57156459999992 ], [ -47.521341, -23.571610399999944 ], [ -47.521569499999941, -23.570474599999955 ], [ -47.521268499999962, -23.570321299999929 ], [ -47.52122739999993, -23.570250199999975 ], [ -47.521080499999982, -23.570160199999975 ], [ -47.520639799999977, -23.569954799999941 ], [ -47.520333299999955, -23.569874199999962 ], [ -47.52000309999994, -23.569784199999955 ], [ -47.519696599999975, -23.569746299999963 ], [ -47.519382199999939, -23.569727299999943 ], [ -47.519211599999956, -23.569713099999952 ], [ -47.519102599999947, -23.569681499999948 ], [ -47.519001499999945, -23.569608799999965 ], [ -47.518865699999935, -23.569596199999975 ], [ -47.518647599999952, -23.569752599999958 ], [ -47.518413499999951, -23.569954299999939 ], [ -47.517721299999955, -23.57055089999994 ], [ -47.517509, -23.570658599999941 ], [ -47.517293399999971, -23.570746899999957 ], [ -47.517111699999937, -23.570836899999971 ], [ -47.51704159999997, -23.570902899999965 ], [ -47.516974499999939, -23.571108 ], [ -47.516941399999951, -23.571412699999946 ], [ -47.516919499999972, -23.571609099999932 ], [ -47.516975699999932, -23.571745599999932 ], [ -47.516996, -23.571874899999958 ], [ -47.516984899999954, -23.572003899999967 ], [ -47.516991799999964, -23.572210299999931 ], [ -47.516968399999946, -23.572849399999932 ], [ -47.517020699999939, -23.573026599999931 ], [ -47.517139799999939, -23.573169499999953 ], [ -47.517316299999948, -23.573274299999976 ], [ -47.517455499999983, -23.573424799999945 ], [ -47.517535499999951, -23.573570799999974 ], [ -47.517574199999963, -23.573773699999947 ], [ -47.517553799999973, -23.57393709999997 ], [ -47.517510299999977, -23.574049 ], [ -47.517483199999958, -23.57422429999998 ], [ -47.51700429999994, -23.574905499999939 ], [ -47.516057599999961, -23.574768399999979 ], [ -47.514997199999982, -23.574554 ], [ -47.51389219999993, -23.574254399999973 ], [ -47.513700299999989, -23.574062399999949 ], [ -47.513564599999938, -23.573919699999969 ], [ -47.513432799999975, -23.573809499999975 ], [ -47.513322, -23.573723599999944 ], [ -47.513058799999961, -23.57620529999997 ], [ -47.512944299999951, -23.576160399999939 ], [ -47.512746299999947, -23.576059099999942 ], [ -47.512439299999983, -23.575909299999974 ], [ -47.506847299999954, -23.572812699999933 ], [ -47.50300459999994, -23.570649099999965 ], [ -47.502476599999973, -23.570357199999926 ], [ -47.502241299999987, -23.570225 ], [ -47.499662399999977, -23.568765099999954 ], [ -47.499566399999942, -23.568704299999968 ], [ -47.499089599999941, -23.568392799999966 ], [ -47.498692299999966, -23.568093799999939 ], [ -47.498343899999952, -23.567836899999975 ], [ -47.497796699999974, -23.567419099999938 ], [ -47.495122799999926, -23.565385899999963 ], [ -47.494560299999932, -23.565021799999947 ], [ -47.494462499999948, -23.564985499999981 ], [ -47.494369199999937, -23.564985499999977 ], [ -47.494273699999958, -23.56502039999998 ], [ -47.494224699999968, -23.565071699999979 ], [ -47.494199099999946, -23.565139299999949 ], [ -47.494196699999982, -23.565232499999972 ], [ -47.494215399999973, -23.565349099999931 ], [ -47.494248, -23.565572899999935 ], [ -47.494250299999976, -23.565803599999981 ], [ -47.494231699999943, -23.566055399999986 ], [ -47.494196699999982, -23.566293199999961 ], [ -47.494122099999963, -23.566537899999954 ], [ -47.494017199999973, -23.56675239999992 ], [ -47.493828399999984, -23.56704139999994 ], [ -47.493637299999932, -23.56727919999998 ], [ -47.493422799999969, -23.567600899999942 ], [ -47.493236299999978, -23.56782 ], [ -47.492887799999949, -23.568105399999979 ], [ -47.491682899999944, -23.569704 ], [ -47.491640799999971, -23.569724299999955 ], [ -47.491570899999942, -23.569817799999949 ], [ -47.491199199999983, -23.570315299999955 ], [ -47.491314899999963, -23.570383 ], [ -47.491389399999953, -23.570418599999972 ], [ -47.49165469999997, -23.570544799999926 ], [ -47.491839199999966, -23.570667699999941 ], [ -47.49201069999998, -23.570826299999958 ], [ -47.492172499999981, -23.571001 ], [ -47.492298699999935, -23.571221099999946 ], [ -47.492331, -23.571337599999939 ], [ -47.492331, -23.571470199999968 ], [ -47.492301899999973, -23.571570499999957 ], [ -47.492256599999962, -23.571674099999946 ], [ -47.49208189999996, -23.571839099999988 ], [ -47.491984799999955, -23.571955599999956 ], [ -47.491958899999986, -23.572049499999931 ], [ -47.491975099999934, -23.572165899999959 ], [ -47.492056, -23.572334199999936 ], [ -47.492136899999942, -23.572463699999961 ], [ -47.492217799999935, -23.572534799999975 ], [ -47.492327799999948, -23.572589899999972 ], [ -47.492408699999949, -23.572667499999962 ], [ -47.492512199999965, -23.572790499999932 ], [ -47.492573699999987, -23.572984599999916 ], [ -47.492602799999986, -23.573308199999932 ], [ -47.492632, -23.573563899999947 ], [ -47.49264809999994, -23.573703 ], [ -47.492586699999947, -23.573913299999955 ], [ -47.492486299999946, -23.574369599999947 ], [ -47.492402199999965, -23.574715799999982 ], [ -47.492379599999943, -23.574913199999973 ], [ -47.492347199999983, -23.575198 ], [ -47.4923601, -23.575350099999977 ], [ -47.492405399999939, -23.575456899999949 ], [ -47.492505799999947, -23.575557199999931 ], [ -47.492742, -23.575757799999966 ], [ -47.492868199999975, -23.575900199999978 ], [ -47.492913499999986, -23.57596169999993 ], [ -47.492926399999931, -23.576045799999982 ], [ -47.49292319999995, -23.576175199999973 ], [ -47.492874699999966, -23.576269099999937 ], [ -47.492800199999976, -23.576327299999949 ], [ -47.492580199999971, -23.576437299999956 ], [ -47.492408699999935, -23.57652789999997 ], [ -47.492282499999924, -23.576602399999953 ], [ -47.492221, -23.576693 ], [ -47.492195099999954, -23.576751199999936 ], [ -47.492191899999966, -23.576812699999945 ], [ -47.492204799999968, -23.576867699999983 ], [ -47.492243699999968, -23.576929199999942 ], [ -47.492476599999982, -23.577045699999928 ], [ -47.49261249999995, -23.577149199999955 ], [ -47.492696699999954, -23.577230099999948 ], [ -47.49276459999993, -23.577314299999962 ], [ -47.49280669999996, -23.577492199999938 ], [ -47.492816399999981, -23.577654 ], [ -47.49277109999997, -23.577929099999952 ], [ -47.492712899999958, -23.57820409999993 ], [ -47.492632, -23.578647499999921 ], [ -47.492622299999937, -23.578896599999947 ], [ -47.492661099999964, -23.579000199999943 ], [ -47.492745199999945, -23.579074599999956 ], [ -47.492975, -23.579187899999958 ], [ -47.493036399999937, -23.57923319999998 ], [ -47.493049399999968, -23.579310799999959 ], [ -47.493036399999937, -23.579579399999947 ], [ -47.49303, -23.579738 ], [ -47.493065599999973, -23.579870599999936 ], [ -47.493162599999948, -23.579954799999935 ], [ -47.493266199999937, -23.579970899999982 ], [ -47.493402099999969, -23.579993599999966 ], [ -47.493521799999932, -23.580026 ], [ -47.493573599999941, -23.580055099999978 ], [ -47.493596299999979, -23.580100399999935 ], [ -47.493622099999982, -23.580213599999979 ], [ -47.493609199999987, -23.580313899999975 ], [ -47.4935445, -23.580388399999947 ], [ -47.49345059999996, -23.580479 ], [ -47.493324399999949, -23.580530799999948 ], [ -47.493263, -23.580592199999963 ], [ -47.493185299999936, -23.580692499999945 ], [ -47.493159399999975, -23.580792899999956 ], [ -47.493159399999975, -23.58095139999994 ], [ -47.493152899999984, -23.581077599999954 ], [ -47.493130299999969, -23.581142299999943 ], [ -47.493085, -23.581184399999927 ], [ -47.493023499999936, -23.581213499999919 ], [ -47.492926399999931, -23.581203799999955 ], [ -47.492784, -23.581165 ], [ -47.492735499999988, -23.581171499999979 ], [ -47.49269019999997, -23.581200599999935 ], [ -47.492638399999976, -23.581284699999959 ], [ -47.492619, -23.581410899999984 ], [ -47.492628699999962, -23.581511199999973 ], [ -47.492667599999947, -23.581582399999945 ], [ -47.492732299999943, -23.581715099999936 ], [ -47.492829299999983, -23.581919 ], [ -47.49292, -23.582171399999929 ], [ -47.492962, -23.582333099999978 ], [ -47.492965299999987, -23.582449599999954 ], [ -47.492932899999978, -23.582575799999969 ], [ -47.492858499999961, -23.582715 ], [ -47.492829299999983, -23.582805599999968 ], [ -47.492716099999939, -23.582970599999957 ], [ -47.492644899999959, -23.583109799999935 ], [ -47.492576899999968, -23.583333 ], [ -47.492505799999947, -23.583485099999965 ], [ -47.492434599999974, -23.583624299999926 ], [ -47.492408699999949, -23.583714899999954 ], [ -47.492392499999937, -23.58385729999997 ], [ -47.492408699999942, -23.583922 ], [ -47.492444299999931, -23.584041699999947 ], [ -47.492486299999939, -23.584122599999947 ], [ -47.492521, -23.584168299999938 ], [ -47.49257689999996, -23.584242299999968 ], [ -47.492602799999986, -23.584297299999943 ], [ -47.492599599999956, -23.584349099999933 ], [ -47.492735499999988, -23.584478599999958 ], [ -47.492975, -23.584711499999969 ], [ -47.493136799999945, -23.584908899999959 ], [ -47.493230599999947, -23.585025399999953 ], [ -47.493347099999944, -23.585106299999946 ], [ -47.493557399999986, -23.585222799999947 ], [ -47.493955399999948, -23.5853231 ], [ -47.494301699999944, -23.585433099999928 ], [ -47.49456059999995, -23.58553349999994 ], [ -47.494693199999979, -23.585546399999942 ], [ -47.495207699999973, -23.585630499999983 ], [ -47.496081399999987, -23.58567909999994 ], [ -47.496230299999979, -23.58568879999995 ], [ -47.496641199999942, -23.58572439999994 ], [ -47.496896899999967, -23.585763199999967 ], [ -47.497230199999933, -23.585879699999971 ], [ -47.497476099999965, -23.585986499999926 ], [ -47.497673499999962, -23.586009099999952 ], [ -47.497857899999985, -23.586005899999979 ], [ -47.498110299999951, -23.585970299999943 ], [ -47.498819, -23.585921799999944 ], [ -47.499132899999957, -23.585928199999962 ], [ -47.499285, -23.585908799999974 ], [ -47.499514699999963, -23.585886199999944 ], [ -47.49962469999997, -23.58587 ], [ -47.499747699999944, -23.585815 ], [ -47.499844799999948, -23.585789099999939 ], [ -47.499958, -23.58579559999998 ], [ -47.500136, -23.585763199999985 ], [ -47.500333399999924, -23.585730799999972 ], [ -47.500433699999974, -23.585737299999952 ], [ -47.500534, -23.585772899999935 ], [ -47.500631099999964, -23.58587 ], [ -47.500870599999985, -23.586103 ], [ -47.501071199999956, -23.586306799999932 ], [ -47.501203899999943, -23.586394199999969 ], [ -47.5013398, -23.58645569999992 ], [ -47.50141739999998, -23.586471199999949 ], [ -47.501420699999983, -23.586471899999939 ], [ -47.501527399999986, -23.586446 ], [ -47.501689199999937, -23.586374799999927 ], [ -47.502071099999966, -23.586225899999935 ], [ -47.502255499999926, -23.586135299999977 ], [ -47.502372, -23.586048 ], [ -47.502520899999979, -23.585853799999935 ], [ -47.50268269999998, -23.58571789999996 ], [ -47.502828299999969, -23.585682299999981 ], [ -47.502957699999968, -23.58567579999993 ], [ -47.503193899999985, -23.58575349999996 ], [ -47.50343989999994, -23.585811699999965 ], [ -47.50367289999997, -23.585805299999937 ], [ -47.503815199999963, -23.585740599999948 ], [ -47.50389609999997, -23.585727599999938 ], [ -47.503970599999946, -23.585753499999957 ], [ -47.504051499999946, -23.58587 ], [ -47.504112899999939, -23.585947599999947 ], [ -47.50416789999997, -23.585960599999961 ], [ -47.504261799999938, -23.585925 ], [ -47.504501199999936, -23.585769699999958 ], [ -47.50466629999994, -23.585679099999933 ], [ -47.504915399999959, -23.585562599999957 ], [ -47.505057799999982, -23.585556099999955 ], [ -47.505161399999963, -23.585569 ], [ -47.505362, -23.58556579999998 ], [ -47.505633799999949, -23.585530199999926 ], [ -47.50591529999997, -23.585488199999926 ], [ -47.506277799999964, -23.585420199999927 ], [ -47.506536599999947, -23.585349 ], [ -47.50668219999995, -23.585306899999974 ], [ -47.506850499999977, -23.585297199999964 ], [ -47.507115899999981, -23.585277799999968 ], [ -47.507277599999945, -23.585232499999957 ], [ -47.507491199999947, -23.585196899999968 ], [ -47.50766919999996, -23.585171 ], [ -47.507850399999931, -23.585122499999954 ], [ -47.508057499999957, -23.585038399999966 ], [ -47.508267799999942, -23.584892699999944 ], [ -47.508487899999977, -23.584727699999963 ], [ -47.50864, -23.584675899999979 ], [ -47.508834099999945, -23.584624199999936 ], [ -47.50901529999993, -23.584604799999958 ], [ -47.509173899999951, -23.584650099999976 ], [ -47.509316299999966, -23.584650099999983 ], [ -47.509436, -23.584640299999929 ], [ -47.50950389999997, -23.584595 ], [ -47.50954279999997, -23.584478599999965 ], [ -47.509623699999963, -23.584252 ], [ -47.509733699999977, -23.584161399999982 ], [ -47.509859899999988, -23.584096699999975 ], [ -47.510096099999942, -23.584074099999949 ], [ -47.510400299999958, -23.584122599999947 ], [ -47.510827399999989, -23.584226199999929 ], [ -47.511021599999935, -23.58426819999994 ], [ -47.511274, -23.584284399999945 ], [ -47.511464899999964, -23.584268199999947 ], [ -47.511675199999964, -23.584203499999941 ], [ -47.51197289999994, -23.584051399999964 ], [ -47.512160599999959, -23.583931699999937 ], [ -47.512296499999934, -23.583818399999938 ], [ -47.512516599999969, -23.583731099999973 ], [ -47.51274959999995, -23.583627499999977 ], [ -47.512953399999958, -23.58351749999996 ], [ -47.513086099999953, -23.583430099999926 ], [ -47.513000699999971, -23.581456199999931 ], [ -47.513388299999974, -23.580798899999934 ], [ -47.513506299999968, -23.580428099999953 ], [ -47.51343049999997, -23.57995619999997 ], [ -47.513464199999923, -23.579644399999953 ], [ -47.51393609999996, -23.579054499999923 ], [ -47.514534399999945, -23.578725899999938 ], [ -47.515613, -23.578237199999933 ], [ -47.516539899999934, -23.577773699999963 ], [ -47.517205599999961, -23.577217499999946 ], [ -47.517407, -23.576725199999938 ], [ -47.517641599999926, -23.576733199999978 ], [ -47.518135099999938, -23.576759599999939 ], [ -47.518447099999946, -23.576792499999957 ], [ -47.518637399999939, -23.576812499999953 ], [ -47.51922889999998, -23.576933899999972 ], [ -47.520497, -23.577394099999932 ], [ -47.520724399999949, -23.577486399999955 ], [ -47.52208329999997, -23.578037499999937 ], [ -47.52281, -23.578335699999961 ], [ -47.523968199999956, -23.576581199999961 ], [ -47.523808199999962, -23.576442599999957 ], [ -47.52378159999995, -23.576192 ], [ -47.523920199999971, -23.575877299999945 ], [ -47.52435209999993, -23.575098799999974 ], [ -47.52429879999994, -23.574912199999972 ], [ -47.524181499999941, -23.574549499999943 ], [ -47.524104199999961, -23.574368199999984 ], [ -47.523701599999981, -23.574114899999934 ], [ -47.523722899999939, -23.573656399999948 ], [ -47.523645599999952, -23.5734351 ], [ -47.523278699999928, -23.572852599999973 ], [ -47.523060099999952, -23.573110099999951 ], [ -47.522656099999956, -23.573590499999966 ] ] ], [ [ [ -47.332609599999955, -23.503607399999972 ], [ -47.332833099999959, -23.503356799999942 ], [ -47.333095699999944, -23.503098499999965 ], [ -47.3331932, -23.502996 ], [ -47.333468899999964, -23.502745399999988 ], [ -47.333689299999946, -23.502578599999936 ], [ -47.333834299999971, -23.502491399999936 ], [ -47.334024399999976, -23.502395499999977 ], [ -47.334143299999937, -23.502356299999967 ], [ -47.334297899999967, -23.502312799999981 ], [ -47.336450699999943, -23.502949899999976 ], [ -47.337282899999941, -23.504407799999957 ], [ -47.33861329999997, -23.506831599999948 ], [ -47.339336099999976, -23.507147499999967 ], [ -47.339488, -23.50731149999995 ], [ -47.340259499999945, -23.507481599999952 ], [ -47.340545, -23.507724499999945 ], [ -47.340516699999966, -23.50803309999997 ], [ -47.340713499999936, -23.508005 ], [ -47.340783699999974, -23.508019099999952 ], [ -47.340854, -23.508047199999961 ], [ -47.340935499999951, -23.508139899999943 ], [ -47.34101139999995, -23.50851369999997 ], [ -47.341061899999943, -23.508935299999951 ], [ -47.341112499999952, -23.509101099999953 ], [ -47.34116309999996, -23.509216299999927 ], [ -47.34118, -23.509281 ], [ -47.341606499999962, -23.509147499999976 ], [ -47.34210539999998, -23.508778499999959 ], [ -47.342786499999931, -23.508521099999939 ], [ -47.342176, -23.507245399999945 ], [ -47.340295899999944, -23.504158799999967 ], [ -47.342762199999989, -23.505161099999945 ], [ -47.346212499999979, -23.505130699999938 ], [ -47.346406899999984, -23.505774599999938 ], [ -47.346753199999959, -23.506533899999962 ], [ -47.34672889999996, -23.506922699999965 ], [ -47.346791099999962, -23.50719069999997 ], [ -47.347649199999971, -23.50774279999996 ], [ -47.347913399999989, -23.507855099999961 ], [ -47.34831429999997, -23.508286399999967 ], [ -47.3484385, -23.509051899999967 ], [ -47.348611699999935, -23.509225699999948 ], [ -47.348657199999934, -23.509439899999965 ], [ -47.34863809999996, -23.509592499999943 ], [ -47.348609599999975, -23.509684 ], [ -47.348481299999939, -23.509871399999959 ], [ -47.348604399999942, -23.510086 ], [ -47.348668199999956, -23.510108799999955 ], [ -47.348762299999976, -23.510121 ], [ -47.348893699999962, -23.510040499999935 ], [ -47.349696799999947, -23.509997699999939 ], [ -47.3496957, -23.509981099999955 ], [ -47.349745899999967, -23.509769099999968 ], [ -47.349784299999946, -23.509616599999955 ], [ -47.34978689999997, -23.50955069999997 ], [ -47.349789799999947, -23.50947669999994 ], [ -47.349782299999958, -23.509349499999924 ], [ -47.349755799999969, -23.509220899999942 ], [ -47.349707899999942, -23.509111599999983 ], [ -47.349644099999985, -23.509010399999955 ], [ -47.349604199999931, -23.508958399999972 ], [ -47.349501699999962, -23.508869599999965 ], [ -47.349290099999969, -23.508801399999978 ], [ -47.349081399999932, -23.508768599999943 ], [ -47.348937, -23.50872569999995 ], [ -47.348834699999941, -23.508631599999948 ], [ -47.348764899999935, -23.508426299999943 ], [ -47.348731399999963, -23.508235299999971 ], [ -47.348684299999952, -23.508123299999962 ], [ -47.348636299999953, -23.508083599999964 ], [ -47.348351799999932, -23.507696399999936 ], [ -47.348101299999939, -23.50732289999997 ], [ -47.347643, -23.506752 ], [ -47.346261699999964, -23.504815699999938 ], [ -47.346215099999938, -23.504716199999969 ], [ -47.345895499999983, -23.504493599999932 ], [ -47.345776599999965, -23.504361899999939 ], [ -47.345582399999962, -23.503940899999964 ], [ -47.345498699999951, -23.503797899999942 ], [ -47.345371899999975, -23.503719299999943 ], [ -47.34512239999998, -23.503674899999968 ], [ -47.344743699999988, -23.503601299999961 ], [ -47.344359599999969, -23.503480699999958 ], [ -47.344122499999976, -23.503339299999933 ], [ -47.343910299999955, -23.503172799999962 ], [ -47.343705799999952, -23.503023899999963 ], [ -47.343613299999959, -23.502942499999957 ], [ -47.343525899999975, -23.502871499999966 ], [ -47.343392399999964, -23.50274839999997 ], [ -47.343300499999941, -23.502680599999959 ], [ -47.343138499999952, -23.502561099999976 ], [ -47.342884199999958, -23.502315899999935 ], [ -47.342469899999976, -23.501872399999961 ], [ -47.34211449999998, -23.501470399999949 ], [ -47.341801499999981, -23.501082799999949 ], [ -47.341570799999943, -23.500691299999971 ], [ -47.341431799999953, -23.500407599999949 ], [ -47.341363099999974, -23.500315599999968 ], [ -47.341277299999952, -23.500204 ], [ -47.341079799999939, -23.500086799999945 ], [ -47.34099029999993, -23.500068399999979 ], [ -47.340829499999984, -23.500035399999948 ], [ -47.340469, -23.500068099999961 ], [ -47.340217099999961, -23.500094199999971 ], [ -47.338929, -23.50027179999995 ], [ -47.338473299999968, -23.500274099999949 ], [ -47.337814199999976, -23.500257299999934 ], [ -47.337682799999982, -23.50023549999997 ], [ -47.337590799999937, -23.500189699999964 ], [ -47.337525699999958, -23.500133699999935 ], [ -47.33738649999998, -23.499962799999928 ], [ -47.3367626, -23.499449299999974 ], [ -47.336361199999942, -23.499166199999934 ], [ -47.336101899999967, -23.499063 ], [ -47.335870499999942, -23.498995099999949 ], [ -47.335624299999949, -23.498910299999977 ], [ -47.335295, -23.498831299999956 ], [ -47.33496729999996, -23.498737099999975 ], [ -47.334827399999938, -23.49868519999994 ], [ -47.334693499999958, -23.498742399999969 ], [ -47.334461899999958, -23.498875899999973 ], [ -47.334416, -23.49879309999994 ], [ -47.334285299999983, -23.498555499999949 ], [ -47.334098099999949, -23.498268899999964 ], [ -47.334038699999951, -23.498183899999951 ], [ -47.333908, -23.498059699999946 ], [ -47.333183599999984, -23.497415599999954 ], [ -47.332822399999941, -23.497108799999978 ], [ -47.331374399999952, -23.498845099999983 ], [ -47.330483499999957, -23.498318599999944 ], [ -47.329438599999946, -23.497775899999965 ], [ -47.328701599999931, -23.49753289999996 ], [ -47.328215599999972, -23.49744389999994 ], [ -47.325939699999935, -23.49748429999994 ], [ -47.32476529999996, -23.49748429999994 ], [ -47.32398349999994, -23.49754019999995 ], [ -47.323998, -23.497566 ], [ -47.3241, -23.497785 ], [ -47.32412, -23.497956 ], [ -47.324093, -23.498121 ], [ -47.323766, -23.498725 ], [ -47.323827, -23.498931 ], [ -47.323912, -23.499096 ], [ -47.324448, -23.499826 ], [ -47.324584, -23.500122 ], [ -47.3246, -23.500181 ], [ -47.324661, -23.500388 ], [ -47.324666, -23.500406 ], [ -47.324502, -23.501131 ], [ -47.324438, -23.501307 ], [ -47.324452, -23.501508 ], [ -47.32474, -23.501714 ], [ -47.324881, -23.501899 ], [ -47.32492, -23.502087 ], [ -47.324877, -23.502287 ], [ -47.324574, -23.503039 ], [ -47.324519, -23.503307 ], [ -47.324586, -23.503535 ], [ -47.324877, -23.503977 ], [ -47.324906, -23.504098 ], [ -47.324882, -23.504233 ], [ -47.324481, -23.5051 ], [ -47.323699, -23.506245 ], [ -47.323672, -23.506332 ], [ -47.32378, -23.507088 ], [ -47.323831, -23.508081 ], [ -47.32382, -23.508263 ], [ -47.323793, -23.508511 ], [ -47.323661, -23.509172 ], [ -47.323591, -23.510324 ], [ -47.323505, -23.510678 ], [ -47.32334, -23.510906 ], [ -47.322691, -23.511546 ], [ -47.322569, -23.511707 ], [ -47.322536, -23.511808 ], [ -47.322572, -23.511947 ], [ -47.322641, -23.511995 ], [ -47.323376, -23.511938 ], [ -47.323929, -23.511972 ], [ -47.324037, -23.512043 ], [ -47.324155, -23.512209 ], [ -47.32418, -23.512303 ], [ -47.324163, -23.512392 ], [ -47.323945, -23.512875 ], [ -47.323904, -23.513037 ], [ -47.323976, -23.513192 ], [ -47.324258, -23.513389 ], [ -47.324291, -23.513459 ], [ -47.324279, -23.513532 ], [ -47.324113, -23.513679 ], [ -47.323612, -23.513893 ], [ -47.322802, -23.513814 ], [ -47.322517, -23.51383 ], [ -47.322187, -23.51391 ], [ -47.32164, -23.514162 ], [ -47.320922, -23.514317 ], [ -47.31951, -23.514434 ], [ -47.318465, -23.515023 ], [ -47.317855, -23.515479 ], [ -47.317082, -23.515368 ], [ -47.31687, -23.515302 ], [ -47.316476, -23.514655 ], [ -47.316225, -23.514449 ], [ -47.315981, -23.514319 ], [ -47.315605, -23.514188 ], [ -47.313916, -23.513804 ], [ -47.313742, -23.513727 ], [ -47.313583, -23.513722 ], [ -47.313423599999972, -23.513713399999965 ], [ -47.313361, -23.51371 ], [ -47.313068, -23.513788 ], [ -47.312533, -23.514067 ], [ -47.31211, -23.514308 ], [ -47.311621, -23.514811 ], [ -47.311236, -23.515019 ], [ -47.31103, -23.515068 ], [ -47.310842, -23.515071 ], [ -47.310148, -23.515001 ], [ -47.309854, -23.515006 ], [ -47.309661, -23.515056 ], [ -47.309630099999929, -23.515077099999928 ], [ -47.310706099999948, -23.515334599999946 ], [ -47.311333399999974, -23.515485699999935 ], [ -47.311640399999931, -23.515509199999936 ], [ -47.311903199999961, -23.515472799999934 ], [ -47.312163299999952, -23.515398099999956 ], [ -47.31338889999995, -23.514910499999928 ], [ -47.313736, -23.514805 ], [ -47.313958599999978, -23.514757 ], [ -47.314222499999978, -23.514758399999952 ], [ -47.314476799999959, -23.514809299999975 ], [ -47.314710799999943, -23.51488269999993 ], [ -47.315705299999927, -23.51524679999995 ], [ -47.317237199999973, -23.515825099999979 ], [ -47.31759, -23.515947099999948 ], [ -47.31778369999995, -23.515990699999982 ], [ -47.318039799999958, -23.516013199999971 ], [ -47.318244499999935, -23.515992099999952 ], [ -47.318469, -23.515945099999954 ], [ -47.318668, -23.515889 ], [ -47.320426, -23.51508809999995 ], [ -47.320712799999967, -23.514952499999936 ], [ -47.320970299999942, -23.514873 ], [ -47.321249499999965, -23.514826399999961 ], [ -47.321576, -23.514826399999944 ], [ -47.322209599999944, -23.514859 ], [ -47.323351, -23.514883099999967 ], [ -47.323753399999937, -23.514869899999955 ], [ -47.324097799999947, -23.514790799999954 ], [ -47.324488299999985, -23.514658699999927 ], [ -47.324797399999966, -23.514494199999934 ], [ -47.325208699999962, -23.514226499999964 ], [ -47.325744799999939, -23.513828099999952 ], [ -47.326066199999957, -23.51362469999998 ], [ -47.326375, -23.513492799999938 ], [ -47.326852099999947, -23.513332599999959 ], [ -47.327641899999946, -23.513102499999935 ], [ -47.327685899999956, -23.51308919999996 ], [ -47.327976299999939, -23.513028499999972 ], [ -47.328657299999975, -23.512886299999931 ], [ -47.33017469999993, -23.512622799999974 ], [ -47.330042099999957, -23.510006 ], [ -47.33203449999997, -23.509957499999935 ], [ -47.332723, -23.509560599999926 ], [ -47.332978099999934, -23.50891259999997 ], [ -47.332905199999971, -23.508588599999939 ], [ -47.331342, -23.508329499999949 ], [ -47.331702399999983, -23.507183399999978 ], [ -47.332309899999984, -23.506774399999976 ], [ -47.332937599999987, -23.506746 ], [ -47.332945699999982, -23.506401799999928 ], [ -47.333123899999975, -23.505146399999941 ], [ -47.332114899999965, -23.504194 ], [ -47.332148699999955, -23.504154599999932 ], [ -47.332609599999955, -23.503607399999972 ] ] ], [ [ [ -47.366015, -23.516492 ], [ -47.36627, -23.516613 ], [ -47.366542, -23.516721 ], [ -47.366803, -23.516808 ], [ -47.367063, -23.516941 ], [ -47.36758889999993, -23.517261899999941 ], [ -47.36788329999996, -23.517360099999955 ], [ -47.368211699999968, -23.517503499999965 ], [ -47.368532499999951, -23.517646899999939 ], [ -47.368717499999953, -23.517696 ], [ -47.369132699999959, -23.517847 ], [ -47.369389399999932, -23.517965899999965 ], [ -47.369525199999948, -23.518082899999975 ], [ -47.369729099999972, -23.51831309999994 ], [ -47.369982, -23.518501899999929 ], [ -47.370182, -23.518671699999967 ], [ -47.370348099999944, -23.518811399999947 ], [ -47.370518499999953, -23.518732399999969 ], [ -47.370611899999972, -23.518699399999935 ], [ -47.370716399999935, -23.518677399999941 ], [ -47.370936299999983, -23.518583899999957 ], [ -47.371178199999981, -23.518485 ], [ -47.371365199999957, -23.51832 ], [ -47.37145309999994, -23.518155099999944 ], [ -47.371420199999939, -23.516560599999927 ], [ -47.3699577, -23.516296699999941 ], [ -47.36973219999993, -23.516093299999966 ], [ -47.369721199999958, -23.516027299999973 ], [ -47.369743199999952, -23.515988799999938 ], [ -47.369781699999983, -23.515966799999951 ], [ -47.369836699999951, -23.51588989999993 ], [ -47.369864199999945, -23.515735899999981 ], [ -47.369897199999961, -23.515647899999973 ], [ -47.369836699999951, -23.515356499999939 ], [ -47.369831199999958, -23.515279599999928 ], [ -47.370287499999961, -23.514916699999951 ], [ -47.370403, -23.514872699999952 ], [ -47.370513, -23.514834199999932 ], [ -47.370749399999973, -23.514619799999938 ], [ -47.370765899999981, -23.514405399999934 ], [ -47.370271099999961, -23.514322899999964 ], [ -47.370221599999972, -23.514295399999973 ], [ -47.370155599999983, -23.514229399999973 ], [ -47.37011159999998, -23.514147 ], [ -47.370078599999943, -23.514048 ], [ -47.370078599999943, -23.513927 ], [ -47.370073099999964, -23.513839099999931 ], [ -47.370095099999958, -23.513718099999956 ], [ -47.370139099999967, -23.513646599999959 ], [ -47.370166599999948, -23.513580599999958 ], [ -47.36973219999993, -23.512750399999955 ], [ -47.369996399999927, -23.512727599999955 ], [ -47.37025459999996, -23.512711899999935 ], [ -47.370502, -23.512744899999955 ], [ -47.370741799999962, -23.51278339999994 ], [ -47.37093079999994, -23.512827399999942 ], [ -47.370886199999973, -23.512918599999967 ], [ -47.370870099999934, -23.513024 ], [ -47.371550299999967, -23.51354339999995 ], [ -47.371796399999937, -23.513787899999954 ], [ -47.371923699999968, -23.513947599999934 ], [ -47.371960499999936, -23.514171599999948 ], [ -47.371992399999961, -23.514392399999959 ], [ -47.372613, -23.514256799999934 ], [ -47.372679199999936, -23.512684499999985 ], [ -47.372640699999977, -23.512547 ], [ -47.372559099999933, -23.51245 ], [ -47.3723409, -23.512396299999981 ], [ -47.372161699999936, -23.512362299999946 ], [ -47.371978199999944, -23.512288899999938 ], [ -47.371760499999944, -23.512196199999948 ], [ -47.371588499999973, -23.512148899999953 ], [ -47.371552099999967, -23.511870699999971 ], [ -47.371384099999943, -23.511878 ], [ -47.37126359999997, -23.511909399999979 ], [ -47.370820899999956, -23.512024699999916 ], [ -47.370381, -23.512195099999929 ], [ -47.370128099999931, -23.512310599999978 ], [ -47.3690079, -23.511003699999939 ], [ -47.371566799999975, -23.509064299999984 ], [ -47.3719617, -23.508765 ], [ -47.371990199999971, -23.508742599999952 ], [ -47.373765299999945, -23.507500199999981 ], [ -47.373885799999982, -23.507700799999945 ], [ -47.374061799999936, -23.507937799999983 ], [ -47.374275799999957, -23.508164799999985 ], [ -47.3744478, -23.508310799999947 ], [ -47.374617399999984, -23.50851259999995 ], [ -47.374585599999939, -23.508651399999955 ], [ -47.374581, -23.508842299999969 ], [ -47.374707399999984, -23.509258399999958 ], [ -47.374723499999959, -23.509350399999956 ], [ -47.374721199999954, -23.509424 ], [ -47.374576299999944, -23.51006139999992 ], [ -47.374557699999968, -23.510143199999955 ], [ -47.374567199999952, -23.510201099999961 ], [ -47.374633899999935, -23.510327599999986 ], [ -47.37471659999995, -23.510424199999918 ], [ -47.375084499999957, -23.510626499999951 ], [ -47.375286899999935, -23.510771399999935 ], [ -47.375325899999957, -23.510821899999936 ], [ -47.375408799999953, -23.511011799999942 ], [ -47.3755513, -23.511279499999947 ], [ -47.375627099999974, -23.511481799999952 ], [ -47.375705299999936, -23.511730199999931 ], [ -47.375749, -23.511909499999945 ], [ -47.375845599999934, -23.51236009999996 ], [ -47.375914599999938, -23.512511899999929 ], [ -47.375961399999944, -23.512580099999976 ], [ -47.376174299999946, -23.512436499999971 ], [ -47.376352, -23.512345399999958 ], [ -47.376534299999939, -23.512293 ], [ -47.377901, -23.511390899999988 ], [ -47.377521699999924, -23.510813399999964 ], [ -47.37684859999996, -23.510065099999963 ], [ -47.37621, -23.510344799999924 ], [ -47.37610879999994, -23.510374699999936 ], [ -47.375489499999958, -23.51072849999996 ], [ -47.375170899999944, -23.510488799999962 ], [ -47.375991, -23.509368099999957 ], [ -47.375186199999973, -23.508843799999966 ], [ -47.375302, -23.508835099999942 ], [ -47.375769899999966, -23.508760799999944 ], [ -47.376166299999966, -23.508672699999977 ], [ -47.376697599999943, -23.508598399999983 ], [ -47.377072, -23.508518599999942 ], [ -47.377446299999981, -23.508405699999965 ], [ -47.378049199999964, -23.508265299999941 ], [ -47.378255599999925, -23.508171699999931 ], [ -47.37872909999993, -23.507855199999938 ], [ -47.378957599999978, -23.507728499999931 ], [ -47.379188799999952, -23.507632199999932 ], [ -47.379290699999956, -23.50760739999998 ], [ -47.379450299999974, -23.507604699999931 ], [ -47.379945799999973, -23.507659699999969 ], [ -47.380166, -23.507632199999936 ], [ -47.380471599999964, -23.507524799999945 ], [ -47.380609199999988, -23.507489099999933 ], [ -47.380719299999953, -23.507469799999971 ], [ -47.380876199999925, -23.507480799999939 ], [ -47.381861699999945, -23.507610199999931 ], [ -47.38198559999995, -23.507621199999964 ], [ -47.382273899999973, -23.507613399999954 ], [ -47.382541599999975, -23.507574799999933 ], [ -47.383158, -23.507447 ], [ -47.382531099999937, -23.507227399999977 ], [ -47.382093, -23.507083 ], [ -47.381842, -23.506992 ], [ -47.381557, -23.506835 ], [ -47.381392, -23.506724 ], [ -47.381299899999938, -23.506650399999955 ], [ -47.381250599999937, -23.506520699999953 ], [ -47.38123, -23.506345 ], [ -47.381282, -23.504752 ], [ -47.381315, -23.50444 ], [ -47.381332, -23.504009 ], [ -47.381259, -23.503794 ], [ -47.381144, -23.503573 ], [ -47.381042, -23.503311 ], [ -47.380953, -23.502979 ], [ -47.380747, -23.502303 ], [ -47.380504, -23.501772 ], [ -47.380441, -23.501498 ], [ -47.380317, -23.501288 ], [ -47.38021, -23.501127 ], [ -47.380118, -23.500942 ], [ -47.379994, -23.500758 ], [ -47.379629, -23.50037 ], [ -47.379529, -23.500143 ], [ -47.379427, -23.499875 ], [ -47.379279, -23.499602 ], [ -47.379227, -23.499406 ], [ -47.379068, -23.499208 ], [ -47.378952, -23.499024 ], [ -47.378741, -23.498762899999971 ], [ -47.378539799999949, -23.49848809999996 ], [ -47.378811, -23.498336 ], [ -47.379229, -23.498083899999976 ], [ -47.379535299999986, -23.497857 ], [ -47.379995799999953, -23.497415199999967 ], [ -47.380689499999967, -23.496790099999942 ], [ -47.381052799999971, -23.496514199999979 ], [ -47.3814943, -23.49627049999998 ], [ -47.382188699999972, -23.495884199999974 ], [ -47.38404189999995, -23.494803599999955 ], [ -47.384527, -23.494539 ], [ -47.385111399999971, -23.494248 ], [ -47.385504199999957, -23.494123 ], [ -47.386042199999963, -23.49405859999996 ], [ -47.386460699999922, -23.494095399999939 ], [ -47.386892899999971, -23.494178199999968 ], [ -47.387440199999958, -23.494316099999935 ], [ -47.387946, -23.494385099999931 ], [ -47.388470199999979, -23.494362099999918 ], [ -47.388668099999961, -23.4943239 ], [ -47.388704099999984, -23.494316899999955 ], [ -47.388801599999965, -23.494299099999971 ], [ -47.388977599999983, -23.494246099999938 ], [ -47.389315899999986, -23.494097499999956 ], [ -47.389478, -23.494001 ], [ -47.389317, -23.493823 ], [ -47.389184, -23.493539 ], [ -47.389081, -23.493407 ], [ -47.388748, -23.493211 ], [ -47.388318, -23.492853 ], [ -47.388045, -23.492655 ], [ -47.38766179999994, -23.492393499999935 ], [ -47.387580699999944, -23.492338699999948 ], [ -47.387541, -23.492418 ], [ -47.387516, -23.492613 ], [ -47.387231, -23.492815 ], [ -47.386688, -23.493173 ], [ -47.386418, -23.493257 ], [ -47.386128, -23.493251 ], [ -47.385839, -23.493382 ], [ -47.385416, -23.493588 ], [ -47.385023, -23.493713 ], [ -47.384402, -23.493995 ], [ -47.383993, -23.494258 ], [ -47.383769, -23.494361 ], [ -47.383646, -23.494431 ], [ -47.383436, -23.494479 ], [ -47.383126, -23.494487 ], [ -47.382759, -23.494498 ], [ -47.381878, -23.494441 ], [ -47.381116, -23.494454 ], [ -47.380618, -23.494499 ], [ -47.380352, -23.494623 ], [ -47.380143, -23.494735 ], [ -47.37987459999993, -23.494899599999947 ], [ -47.379510499999981, -23.494367499999942 ], [ -47.379472899999939, -23.494411899999925 ], [ -47.379196099999952, -23.49461239999993 ], [ -47.379174499999976, -23.494636299999968 ], [ -47.379065199999964, -23.494678499999953 ], [ -47.378988799999952, -23.494721799999976 ], [ -47.378736, -23.494819699999933 ], [ -47.378642599999985, -23.494898299999921 ], [ -47.378478599999937, -23.494939299999938 ], [ -47.377950099999957, -23.495057799999913 ], [ -47.377717699999948, -23.494848199999975 ], [ -47.37723479999994, -23.494966599999938 ], [ -47.376542299999983, -23.495082799999963 ], [ -47.376392, -23.495128399999935 ], [ -47.375362299999942, -23.495966699999933 ], [ -47.374451099999931, -23.496786699999962 ], [ -47.372583199999958, -23.497114699999944 ], [ -47.37192239999996, -23.494904499999958 ], [ -47.371814699999959, -23.494924099999928 ], [ -47.371624, -23.494917399999959 ], [ -47.371259399999985, -23.494927499999971 ], [ -47.37091479999998, -23.494964299999928 ], [ -47.370797699999969, -23.494947499999974 ], [ -47.370610399999975, -23.494877299999928 ], [ -47.370259099999942, -23.494787 ], [ -47.36997139999994, -23.49471 ], [ -47.369861, -23.494696599999934 ], [ -47.36976059999995, -23.494706699999952 ], [ -47.369667, -23.494736799999952 ], [ -47.369332199999974, -23.494925699999946 ], [ -47.36931709999994, -23.494809799999935 ], [ -47.369244699999975, -23.494659199999948 ], [ -47.369105799999943, -23.494487099999951 ], [ -47.368899799999959, -23.494320099999964 ], [ -47.368860799999936, -23.494335 ], [ -47.368722799999951, -23.494497199999948 ], [ -47.36859979999997, -23.494644199999986 ], [ -47.368353799999973, -23.494784299999932 ], [ -47.367984799999931, -23.494866299999948 ], [ -47.367615699999938, -23.494948299999979 ], [ -47.367181799999969, -23.494787699999957 ], [ -47.366963099999964, -23.494739799999941 ], [ -47.366846899999985, -23.494756899999967 ], [ -47.366723899999954, -23.494873099999953 ], [ -47.36646769999993, -23.495047399999962 ], [ -47.36613959999994, -23.495190899999955 ], [ -47.365845799999931, -23.495402699999953 ], [ -47.365623699999958, -23.495604299999972 ], [ -47.365329799999977, -23.495809299999959 ], [ -47.365094, -23.496010899999934 ], [ -47.364926599999933, -23.496250099999937 ], [ -47.364783099999961, -23.496564499999963 ], [ -47.364537099999957, -23.496776299999972 ], [ -47.364031399999931, -23.496817299999979 ], [ -47.36362129999997, -23.496865199999945 ], [ -47.363348, -23.496919899999959 ], [ -47.363040499999961, -23.496933499999965 ], [ -47.362842299999961, -23.497001899999919 ], [ -47.362613299999964, -23.497094099999977 ], [ -47.362350199999987, -23.497265 ], [ -47.362131599999941, -23.497429 ], [ -47.362035899999967, -23.497511 ], [ -47.361926499999981, -23.49755539999995 ], [ -47.361748899999952, -23.497538299999974 ], [ -47.361576299999975, -23.497587899999925 ], [ -47.361477899999961, -23.497666499999983 ], [ -47.361465699999947, -23.497676699999943 ], [ -47.361500299999939, -23.497711699999964 ], [ -47.361628399999972, -23.498051699999966 ], [ -47.361710399999943, -23.49830119999995 ], [ -47.361789, -23.498492499999934 ], [ -47.361997399999957, -23.498718 ], [ -47.362414299999955, -23.498899099999957 ], [ -47.362936699999977, -23.499082899999962 ], [ -47.363147699999956, -23.499138899999931 ], [ -47.363369699999971, -23.499247899999936 ], [ -47.363600699999942, -23.499393899999969 ], [ -47.363787699999932, -23.499501899999927 ], [ -47.364010699999938, -23.499551899999986 ], [ -47.364294699999959, -23.49969289999996 ], [ -47.364437699999939, -23.499742899999955 ], [ -47.364625699999976, -23.499853899999945 ], [ -47.364814699999961, -23.499959899999961 ], [ -47.365113699999938, -23.500089899999974 ], [ -47.365359699999942, -23.500212899999962 ], [ -47.36545469999993, -23.500347899999955 ], [ -47.365568699999983, -23.500518899999978 ], [ -47.365655699999934, -23.500663899999946 ], [ -47.365739699999949, -23.500745899999973 ], [ -47.365776699999969, -23.500764499999939 ], [ -47.365866699999977, -23.500809799999967 ], [ -47.365487199999968, -23.501447699999972 ], [ -47.365284699999961, -23.501388299999977 ], [ -47.364974299999972, -23.501559799999942 ], [ -47.364535499999938, -23.501812199999957 ], [ -47.364545, -23.502079499999979 ], [ -47.36563, -23.503323099999928 ], [ -47.365605699999946, -23.503572099999936 ], [ -47.365529099999947, -23.503731899999934 ], [ -47.365517399999931, -23.503792199999964 ], [ -47.365531799999985, -23.503859199999962 ], [ -47.365690099999938, -23.504086699999952 ], [ -47.365894199999964, -23.504407899999926 ], [ -47.36630229999998, -23.505158099999974 ], [ -47.366409399999959, -23.505118 ], [ -47.366593399999942, -23.505094499999931 ], [ -47.366777399999926, -23.505041 ], [ -47.366934599999979, -23.504964099999935 ], [ -47.366971399999954, -23.504930599999962 ], [ -47.366984599999974, -23.504912199999968 ], [ -47.367061699999965, -23.505064199999925 ], [ -47.367293099999983, -23.505506299999972 ], [ -47.368126399999937, -23.505135499999934 ], [ -47.368501399999957, -23.50491449999992 ], [ -47.368812799999944, -23.504675399999943 ], [ -47.368876799999953, -23.5045009 ], [ -47.368889, -23.504364899999938 ], [ -47.368829599999977, -23.504046299999974 ], [ -47.368775599999935, -23.503896499999939 ], [ -47.368728299999937, -23.503595399999934 ], [ -47.368729699999967, -23.503457699999956 ], [ -47.368670299999962, -23.503380799999938 ], [ -47.368473899999969, -23.503208699999952 ], [ -47.368322, -23.503064899999977 ], [ -47.368251099999952, -23.502884699999974 ], [ -47.368245099999974, -23.502775399999962 ], [ -47.36824909999995, -23.502674099999982 ], [ -47.368285599999979, -23.502581 ], [ -47.36845569999997, -23.50238249999995 ], [ -47.368741199999931, -23.502152699999957 ], [ -47.368928499999981, -23.502001899999989 ], [ -47.36901249999994, -23.501972499999965 ], [ -47.369092499999965, -23.501970499999967 ], [ -47.369274699999949, -23.501990699999965 ], [ -47.369413399999985, -23.50205249999993 ], [ -47.369547099999977, -23.502072699999928 ], [ -47.369648299999938, -23.502052499999937 ], [ -47.369731299999962, -23.50204639999998 ], [ -47.369806199999971, -23.502066699999936 ], [ -47.370088699999947, -23.502317699999931 ], [ -47.370209599999953, -23.502446799999969 ], [ -47.37030679999998, -23.502508 ], [ -47.370385699999979, -23.502599899999947 ], [ -47.370385399999982, -23.502601399999943 ], [ -47.370406699999933, -23.502766599999962 ], [ -47.370504599999947, -23.502941499999974 ], [ -47.370635, -23.503078799999962 ], [ -47.37061129999995, -23.503105799999958 ], [ -47.370455499999935, -23.503283499999949 ], [ -47.370299499999931, -23.503483299999974 ], [ -47.369785399999962, -23.504330399999958 ], [ -47.369435, -23.504908799999949 ], [ -47.369172799999951, -23.505226099999959 ], [ -47.368855499999931, -23.505502 ], [ -47.368483099999935, -23.505732 ], [ -47.367499, -23.506173399999966 ], [ -47.365535399999949, -23.50703789999994 ], [ -47.36363769999997, -23.507804699999948 ], [ -47.363606899999986, -23.507817199999973 ], [ -47.36356509999996, -23.507835099999962 ], [ -47.363112, -23.508019799999946 ], [ -47.361014799999971, -23.50892639999995 ], [ -47.359439899999984, -23.509623799999925 ], [ -47.359091599999942, -23.509826299999929 ], [ -47.358857799999953, -23.510003399999956 ], [ -47.358638399999961, -23.510200799999946 ], [ -47.358440099999939, -23.510412299999931 ], [ -47.358148899999954, -23.510733799999983 ], [ -47.358039899999937, -23.510843299999973 ], [ -47.358012799999983, -23.510870399999924 ], [ -47.358046799999954, -23.51088939999994 ], [ -47.35824359999998, -23.510940199999933 ], [ -47.358447599999984, -23.51094019999994 ], [ -47.358604499999956, -23.510898599999965 ], [ -47.358708799999931, -23.51083089999997 ], [ -47.35903529999996, -23.510375899999918 ], [ -47.359211199999947, -23.510232499999976 ], [ -47.36028639999995, -23.509774499999931 ], [ -47.361188299999981, -23.50945239999993 ], [ -47.361326199999951, -23.509740799999971 ], [ -47.360484499999984, -23.510085099999973 ], [ -47.359539699999978, -23.510445499999946 ], [ -47.359369799999968, -23.510535799999957 ], [ -47.359295499999966, -23.51059749999996 ], [ -47.359276, -23.510663799999968 ], [ -47.359334399999973, -23.510709899999938 ], [ -47.360191799999939, -23.510902399999964 ], [ -47.360490699999964, -23.51096949999992 ], [ -47.361205199999979, -23.51112419999998 ], [ -47.361112499999933, -23.51153 ], [ -47.362434799999967, -23.511801599999952 ], [ -47.362417, -23.51191769999998 ], [ -47.362416599999968, -23.512020599999964 ], [ -47.362440099999958, -23.512101399999949 ], [ -47.362676699999959, -23.512535899999918 ], [ -47.362754399999972, -23.512632099999955 ], [ -47.36286919999997, -23.51271289999994 ], [ -47.363220099999978, -23.512830899999987 ], [ -47.364270099999942, -23.513133699999962 ], [ -47.364436799999972, -23.513439 ], [ -47.364387699999952, -23.513590599999926 ], [ -47.364381499999979, -23.513700799999985 ], [ -47.364391699999942, -23.513823199999933 ], [ -47.36445759999998, -23.514035599999936 ], [ -47.364586399999951, -23.514280699999972 ], [ -47.363269, -23.515329599999983 ], [ -47.363381, -23.515407399999965 ], [ -47.363567499999931, -23.51560209999997 ], [ -47.363825, -23.515694099999966 ], [ -47.363990599999966, -23.51582279999996 ], [ -47.364202, -23.515911 ], [ -47.364403, -23.515946 ], [ -47.364668, -23.515983 ], [ -47.364673599999946, -23.515985 ], [ -47.364735599999968, -23.516001199999945 ], [ -47.364779399999968, -23.516022199999949 ], [ -47.364941, -23.516079 ], [ -47.365253, -23.516209 ], [ -47.365588, -23.51634 ], [ -47.366015, -23.516492 ] ] ], [ [ [ -47.388302099999976, -23.484665299999957 ], [ -47.388171499999942, -23.484354499999945 ], [ -47.38802289999996, -23.48396479999996 ], [ -47.38797129999994, -23.483877199999931 ], [ -47.387934, -23.483889499999979 ], [ -47.387896699999942, -23.483901899999974 ], [ -47.387851, -23.483917 ], [ -47.387746, -23.484018 ], [ -47.387531799999977, -23.484228699999957 ], [ -47.38749, -23.484269799999936 ], [ -47.387474, -23.484285599999957 ], [ -47.387377, -23.484381 ], [ -47.387268, -23.484485 ], [ -47.387116, -23.484589 ], [ -47.386985, -23.48467 ], [ -47.386749, -23.484726 ], [ -47.38656, -23.484738 ], [ -47.386212, -23.484927 ], [ -47.385977, -23.485035 ], [ -47.385809, -23.485143 ], [ -47.385776, -23.485423 ], [ -47.385685, -23.485661 ], [ -47.38562, -23.485861 ], [ -47.385653, -23.485977 ], [ -47.385671, -23.48623 ], [ -47.385652, -23.486487 ], [ -47.385637, -23.486766 ], [ -47.385618, -23.486965 ], [ -47.38561, -23.487094 ], [ -47.385722, -23.487262 ], [ -47.385766, -23.487396 ], [ -47.38566, -23.487499 ], [ -47.385689, -23.487603 ], [ -47.385682, -23.487722 ], [ -47.385615, -23.487848 ], [ -47.385724, -23.48792 ], [ -47.385837, -23.487919 ], [ -47.385959, -23.487994 ], [ -47.386059, -23.488179599999967 ], [ -47.386078299999951, -23.488215399999937 ], [ -47.386438099999964, -23.488157699999928 ], [ -47.386925099999985, -23.488019699999938 ], [ -47.387034599999936, -23.487864299999959 ], [ -47.38712309999994, -23.487613199999942 ], [ -47.387526499999979, -23.487484599999959 ], [ -47.387703799999947, -23.487453599999984 ], [ -47.388076199999951, -23.487453599999981 ], [ -47.388191399999982, -23.487427 ], [ -47.388351, -23.487338299999983 ], [ -47.38853279999995, -23.487209799999956 ], [ -47.388679, -23.48713889999993 ], [ -47.388914, -23.48708569999997 ], [ -47.388423799999934, -23.485084199999967 ], [ -47.388302099999976, -23.484665299999957 ] ] ], [ [ [ -47.510345599999944, -23.53940979999993 ], [ -47.510620199999948, -23.539410099999927 ], [ -47.51098589999998, -23.539430499999966 ], [ -47.511126, -23.539444899999982 ], [ -47.511292199999964, -23.539463799999957 ], [ -47.5115105, -23.539503199999945 ], [ -47.511679799999968, -23.539548199999949 ], [ -47.511929099999975, -23.539582399999965 ], [ -47.512191399999942, -23.539616399999939 ], [ -47.512433099999953, -23.539657899999952 ], [ -47.512788899999975, -23.539704699999962 ], [ -47.512994, -23.539727599999935 ], [ -47.513284499999941, -23.539749199999967 ], [ -47.513619699999929, -23.539798699999952 ], [ -47.513903099999936, -23.539856199999978 ], [ -47.514223, -23.53992269999998 ], [ -47.514408, -23.539977 ], [ -47.514629199999945, -23.540030799999954 ], [ -47.514856299999963, -23.540120199999933 ], [ -47.515060699999935, -23.540243499999974 ], [ -47.515299199999959, -23.54038769999994 ], [ -47.515495699999974, -23.540506299999937 ], [ -47.515668499999947, -23.540599099999955 ], [ -47.5159192, -23.54070489999998 ], [ -47.516320699999937, -23.540841699999937 ], [ -47.51654979999995, -23.540900099999934 ], [ -47.516864899999973, -23.540985699999965 ], [ -47.517239099999983, -23.541185099999957 ], [ -47.517518599999967, -23.541307099999976 ], [ -47.517814, -23.541445599999982 ], [ -47.517937399999937, -23.541532 ], [ -47.518001599999941, -23.541636099999941 ], [ -47.517995799999937, -23.541743599999965 ], [ -47.517947, -23.541902 ], [ -47.517931499999982, -23.542038399999964 ], [ -47.517920699999934, -23.54215089999996 ], [ -47.517898399999979, -23.542339899999945 ], [ -47.517895, -23.542435499999954 ], [ -47.517926, -23.542566399999934 ], [ -47.517982, -23.542949 ], [ -47.518069399999945, -23.54320789999997 ], [ -47.518295899999941, -23.54347649999994 ], [ -47.518386499999963, -23.543589699999917 ], [ -47.518467499999986, -23.543482799999936 ], [ -47.518826399999966, -23.542986199999969 ], [ -47.519189499999982, -23.542629099999939 ], [ -47.519362099999967, -23.542248099999931 ], [ -47.519425099999971, -23.542086799999936 ], [ -47.519472199999939, -23.542029499999948 ], [ -47.519121, -23.54182829999997 ], [ -47.518796299999963, -23.541620699999957 ], [ -47.51856, -23.541493099999965 ], [ -47.518029, -23.541177 ], [ -47.517002, -23.540621 ], [ -47.516243, -23.540098 ], [ -47.515639, -23.539799 ], [ -47.515328, -23.53962 ], [ -47.515168, -23.539539 ], [ -47.514933, -23.539477 ], [ -47.514722, -23.539455 ], [ -47.513408, -23.53921 ], [ -47.513241, -23.539152 ], [ -47.511327, -23.538541 ], [ -47.51078659999996, -23.538332 ], [ -47.51050639999994, -23.538261099999936 ], [ -47.508723, -23.538038 ], [ -47.508264, -23.53793 ], [ -47.507646, -23.537785 ], [ -47.507225699999935, -23.53764289999998 ], [ -47.506774599999979, -23.537344499999957 ], [ -47.506502599999976, -23.537096 ], [ -47.506260699999984, -23.536878699999928 ], [ -47.505978399999954, -23.536632299999962 ], [ -47.505785499999945, -23.536404799999961 ], [ -47.505716, -23.536233799999927 ], [ -47.505681799999934, -23.536055099999924 ], [ -47.505685099999944, -23.535884499999959 ], [ -47.505672, -23.535815599999975 ], [ -47.50559649999996, -23.535723699999952 ], [ -47.505471899999975, -23.535631899999938 ], [ -47.50533409999997, -23.535556399999955 ], [ -47.505216, -23.535423499999986 ], [ -47.505097899999953, -23.535304299999947 ], [ -47.50491419999998, -23.53500489999993 ], [ -47.504886199999937, -23.534959299999958 ], [ -47.505000199999984, -23.534875599999967 ], [ -47.505039, -23.534847199999945 ], [ -47.50511419999998, -23.534792 ], [ -47.505530899999947, -23.534470399999961 ], [ -47.505954199999962, -23.534089799999943 ], [ -47.506295099999932, -23.533735199999967 ], [ -47.506520599999938, -23.533473699999941 ], [ -47.506964499999981, -23.532876299999931 ], [ -47.507125199999962, -23.53265319999997 ], [ -47.50787, -23.531635 ], [ -47.50854, -23.530735 ], [ -47.509394899999961, -23.529558099999971 ], [ -47.510121899999945, -23.528584 ], [ -47.510085899999986, -23.528384899999928 ], [ -47.510093099999949, -23.528154599999926 ], [ -47.510141, -23.527961 ], [ -47.510463, -23.526989 ], [ -47.509791, -23.526868 ], [ -47.509824, -23.526776599999948 ], [ -47.510267, -23.525549 ], [ -47.510402, -23.525161 ], [ -47.509845, -23.524934 ], [ -47.509861799999953, -23.524899699999938 ], [ -47.510399, -23.523803 ], [ -47.511005, -23.524084 ], [ -47.511358, -23.524262 ], [ -47.511941, -23.524723 ], [ -47.512659, -23.525337 ], [ -47.513414, -23.524906 ], [ -47.514094499999942, -23.524580499999949 ], [ -47.514460499999984, -23.524465099999922 ], [ -47.514727499999935, -23.524445299999979 ], [ -47.514918799999982, -23.524458499999987 ], [ -47.515627599999959, -23.524583799999949 ], [ -47.516138, -23.524736 ], [ -47.516854599999938, -23.524953 ], [ -47.517170699999951, -23.525012399999977 ], [ -47.517619099999941, -23.525131099999943 ], [ -47.517639899999949, -23.525138099999928 ], [ -47.518178899999953, -23.525318699999957 ], [ -47.518423599999942, -23.525424499999932 ], [ -47.518500199999949, -23.525545799999971 ], [ -47.518787399999951, -23.525708899999913 ], [ -47.519729299999945, -23.525985 ], [ -47.520497499999976, -23.52615319999995 ], [ -47.521015199999972, -23.526232299999936 ], [ -47.52123279999995, -23.526245499999956 ], [ -47.522337699999987, -23.526287699999962 ], [ -47.523037899999963, -23.526250499999943 ], [ -47.523509399999966, -23.526181199999936 ], [ -47.523769899999934, -23.526138399999979 ], [ -47.524662499999984, -23.525953 ], [ -47.525472, -23.525685 ], [ -47.526080399999962, -23.525416299999957 ], [ -47.52678839999993, -23.525065099999942 ], [ -47.527952299999981, -23.524395799999983 ], [ -47.528856, -23.52388 ], [ -47.529047, -23.52375869999997 ], [ -47.529362899999974, -23.524383499999939 ], [ -47.529438299999981, -23.524652899999971 ], [ -47.529513799999961, -23.524997799999937 ], [ -47.529583799999955, -23.525552799999961 ], [ -47.529680799999944, -23.526048599999957 ], [ -47.529820899999955, -23.526517399999925 ], [ -47.530052599999969, -23.526862199999982 ], [ -47.53027359999993, -23.527088599999963 ], [ -47.530548399999937, -23.527325699999945 ], [ -47.530742399999959, -23.527406499999916 ], [ -47.531001, -23.527471099999964 ], [ -47.531409, -23.527487 ], [ -47.531549, -23.527505 ], [ -47.53201, -23.527566 ], [ -47.532274, -23.527541 ], [ -47.532509, -23.527483 ], [ -47.532784, -23.527403 ], [ -47.533053, -23.527392 ], [ -47.533216, -23.527331 ], [ -47.53326, -23.527205 ], [ -47.533256, -23.526968 ], [ -47.53315, -23.526753 ], [ -47.533012, -23.526562 ], [ -47.532959, -23.526368 ], [ -47.533014, -23.526215 ], [ -47.53316, -23.526154 ], [ -47.533358, -23.526119 ], [ -47.53359, -23.525978 ], [ -47.533772, -23.525844 ], [ -47.53393, -23.525785 ], [ -47.534088, -23.525798 ], [ -47.534232, -23.525847 ], [ -47.534416, -23.52589 ], [ -47.534574, -23.525852 ], [ -47.534695, -23.525734 ], [ -47.534752, -23.525499 ], [ -47.534815, -23.525311 ], [ -47.534908, -23.525209 ], [ -47.535024, -23.525135 ], [ -47.535256, -23.525074 ], [ -47.535505, -23.525137 ], [ -47.535658, -23.525165 ], [ -47.535842, -23.525246 ], [ -47.536096, -23.52535 ], [ -47.536278, -23.525504 ], [ -47.536491, -23.525612 ], [ -47.53672, -23.525658 ], [ -47.536997, -23.525647 ], [ -47.537256, -23.525575 ], [ -47.537494, -23.525539 ], [ -47.537875, -23.525493 ], [ -47.538157, -23.525465 ], [ -47.53833, -23.525391 ], [ -47.538487, -23.525241 ], [ -47.538642, -23.525055 ], [ -47.538887, -23.52477 ], [ -47.539203, -23.524381 ], [ -47.539412, -23.524121 ], [ -47.539615, -23.523818 ], [ -47.539829, -23.523638 ], [ -47.54007, -23.523394 ], [ -47.540317, -23.523057 ], [ -47.540538, -23.522774 ], [ -47.540731, -23.522503 ], [ -47.540883, -23.522262 ], [ -47.540976, -23.522147 ], [ -47.541007, -23.521957 ], [ -47.541087, -23.52178 ], [ -47.541183, -23.52172 ], [ -47.541378, -23.52168 ], [ -47.541601, -23.521635 ], [ -47.541702, -23.521579 ], [ -47.541936, -23.521434 ], [ -47.542232, -23.521317 ], [ -47.542476, -23.521398 ], [ -47.542635, -23.521559 ], [ -47.54275, -23.521707 ], [ -47.542929, -23.521772 ], [ -47.54306, -23.521691 ], [ -47.54318, -23.521548 ], [ -47.543321, -23.521488 ], [ -47.54346, -23.52151 ], [ -47.543542, -23.521639 ], [ -47.543606, -23.521868 ], [ -47.543709, -23.522029 ], [ -47.543888, -23.5222 ], [ -47.544053, -23.522197 ], [ -47.544218, -23.522195 ], [ -47.544427, -23.522049 ], [ -47.544516, -23.521948 ], [ -47.544613, -23.521737 ], [ -47.544685, -23.521515 ], [ -47.544818, -23.521356 ], [ -47.545054, -23.52116 ], [ -47.545263, -23.52101 ], [ -47.545406, -23.520906 ], [ -47.545735, -23.520646 ], [ -47.546096199999965, -23.520391599999968 ], [ -47.546107, -23.520384 ], [ -47.546129799999967, -23.520367899999943 ], [ -47.546145699999954, -23.520356799999952 ], [ -47.546198, -23.52032 ], [ -47.546347, -23.520213 ], [ -47.546699, -23.519976 ], [ -47.546811, -23.519824 ], [ -47.546845, -23.519689 ], [ -47.546923, -23.519492 ], [ -47.547036, -23.519413 ], [ -47.547182, -23.519373 ], [ -47.54728, -23.519315 ], [ -47.547344, -23.519235 ], [ -47.547403, -23.519111 ], [ -47.547473, -23.518976 ], [ -47.547552, -23.518872 ], [ -47.547627, -23.518728 ], [ -47.547882, -23.518634 ], [ -47.548171, -23.518619 ], [ -47.548565, -23.518607 ], [ -47.548817, -23.518518 ], [ -47.549088, -23.518415 ], [ -47.549243, -23.518238 ], [ -47.549325, -23.517982 ], [ -47.549407, -23.517766 ], [ -47.54946, -23.517546 ], [ -47.549496, -23.517345 ], [ -47.549569, -23.517187 ], [ -47.549702, -23.517094 ], [ -47.54981, -23.516972 ], [ -47.549809, -23.516838 ], [ -47.549775, -23.516703 ], [ -47.549732, -23.516498 ], [ -47.549813, -23.516454 ], [ -47.549957, -23.516453 ], [ -47.550119, -23.516378 ], [ -47.550165, -23.516229 ], [ -47.550135, -23.516143 ], [ -47.549995, -23.516025 ], [ -47.54991, -23.515884 ], [ -47.549943, -23.51571 ], [ -47.550061, -23.515579 ], [ -47.550102, -23.51543 ], [ -47.549927, -23.515285 ], [ -47.549862, -23.515139 ], [ -47.549848, -23.515004 ], [ -47.549924, -23.514827 ], [ -47.54993, -23.514656 ], [ -47.549841, -23.514417 ], [ -47.549759, -23.514294 ], [ -47.549611, -23.514112 ], [ -47.549523, -23.513914 ], [ -47.549514, -23.51374 ], [ -47.54947, -23.513539 ], [ -47.549392, -23.513327 ], [ -47.549242, -23.513136 ], [ -47.549198, -23.512935 ], [ -47.549215, -23.512841 ], [ -47.549296, -23.512514 ], [ -47.549283, -23.512404 ], [ -47.549232, -23.512267 ], [ -47.549164, -23.51208 ], [ -47.549165, -23.51192 ], [ -47.549216, -23.511749 ], [ -47.549214, -23.511509 ], [ -47.549156, -23.511374 ], [ -47.549071, -23.511226 ], [ -47.549035, -23.511117 ], [ -47.54910759999995, -23.510797599999936 ], [ -47.549076499999956, -23.510661499999969 ], [ -47.549064499999986, -23.510608599999959 ], [ -47.54905059999993, -23.510547599999938 ], [ -47.5489889, -23.51027669999996 ], [ -47.549114099999933, -23.509940399999948 ], [ -47.54932, -23.509592 ], [ -47.549248, -23.509305 ], [ -47.54919, -23.509108 ], [ -47.549134, -23.508947 ], [ -47.549091, -23.508853 ], [ -47.549179, -23.508674 ], [ -47.54941, -23.508442 ], [ -47.549539, -23.508321 ], [ -47.549668, -23.5082 ], [ -47.549895499999934, -23.507835 ], [ -47.54981, -23.507556 ], [ -47.549719, -23.506864 ], [ -47.549566, -23.506426 ], [ -47.549535, -23.506037 ], [ -47.549558299999944, -23.505632499999933 ], [ -47.549565, -23.505516 ], [ -47.549678, -23.505112 ], [ -47.549884, -23.504687 ], [ -47.550006, -23.504536 ], [ -47.551024, -23.503511 ], [ -47.551258, -23.503257 ], [ -47.551425, -23.502903 ], [ -47.551446, -23.502762 ], [ -47.551449, -23.502541 ], [ -47.551453, -23.502315 ], [ -47.551408, -23.502115 ], [ -47.551332, -23.501988 ], [ -47.551259, -23.501896 ], [ -47.551189, -23.501838 ], [ -47.55109, -23.501788 ], [ -47.550981, -23.501755 ], [ -47.550878, -23.501745 ], [ -47.550784, -23.501759 ], [ -47.550659, -23.501832 ], [ -47.550541, -23.501978 ], [ -47.550418, -23.501999 ], [ -47.550354, -23.501967 ], [ -47.550286, -23.501785 ], [ -47.550237, -23.501517 ], [ -47.550225, -23.501137 ], [ -47.550269, -23.500793 ], [ -47.55025, -23.500587 ], [ -47.550227, -23.500453 ], [ -47.550192, -23.500406 ], [ -47.550186, -23.500388 ], [ -47.550116, -23.500125 ], [ -47.549928, -23.50041 ], [ -47.549882, -23.5006 ], [ -47.549769, -23.500726 ], [ -47.549675, -23.500736 ], [ -47.549471, -23.500888 ], [ -47.549204, -23.500936 ], [ -47.549039, -23.500985 ], [ -47.548933, -23.501096 ], [ -47.548878, -23.501288 ], [ -47.54889, -23.501555 ], [ -47.548876, -23.501743 ], [ -47.548746, -23.501815 ], [ -47.548562, -23.501752 ], [ -47.548435, -23.501671 ], [ -47.54823, -23.501732 ], [ -47.547973, -23.501816 ], [ -47.548074, -23.50207 ], [ -47.548048, -23.502174 ], [ -47.547971, -23.502273 ], [ -47.547762, -23.502373 ], [ -47.54748, -23.502559 ], [ -47.547359, -23.502771 ], [ -47.547208, -23.503004 ], [ -47.546921, -23.503174 ], [ -47.546788299999939, -23.503169299999978 ], [ -47.54661, -23.503049599999951 ], [ -47.546466399999979, -23.502927199999938 ], [ -47.546096599999942, -23.502682499999942 ], [ -47.54601149999997, -23.502568099999955 ], [ -47.545812, -23.502443099999933 ], [ -47.545647, -23.502395199999956 ], [ -47.545418299999938, -23.502360599999971 ], [ -47.544966, -23.502323399999955 ], [ -47.544872899999973, -23.502294099999975 ], [ -47.544479199999955, -23.502126499999971 ], [ -47.544117499999977, -23.501884399999934 ], [ -47.543784899999935, -23.501677 ], [ -47.543492, -23.500387899999954 ], [ -47.542777099999959, -23.497814599999977 ], [ -47.542723799999969, -23.497819399999962 ], [ -47.542646199999979, -23.497717199999943 ], [ -47.542281299999956, -23.49723 ], [ -47.540798499999937, -23.495305 ], [ -47.540335099999943, -23.495458599999946 ], [ -47.539442699999945, -23.495996099999957 ], [ -47.539569799999988, -23.496215899999985 ], [ -47.539641299999978, -23.496390599999931 ], [ -47.539651899999967, -23.496475399999952 ], [ -47.539641299999971, -23.496536299999942 ], [ -47.53957249999997, -23.496663399999932 ], [ -47.539490399999977, -23.496742799999936 ], [ -47.539318299999941, -23.496809 ], [ -47.539215, -23.496824899999979 ], [ -47.539090599999952, -23.496827599999957 ], [ -47.538987299999974, -23.496795799999965 ], [ -47.538881399999987, -23.496703099999923 ], [ -47.538815199999931, -23.496626299999946 ], [ -47.538772799999947, -23.496528299999955 ], [ -47.538693399999943, -23.496417099999977 ], [ -47.53862189999996, -23.496353599999949 ], [ -47.538079, -23.496546899999935 ], [ -47.537332299999946, -23.496647499999941 ], [ -47.536580299999969, -23.496769299999979 ], [ -47.536188399999951, -23.49684869999993 ], [ -47.535946899999942, -23.497368299999952 ], [ -47.536283699999963, -23.497479599999952 ], [ -47.536366899999962, -23.497507099999947 ], [ -47.536724099999958, -23.497630899999933 ], [ -47.536900499999938, -23.497678199999935 ], [ -47.536657699999978, -23.498672299999953 ], [ -47.537213699999938, -23.498765399999964 ], [ -47.537282799999957, -23.499140499999957 ], [ -47.537205699999959, -23.499707099999963 ], [ -47.534529599999985, -23.500787099999968 ], [ -47.535338299999978, -23.502792899999967 ], [ -47.535497, -23.503335 ], [ -47.535824, -23.50336 ], [ -47.536084, -23.503399 ], [ -47.536352, -23.503446 ], [ -47.536541, -23.503558 ], [ -47.53685, -23.503533 ], [ -47.537072, -23.503479 ], [ -47.537276, -23.503498 ], [ -47.537489, -23.5036 ], [ -47.537557, -23.503707 ], [ -47.53763, -23.503798 ], [ -47.537692, -23.503902 ], [ -47.537794, -23.503982 ], [ -47.537938, -23.504033 ], [ -47.538164, -23.504098 ], [ -47.538403, -23.504213 ], [ -47.538664, -23.504398 ], [ -47.538881, -23.50453 ], [ -47.539139, -23.504612 ], [ -47.539288, -23.504689 ], [ -47.539485, -23.504841 ], [ -47.539659, -23.505001 ], [ -47.539896, -23.505144 ], [ -47.540186, -23.505234 ], [ -47.540518, -23.505291 ], [ -47.540714, -23.50531 ], [ -47.541049, -23.505406 ], [ -47.541323, -23.505632 ], [ -47.540961, -23.505896 ], [ -47.540817, -23.506054 ], [ -47.540729, -23.506194 ], [ -47.540599, -23.50644 ], [ -47.540355, -23.506517 ], [ -47.540197, -23.506591 ], [ -47.540054, -23.5067 ], [ -47.539773, -23.506791 ], [ -47.539553, -23.506891 ], [ -47.539485, -23.507015 ], [ -47.539556, -23.50722 ], [ -47.539604, -23.507425 ], [ -47.539514, -23.507652 ], [ -47.53933, -23.507766 ], [ -47.539109, -23.507733 ], [ -47.538959, -23.507576 ], [ -47.538689, -23.507551 ], [ -47.538453, -23.50771 ], [ -47.538238, -23.507755 ], [ -47.538039, -23.507679 ], [ -47.537849, -23.507721 ], [ -47.537612, -23.507869 ], [ -47.537171, -23.508165 ], [ -47.536587, -23.508469 ], [ -47.536358, -23.508596 ], [ -47.53621, -23.50872 ], [ -47.536005, -23.508804 ], [ -47.535824, -23.508707 ], [ -47.535682, -23.508649 ], [ -47.535537, -23.50873 ], [ -47.535386, -23.50884 ], [ -47.535196, -23.50892 ], [ -47.534855, -23.508936 ], [ -47.534658, -23.50906 ], [ -47.534495, -23.509199 ], [ -47.534395, -23.509307 ], [ -47.534218, -23.509461 ], [ -47.534127, -23.509613 ], [ -47.533965, -23.509774 ], [ -47.533824, -23.509834 ], [ -47.533637, -23.509925 ], [ -47.53358, -23.509989 ], [ -47.533571, -23.510113 ], [ -47.533583, -23.510291 ], [ -47.533616, -23.510446 ], [ -47.533644, -23.510512 ], [ -47.533618, -23.510675 ], [ -47.533372, -23.510878 ], [ -47.533159, -23.510934 ], [ -47.533013, -23.510937 ], [ -47.532806, -23.510971 ], [ -47.532683, -23.511075 ], [ -47.532607, -23.511189 ], [ -47.532526, -23.511352 ], [ -47.532486, -23.511526 ], [ -47.532492, -23.512045 ], [ -47.532486, -23.512198 ], [ -47.532438, -23.512352 ], [ -47.532305, -23.512545 ], [ -47.532198, -23.512699 ], [ -47.532127, -23.512777 ], [ -47.532045, -23.512844 ], [ -47.531944, -23.512913 ], [ -47.531838, -23.513040199999978 ], [ -47.531721, -23.513205 ], [ -47.531487, -23.513339 ], [ -47.531312, -23.513368 ], [ -47.531182, -23.513518 ], [ -47.531121, -23.51365 ], [ -47.531097, -23.513779 ], [ -47.530984, -23.513898 ], [ -47.530878, -23.513986 ], [ -47.530588, -23.514262 ], [ -47.530456, -23.514435 ], [ -47.530346, -23.514653 ], [ -47.53019, -23.514949 ], [ -47.530137399999944, -23.515054499999966 ], [ -47.527514599999961, -23.513054499999953 ], [ -47.527376, -23.513152899999973 ], [ -47.527208199999954, -23.513212 ], [ -47.527077899999938, -23.51327079999993 ], [ -47.526776899999959, -23.513039299999942 ], [ -47.526614099999961, -23.513185099999941 ], [ -47.524415599999941, -23.511424699999964 ], [ -47.524870399999941, -23.510994699999973 ], [ -47.526060799999982, -23.509928199999926 ], [ -47.524028, -23.508345199999944 ], [ -47.524160299999956, -23.508218 ], [ -47.524253599999952, -23.50814 ], [ -47.524404499999946, -23.508046799999928 ], [ -47.524758899999945, -23.507585499999955 ], [ -47.524830099999974, -23.507471899999928 ], [ -47.5249573, -23.507366699999984 ], [ -47.525177799999938, -23.507217499999971 ], [ -47.525299899999936, -23.507114099999978 ], [ -47.525544099999934, -23.506949599999921 ], [ -47.525835799999982, -23.506798599999971 ], [ -47.525913799999948, -23.506749499999955 ], [ -47.525986699999976, -23.50666809999996 ], [ -47.526035899999954, -23.506588399999941 ], [ -47.526063, -23.506525599999964 ], [ -47.526107099999933, -23.506479799999973 ], [ -47.526159699999944, -23.506462899999963 ], [ -47.526234299999942, -23.506417099999968 ], [ -47.526311899999939, -23.506354299999938 ], [ -47.526155799999977, -23.506191199999929 ], [ -47.526022799999964, -23.506116799999965 ], [ -47.52583, -23.506039599999948 ], [ -47.525599899999975, -23.506002399999939 ], [ -47.52538839999994, -23.505950499999987 ], [ -47.525255399999935, -23.505885299999928 ], [ -47.524969399999982, -23.505635299999938 ], [ -47.524800499999969, -23.505442399999939 ], [ -47.524704699999972, -23.505226899999972 ], [ -47.524651499999948, -23.505140499999978 ], [ -47.524464, -23.504865199999976 ], [ -47.524328299999979, -23.504632399999934 ], [ -47.524259099999945, -23.504555199999963 ], [ -47.524100899999951, -23.504412899999977 ], [ -47.523994399999935, -23.504242699999963 ], [ -47.524017099999988, -23.50414429999995 ], [ -47.524068899999975, -23.503939399999979 ], [ -47.523765699999963, -23.503827699999938 ], [ -47.523462399999971, -23.50367209999996 ], [ -47.523387399999933, -23.50359189999995 ], [ -47.523583299999977, -23.503323499999969 ], [ -47.524303199999963, -23.502306499999971 ], [ -47.524450599999966, -23.502046599999971 ], [ -47.524538099999972, -23.501905199999957 ], [ -47.524723899999969, -23.501776 ], [ -47.524901599999964, -23.501662899999925 ], [ -47.525176199999983, -23.50147719999994 ], [ -47.52552749999996, -23.50123079999997 ], [ -47.525979699999937, -23.500895699999944 ], [ -47.526161499999944, -23.500754299999976 ], [ -47.52636339999998, -23.500609 ], [ -47.526573399999961, -23.500378799999964 ], [ -47.526839899999977, -23.500055699999955 ], [ -47.526965099999984, -23.499890199999982 ], [ -47.527300199999956, -23.499381399999937 ], [ -47.527817099999943, -23.498606 ], [ -47.528019, -23.498363799999925 ], [ -47.52837489999996, -23.497968899999933 ], [ -47.528477599999981, -23.497855 ], [ -47.528882099999976, -23.497433299999955 ], [ -47.529005499999982, -23.497316799999961 ], [ -47.529139199999975, -23.497213899999963 ], [ -47.52925579999993, -23.497117899999978 ], [ -47.529399699999942, -23.49702879999996 ], [ -47.529879699999981, -23.496795699999939 ], [ -47.530428199999953, -23.49655569999992 ], [ -47.530970899999943, -23.496344699999952 ], [ -47.531329799999973, -23.496233499999963 ], [ -47.531709799999938, -23.496101499999945 ], [ -47.532149199999935, -23.495948899999973 ], [ -47.532265099999961, -23.495915599999925 ], [ -47.532329699999934, -23.495871199999957 ], [ -47.532489299999952, -23.495726799999943 ], [ -47.532634599999945, -23.495468399999936 ], [ -47.532675, -23.495323 ], [ -47.532658899999944, -23.495234199999974 ], [ -47.532352, -23.49485059999995 ], [ -47.532024899999961, -23.494442699999983 ], [ -47.531847199999959, -23.494210499999955 ], [ -47.5317462, -23.494105499999929 ], [ -47.531693, -23.49391589999993 ], [ -47.531681, -23.493771199999966 ], [ -47.531785599999971, -23.493590199999971 ], [ -47.531874599999981, -23.493468599999968 ], [ -47.531937599999935, -23.493399099999966 ], [ -47.532004899999947, -23.493297 ], [ -47.532083099999959, -23.493164499999981 ], [ -47.532146099999977, -23.493029899999954 ], [ -47.53216249999997, -23.49297809999997 ], [ -47.532222099999956, -23.492984299999932 ], [ -47.532239799999957, -23.492982799999933 ], [ -47.532253699999963, -23.492983199999966 ], [ -47.532267299999951, -23.492988799999974 ], [ -47.5322776, -23.493016699999938 ], [ -47.532280599999979, -23.49303029999993 ], [ -47.532288499999936, -23.493057699999948 ], [ -47.5323097, -23.493063399999986 ], [ -47.532330299999956, -23.493061299999962 ], [ -47.53235589999997, -23.493055899999948 ], [ -47.532386199999969, -23.493048299999941 ], [ -47.532411399999944, -23.493031799999976 ], [ -47.53262129999996, -23.493521199999972 ], [ -47.5326965, -23.493659099999942 ], [ -47.532790399999961, -23.493834499999934 ], [ -47.533100499999939, -23.494298 ], [ -47.533611099999973, -23.494116399999932 ], [ -47.533654899999931, -23.493884599999934 ], [ -47.533698799999968, -23.493753 ], [ -47.533698799999968, -23.493684099999939 ], [ -47.533689399999957, -23.493558799999967 ], [ -47.533686299999943, -23.493399099999973 ], [ -47.533695599999938, -23.493295699999969 ], [ -47.533717599999932, -23.493251899999962 ], [ -47.533783399999955, -23.493120299999934 ], [ -47.533824099999954, -23.493020099999974 ], [ -47.533852299999978, -23.492879099999978 ], [ -47.533924299999967, -23.492688099999953 ], [ -47.533968199999947, -23.492559599999947 ], [ -47.534065299999952, -23.492412399999971 ], [ -47.534149799999966, -23.492324699999987 ], [ -47.534250099999952, -23.49226519999997 ], [ -47.534450499999934, -23.492138299999965 ], [ -47.535230499999962, -23.491300499999966 ], [ -47.535872599999948, -23.490542399999985 ], [ -47.535958699999988, -23.490439099999946 ], [ -47.535994699999954, -23.490415599999956 ], [ -47.536021399999989, -23.490399899999943 ], [ -47.536073, -23.490379599999983 ], [ -47.536118499999986, -23.490360799999966 ], [ -47.536188899999964, -23.490332599999935 ], [ -47.536641599999939, -23.49000059999997 ], [ -47.536657199999979, -23.489986499999926 ], [ -47.536666599999926, -23.48997709999998 ], [ -47.536693199999945, -23.489956699999944 ], [ -47.536707299999932, -23.489952 ], [ -47.536729299999941, -23.489944199999968 ], [ -47.536746499999936, -23.489933199999932 ], [ -47.536755899999953, -23.489917599999956 ], [ -47.536766799999953, -23.489889399999978 ], [ -47.536779399999944, -23.489854899999948 ], [ -47.536788799999961, -23.489837699999942 ], [ -47.536804399999937, -23.489828299999946 ], [ -47.536827899999935, -23.489820499999954 ], [ -47.536862399999961, -23.489815799999977 ], [ -47.536896799999965, -23.489806399999964 ], [ -47.53703779999995, -23.489546399999941 ], [ -47.537066, -23.489511899999982 ], [ -47.537106699999981, -23.489486899999967 ], [ -47.537156799999934, -23.489433599999941 ], [ -47.537200699999971, -23.489402299999945 ], [ -47.537247699999973, -23.489392899999931 ], [ -47.537291499999988, -23.489377199999982 ], [ -47.537332199999987, -23.489305199999929 ], [ -47.533136799999959, -23.486652399999976 ], [ -47.532934599999976, -23.486793099999943 ], [ -47.532810799999936, -23.486745599999949 ], [ -47.532652399999961, -23.486733099999981 ], [ -47.53132729999993, -23.486790099999954 ], [ -47.530052, -23.486826 ], [ -47.523904, -23.486922 ], [ -47.523701, -23.486992 ], [ -47.52290759999994, -23.48709179999997 ], [ -47.522263799999955, -23.487165399999988 ], [ -47.521767099999977, -23.48722979999997 ], [ -47.520905, -23.487264 ], [ -47.520166, -23.487264 ], [ -47.518715, -23.48721 ], [ -47.5183, -23.48721 ], [ -47.518063799999943, -23.487217199999971 ], [ -47.517827099999977, -23.487164699999941 ], [ -47.517703599999948, -23.487137299999972 ], [ -47.517568799999935, -23.487113699999952 ], [ -47.517442, -23.487126 ], [ -47.51732, -23.48724 ], [ -47.517191299999986, -23.487440599999957 ], [ -47.51708009999993, -23.487642899999976 ], [ -47.516883, -23.487988 ], [ -47.516608, -23.488178 ], [ -47.516032, -23.488473 ], [ -47.51563, -23.48867 ], [ -47.515327, -23.488849 ], [ -47.515044, -23.488971 ], [ -47.514922, -23.489018 ], [ -47.514732, -23.489052 ], [ -47.514563, -23.489067 ], [ -47.514098, -23.489039 ], [ -47.513554499999941, -23.488965299999958 ], [ -47.512114, -23.488778 ], [ -47.51202429999995, -23.488431599999949 ], [ -47.512057199999958, -23.488410099999939 ], [ -47.513227699999959, -23.487643599999956 ], [ -47.513361, -23.487846 ], [ -47.513558799999942, -23.487951699999943 ], [ -47.513788699999964, -23.487974699999942 ], [ -47.513889899999988, -23.487878199999955 ], [ -47.51402319999994, -23.487942499999967 ], [ -47.514331299999981, -23.488011499999971 ], [ -47.515099299999981, -23.487652799999978 ], [ -47.515807499999937, -23.487252799999975 ], [ -47.516160899999939, -23.487193899999959 ], [ -47.516221299999984, -23.487183799999965 ], [ -47.517642299999977, -23.486558399999975 ], [ -47.517619299999978, -23.485983599999937 ], [ -47.517214599999932, -23.48535819999994 ], [ -47.516786899999943, -23.484424699999966 ], [ -47.516478899999981, -23.484333699999979 ], [ -47.516382299999975, -23.484305099999954 ], [ -47.516488699999968, -23.484035199999937 ], [ -47.516533, -23.483953 ], [ -47.516653199999951, -23.483851699999949 ], [ -47.516741799999977, -23.483744199999919 ], [ -47.516805099999949, -23.483535399999937 ], [ -47.516843, -23.483446799999971 ], [ -47.516937899999959, -23.483370799999932 ], [ -47.517083499999956, -23.483339199999925 ], [ -47.517146799999978, -23.483307599999929 ], [ -47.517203699999982, -23.483219 ], [ -47.517241699999936, -23.482946899999948 ], [ -47.516994899999986, -23.481864899999948 ], [ -47.517013899999945, -23.481751 ], [ -47.517051799999933, -23.481637099999944 ], [ -47.517083499999963, -23.481504199999964 ], [ -47.51706449999994, -23.481422 ], [ -47.517026499999979, -23.481365 ], [ -47.516912599999962, -23.481282799999974 ], [ -47.516830399999947, -23.481238499999961 ], [ -47.516596299999946, -23.480998 ], [ -47.516564599999988, -23.48093479999994 ], [ -47.516514, -23.480852499999976 ], [ -47.516507699999977, -23.480289399999933 ], [ -47.516495, -23.480194399999966 ], [ -47.516495, -23.480118499999946 ], [ -47.516469699999959, -23.480011 ], [ -47.516450699999943, -23.479903399999948 ], [ -47.516450699999943, -23.479866299999973 ], [ -47.516450699999957, -23.47980849999994 ], [ -47.516457099999968, -23.479732499999962 ], [ -47.516495, -23.479599699999934 ], [ -47.516533, -23.479435199999948 ], [ -47.516564599999981, -23.479321299999985 ], [ -47.516608899999937, -23.479169399999929 ], [ -47.516596299999954, -23.479042799999952 ], [ -47.516539299999977, -23.478903599999963 ], [ -47.516482399999973, -23.478789699999936 ], [ -47.516368499999942, -23.478169699999963 ], [ -47.516387499999958, -23.47806839999992 ], [ -47.516419099999943, -23.477910199999936 ], [ -47.51645069999995, -23.477796299999973 ], [ -47.516469699999966, -23.477726699999945 ], [ -47.516469699999959, -23.477669799999948 ], [ -47.51645069999995, -23.477625499999942 ], [ -47.516406399999937, -23.477562199999966 ], [ -47.516387499999958, -23.477442 ], [ -47.516400099999942, -23.477347099999982 ], [ -47.515887199999959, -23.477309499999929 ], [ -47.516053099999965, -23.476612599999946 ], [ -47.51613679999997, -23.476025 ], [ -47.516180599999984, -23.475451299999982 ], [ -47.516897699999959, -23.475084699999972 ], [ -47.517339899999975, -23.474909399999941 ], [ -47.517630799999942, -23.474937299999965 ], [ -47.517714399999939, -23.475013 ], [ -47.517770199999973, -23.475021 ], [ -47.518435599999975, -23.475005 ], [ -47.518718399999955, -23.475017 ], [ -47.519065, -23.475072799999957 ], [ -47.519216399999948, -23.475064799999934 ], [ -47.519268199999949, -23.475036899999949 ], [ -47.519316, -23.47498109999998 ], [ -47.519347899999964, -23.474897499999937 ], [ -47.519415599999945, -23.474758 ], [ -47.519726399999975, -23.474534899999988 ], [ -47.519857899999984, -23.474491099999977 ], [ -47.519961399999943, -23.474515 ], [ -47.520260299999961, -23.474654499999925 ], [ -47.520371799999964, -23.474634499999969 ], [ -47.520427599999948, -23.474610599999949 ], [ -47.520475399999953, -23.474534899999977 ], [ -47.520638699999957, -23.474013 ], [ -47.520116799999983, -23.473638499999943 ], [ -47.517650599999968, -23.472023 ], [ -47.515217099999973, -23.471974399999961 ], [ -47.515223299999946, -23.471966399999925 ], [ -47.515268499999934, -23.471843299999932 ], [ -47.515268499999934, -23.471752799999944 ], [ -47.515248399999962, -23.471652199999941 ], [ -47.515215699999942, -23.471486299999977 ], [ -47.515150399999989, -23.471302799999936 ], [ -47.515085, -23.471154499999965 ], [ -47.514904, -23.470905599999977 ], [ -47.514227799999958, -23.469990599999949 ], [ -47.513938699999983, -23.469520499999934 ], [ -47.513732599999962, -23.469198799999958 ], [ -47.513579299999947, -23.468804099999947 ], [ -47.513571699999943, -23.468756299999924 ], [ -47.513574199999944, -23.46870859999995 ], [ -47.513589299999978, -23.46867089999995 ], [ -47.513611899999944, -23.468608 ], [ -47.513622, -23.468447099999935 ], [ -47.513637099999983, -23.468336499999964 ], [ -47.513667199999986, -23.468203299999974 ], [ -47.513715, -23.468042399999959 ], [ -47.513770299999976, -23.467869 ], [ -47.51381809999998, -23.467763399999971 ], [ -47.51422029999997, -23.466943899999933 ], [ -47.514823599999943, -23.465624199999979 ], [ -47.515406799999944, -23.464334599999969 ], [ -47.515738599999963, -23.463593 ], [ -47.515783899999974, -23.463512599999945 ], [ -47.515829099999962, -23.463447199999951 ], [ -47.515932199999952, -23.463258699999976 ], [ -47.516002599999979, -23.46317819999997 ], [ -47.516050299999968, -23.463148099999962 ], [ -47.516100599999966, -23.463130499999973 ], [ -47.51614329999996, -23.463100299999947 ], [ -47.516186099999977, -23.463072699999941 ], [ -47.516221299999984, -23.46304 ], [ -47.516259, -23.462989699999984 ], [ -47.516291599999938, -23.462916799999956 ], [ -47.5163558, -23.46278749999993 ], [ -47.516378, -23.462667299999957 ], [ -47.516378, -23.462594499999973 ], [ -47.516368499999949, -23.462493299999949 ], [ -47.516374799999944, -23.462366799999923 ], [ -47.516422299999931, -23.462154799999947 ], [ -47.516434899999972, -23.462078899999941 ], [ -47.5164286, -23.462025099999938 ], [ -47.516381, -23.461952599999957 ], [ -47.516661499999941, -23.461257799999927 ], [ -47.517038599999985, -23.46053459999996 ], [ -47.517138899999964, -23.460353199999922 ], [ -47.517193199999959, -23.46026989999995 ], [ -47.517250899999965, -23.460198899999963 ], [ -47.517334099999971, -23.460117399999945 ], [ -47.517465399999935, -23.460019199999966 ], [ -47.517699499999935, -23.459865699999973 ], [ -47.518070399999942, -23.459633 ], [ -47.519799899999946, -23.458557799999941 ], [ -47.519949399999973, -23.458472699999955 ], [ -47.520078099999985, -23.458417599999972 ], [ -47.520195399999977, -23.458392299999947 ], [ -47.520492299999951, -23.458351799999949 ], [ -47.520625299999956, -23.458367 ], [ -47.520749499999965, -23.458413 ], [ -47.520965599999954, -23.458546299999963 ], [ -47.521154199999962, -23.458698099999932 ], [ -47.52133809999998, -23.458895799999933 ], [ -47.521903699999939, -23.459898299999956 ], [ -47.522280799999976, -23.460339699999963 ], [ -47.522613799999931, -23.46096469999997 ], [ -47.523044099999943, -23.461701799999958 ], [ -47.523334899999952, -23.461833299999956 ], [ -47.524144899999953, -23.461741599999979 ], [ -47.52424759999996, -23.461730399999968 ], [ -47.524568899999963, -23.461505399999968 ], [ -47.524912199999967, -23.461156299999971 ], [ -47.52505339999994, -23.460790699999961 ], [ -47.525258399999977, -23.460426699999978 ], [ -47.525755099999969, -23.460296699999947 ], [ -47.52623269999998, -23.460092799999927 ], [ -47.526359799999966, -23.459916799999966 ], [ -47.52637139999996, -23.459669199999954 ], [ -47.52624609999998, -23.459327 ], [ -47.526234399999971, -23.459139299999944 ], [ -47.526242399999944, -23.458839799999954 ], [ -47.526366899999971, -23.458388099999976 ], [ -47.526492599999983, -23.458011199999934 ], [ -47.526670899999949, -23.458071799999971 ], [ -47.526740199999949, -23.458088599999943 ], [ -47.526955599999951, -23.458149899999967 ], [ -47.527018299999952, -23.458157899999946 ], [ -47.527103599999975, -23.458150799999945 ], [ -47.527143399999943, -23.458160599999925 ], [ -47.527160099999946, -23.458178 ], [ -47.527191899999934, -23.458278 ], [ -47.527252899999951, -23.458405799999976 ], [ -47.527291799999944, -23.458439499999937 ], [ -47.52736189999996, -23.458453199999937 ], [ -47.527415099999985, -23.458463399999964 ], [ -47.527509499999951, -23.458561699999958 ], [ -47.527628899999968, -23.458720699999954 ], [ -47.527713299999959, -23.458822599999966 ], [ -47.527741799999944, -23.458941299999939 ], [ -47.527752899999939, -23.459050299999952 ], [ -47.52781089999997, -23.4593412 ], [ -47.527926599999951, -23.459459899999953 ], [ -47.528018499999973, -23.459649799999958 ], [ -47.528071899999986, -23.459801099999936 ], [ -47.528098599999964, -23.45985439999998 ], [ -47.5282529, -23.459916699999951 ], [ -47.528389299999958, -23.460017599999951 ], [ -47.528487199999972, -23.460115499999972 ], [ -47.528623699999969, -23.46031129999994 ], [ -47.528846199999975, -23.460435899999936 ], [ -47.528994499999953, -23.460572299999971 ], [ -47.529107199999942, -23.460759199999934 ], [ -47.529292799999951, -23.460897199999977 ], [ -47.529135799999956, -23.460481 ], [ -47.52906059999998, -23.460123299999967 ], [ -47.52906059999998, -23.459916299999975 ], [ -47.529211099999941, -23.459718599999974 ], [ -47.52933059999998, -23.45963519999998 ], [ -47.52938769999998, -23.45959519999996 ], [ -47.529641, -23.459526699999977 ], [ -47.530082, -23.459404599999964 ], [ -47.5305724, -23.45921589999995 ], [ -47.530656699999952, -23.45917059999994 ], [ -47.530720799999976, -23.459150899999941 ], [ -47.530799499999937, -23.459155699999947 ], [ -47.530882599999984, -23.459163599999947 ], [ -47.531012399999952, -23.459142499999921 ], [ -47.531280899999956, -23.458972699999958 ], [ -47.531370799999934, -23.458903599999914 ], [ -47.53146959999998, -23.458879399999947 ], [ -47.531737899999939, -23.458892199999983 ], [ -47.531876199999942, -23.458866099999963 ], [ -47.532054099999982, -23.45878689999995 ], [ -47.532206199999962, -23.458659099999981 ], [ -47.532297799999981, -23.458524599999976 ], [ -47.532409399999949, -23.458372099999966 ], [ -47.533052299999952, -23.458169199999936 ], [ -47.533835899999985, -23.457923699999977 ], [ -47.534409299999943, -23.457747799999936 ], [ -47.534959399999934, -23.457545899999953 ], [ -47.535087399999945, -23.457500499999981 ], [ -47.535162599999978, -23.457494699999916 ], [ -47.5351, -23.457348699999955 ], [ -47.534881299999938, -23.456951799999956 ], [ -47.534721799999943, -23.456511499999976 ], [ -47.534147699999949, -23.455523299999982 ], [ -47.533550099999964, -23.45445489999997 ], [ -47.533526499999937, -23.454412699999981 ], [ -47.533507199999974, -23.45437169999996 ], [ -47.533178299999982, -23.454394299999922 ], [ -47.532091499999979, -23.454419899999955 ], [ -47.53092369999996, -23.454400099999937 ], [ -47.529347899999948, -23.454442299999982 ], [ -47.528471099999933, -23.454550199999979 ], [ -47.528070199999945, -23.454645899999939 ], [ -47.523605, -23.456342799999952 ], [ -47.523653699999961, -23.456433899999979 ], [ -47.520720499999982, -23.457544399999954 ], [ -47.518181099999936, -23.458505699999929 ], [ -47.517500099999957, -23.458767699999953 ], [ -47.517128099999979, -23.458988699999964 ], [ -47.516822099999956, -23.459232699999966 ], [ -47.516480099999967, -23.459608699999926 ], [ -47.516204099999982, -23.46006669999997 ], [ -47.515325599999983, -23.462511199999941 ], [ -47.515194799999961, -23.46254869999995 ], [ -47.515147, -23.462562299999952 ], [ -47.515100599999982, -23.462575599999976 ], [ -47.51343559999998, -23.463042199999958 ], [ -47.513488699999989, -23.462621099999982 ], [ -47.51357, -23.46224889999996 ], [ -47.51366349999995, -23.462042899999961 ], [ -47.513819399999932, -23.461854099999979 ], [ -47.514007099999958, -23.461675 ], [ -47.514218599999943, -23.46159219999992 ], [ -47.514457699999987, -23.461500199999929 ], [ -47.51455889999994, -23.461408299999952 ], [ -47.514687699999968, -23.461242699999968 ], [ -47.514733599999943, -23.461022 ], [ -47.514715199999962, -23.460792099999939 ], [ -47.514715199999962, -23.460608099999938 ], [ -47.514816399999972, -23.460424199999974 ], [ -47.514954399999965, -23.460194299999966 ], [ -47.514982, -23.460019499999934 ], [ -47.51491759999994, -23.459890799999986 ], [ -47.51476119999996, -23.459826399999951 ], [ -47.514632499999955, -23.459725199999973 ], [ -47.514604899999938, -23.459596499999979 ], [ -47.514577299999985, -23.459440099999931 ], [ -47.514494499999955, -23.459348099999943 ], [ -47.514375, -23.459302099999952 ], [ -47.514218599999936, -23.459191799999928 ], [ -47.514117399999975, -23.459081399999942 ], [ -47.51412659999994, -23.458989399999943 ], [ -47.514218599999936, -23.458879099999926 ], [ -47.5143336, -23.458800899999968 ], [ -47.514443899999954, -23.458731899999968 ], [ -47.514535899999942, -23.458690499999939 ], [ -47.514678499999945, -23.458718099999942 ], [ -47.514798, -23.458800899999961 ], [ -47.514913, -23.458810099999933 ], [ -47.515014099999981, -23.458768699999951 ], [ -47.515106099999969, -23.458653799999972 ], [ -47.515156699999977, -23.458525 ], [ -47.515170499999961, -23.458400799999929 ], [ -47.515124499999963, -23.458281299999953 ], [ -47.515078499999959, -23.458143299999957 ], [ -47.515093, -23.458091499999963 ], [ -47.514953, -23.458059 ], [ -47.514684, -23.458061 ], [ -47.514497, -23.458096 ], [ -47.514376, -23.458104 ], [ -47.514203, -23.458121 ], [ -47.513783399999959, -23.458100299999945 ], [ -47.513682699999947, -23.458106199999985 ], [ -47.513505, -23.458103199999979 ], [ -47.513277, -23.458070699999947 ], [ -47.512981, -23.457969 ], [ -47.512633, -23.457823 ], [ -47.512363, -23.457633 ], [ -47.511799699999983, -23.457398099999981 ], [ -47.512461099999939, -23.456928699999931 ], [ -47.512506699999967, -23.456928699999935 ], [ -47.512539199999928, -23.456937399999955 ], [ -47.512565199999983, -23.456954799999941 ], [ -47.513525899999934, -23.457683399999961 ], [ -47.514757599999939, -23.457065299999954 ], [ -47.514790099999978, -23.457015499999947 ], [ -47.514792299999947, -23.45698509999994 ], [ -47.514779199999971, -23.456963399999953 ], [ -47.514502199999981, -23.456870099999939 ], [ -47.515075299999978, -23.456656899999924 ], [ -47.515293199999974, -23.456871299999943 ], [ -47.515297499999967, -23.456910299999944 ], [ -47.515301799999975, -23.456971 ], [ -47.515462299999967, -23.457278899999949 ], [ -47.515709499999964, -23.45732659999992 ], [ -47.515752899999946, -23.457396 ], [ -47.516147599999954, -23.457526099999935 ], [ -47.51619089999997, -23.457365699999968 ], [ -47.516221299999984, -23.457235599999922 ], [ -47.516282, -23.457175899999982 ], [ -47.51688919999998, -23.456625099999933 ], [ -47.516941199999955, -23.456581799999981 ], [ -47.517088699999931, -23.456183899999925 ], [ -47.516646299999934, -23.456019099999917 ], [ -47.516524899999972, -23.455945299999936 ], [ -47.516104199999972, -23.455633099999933 ], [ -47.516065199999964, -23.455559299999948 ], [ -47.516043499999967, -23.455442199999936 ], [ -47.5159958, -23.45525569999996 ], [ -47.515608699999973, -23.454185599999967 ], [ -47.513904299999979, -23.453235799999952 ], [ -47.513396799999946, -23.452659 ], [ -47.513491099999953, -23.45455939999993 ], [ -47.513403299999936, -23.454568299999952 ], [ -47.513286199999982, -23.454594399999962 ], [ -47.513173499999944, -23.454624699999957 ], [ -47.512505599999947, -23.454898 ], [ -47.5124259, -23.454718599999982 ], [ -47.51225009999996, -23.454323099999954 ], [ -47.512163, -23.454127099999926 ], [ -47.512119599999956, -23.454079399999952 ], [ -47.512071899999967, -23.454062 ], [ -47.512011199999961, -23.454036 ], [ -47.511976499999946, -23.454014299999983 ], [ -47.511187199999938, -23.452526699999954 ], [ -47.511128199999973, -23.452516799999959 ], [ -47.511083599999949, -23.452507399999945 ], [ -47.51125, -23.452377 ], [ -47.512303399999951, -23.451435799999953 ], [ -47.512652899999978, -23.451163399999921 ], [ -47.512896, -23.451014399999973 ], [ -47.513138499999968, -23.450867199999944 ], [ -47.513342199999954, -23.450806899999975 ], [ -47.513576, -23.450683599999945 ], [ -47.513808699999977, -23.450560899999964 ], [ -47.513857399999949, -23.450535699999936 ], [ -47.513947499999972, -23.450485599999979 ], [ -47.513988599999955, -23.450464499999949 ], [ -47.514061099999942, -23.450425499999941 ], [ -47.514271, -23.450319799999942 ], [ -47.514351399999953, -23.450278499999968 ], [ -47.514944799999974, -23.449972899999974 ], [ -47.515117799999977, -23.449888299999948 ], [ -47.515889799999975, -23.449436799999944 ], [ -47.516344699999941, -23.44911379999996 ], [ -47.517112699999984, -23.448564499999961 ], [ -47.517146, -23.448592699999953 ], [ -47.518188099999982, -23.449393299999944 ], [ -47.518231499999956, -23.449401899999931 ], [ -47.518295, -23.449397899999951 ], [ -47.518372799999952, -23.449384299999956 ], [ -47.518537399999957, -23.449692599999931 ], [ -47.518718699999972, -23.450012099999988 ], [ -47.518811599999935, -23.450184199999956 ], [ -47.518896299999945, -23.450270499999942 ], [ -47.519050799999945, -23.450325699999951 ], [ -47.519209599999954, -23.450370699999958 ], [ -47.51955369999996, -23.450479799999979 ], [ -47.519689299999982, -23.450511599999967 ], [ -47.519812599999966, -23.450514299999949 ], [ -47.519915099999942, -23.450506299999972 ], [ -47.520815199999959, -23.450338199999969 ], [ -47.522340799999938, -23.450049099999944 ], [ -47.523737499999982, -23.449870599999937 ], [ -47.523765099999942, -23.449668199999966 ], [ -47.523797299999963, -23.44952109999997 ], [ -47.523912299999957, -23.449337199999942 ], [ -47.523992499999956, -23.449196499999967 ], [ -47.523981299999946, -23.449029099999962 ], [ -47.523944499999971, -23.44889109999998 ], [ -47.52388469999994, -23.448702599999933 ], [ -47.523843299999953, -23.448504799999967 ], [ -47.523806499999985, -23.448412899999923 ], [ -47.523677799999973, -23.448201299999937 ], [ -47.523535199999969, -23.448022 ], [ -47.523291499999971, -23.447773699999974 ], [ -47.523130499999979, -23.44764489999994 ], [ -47.522969599999954, -23.447493199999951 ], [ -47.522822399999932, -23.447359799999962 ], [ -47.522684499999968, -23.447198799999967 ], [ -47.522679899999957, -23.447070099999959 ], [ -47.52266149999997, -23.446904499999956 ], [ -47.522560299999945, -23.44675739999996 ], [ -47.522404, -23.446610199999949 ], [ -47.522270599999956, -23.446527499999945 ], [ -47.5221327, -23.446375699999965 ], [ -47.52195329999995, -23.446136599999924 ], [ -47.52182, -23.445796299999923 ], [ -47.521842899999967, -23.44552039999996 ], [ -47.521842899999967, -23.445299699999971 ], [ -47.521829199999964, -23.445060499999947 ], [ -47.52182, -23.444849 ], [ -47.52178779999997, -23.444697299999969 ], [ -47.521700399999979, -23.444513299999976 ], [ -47.52157619999997, -23.444407499999954 ], [ -47.521438299999943, -23.444261599999955 ], [ -47.521370499999932, -23.444123199999975 ], [ -47.521352099999952, -23.44408569999996 ], [ -47.52130939999995, -23.44403919999996 ], [ -47.521302299999938, -23.444009399999977 ], [ -47.521287599999937, -23.443924699999958 ], [ -47.521297399999987, -23.44369509999996 ], [ -47.521317, -23.443302199999948 ], [ -47.521223699999958, -23.442840499999928 ], [ -47.52117949999996, -23.442712799999988 ], [ -47.521100899999965, -23.442614499999927 ], [ -47.520929, -23.442536 ], [ -47.52069819999997, -23.442486799999976 ], [ -47.52041329999998, -23.442496699999928 ], [ -47.520359299999939, -23.442477 ], [ -47.52032, -23.442418099999948 ], [ -47.52032, -23.442354199999944 ], [ -47.520418199999938, -23.442059499999971 ], [ -47.520521399999943, -23.441912199999926 ], [ -47.520752199999947, -23.441661699999944 ], [ -47.520796399999938, -23.441543799999973 ], [ -47.520786599999951, -23.441455399999946 ], [ -47.520757099999969, -23.441416099999962 ], [ -47.520678499999974, -23.44133259999996 ], [ -47.520609799999939, -23.441268799999932 ], [ -47.520550799999967, -23.441175399999963 ], [ -47.520541, -23.441092 ], [ -47.520541, -23.440870899999933 ], [ -47.520575399999984, -23.440635199999964 ], [ -47.5205754, -23.440468199999945 ], [ -47.520550799999967, -23.44032569999996 ], [ -47.52052139999995, -23.440242299999973 ], [ -47.520482099999988, -23.440173499999961 ], [ -47.520369099999982, -23.44009 ], [ -47.52032, -23.44004579999995 ], [ -47.52032, -23.439986899999955 ], [ -47.520334699999985, -23.439923 ], [ -47.520398599999965, -23.439839499999952 ], [ -47.520477199999959, -23.439731499999937 ], [ -47.520580299999949, -23.439584099999934 ], [ -47.520830799999935, -23.439029099999971 ], [ -47.52089459999997, -23.438930899999942 ], [ -47.520953599999984, -23.438871899999977 ], [ -47.521002699999947, -23.438867 ], [ -47.521051799999952, -23.43887189999997 ], [ -47.521140199999927, -23.438891599999966 ], [ -47.521292499999959, -23.438926 ], [ -47.521341599999971, -23.438911199999954 ], [ -47.521361199999944, -23.438857199999966 ], [ -47.521385799999962, -23.438277599999942 ], [ -47.521336699999949, -23.43805169999996 ], [ -47.521189299999953, -23.43766369999997 ], [ -47.521046899999938, -23.437457399999971 ], [ -47.520988, -23.437369 ], [ -47.520943799999941, -23.437339499999954 ], [ -47.520884799999983, -23.437319899999963 ], [ -47.520860299999981, -23.437280599999944 ], [ -47.520845499999957, -23.437231499999935 ], [ -47.520889699999941, -23.437005499999938 ], [ -47.520875, -23.436912199999938 ], [ -47.520850399999972, -23.436858199999964 ], [ -47.520825899999977, -23.436809099999945 ], [ -47.52080129999996, -23.436769799999979 ], [ -47.520752199999947, -23.436745199999969 ], [ -47.52072759999993, -23.436725599999928 ], [ -47.520708, -23.436691199999935 ], [ -47.520712899999978, -23.43663719999995 ], [ -47.520722699999958, -23.436602799999939 ], [ -47.520757099999976, -23.436548799999976 ], [ -47.52080129999996, -23.436455399999947 ], [ -47.520786599999951, -23.436406299999927 ], [ -47.520752199999947, -23.436347399999928 ], [ -47.520712899999978, -23.436337599999945 ], [ -47.520658899999944, -23.43634249999997 ], [ -47.520590099999936, -23.436308099999962 ], [ -47.520560599999953, -23.436288499999932 ], [ -47.520531199999944, -23.436249199999967 ], [ -47.520531199999944, -23.436160799999978 ], [ -47.520565599999948, -23.43610179999996 ], [ -47.521194199999968, -23.435566499999922 ], [ -47.521705, -23.435399499999964 ], [ -47.521783599999942, -23.435379799999961 ], [ -47.521891699999969, -23.435379799999964 ], [ -47.522004599999953, -23.435379799999957 ], [ -47.522132299999953, -23.435355299999966 ], [ -47.522427, -23.435207899999956 ], [ -47.52249089999998, -23.435149 ], [ -47.52253509999997, -23.435075299999934 ], [ -47.522549799999986, -23.43454979999996 ], [ -47.522515399999982, -23.434461399999975 ], [ -47.522486, -23.434417099999965 ], [ -47.522088099999962, -23.434048799999974 ], [ -47.521999699999981, -23.433984899999935 ], [ -47.521867099999952, -23.433970199999976 ], [ -47.521744299999966, -23.433940699999944 ], [ -47.521685399999967, -23.433891599999978 ], [ -47.521641199999983, -23.433822899999953 ], [ -47.521641199999976, -23.433773699999961 ], [ -47.521641199999976, -23.433709899999943 ], [ -47.521646099999948, -23.433646 ], [ -47.52166079999995, -23.433606699999913 ], [ -47.521695199999954, -23.433547799999925 ], [ -47.521729599999965, -23.433503599999931 ], [ -47.52175909999994, -23.433454499999989 ], [ -47.521773799999949, -23.433410299999938 ], [ -47.521754199999975, -23.433356299999961 ], [ -47.521739399999944, -23.433331699999936 ], [ -47.521695199999954, -23.433287499999938 ], [ -47.521631399999933, -23.433262899999932 ], [ -47.521567499999946, -23.43326779999995 ], [ -47.521312099999939, -23.43326779999995 ], [ -47.521248299999968, -23.433248199999984 ], [ -47.521199199999948, -23.433204 ], [ -47.521169699999973, -23.433159799999927 ], [ -47.52115, -23.433086099999979 ], [ -47.52115, -23.433017399999979 ], [ -47.521164799999951, -23.43295349999994 ], [ -47.521199199999955, -23.432899499999966 ], [ -47.521263, -23.432855299999968 ], [ -47.521346499999943, -23.432801199999968 ], [ -47.521420199999959, -23.432771799999951 ], [ -47.521479099999965, -23.432742299999965 ], [ -47.521729599999958, -23.43237889999995 ], [ -47.52175909999994, -23.432315 ], [ -47.521768899999984, -23.43226339999995 ], [ -47.521827799999976, -23.431816499999965 ], [ -47.521876899999938, -23.431742799999942 ], [ -47.521940799999989, -23.43171819999997 ], [ -47.522014499999962, -23.431728099999926 ], [ -47.522063599999967, -23.431733 ], [ -47.522122499999973, -23.43173789999998 ], [ -47.522196199999946, -23.431767399999956 ], [ -47.522314099999967, -23.431826299999948 ], [ -47.522456499999976, -23.431890199999941 ], [ -47.522559699999938, -23.431909799999975 ], [ -47.522741399999973, -23.431880299999925 ], [ -47.522824899999939, -23.431831199999984 ], [ -47.522859299999944, -23.431801699999937 ], [ -47.522869099999987, -23.43171819999997 ], [ -47.522859299999929, -23.431639699999952 ], [ -47.52282, -23.431585599999948 ], [ -47.522707, -23.431516899999959 ], [ -47.52263819999996, -23.431477599999944 ], [ -47.522623499999959, -23.431413699999958 ], [ -47.522633299999946, -23.431364599999938 ], [ -47.522682399999958, -23.431305699999932 ], [ -47.522731599999986, -23.431281099999975 ], [ -47.522849399999984, -23.431257799999972 ], [ -47.523109699999971, -23.431306899999985 ], [ -47.523252199999945, -23.431346199999947 ], [ -47.523350399999977, -23.431326599999984 ], [ -47.523419199999978, -23.431287299999937 ], [ -47.523448599999938, -23.4311939 ], [ -47.523438799999958, -23.431051499999967 ], [ -47.523281599999954, -23.430609499999946 ], [ -47.523198199999975, -23.430462099999943 ], [ -47.523099899999977, -23.430378599999987 ], [ -47.522928, -23.430295099999963 ], [ -47.522623499999959, -23.430196899999924 ], [ -47.5224123, -23.430138 ], [ -47.522220799999957, -23.429971 ], [ -47.522152, -23.429784299999927 ], [ -47.52209309999995, -23.429484699999939 ], [ -47.522122499999966, -23.429278399999934 ], [ -47.522186399999953, -23.429140899999936 ], [ -47.52226, -23.429086899999955 ], [ -47.522432, -23.42898869999993 ], [ -47.523084, -23.428784099999977 ], [ -47.522820499999966, -23.428628799999963 ], [ -47.52245809999993, -23.428421699999948 ], [ -47.522044, -23.42810639999993 ], [ -47.521756899999957, -23.427894699999964 ], [ -47.521559299999979, -23.427697 ], [ -47.521427499999959, -23.427659399999982 ], [ -47.521267499999965, -23.427664099999951 ], [ -47.52114279999995, -23.427675799999964 ], [ -47.520898099999954, -23.427685299999951 ], [ -47.520676899999955, -23.427699399999945 ], [ -47.520451, -23.427680599999967 ], [ -47.520239299999965, -23.427675799999982 ], [ -47.520084, -23.427722899999942 ], [ -47.51992869999998, -23.427887599999963 ], [ -47.519745099999966, -23.428231199999971 ], [ -47.519613399999969, -23.428631199999934 ], [ -47.519406299999957, -23.429167599999964 ], [ -47.519218099999939, -23.42965709999994 ], [ -47.519053399999962, -23.429925299999979 ], [ -47.518921599999942, -23.430188799999939 ], [ -47.518728699999947, -23.43065469999992 ], [ -47.518606299999938, -23.431083 ], [ -47.518498099999938, -23.431619399999928 ], [ -47.518446299999944, -23.431958299999952 ], [ -47.518366299999968, -23.432224099999935 ], [ -47.518309799999948, -23.432487699999978 ], [ -47.518253399999935, -23.432727699999926 ], [ -47.518173299999944, -23.432901799999964 ], [ -47.518046299999988, -23.433024199999988 ], [ -47.517815699999971, -23.433184199999975 ], [ -47.517552199999962, -23.433433599999944 ], [ -47.517288599999972, -23.433631199999983 ], [ -47.517105099999981, -23.433725299999928 ], [ -47.516949799999971, -23.433885299999929 ], [ -47.516846299999933, -23.43406419999997 ], [ -47.516686299999954, -23.4342195 ], [ -47.516512199999966, -23.434379499999984 ], [ -47.516378499999973, -23.434441499999931 ], [ -47.516340499999963, -23.434459199999942 ], [ -47.516280899999963, -23.434494699999952 ], [ -47.516234699999984, -23.4346068 ], [ -47.516133599999932, -23.434741599999946 ], [ -47.515253699999967, -23.435333299999964 ], [ -47.51508519999993, -23.435411899999952 ], [ -47.514920399999944, -23.43547929999994 ], [ -47.514845499999979, -23.435483099999939 ], [ -47.514770599999963, -23.435486799999978 ], [ -47.514669499999968, -23.435441899999944 ], [ -47.514632099999972, -23.435393199999961 ], [ -47.514575899999961, -23.435359499999958 ], [ -47.514538499999965, -23.435089899999983 ], [ -47.514508499999977, -23.43482779999994 ], [ -47.514486099999949, -23.434565599999917 ], [ -47.514501, -23.434198699999968 ], [ -47.514703199999985, -23.433487199999934 ], [ -47.515002799999941, -23.432700899999929 ], [ -47.515047699999968, -23.432528599999966 ], [ -47.515092699999968, -23.432146699999976 ], [ -47.515122599999984, -23.431674899999951 ], [ -47.51518249999998, -23.431083299999955 ], [ -47.515249899999965, -23.430881099999958 ], [ -47.515317299999936, -23.430678799999949 ], [ -47.515422199999939, -23.430491599999979 ], [ -47.515579499999944, -23.430267 ], [ -47.515699299999937, -23.429997299999968 ], [ -47.515706799999975, -23.429840099999971 ], [ -47.515654299999944, -23.429652899999958 ], [ -47.515564499999982, -23.429525499999961 ], [ -47.515497099999948, -23.429398199999973 ], [ -47.515467099999974, -23.429136099999937 ], [ -47.515227499999988, -23.428559499999949 ], [ -47.515122599999984, -23.428342299999937 ], [ -47.514815599999963, -23.428072699999966 ], [ -47.514418699999958, -23.427878 ], [ -47.514238899999953, -23.427758099999945 ], [ -47.513946799999985, -23.427466099999954 ], [ -47.513684699999935, -23.427271299999965 ], [ -47.513400099999956, -23.427189 ], [ -47.511438, -23.427069099999986 ], [ -47.509812899999986, -23.427046699999941 ], [ -47.509558299999973, -23.42699419999996 ], [ -47.508861799999977, -23.426814499999974 ], [ -47.508433699999962, -23.42671549999994 ], [ -47.508101699999933, -23.426593399999945 ], [ -47.507814699999983, -23.42646649999994 ], [ -47.507578699999961, -23.426326499999952 ], [ -47.507381699999947, -23.426186399999942 ], [ -47.507196699999952, -23.425950499999949 ], [ -47.50713769999993, -23.425581499999961 ], [ -47.507144699999976, -23.425282399999944 ], [ -47.507365199999981, -23.424768699999962 ], [ -47.507633099999971, -23.424192199999933 ], [ -47.507746799999957, -23.423583199999936 ], [ -47.507944699999939, -23.423083499999958 ], [ -47.508185099999935, -23.422712699999984 ], [ -47.508281699999941, -23.422426799999972 ], [ -47.508332299999957, -23.421911699999949 ], [ -47.508240299999962, -23.421516299999954 ], [ -47.508061, -23.421065599999967 ], [ -47.507760899999937, -23.420728399999966 ], [ -47.507440799999983, -23.420491 ], [ -47.50712869999996, -23.420363099999971 ], [ -47.50695, -23.420330699999973 ], [ -47.506803899999966, -23.420330699999962 ], [ -47.506657699999955, -23.420371299999935 ], [ -47.506600899999967, -23.42045249999995 ], [ -47.506446599999954, -23.420623 ], [ -47.506284199999982, -23.420858399999929 ], [ -47.506097399999931, -23.421037099999975 ], [ -47.505878199999984, -23.421150799999975 ], [ -47.505659, -23.42118319999997 ], [ -47.505415399999947, -23.42129689999997 ], [ -47.505082499999965, -23.421516199999921 ], [ -47.504814499999952, -23.421776 ], [ -47.504725199999939, -23.421970899999955 ], [ -47.504644, -23.422255099999962 ], [ -47.504692699999964, -23.422588 ], [ -47.504733299999948, -23.423067099999962 ], [ -47.504798299999948, -23.423554299999982 ], [ -47.504830699999964, -23.423765399999976 ], [ -47.50480639999995, -23.423887199999964 ], [ -47.50471709999993, -23.423952099999951 ], [ -47.504457199999933, -23.423992699999925 ], [ -47.50421359999995, -23.423992699999932 ], [ -47.503669599999974, -23.423773499999982 ], [ -47.503369199999952, -23.423505499999969 ], [ -47.503028099999931, -23.423156399999989 ], [ -47.502833199999934, -23.422994 ], [ -47.502630199999942, -23.422831599999938 ], [ -47.50244349999997, -23.422766599999921 ], [ -47.502208, -23.422782899999955 ], [ -47.501931899999938, -23.422872199999979 ], [ -47.501834599999931, -23.423089499999943 ], [ -47.50160319999997, -23.423292499999938 ], [ -47.50156259999995, -23.42337369999996 ], [ -47.501546299999973, -23.423560499999951 ], [ -47.50147329999993, -23.423633499999944 ], [ -47.501306799999959, -23.423718799999953 ], [ -47.501209399999937, -23.42378779999995 ], [ -47.501091599999938, -23.423913699999961 ], [ -47.50101849999993, -23.423986799999973 ], [ -47.500949499999933, -23.424019199999975 ], [ -47.500876499999954, -23.424019199999972 ], [ -47.500775, -23.423958299999978 ], [ -47.500701899999967, -23.423905599999955 ], [ -47.500641, -23.423881199999975 ], [ -47.500527299999931, -23.423885299999935 ], [ -47.500446099999976, -23.423946199999932 ], [ -47.500360799999946, -23.424031399999937 ], [ -47.500348699999968, -23.424128899999971 ], [ -47.50040139999993, -23.424299399999935 ], [ -47.500490799999973, -23.424441499999936 ], [ -47.5006044, -23.424534899999959 ], [ -47.50071, -23.42461609999997 ], [ -47.500900799999954, -23.42466479999996 ], [ -47.501193099999966, -23.424701299999978 ], [ -47.501396099999965, -23.424725699999946 ], [ -47.501554499999941, -23.424770299999977 ], [ -47.501668099999961, -23.424819099999983 ], [ -47.501708699999945, -23.424888099999972 ], [ -47.501692499999933, -23.425030199999973 ], [ -47.501647799999951, -23.425176299999976 ], [ -47.501591, -23.425334699999951 ], [ -47.5015504, -23.425403699999933 ], [ -47.501428599999947, -23.425533599999927 ], [ -47.501343299999974, -23.425700099999975 ], [ -47.50129459999993, -23.425854299999976 ], [ -47.501310899999964, -23.426012699999937 ], [ -47.50128239999998, -23.426146699999943 ], [ -47.501241799999946, -23.426231899999944 ], [ -47.501170899999977, -23.426282899999922 ], [ -47.501063199999976, -23.426288799999952 ], [ -47.500990099999967, -23.426321199999968 ], [ -47.500900799999954, -23.42641059999994 ], [ -47.500868299999979, -23.426536399999978 ], [ -47.500864299999932, -23.426743499999933 ], [ -47.500908899999956, -23.426885599999935 ], [ -47.500908899999963, -23.427027699999943 ], [ -47.500852099999975, -23.427173799999931 ], [ -47.500775, -23.427251 ], [ -47.500689699999953, -23.427279399999971 ], [ -47.500559799999962, -23.427368699999931 ], [ -47.500466399999944, -23.42746609999995 ], [ -47.50023089999997, -23.427673199999955 ], [ -47.500040099999985, -23.427758499999982 ], [ -47.499796499999952, -23.427803099999959 ], [ -47.49952449999995, -23.427876199999961 ], [ -47.499268699999966, -23.427989899999954 ], [ -47.499110399999957, -23.428087299999959 ], [ -47.499057599999958, -23.428205099999957 ], [ -47.499024899999938, -23.428409499999933 ], [ -47.499000799999969, -23.428631299999935 ], [ -47.498927699999975, -23.428777499999967 ], [ -47.498911399999947, -23.428838399999965 ], [ -47.498874899999976, -23.428915499999956 ], [ -47.498790299999939, -23.428974899999957 ], [ -47.498724699999961, -23.428980499999966 ], [ -47.498671899999984, -23.429045499999976 ], [ -47.49865089999998, -23.429212 ], [ -47.498651599999967, -23.429378399999962 ], [ -47.498647499999947, -23.42956109999994 ], [ -47.49860689999997, -23.429707199999946 ], [ -47.498537899999981, -23.429922399999942 ], [ -47.498444499999948, -23.430117299999949 ], [ -47.49835929999994, -23.430434 ], [ -47.498314599999951, -23.43062879999998 ], [ -47.498217199999949, -23.43083589999998 ], [ -47.498196899999989, -23.431038899999972 ], [ -47.498213099999923, -23.431266299999947 ], [ -47.498222, -23.431389 ], [ -47.498180599999955, -23.431465199999934 ], [ -47.498010699999952, -23.431671799999943 ], [ -47.497807099999939, -23.431753499999953 ], [ -47.497685299999944, -23.43184679999996 ], [ -47.49761629999994, -23.431919899999972 ], [ -47.49746609999994, -23.432062 ], [ -47.497389, -23.432212199999984 ], [ -47.497352399999961, -23.432358399999934 ], [ -47.497299599999963, -23.432431499999957 ], [ -47.497149399999955, -23.432589799999946 ], [ -47.497023599999984, -23.432752199999985 ], [ -47.496893599999972, -23.432959299999936 ], [ -47.496739399999967, -23.433170399999934 ], [ -47.496585099999947, -23.433312499999943 ], [ -47.496414599999987, -23.433454599999951 ], [ -47.496284599999967, -23.433515499999942 ], [ -47.496146599999975, -23.433511399999922 ], [ -47.496057299999961, -23.433450499999942 ], [ -47.495947699999938, -23.433405899999972 ], [ -47.495854299999962, -23.433393699999957 ], [ -47.495797399999958, -23.433426199999928 ], [ -47.495728399999969, -23.433539799999938 ], [ -47.495655299999946, -23.433694099999965 ], [ -47.495541699999933, -23.43382 ], [ -47.495463299999976, -23.433872899999983 ], [ -47.493143, -23.433442099999976 ], [ -47.490261399999952, -23.432960299999927 ], [ -47.488445899999931, -23.434031499999936 ], [ -47.488034599999928, -23.43397 ], [ -47.486184299999934, -23.433695599999972 ], [ -47.484517499999981, -23.43344849999994 ], [ -47.483959099999943, -23.433058799999973 ], [ -47.483092799999959, -23.432454199999942 ], [ -47.481082699999952, -23.431116299999932 ], [ -47.481053099999947, -23.431096 ], [ -47.481317799999943, -23.430898399999936 ], [ -47.48143529999993, -23.430810599999969 ], [ -47.48142729999995, -23.430775299999933 ], [ -47.481404099999963, -23.430731299999938 ], [ -47.481287399999985, -23.430623299999976 ], [ -47.481138599999959, -23.430512399999934 ], [ -47.480651199999954, -23.43022059999992 ], [ -47.480584099999923, -23.430173899999932 ], [ -47.48052279999996, -23.430153499999964 ], [ -47.480481899999972, -23.430150499999964 ], [ -47.48043819999998, -23.430156399999934 ], [ -47.480403099999933, -23.430197199999949 ], [ -47.480344799999948, -23.4302527 ], [ -47.480041299999982, -23.430494899999928 ], [ -47.479933299999971, -23.430582499999957 ], [ -47.479863199999947, -23.430632099999958 ], [ -47.479752399999931, -23.430696299999962 ], [ -47.479588899999953, -23.430775099999941 ], [ -47.479332099999965, -23.430883 ], [ -47.479177399999976, -23.430947199999927 ], [ -47.479084, -23.430993899999976 ], [ -47.478920599999988, -23.431066899999944 ], [ -47.478812599999976, -23.431113599999939 ], [ -47.478690099999938, -23.431177799999944 ], [ -47.478512, -23.431291599999941 ], [ -47.479627, -23.432299099999977 ], [ -47.479659599999934, -23.43232549999993 ], [ -47.479353099999969, -23.432678699999929 ], [ -47.479316099999956, -23.432661799999941 ], [ -47.478832599999976, -23.432562599999986 ], [ -47.478778499999976, -23.432582 ], [ -47.478716599999984, -23.432597399999963 ], [ -47.4786625, -23.432655399999931 ], [ -47.47830289999996, -23.43307689999995 ], [ -47.478252599999962, -23.433138699999976 ], [ -47.478194599999938, -23.433165799999987 ], [ -47.475097499999947, -23.432458199999921 ], [ -47.474513599999966, -23.434476599999975 ], [ -47.474107599999968, -23.434318099999917 ], [ -47.473953, -23.434263899999959 ], [ -47.473748, -23.434202099999929 ], [ -47.471103299999982, -23.433606599999965 ], [ -47.47046169999993, -23.433584099999962 ], [ -47.470368, -23.434499 ], [ -47.469731, -23.434404 ], [ -47.469885, -23.433586 ], [ -47.469917, -23.433565 ], [ -47.469980599999985, -23.433522399999966 ], [ -47.470015099999955, -23.433487899999935 ], [ -47.470125799999948, -23.433299199999965 ], [ -47.470143899999989, -23.433288299999955 ], [ -47.470198399999958, -23.433295599999948 ], [ -47.470247399999948, -23.433282899999934 ], [ -47.470271, -23.433266499999938 ], [ -47.470401599999953, -23.432956199999982 ], [ -47.470410699999952, -23.432921799999971 ], [ -47.470405299999975, -23.432872799999927 ], [ -47.470378, -23.432831 ], [ -47.470347199999942, -23.432803799999935 ], [ -47.470187499999952, -23.432727599999954 ], [ -47.470129399999969, -23.432711299999941 ], [ -47.470033299999962, -23.432702199999934 ], [ -47.469900799999948, -23.43267319999995 ], [ -47.469692099999982, -23.432620499999928 ], [ -47.469390899999951, -23.432531599999944 ], [ -47.469370899999937, -23.432511699999964 ], [ -47.469276599999951, -23.432266699999964 ], [ -47.469181299999946, -23.431889199999944 ], [ -47.469165, -23.431854799999936 ], [ -47.469103299999972, -23.431822099999977 ], [ -47.469067, -23.431813 ], [ -47.469023399999969, -23.431813 ], [ -47.468874599999943, -23.431836599999929 ], [ -47.468851, -23.431833 ], [ -47.468805699999962, -23.431773099999926 ], [ -47.468789299999969, -23.431727699999946 ], [ -47.468756699999972, -23.43169329999996 ], [ -47.468724, -23.431675099999957 ], [ -47.468664099999963, -23.431662399999929 ], [ -47.468530699999974, -23.431233199999951 ], [ -47.46855069999998, -23.431216 ], [ -47.468556099999951, -23.43118879999998 ], [ -47.46855069999998, -23.431152499999936 ], [ -47.468469, -23.430878499999952 ], [ -47.468730299999947, -23.430820399999956 ], [ -47.468626899999947, -23.430370399999966 ], [ -47.468264, -23.430384899999975 ], [ -47.468022, -23.429708 ], [ -47.468449699999958, -23.42981149999996 ], [ -47.46877029999996, -23.429833299999927 ], [ -47.468832, -23.42973649999993 ], [ -47.468910599999958, -23.429216899999972 ], [ -47.468221, -23.429133399999952 ], [ -47.468271899999941, -23.42901 ], [ -47.468688, -23.428826099999988 ], [ -47.468995299999968, -23.428261199999955 ], [ -47.469261199999956, -23.427322299999958 ], [ -47.469341099999951, -23.427311399999947 ], [ -47.469431799999938, -23.427276899999981 ], [ -47.469526199999962, -23.427204299999978 ], [ -47.469602399999978, -23.427115399999938 ], [ -47.469638699999962, -23.426997399999951 ], [ -47.469664099999925, -23.426865 ], [ -47.469626, -23.426743399999967 ], [ -47.469557, -23.426645399999916 ], [ -47.469471699999986, -23.426591 ], [ -47.469554199999948, -23.426269899999955 ], [ -47.470483299999962, -23.42282449999993 ], [ -47.468788, -23.422425299999933 ], [ -47.468727099999967, -23.422385 ], [ -47.468841199999979, -23.422316499999972 ], [ -47.469035199999944, -23.421882899999968 ], [ -47.469195, -23.421312299999954 ], [ -47.469252099999956, -23.421027 ], [ -47.469343399999957, -23.420810199999949 ], [ -47.469366199999975, -23.420639 ], [ -47.469284699999946, -23.415315799999981 ], [ -47.469285599999978, -23.414928399999948 ], [ -47.469283199999957, -23.41483049999993 ], [ -47.469253899999956, -23.41478989999996 ], [ -47.469191599999931, -23.414706199999959 ], [ -47.469106499999953, -23.414637299999978 ], [ -47.469001199999987, -23.414572499999959 ], [ -47.468847199999978, -23.414511699999935 ], [ -47.467607099999952, -23.414098399999936 ], [ -47.467428799999936, -23.414045699999981 ], [ -47.467282899999923, -23.41400919999996 ], [ -47.466472399999937, -23.413875499999961 ], [ -47.465641699999935, -23.413806599999937 ], [ -47.46553229999995, -23.413774199999981 ], [ -47.46541069999995, -23.413709299999933 ], [ -47.465319499999964, -23.413810599999969 ], [ -47.465279, -23.413875499999961 ], [ -47.46522959999993, -23.414014099999974 ], [ -47.465495099999941, -23.414650199999972 ], [ -47.465565199999958, -23.414830599999959 ], [ -47.46568039999994, -23.415251299999973 ], [ -47.465773099999979, -23.415797299999952 ], [ -47.465785599999947, -23.416333199999933 ], [ -47.465677899999953, -23.416583599999964 ], [ -47.465592699999952, -23.416806499999943 ], [ -47.465372399999985, -23.417312399999954 ], [ -47.46522959999993, -23.417542799999971 ], [ -47.465121899999986, -23.417675499999977 ], [ -47.464643599999938, -23.417948499999962 ], [ -47.464548399999956, -23.418013599999934 ], [ -47.463964899999958, -23.418389299999934 ], [ -47.463635599999982, -23.418573399999953 ], [ -47.463570399999981, -23.418621 ], [ -47.463534099999954, -23.418669799999975 ], [ -47.46352539999998, -23.418729899999967 ], [ -47.463547899999973, -23.418822599999931 ], [ -47.463673099999937, -23.418882699999987 ], [ -47.465720499999975, -23.419533799999954 ], [ -47.466386599999964, -23.419734199999933 ], [ -47.466266399999938, -23.420215 ], [ -47.46613119999995, -23.420700899999925 ], [ -47.465357299999944, -23.420549799999947 ], [ -47.465262799999948, -23.420544399999972 ], [ -47.465219599999955, -23.42055519999996 ], [ -47.464538799999957, -23.420938899999946 ], [ -47.464484699999957, -23.420992899999924 ], [ -47.464436099999944, -23.421071199999965 ], [ -47.464351699999952, -23.421344499999972 ], [ -47.464269699999939, -23.421325599999932 ], [ -47.462678899999958, -23.42095849999998 ], [ -47.4626684, -23.420848599999943 ], [ -47.462626199999931, -23.420824 ], [ -47.462584, -23.420812 ], [ -47.462509699999941, -23.420818 ], [ -47.462333, -23.42093049999994 ], [ -47.462311, -23.420951799999941 ], [ -47.462304899999936, -23.420978699999971 ], [ -47.462304899999943, -23.421038899999925 ], [ -47.462300899999953, -23.421069099999958 ], [ -47.462280799999981, -23.421119299999926 ], [ -47.46157379999994, -23.421934699999959 ], [ -47.461595899999963, -23.422394599999961 ], [ -47.461842899999972, -23.422399799999937 ], [ -47.461882799999955, -23.422416599999966 ], [ -47.461909199999987, -23.422434799999955 ], [ -47.461922099999974, -23.422856899999942 ], [ -47.461941299999978, -23.422908799999963 ], [ -47.461987899999947, -23.422934099999967 ], [ -47.462355799999962, -23.422998399999983 ], [ -47.462402299999951, -23.423006599999951 ], [ -47.462439399999937, -23.423031299999934 ], [ -47.4624616, -23.423084199999948 ], [ -47.462455, -23.423771399999964 ], [ -47.462465299999963, -23.423821599999933 ], [ -47.462481199999957, -23.423872799999963 ], [ -47.462716599999965, -23.423866799999924 ], [ -47.462802, -23.423860799999954 ], [ -47.463014799999939, -23.423856799999939 ], [ -47.463051, -23.423852699999941 ], [ -47.46311129999998, -23.42383869999998 ], [ -47.463167099999964, -23.423808799999975 ], [ -47.463197599999944, -23.423772399999965 ], [ -47.463219699999968, -23.423744299999949 ], [ -47.463476799999967, -23.423724199999981 ], [ -47.46431229999996, -23.424174099999952 ], [ -47.464131499999944, -23.424648099999963 ], [ -47.464521199999979, -23.424873 ], [ -47.464473, -23.42537109999995 ], [ -47.4645412, -23.425403199999955 ], [ -47.464782299999968, -23.425318899999972 ], [ -47.465189899999984, -23.425467099999931 ], [ -47.465236199999936, -23.425483599999957 ], [ -47.465251399999943, -23.425575399999957 ], [ -47.465258, -23.425751499999926 ], [ -47.465246499999985, -23.425911199999984 ], [ -47.465184699999952, -23.426068899999965 ], [ -47.465064, -23.426188 ], [ -47.464922199999933, -23.426261599999965 ], [ -47.464758699999948, -23.426324899999937 ], [ -47.464693099999977, -23.426367699999957 ], [ -47.464627499999949, -23.426436199999944 ], [ -47.464584699999939, -23.426527499999956 ], [ -47.464463299999977, -23.426809199999976 ], [ -47.46427429999995, -23.427247899999937 ], [ -47.464079199999958, -23.42771759999993 ], [ -47.463878399999949, -23.428156 ], [ -47.463811499999963, -23.428302 ], [ -47.463706, -23.428430399999964 ], [ -47.463527799999952, -23.42854739999995 ], [ -47.463466299999943, -23.428581599999973 ], [ -47.463249499999954, -23.428684299999926 ], [ -47.462975599999943, -23.428752699999954 ], [ -47.462904599999945, -23.428752699999958 ], [ -47.462290899999978, -23.428752699999972 ], [ -47.462176799999952, -23.428775599999938 ], [ -47.462096899999949, -23.428821199999952 ], [ -47.461970099999981, -23.429016399999963 ], [ -47.461156899999942, -23.428583699999937 ], [ -47.460487799999953, -23.428227799999945 ], [ -47.460514799999949, -23.428175799999963 ], [ -47.460567799999971, -23.428073499999972 ], [ -47.4606, -23.427981599999953 ], [ -47.46061839999993, -23.427875799999974 ], [ -47.460609199999972, -23.427618299999956 ], [ -47.460610299999985, -23.427134699999947 ], [ -47.4606, -23.427057199999975 ], [ -47.460549399999934, -23.427011299999947 ], [ -47.459565299999952, -23.426385899999953 ], [ -47.461036899999954, -23.424362499999962 ], [ -47.461069399999985, -23.424382599999941 ], [ -47.46173669999996, -23.424889499999949 ], [ -47.461629399999943, -23.424305499999942 ], [ -47.461555, -23.424233199999946 ], [ -47.461543799999959, -23.423906899999956 ], [ -47.461520899999989, -23.423848399999933 ], [ -47.461490499999968, -23.423802799999979 ], [ -47.461447, -23.423755199999956 ], [ -47.461389, -23.423703599999946 ], [ -47.461335799999972, -23.423663899999955 ], [ -47.461242899999945, -23.423596299999922 ], [ -47.46116, -23.423551499999981 ], [ -47.461077399999965, -23.423522899999973 ], [ -47.461012399999959, -23.423519499999941 ], [ -47.460966299999932, -23.42352139999997 ], [ -47.460922599999947, -23.423527 ], [ -47.460857799999985, -23.423531399999945 ], [ -47.460819599999979, -23.423519299999949 ], [ -47.460803499999948, -23.423489 ], [ -47.460775, -23.423448499999946 ], [ -47.46071239999997, -23.42334 ], [ -47.460571799999968, -23.423159899999977 ], [ -47.460162, -23.423655199999921 ], [ -47.460128899999972, -23.423683499999978 ], [ -47.45979989999995, -23.423452 ], [ -47.458268599999947, -23.422353 ], [ -47.456912, -23.421345899999952 ], [ -47.455340399999947, -23.42020019999995 ], [ -47.455153, -23.420154 ], [ -47.455063, -23.420246 ], [ -47.455084, -23.420437 ], [ -47.45511, -23.420601 ], [ -47.455027, -23.420809 ], [ -47.45496, -23.420906 ], [ -47.454898, -23.420981 ], [ -47.454774, -23.421084 ], [ -47.454545, -23.421188 ], [ -47.454235, -23.421199 ], [ -47.453987, -23.42116 ], [ -47.453762, -23.421116 ], [ -47.453565, -23.421055 ], [ -47.453369, -23.421021 ], [ -47.453126, -23.420945 ], [ -47.45306, -23.420803 ], [ -47.453166, -23.420653 ], [ -47.453417, -23.420527 ], [ -47.453736, -23.420336 ], [ -47.453765, -23.42007 ], [ -47.453618, -23.41986 ], [ -47.453372, -23.419662 ], [ -47.453157, -23.419543 ], [ -47.452958, -23.419339 ], [ -47.452829, -23.419193 ], [ -47.452713, -23.419152 ], [ -47.452618, -23.419318 ], [ -47.452569, -23.419462 ], [ -47.452403, -23.419518 ], [ -47.452287, -23.419477 ], [ -47.452134, -23.419251 ], [ -47.45198, -23.419052 ], [ -47.451749, -23.41896 ], [ -47.45158, -23.418867 ], [ -47.451372, -23.418823 ], [ -47.451135, -23.418763 ], [ -47.450987, -23.418839 ], [ -47.451082, -23.419008 ], [ -47.451187, -23.419102 ], [ -47.451253, -23.419207 ], [ -47.45122, -23.419292 ], [ -47.451064, -23.419268 ], [ -47.450965, -23.419222 ], [ -47.450849, -23.419155 ], [ -47.450576, -23.419016 ], [ -47.450355, -23.41886 ], [ -47.450242, -23.419005 ], [ -47.450141, -23.419118 ], [ -47.450049, -23.419157 ], [ -47.449901, -23.419223 ], [ -47.449798, -23.419224 ], [ -47.449652, -23.419126 ], [ -47.449516, -23.418953 ], [ -47.449367, -23.41895 ], [ -47.449295, -23.419094 ], [ -47.449293, -23.419291 ], [ -47.449197, -23.419435 ], [ -47.4491, -23.419458 ], [ -47.448973, -23.419444 ], [ -47.448849, -23.418618 ], [ -47.448644, -23.418733 ], [ -47.448448, -23.418736 ], [ -47.448297, -23.418659 ], [ -47.448157, -23.418539 ], [ -47.448126, -23.418417 ], [ -47.44824, -23.418373 ], [ -47.448411, -23.418301 ], [ -47.448524, -23.418167 ], [ -47.44859, -23.418017 ], [ -47.448593, -23.417836 ], [ -47.448538, -23.417689 ], [ -47.448501, -23.417525 ], [ -47.448452, -23.417048 ], [ -47.448638, -23.416848 ], [ -47.448579, -23.416759 ], [ -47.448486, -23.416744 ], [ -47.448382, -23.416709 ], [ -47.448289, -23.416657 ], [ -47.44824, -23.416515 ], [ -47.448215, -23.416398 ], [ -47.448156, -23.416309 ], [ -47.447979, -23.416052 ], [ -47.44777, -23.415954 ], [ -47.447558, -23.41601 ], [ -47.447353, -23.416104 ], [ -47.447197, -23.416106 ], [ -47.446948, -23.416015 ], [ -47.446727, -23.415869 ], [ -47.446545, -23.415687 ], [ -47.446352, -23.415483 ], [ -47.4462, -23.415347 ], [ -47.44606, -23.41528 ], [ -47.445864, -23.415251 ], [ -47.445687, -23.415281 ], [ -47.44559, -23.415372 ], [ -47.445483, -23.415491 ], [ -47.445516, -23.415724 ], [ -47.445564, -23.415813 ], [ -47.445692, -23.41588 ], [ -47.445812, -23.415873 ], [ -47.445945, -23.415908 ], [ -47.446131, -23.416001 ], [ -47.446214, -23.416111 ], [ -47.446274, -23.416238 ], [ -47.446254, -23.416397 ], [ -47.446192, -23.416504 ], [ -47.446045, -23.416639 ], [ -47.445793, -23.416707 ], [ -47.445541, -23.416727 ], [ -47.445385, -23.416687 ], [ -47.445232, -23.416519 ], [ -47.445107, -23.416325 ], [ -47.445018, -23.416151 ], [ -47.44486, -23.41601 ], [ -47.444657, -23.415913 ], [ -47.444549, -23.415983 ], [ -47.444493, -23.416096 ], [ -47.444408, -23.416161 ], [ -47.444293, -23.416136 ], [ -47.44422, -23.415946 ], [ -47.444127, -23.415857 ], [ -47.443924, -23.415781 ], [ -47.443728, -23.415757 ], [ -47.443584, -23.41577 ], [ -47.443436, -23.415831 ], [ -47.443473, -23.415958 ], [ -47.443555, -23.416031 ], [ -47.443557, -23.416153 ], [ -47.443446, -23.416404 ], [ -47.443261, -23.416672 ], [ -47.443184, -23.416833 ], [ -47.44306, -23.416962 ], [ -47.442963, -23.417033 ], [ -47.442813, -23.416977 ], [ -47.442782, -23.416882 ], [ -47.442803, -23.416759 ], [ -47.442812, -23.41661 ], [ -47.442838, -23.416461 ], [ -47.44279, -23.416372 ], [ -47.442698, -23.416378 ], [ -47.44262, -23.416502 ], [ -47.442525, -23.416657 ], [ -47.442395, -23.416803 ], [ -47.442212, -23.416853 ], [ -47.442, -23.41692 ], [ -47.442027, -23.417116 ], [ -47.441956, -23.417319 ], [ -47.441851, -23.417528 ], [ -47.441732, -23.417662 ], [ -47.441635, -23.417706 ], [ -47.441519, -23.417655 ], [ -47.441569, -23.417569 ], [ -47.441641, -23.417398 ], [ -47.441679, -23.41726 ], [ -47.44158, -23.417182 ], [ -47.441436, -23.417216 ], [ -47.441088, -23.417349 ], [ -47.44028, -23.417515 ], [ -47.440173, -23.41765 ], [ -47.440119, -23.417842 ], [ -47.440041, -23.41796 ], [ -47.439893, -23.418079 ], [ -47.439727, -23.418108 ], [ -47.439622, -23.418035 ], [ -47.439545, -23.41793 ], [ -47.439399, -23.4178 ], [ -47.439273, -23.417839 ], [ -47.439288, -23.41803 ], [ -47.439407, -23.418246 ], [ -47.439485, -23.418414 ], [ -47.439494, -23.418579 ], [ -47.439317, -23.418682 ], [ -47.439099, -23.418686 ], [ -47.438829, -23.418722 ], [ -47.438589, -23.41881 ], [ -47.438351, -23.418692 ], [ -47.438211, -23.418577 ], [ -47.438168, -23.418451 ], [ -47.438282, -23.418348 ], [ -47.438647, -23.418512 ], [ -47.438866, -23.418551 ], [ -47.438899, -23.418445 ], [ -47.438683, -23.418252 ], [ -47.438237, -23.418089 ], [ -47.438079, -23.417969 ], [ -47.437991, -23.417854 ], [ -47.437987, -23.417663 ], [ -47.437973, -23.417498 ], [ -47.437902, -23.417388 ], [ -47.437784, -23.417241 ], [ -47.4377, -23.417083 ], [ -47.437587, -23.416872 ], [ -47.437567, -23.416724 ], [ -47.437645, -23.416574 ], [ -47.437754, -23.416541 ], [ -47.437881, -23.416592 ], [ -47.437963, -23.416654 ], [ -47.437994, -23.416808 ], [ -47.438043, -23.416956 ], [ -47.438142, -23.417023 ], [ -47.438246, -23.417027 ], [ -47.438377, -23.41695 ], [ -47.438565, -23.416868 ], [ -47.438759, -23.416796 ], [ -47.438884, -23.416698 ], [ -47.4389, -23.416589 ], [ -47.43886, -23.416489 ], [ -47.438766, -23.416353 ], [ -47.438591, -23.416231 ], [ -47.438572, -23.416138 ], [ -47.438602, -23.416029 ], [ -47.438595899999932, -23.41599 ], [ -47.438589599999943, -23.415949899999916 ], [ -47.438584499999941, -23.415917399999962 ], [ -47.438578599999971, -23.415879599999975 ], [ -47.438533, -23.415589 ], [ -47.438443, -23.415383 ], [ -47.438329, -23.415295 ], [ -47.438193, -23.415225 ], [ -47.438047, -23.415238 ], [ -47.437948, -23.415211 ], [ -47.4379, -23.415084 ], [ -47.437938, -23.414993 ], [ -47.438089, -23.414723 ], [ -47.438157, -23.414507 ], [ -47.438125, -23.41434 ], [ -47.438062, -23.413879 ], [ -47.438, -23.413654 ], [ -47.437932, -23.413544 ], [ -47.437756, -23.413379 ], [ -47.437687, -23.413179 ], [ -47.437619, -23.41309 ], [ -47.437505, -23.41315 ], [ -47.437315, -23.413306 ], [ -47.437115, -23.413397 ], [ -47.436958, -23.413418 ], [ -47.436777, -23.413466 ], [ -47.436686, -23.413513 ], [ -47.436705, -23.413751 ], [ -47.436701, -23.413868 ], [ -47.436655, -23.414026 ], [ -47.436649, -23.414161 ], [ -47.436669, -23.41445 ], [ -47.436599, -23.414549 ], [ -47.436465, -23.414501 ], [ -47.436258, -23.414332 ], [ -47.436038, -23.414264 ], [ -47.435661, -23.41424 ], [ -47.435409, -23.414149 ], [ -47.435275, -23.414037 ], [ -47.435139, -23.413991 ], [ -47.435027, -23.414027 ], [ -47.434994, -23.414118 ], [ -47.435054, -23.414247 ], [ -47.435468, -23.414564 ], [ -47.435555, -23.414722 ], [ -47.435564, -23.414897 ], [ -47.435513, -23.415012 ], [ -47.435423, -23.415087 ], [ -47.435325, -23.415031 ], [ -47.435412, -23.414959 ], [ -47.435446, -23.414852 ], [ -47.435428, -23.414707 ], [ -47.435331, -23.414582 ], [ -47.435216, -23.414494 ], [ -47.435064, -23.414495 ], [ -47.434943, -23.414581 ], [ -47.434803, -23.414665 ], [ -47.434629, -23.414596 ], [ -47.434596, -23.414501 ], [ -47.434571, -23.414401 ], [ -47.434514, -23.414303 ], [ -47.434435, -23.414228 ], [ -47.434389, -23.41404 ], [ -47.434288, -23.414012 ], [ -47.434122, -23.41407 ], [ -47.43395, -23.414097 ], [ -47.433837, -23.414054 ], [ -47.433709, -23.413973 ], [ -47.433565, -23.413846 ], [ -47.433445, -23.413686 ], [ -47.433421, -23.413468 ], [ -47.433513, -23.413191 ], [ -47.433615, -23.412924 ], [ -47.433697, -23.412681 ], [ -47.433759, -23.412489 ], [ -47.433873, -23.412389 ], [ -47.433988, -23.412398 ], [ -47.4342, -23.412506 ], [ -47.434415, -23.412648 ], [ -47.434603, -23.412701 ], [ -47.434777, -23.412614 ], [ -47.434767, -23.412401 ], [ -47.434643, -23.412231 ], [ -47.434484, -23.412167 ], [ -47.434298, -23.412202 ], [ -47.434134, -23.412223 ], [ -47.434023, -23.412147 ], [ -47.433998, -23.411999 ], [ -47.434035, -23.411853 ], [ -47.434137, -23.411777 ], [ -47.434276, -23.411796 ], [ -47.434417, -23.411831 ], [ -47.434532, -23.411818 ], [ -47.434596, -23.411714 ], [ -47.434547, -23.411497 ], [ -47.434521, -23.411351 ], [ -47.43451, -23.411221 ], [ -47.434593, -23.411056 ], [ -47.434653, -23.41089 ], [ -47.434656, -23.410733 ], [ -47.434641, -23.410516 ], [ -47.434665, -23.41029 ], [ -47.434673, -23.410091 ], [ -47.434629, -23.4099 ], [ -47.434497, -23.409716 ], [ -47.434228, -23.409506 ], [ -47.434073, -23.409367 ], [ -47.433951, -23.409271 ], [ -47.433849, -23.40938 ], [ -47.433808, -23.409504 ], [ -47.433717, -23.409413 ], [ -47.433746, -23.409302 ], [ -47.43386, -23.409195 ], [ -47.433838, -23.409066 ], [ -47.433778, -23.408968 ], [ -47.433631, -23.408753 ], [ -47.433512, -23.408577 ], [ -47.433343, -23.408434 ], [ -47.433184, -23.408372 ], [ -47.433079, -23.4083 ], [ -47.432944, -23.408193 ], [ -47.432714, -23.408035 ], [ -47.432579, -23.408034 ], [ -47.432529, -23.408139 ], [ -47.432579, -23.408334 ], [ -47.432485, -23.408413 ], [ -47.432277, -23.408363 ], [ -47.431593, -23.408039 ], [ -47.431137, -23.407799 ], [ -47.430469, -23.407483 ], [ -47.430283, -23.40734 ], [ -47.430126, -23.407252 ], [ -47.429994, -23.407294 ], [ -47.429913, -23.407399 ], [ -47.429961, -23.407525 ], [ -47.430105, -23.407701 ], [ -47.430207, -23.407776 ], [ -47.430207, -23.407936 ], [ -47.430086, -23.407938 ], [ -47.429973, -23.407854 ], [ -47.42985, -23.40774 ], [ -47.429745, -23.407667 ], [ -47.429657, -23.407737 ], [ -47.429465, -23.408104 ], [ -47.429406, -23.408296 ], [ -47.42949, -23.408512 ], [ -47.429659, -23.408608 ], [ -47.429853, -23.408671 ], [ -47.4299, -23.408755 ], [ -47.429887, -23.408846 ], [ -47.429767, -23.40888 ], [ -47.429565, -23.408859 ], [ -47.429436, -23.408861 ], [ -47.429345, -23.408894 ], [ -47.429358, -23.408998 ], [ -47.429459, -23.409187 ], [ -47.429518, -23.409701 ], [ -47.429485, -23.409813 ], [ -47.429382, -23.409854 ], [ -47.429264, -23.409817 ], [ -47.429104, -23.409721 ], [ -47.428904, -23.409679 ], [ -47.42878, -23.409617 ], [ -47.428693, -23.409592 ], [ -47.428564, -23.409591 ], [ -47.42849, -23.409685 ], [ -47.428394, -23.409904 ], [ -47.428358, -23.410139 ], [ -47.428347, -23.410314 ], [ -47.428367, -23.41051 ], [ -47.428487, -23.41075 ], [ -47.428609, -23.411005 ], [ -47.42878, -23.411204 ], [ -47.428963, -23.411302 ], [ -47.429203, -23.411362 ], [ -47.429634, -23.41134 ], [ -47.429866, -23.411315 ], [ -47.430077, -23.411341 ], [ -47.430144, -23.411417 ], [ -47.43019, -23.411538 ], [ -47.430188, -23.411756 ], [ -47.430106, -23.41185 ], [ -47.430005, -23.411822 ], [ -47.429914, -23.411736 ], [ -47.429827, -23.411693 ], [ -47.429733, -23.411734 ], [ -47.429738, -23.411877 ], [ -47.429788, -23.412198 ], [ -47.429814, -23.412415 ], [ -47.429773, -23.4125 ], [ -47.429676, -23.412555 ], [ -47.42951, -23.412579 ], [ -47.428973, -23.4125 ], [ -47.428797, -23.412454 ], [ -47.428684, -23.41239 ], [ -47.428616, -23.412295 ], [ -47.428486, -23.411984 ], [ -47.428347, -23.411591 ], [ -47.428259, -23.411356 ], [ -47.428187, -23.411033 ], [ -47.42803, -23.410449 ], [ -47.427972, -23.410131 ], [ -47.427596, -23.409537 ], [ -47.42739, -23.409275 ], [ -47.427198, -23.409153 ], [ -47.426999, -23.409146 ], [ -47.426897, -23.40919 ], [ -47.426821, -23.409297 ], [ -47.426794, -23.409412 ], [ -47.426724, -23.409519 ], [ -47.42649, -23.409615 ], [ -47.426251, -23.409606 ], [ -47.426066, -23.409524 ], [ -47.426095, -23.409385 ], [ -47.426234, -23.409288 ], [ -47.426402, -23.409184 ], [ -47.426486, -23.409077 ], [ -47.42647, -23.408963 ], [ -47.426374, -23.408911 ], [ -47.42625, -23.4089 ], [ -47.426083, -23.408902 ], [ -47.425815, -23.40888 ], [ -47.425445, -23.408756 ], [ -47.424925, -23.408509 ], [ -47.424775, -23.408442 ], [ -47.424687, -23.40869 ], [ -47.424606, -23.408803 ], [ -47.424512, -23.408868 ], [ -47.424295, -23.408951 ], [ -47.424184, -23.408996 ], [ -47.423985, -23.409007 ], [ -47.423626, -23.409047 ], [ -47.423524, -23.408934 ], [ -47.423484499999979, -23.408835699999933 ], [ -47.423454, -23.40876 ], [ -47.42327, -23.408734 ], [ -47.423219, -23.408644 ], [ -47.423268, -23.408468 ], [ -47.423317, -23.408337 ], [ -47.423226, -23.408214 ], [ -47.423025, -23.408252 ], [ -47.422917, -23.408293 ], [ -47.422729, -23.408238 ], [ -47.422521, -23.408039 ], [ -47.422371, -23.40784 ], [ -47.422276, -23.407722 ], [ -47.422116, -23.407767 ], [ -47.422174, -23.407954 ], [ -47.422357, -23.408368 ], [ -47.422516, -23.40886 ], [ -47.422639, -23.409158 ], [ -47.422634, -23.409343 ], [ -47.42251, -23.409484 ], [ -47.4222, -23.40951 ], [ -47.422033, -23.409539 ], [ -47.421902, -23.40958 ], [ -47.421735, -23.409575 ], [ -47.421407, -23.409564 ], [ -47.421148, -23.40959 ], [ -47.420949, -23.409537 ], [ -47.420815, -23.409454 ], [ -47.420685, -23.409403 ], [ -47.420473, -23.409321 ], [ -47.420411, -23.409235 ], [ -47.420452, -23.409123 ], [ -47.420614, -23.409123 ], [ -47.420783, -23.409112 ], [ -47.420863, -23.40906 ], [ -47.420913, -23.408956 ], [ -47.420988, -23.408857 ], [ -47.421107, -23.408714 ], [ -47.421205, -23.408458 ], [ -47.421192, -23.408355 ], [ -47.421156, -23.408267 ], [ -47.421059, -23.408163 ], [ -47.42095, -23.408157 ], [ -47.420854, -23.408288 ], [ -47.420812, -23.408501 ], [ -47.420706, -23.408829 ], [ -47.420562, -23.408887 ], [ -47.42047, -23.408732 ], [ -47.42039, -23.408375 ], [ -47.42026, -23.408342 ], [ -47.420187, -23.408455 ], [ -47.420134, -23.408671 ], [ -47.420092, -23.40891 ], [ -47.419994, -23.409069 ], [ -47.419825, -23.409268 ], [ -47.419686, -23.409339 ], [ -47.419498, -23.409315 ], [ -47.41939, -23.409227 ], [ -47.419276, -23.409141 ], [ -47.419098, -23.409141 ], [ -47.418907, -23.409239 ], [ -47.418462, -23.409453 ], [ -47.41827, -23.409448 ], [ -47.418133, -23.40936 ], [ -47.418079, -23.409231 ], [ -47.418122, -23.409095 ], [ -47.41813, -23.408896 ], [ -47.418088, -23.408628 ], [ -47.417981, -23.408317 ], [ -47.417859, -23.408242 ], [ -47.417651, -23.408351 ], [ -47.417431, -23.408588 ], [ -47.41723, -23.408732 ], [ -47.417066, -23.408718 ], [ -47.417006, -23.408616 ], [ -47.417061, -23.408331 ], [ -47.417091, -23.408235 ], [ -47.417075, -23.40814 ], [ -47.417024, -23.408029 ], [ -47.416843, -23.407995 ], [ -47.416749, -23.408073 ], [ -47.416717, -23.408195 ], [ -47.416681, -23.408594 ], [ -47.416595, -23.408781 ], [ -47.416397, -23.40896 ], [ -47.416125, -23.409062 ], [ -47.415585, -23.409022 ], [ -47.415303799999947, -23.40898849999996 ], [ -47.415248599999977, -23.40898819999995 ], [ -47.415109099999938, -23.409284699999937 ], [ -47.414942899999978, -23.409519799999938 ], [ -47.414619499999965, -23.409812 ], [ -47.414124699999945, -23.410343899999933 ], [ -47.413850499999967, -23.410616099999974 ], [ -47.413681399999973, -23.410824299999952 ], [ -47.413516, -23.411141 ], [ -47.41344, -23.411389 ], [ -47.413339599999972, -23.411316099999958 ], [ -47.413283, -23.411280499999975 ], [ -47.413248399999986, -23.411259499999968 ], [ -47.413402499999961, -23.410921499999962 ], [ -47.413498899999979, -23.410774799999945 ], [ -47.413583299999978, -23.41065819999994 ], [ -47.413913899999955, -23.410330299999945 ], [ -47.414521899999954, -23.409718199999933 ], [ -47.414551199999956, -23.409659499999975 ], [ -47.414572199999959, -23.409609199999977 ], [ -47.414555399999983, -23.409537899999965 ], [ -47.414236799999976, -23.409315699999976 ], [ -47.414178099999958, -23.409261199999943 ], [ -47.414136199999973, -23.409219299999961 ], [ -47.414052299999973, -23.409076799999976 ], [ -47.413842699999975, -23.408753899999962 ], [ -47.4137798, -23.408665899999953 ], [ -47.413712699999962, -23.408611399999916 ], [ -47.413557599999933, -23.408515 ], [ -47.413482099999953, -23.408489799999934 ], [ -47.413423399999942, -23.408464599999949 ], [ -47.413398299999983, -23.408447899999949 ], [ -47.413339599999972, -23.408364 ], [ -47.413293399999986, -23.408259199999979 ], [ -47.413259899999957, -23.408141799999957 ], [ -47.41322219999995, -23.408095699999926 ], [ -47.41314669999997, -23.408037 ], [ -47.412702299999978, -23.407705799999977 ], [ -47.412308199999984, -23.407462599999963 ], [ -47.41224949999998, -23.407433299999976 ], [ -47.412186599999984, -23.407433299999969 ], [ -47.411977, -23.407487799999959 ], [ -47.411440299999988, -23.407714199999937 ], [ -47.411247499999945, -23.407823199999942 ], [ -47.411075599999954, -23.407978299999968 ], [ -47.409772699999962, -23.409388599999936 ], [ -47.408476199999939, -23.408738699999962 ], [ -47.407986699999974, -23.408483 ], [ -47.408217299999933, -23.408026 ], [ -47.408520899999985, -23.407605699999973 ], [ -47.408816799999947, -23.407195899999973 ], [ -47.409135499999934, -23.406789199999928 ], [ -47.409261199999946, -23.406613099999959 ], [ -47.409319899999957, -23.406512499999977 ], [ -47.409391199999966, -23.406378299999975 ], [ -47.409600799999964, -23.40594649999997 ], [ -47.409722399999964, -23.405707499999949 ], [ -47.409756, -23.405556599999947 ], [ -47.409751799999981, -23.405393099999966 ], [ -47.409709799999973, -23.40480609999997 ], [ -47.409722399999964, -23.404722199999973 ], [ -47.409860799999933, -23.40437849999995 ], [ -47.410091399999942, -23.403934 ], [ -47.410137499999969, -23.403846 ], [ -47.410154299999931, -23.403787299999973 ], [ -47.410158399999943, -23.403686699999977 ], [ -47.410124899999971, -23.403611199999933 ], [ -47.409890399999938, -23.403311599999935 ], [ -47.409835599999951, -23.403250699999948 ], [ -47.409760199999944, -23.403204499999955 ], [ -47.409364599999947, -23.402984199999924 ], [ -47.409366099999943, -23.402776899999932 ], [ -47.40935769999993, -23.402646899999972 ], [ -47.409294799999941, -23.402353399999985 ], [ -47.409173199999948, -23.401812599999971 ], [ -47.409152199999937, -23.401758099999935 ], [ -47.40911449999993, -23.401724599999959 ], [ -47.407693499999937, -23.400998599999987 ], [ -47.4076065, -23.400967599999948 ], [ -47.407521299999985, -23.400953099999978 ], [ -47.407458399999939, -23.400974099999917 ], [ -47.407416499999954, -23.401007599999961 ], [ -47.407408099999941, -23.40106209999994 ], [ -47.407408099999941, -23.401125 ], [ -47.407433299999987, -23.401514899999935 ], [ -47.407420699999932, -23.401699399999913 ], [ -47.40739549999995, -23.402030599999929 ], [ -47.407345199999945, -23.402307299999972 ], [ -47.407320099999936, -23.402542099999952 ], [ -47.407318299999986, -23.402552399999937 ], [ -47.407294899999961, -23.402684699999945 ], [ -47.407263, -23.4030461 ], [ -47.407194299999958, -23.403560899999942 ], [ -47.407114599999943, -23.404034699999965 ], [ -47.407110399999965, -23.404085 ], [ -47.407093699999962, -23.404147899999941 ], [ -47.407051699999954, -23.404282 ], [ -47.406972, -23.404557299999979 ], [ -47.406800199999964, -23.405032499999951 ], [ -47.406728899999962, -23.405246299999924 ], [ -47.406649099999989, -23.405509099999968 ], [ -47.406498299999946, -23.406005199999971 ], [ -47.406439599999942, -23.406193799999972 ], [ -47.406376, -23.406357599999971 ], [ -47.406334799999968, -23.406437 ], [ -47.405018299999938, -23.405766199999952 ], [ -47.404959699999957, -23.40575779999995 ], [ -47.404888399999948, -23.405766199999963 ], [ -47.404456499999981, -23.405975799999965 ], [ -47.404016299999967, -23.406168699999956 ], [ -47.403961799999934, -23.406202199999939 ], [ -47.403924099999976, -23.40624 ], [ -47.40390309999998, -23.406302899999947 ], [ -47.403919899999956, -23.406403499999961 ], [ -47.40394919999995, -23.406512499999966 ], [ -47.404023699999989, -23.406749099999942 ], [ -47.403111, -23.406428 ], [ -47.4030949, -23.406447699999951 ], [ -47.403076799999958, -23.406481 ], [ -47.402996, -23.406518799999962 ], [ -47.402496699999972, -23.406210899999959 ], [ -47.401711, -23.405934 ], [ -47.401534, -23.40596 ], [ -47.401301, -23.405938 ], [ -47.401125, -23.40593 ], [ -47.401016, -23.406006 ], [ -47.400852, -23.406105 ], [ -47.400638, -23.406176 ], [ -47.400483, -23.406232 ], [ -47.40036, -23.40633 ], [ -47.400302, -23.406435 ], [ -47.400306, -23.40656 ], [ -47.400414, -23.406654 ], [ -47.400481, -23.406751 ], [ -47.400545, -23.406886 ], [ -47.400572, -23.40708 ], [ -47.400402, -23.407112 ], [ -47.400366, -23.40716 ], [ -47.400252, -23.407202 ], [ -47.400113, -23.407155 ], [ -47.400054, -23.407122 ], [ -47.399977, -23.407092 ], [ -47.399751, -23.407037 ], [ -47.399628, -23.40712 ], [ -47.39945, -23.407266 ], [ -47.399281, -23.407274 ], [ -47.39917, -23.407239 ], [ -47.398983, -23.407121 ], [ -47.398883, -23.407019 ], [ -47.398776, -23.406981 ], [ -47.398626, -23.407042 ], [ -47.398571, -23.407175 ], [ -47.398506, -23.407368 ], [ -47.398481, -23.407533 ], [ -47.398419, -23.407726 ], [ -47.398328, -23.407793 ], [ -47.398206, -23.407778 ], [ -47.398082, -23.40768 ], [ -47.397983, -23.407665 ], [ -47.397867, -23.407721 ], [ -47.397785, -23.4079 ], [ -47.397804, -23.40809 ], [ -47.397883, -23.408273 ], [ -47.397922, -23.408424 ], [ -47.397912, -23.408651 ], [ -47.397867, -23.408836 ], [ -47.397735, -23.408979 ], [ -47.397625, -23.409131 ], [ -47.397555, -23.409267 ], [ -47.397696, -23.409303 ], [ -47.397791, -23.409398 ], [ -47.397818, -23.409547 ], [ -47.397857, -23.409775 ], [ -47.398076, -23.409915 ], [ -47.398196, -23.409997 ], [ -47.398324, -23.410156 ], [ -47.39833, -23.410266 ], [ -47.398319, -23.410401 ], [ -47.398107, -23.410673 ], [ -47.397879, -23.410879 ], [ -47.397542, -23.411088 ], [ -47.39738, -23.411119 ], [ -47.397149, -23.411242 ], [ -47.396945, -23.411411 ], [ -47.396755, -23.411426 ], [ -47.396496, -23.411451 ], [ -47.396183, -23.411321 ], [ -47.396053, -23.411187 ], [ -47.395871, -23.411115 ], [ -47.395649, -23.411176 ], [ -47.395383, -23.411192 ], [ -47.395099, -23.411007 ], [ -47.394728, -23.410831 ], [ -47.394404, -23.410836 ], [ -47.394168, -23.410896 ], [ -47.393933, -23.41092 ], [ -47.393686, -23.410909 ], [ -47.393387, -23.410925 ], [ -47.393149, -23.410876 ], [ -47.392753, -23.410822 ], [ -47.392575, -23.41084 ], [ -47.392466, -23.410829 ], [ -47.392369, -23.410755 ], [ -47.392286, -23.410611 ], [ -47.392212, -23.410463 ], [ -47.392111, -23.41029 ], [ -47.392015, -23.410087 ], [ -47.391929, -23.409845 ], [ -47.391808, -23.409651 ], [ -47.391653, -23.409492 ], [ -47.391679, -23.409368 ], [ -47.391903, -23.409289 ], [ -47.392133, -23.409261 ], [ -47.392191, -23.409165 ], [ -47.392135, -23.409048 ], [ -47.391995, -23.408869 ], [ -47.391784, -23.408765 ], [ -47.391595, -23.408732 ], [ -47.391436, -23.408651 ], [ -47.391349, -23.408572 ], [ -47.391405, -23.408493 ], [ -47.391481, -23.408436 ], [ -47.391678, -23.40834 ], [ -47.391671, -23.408223 ], [ -47.391557, -23.408126 ], [ -47.39143, -23.408054 ], [ -47.391357, -23.40797 ], [ -47.39124, -23.407884 ], [ -47.391119, -23.407885 ], [ -47.391, -23.407911 ], [ -47.390909, -23.407891 ], [ -47.390879, -23.407772 ], [ -47.390953, -23.407607 ], [ -47.390961, -23.407474 ], [ -47.390907, -23.407321 ], [ -47.390751, -23.407278 ], [ -47.390638, -23.407094 ], [ -47.390625, -23.406835 ], [ -47.390579, -23.406639 ], [ -47.390565, -23.406483 ], [ -47.390642, -23.406318 ], [ -47.390747, -23.406166 ], [ -47.390761, -23.406131 ], [ -47.390803, -23.406026 ], [ -47.39084, -23.40584 ], [ -47.39086, -23.405693 ], [ -47.390866, -23.405557 ], [ -47.390854, -23.405313 ], [ -47.390828, -23.405193 ], [ -47.390784, -23.405091 ], [ -47.390707, -23.404983 ], [ -47.390614, -23.404905 ], [ -47.390523, -23.404851 ], [ -47.390375, -23.404815 ], [ -47.390059, -23.404803 ], [ -47.389972, -23.404786 ], [ -47.389895, -23.404732 ], [ -47.389824, -23.404672 ], [ -47.389782, -23.40459 ], [ -47.389757, -23.404497 ], [ -47.389749, -23.40433 ], [ -47.389737, -23.404124 ], [ -47.389702, -23.40401 ], [ -47.389646, -23.403904 ], [ -47.389573, -23.403828 ], [ -47.389483, -23.403755 ], [ -47.389353, -23.403684 ], [ -47.389197, -23.40361 ], [ -47.389012, -23.403525 ], [ -47.388903, -23.403404 ], [ -47.388829, -23.403302 ], [ -47.388796, -23.40321 ], [ -47.388777, -23.403075 ], [ -47.388777, -23.402955 ], [ -47.388796, -23.402863 ], [ -47.388863, -23.40274 ], [ -47.388915, -23.402601 ], [ -47.388938, -23.4025 ], [ -47.388933, -23.402372 ], [ -47.388874, -23.402084 ], [ -47.388836, -23.401919 ], [ -47.388762, -23.401636 ], [ -47.388681, -23.401468 ], [ -47.388574, -23.401262 ], [ -47.388423, -23.401026 ], [ -47.388305, -23.400845 ], [ -47.388102, -23.400599 ], [ -47.387958, -23.400438 ], [ -47.387853, -23.400318 ], [ -47.387744, -23.400187 ], [ -47.387638, -23.400024 ], [ -47.38755, -23.399924 ], [ -47.387496, -23.399816 ], [ -47.387402, -23.399546 ], [ -47.38736, -23.399316 ], [ -47.387307, -23.399096 ], [ -47.387256, -23.398943 ], [ -47.387193, -23.398827 ], [ -47.387114, -23.398743 ], [ -47.387, -23.398651 ], [ -47.386635, -23.398414 ], [ -47.386464, -23.398279 ], [ -47.386253, -23.398048 ], [ -47.386172, -23.397915 ], [ -47.385941, -23.397506 ], [ -47.385784, -23.397253 ], [ -47.385587, -23.396974 ], [ -47.38542, -23.396704 ], [ -47.385239, -23.396342 ], [ -47.385014, -23.395931 ], [ -47.384923, -23.395725 ], [ -47.384863, -23.395524 ], [ -47.384751, -23.395044 ], [ -47.384697, -23.394769 ], [ -47.38469, -23.394546 ], [ -47.384706, -23.39428 ], [ -47.384729, -23.394038 ], [ -47.384778, -23.393836 ], [ -47.384925, -23.3932 ], [ -47.38490749999994, -23.3931 ], [ -47.38489, -23.393 ], [ -47.38481, -23.392801 ], [ -47.384666, -23.392556 ], [ -47.384552, -23.392414 ], [ -47.384315, -23.392235 ], [ -47.383155, -23.391714 ], [ -47.38305, -23.391648 ], [ -47.382824, -23.391529 ], [ -47.382628, -23.391361 ], [ -47.382473, -23.391251 ], [ -47.382299, -23.391063 ], [ -47.382083, -23.390863 ], [ -47.381962, -23.390702 ], [ -47.381782, -23.390481699999935 ], [ -47.381614, -23.390276 ], [ -47.381488099999963, -23.390083099999963 ], [ -47.381249, -23.389717 ], [ -47.381041, -23.389544 ], [ -47.38081, -23.3895 ], [ -47.380369, -23.389615 ], [ -47.380013, -23.389759 ], [ -47.379775, -23.389792 ], [ -47.37825, -23.389786 ], [ -47.377837, -23.389732 ], [ -47.377586, -23.389747 ], [ -47.377234, -23.389825 ], [ -47.376399, -23.390149 ], [ -47.37604, -23.390174 ], [ -47.375844, -23.390189 ], [ -47.375584, -23.390157 ], [ -47.375337299999956, -23.390057399999936 ], [ -47.375078799999983, -23.389899 ], [ -47.374431, -23.389502 ], [ -47.374217, -23.389401 ], [ -47.374157299999986, -23.389385099999974 ], [ -47.373939, -23.389327 ], [ -47.373469, -23.389282 ], [ -47.373182, -23.389317 ], [ -47.372986, -23.389407 ], [ -47.372624, -23.389634 ], [ -47.372377, -23.389741 ], [ -47.37213, -23.389759 ], [ -47.371856, -23.389749 ], [ -47.371739, -23.389676 ], [ -47.37164, -23.38956 ], [ -47.371435, -23.389172 ], [ -47.371253, -23.389094 ], [ -47.370824, -23.389051 ], [ -47.370714, -23.389009 ], [ -47.370606, -23.388984 ], [ -47.370505, -23.388927 ], [ -47.370236699999964, -23.388738699999973 ], [ -47.37018379999995, -23.388701499999968 ], [ -47.370141699999976, -23.388672 ], [ -47.369855499999971, -23.38847109999994 ], [ -47.369811399999946, -23.388440099999976 ], [ -47.369774, -23.388413899999918 ], [ -47.369173, -23.387992 ], [ -47.368883, -23.387831 ], [ -47.368862, -23.387822299999982 ], [ -47.368414, -23.387637 ], [ -47.367927, -23.387605 ], [ -47.367679, -23.387666 ], [ -47.366852, -23.387995 ], [ -47.366685, -23.388033 ], [ -47.366399, -23.388115 ], [ -47.366043, -23.388153 ], [ -47.365745, -23.388078 ], [ -47.365539, -23.387991 ], [ -47.365391, -23.387872 ], [ -47.365304, -23.387765 ], [ -47.365219, -23.387774 ], [ -47.364973, -23.387725 ], [ -47.364823, -23.387742 ], [ -47.364700299999981, -23.387770499999924 ], [ -47.364253, -23.387985 ], [ -47.364036, -23.388006 ], [ -47.363776, -23.388054 ], [ -47.363577, -23.388167 ], [ -47.363269, -23.388427 ], [ -47.36257, -23.38877 ], [ -47.362375, -23.388938 ], [ -47.362365399999931, -23.388947599999934 ], [ -47.362263, -23.38905 ], [ -47.362165, -23.389225 ], [ -47.361633, -23.390196 ], [ -47.361567, -23.390337 ], [ -47.361560199999985, -23.39034329999993 ], [ -47.361354, -23.390534 ], [ -47.361212, -23.390616 ], [ -47.361086, -23.390691 ], [ -47.360871, -23.390781 ], [ -47.360586, -23.390855 ], [ -47.359575, -23.390995 ], [ -47.358731, -23.391075 ], [ -47.357772, -23.39127 ], [ -47.35742069999997, -23.391300599999965 ], [ -47.356650799999954, -23.391367699999932 ], [ -47.356211, -23.391406 ], [ -47.355703, -23.391293 ], [ -47.355188, -23.390987 ], [ -47.354822, -23.390878 ], [ -47.354461, -23.39084 ], [ -47.353254, -23.390833 ], [ -47.352687, -23.390745 ], [ -47.352061, -23.390533 ], [ -47.351854, -23.390421 ], [ -47.351529, -23.390187 ], [ -47.351362, -23.390058 ], [ -47.351194, -23.389986 ], [ -47.351107, -23.389988 ], [ -47.351014, -23.390007 ], [ -47.350903, -23.390115 ], [ -47.350811, -23.390307 ], [ -47.350796, -23.390905 ], [ -47.350856, -23.39124 ], [ -47.350964, -23.391598 ], [ -47.351192, -23.392256 ], [ -47.351211, -23.392285 ], [ -47.351517399999977, -23.392914099999917 ], [ -47.35153, -23.39294 ], [ -47.352069, -23.393633 ], [ -47.352083199999981, -23.393644399999967 ], [ -47.352453, -23.393940199999985 ], [ -47.352493699999975, -23.393972799999961 ], [ -47.352534399999968, -23.394005299999954 ], [ -47.352559, -23.394025 ], [ -47.353326899999963, -23.394283299999916 ], [ -47.35342339999994, -23.39431569999994 ], [ -47.353490199999946, -23.394338199999932 ], [ -47.353572099999951, -23.39436569999998 ], [ -47.353863799999942, -23.394464199999952 ], [ -47.35418789999995, -23.394572799999924 ], [ -47.354242099999972, -23.39459109999996 ], [ -47.354308099999969, -23.394613299999939 ], [ -47.354575599999983, -23.394703199999981 ], [ -47.354633399999962, -23.394722699999935 ], [ -47.354695, -23.394743399999978 ], [ -47.3551174, -23.394884899999955 ], [ -47.355569099999961, -23.395042 ], [ -47.35806, -23.395902 ], [ -47.359938, -23.396554 ], [ -47.361134, -23.397156 ], [ -47.36135929999994, -23.39727769999994 ], [ -47.361449599999958, -23.397326399999933 ], [ -47.361452499999984, -23.397328 ], [ -47.36153059999998, -23.397370199999955 ], [ -47.361540099999957, -23.397375299999968 ], [ -47.361771, -23.3975 ], [ -47.362689, -23.398163 ], [ -47.362816, -23.398244 ], [ -47.363348, -23.398567 ], [ -47.364666, -23.399156 ], [ -47.365298, -23.399458 ], [ -47.365896, -23.399736 ], [ -47.366129, -23.399855 ], [ -47.366545, -23.400127 ], [ -47.366795, -23.400332 ], [ -47.367498, -23.400937 ], [ -47.367857, -23.401352 ], [ -47.368164, -23.401676 ], [ -47.368586, -23.402191 ], [ -47.368957, -23.402747 ], [ -47.369115, -23.403134 ], [ -47.369203, -23.403459 ], [ -47.369259, -23.404105 ], [ -47.36922, -23.404479 ], [ -47.369164, -23.404697 ], [ -47.369127, -23.404859 ], [ -47.368954, -23.405367 ], [ -47.368893699999944, -23.405491399999967 ], [ -47.368761, -23.405765 ], [ -47.368649, -23.406059 ], [ -47.368532, -23.406419 ], [ -47.368024, -23.407595 ], [ -47.367891, -23.407905 ], [ -47.367691, -23.408414 ], [ -47.367536, -23.408738 ], [ -47.36724, -23.40926 ], [ -47.367078, -23.409534 ], [ -47.366886, -23.409852 ], [ -47.366606, -23.41026 ], [ -47.366422, -23.410541 ], [ -47.366159, -23.410962 ], [ -47.365949, -23.4112 ], [ -47.365725, -23.41145 ], [ -47.365293, -23.412038 ], [ -47.36515, -23.412254 ], [ -47.364786, -23.412865 ], [ -47.364687, -23.413146 ], [ -47.364593, -23.413443 ], [ -47.364535, -23.413594 ], [ -47.364423, -23.41377 ], [ -47.364278, -23.413937 ], [ -47.364146, -23.414074 ], [ -47.363943, -23.414223 ], [ -47.363731, -23.414356 ], [ -47.363552, -23.414453 ], [ -47.363242, -23.414628 ], [ -47.363034, -23.414756 ], [ -47.362842, -23.414894 ], [ -47.362154, -23.415357 ], [ -47.361954, -23.415489 ], [ -47.361782, -23.415594 ], [ -47.361566, -23.415706 ], [ -47.361385, -23.415809 ], [ -47.361142, -23.415952 ], [ -47.360838, -23.416209 ], [ -47.360687, -23.416404 ], [ -47.360638, -23.416539 ], [ -47.360532, -23.416742 ], [ -47.360439, -23.416991 ], [ -47.360391, -23.417093 ], [ -47.360192, -23.417407 ], [ -47.359957, -23.417729 ], [ -47.359748, -23.41799 ], [ -47.35957, -23.418212 ], [ -47.359214, -23.418641 ], [ -47.358937, -23.419015 ], [ -47.358892799999978, -23.419243499999936 ], [ -47.359213099999977, -23.419557499999932 ], [ -47.359186399999935, -23.419662899999931 ], [ -47.359133199999981, -23.419683299999981 ], [ -47.359054399999934, -23.419745399999961 ], [ -47.359082399999977, -23.419880599999935 ], [ -47.359098699999947, -23.419898299999943 ], [ -47.359358, -23.419998 ], [ -47.359410599999933, -23.420094499999937 ], [ -47.359470499999986, -23.420103399999945 ], [ -47.359623499999941, -23.420107399999939 ], [ -47.359708099999985, -23.420103899999944 ], [ -47.359792599999935, -23.42016749999992 ], [ -47.359852599999954, -23.420254599999964 ], [ -47.35997, -23.420415099999953 ], [ -47.360013799999933, -23.420526099999964 ], [ -47.3600077, -23.420674 ], [ -47.359976199999956, -23.420801799999932 ], [ -47.359895599999959, -23.420872899999956 ], [ -47.359782199999984, -23.42093919999996 ], [ -47.359783, -23.420958899999963 ], [ -47.359902, -23.42099 ], [ -47.36006, -23.42106 ], [ -47.360196, -23.421106 ], [ -47.360313, -23.421181 ], [ -47.360331899999949, -23.421199199999936 ], [ -47.360408599999971, -23.421174099999973 ], [ -47.36060649999996, -23.421211499999956 ], [ -47.360764699999947, -23.421251799999926 ], [ -47.360860099999968, -23.421307699999939 ], [ -47.360929, -23.421352799999969 ], [ -47.361084799999965, -23.421310199999947 ], [ -47.361056699999949, -23.421227799999933 ], [ -47.361061699999937, -23.421161899999952 ], [ -47.361150899999984, -23.42108739999998 ], [ -47.361201899999962, -23.421005799999943 ], [ -47.361314499999935, -23.420953699999934 ], [ -47.361390599999936, -23.421023299999931 ], [ -47.361550199999954, -23.421021199999934 ], [ -47.361510099999983, -23.420843 ], [ -47.361571799999979, -23.420774 ], [ -47.361967199999981, -23.421100899999946 ], [ -47.36210089999998, -23.420677699999938 ], [ -47.362232699999936, -23.420584199999944 ], [ -47.362346299999963, -23.420424399999945 ], [ -47.362250399999944, -23.420191599999942 ], [ -47.362287199999969, -23.42008189999995 ], [ -47.362382699999962, -23.420033199999963 ], [ -47.362736099999942, -23.41993419999994 ], [ -47.362870899999962, -23.419800299999956 ], [ -47.362967099999935, -23.419747299999983 ], [ -47.363124499999977, -23.419708799999977 ], [ -47.363383, -23.419483599999978 ], [ -47.363627199999939, -23.419176 ], [ -47.365145, -23.417909 ], [ -47.365578599999935, -23.418003299999953 ], [ -47.3665276, -23.417164099999983 ], [ -47.366894699999939, -23.417259199999929 ], [ -47.36696029999996, -23.41749279999993 ], [ -47.36700349999996, -23.417942699999969 ], [ -47.366788899999968, -23.418355 ], [ -47.366222, -23.418669699999956 ], [ -47.365860899999973, -23.418766199999936 ], [ -47.366099299999981, -23.418960699999957 ], [ -47.366270899999961, -23.419113699999976 ], [ -47.366499099999935, -23.419291799999932 ], [ -47.366695599999957, -23.419262899999971 ], [ -47.366657499999981, -23.41946189999992 ], [ -47.366871899999978, -23.419880099999929 ], [ -47.367363599999976, -23.419747699999959 ], [ -47.369892899999968, -23.418588699999916 ], [ -47.370317099999973, -23.418048399999972 ], [ -47.370547799999947, -23.417656499999957 ], [ -47.369315199999967, -23.416266299999968 ], [ -47.369002499999965, -23.416089499999948 ], [ -47.368914899999936, -23.41590929999996 ], [ -47.368937, -23.415571799999952 ], [ -47.36910349999993, -23.415439599999956 ], [ -47.369904899999938, -23.415522899999925 ], [ -47.37045269999993, -23.415580699999961 ], [ -47.372510199999965, -23.417853699999974 ], [ -47.372582, -23.419441 ], [ -47.37242, -23.419429 ], [ -47.372327, -23.419454 ], [ -47.372224, -23.419552 ], [ -47.37206, -23.419714 ], [ -47.371886, -23.41987 ], [ -47.371783, -23.419954 ], [ -47.371689, -23.419941 ], [ -47.371579, -23.419889 ], [ -47.371488, -23.419766 ], [ -47.371387, -23.419666 ], [ -47.371307, -23.419576 ], [ -47.371186, -23.419525 ], [ -47.371078, -23.419575 ], [ -47.370958, -23.419596 ], [ -47.370844, -23.41965 ], [ -47.370715, -23.41972 ], [ -47.370633, -23.419764 ], [ -47.370571, -23.419837 ], [ -47.370515, -23.41992 ], [ -47.370486, -23.420036 ], [ -47.370483, -23.420166 ], [ -47.370486, -23.420291 ], [ -47.370509, -23.420454 ], [ -47.370583, -23.420511 ], [ -47.370699, -23.420581 ], [ -47.370811, -23.420681 ], [ -47.370781, -23.420777 ], [ -47.370599, -23.420818 ], [ -47.370458, -23.420792 ], [ -47.370327, -23.420779 ], [ -47.370213, -23.420776 ], [ -47.370087, -23.420773 ], [ -47.369957, -23.420794 ], [ -47.369848, -23.42082 ], [ -47.369752, -23.420956 ], [ -47.36975, -23.421134 ], [ -47.369831, -23.421292 ], [ -47.369916, -23.421368 ], [ -47.369902, -23.421464 ], [ -47.369703, -23.421448 ], [ -47.369552, -23.421465 ], [ -47.369512, -23.421547 ], [ -47.369586, -23.421604 ], [ -47.369764, -23.421635 ], [ -47.369931, -23.421671 ], [ -47.370114, -23.421706 ], [ -47.370206, -23.421849 ], [ -47.370166, -23.421946 ], [ -47.369916, -23.421969 ], [ -47.369707, -23.421968 ], [ -47.369539, -23.421903 ], [ -47.369404, -23.421943 ], [ -47.369275, -23.421989 ], [ -47.369089, -23.422088 ], [ -47.368944, -23.422128 ], [ -47.368715, -23.422194 ], [ -47.368559, -23.422197 ], [ -47.368471, -23.422251 ], [ -47.368495, -23.422385 ], [ -47.368508, -23.422539 ], [ -47.368536, -23.422659 ], [ -47.368564, -23.422774 ], [ -47.368503, -23.422847 ], [ -47.368393, -23.422854 ], [ -47.368299, -23.422812 ], [ -47.368183, -23.422727 ], [ -47.368107, -23.422608 ], [ -47.368052, -23.42245 ], [ -47.368018, -23.422296 ], [ -47.367958, -23.422134 ], [ -47.367816, -23.422059 ], [ -47.367633, -23.422009 ], [ -47.367455, -23.421983 ], [ -47.367313, -23.421912 ], [ -47.367202, -23.421856 ], [ -47.367081, -23.421767 ], [ -47.366927, -23.421644 ], [ -47.366846199999941, -23.421595899999939 ], [ -47.366842199999944, -23.421597499999955 ], [ -47.366753599999988, -23.42163 ], [ -47.36666809999997, -23.421688299999975 ], [ -47.366676, -23.421785099999958 ], [ -47.366658699999959, -23.421859399999967 ], [ -47.366601499999938, -23.421769099999949 ], [ -47.366544299999937, -23.421684499999976 ], [ -47.366541899999959, -23.421547799999932 ], [ -47.366537699999981, -23.421476899999956 ], [ -47.36647, -23.421463 ], [ -47.366339, -23.421417 ], [ -47.366245, -23.42138 ], [ -47.36612, -23.421396 ], [ -47.366011, -23.421427 ], [ -47.365897, -23.421443 ], [ -47.365695, -23.421542 ], [ -47.365555, -23.421583 ], [ -47.365419, -23.421547 ], [ -47.365338, -23.42147 ], [ -47.365036499999974, -23.422147799999937 ], [ -47.364818499999963, -23.422755199999987 ], [ -47.364261499999948, -23.422718 ], [ -47.364206799999977, -23.422770099999969 ], [ -47.364071899999942, -23.422834799999972 ], [ -47.363713699999956, -23.422857399999945 ], [ -47.36334259999996, -23.422845899999967 ], [ -47.362938699999972, -23.422732299999947 ], [ -47.362664099999968, -23.422588299999969 ], [ -47.362634699999951, -23.423023199999932 ], [ -47.361642899999943, -23.424236399999931 ], [ -47.361586399999972, -23.424528299999952 ], [ -47.361721199999984, -23.424856399999943 ], [ -47.361566, -23.42536529999995 ], [ -47.361038, -23.425708299999947 ], [ -47.360441499999986, -23.425621499999973 ], [ -47.360226099999984, -23.425157099999982 ], [ -47.360265899999952, -23.424964699999961 ], [ -47.360332299999975, -23.424755699999928 ], [ -47.36022939999998, -23.424695899999946 ], [ -47.360103399999957, -23.42443709999997 ], [ -47.360000499999956, -23.42430109999998 ], [ -47.359910899999939, -23.424168399999921 ], [ -47.359930799999972, -23.424068899999948 ], [ -47.35992089999997, -23.423869799999977 ], [ -47.359774899999934, -23.423043699999937 ], [ -47.359755, -23.422940799999935 ], [ -47.360216199999968, -23.422771599999972 ], [ -47.360319, -23.422708599999964 ], [ -47.360521399999982, -23.422569199999941 ], [ -47.360674, -23.422393399999969 ], [ -47.360674, -23.422356899999954 ], [ -47.360528, -23.42226729999993 ], [ -47.360358799999979, -23.422127899999957 ], [ -47.36029909999997, -23.422108 ], [ -47.360209499999939, -23.422078199999927 ], [ -47.359721799999932, -23.421696599999962 ], [ -47.359479599999979, -23.421517499999933 ], [ -47.35843449999993, -23.420814099999966 ], [ -47.357996599999986, -23.421484299999978 ], [ -47.356894699999948, -23.420756 ], [ -47.356652799999949, -23.420585199999945 ], [ -47.356566599999958, -23.42047569999994 ], [ -47.356496899999975, -23.420452399999931 ], [ -47.35645349999993, -23.42044779999998 ], [ -47.355832899999932, -23.420278099999969 ], [ -47.355140899999988, -23.420628399999945 ], [ -47.354909799999973, -23.421214499999962 ], [ -47.354404199999976, -23.421040799999961 ], [ -47.354250699999973, -23.421038599999981 ], [ -47.354162299999984, -23.421076399999947 ], [ -47.354005799999989, -23.421188299999983 ], [ -47.353430899999978, -23.420773799999949 ], [ -47.353295, -23.420936 ], [ -47.353221299999966, -23.421172699999939 ], [ -47.353209, -23.421212 ], [ -47.353187199999986, -23.421494 ], [ -47.353159, -23.421671 ], [ -47.35315989999998, -23.421801 ], [ -47.353161099999973, -23.421971699999968 ], [ -47.353163399999971, -23.422290199999964 ], [ -47.353165, -23.422518 ], [ -47.353186, -23.422789 ], [ -47.353294, -23.423132 ], [ -47.35331, -23.423298 ], [ -47.353266, -23.423439 ], [ -47.352893, -23.42388 ], [ -47.352803, -23.424125 ], [ -47.352851, -23.424451 ], [ -47.352850599999954, -23.424461 ], [ -47.352829, -23.425058 ], [ -47.352719, -23.425379 ], [ -47.352431, -23.425608 ], [ -47.35195, -23.425845 ], [ -47.35178, -23.425946 ], [ -47.351575, -23.426107 ], [ -47.35133, -23.426456 ], [ -47.351263, -23.426624 ], [ -47.351234, -23.42707 ], [ -47.351137, -23.427706 ], [ -47.351078, -23.427884 ], [ -47.350977, -23.428061 ], [ -47.350699, -23.42825 ], [ -47.350451199999945, -23.428307799999963 ], [ -47.35051569999996, -23.428364399999968 ], [ -47.350625299999933, -23.428436 ], [ -47.350955699999986, -23.428490899999918 ], [ -47.351378899999986, -23.428529899999944 ], [ -47.351765299999961, -23.42870269999997 ], [ -47.352030099999979, -23.428865599999934 ], [ -47.352315099999934, -23.429158199999954 ], [ -47.352650199999971, -23.429625499999929 ], [ -47.352940399999966, -23.429949299999969 ], [ -47.353128099999935, -23.430176799999959 ], [ -47.353178, -23.430322699999977 ], [ -47.353239, -23.430857499999938 ], [ -47.353493899999933, -23.43153159999996 ], [ -47.353712, -23.431899599999955 ], [ -47.353786599999985, -23.432133599999922 ], [ -47.353797799999938, -23.432349599999945 ], [ -47.353792099999964, -23.432488899999957 ], [ -47.353798499999989, -23.432746199999933 ], [ -47.353829399999938, -23.432718 ], [ -47.353835599999968, -23.432711 ], [ -47.353840599999955, -23.432702399999968 ], [ -47.35384629999993, -23.432696799999974 ], [ -47.353858799999955, -23.432685599999957 ], [ -47.353886799999941, -23.432673199999947 ], [ -47.353906499999944, -23.432666299999937 ], [ -47.353976099999961, -23.432646899999948 ], [ -47.354064599999958, -23.432627499999967 ], [ -47.354322899999943, -23.432561399999937 ], [ -47.35435339999998, -23.432560399999932 ], [ -47.3543825, -23.432564399999936 ], [ -47.354414299999974, -23.432580499999975 ], [ -47.354441499999957, -23.432610499999942 ], [ -47.354477799999984, -23.432654499999956 ], [ -47.354501399999947, -23.432674699999943 ], [ -47.354529499999956, -23.432679499999956 ], [ -47.354576799999968, -23.432681899999977 ], [ -47.354622299999953, -23.432670599999941 ], [ -47.355285299999942, -23.432458399999966 ], [ -47.355358299999985, -23.432449899999941 ], [ -47.35543389999998, -23.432458599999965 ], [ -47.355507599999953, -23.432509799999931 ], [ -47.355553699999973, -23.432572099999959 ], [ -47.355663899999975, -23.432803699999965 ], [ -47.35576419999996, -23.433014699999941 ], [ -47.355863099999965, -23.433194899999936 ], [ -47.356154499999938, -23.43349459999996 ], [ -47.356265299999968, -23.433634699999956 ], [ -47.356417599999986, -23.433828299999959 ], [ -47.356529099999932, -23.433969 ], [ -47.356681499999979, -23.434161399999923 ], [ -47.356764, -23.434311 ], [ -47.356812099999956, -23.43447709999997 ], [ -47.355576899999967, -23.435512099999979 ], [ -47.355560499999974, -23.435537299999961 ], [ -47.355742, -23.435655499999935 ], [ -47.355979399999967, -23.435811599999973 ], [ -47.35605529999998, -23.435862299999943 ], [ -47.356436799999983, -23.436062599999964 ], [ -47.356834899999967, -23.436275399999928 ], [ -47.357105599999954, -23.436491399999966 ], [ -47.357290699999972, -23.436416899999987 ], [ -47.357426, -23.436273199999956 ], [ -47.357700499999964, -23.43598159999992 ], [ -47.358508699999966, -23.435213899999951 ], [ -47.358901399999979, -23.434826199999964 ], [ -47.358925699999986, -23.434846 ], [ -47.359960399999984, -23.435805499999951 ], [ -47.360082199999965, -23.435773899999962 ], [ -47.360200899999931, -23.435756099999928 ], [ -47.360328599999953, -23.43573489999994 ], [ -47.360608599999985, -23.435692099999979 ], [ -47.360920699999959, -23.435628599999962 ], [ -47.361177899999973, -23.435560199999937 ], [ -47.361402399999982, -23.435443499999952 ], [ -47.361481599999934, -23.435377199999952 ], [ -47.361631699999975, -23.435252699999975 ], [ -47.362027499999954, -23.434885499999943 ], [ -47.362338699999952, -23.434459299999965 ], [ -47.36661, -23.435444 ], [ -47.366408, -23.435615 ], [ -47.36631, -23.435902 ], [ -47.366369, -23.436155 ], [ -47.366448, -23.436327 ], [ -47.366571, -23.436406 ], [ -47.366742, -23.436597 ], [ -47.366816, -23.436821 ], [ -47.366823, -23.43699 ], [ -47.366715, -23.437129 ], [ -47.366656, -23.437336 ], [ -47.366596, -23.437505 ], [ -47.366523, -23.437612 ], [ -47.366292, -23.437805 ], [ -47.366208, -23.437845 ], [ -47.366126, -23.437931 ], [ -47.365942, -23.438092 ], [ -47.365749, -23.438178 ], [ -47.365553, -23.438255 ], [ -47.365334, -23.438406 ], [ -47.365035, -23.438604 ], [ -47.364945, -23.438676 ], [ -47.36483, -23.438754 ], [ -47.364702, -23.438979 ], [ -47.364684, -23.439238 ], [ -47.364723, -23.439387 ], [ -47.364777299999957, -23.439509599999951 ], [ -47.364805, -23.439572 ], [ -47.364804499999941, -23.439596099999964 ], [ -47.364803599999959, -23.439638299999956 ], [ -47.364802, -23.439714 ], [ -47.364863, -23.439954 ], [ -47.36481, -23.440076 ], [ -47.364837, -23.440165 ], [ -47.364914, -23.440217 ], [ -47.36491, -23.440324 ], [ -47.364835, -23.440378 ], [ -47.364723, -23.440418 ], [ -47.364636, -23.44048 ], [ -47.364578, -23.440576 ], [ -47.364537, -23.440707 ], [ -47.364513, -23.44086 ], [ -47.364592, -23.44108 ], [ -47.364755, -23.441281 ], [ -47.365043, -23.44143 ], [ -47.365418, -23.44158 ], [ -47.365665299999932, -23.441737 ], [ -47.365783199999953, -23.441828299999933 ], [ -47.365901, -23.441937 ], [ -47.366024399999965, -23.442050799999951 ], [ -47.366309899999976, -23.442324499999927 ], [ -47.36638929999998, -23.442398799999985 ], [ -47.366439799999974, -23.442450499999943 ], [ -47.366633899999954, -23.442698099999973 ], [ -47.366671399999973, -23.442771599999947 ], [ -47.366679199999957, -23.442811499999948 ], [ -47.366683899999948, -23.442846799999927 ], [ -47.366711, -23.443056 ], [ -47.366768, -23.443221 ], [ -47.366872, -23.443444 ], [ -47.36719, -23.443782 ], [ -47.367417, -23.444127 ], [ -47.367643, -23.444431 ], [ -47.367772, -23.444623 ], [ -47.367928, -23.444803 ], [ -47.367978, -23.444909 ], [ -47.368087299999956, -23.445061899999931 ], [ -47.368060699999951, -23.445098799999979 ], [ -47.367548799999952, -23.445559199999934 ], [ -47.367522199999947, -23.445611699999962 ], [ -47.367511799999932, -23.445602599999976 ], [ -47.367353599999944, -23.445436499999978 ], [ -47.367026599999974, -23.444966299999972 ], [ -47.366950799999977, -23.44483 ], [ -47.366872899999983, -23.444723 ], [ -47.366778499999953, -23.444621799999936 ], [ -47.36670259999994, -23.444573199999972 ], [ -47.364905599999979, -23.44366349999996 ], [ -47.364557299999944, -23.444432099999968 ], [ -47.363804199999947, -23.446232099999975 ], [ -47.363259399999954, -23.446921899999946 ], [ -47.363060899999937, -23.447108699999944 ], [ -47.36296939999994, -23.447178799999957 ], [ -47.362302, -23.447603 ], [ -47.360621699999967, -23.44888439999994 ], [ -47.360325899999964, -23.449258 ], [ -47.360252, -23.449392199999973 ], [ -47.360244199999961, -23.449433099999968 ], [ -47.36025, -23.449462299999933 ], [ -47.361226899999963, -23.450257699999952 ], [ -47.359983799999952, -23.451446699999963 ], [ -47.360100899999956, -23.45154969999993 ], [ -47.360143099999959, -23.451591899999976 ], [ -47.360161799999965, -23.451662099999957 ], [ -47.360161799999958, -23.45174169999996 ], [ -47.360129, -23.451821299999938 ], [ -47.360077499999939, -23.451896299999927 ], [ -47.360030699999982, -23.451971199999942 ], [ -47.359965099999954, -23.452036799999973 ], [ -47.359983799999959, -23.45208359999997 ], [ -47.362470599999945, -23.454083299999979 ], [ -47.362606399999947, -23.453938099999963 ], [ -47.362849899999958, -23.453844399999976 ], [ -47.362981599999948, -23.453807599999951 ], [ -47.363080499999967, -23.45378549999997 ], [ -47.363142, -23.453765 ], [ -47.363234399999953, -23.45379279999997 ], [ -47.363318299999946, -23.453797 ], [ -47.364053599999984, -23.453747099999923 ], [ -47.365041599999984, -23.453488499999935 ], [ -47.365132899999928, -23.453432299999978 ], [ -47.365191399999958, -23.453348 ], [ -47.365219499999967, -23.45326839999996 ], [ -47.365233599999961, -23.453104499999938 ], [ -47.365256, -23.453068799999983 ], [ -47.365285699999959, -23.453064599999955 ], [ -47.365257199999981, -23.45286289999996 ], [ -47.365219199999956, -23.452627399999983 ], [ -47.365214399999957, -23.45254019999993 ], [ -47.3653475, -23.452098699999969 ], [ -47.365397799999982, -23.451947799999974 ], [ -47.365443599999935, -23.451791499999953 ], [ -47.365475499999945, -23.451674299999983 ], [ -47.365568099999969, -23.451393499999927 ], [ -47.365660599999956, -23.451069899999936 ], [ -47.365725799999957, -23.450888399999943 ], [ -47.365755499999977, -23.450915299999966 ], [ -47.3658746, -23.451008499999936 ], [ -47.36604159999996, -23.451079099999962 ], [ -47.366182099999946, -23.451017299999929 ], [ -47.366625899999974, -23.450507299999959 ], [ -47.366992, -23.4501 ], [ -47.367048599999976, -23.450064599999958 ], [ -47.367122299999949, -23.450078 ], [ -47.367215299999941, -23.450115499999978 ], [ -47.367356199999961, -23.450185199999961 ], [ -47.36744919999996, -23.450233 ], [ -47.367536599999944, -23.450245099999968 ], [ -47.367619699999977, -23.450228199999962 ], [ -47.367698599999983, -23.450181299999933 ], [ -47.36774749999995, -23.450122099999927 ], [ -47.367779299999945, -23.450064899999983 ], [ -47.367782199999965, -23.449996399999986 ], [ -47.367769, -23.449926299999962 ], [ -47.367732499999931, -23.449862299999946 ], [ -47.367679, -23.449815299999958 ], [ -47.367632499999957, -23.449776499999928 ], [ -47.367588899999937, -23.44973959999993 ], [ -47.367572699999982, -23.449669099999944 ], [ -47.367575899999956, -23.449606399999944 ], [ -47.367602099999949, -23.449536499999962 ], [ -47.366689899999983, -23.448686099999968 ], [ -47.366646799999948, -23.448646599999961 ], [ -47.36672109999995, -23.44854539999994 ], [ -47.366983199999936, -23.448302199999929 ], [ -47.367224499999963, -23.448062199999981 ], [ -47.367548099999958, -23.447733299999982 ], [ -47.367648, -23.447620499999967 ], [ -47.367864, -23.447423299999961 ], [ -47.367984699999973, -23.447342899999963 ], [ -47.368095599999947, -23.447294899999978 ], [ -47.368157899999964, -23.447278 ], [ -47.368248699999974, -23.447274099999952 ], [ -47.368309599999982, -23.447283199999955 ], [ -47.368496499999935, -23.447364899999972 ], [ -47.369312399999956, -23.447836499999941 ], [ -47.369453199999953, -23.447887099999946 ], [ -47.370325499999986, -23.447946099999957 ], [ -47.370323699999972, -23.447976 ], [ -47.370321, -23.44809 ], [ -47.370268, -23.448321 ], [ -47.370145, -23.448515 ], [ -47.369994, -23.448708 ], [ -47.369831, -23.44891 ], [ -47.369589, -23.449012 ], [ -47.369437, -23.449189 ], [ -47.369241, -23.449317 ], [ -47.369047, -23.449489 ], [ -47.368842399999949, -23.449659799999953 ], [ -47.368823, -23.449676 ], [ -47.368654, -23.449846 ], [ -47.368438, -23.450114 ], [ -47.368324, -23.450396 ], [ -47.368425, -23.45051 ], [ -47.368295, -23.450632 ], [ -47.368151, -23.450672 ], [ -47.368041, -23.450747 ], [ -47.367981, -23.45083 ], [ -47.367914, -23.450921 ], [ -47.367773, -23.451114 ], [ -47.367683, -23.451284 ], [ -47.367673899999943, -23.451366199999942 ], [ -47.367694, -23.451446 ], [ -47.367789699999953, -23.451558 ], [ -47.367906, -23.451674399999934 ], [ -47.368272099999956, -23.452006 ], [ -47.368590799999943, -23.452305599999924 ], [ -47.369262799999944, -23.452885699999968 ], [ -47.369316599999941, -23.452934699999972 ], [ -47.369330899999966, -23.45293689999993 ], [ -47.369349399999983, -23.452944099999971 ], [ -47.370495799999958, -23.453929699999954 ], [ -47.370629299999962, -23.453674 ], [ -47.370726, -23.453513799999939 ], [ -47.370993, -23.453190799999948 ], [ -47.371212899999932, -23.452976599999936 ], [ -47.371379299999937, -23.453057199999936 ], [ -47.371538099999952, -23.45309889999994 ], [ -47.371728399999945, -23.453094099999916 ], [ -47.371919099999957, -23.453075499999954 ], [ -47.37206549999997, -23.45306289999996 ], [ -47.37221569999997, -23.453119199999943 ], [ -47.372385399999985, -23.453205 ], [ -47.372580599999928, -23.453226599999937 ], [ -47.372734499999979, -23.453204 ], [ -47.372859199999937, -23.453148199999919 ], [ -47.372938, -23.453083499999945 ], [ -47.373005299999939, -23.452989099999961 ], [ -47.37303339999994, -23.45291 ], [ -47.373139099999946, -23.45280269999995 ], [ -47.373212799999983, -23.452690199999942 ], [ -47.37332679999998, -23.452588199999965 ], [ -47.373524499999974, -23.452520599999964 ], [ -47.374816899999985, -23.452464199999952 ], [ -47.375605199999939, -23.452467899999938 ], [ -47.376106099999959, -23.452469099999977 ], [ -47.37635679999994, -23.452520499999927 ], [ -47.3765456, -23.452583599999965 ], [ -47.376603599999953, -23.45266259999994 ], [ -47.376713799999948, -23.452769499999924 ], [ -47.376837499999965, -23.45284909999998 ], [ -47.376922299999933, -23.452957299999966 ], [ -47.377023299999969, -23.45301539999997 ], [ -47.377139399999983, -23.45306249999993 ], [ -47.377310699999953, -23.453059699999979 ], [ -47.377463199999966, -23.453033599999973 ], [ -47.377623899999953, -23.452973 ], [ -47.377744299999968, -23.452892399999939 ], [ -47.377884699999981, -23.452772 ], [ -47.377983199999967, -23.452591199999958 ], [ -47.378120799999976, -23.452327299999972 ], [ -47.378259499999956, -23.452171299999971 ], [ -47.378512899999983, -23.452035599999924 ], [ -47.378828, -23.451950499999946 ], [ -47.379079499999932, -23.451954899999965 ], [ -47.379318, -23.452038099999971 ], [ -47.379361199999948, -23.45203649999997 ], [ -47.379812299999969, -23.452782499999959 ], [ -47.379916399999956, -23.452924299999939 ], [ -47.380005299999937, -23.453041 ], [ -47.380153899999989, -23.453117499999955 ], [ -47.380415199999959, -23.453221099999951 ], [ -47.380976, -23.453421599999952 ], [ -47.381096, -23.45350969999992 ], [ -47.381505199999935, -23.453883299999966 ], [ -47.382407299999954, -23.454632799999942 ], [ -47.382481599999949, -23.454679899999981 ], [ -47.382546799999943, -23.454741 ], [ -47.383145499999955, -23.455221699999974 ], [ -47.383251199999961, -23.455310699999924 ], [ -47.3837999, -23.455772599999936 ], [ -47.384169, -23.456126299999937 ], [ -47.384233299999948, -23.456187399999983 ], [ -47.384263299999937, -23.456160899999936 ], [ -47.384520299999963, -23.456013899999956 ], [ -47.384548399999971, -23.455971699999953 ], [ -47.384562399999943, -23.45592019999998 ], [ -47.384571799999947, -23.45587339999998 ], [ -47.384585799999968, -23.455798499999961 ], [ -47.384599899999955, -23.455737599999967 ], [ -47.384613899999977, -23.455662599999986 ], [ -47.384642, -23.455587699999974 ], [ -47.38533979999994, -23.454847799999985 ], [ -47.385499, -23.454964899999936 ], [ -47.385620799999977, -23.45487589999993 ], [ -47.385705099999939, -23.454824399999957 ], [ -47.385766, -23.45481969999997 ], [ -47.385822199999957, -23.454829099999927 ], [ -47.386004799999967, -23.454786899999942 ], [ -47.386192099999967, -23.45473069999996 ], [ -47.386618299999952, -23.45448719999996 ], [ -47.386683799999958, -23.454454399999975 ], [ -47.386777499999944, -23.454281099999939 ], [ -47.386815, -23.454224899999932 ], [ -47.386889899999979, -23.45414529999994 ], [ -47.386974199999941, -23.454103199999974 ], [ -47.387049099999963, -23.454089099999976 ], [ -47.387128699999948, -23.453264899999965 ], [ -47.386997599999965, -23.453250899999951 ], [ -47.386941399999962, -23.453227399999946 ], [ -47.386889899999971, -23.453204 ], [ -47.386838399999938, -23.453143099999988 ], [ -47.386819699999933, -23.453077599999972 ], [ -47.386810299999979, -23.453002699999949 ], [ -47.386749399999985, -23.452904299999947 ], [ -47.386683799999958, -23.452834099999951 ], [ -47.386683799999958, -23.452759099999984 ], [ -47.386744699999952, -23.45266549999997 ], [ -47.387559599999975, -23.451906799999961 ], [ -47.387723499999943, -23.451780399999958 ], [ -47.387817199999972, -23.45171009999995 ], [ -47.387962299999977, -23.451110699999958 ], [ -47.388374399999982, -23.448769099999947 ], [ -47.386777799999955, -23.448488599999973 ], [ -47.386739199999965, -23.44848269999995 ], [ -47.386883299999973, -23.447689899999929 ], [ -47.387031899999954, -23.447388099999955 ], [ -47.387239099999924, -23.447158399999978 ], [ -47.387473399999969, -23.446982699999985 ], [ -47.387806699999949, -23.446843099999963 ], [ -47.388135499999983, -23.446789099999933 ], [ -47.388464299999953, -23.446820599999967 ], [ -47.388824599999964, -23.446933199999929 ], [ -47.38923, -23.447144899999955 ], [ -47.389743499999945, -23.447406099999974 ], [ -47.3906353, -23.44790159999997 ], [ -47.3922118, -23.448779899999977 ], [ -47.394860299999948, -23.450599699999934 ], [ -47.394865799999934, -23.450648399999967 ], [ -47.395002, -23.451118 ], [ -47.39529, -23.451645 ], [ -47.395581, -23.451987 ], [ -47.395756, -23.452349 ], [ -47.395832, -23.452592 ], [ -47.396066, -23.453467 ], [ -47.396058, -23.453799 ], [ -47.396022, -23.454334 ], [ -47.395982, -23.4549 ], [ -47.395936, -23.455347 ], [ -47.395808, -23.455685 ], [ -47.395734, -23.455874 ], [ -47.395677, -23.456033 ], [ -47.395636, -23.456271 ], [ -47.39556, -23.456529 ], [ -47.395561, -23.456963 ], [ -47.395554, -23.457219 ], [ -47.395515, -23.457515 ], [ -47.395516, -23.457734 ], [ -47.39562, -23.457871 ], [ -47.395742, -23.458036 ], [ -47.395772, -23.458187 ], [ -47.395765, -23.458605 ], [ -47.395689, -23.458846 ], [ -47.39562, -23.45894 ], [ -47.395483, -23.459049 ], [ -47.395303, -23.459146 ], [ -47.395186, -23.459286 ], [ -47.395216, -23.459516 ], [ -47.395313, -23.45977 ], [ -47.395346, -23.459952 ], [ -47.395434, -23.46021 ], [ -47.395415, -23.460462 ], [ -47.395279, -23.460541 ], [ -47.39522, -23.460648 ], [ -47.395207, -23.460856 ], [ -47.395032, -23.460957 ], [ -47.394912, -23.460922 ], [ -47.394698, -23.460941 ], [ -47.394587, -23.460974 ], [ -47.394466299999976, -23.461076899999956 ], [ -47.394374899999953, -23.461243099999926 ], [ -47.394353499999966, -23.461464299999935 ], [ -47.394504399999967, -23.461574199999973 ], [ -47.393779299999956, -23.462604099999961 ], [ -47.393702499999954, -23.462554199999946 ], [ -47.393604799999935, -23.462489099999971 ], [ -47.393527599999977, -23.462436 ], [ -47.393471299999931, -23.462404299999932 ], [ -47.393425699999966, -23.462396599999966 ], [ -47.393333699999971, -23.462391899999936 ], [ -47.393222399999956, -23.462399399999967 ], [ -47.393158599999936, -23.462407 ], [ -47.393108499999983, -23.462416699999938 ], [ -47.393021599999948, -23.462437299999984 ], [ -47.392992, -23.46245 ], [ -47.392961699999951, -23.462458399999949 ], [ -47.392926399999965, -23.462463899999932 ], [ -47.392897, -23.462459 ], [ -47.39285279999995, -23.462451399999964 ], [ -47.392814499999986, -23.462448699999982 ], [ -47.392787399999975, -23.46246339999993 ], [ -47.392755299999976, -23.462485 ], [ -47.392686399999953, -23.46247149999995 ], [ -47.392642599999931, -23.462465299999959 ], [ -47.392583, -23.462471 ], [ -47.39252689999995, -23.462531799999965 ], [ -47.392490799999962, -23.462604699999943 ], [ -47.392473, -23.46267389999997 ], [ -47.392461299999979, -23.462730199999946 ], [ -47.392466199999944, -23.462792599999933 ], [ -47.392465899999934, -23.462843699999951 ], [ -47.39246019999996, -23.462903099999952 ], [ -47.392434199999968, -23.462953 ], [ -47.39240239999998, -23.462981399999936 ], [ -47.392358299999948, -23.462995399999951 ], [ -47.392308399999933, -23.463023799999966 ], [ -47.392156, -23.463103 ], [ -47.39203, -23.463134 ], [ -47.391789, -23.4631 ], [ -47.391682, -23.46311 ], [ -47.391591, -23.463158 ], [ -47.391525, -23.463224 ], [ -47.391455, -23.463385 ], [ -47.391423, -23.463505 ], [ -47.391399, -23.463599 ], [ -47.391328, -23.463775 ], [ -47.391123, -23.464009 ], [ -47.391088, -23.464161 ], [ -47.391119, -23.464293 ], [ -47.390956, -23.464595 ], [ -47.390869, -23.46481 ], [ -47.390807, -23.465033 ], [ -47.390858, -23.46518 ], [ -47.39087, -23.465322 ], [ -47.390798, -23.465449 ], [ -47.390825, -23.465979 ], [ -47.390775, -23.466218 ], [ -47.390778, -23.466422 ], [ -47.390854, -23.466523 ], [ -47.390966, -23.46664 ], [ -47.391079, -23.46674 ], [ -47.391155, -23.466858 ], [ -47.391284, -23.466862 ], [ -47.391618, -23.466869 ], [ -47.391835, -23.467061 ], [ -47.3919, -23.467165 ], [ -47.392143, -23.467327 ], [ -47.392207, -23.467622 ], [ -47.392476, -23.467919 ], [ -47.392743, -23.468142 ], [ -47.392842, -23.468283 ], [ -47.39287, -23.468477 ], [ -47.392818, -23.4687 ], [ -47.392633, -23.469011 ], [ -47.392459, -23.46916 ], [ -47.392339, -23.469187 ], [ -47.392225, -23.469252 ], [ -47.392107, -23.469298 ], [ -47.391972, -23.469408 ], [ -47.391874, -23.469561 ], [ -47.391727, -23.469695 ], [ -47.391654, -23.469824 ], [ -47.391672, -23.470102 ], [ -47.391608, -23.470263 ], [ -47.391545, -23.470477 ], [ -47.391534, -23.470714 ], [ -47.391592, -23.470979 ], [ -47.391701, -23.471205 ], [ -47.391786, -23.471376 ], [ -47.391793, -23.47158 ], [ -47.391774, -23.472071 ], [ -47.39175, -23.47253 ], [ -47.391749, -23.472629 ], [ -47.391779, -23.472737 ], [ -47.391825, -23.472821 ], [ -47.391939, -23.472951 ], [ -47.391924, -23.473093 ], [ -47.392078, -23.473215 ], [ -47.392272, -23.473241 ], [ -47.392559, -23.473235 ], [ -47.392842, -23.473323 ], [ -47.393084, -23.47339 ], [ -47.393217, -23.473386 ], [ -47.393435, -23.473302 ], [ -47.393649, -23.473339 ], [ -47.393804, -23.473404 ], [ -47.394014, -23.473448 ], [ -47.394183, -23.473487 ], [ -47.394318, -23.473599 ], [ -47.394683, -23.473566 ], [ -47.394757, -23.473385 ], [ -47.394884, -23.473263 ], [ -47.395154, -23.473194 ], [ -47.395239, -23.473313 ], [ -47.395475, -23.473414 ], [ -47.395624, -23.47359 ], [ -47.395745, -23.47374 ], [ -47.396007, -23.473918 ], [ -47.396244, -23.47424 ], [ -47.396243, -23.474825 ], [ -47.396148, -23.475244 ], [ -47.396074, -23.475484 ], [ -47.396026, -23.475768 ], [ -47.396065, -23.476268 ], [ -47.39608, -23.476521 ], [ -47.396102, -23.476808 ], [ -47.396071, -23.477139 ], [ -47.396148, -23.477385 ], [ -47.396249, -23.477602 ], [ -47.396450199999947, -23.477945499999983 ], [ -47.39646879999998, -23.477977299999957 ], [ -47.396472899999928, -23.478007099999946 ], [ -47.396554, -23.478528 ], [ -47.396526, -23.478833 ], [ -47.396572, -23.479186 ], [ -47.396645, -23.479367 ], [ -47.396611, -23.479619 ], [ -47.396566, -23.47976 ], [ -47.396497, -23.479927 ], [ -47.396411, -23.48008 ], [ -47.396328199999971, -23.48019969999995 ], [ -47.396487099999945, -23.480281399999967 ], [ -47.396711899999957, -23.480378599999934 ], [ -47.3979207, -23.480876699999939 ], [ -47.398352, -23.481131899999976 ], [ -47.399002, -23.481314099999963 ], [ -47.399888899999958, -23.481648199999931 ], [ -47.400071099999934, -23.481903299999935 ], [ -47.40024729999994, -23.482061299999938 ], [ -47.400502399999944, -23.482213099999964 ], [ -47.400815199999954, -23.482632299999967 ], [ -47.401024799999952, -23.483002799999959 ], [ -47.401499099999967, -23.483943299999961 ], [ -47.401377799999977, -23.483962599999924 ], [ -47.401082199999962, -23.484045499999972 ], [ -47.39873289999997, -23.485072399999989 ], [ -47.398401, -23.485243499999971 ], [ -47.398136499999964, -23.485435399999961 ], [ -47.39789269999995, -23.485668799999925 ], [ -47.397680099999953, -23.485943599999921 ], [ -47.397431199999971, -23.486389599999931 ], [ -47.3969489, -23.487343899999924 ], [ -47.396741399999939, -23.487639499999933 ], [ -47.396560199999954, -23.487817 ], [ -47.396492499999965, -23.487883199999938 ], [ -47.396217599999943, -23.48810619999994 ], [ -47.394646199999961, -23.489039699999978 ], [ -47.392421399999932, -23.490377699999954 ], [ -47.391835399999941, -23.49072 ], [ -47.391436099999964, -23.490979299999925 ], [ -47.39110409999995, -23.491290499999927 ], [ -47.390855199999976, -23.491669099999971 ], [ -47.390712, -23.491958 ], [ -47.390529099999981, -23.492398199999965 ], [ -47.390521699999965, -23.492416099999957 ], [ -47.390496699999971, -23.492476199999931 ], [ -47.390472599999953, -23.492542 ], [ -47.39047, -23.492549099999966 ], [ -47.390382299999942, -23.492788199999939 ], [ -47.390378099999964, -23.492799599999962 ], [ -47.390356699999984, -23.492849 ], [ -47.390339099999956, -23.492889499999936 ], [ -47.390328499999953, -23.492914 ], [ -47.39025479999998, -23.493084199999956 ], [ -47.390111299999944, -23.493354299999964 ], [ -47.38979, -23.493739899999984 ], [ -47.389478, -23.494001 ], [ -47.389589, -23.494111 ], [ -47.389491299999982, -23.494244 ], [ -47.389180099999983, -23.494726299999964 ], [ -47.38936159999998, -23.494861099999973 ], [ -47.38933, -23.495071 ], [ -47.389331599999927, -23.495091 ], [ -47.389334899999945, -23.495131 ], [ -47.389338, -23.495170199999947 ], [ -47.389358799999968, -23.495427099999972 ], [ -47.38939, -23.495566 ], [ -47.38940139999994, -23.495742799999956 ], [ -47.389404799999959, -23.495796399999957 ], [ -47.389402699999948, -23.49585 ], [ -47.3893978, -23.495970499999945 ], [ -47.389396499999975, -23.496002 ], [ -47.389586399999985, -23.495992699999931 ], [ -47.390512199999932, -23.495855899999974 ], [ -47.390880799999934, -23.495824799999973 ], [ -47.390900399999971, -23.495842499999966 ], [ -47.390966699999979, -23.495872599999924 ], [ -47.391205699999951, -23.49587809999997 ], [ -47.391388399999983, -23.495902299999962 ], [ -47.391426699999954, -23.495922299999954 ], [ -47.391472199999953, -23.495960599999933 ], [ -47.391510499999981, -23.496011599999964 ], [ -47.391526899999974, -23.496071699999952 ], [ -47.391448499999967, -23.496281299999961 ], [ -47.391365699999938, -23.496543 ], [ -47.390836, -23.496501299999981 ], [ -47.390774499999964, -23.496502499999959 ], [ -47.390736, -23.496531 ], [ -47.390699599999941, -23.496591099999932 ], [ -47.390590199999963, -23.496981099999978 ], [ -47.390506399999936, -23.497943299999967 ], [ -47.390542799999935, -23.498012499999952 ], [ -47.390634, -23.49807809999993 ], [ -47.390760599999965, -23.498133299999942 ], [ -47.390849199999934, -23.498189399999951 ], [ -47.390985899999976, -23.498296699999962 ], [ -47.391121699999978, -23.498431099999941 ], [ -47.391333699999961, -23.498610199999973 ], [ -47.391978799999947, -23.498938299999963 ], [ -47.391989899999949, -23.499460199999923 ], [ -47.393546, -23.499726399999929 ], [ -47.393604099999948, -23.500595499999971 ], [ -47.393671299999937, -23.50063989999995 ], [ -47.393721399999947, -23.500700299999941 ], [ -47.39373959999994, -23.500761799999964 ], [ -47.393743099999931, -23.500876799999958 ], [ -47.393682699999943, -23.501274299999974 ], [ -47.393712299999947, -23.501385899999939 ], [ -47.393779499999944, -23.501466799999946 ], [ -47.393898, -23.501511199999968 ], [ -47.393969699999964, -23.50151349999993 ], [ -47.394075599999951, -23.501561299999938 ], [ -47.394135299999959, -23.501600799999945 ], [ -47.394269699999938, -23.50174479999998 ], [ -47.394389699999977, -23.501821599999964 ], [ -47.394461699999972, -23.501984799999939 ], [ -47.394461699999972, -23.502114399999982 ], [ -47.3945164, -23.502184399999972 ], [ -47.394604099999988, -23.502250399999973 ], [ -47.394734, -23.502299399999959 ], [ -47.394871799999976, -23.502331899999945 ], [ -47.394902499999944, -23.502353499999955 ], [ -47.394903699999986, -23.502409899999979 ], [ -47.394895699999957, -23.502433799999942 ], [ -47.39489, -23.502465699999956 ], [ -47.39488659999995, -23.502540899999929 ], [ -47.39491959999998, -23.502845 ], [ -47.394935599999947, -23.503116 ], [ -47.39491049999998, -23.503207199999967 ], [ -47.394862699999976, -23.503245899999957 ], [ -47.394810299999961, -23.503268699999971 ], [ -47.394696399999937, -23.503261799999958 ], [ -47.394589299999957, -23.503236799999968 ], [ -47.394393399999956, -23.503280099999934 ], [ -47.39430909999993, -23.503286899999981 ], [ -47.394179299999955, -23.503325599999979 ], [ -47.394028899999974, -23.503305099999974 ], [ -47.394104899999938, -23.504854799999972 ], [ -47.394210699999981, -23.505195099999984 ], [ -47.394224599999973, -23.505732899999948 ], [ -47.394344, -23.505703 ], [ -47.394517, -23.505641 ], [ -47.394754, -23.505588 ], [ -47.395053, -23.50547 ], [ -47.395209, -23.505446 ], [ -47.395303, -23.505461 ], [ -47.395386, -23.505485 ], [ -47.395578, -23.505588 ], [ -47.395714, -23.505708 ], [ -47.396119, -23.506299 ], [ -47.396338, -23.506583 ], [ -47.396474, -23.506706 ], [ -47.396896, -23.507262 ], [ -47.397178, -23.507557 ], [ -47.397329, -23.5077 ], [ -47.397384, -23.507947 ], [ -47.397379, -23.508311 ], [ -47.397392, -23.508485 ], [ -47.397452, -23.508679 ], [ -47.397556, -23.508841 ], [ -47.397622, -23.508994 ], [ -47.397753, -23.509139 ], [ -47.397932, -23.509362 ], [ -47.398858, -23.510112 ], [ -47.399107, -23.510334 ], [ -47.399288, -23.510511 ], [ -47.399357, -23.510677 ], [ -47.399353, -23.510746 ], [ -47.399344, -23.510824 ], [ -47.39925, -23.511148 ], [ -47.399307, -23.511356 ], [ -47.399379, -23.511527 ], [ -47.399429, -23.511703 ], [ -47.399546, -23.511901 ], [ -47.399699, -23.512039 ], [ -47.399944, -23.512192 ], [ -47.400162, -23.512204 ], [ -47.400337, -23.512298 ], [ -47.400611, -23.51275 ], [ -47.400842, -23.512815 ], [ -47.401067, -23.512842 ], [ -47.401034, -23.513131 ], [ -47.401037, -23.513346 ], [ -47.401082, -23.513591 ], [ -47.401132, -23.513785 ], [ -47.401152, -23.513943 ], [ -47.401132, -23.514102 ], [ -47.401101, -23.514219 ], [ -47.401104, -23.514444 ], [ -47.401148, -23.514709 ], [ -47.401148, -23.514938 ], [ -47.401079, -23.515134 ], [ -47.400989, -23.515284 ], [ -47.400909, -23.515411 ], [ -47.400831, -23.515517 ], [ -47.400804, -23.515673 ], [ -47.40085, -23.515936 ], [ -47.400924, -23.516135 ], [ -47.400989, -23.516338 ], [ -47.40103, -23.516592 ], [ -47.40105, -23.516793 ], [ -47.401098, -23.516983 ], [ -47.401104, -23.517114 ], [ -47.401069, -23.517238 ], [ -47.400928, -23.51745 ], [ -47.400799, -23.517651 ], [ -47.400702, -23.517785 ], [ -47.40061, -23.517953 ], [ -47.40057, -23.518091 ], [ -47.40053, -23.518252 ], [ -47.400549, -23.51842 ], [ -47.400534, -23.518706 ], [ -47.400454, -23.518849 ], [ -47.400328, -23.519029 ], [ -47.400158, -23.519293 ], [ -47.399925, -23.51949 ], [ -47.399664, -23.519853 ], [ -47.399464, -23.520087 ], [ -47.399392, -23.520239 ], [ -47.399298, -23.520412 ], [ -47.399232, -23.520525 ], [ -47.39916, -23.520695 ], [ -47.399125, -23.520851 ], [ -47.399155, -23.521037 ], [ -47.399154, -23.521309 ], [ -47.399181, -23.52149 ], [ -47.399197, -23.521721 ], [ -47.399233, -23.521854 ], [ -47.399261, -23.522021 ], [ -47.399258, -23.522177 ], [ -47.399209, -23.522384 ], [ -47.399004, -23.522645 ], [ -47.398884, -23.522793 ], [ -47.398848, -23.522997 ], [ -47.398744, -23.523182 ], [ -47.398585, -23.523385 ], [ -47.398351, -23.523672 ], [ -47.39822, -23.523878 ], [ -47.398067, -23.524125 ], [ -47.397885, -23.524365 ], [ -47.397738, -23.524527 ], [ -47.397423, -23.52473 ], [ -47.397277, -23.524883 ], [ -47.397018, -23.525046 ], [ -47.39696459999994, -23.525079799999954 ], [ -47.396986099999936, -23.525118 ], [ -47.397033099999938, -23.525206799999985 ], [ -47.397241299999969, -23.525357899999957 ], [ -47.397377499999955, -23.525449299999927 ], [ -47.397531199999953, -23.525533499999931 ], [ -47.397671899999978, -23.525617899999926 ], [ -47.397861699999972, -23.525728499999943 ], [ -47.397975, -23.525842299999958 ], [ -47.398037299999942, -23.525946699999967 ], [ -47.39813909999998, -23.526022799999957 ], [ -47.398338099999933, -23.526103299999932 ], [ -47.398433, -23.526158599999967 ], [ -47.398558599999944, -23.52629989999997 ], [ -47.398650899999957, -23.526394099999944 ], [ -47.39887589999995, -23.526473499999945 ], [ -47.399035499999968, -23.52652839999995 ], [ -47.399252599999954, -23.52654 ], [ -47.399439399999949, -23.526483399999957 ], [ -47.399575799999973, -23.526502199999978 ], [ -47.399663499999974, -23.526518799999959 ], [ -47.399797099999951, -23.526567499999935 ], [ -47.399938499999962, -23.526687699999965 ], [ -47.400036299999954, -23.526719 ], [ -47.400132699999979, -23.526678699999927 ], [ -47.400171099999966, -23.526592 ], [ -47.400168099999966, -23.526493099999975 ], [ -47.400213099999981, -23.526295299999948 ], [ -47.400269199999975, -23.526194399999948 ], [ -47.400412399999944, -23.526035499999974 ], [ -47.400503699999945, -23.525890799999949 ], [ -47.400569299999972, -23.525761399999961 ], [ -47.400613599999986, -23.525556199999983 ], [ -47.400692099999958, -23.525389199999935 ], [ -47.400762, -23.525313499999989 ], [ -47.40087489999997, -23.525293899999951 ], [ -47.401005099999971, -23.525327699999931 ], [ -47.401151399999947, -23.525364199999942 ], [ -47.401289299999966, -23.525466599999955 ], [ -47.401377, -23.525483199999929 ], [ -47.401492499999961, -23.52542469999997 ], [ -47.401600399999957, -23.525300599999976 ], [ -47.401712899999957, -23.525254099999916 ], [ -47.401928899999973, -23.525203 ], [ -47.40219559999997, -23.525091299999929 ], [ -47.402406299999932, -23.524926899999965 ], [ -47.402508299999965, -23.524824 ], [ -47.40261739999994, -23.524604099999976 ], [ -47.402735, -23.524482899999942 ], [ -47.402824199999941, -23.524403899999971 ], [ -47.402944299999945, -23.524268199999938 ], [ -47.403071499999946, -23.524140899999967 ], [ -47.403180299999974, -23.524067499999955 ], [ -47.403283299999941, -23.524036099999929 ], [ -47.403486099999952, -23.524146399999946 ], [ -47.403624599999944, -23.524287599999973 ], [ -47.403769099999984, -23.524398799999968 ], [ -47.403899, -23.524420699999954 ], [ -47.404046099999967, -23.52431689999997 ], [ -47.404128799999974, -23.524238 ], [ -47.404195499999958, -23.524189399999948 ], [ -47.404263599999979, -23.524139799999951 ], [ -47.404423699999938, -23.524041799999964 ], [ -47.404559, -23.524000899999962 ], [ -47.404672599999969, -23.52402 ], [ -47.404828899999977, -23.524068399999976 ], [ -47.404956199999958, -23.524123099999937 ], [ -47.405085799999938, -23.524127099999916 ], [ -47.405234099999973, -23.524089 ], [ -47.405394199999932, -23.523991 ], [ -47.405549, -23.523955699999942 ], [ -47.405635299999979, -23.523897699999971 ], [ -47.40572739999994, -23.523794699999943 ], [ -47.405948399999936, -23.52366289999997 ], [ -47.406128499999959, -23.523594499999941 ], [ -47.406409899999971, -23.523578199999974 ], [ -47.406536399999936, -23.523594099999965 ], [ -47.406738499999967, -23.523668599999954 ], [ -47.406955799999935, -23.523964899999957 ], [ -47.407054899999942, -23.524147399999947 ], [ -47.407236099999977, -23.524371299999924 ], [ -47.407535399999972, -23.524755 ], [ -47.407627499999933, -23.524831199999941 ], [ -47.407715699999983, -23.524874599999972 ], [ -47.407903699999956, -23.524886699999971 ], [ -47.408107099999938, -23.524853699999937 ], [ -47.408335, -23.52474559999995 ], [ -47.408539199999943, -23.524754399999953 ], [ -47.408617, -23.524762199999945 ], [ -47.408695299999977, -23.524790799999955 ], [ -47.408796799999948, -23.524854899999976 ], [ -47.408873599999929, -23.524979099999932 ], [ -47.40905719999995, -23.525107699999982 ], [ -47.409198199999935, -23.525161599999937 ], [ -47.4094626, -23.525319299999985 ], [ -47.409600199999936, -23.525409799999984 ], [ -47.409759599999973, -23.525446099999954 ], [ -47.409975699999968, -23.525442299999959 ], [ -47.4102137, -23.525358 ], [ -47.410490899999957, -23.525288 ], [ -47.410674699999959, -23.525243299999936 ], [ -47.410966299999984, -23.525077599999978 ], [ -47.411037, -23.525049599999925 ], [ -47.411134599999968, -23.525075 ], [ -47.411297699999977, -23.525138099999932 ], [ -47.411432099999956, -23.525228599999924 ], [ -47.411489, -23.525329299999949 ], [ -47.411604199999942, -23.525434899999933 ], [ -47.411682299999946, -23.525454599999925 ], [ -47.411849299999972, -23.52538039999995 ], [ -47.411903599999967, -23.525334799999932 ], [ -47.411901499999942, -23.525224299999934 ], [ -47.411983899999946, -23.525121499999955 ], [ -47.412176699999975, -23.524958899999941 ], [ -47.412347699999941, -23.524829299999965 ], [ -47.412426599999954, -23.524717599999967 ], [ -47.412480599999988, -23.524663 ], [ -47.412532, -23.524641299999928 ], [ -47.412748, -23.524587199999928 ], [ -47.412880399999956, -23.524570199999967 ], [ -47.412984499999936, -23.524595499999961 ], [ -47.413027199999931, -23.524630599999966 ], [ -47.413051199999984, -23.524698899999962 ], [ -47.413049199999939, -23.524770599999954 ], [ -47.413095799999944, -23.524841599999956 ], [ -47.413175199999955, -23.524932899999964 ], [ -47.413224599999978, -23.524976899999942 ], [ -47.413288699999953, -23.525116199999953 ], [ -47.413346299999944, -23.525258599999965 ], [ -47.413397699999969, -23.525464 ], [ -47.413433299999959, -23.525591699999953 ], [ -47.413519599999972, -23.525703799999974 ], [ -47.413650899999944, -23.52580029999995 ], [ -47.413806399999942, -23.52584759999996 ], [ -47.413923799999964, -23.525852799999942 ], [ -47.414037599999979, -23.525880899999944 ], [ -47.414148399999931, -23.525918 ], [ -47.41428209999998, -23.525969599999947 ], [ -47.41438949999997, -23.525997799999971 ], [ -47.414506099999983, -23.525993899999939 ], [ -47.414602899999977, -23.52597959999996 ], [ -47.414738899999975, -23.525978399999929 ], [ -47.414897799999949, -23.525992899999945 ], [ -47.415052799999948, -23.525972599999935 ], [ -47.415168199999982, -23.525908099999974 ], [ -47.415214899999974, -23.525826599999959 ], [ -47.415237199999972, -23.525715599999952 ], [ -47.41525709999997, -23.525635 ], [ -47.415347199999978, -23.525483799999968 ], [ -47.41544, -23.525366499999965 ], [ -47.415483699999982, -23.52527619999994 ], [ -47.41552079999996, -23.525024799999979 ], [ -47.415542699999946, -23.52480149999997 ], [ -47.415561299999986, -23.52473759999997 ], [ -47.415727399999987, -23.524612599999962 ], [ -47.415836399999932, -23.524551199999951 ], [ -47.415918699999963, -23.524451399999961 ], [ -47.415952, -23.524325499999978 ], [ -47.415959899999969, -23.524226799999948 ], [ -47.416045299999951, -23.524112099999961 ], [ -47.416119299999927, -23.524087 ], [ -47.416203499999938, -23.524085699999951 ], [ -47.416272799999945, -23.52415929999994 ], [ -47.41633, -23.524274799999937 ], [ -47.41643559999995, -23.524386699999983 ], [ -47.416508, -23.524448199999924 ], [ -47.416654699999981, -23.52450569999996 ], [ -47.416791599999954, -23.524554299999981 ], [ -47.41692909999994, -23.524635799999942 ], [ -47.41701009999997, -23.524637499999987 ], [ -47.4171, -23.524597299999979 ], [ -47.417150699999979, -23.524533799999972 ], [ -47.417208199999948, -23.524494099999963 ], [ -47.417327599999965, -23.524471299999945 ], [ -47.417454499999963, -23.524505199999965 ], [ -47.417552399999977, -23.524548399999961 ], [ -47.41764279999996, -23.52453209999992 ], [ -47.417784099999949, -23.524470199999936 ], [ -47.417912399999977, -23.524402499999951 ], [ -47.418044799999961, -23.524379599999971 ], [ -47.418183899999974, -23.52434059999996 ], [ -47.418317599999966, -23.524246899999987 ], [ -47.418461299999933, -23.524137199999913 ], [ -47.418748899999969, -23.524007599999937 ], [ -47.419075299999975, -23.52389479999994 ], [ -47.419255499999963, -23.523832299999977 ], [ -47.419385899999952, -23.523707799999954 ], [ -47.419458599999984, -23.523608199999959 ], [ -47.419483699999951, -23.523593 ], [ -47.41958029999995, -23.523534599999948 ], [ -47.419822599999975, -23.523507 ], [ -47.419976599999984, -23.523427 ], [ -47.420232799999951, -23.523230499999944 ], [ -47.420439299999948, -23.523058499999941 ], [ -47.420621499999982, -23.522927299999946 ], [ -47.420676299999975, -23.522911499999953 ], [ -47.420770299999958, -23.522922 ], [ -47.421055699999961, -23.523120599999977 ], [ -47.42117339999993, -23.523184399999945 ], [ -47.421341699999971, -23.523181799999971 ], [ -47.42150989999994, -23.523170199999978 ], [ -47.42167749999993, -23.523125799999935 ], [ -47.421803, -23.523073699999944 ], [ -47.421885299999985, -23.522985299999963 ], [ -47.421959099999981, -23.522948299999932 ], [ -47.422046899999941, -23.522967799999947 ], [ -47.422130399999965, -23.523106799999944 ], [ -47.422210799999959, -23.52326209999995 ], [ -47.422217799999949, -23.523275899999927 ], [ -47.42228259999996, -23.523462699999982 ], [ -47.422323499999948, -23.523569599999966 ], [ -47.42240709999993, -23.523717599999941 ], [ -47.422481699999935, -23.52381 ], [ -47.422618099999966, -23.523920299999922 ], [ -47.422715799999942, -23.523954599999971 ], [ -47.422861699999942, -23.523964299999928 ], [ -47.422978299999954, -23.523968399999937 ], [ -47.423098299999936, -23.524003699999973 ], [ -47.423216599999932, -23.524069199999925 ], [ -47.423360699999932, -23.524162499999921 ], [ -47.423536599999977, -23.524216499999966 ], [ -47.423709, -23.524261599999928 ], [ -47.423930099999957, -23.524308899999934 ], [ -47.424124199999937, -23.524299899999964 ], [ -47.42424589999996, -23.524226299999956 ], [ -47.424273, -23.524205 ], [ -47.424504799999966, -23.524022099999968 ], [ -47.424677199999962, -23.523912099999968 ], [ -47.424810899999954, -23.523798899999971 ], [ -47.424941499999939, -23.523669099999946 ], [ -47.425004699999931, -23.523581599999947 ], [ -47.425139099999967, -23.52349589999994 ], [ -47.425325399999963, -23.523412299999954 ], [ -47.425519399999985, -23.523400399999961 ], [ -47.425671099999931, -23.523371099999967 ], [ -47.425760599999933, -23.523307 ], [ -47.425937099999942, -23.523223699999956 ], [ -47.42622659999995, -23.523117599999964 ], [ -47.426442599999966, -23.523066499999963 ], [ -47.426558099999966, -23.523008 ], [ -47.426951, -23.522894399999931 ], [ -47.427102299999952, -23.522844199999955 ], [ -47.427451599999984, -23.522823899999938 ], [ -47.427681599999978, -23.522829199999929 ], [ -47.427862, -23.522781599999977 ], [ -47.4279198, -23.522753899999927 ], [ -47.428079099999934, -23.522611 ], [ -47.428197399999931, -23.522531599999983 ], [ -47.428337799999952, -23.52246509999998 ], [ -47.428537899999981, -23.52238 ], [ -47.428640799999989, -23.522345499999979 ], [ -47.428841399999953, -23.522333399999983 ], [ -47.42901, -23.52234569999996 ], [ -47.42922549999998, -23.522392499999963 ], [ -47.429579499999939, -23.52249449999994 ], [ -47.429791299999977, -23.522575399999948 ], [ -47.430007, -23.522685399999936 ], [ -47.430162899999971, -23.52271289999992 ], [ -47.430865299999937, -23.522696299999954 ], [ -47.430936799999984, -23.522715699999928 ], [ -47.430980199999972, -23.52278369999993 ], [ -47.43094039999994, -23.522906699999965 ], [ -47.430907499999932, -23.523052899999968 ], [ -47.430828199999958, -23.523320499999944 ], [ -47.43080539999994, -23.52345129999998 ], [ -47.43088819999997, -23.523575299999941 ], [ -47.430991, -23.523631399999946 ], [ -47.431132, -23.52366029999996 ], [ -47.431250699999971, -23.523582599999941 ], [ -47.431473899999965, -23.52344219999997 ], [ -47.431637299999977, -23.523304899999971 ], [ -47.431888299999969, -23.523220299999938 ], [ -47.432120299999958, -23.523237399999971 ], [ -47.432174099999941, -23.523222199999964 ], [ -47.432950099999964, -23.523554899999969 ], [ -47.433386899999959, -23.523731899999976 ], [ -47.433623299999965, -23.523838199999929 ], [ -47.433605499999949, -23.523867599999964 ], [ -47.433514799999948, -23.523980099999942 ], [ -47.433464299999976, -23.524052599999941 ], [ -47.43344019999995, -23.524148499999967 ], [ -47.433567499999988, -23.524364399999957 ], [ -47.433658299999941, -23.52455109999994 ], [ -47.433686399999942, -23.524670099999963 ], [ -47.433678699999966, -23.524810299999952 ], [ -47.433664199999953, -23.524867499999964 ], [ -47.433737099999981, -23.524961899999933 ], [ -47.433838499999986, -23.525014 ], [ -47.433919499999945, -23.525018699999976 ], [ -47.434154199999973, -23.52492849999993 ], [ -47.434416, -23.524903499999937 ], [ -47.434714, -23.524926 ], [ -47.434889599999963, -23.524949799999941 ], [ -47.435096499999986, -23.525042799999934 ], [ -47.435278, -23.525113899999941 ], [ -47.435346099999954, -23.525121799999965 ], [ -47.435546099999961, -23.525082799999947 ], [ -47.43571959999997, -23.525088299999936 ], [ -47.435929, -23.52543169999996 ], [ -47.436059599999965, -23.525489499999932 ], [ -47.436312699999974, -23.525387299999981 ], [ -47.436586399999953, -23.525474499999962 ], [ -47.436784299999935, -23.525502299999964 ], [ -47.436907, -23.525485499999938 ], [ -47.437042899999938, -23.525480399999939 ], [ -47.437190199999975, -23.525388499999966 ], [ -47.437342, -23.525244899999954 ], [ -47.437421699999966, -23.525128099999957 ], [ -47.437498399999981, -23.525070199999952 ], [ -47.437730699999982, -23.52502469999996 ], [ -47.437912299999937, -23.525041199999958 ], [ -47.438141699999967, -23.525012299999947 ], [ -47.438426499999935, -23.525007899999935 ], [ -47.438652799999943, -23.524989399999985 ], [ -47.438967199999986, -23.525009199999939 ], [ -47.439120199999941, -23.525050699999952 ], [ -47.439537399999942, -23.525190099999971 ], [ -47.439641599999952, -23.525230699999945 ], [ -47.439787799999976, -23.525258199999939 ], [ -47.439949599999977, -23.525252699999943 ], [ -47.440048499999925, -23.525170499999952 ], [ -47.440115299999945, -23.52510379999995 ], [ -47.440260799999976, -23.525092599999933 ], [ -47.440383499999939, -23.525075699999945 ], [ -47.440547499999987, -23.525016399999966 ], [ -47.440750499999979, -23.524967899999982 ], [ -47.440895799999971, -23.524939299999971 ], [ -47.4411, -23.524948 ], [ -47.441187599999978, -23.524961599999976 ], [ -47.441395899999975, -23.525018 ], [ -47.441509499999938, -23.52503119999994 ], [ -47.441547799999974, -23.525006199999943 ], [ -47.441656599999938, -23.524933299999923 ], [ -47.441749799999968, -23.524896 ], [ -47.441819799999969, -23.524826299999969 ], [ -47.441873099999953, -23.524724599999953 ], [ -47.441909799999962, -23.524674399999984 ], [ -47.441993099999941, -23.524415099999935 ], [ -47.44205739999996, -23.524251699999983 ], [ -47.442117799999941, -23.524155199999946 ], [ -47.442167199999972, -23.524025399999971 ], [ -47.442230799999948, -23.523823799999956 ], [ -47.442259499999984, -23.523694399999954 ], [ -47.442267499999957, -23.523565299999973 ], [ -47.442321599999957, -23.523406799999975 ], [ -47.442375699999964, -23.523253099999966 ], [ -47.442461599999945, -23.523132299999929 ], [ -47.442520699999932, -23.522969 ], [ -47.442544599999962, -23.522858699999983 ], [ -47.442609299999958, -23.52271439999992 ], [ -47.442678199999932, -23.522517499999942 ], [ -47.442736499999967, -23.522311099999971 ], [ -47.44280509999993, -23.522099899999933 ], [ -47.442858899999976, -23.522018199999934 ], [ -47.442926199999938, -23.521961699999959 ], [ -47.44298119999997, -23.521907399999964 ], [ -47.443071399999958, -23.521856299999968 ], [ -47.4431431, -23.521811199999942 ], [ -47.4432647, -23.521774899999972 ], [ -47.443382599999957, -23.521765399999925 ], [ -47.44359849999995, -23.521786799999973 ], [ -47.443773799999974, -23.521852899999946 ], [ -47.443944899999963, -23.521913299999937 ], [ -47.444132599999932, -23.521981 ], [ -47.444278899999979, -23.522049399999968 ], [ -47.444369, -23.522103399999935 ], [ -47.444452899999924, -23.522157499999935 ], [ -47.444498, -23.522242799999947 ], [ -47.444547299999954, -23.522328 ], [ -47.444607099999985, -23.522428299999945 ], [ -47.444673, -23.522515199999926 ], [ -47.444767799999966, -23.522597799999961 ], [ -47.444988099999939, -23.522783399999977 ], [ -47.445146, -23.522918299999962 ], [ -47.44524709999996, -23.52300479999996 ], [ -47.445310499999948, -23.523059 ], [ -47.445419499999957, -23.523176699999965 ], [ -47.445496699999978, -23.523324799999951 ], [ -47.445558299999959, -23.523423799999918 ], [ -47.445586799999944, -23.523469699999968 ], [ -47.445664799999975, -23.523659499999948 ], [ -47.445713599999976, -23.523843799999952 ], [ -47.445734199999947, -23.523912199999923 ], [ -47.445891399999937, -23.524005299999935 ], [ -47.4460711, -23.524095 ], [ -47.446228, -23.524176099999977 ], [ -47.446312599999935, -23.524195699999943 ], [ -47.446381599999938, -23.524248299999957 ], [ -47.446464399999968, -23.524351499999973 ], [ -47.44654189999995, -23.524514499999952 ], [ -47.446579399999962, -23.524618399999952 ], [ -47.446666299999947, -23.52476339999998 ], [ -47.44675639999997, -23.524905199999974 ], [ -47.446898499999982, -23.525064199999964 ], [ -47.447044299999966, -23.525241099999956 ], [ -47.447127199999962, -23.525350199999927 ], [ -47.447239, -23.525438 ], [ -47.447359699999936, -23.525489899999965 ], [ -47.447474799999952, -23.52558659999994 ], [ -47.447583299999962, -23.52567449999998 ], [ -47.447659, -23.525741899999961 ], [ -47.447958799999981, -23.525841699999948 ], [ -47.448177099999953, -23.525915899999973 ], [ -47.448369599999985, -23.525996499999959 ], [ -47.448536299999944, -23.526077399999959 ], [ -47.448650199999982, -23.52611149999996 ], [ -47.448732599999971, -23.526190799999938 ], [ -47.448798699999941, -23.526261399999942 ], [ -47.448832499999988, -23.526338499999952 ], [ -47.448837099999935, -23.526410099999957 ], [ -47.448835899999949, -23.52642139999994 ], [ -47.448826099999962, -23.526517699999932 ], [ -47.448804899999971, -23.526598699999962 ], [ -47.44875119999994, -23.526668199999961 ], [ -47.448671599999962, -23.526744099999966 ], [ -47.448563199999967, -23.52683239999994 ], [ -47.448438199999941, -23.526903 ], [ -47.448323199999948, -23.526988399999933 ], [ -47.448236899999976, -23.527049499999983 ], [ -47.448138099999937, -23.527134599999954 ], [ -47.448071, -23.527183499999985 ], [ -47.448039299999955, -23.527216799999959 ], [ -47.448012, -23.527318699999974 ], [ -47.447972099999966, -23.527435799999981 ], [ -47.447926699999982, -23.527609699999971 ], [ -47.447906099999955, -23.527720499999926 ], [ -47.44790919999997, -23.527884599999929 ], [ -47.447934299999986, -23.528053199999931 ], [ -47.448003299999982, -23.528142899999981 ], [ -47.448046699999971, -23.528247299999979 ], [ -47.448093699999966, -23.528304699999978 ], [ -47.448165699999947, -23.528342399999932 ], [ -47.448263699999984, -23.528388599999975 ], [ -47.448403899999967, -23.528443099999947 ], [ -47.44854469999995, -23.528527499999939 ], [ -47.448633799999982, -23.528618599999955 ], [ -47.448797799999966, -23.528732499999933 ], [ -47.448971499999978, -23.528846199999972 ], [ -47.449072699999931, -23.528886399999969 ], [ -47.449207399999985, -23.528991799999961 ], [ -47.44933229999998, -23.529094299999951 ], [ -47.449427899999932, -23.529182399999979 ], [ -47.449526, -23.529237499999969 ], [ -47.449617799999942, -23.529298799999939 ], [ -47.449667599999941, -23.529363699999976 ], [ -47.449701699999935, -23.529458699999967 ], [ -47.449710299999936, -23.529572 ], [ -47.449686199999974, -23.529667899999939 ], [ -47.449655499999949, -23.529761 ], [ -47.449682499999938, -23.529820199999975 ], [ -47.44972549999995, -23.529870299999963 ], [ -47.449949199999935, -23.529884699999968 ], [ -47.450085399999978, -23.529894499999958 ], [ -47.450205299999929, -23.529898599999971 ], [ -47.450357899999972, -23.529923099999955 ], [ -47.450471799999953, -23.529951099999945 ], [ -47.450621299999973, -23.529978599999925 ], [ -47.450809699999986, -23.530011499999947 ], [ -47.450933299999967, -23.530042399999957 ], [ -47.451038099999955, -23.530106399999969 ], [ -47.451140299999963, -23.530206299999971 ], [ -47.451216399999957, -23.530291699999964 ], [ -47.451331499999981, -23.530388399999932 ], [ -47.451424, -23.530485499999951 ], [ -47.451489799999933, -23.530544099999933 ], [ -47.451568499999951, -23.530593599999971 ], [ -47.45170289999993, -23.530684099999977 ], [ -47.451736599999954, -23.530758199999976 ], [ -47.451787, -23.53085289999995 ], [ -47.451807199999969, -23.530897399999951 ], [ -47.451792, -23.530951399999921 ], [ -47.451742199999956, -23.531056699999962 ], [ -47.451730399999974, -23.531122499999977 ], [ -47.451773499999952, -23.531172599999945 ], [ -47.451822699999987, -23.531210599999955 ], [ -47.451881, -23.531206699999927 ], [ -47.451958199999979, -23.531181599999965 ], [ -47.452071599999954, -23.531182799999961 ], [ -47.45215989999997, -23.531229199999935 ], [ -47.452202899999975, -23.531282299999933 ], [ -47.452203899999965, -23.531333 ], [ -47.452234199999964, -23.531395199999974 ], [ -47.452277199999976, -23.531445299999973 ], [ -47.452371599999935, -23.531473699999939 ], [ -47.452589, -23.531494099999971 ], [ -47.45282839999993, -23.53148739999995 ], [ -47.45293159999995, -23.531464799999988 ], [ -47.453041699999972, -23.531463099999936 ], [ -47.45318009999994, -23.53141909999994 ], [ -47.453302099999974, -23.531360499999945 ], [ -47.453420399999978, -23.531281 ], [ -47.453622399999972, -23.531173299999978 ], [ -47.453776299999966, -23.531087299999967 ], [ -47.453976, -23.53103039999996 ], [ -47.454146899999962, -23.530994899999932 ], [ -47.454349699999966, -23.530929 ], [ -47.454565099999968, -23.530844899999977 ], [ -47.454818799999941, -23.530730499999944 ], [ -47.455040099999962, -23.530616499999951 ], [ -47.455228899999945, -23.530497099999941 ], [ -47.455362599999944, -23.530375599999957 ], [ -47.455448799999942, -23.53030549999994 ], [ -47.455650399999968, -23.530179899999954 ], [ -47.455781699999932, -23.530097299999955 ], [ -47.455932399999938, -23.530017299999944 ], [ -47.456044599999977, -23.529958799999974 ], [ -47.456150899999962, -23.529927199999968 ], [ -47.45622869999994, -23.529935 ], [ -47.456306, -23.529909799999931 ], [ -47.456377, -23.529896799999964 ], [ -47.45645449999995, -23.529886599999934 ], [ -47.456558399999949, -23.529902899999954 ], [ -47.456665799999946, -23.529931 ], [ -47.456756799999937, -23.529950499999927 ], [ -47.456932299999949, -23.52998649999995 ], [ -47.457095299999935, -23.530040699999972 ], [ -47.457170399999946, -23.53007829999996 ], [ -47.457313199999938, -23.530097 ], [ -47.457416499999965, -23.530077399999982 ], [ -47.457581, -23.530042 ], [ -47.457667799999967, -23.530010699999934 ], [ -47.457782799999968, -23.52992229999996 ], [ -47.457896, -23.529917599999969 ], [ -47.4580615, -23.529938799999975 ], [ -47.45815639999995, -23.52999109999995 ], [ -47.458309099999951, -23.530111399999953 ], [ -47.458560299999931, -23.530244099999951 ], [ -47.458730899999978, -23.530272599999932 ], [ -47.45901989999993, -23.53025359999998 ], [ -47.459271099999974, -23.530192 ], [ -47.459650199999942, -23.530296199999952 ], [ -47.459944, -23.53044309999996 ], [ -47.460214099999973, -23.530585299999927 ], [ -47.460631099999944, -23.530656399999945 ], [ -47.460898899999954, -23.530682199999948 ], [ -47.461045599999977, -23.530733599999966 ], [ -47.461133399999945, -23.530760699999973 ], [ -47.461201899999942, -23.530781899999965 ], [ -47.461371399999962, -23.530838899999928 ], [ -47.461583299999972, -23.530919099999952 ], [ -47.461684599999955, -23.530968299999927 ], [ -47.461786499999953, -23.531047299999948 ], [ -47.461855799999967, -23.531120799999947 ], [ -47.461931699999987, -23.531197199999944 ], [ -47.461998199999982, -23.531285799999967 ], [ -47.462034899999935, -23.531347899999947 ], [ -47.462056099999984, -23.531440099999934 ], [ -47.462073399999952, -23.531499499999931 ], [ -47.462133499999936, -23.531597099999946 ], [ -47.462193799999966, -23.531709599999946 ], [ -47.4622184, -23.531810699999937 ], [ -47.462233899999944, -23.531947799999948 ], [ -47.462228099999948, -23.532159899999954 ], [ -47.462207099999944, -23.532422899999965 ], [ -47.462187, -23.532560599999954 ], [ -47.462157499999932, -23.532716299999937 ], [ -47.462143399999945, -23.532824 ], [ -47.462142399999948, -23.532946399999947 ], [ -47.462154099999964, -23.533053699999986 ], [ -47.462197399999987, -23.533118699999935 ], [ -47.462259599999982, -23.533153599999935 ], [ -47.462386799999933, -23.533202299999971 ], [ -47.462494399999969, -23.533242399999949 ], [ -47.462586099999953, -23.53330069999992 ], [ -47.462724199999975, -23.533408899999987 ], [ -47.462803099999974, -23.533476399999923 ], [ -47.462907399999949, -23.533513499999962 ], [ -47.463151499999981, -23.533575299999931 ], [ -47.463379599999939, -23.533652299999979 ], [ -47.463558899999953, -23.533721199999945 ], [ -47.463734599999952, -23.533763199999949 ], [ -47.463864199999939, -23.533767099999988 ], [ -47.464077499999981, -23.533748799999945 ], [ -47.464203699999985, -23.533743799999975 ], [ -47.464417099999942, -23.53372249999995 ], [ -47.464607899999976, -23.53371049999993 ], [ -47.46480169999996, -23.533686499999934 ], [ -47.464959799999967, -23.533654199999944 ], [ -47.465066799999931, -23.533661399999978 ], [ -47.465203599999938, -23.533707 ], [ -47.465305299999955, -23.533774099999956 ], [ -47.465388399999945, -23.533889199999972 ], [ -47.465401399999962, -23.533902099999978 ], [ -47.465318799999977, -23.534292599999958 ], [ -47.465281799999964, -23.534694099999964 ], [ -47.465250699999956, -23.534918 ], [ -47.465221, -23.535248199999948 ], [ -47.46523609999997, -23.535457699999938 ], [ -47.465305799999946, -23.535744099999935 ], [ -47.465376, -23.535976699999932 ], [ -47.46555549999993, -23.536287699999949 ], [ -47.465686, -23.536702699999967 ], [ -47.465748, -23.53682 ], [ -47.465945799999986, -23.537256399999933 ], [ -47.46598629999994, -23.537301199999948 ], [ -47.466091699999936, -23.537395 ], [ -47.466177799999976, -23.537501199999962 ], [ -47.466224799999964, -23.537587 ], [ -47.466268399999926, -23.537669899999965 ], [ -47.466337599999974, -23.537731499999943 ], [ -47.466465699999958, -23.537828 ], [ -47.46660739999993, -23.53796309999996 ], [ -47.466657599999962, -23.538048899999982 ], [ -47.466718299999968, -23.538176299999961 ], [ -47.466898399999934, -23.53861859999995 ], [ -47.46692939999997, -23.538738899999938 ], [ -47.466997399999975, -23.539174899999971 ], [ -47.467004399999951, -23.539314 ], [ -47.4669952, -23.539396799999952 ], [ -47.466478, -23.539605099999964 ], [ -47.466402299999963, -23.539635799999928 ], [ -47.466441799999984, -23.540047199999943 ], [ -47.466452299999958, -23.540577299999935 ], [ -47.466452799999963, -23.540701099999978 ], [ -47.466469599999982, -23.54115419999993 ], [ -47.466505499999982, -23.542080699999925 ], [ -47.466607099999983, -23.544012699999943 ], [ -47.466650599999987, -23.544245499999928 ], [ -47.466757599999944, -23.544582299999941 ], [ -47.466906399999971, -23.544916399999966 ], [ -47.467025799999938, -23.545176199999947 ], [ -47.467072799999983, -23.545273699999939 ], [ -47.467145799999969, -23.545368499999928 ], [ -47.467254599999933, -23.545564399999943 ], [ -47.467302699999955, -23.545792199999937 ], [ -47.46729339999996, -23.545848 ], [ -47.467289299999948, -23.545896 ], [ -47.467547299999978, -23.54588879999994 ], [ -47.468251599999981, -23.545912 ], [ -47.469321599999951, -23.546143799999978 ], [ -47.469422699999932, -23.546173599999982 ], [ -47.469598299999973, -23.546225499999927 ], [ -47.469809, -23.546328599999978 ], [ -47.470516199999956, -23.546770299999942 ], [ -47.470972099999983, -23.547000399999948 ], [ -47.471411199999977, -23.547219599999941 ], [ -47.471434899999963, -23.547279 ], [ -47.471570399999962, -23.547420099999954 ], [ -47.471640799999932, -23.547550299999944 ], [ -47.471683799999937, -23.547597399999965 ], [ -47.471708199999966, -23.547689599999956 ], [ -47.47172889999996, -23.547757899999972 ], [ -47.471775699999974, -23.547837799999968 ], [ -47.471865499999986, -23.547961799999943 ], [ -47.47193869999996, -23.548068099999963 ], [ -47.472032399999939, -23.548227799999946 ], [ -47.472063699999978, -23.548300899999969 ], [ -47.472073, -23.548322699999975 ], [ -47.472115299999984, -23.548504099999931 ], [ -47.472141599999986, -23.548700799999942 ], [ -47.47217349999994, -23.549019699999974 ], [ -47.47220139999996, -23.54912679999995 ], [ -47.472280699999942, -23.549212099999973 ], [ -47.472479799999974, -23.549295499999964 ], [ -47.472504, -23.549295299999979 ], [ -47.472811699999966, -23.549292499999975 ], [ -47.472892199999933, -23.54929159999995 ], [ -47.473098499999935, -23.549303899999927 ], [ -47.4731412, -23.549306699999935 ], [ -47.473581899999942, -23.549318799999984 ], [ -47.473691199999962, -23.549312099999959 ], [ -47.473721499999954, -23.549307 ], [ -47.473858, -23.549274599999933 ], [ -47.473956, -23.549292799999936 ], [ -47.474151799999959, -23.549361699999956 ], [ -47.474293299999943, -23.54943059999994 ], [ -47.474430399999967, -23.549549499999952 ], [ -47.474653399999973, -23.549538299999945 ], [ -47.474837499999978, -23.54952679999997 ], [ -47.4749389, -23.549564699999966 ], [ -47.47510879999993, -23.549586299999941 ], [ -47.475582699999968, -23.549561199999971 ], [ -47.475663, -23.549567599999932 ], [ -47.476415599999939, -23.549069899999935 ], [ -47.476647599999971, -23.54891959999998 ], [ -47.477252899999939, -23.548540799999952 ], [ -47.479345699999953, -23.547231899999929 ], [ -47.480686799999944, -23.546394899999932 ], [ -47.480696199999954, -23.546407199999983 ], [ -47.480853899999943, -23.54640849999992 ], [ -47.481023899999968, -23.546353199999945 ], [ -47.481178799999945, -23.546326799999971 ], [ -47.481391899999956, -23.546361599999948 ], [ -47.48162649999994, -23.546434299999927 ], [ -47.481804099999977, -23.546512699999937 ], [ -47.482038099999961, -23.54655669999994 ], [ -47.482115799999981, -23.546555499999947 ], [ -47.482324199999937, -23.546619 ], [ -47.482511799999934, -23.546673399999978 ], [ -47.482683599999973, -23.546718399999975 ], [ -47.482786099999949, -23.546725899999949 ], [ -47.482844499999935, -23.546730199999963 ], [ -47.483036199999965, -23.546731899999944 ], [ -47.483219299999973, -23.546685599999932 ], [ -47.483258, -23.546675799999942 ], [ -47.483293899999978, -23.54664479999996 ], [ -47.483431399999972, -23.546993199999974 ], [ -47.483472899999981, -23.546902399999961 ], [ -47.483624499999969, -23.546332599999964 ], [ -47.483709799999978, -23.545989 ], [ -47.483814099999961, -23.545562599999982 ], [ -47.483972799999947, -23.545152599999934 ], [ -47.484145799999958, -23.544870699999933 ], [ -47.484200299999934, -23.544802 ], [ -47.48446569999993, -23.544501099999927 ], [ -47.484714499999939, -23.544235699999945 ], [ -47.484901599999944, -23.544048499999967 ], [ -47.484930499999962, -23.544026 ], [ -47.485494, -23.54358649999994 ], [ -47.486005799999937, -23.543096 ], [ -47.486403799999948, -23.542664799999955 ], [ -47.486543599999948, -23.542534499999928 ], [ -47.486683399999947, -23.542413599999968 ], [ -47.486828, -23.542292799999924 ], [ -47.48687769999998, -23.54222169999996 ], [ -47.486925099999958, -23.542112699999954 ], [ -47.487139199999952, -23.542013599999962 ], [ -47.487222899999956, -23.541783 ], [ -47.487389, -23.541522399999959 ], [ -47.487535799999932, -23.541338499999942 ], [ -47.487693, -23.541154499999937 ], [ -47.487746499999957, -23.540972099999983 ], [ -47.487764399999939, -23.540819 ], [ -47.487726, -23.540705 ], [ -47.487742599999933, -23.540489699999966 ], [ -47.487837899999931, -23.540321 ], [ -47.487895899999955, -23.540100399999975 ], [ -47.487966599999943, -23.539913499999951 ], [ -47.48939, -23.539495799999941 ], [ -47.489492399999968, -23.539587599999948 ], [ -47.489772899999934, -23.539626099999964 ], [ -47.489830399999967, -23.53962 ], [ -47.490042, -23.539607399999966 ], [ -47.490388099999961, -23.539554099999982 ], [ -47.490556, -23.53966129999997 ], [ -47.490868099999943, -23.539727899999956 ], [ -47.491015599999969, -23.539765599999953 ], [ -47.491295, -23.539835799999928 ], [ -47.491603699999985, -23.539998 ], [ -47.491729599999985, -23.540077199999928 ], [ -47.491853499999934, -23.540333099999952 ], [ -47.491949499999976, -23.540474899999928 ], [ -47.492030299999954, -23.540640799999949 ], [ -47.492090599999983, -23.540816599999967 ], [ -47.492146199999979, -23.541016299999967 ], [ -47.492279, -23.541190899999943 ], [ -47.492415899999976, -23.541303399999943 ], [ -47.492587699999945, -23.541386399999961 ], [ -47.492872399999953, -23.541302499999976 ], [ -47.492921699999961, -23.541483299999985 ], [ -47.493057, -23.541508099999916 ], [ -47.493248699999981, -23.541505 ], [ -47.493456099999946, -23.541516 ], [ -47.493643399999939, -23.541556 ], [ -47.493973499999981, -23.541479 ], [ -47.494139299999972, -23.541476399999958 ], [ -47.494358199999965, -23.541400899999932 ], [ -47.494386399999939, -23.541391199999957 ], [ -47.494612099999983, -23.541272899999967 ], [ -47.494816499999956, -23.541121599999933 ], [ -47.494964399999958, -23.540995 ], [ -47.495079399999959, -23.540773399999971 ], [ -47.495196499999963, -23.540666499999929 ], [ -47.495257899999963, -23.54062249999992 ], [ -47.49535579999997, -23.540597 ], [ -47.49556819999998, -23.540593599999962 ], [ -47.495837399999971, -23.540584499999969 ], [ -47.496106499999946, -23.540565899999933 ], [ -47.496369799999968, -23.540513899999958 ], [ -47.496544099999937, -23.540420299999933 ], [ -47.496775099999986, -23.540306699999974 ], [ -47.497006199999923, -23.54019319999998 ], [ -47.497344899999973, -23.540025299999968 ], [ -47.497648599999934, -23.539920099999961 ], [ -47.497883699999939, -23.539749199999964 ], [ -47.498031699999956, -23.539627399999976 ], [ -47.498271799999948, -23.539446799999951 ], [ -47.498431, -23.539372499999949 ], [ -47.498608899999965, -23.539188199999955 ], [ -47.498698799999943, -23.53901 ], [ -47.498809, -23.53881239999998 ], [ -47.498966799999948, -23.538661699999977 ], [ -47.499180299999985, -23.538448099999979 ], [ -47.499398, -23.538177099999935 ], [ -47.499621499999932, -23.53793949999994 ], [ -47.499768699999954, -23.537779499999949 ], [ -47.500024399999973, -23.537603399999956 ], [ -47.500144499999976, -23.537377 ], [ -47.500286499999959, -23.537217 ], [ -47.50054659999995, -23.536997899999957 ], [ -47.500743199999938, -23.536708099999945 ], [ -47.500877799999955, -23.536428899999986 ], [ -47.500932399999954, -23.536303799999928 ], [ -47.501021799999933, -23.536213099999934 ], [ -47.50105259999998, -23.536179099999963 ], [ -47.501094899999941, -23.536129199999944 ], [ -47.50133059999996, -23.535991699999951 ], [ -47.501385199999966, -23.535977599999971 ], [ -47.501567799999982, -23.535930599999961 ], [ -47.50185369999997, -23.535983299999934 ], [ -47.502107399999943, -23.535974399999926 ], [ -47.502293199999947, -23.535933199999935 ], [ -47.502571799999934, -23.535871399999962 ], [ -47.50276759999997, -23.53581569999994 ], [ -47.50293889999994, -23.535832099999933 ], [ -47.503004399999959, -23.535872499999982 ], [ -47.503127599999971, -23.535948399999931 ], [ -47.503301799999981, -23.536117599999947 ], [ -47.50348159999993, -23.53631049999996 ], [ -47.503733599999983, -23.536488 ], [ -47.503891299999964, -23.53660489999994 ], [ -47.503980799999965, -23.53667989999996 ], [ -47.5040815, -23.536802399999946 ], [ -47.504131299999983, -23.536968799999965 ], [ -47.504219599999935, -23.537254 ], [ -47.504292599999985, -23.537553799999955 ], [ -47.504332, -23.537715499999933 ], [ -47.504406899999935, -23.537843299999953 ], [ -47.504528599999958, -23.537975099999979 ], [ -47.504628299999979, -23.53804039999995 ], [ -47.504697299999975, -23.53813 ], [ -47.504776199999988, -23.538190799999938 ], [ -47.504907899999985, -23.538308099999941 ], [ -47.505164099999945, -23.538428199999938 ], [ -47.505357399999987, -23.538515799999981 ], [ -47.505571499999981, -23.538603199999951 ], [ -47.505645199999954, -23.538667399999952 ], [ -47.505686299999979, -23.538687099999954 ], [ -47.505691599999984, -23.538689599999934 ], [ -47.505710499999964, -23.538698699999948 ], [ -47.505771, -23.538743199999935 ], [ -47.506053599999973, -23.538891499999981 ], [ -47.506215599999962, -23.538965399999935 ], [ -47.506404499999981, -23.539091299999939 ], [ -47.506540799999982, -23.539175099999959 ], [ -47.506676899999945, -23.539244499999938 ], [ -47.506885499999946, -23.539317599999944 ], [ -47.507047499999942, -23.539391399999943 ], [ -47.507241, -23.53948859999997 ], [ -47.507343299999953, -23.539553799999954 ], [ -47.507468799999977, -23.539613899999949 ], [ -47.507547399999964, -23.539662799999967 ], [ -47.507595399999964, -23.53973359999998 ], [ -47.507673599999976, -23.539897199999928 ], [ -47.507696299999957, -23.539997099999933 ], [ -47.507728899999961, -23.540077799999938 ], [ -47.507754499999969, -23.54019679999994 ], [ -47.50777259999996, -23.540332699999954 ], [ -47.507779, -23.540572399999974 ], [ -47.50782879999997, -23.540577599999938 ], [ -47.508036699999941, -23.540616499999945 ], [ -47.508110399999964, -23.540617399999967 ], [ -47.508193699999943, -23.540609299999971 ], [ -47.508271899999954, -23.540572799999946 ], [ -47.508328, -23.540530199999985 ], [ -47.508371899999986, -23.540488299999936 ], [ -47.508799899999985, -23.540274 ], [ -47.509117299999957, -23.539879799999937 ], [ -47.509192699999971, -23.539833099999953 ], [ -47.509261099999947, -23.539795099999939 ], [ -47.509363, -23.539627599999957 ], [ -47.509392199999979, -23.539596 ], [ -47.509443099999935, -23.539552299999968 ], [ -47.509508699999962, -23.539515899999962 ], [ -47.509559699999954, -23.539506199999956 ], [ -47.509632499999952, -23.539513499999934 ], [ -47.509751499999943, -23.539545099999927 ], [ -47.509885, -23.539586299999929 ], [ -47.509937899999954, -23.539598199999947 ], [ -47.509976, -23.539516299999946 ], [ -47.510044099999966, -23.539493499999928 ], [ -47.510209, -23.539447799999941 ], [ -47.510345599999944, -23.53940979999993 ] ] ], [ [ [ -47.525167299999964, -23.430867699999954 ], [ -47.524247699999933, -23.431026699999968 ], [ -47.525352799999951, -23.435687299999916 ], [ -47.52712369999994, -23.437727099999957 ], [ -47.52727729999998, -23.438122099999934 ], [ -47.527833, -23.438027199999972 ], [ -47.527035599999977, -23.434540799999979 ], [ -47.525859, -23.43063189999998 ], [ -47.525413699999945, -23.430804099999921 ], [ -47.525167299999964, -23.430867699999954 ] ] ], [ [ [ -47.48069629999997, -23.428698 ], [ -47.480746599999982, -23.428786899999981 ], [ -47.480851, -23.428860299999943 ], [ -47.480997899999977, -23.428918299999967 ], [ -47.481287899999984, -23.429026599999919 ], [ -47.481361399999969, -23.429061399999959 ], [ -47.481446399999982, -23.429123299999951 ], [ -47.481512199999941, -23.429189 ], [ -47.481593399999952, -23.429247 ], [ -47.481697799999949, -23.42930889999997 ], [ -47.481813799999941, -23.429363 ], [ -47.482735299999945, -23.429635 ], [ -47.482769899999944, -23.429645399999963 ], [ -47.482837299999979, -23.429515399999961 ], [ -47.482887799999958, -23.429124499999944 ], [ -47.482956799999954, -23.427459899999981 ], [ -47.483000699999941, -23.426482299999961 ], [ -47.482949599999976, -23.426096799999968 ], [ -47.482909399999983, -23.425964299999968 ], [ -47.482945899999947, -23.425964399999952 ], [ -47.483055099999945, -23.425964699999952 ], [ -47.484163399999936, -23.426075099999931 ], [ -47.485273899999989, -23.423812599999952 ], [ -47.485782, -23.42262159999996 ], [ -47.486093899999958, -23.420966199999949 ], [ -47.486986799999954, -23.421122499999974 ], [ -47.48720979999996, -23.421043699999924 ], [ -47.489998899999932, -23.419701499999984 ], [ -47.490044899999923, -23.417604599999947 ], [ -47.490127499999971, -23.417055399999978 ], [ -47.490384699999943, -23.415653799999969 ], [ -47.490392199999981, -23.41560909999998 ], [ -47.490392199999974, -23.415545699999935 ], [ -47.49039589999996, -23.415467499999981 ], [ -47.490395899999953, -23.415355599999934 ], [ -47.487413799999956, -23.41683549999993 ], [ -47.486076899999944, -23.417496199999967 ], [ -47.486077099999932, -23.417499099999926 ], [ -47.482707499999947, -23.419214499999956 ], [ -47.482794299999973, -23.419383599999932 ], [ -47.482373799999948, -23.419447599999955 ], [ -47.481327299999975, -23.419948499999979 ], [ -47.479703299999983, -23.414911599999975 ], [ -47.479094899999957, -23.412991699999957 ], [ -47.47888149999995, -23.41301749999996 ], [ -47.47863719999998, -23.413006199999916 ], [ -47.478267799999969, -23.411898 ], [ -47.478227799999956, -23.41160809999997 ], [ -47.477902599999943, -23.411632699999917 ], [ -47.477570799999967, -23.411872 ], [ -47.477091099999939, -23.412290399999961 ], [ -47.47662569999995, -23.412646299999953 ], [ -47.476106199999947, -23.413012499999969 ], [ -47.475596499999938, -23.413348899999953 ], [ -47.474918699999932, -23.413898199999952 ], [ -47.474755399999935, -23.414056499999969 ], [ -47.474735399999986, -23.414073599999945 ], [ -47.472616599999988, -23.414621299999965 ], [ -47.472907899999932, -23.415254799999946 ], [ -47.472970799999985, -23.415346599999964 ], [ -47.473148699999967, -23.415485799999942 ], [ -47.473496699999949, -23.415942 ], [ -47.473751899999968, -23.416460199999964 ], [ -47.4738756, -23.416839099999944 ], [ -47.473960699999964, -23.417558299999936 ], [ -47.473953, -23.417821199999931 ], [ -47.473960699999964, -23.418045499999955 ], [ -47.473937499999977, -23.418130499999947 ], [ -47.473898799999972, -23.418300699999961 ], [ -47.473898799999979, -23.418517199999929 ], [ -47.473898799999972, -23.418671899999936 ], [ -47.473937499999984, -23.418911599999948 ], [ -47.473991599999977, -23.419174499999944 ], [ -47.474007099999938, -23.419468399999964 ], [ -47.473937499999984, -23.419715799999942 ], [ -47.473837, -23.420007799999954 ], [ -47.473635899999977, -23.420827499999966 ], [ -47.473581799999984, -23.421020799999948 ], [ -47.473543099999972, -23.421320499999972 ], [ -47.473589499999946, -23.421637499999964 ], [ -47.473620399999966, -23.421799899999932 ], [ -47.47368229999995, -23.421954599999935 ], [ -47.473775099999955, -23.422140199999948 ], [ -47.473837, -23.422263899999962 ], [ -47.473883399999977, -23.422488199999986 ], [ -47.47386019999994, -23.42265059999994 ], [ -47.473844699999972, -23.422820699999932 ], [ -47.473945199999946, -23.423408399999971 ], [ -47.473945199999946, -23.423632699999924 ], [ -47.474014799999964, -23.423864699999964 ], [ -47.474393699999951, -23.424220399999971 ], [ -47.47477269999996, -23.424529799999949 ], [ -47.47546089999998, -23.424846799999965 ], [ -47.476110499999947, -23.424978299999967 ], [ -47.477092599999935, -23.425040099999936 ], [ -47.477142899999933, -23.425152299999979 ], [ -47.477231799999977, -23.425295299999956 ], [ -47.477258899999981, -23.425399699999954 ], [ -47.477262799999949, -23.425496399999918 ], [ -47.477270499999975, -23.425573699999973 ], [ -47.477332399999966, -23.425674299999979 ], [ -47.477405799999985, -23.425774799999939 ], [ -47.47747929999997, -23.425844399999963 ], [ -47.477622399999973, -23.42590239999992 ], [ -47.478206199999931, -23.426068699999966 ], [ -47.47874749999994, -23.426246499999944 ], [ -47.478840299999945, -23.426296799999921 ], [ -47.478925399999987, -23.426443699999943 ], [ -47.478975699999978, -23.426606099999951 ], [ -47.479022099999959, -23.426799499999959 ], [ -47.479041399999964, -23.426915399999917 ], [ -47.479095499999971, -23.427062399999954 ], [ -47.47916129999993, -23.427178399999946 ], [ -47.479257899999944, -23.427298199999949 ], [ -47.479343, -23.427360099999927 ], [ -47.48046039999997, -23.428160499999933 ], [ -47.480526199999986, -23.428241699999951 ], [ -47.480572599999967, -23.428307399999952 ], [ -47.480611199999949, -23.428454399999964 ], [ -47.48065379999997, -23.428589699999968 ], [ -47.48069629999997, -23.428698 ] ] ], [ [ [ -47.515035099999977, -23.418567899999985 ], [ -47.515221799999949, -23.417715299999944 ], [ -47.515249199999978, -23.417624099999948 ], [ -47.515281099999989, -23.417519199999955 ], [ -47.515326699999946, -23.417423399999961 ], [ -47.515367799999979, -23.417359499999979 ], [ -47.515408799999932, -23.417300199999943 ], [ -47.515481799999982, -23.417204399999953 ], [ -47.515522899999951, -23.417136 ], [ -47.515554799999968, -23.417076699999939 ], [ -47.515603799999958, -23.416933 ], [ -47.515627599999959, -23.416971699999973 ], [ -47.515654299999944, -23.417036699999986 ], [ -47.517579, -23.416448799999952 ], [ -47.517862699999974, -23.416449499999935 ], [ -47.518904599999985, -23.416714599999967 ], [ -47.520287099999962, -23.417017199999982 ], [ -47.520346199999949, -23.417031 ], [ -47.520351199999936, -23.41683709999996 ], [ -47.520361799999932, -23.415445599999941 ], [ -47.52037229999997, -23.415083899999967 ], [ -47.520382899999959, -23.413798 ], [ -47.520317399999954, -23.413762899999938 ], [ -47.519189199999971, -23.413541199999948 ], [ -47.517760599999974, -23.413206 ], [ -47.517751299999986, -23.41323 ], [ -47.51731019999994, -23.414557199999944 ], [ -47.515168099999975, -23.413951099999977 ], [ -47.513528499999957, -23.413462699999968 ], [ -47.513492399999961, -23.413450799999971 ], [ -47.513117899999941, -23.414428099999949 ], [ -47.513145099999974, -23.414432599999934 ], [ -47.514837499999942, -23.414916099999981 ], [ -47.516975799999955, -23.415542799999976 ], [ -47.516742, -23.416249899999972 ], [ -47.516674699999953, -23.416420899999942 ], [ -47.516630199999952, -23.416492799999958 ], [ -47.516585699999951, -23.416549799999935 ], [ -47.516502499999945, -23.416623899999941 ], [ -47.516406699999948, -23.416676399999972 ], [ -47.516284699999979, -23.416719699999938 ], [ -47.516176299999977, -23.416750499999971 ], [ -47.516044, -23.416781299999965 ], [ -47.515947099999956, -23.416795 ], [ -47.51587069999993, -23.416797299999917 ], [ -47.515788599999951, -23.416790399999961 ], [ -47.515711, -23.416769899999959 ], [ -47.515634599999949, -23.416734499999961 ], [ -47.515574199999946, -23.416700299999949 ], [ -47.515503499999966, -23.416631299999949 ], [ -47.515384899999965, -23.416517299999956 ], [ -47.515302799999979, -23.416458 ], [ -47.515170499999961, -23.416375899999938 ], [ -47.515029099999943, -23.416316599999963 ], [ -47.513190699999946, -23.415801099999957 ], [ -47.513140499999963, -23.415805699999961 ], [ -47.513090299999931, -23.415828499999968 ], [ -47.513040199999978, -23.415865 ], [ -47.513003699999963, -23.415928799999953 ], [ -47.512985399999934, -23.416015499999943 ], [ -47.512713799999972, -23.41675889999993 ], [ -47.512125699999963, -23.416592399999953 ], [ -47.511924799999981, -23.416536699999934 ], [ -47.511879199999953, -23.416532099999987 ], [ -47.511746899999942, -23.41658 ], [ -47.511588099999976, -23.416641599999942 ], [ -47.51091439999994, -23.416892499999953 ], [ -47.510475299999946, -23.417060699999983 ], [ -47.510372699999948, -23.41712 ], [ -47.510292899999968, -23.417186199999954 ], [ -47.51024039999993, -23.417170199999926 ], [ -47.51019249999996, -23.417172499999932 ], [ -47.510117199999968, -23.417204399999942 ], [ -47.510076299999973, -23.417247799999917 ], [ -47.510048799999936, -23.417295599999935 ], [ -47.510026, -23.417384599999931 ], [ -47.5099302, -23.417909199999944 ], [ -47.509907199999937, -23.418005 ], [ -47.510139499999987, -23.418000299999946 ], [ -47.51012639999994, -23.418080199999963 ], [ -47.510003199999971, -23.418655 ], [ -47.50996669999995, -23.418837499999931 ], [ -47.509948399999985, -23.418937899999946 ], [ -47.509948399999985, -23.419024499999985 ], [ -47.50995759999995, -23.419083799999949 ], [ -47.50999859999996, -23.419147699999932 ], [ -47.510418299999969, -23.419617499999958 ], [ -47.510490299999965, -23.419716299999944 ], [ -47.511700399999938, -23.420201 ], [ -47.511782499999974, -23.420200599999934 ], [ -47.511850699999968, -23.420171299999936 ], [ -47.514540199999942, -23.420675599999978 ], [ -47.515822499999956, -23.420979 ], [ -47.515839099999937, -23.420974199999925 ], [ -47.515853299999954, -23.42095529999995 ], [ -47.515874599999961, -23.420913199999969 ], [ -47.5167077, -23.421146699999948 ], [ -47.517730399999948, -23.421366499999966 ], [ -47.519261499999971, -23.421669099999978 ], [ -47.519295, -23.421716199999924 ], [ -47.519276599999955, -23.421365 ], [ -47.519239599999942, -23.421309499999953 ], [ -47.519292399999983, -23.421182799999947 ], [ -47.519472, -23.420757699999971 ], [ -47.519664699999964, -23.420316799999963 ], [ -47.51982049999998, -23.419918099999965 ], [ -47.519778199999962, -23.419884099999937 ], [ -47.518360899999948, -23.419527299999977 ], [ -47.517352399999929, -23.4192796 ], [ -47.516226599999982, -23.418975599999953 ], [ -47.515652399999965, -23.418294199999931 ], [ -47.515073899999955, -23.418554099999941 ], [ -47.515035099999977, -23.418567899999985 ] ] ], [ [ [ -47.520649, -23.402253499999969 ], [ -47.520563699999968, -23.402187399999949 ], [ -47.520502799999981, -23.402104699999924 ], [ -47.520457799999974, -23.402026 ], [ -47.520448399999964, -23.401937899999943 ], [ -47.520454099999938, -23.401730699999977 ], [ -47.520495299999936, -23.401638899999966 ], [ -47.520551499999954, -23.401571399999963 ], [ -47.520740799999942, -23.401451499999951 ], [ -47.520842099999982, -23.401430799999954 ], [ -47.520937699999934, -23.401427099999982 ], [ -47.521194399999963, -23.401470199999952 ], [ -47.521310699999958, -23.401475799999957 ], [ -47.521387499999953, -23.401468299999966 ], [ -47.521591799999953, -23.401406499999947 ], [ -47.521955499999933, -23.401242499999956 ], [ -47.522101699999951, -23.401158099999972 ], [ -47.522231, -23.401045699999941 ], [ -47.522306899999926, -23.400947299999924 ], [ -47.522321, -23.400840399999925 ], [ -47.522332199999937, -23.399682 ], [ -47.522391299999988, -23.398696599999944 ], [ -47.522335, -23.397070099999944 ], [ -47.522278799999988, -23.393898599999936 ], [ -47.522202899999968, -23.39199089999995 ], [ -47.522277, -23.391919799999986 ], [ -47.522930299999985, -23.391985499999976 ], [ -47.522831299999957, -23.390789699999964 ], [ -47.522716599999967, -23.390111099999949 ], [ -47.52351009999996, -23.38986309999995 ], [ -47.523665199999989, -23.389812 ], [ -47.52382689999996, -23.389689799999928 ], [ -47.523878599999932, -23.389674199999938 ], [ -47.523822699999982, -23.38993459999995 ], [ -47.523848, -23.389955699999984 ], [ -47.523916499999984, -23.389971499999941 ], [ -47.523981899999967, -23.389945099999967 ], [ -47.524004099999956, -23.389917699999959 ], [ -47.524203899999975, -23.389346799999945 ], [ -47.523819, -23.389157 ], [ -47.5237178, -23.389143799999946 ], [ -47.523692499999981, -23.389150199999957 ], [ -47.523661899999986, -23.389172299999931 ], [ -47.523645, -23.389239799999928 ], [ -47.523396199999979, -23.389422199999952 ], [ -47.523567, -23.388083199999979 ], [ -47.52330029999996, -23.387857499999935 ], [ -47.522117299999941, -23.38820329999993 ], [ -47.52200129999995, -23.386723 ], [ -47.520491, -23.386392 ], [ -47.519999599999949, -23.386415199999934 ], [ -47.519144599999947, -23.38660069999997 ], [ -47.518305799999951, -23.386724099999977 ], [ -47.518244699999968, -23.386747299999968 ], [ -47.5181477, -23.386816899999918 ], [ -47.517790299999945, -23.386621799999951 ], [ -47.517755499999964, -23.38661019999995 ], [ -47.517628899999977, -23.386599699999984 ], [ -47.51757989999993, -23.386606 ], [ -47.517504, -23.386628199999965 ], [ -47.517466, -23.386651299999979 ], [ -47.517097499999977, -23.387130499999948 ], [ -47.516551399999976, -23.38774 ], [ -47.516294099999975, -23.387579699999943 ], [ -47.516258299999954, -23.387523799999929 ], [ -47.51622349999996, -23.387387799999935 ], [ -47.516153599999939, -23.38722219999994 ], [ -47.516117, -23.387165299999928 ], [ -47.516061799999925, -23.387125899999941 ], [ -47.516045199999951, -23.387827599999977 ], [ -47.516021299999984, -23.388571399999936 ], [ -47.515993099999953, -23.389427899999919 ], [ -47.515981699999941, -23.389792599999954 ], [ -47.515970899999957, -23.390299599999928 ], [ -47.515957499999949, -23.390749299999989 ], [ -47.515937299999962, -23.391555299999926 ], [ -47.515919799999949, -23.39220859999994 ], [ -47.515899599999962, -23.392834199999974 ], [ -47.5158785, -23.393669599999946 ], [ -47.515880299999935, -23.393909399999927 ], [ -47.515880699999968, -23.393967099999937 ], [ -47.51588559999994, -23.394035199999959 ], [ -47.515900099999953, -23.394703899999975 ], [ -47.515938299999959, -23.39598859999996 ], [ -47.515964499999939, -23.39659069999994 ], [ -47.516004799999955, -23.397611899999958 ], [ -47.516026199999949, -23.398095 ], [ -47.516030099999973, -23.398197099999937 ], [ -47.516059899999959, -23.398507199999976 ], [ -47.516088099999934, -23.398701599999978 ], [ -47.516143, -23.399002499999945 ], [ -47.516162, -23.39907449999998 ], [ -47.516284199999973, -23.399495899999966 ], [ -47.516380699999957, -23.399750799999943 ], [ -47.516758399999965, -23.400554299999953 ], [ -47.517153399999984, -23.401325199999974 ], [ -47.517382599999962, -23.401789 ], [ -47.517814599999951, -23.402654699999978 ], [ -47.518173699999977, -23.40335209999995 ], [ -47.518476899999939, -23.403947699999957 ], [ -47.519276, -23.403681299999956 ], [ -47.521841599999952, -23.402868699999935 ], [ -47.521909099999959, -23.402120899999939 ], [ -47.521869699999968, -23.402044899999964 ], [ -47.521776899999971, -23.401960599999931 ], [ -47.521647599999945, -23.401887499999919 ], [ -47.521585699999946, -23.401881899999982 ], [ -47.521512599999944, -23.401905799999941 ], [ -47.521228699999945, -23.402195399999982 ], [ -47.521138699999938, -23.402257199999955 ], [ -47.521054299999946, -23.402293799999931 ], [ -47.520919399999961, -23.402305 ], [ -47.520770799999987, -23.402299899999942 ], [ -47.520706199999957, -23.402283 ], [ -47.520649, -23.402253499999969 ] ] ] ] } }
]
}
