{
"type": "FeatureCollection",
"name": "4200606",
"crs": { "type": "name", "properties": { "name": "urn:ogc:def:crs:OGC:1.3:CRS84" } },
"features": [
{ "type": "Feature", "properties": { "CD_MUN": "4200606", "NM_MUN": "Águas Mornas" }, "geometry": { "type": "Polygon", "coordinates": [ [ [ -48.900339299999985, -27.730868599999955 ], [ -48.905997499999955, -27.73190019999992 ], [ -48.911097299999938, -27.737980499999935 ], [ -48.917691899999966, -27.739910099999978 ], [ -48.923804799999971, -27.746615199999955 ], [ -48.923911199999971, -27.748482899999939 ], [ -48.926556699999942, -27.749869 ], [ -48.92682659999997, -27.749862 ], [ -48.926992599999956, -27.749827499999967 ], [ -48.927290099999937, -27.749661399999987 ], [ -48.927553, -27.749419299999929 ], [ -48.92762909999994, -27.749384699999947 ], [ -48.927829699999954, -27.749225499999966 ], [ -48.928044199999931, -27.749163299999964 ], [ -48.928341699999983, -27.749101 ], [ -48.928646099999987, -27.748997199999959 ], [ -48.928929799999942, -27.748838099999947 ], [ -48.929234199999939, -27.748658199999962 ], [ -48.929517899999951, -27.748312299999949 ], [ -48.929815399999946, -27.747987099999932 ], [ -48.929869199999985, -27.74783919999993 ], [ -48.929623399999961, -27.747683599999956 ], [ -48.929402, -27.747410299999963 ], [ -48.929239399999979, -27.747188899999973 ], [ -48.92917019999993, -27.747060899999958 ], [ -48.92909979999996, -27.746931199999946 ], [ -48.928753499999964, -27.746634699999966 ], [ -48.927722, -27.745678799999947 ], [ -48.926175499999943, -27.744136799999975 ], [ -48.925797, -27.743715 ], [ -48.92539069999998, -27.743204399999968 ], [ -48.925273599999969, -27.743040199999939 ], [ -48.925194599999941, -27.742962599999942 ], [ -48.924926899999939, -27.742846199999978 ], [ -48.924537899999955, -27.742681299999944 ], [ -48.924122199999942, -27.742513299999935 ], [ -48.923787199999929, -27.742421499999985 ], [ -48.923552699999966, -27.742309299999935 ], [ -48.923437899999954, -27.742196099999944 ], [ -48.923285499999963, -27.742026699999951 ], [ -48.923187, -27.741843699999954 ], [ -48.922989299999976, -27.74126949999993 ], [ -48.922945199999965, -27.741136799999936 ], [ -48.922880199999959, -27.741043799999936 ], [ -48.922782899999959, -27.740893399999951 ], [ -48.922579499999983, -27.740694899999934 ], [ -48.921894899999977, -27.740116899999975 ], [ -48.921073799999931, -27.739389599999985 ], [ -48.920804499999974, -27.739208699999946 ], [ -48.920626599999935, -27.739111699999967 ], [ -48.920423199999959, -27.739034299999947 ], [ -48.919817199999954, -27.738878599999971 ], [ -48.917663499999946, -27.738473199999927 ], [ -48.916641, -27.738311899999921 ], [ -48.915979599999957, -27.738232699999973 ], [ -48.915632199999948, -27.738156399999976 ], [ -48.915533899999964, -27.738106499999951 ], [ -48.915298399999983, -27.73794329999998 ], [ -48.915078199999989, -27.737744699999947 ], [ -48.914321199999968, -27.736959399999932 ], [ -48.913778, -27.73643949999996 ], [ -48.91356, -27.736241099999972 ], [ -48.913223, -27.735934599999947 ], [ -48.913022799999965, -27.735756699999971 ], [ -48.912737499999935, -27.735555199999975 ], [ -48.912304199999937, -27.735230099999963 ], [ -48.911978199999965, -27.734980199999939 ], [ -48.911869799999977, -27.734826 ], [ -48.911774399999949, -27.734704099999931 ], [ -48.911616799999933, -27.734233199999942 ], [ -48.911403299999954, -27.733458599999949 ], [ -48.911209899999967, -27.733075399999965 ], [ -48.911100899999958, -27.732911399999971 ], [ -48.912081799999953, -27.73208939999995 ], [ -48.911600799999974, -27.730515399999948 ], [ -48.91098, -27.72968469999994 ], [ -48.910770099999979, -27.729081399999917 ], [ -48.910848799999947, -27.728093299999951 ], [ -48.910595199999939, -27.727140099999925 ], [ -48.910114299999975, -27.72654549999994 ], [ -48.909266099999968, -27.725959599999943 ], [ -48.908164299999953, -27.725268799999974 ], [ -48.907971899999957, -27.725067699999958 ], [ -48.907622099999969, -27.725050199999938 ], [ -48.907342299999982, -27.725321299999969 ], [ -48.907342299999982, -27.725714799999931 ], [ -48.907088699999974, -27.726195699999948 ], [ -48.9067477, -27.726475499999935 ], [ -48.906485399999951, -27.726606699999927 ], [ -48.906258, -27.727000199999956 ], [ -48.905917, -27.728093299999951 ], [ -48.905593399999987, -27.728591699999985 ], [ -48.905462299999961, -27.728670399999945 ], [ -48.904972599999951, -27.728819 ], [ -48.904421699999951, -27.728932699999969 ], [ -48.901947, -27.728067 ], [ -48.90088019999996, -27.727647299999937 ], [ -48.900390499999958, -27.72699149999994 ], [ -48.900067, -27.726694199999937 ], [ -48.899437399999947, -27.726519299999943 ], [ -48.899472399999979, -27.726335599999977 ], [ -48.900268099999948, -27.72623939999994 ], [ -48.900381799999934, -27.725295099999979 ], [ -48.899734699999954, -27.724936499999945 ], [ -48.897985799999958, -27.722208299999981 ], [ -48.897233799999988, -27.721298899999958 ], [ -48.896586699999943, -27.721036499999961 ], [ -48.895712299999957, -27.720940299999942 ], [ -48.895061099999971, -27.721005399999964 ], [ -48.895167099999988, -27.720841 ], [ -48.895235399999933, -27.720703499999949 ], [ -48.895298699999955, -27.720599299999957 ], [ -48.895359799999937, -27.720532199999983 ], [ -48.89548619999993, -27.720466399999971 ], [ -48.895718499999937, -27.720399099999963 ], [ -48.895951499999967, -27.720319199999945 ], [ -48.896318699999938, -27.720081499999942 ], [ -48.896845199999973, -27.719571799999983 ], [ -48.896713699999964, -27.719593399999958 ], [ -48.896511, -27.719614399999951 ], [ -48.896477, -27.719618 ], [ -48.896407799999963, -27.719625099999973 ], [ -48.89629519999994, -27.71963679999994 ], [ -48.8960575, -27.719664899999948 ], [ -48.895955799999967, -27.719675099999968 ], [ -48.895719699999972, -27.719699399999971 ], [ -48.895515099999955, -27.719718099999962 ], [ -48.89540889999995, -27.719731599999928 ], [ -48.895297599999942, -27.719737399999929 ], [ -48.895174599999962, -27.719752899999929 ], [ -48.895101499999953, -27.719762399999983 ], [ -48.89504339999997, -27.71976989999996 ], [ -48.894899599999974, -27.719788199999986 ], [ -48.89474359999997, -27.719808899999986 ], [ -48.894574799999923, -27.719828799999963 ], [ -48.894395599999946, -27.719848399999933 ], [ -48.894209099999955, -27.719870299999979 ], [ -48.894091199999934, -27.719887099999934 ], [ -48.893833399999941, -27.719909699999967 ], [ -48.893647099999953, -27.719930599999937 ], [ -48.893462199999931, -27.719953299999933 ], [ -48.893386199999952, -27.719961799999965 ], [ -48.893277499999954, -27.719974099999945 ], [ -48.893094299999973, -27.719998 ], [ -48.89291239999995, -27.720019399999945 ], [ -48.892732599999938, -27.720039899999946 ], [ -48.892557, -27.720060899999961 ], [ -48.892385799999943, -27.720081899999972 ], [ -48.89221809999998, -27.720101899999968 ], [ -48.892052599999943, -27.72012019999994 ], [ -48.891889699999979, -27.720139099999979 ], [ -48.891569099999977, -27.720175599999948 ], [ -48.89141189999998, -27.720199099999945 ], [ -48.891255599999965, -27.720218199999977 ], [ -48.891100699999981, -27.720236499999942 ], [ -48.890947299999944, -27.720254 ], [ -48.890794799999988, -27.720270399999958 ], [ -48.890642799999974, -27.720287099999943 ], [ -48.890490799999952, -27.720304699999929 ], [ -48.890339, -27.720321699999946 ], [ -48.890186299999982, -27.720338899999945 ], [ -48.890032, -27.720356099999947 ], [ -48.889877199999951, -27.72037319999998 ], [ -48.889723699999934, -27.720394399999964 ], [ -48.889568199999985, -27.720410799999986 ], [ -48.889413, -27.720429599999932 ], [ -48.889257599999951, -27.720450099999937 ], [ -48.889102099999945, -27.720473 ], [ -48.8889468, -27.720498 ], [ -48.888923, -27.720502099999976 ], [ -48.888791299999987, -27.720525 ], [ -48.888636, -27.720553799999944 ], [ -48.888481499999962, -27.720584 ], [ -48.888327899999979, -27.720614399999928 ], [ -48.888175699999969, -27.720645699999984 ], [ -48.888024, -27.720677899999927 ], [ -48.887873799999966, -27.720710199999917 ], [ -48.887722599999961, -27.72073509999996 ], [ -48.887573199999963, -27.720760399999957 ], [ -48.887468799999965, -27.720770499999958 ], [ -48.88742289999994, -27.720775 ], [ -48.887271, -27.720779099999955 ], [ -48.887117499999931, -27.720766099999931 ], [ -48.886966499999971, -27.720746099999943 ], [ -48.886819899999971, -27.720702199999948 ], [ -48.886750399999983, -27.720677699999953 ], [ -48.88676449999997, -27.720653 ], [ -48.88748529999998, -27.71969919999998 ], [ -48.882627799999973, -27.716486399999951 ], [ -48.880077899999947, -27.714793099999962 ], [ -48.877528199999979, -27.713559699999955 ], [ -48.876503599999978, -27.713063099999943 ], [ -48.876432, -27.713029 ], [ -48.876264299999946, -27.71310359999995 ], [ -48.874691499999983, -27.71380669999996 ], [ -48.873319899999956, -27.714412399999958 ], [ -48.87183049999993, -27.715076599999968 ], [ -48.87063379999995, -27.71560879999992 ], [ -48.869812099999926, -27.715027799999977 ], [ -48.869121499999949, -27.715785899999947 ], [ -48.867218799999925, -27.714340499999938 ], [ -48.867122899999977, -27.714266199999944 ], [ -48.866791199999973, -27.714031899999952 ], [ -48.866510599999977, -27.713864899999983 ], [ -48.866248, -27.713732099999959 ], [ -48.865939499999975, -27.713602199999972 ], [ -48.86527109999998, -27.713364799999965 ], [ -48.86497119999995, -27.713292299999981 ], [ -48.864814099999933, -27.713232499999954 ], [ -48.86419989999996, -27.713072 ], [ -48.863651299999958, -27.712931 ], [ -48.862785599999931, -27.712680299999938 ], [ -48.862189, -27.712538299999945 ], [ -48.861675899999973, -27.71242859999996 ], [ -48.86119, -27.712364299999944 ], [ -48.860838899999976, -27.712374 ], [ -48.860466899999949, -27.712427299999938 ], [ -48.860238799999927, -27.712480699999965 ], [ -48.860061299999984, -27.71252219999996 ], [ -48.85965919999996, -27.712704199999955 ], [ -48.859185199999956, -27.712978199999935 ], [ -48.858526, -27.713311199999968 ], [ -48.858355399999937, -27.71331529999998 ], [ -48.857830399999955, -27.713288799999933 ], [ -48.857478799999967, -27.713152199999957 ], [ -48.857170299999957, -27.712892799999963 ], [ -48.856270699999975, -27.712150399999921 ], [ -48.855102199999976, -27.711089799999968 ], [ -48.85464049999996, -27.710676599999932 ], [ -48.853991199999939, -27.710143399999932 ], [ -48.853171499999974, -27.709521099999961 ], [ -48.85275, -27.709299699999967 ], [ -48.852304099999969, -27.70907979999998 ], [ -48.850777499999936, -27.708359199999951 ], [ -48.850136699999943, -27.708010899999977 ], [ -48.849889, -27.707915799999963 ], [ -48.84971319999994, -27.707853899999968 ], [ -48.849509199999936, -27.707835699999976 ], [ -48.849205599999948, -27.707808299999954 ], [ -48.848985299999981, -27.707817299999917 ], [ -48.848430199999939, -27.707965399999971 ], [ -48.847092, -27.70837889999995 ], [ -48.8469348, -27.708396299999951 ], [ -48.846737699999942, -27.708387899999931 ], [ -48.846501499999931, -27.708346299999963 ], [ -48.846208199999978, -27.707979 ], [ -48.846394, -27.707478399999957 ], [ -48.846396199999951, -27.707301299999976 ], [ -48.846310899999935, -27.706927499999935 ], [ -48.846253199999978, -27.706834299999958 ], [ -48.846341, -27.706614199999933 ], [ -48.846395899999948, -27.706578699999955 ], [ -48.846429499999942, -27.706558399999953 ], [ -48.846617299999927, -27.706374599999947 ], [ -48.846195299999977, -27.706057899999948 ], [ -48.845822299999959, -27.705731199999946 ], [ -48.843654, -27.704911899999949 ], [ -48.843623299999933, -27.705515899999952 ], [ -48.84362509999994, -27.705629499999922 ], [ -48.843345599999971, -27.705543 ], [ -48.843365499999955, -27.705438399999942 ], [ -48.843268099999939, -27.705391499999969 ], [ -48.843316799999968, -27.705184199999962 ], [ -48.84331949999995, -27.705152599999963 ], [ -48.84315, -27.70511659999994 ], [ -48.843104, -27.705279699999956 ], [ -48.842788499999983, -27.705178799999931 ], [ -48.842009499999968, -27.704738799999976 ], [ -48.841876099999979, -27.705038099999971 ], [ -48.841875699999946, -27.705068 ], [ -48.840192899999977, -27.70426389999994 ], [ -48.839743799999951, -27.704049899999962 ], [ -48.839035199999955, -27.703639899999931 ], [ -48.838132399999949, -27.703124799999948 ], [ -48.837032899999947, -27.703252399999933 ], [ -48.83485369999994, -27.703505299999957 ], [ -48.834012099999939, -27.701515799999981 ], [ -48.83265549999993, -27.698312199999972 ], [ -48.83041, -27.6966 ], [ -48.827857299999955, -27.694640099999951 ], [ -48.828788, -27.694545299999962 ], [ -48.830321799999986, -27.69438289999993 ], [ -48.834189, -27.693966099999955 ], [ -48.834210399999961, -27.693963599999957 ], [ -48.834233099999942, -27.693961499999929 ], [ -48.834779799999978, -27.693903299999924 ], [ -48.836065899999937, -27.693765699999975 ], [ -48.836927, -27.693674099999956 ], [ -48.837477799999931, -27.693238 ], [ -48.838216699999975, -27.692644199999954 ], [ -48.838865099999964, -27.692128499999956 ], [ -48.839539699999932, -27.691598499999937 ], [ -48.840191799999964, -27.691072 ], [ -48.84049959999993, -27.69082689999993 ], [ -48.840617, -27.690709499999965 ], [ -48.840920799999935, -27.690411699999959 ], [ -48.841803299999981, -27.689531599999963 ], [ -48.842757099999972, -27.68859 ], [ -48.841911499999981, -27.687984 ], [ -48.841979699999975, -27.68782 ], [ -48.842012699999934, -27.687677299999965 ], [ -48.842028399999947, -27.687481799999937 ], [ -48.8420263, -27.687155899999933 ], [ -48.842003499999976, -27.68695959999997 ], [ -48.841967399999938, -27.686779699999935 ], [ -48.841898299999976, -27.68659039999994 ], [ -48.841732699999973, -27.685935699999948 ], [ -48.84162809999998, -27.685285 ], [ -48.841638399999965, -27.685079599999931 ], [ -48.841679, -27.684992499999968 ], [ -48.841879799999958, -27.684669499999927 ], [ -48.842040899999972, -27.684333299999928 ], [ -48.842325599999988, -27.683409099999938 ], [ -48.842439799999966, -27.682977299999958 ], [ -48.842464199999938, -27.682774799999947 ], [ -48.842466499999944, -27.682520199999935 ], [ -48.842452, -27.682295399999926 ], [ -48.842321699999964, -27.681767099999934 ], [ -48.842232799999977, -27.681513199999976 ], [ -48.842180599999949, -27.681275399999958 ], [ -48.842184599999939, -27.681188699999947 ], [ -48.842402199999981, -27.680725399999972 ], [ -48.842805099999964, -27.679989199999973 ], [ -48.843086, -27.679373499999944 ], [ -48.843233099999971, -27.679134899999941 ], [ -48.843312699999949, -27.679092699999966 ], [ -48.843463899999961, -27.67905779999996 ], [ -48.843671, -27.678964699999941 ], [ -48.843845299999941, -27.678876499999948 ], [ -48.844099099999937, -27.678713 ], [ -48.844327, -27.678543099999956 ], [ -48.844650899999984, -27.678223 ], [ -48.844900799999941, -27.678068599999957 ], [ -48.845656399999946, -27.67795319999993 ], [ -48.846044699999936, -27.677986499999975 ], [ -48.846249899999982, -27.678069699999988 ], [ -48.846494, -27.67832489999995 ], [ -48.846577199999956, -27.67858 ], [ -48.846727, -27.678818599999936 ], [ -48.847148599999976, -27.679046 ], [ -48.847542499999982, -27.679145899999977 ], [ -48.847997399999933, -27.679123699999938 ], [ -48.848607599999987, -27.678840799999932 ], [ -48.8491236, -27.678363699999966 ], [ -48.851104, -27.676876899999957 ], [ -48.851736399999936, -27.676344399999952 ], [ -48.851997199999971, -27.675945 ], [ -48.857189699999935, -27.680754699999969 ], [ -48.859797, -27.677304099999965 ], [ -48.858411, -27.67662549999995 ], [ -48.857915499999933, -27.676181699999976 ], [ -48.857908499999958, -27.674983299999965 ], [ -48.857941399999966, -27.674648699999977 ], [ -48.857769399999938, -27.674643099999962 ], [ -48.857497599999924, -27.674547 ], [ -48.85743279999997, -27.6745562 ], [ -48.857329299999954, -27.674478599999926 ], [ -48.857218299999943, -27.674360199999967 ], [ -48.85715179999994, -27.674241899999966 ], [ -48.857114799999984, -27.674075399999932 ], [ -48.857070399999941, -27.673949699999973 ], [ -48.857022299999983, -27.673857199999937 ], [ -48.856970499999932, -27.673794399999952 ], [ -48.85678189999993, -27.673735199999946 ], [ -48.856693199999938, -27.673724099999955 ], [ -48.856563699999981, -27.673787 ], [ -48.856435199999964, -27.673836899999966 ], [ -48.85631589999997, -27.67389239999995 ], [ -48.856155099999967, -27.673870199999957 ], [ -48.85596089999995, -27.673814699999987 ], [ -48.855838799999965, -27.67380919999994 ], [ -48.855550399999977, -27.67387569999994 ], [ -48.855261899999959, -27.673920099999968 ], [ -48.855212, -27.673958899999949 ], [ -48.853930499999933, -27.672788399999938 ], [ -48.854440899999986, -27.672649699999969 ], [ -48.854820899999936, -27.672533199999972 ], [ -48.855342299999968, -27.67233909999992 ], [ -48.855730699999981, -27.672183699999941 ], [ -48.855924799999968, -27.671684499999969 ], [ -48.856119, -27.670863399999984 ], [ -48.856279899999947, -27.670325299999952 ], [ -48.8564186, -27.669598599999972 ], [ -48.856690399999934, -27.669032699999953 ], [ -48.856757, -27.668805299999971 ], [ -48.856801299999972, -27.668411399999961 ], [ -48.856790199999978, -27.668089699999939 ], [ -48.855792099999974, -27.667911099999969 ], [ -48.855657899999983, -27.668064299999973 ], [ -48.855563699999941, -27.668152 ], [ -48.855476599999982, -27.668217799999979 ], [ -48.855389199999934, -27.668287 ], [ -48.855153399999949, -27.668541299999951 ], [ -48.855094099999974, -27.668614499999943 ], [ -48.855079699999976, -27.668649399999929 ], [ -48.855065599999932, -27.66871059999994 ], [ -48.855072899999982, -27.668817099999956 ], [ -48.855094, -27.668940199999948 ], [ -48.855092099999979, -27.668975599999943 ], [ -48.855077799999947, -27.669034199999945 ], [ -48.855062699999955, -27.669181399999957 ], [ -48.85503, -27.669392599999981 ], [ -48.854947, -27.669693399999971 ], [ -48.854840199999956, -27.669954499999953 ], [ -48.854706, -27.670098099999951 ], [ -48.854502, -27.670275599999957 ], [ -48.854381499999938, -27.670383 ], [ -48.854328399999986, -27.670455 ], [ -48.854220299999952, -27.670570499999943 ], [ -48.853962599999939, -27.670786599999932 ], [ -48.853875899999935, -27.6708705 ], [ -48.853765599999981, -27.671001099999959 ], [ -48.853588499999944, -27.671177799999953 ], [ -48.853496799999952, -27.671241699999936 ], [ -48.85341, -27.671274399999966 ], [ -48.853298099999961, -27.67128589999993 ], [ -48.852968, -27.671292199999975 ], [ -48.852848799999954, -27.671290399999979 ], [ -48.852648399999971, -27.671280699999954 ], [ -48.852452199999966, -27.671264 ], [ -48.85234209999993, -27.671269499999934 ], [ -48.85226549999993, -27.671279199999958 ], [ -48.852193199999938, -27.671309099999974 ], [ -48.852110399999965, -27.671349799999977 ], [ -48.852005199999951, -27.67137589999993 ], [ -48.851745599999958, -27.671427299999948 ], [ -48.851561899999979, -27.671498399999962 ], [ -48.851320599999951, -27.671618099999929 ], [ -48.851078799999989, -27.671780799999961 ], [ -48.850988799999989, -27.67180559999996 ], [ -48.850865699999986, -27.671806 ], [ -48.850694899999951, -27.671790299999941 ], [ -48.850558299999932, -27.671770299999924 ], [ -48.850458, -27.671769899999958 ], [ -48.85032659999996, -27.671791699999972 ], [ -48.850235099999963, -27.67182 ], [ -48.850201199999958, -27.671842099999925 ], [ -48.850165899999979, -27.671870099999968 ], [ -48.850091, -27.671988299999953 ], [ -48.850050299999964, -27.672085199999973 ], [ -48.850013899999965, -27.672167799999947 ], [ -48.849965099999963, -27.67229349999997 ], [ -48.849939, -27.672484399999973 ], [ -48.849906499999975, -27.673058199999947 ], [ -48.849900199999986, -27.673209399999962 ], [ -48.849895699999941, -27.673322299999924 ], [ -48.849904799999933, -27.673434099999948 ], [ -48.849955799999975, -27.673561499999945 ], [ -48.85003039999998, -27.673639599999948 ], [ -48.850178099999937, -27.673775799999927 ], [ -48.850293799999974, -27.673854499999951 ], [ -48.850410099999976, -27.673918699999945 ], [ -48.850530899999967, -27.673949899999972 ], [ -48.850599599999953, -27.673961899999938 ], [ -48.850696299999981, -27.674013799999958 ], [ -48.851116799999943, -27.674264099999956 ], [ -48.851265, -27.674364899999951 ], [ -48.851304099999943, -27.674434299999973 ], [ -48.851317399999971, -27.674509799999953 ], [ -48.851321799999944, -27.674564 ], [ -48.851295899999961, -27.674668799999949 ], [ -48.851234399999946, -27.674800499999947 ], [ -48.851116, -27.674926499999959 ], [ -48.851017399999925, -27.675056799999936 ], [ -48.850816099999975, -27.675374799999936 ], [ -48.850173199999972, -27.676084899999978 ], [ -48.849851099999974, -27.676389299999979 ], [ -48.84964819999994, -27.676584 ], [ -48.849347099999939, -27.676806599999967 ], [ -48.849191699999949, -27.676942199999928 ], [ -48.848815699999932, -27.677204699999944 ], [ -48.848481899999967, -27.677434899999984 ], [ -48.848229899999978, -27.677540099999938 ], [ -48.848010899999963, -27.677613899999983 ], [ -48.847642099999973, -27.677754799999949 ], [ -48.847567899999945, -27.677808599999935 ], [ -48.847520499999973, -27.677834299999969 ], [ -48.84743549999996, -27.677858399999934 ], [ -48.847373799999964, -27.677857499999952 ], [ -48.847323699999947, -27.677843499999941 ], [ -48.847262499999943, -27.67780069999997 ], [ -48.847242799999947, -27.677756699999975 ], [ -48.84723, -27.677706699999924 ], [ -48.847214199999947, -27.677641299999944 ], [ -48.847170299999966, -27.677487399999958 ], [ -48.847122199999944, -27.677423199999961 ], [ -48.847071699999965, -27.677389899999969 ], [ -48.846977199999976, -27.67736079999997 ], [ -48.846838399999974, -27.677311 ], [ -48.846421699999951, -27.677153499999974 ], [ -48.846228099999955, -27.677119799999954 ], [ -48.846075799999937, -27.677112599999933 ], [ -48.8458404, -27.677087299999972 ], [ -48.845680799999975, -27.677084799999932 ], [ -48.84539319999994, -27.677103599999956 ], [ -48.845061799999939, -27.677142699999926 ], [ -48.844948499999923, -27.677166599999961 ], [ -48.844856799999945, -27.677195699999967 ], [ -48.844682299999931, -27.677243699999959 ], [ -48.844479399999955, -27.677315399999941 ], [ -48.844281299999977, -27.677415699999973 ], [ -48.844143299999985, -27.677491699999958 ], [ -48.844047199999984, -27.677546 ], [ -48.843951, -27.677600299999924 ], [ -48.843802599999947, -27.677668299999947 ], [ -48.843645399999957, -27.677736 ], [ -48.843552099999947, -27.677763 ], [ -48.843463599999957, -27.677774699999922 ], [ -48.843350199999968, -27.677780899999963 ], [ -48.843260299999947, -27.677778499999917 ], [ -48.843214099999962, -27.67778379999994 ], [ -48.843103599999942, -27.677809699999962 ], [ -48.843002199999951, -27.677851599999936 ], [ -48.842813699999965, -27.677947499999959 ], [ -48.842737199999931, -27.677985299999943 ], [ -48.842591699999964, -27.678066099999963 ], [ -48.842285, -27.678260599999927 ], [ -48.842200399999975, -27.678318099999956 ], [ -48.842121, -27.678416899999952 ], [ -48.841997099999958, -27.678624799999959 ], [ -48.841910399999961, -27.678723699999967 ], [ -48.841736499999968, -27.678823 ], [ -48.841597699999973, -27.678914899999931 ], [ -48.841426599999977, -27.679022499999981 ], [ -48.841275699999976, -27.679124599999966 ], [ -48.841146699999967, -27.679255499999954 ], [ -48.841029099999957, -27.679400399999967 ], [ -48.840916599999957, -27.679586 ], [ -48.840868099999966, -27.679718 ], [ -48.84081, -27.680052499999928 ], [ -48.840764199999974, -27.680235899999957 ], [ -48.840689399999974, -27.680418899999953 ], [ -48.840588799999978, -27.680686699999978 ], [ -48.840453099999934, -27.681015499999958 ], [ -48.840368199999936, -27.681172299999972 ], [ -48.840301599999975, -27.681295299999924 ], [ -48.840229699999952, -27.681442299999958 ], [ -48.840202899999952, -27.681565099999943 ], [ -48.840168199999937, -27.681778199999936 ], [ -48.840153699999966, -27.681996899999948 ], [ -48.840095899999938, -27.682455499999946 ], [ -48.840040599999952, -27.682785799999962 ], [ -48.839985199999944, -27.68292219999995 ], [ -48.839867299999973, -27.683124899999942 ], [ -48.839562299999955, -27.683648599999962 ], [ -48.839548099999945, -27.683688099999983 ], [ -48.839547699999969, -27.683706499999978 ], [ -48.839546799999944, -27.683752299999984 ], [ -48.839559599999973, -27.683816699999962 ], [ -48.839601499999958, -27.683876399999974 ], [ -48.839683699999959, -27.683982199999946 ], [ -48.839702, -27.684019099999933 ], [ -48.839809799999955, -27.684333899999945 ], [ -48.839857599999952, -27.684404599999951 ], [ -48.840190599999971, -27.684774899999983 ], [ -48.84055879999994, -27.685142799999934 ], [ -48.840817499999964, -27.685450899999971 ], [ -48.840836, -27.685497299999948 ], [ -48.840838699999956, -27.685543599999956 ], [ -48.840829399999961, -27.685575 ], [ -48.840792099999923, -27.685630599999964 ], [ -48.840781399999962, -27.685660699999971 ], [ -48.840778599999965, -27.68569089999994 ], [ -48.840795699999951, -27.685777599999934 ], [ -48.840813899999951, -27.686007699999962 ], [ -48.840816799999978, -27.686157 ], [ -48.840847099999962, -27.686323899999927 ], [ -48.840855899999958, -27.686394199999942 ], [ -48.840860599999978, -27.68645389999995 ], [ -48.84085529999993, -27.686509699999931 ], [ -48.840816699999948, -27.686564199999953 ], [ -48.840793399999946, -27.68657989999997 ], [ -48.840750499999956, -27.686596499999947 ], [ -48.840715099999947, -27.686603699999985 ], [ -48.840621499999934, -27.686638099999982 ], [ -48.840577399999972, -27.686682899999937 ], [ -48.840557, -27.686727 ], [ -48.84057259999998, -27.686778599999961 ], [ -48.840621699999986, -27.686846 ], [ -48.840665899999976, -27.686908399999936 ], [ -48.840674399999962, -27.686951 ], [ -48.840678099999941, -27.687022199999948 ], [ -48.840671299999947, -27.687074 ], [ -48.840647199999978, -27.687127699999955 ], [ -48.84060819999997, -27.687205299999963 ], [ -48.84059869999993, -27.687271499999952 ], [ -48.840597399999979, -27.68738309999998 ], [ -48.840593499999954, -27.68744369999996 ], [ -48.840571199999943, -27.687557 ], [ -48.840530499999943, -27.687614699999976 ], [ -48.840491899999961, -27.68763839999998 ], [ -48.840408899999943, -27.687650799999968 ], [ -48.840283299999953, -27.68765779999995 ], [ -48.840011799999957, -27.687616299999949 ], [ -48.839782499999963, -27.687580399999948 ], [ -48.839641599999936, -27.687576599999943 ], [ -48.839547899999964, -27.687579099999923 ], [ -48.839450599999964, -27.687604299999972 ], [ -48.839377199999944, -27.687638 ], [ -48.839321699999978, -27.687684799999932 ], [ -48.83922709999996, -27.687777199999974 ], [ -48.839108599999982, -27.68792909999997 ], [ -48.839062599999984, -27.688022799999935 ], [ -48.838982499999986, -27.688276299999931 ], [ -48.838977, -27.688300099999932 ], [ -48.838916599999941, -27.688565 ], [ -48.838894099999948, -27.688663599999973 ], [ -48.838839299999961, -27.688881199999976 ], [ -48.838817499999955, -27.688940799999948 ], [ -48.838777599999965, -27.688992099999957 ], [ -48.838696699999964, -27.689038599999947 ], [ -48.838541199999952, -27.689095199999944 ], [ -48.838373799999943, -27.689161 ], [ -48.838115199999947, -27.689285199999976 ], [ -48.838020599999936, -27.689316899999938 ], [ -48.837449199999973, -27.689445399999958 ], [ -48.837020799999955, -27.689548299999949 ], [ -48.836710899999957, -27.689643 ], [ -48.836478099999965, -27.689745199999951 ], [ -48.836313, -27.689829899999953 ], [ -48.836083199999962, -27.689958499999928 ], [ -48.835972, -27.690059099999925 ], [ -48.83589759999996, -27.690169699999949 ], [ -48.83586669999994, -27.690276599999937 ], [ -48.835876399999968, -27.690371599999928 ], [ -48.835913099999971, -27.69048 ], [ -48.836080799999934, -27.690728499999974 ], [ -48.8361455, -27.690882 ], [ -48.836216, -27.691102199999932 ], [ -48.836286799999982, -27.691447599999943 ], [ -48.836345299999948, -27.691612399999944 ], [ -48.836491299999977, -27.691871 ], [ -48.836657, -27.692072699999969 ], [ -48.836709, -27.692140699999971 ], [ -48.836737899999953, -27.692210299999935 ], [ -48.836741199999956, -27.692296399999975 ], [ -48.836731299999947, -27.692341899999963 ], [ -48.836694699999953, -27.692409499999933 ], [ -48.83664859999994, -27.692447299999962 ], [ -48.836587799999968, -27.692469599999974 ], [ -48.8365161, -27.692480099999944 ], [ -48.836459699999978, -27.692485499999972 ], [ -48.836385, -27.692496899999981 ], [ -48.836096399999974, -27.692508599999943 ], [ -48.83601, -27.692501 ], [ -48.835931599999981, -27.69249619999994 ], [ -48.835882699999964, -27.692475699999932 ], [ -48.835844699999939, -27.692446299999975 ], [ -48.835768199999954, -27.692346599999947 ], [ -48.83552659999998, -27.692018599999983 ], [ -48.835183399999949, -27.691586099999931 ], [ -48.835118, -27.691512699999961 ], [ -48.83500939999994, -27.691425699999968 ], [ -48.834895699999947, -27.691345799999958 ], [ -48.834881299999942, -27.691335599999956 ], [ -48.83466669999995, -27.691198899999957 ], [ -48.834564099999966, -27.691165399999935 ], [ -48.834408099999962, -27.691156199999956 ], [ -48.83422719999993, -27.691179299999916 ], [ -48.834053399999952, -27.691235399999986 ], [ -48.833914099999966, -27.691314899999945 ], [ -48.833808199999964, -27.691404699999964 ], [ -48.833721499999974, -27.691546099999986 ], [ -48.833675699999958, -27.69169119999998 ], [ -48.833673599999941, -27.69179419999994 ], [ -48.833717199999974, -27.691977 ], [ -48.83372989999998, -27.692030299999935 ], [ -48.833735399999966, -27.69214489999996 ], [ -48.833728399999984, -27.692287 ], [ -48.833673399999952, -27.692467 ], [ -48.833594799999958, -27.692619399999959 ], [ -48.833479899999986, -27.692713099999924 ], [ -48.833334799999925, -27.692761599999979 ], [ -48.8331606, -27.692770299999943 ], [ -48.833024, -27.692749199999984 ], [ -48.832839399999962, -27.692669899999942 ], [ -48.832435099999941, -27.692457599999948 ], [ -48.832311899999979, -27.69241 ], [ -48.832199399999979, -27.69239679999998 ], [ -48.832071, -27.692394799999931 ], [ -48.83195239999997, -27.692401799999981 ], [ -48.831739899999938, -27.692435499999938 ], [ -48.831591299999964, -27.692444599999931 ], [ -48.831444399999953, -27.692438499999977 ], [ -48.831097599999964, -27.692405 ], [ -48.830922199999975, -27.692398399999949 ], [ -48.830753599999987, -27.692412299999948 ], [ -48.830464099999972, -27.692438299999932 ], [ -48.830291399999972, -27.692438099999947 ], [ -48.830228699999971, -27.692433299999944 ], [ -48.829906299999948, -27.692402699999956 ], [ -48.829651199999944, -27.69237459999994 ], [ -48.829496099999972, -27.692350599999951 ], [ -48.829411, -27.692322599999954 ], [ -48.829324399999962, -27.692273899999968 ], [ -48.8290722, -27.69211 ], [ -48.828920599999954, -27.692029699999974 ], [ -48.82869089999997, -27.69195249999996 ], [ -48.82841819999993, -27.691875699999958 ], [ -48.828219, -27.69178769999996 ], [ -48.828145399999975, -27.691735099999956 ], [ -48.828041399999968, -27.691643799999962 ], [ -48.82796129999997, -27.691586599999923 ], [ -48.827843099999939, -27.691510699999981 ], [ -48.827669, -27.691392499999949 ], [ -48.827360099999972, -27.691179799999929 ], [ -48.827093199999979, -27.690974099999949 ], [ -48.826966199999966, -27.690835899999971 ], [ -48.826790199999941, -27.690701299999947 ], [ -48.8267264, -27.690652199999924 ], [ -48.826692499999979, -27.690634 ], [ -48.826642099999958, -27.690631599999953 ], [ -48.826534099999947, -27.690629899999962 ], [ -48.826465499999983, -27.690638499999974 ], [ -48.826367899999987, -27.690654599999956 ], [ -48.826295, -27.690679799999938 ], [ -48.826261599999953, -27.690706199999973 ], [ -48.826244099999947, -27.690736 ], [ -48.826234099999965, -27.690792799999926 ], [ -48.826230799999962, -27.690868699999957 ], [ -48.826222899999955, -27.690996899999952 ], [ -48.826189199999924, -27.691158199999951 ], [ -48.82607889999997, -27.691557399999958 ], [ -48.826008199999933, -27.691732099999971 ], [ -48.825948599999954, -27.691811799999979 ], [ -48.825869699999942, -27.691924299999975 ], [ -48.82570759999993, -27.692090799999963 ], [ -48.825627, -27.69215639999992 ], [ -48.825578099999966, -27.692178099999968 ], [ -48.825557199999935, -27.692181899999976 ], [ -48.825505199999952, -27.692180599999968 ], [ -48.825470499999938, -27.69216779999994 ], [ -48.825451299999941, -27.692157 ], [ -48.825414499999965, -27.692136199999929 ], [ -48.825383299999935, -27.69209809999996 ], [ -48.825373799999966, -27.6920818 ], [ -48.825361599999958, -27.692051899999971 ], [ -48.82532439999995, -27.691913299999953 ], [ -48.825283499999955, -27.691792799999966 ], [ -48.825254499999971, -27.69174419999996 ], [ -48.825208099999948, -27.691702699999958 ], [ -48.825167699999959, -27.691681899999935 ], [ -48.825105399999984, -27.691673499999979 ], [ -48.825028599999946, -27.691673199999958 ], [ -48.824956, -27.69169259999995 ], [ -48.824896599999938, -27.691735799999943 ], [ -48.824853, -27.691779699999987 ], [ -48.82477629999994, -27.691843799999962 ], [ -48.824740799999979, -27.691849 ], [ -48.824694199999954, -27.691846899999973 ], [ -48.82466409999995, -27.691825 ], [ -48.82464159999995, -27.691799299999957 ], [ -48.824557299999981, -27.691701499999969 ], [ -48.824336499999959, -27.691466799999937 ], [ -48.824228599999969, -27.691393499999947 ], [ -48.824140199999931, -27.691355199999972 ], [ -48.82406419999996, -27.691323899999926 ], [ -48.823937, -27.691299 ], [ -48.823843299999965, -27.691297499999948 ], [ -48.823751099999988, -27.691304099999975 ], [ -48.823680699999962, -27.691319899999936 ], [ -48.823591199999953, -27.691360399999944 ], [ -48.823524499999962, -27.691408499999962 ], [ -48.823250099999939, -27.691569699999945 ], [ -48.823079599999964, -27.691630399999951 ], [ -48.822992599999964, -27.691635 ], [ -48.822894499999961, -27.691635399999953 ], [ -48.822839299999941, -27.691610799999985 ], [ -48.822817899999961, -27.69157169999994 ], [ -48.8228084, -27.691525499999948 ], [ -48.822798599999949, -27.691492599999947 ], [ -48.822779299999972, -27.691466299999945 ], [ -48.822726499999931, -27.69143309999998 ], [ -48.82245329999995, -27.691343399999926 ], [ -48.822403299999955, -27.691334799999943 ], [ -48.822347099999945, -27.691333899999957 ], [ -48.822331099999985, -27.691339899999949 ], [ -48.822307099999932, -27.691355199999972 ], [ -48.822288199999953, -27.691376 ], [ -48.822268099999974, -27.691412499999956 ], [ -48.822134499999947, -27.691616099999987 ], [ -48.822130199999947, -27.691622799999944 ], [ -48.822046799999953, -27.691727199999935 ], [ -48.821919899999955, -27.69186349999995 ], [ -48.821893199999977, -27.691912399999982 ], [ -48.821850499999982, -27.692052799999939 ], [ -48.821822399999974, -27.692134399999919 ], [ -48.821761, -27.692238299999932 ], [ -48.821704399999923, -27.692300599999946 ], [ -48.821621599999951, -27.69237649999997 ], [ -48.821530399999979, -27.69242179999998 ], [ -48.821472699999951, -27.692437699999971 ], [ -48.821388399999925, -27.692435099999962 ], [ -48.821331099999959, -27.692426199999936 ], [ -48.821266199999968, -27.692384599999958 ], [ -48.821208799999965, -27.69231839999998 ], [ -48.821197599999941, -27.69225549999992 ], [ -48.821202099999937, -27.692162299999943 ], [ -48.821215299999942, -27.692016599999924 ], [ -48.821213699999937, -27.691922699999957 ], [ -48.821211099999978, -27.691875299999939 ], [ -48.821192499999945, -27.691838699999952 ], [ -48.821172899999972, -27.691813799999974 ], [ -48.821130799999935, -27.691767399999929 ], [ -48.82104389999995, -27.691719199999966 ], [ -48.820986199999943, -27.69169919999996 ], [ -48.820918399999982, -27.691697 ], [ -48.820848399999932, -27.691704499999947 ], [ -48.820763799999952, -27.691741899999954 ], [ -48.820548499999973, -27.691839499999965 ], [ -48.820487499999956, -27.691880399999945 ], [ -48.820455599999946, -27.691918699999974 ], [ -48.820366899999954, -27.692025799999957 ], [ -48.820288599999969, -27.692101799999936 ], [ -48.820205699999974, -27.692145599999954 ], [ -48.820073499999978, -27.692247 ], [ -48.819941499999977, -27.692379499999952 ], [ -48.819780099999946, -27.692542699999926 ], [ -48.819736699999964, -27.692573799999927 ], [ -48.819647699999955, -27.692613599999952 ], [ -48.81953139999996, -27.692648499999954 ], [ -48.819293199999954, -27.692687399999951 ], [ -48.819157, -27.692711799999973 ], [ -48.818980199999935, -27.692733099999941 ], [ -48.818742, -27.692751199999972 ], [ -48.81856949999996, -27.692774899999961 ], [ -48.81834889999994, -27.692828199999941 ], [ -48.818081, -27.692914099999943 ], [ -48.81787049999997, -27.692984799999977 ], [ -48.817732699999965, -27.69302529999992 ], [ -48.817438199999977, -27.693100099999974 ], [ -48.817249899999979, -27.693134499999925 ], [ -48.816873099999945, -27.693181399999958 ], [ -48.816679099999931, -27.69319 ], [ -48.816411099999982, -27.693202199999963 ], [ -48.816228899999942, -27.693233499999963 ], [ -48.816011099999969, -27.69328 ], [ -48.815913099999932, -27.693287699999932 ], [ -48.81566619999996, -27.693271399999951 ], [ -48.815604199999946, -27.693272 ], [ -48.815504199999957, -27.693289899999971 ], [ -48.815365399999962, -27.69331579999994 ], [ -48.815290299999958, -27.693313 ], [ -48.815228799999936, -27.693289499999938 ], [ -48.815189399999944, -27.693253899999938 ], [ -48.815120799999939, -27.69313689999996 ], [ -48.815098, -27.693099299999968 ], [ -48.815067699999986, -27.693084799999955 ], [ -48.814990299999977, -27.693074399999954 ], [ -48.814988299999982, -27.693074099999933 ], [ -48.814911199999976, -27.693085299999957 ], [ -48.814863899999978, -27.693095499999977 ], [ -48.814810399999942, -27.693109399999958 ], [ -48.814774399999983, -27.69311729999998 ], [ -48.814672499999972, -27.693125099999971 ], [ -48.814574899999975, -27.693120499999957 ], [ -48.814481, -27.693100399999935 ], [ -48.814401399999952, -27.693050899999953 ], [ -48.814375199999979, -27.693007699999946 ], [ -48.814361299999973, -27.69295859999994 ], [ -48.814354299999934, -27.6929173 ], [ -48.814341399999932, -27.692778599999944 ], [ -48.814321399999983, -27.692741199999951 ], [ -48.814283499999931, -27.692677499999942 ], [ -48.814206199999944, -27.692625 ], [ -48.813998099999935, -27.692487499999977 ], [ -48.813956099999977, -27.692443299999976 ], [ -48.813940899999977, -27.692408199999932 ], [ -48.81391629999996, -27.692354399999939 ], [ -48.813877499999933, -27.692273199999928 ], [ -48.8137933, -27.69218 ], [ -48.813710199999946, -27.69211219999994 ], [ -48.813638799999978, -27.69207189999997 ], [ -48.813596199999942, -27.692057 ], [ -48.81351919999998, -27.692051499999927 ], [ -48.813371099999983, -27.692052399999966 ], [ -48.813275399999959, -27.692062899999939 ], [ -48.813165899999944, -27.692091599999976 ], [ -48.813064699999977, -27.692129299999976 ], [ -48.812976199999987, -27.692198799999975 ], [ -48.812870799999985, -27.692319299999948 ], [ -48.812854099999974, -27.692359299999961 ], [ -48.812847699999963, -27.692436599999951 ], [ -48.812833799999972, -27.692518099999969 ], [ -48.81277289999997, -27.692622899999943 ], [ -48.812699699999946, -27.692733899999951 ], [ -48.81267379999997, -27.692802299999983 ], [ -48.812670899999937, -27.692829199999949 ], [ -48.812678, -27.692864199999971 ], [ -48.812688299999934, -27.692894499999969 ], [ -48.81272279999996, -27.692920899999937 ], [ -48.812755799999941, -27.692937 ], [ -48.812855299999967, -27.692951599999958 ], [ -48.813009699999952, -27.692972899999969 ], [ -48.813075799999979, -27.69299489999996 ], [ -48.813136799999945, -27.693025499999973 ], [ -48.813217699999939, -27.693095199999963 ], [ -48.813441199999943, -27.693336799999937 ], [ -48.813478699999969, -27.693426599999952 ], [ -48.813482299999983, -27.693479599999929 ], [ -48.813473099999953, -27.693519499999979 ], [ -48.813430899999958, -27.69356579999992 ], [ -48.813359499999933, -27.693628399999955 ], [ -48.813324899999948, -27.693677 ], [ -48.813301799999977, -27.693726799999975 ], [ -48.813297899999952, -27.693769499999966 ], [ -48.813307, -27.693886 ], [ -48.813314699999985, -27.693916599999955 ], [ -48.813337899999965, -27.693942099999962 ], [ -48.813404, -27.693999099999932 ], [ -48.813461899999943, -27.694080799999938 ], [ -48.813540199999977, -27.694217299999938 ], [ -48.813552699999939, -27.694274699999941 ], [ -48.813548, -27.694331699999964 ], [ -48.813529599999988, -27.694527 ], [ -48.813533099999972, -27.694593899999969 ], [ -48.813532399999986, -27.694679799999964 ], [ -48.813531599999976, -27.694721799999964 ], [ -48.813520199999978, -27.694760199999966 ], [ -48.813490699999939, -27.69478969999993 ], [ -48.813428299999934, -27.694831499999967 ], [ -48.813379699999984, -27.694849699999963 ], [ -48.813299399999941, -27.694867299999942 ], [ -48.813222499999945, -27.694888699999975 ], [ -48.813188799999985, -27.6949021 ], [ -48.81316349999998, -27.694914499999971 ], [ -48.81315109999997, -27.694932499999936 ], [ -48.81314169999996, -27.694954 ], [ -48.813140699999963, -27.694987399999931 ], [ -48.813149, -27.695003899999957 ], [ -48.813186399999957, -27.695038699999937 ], [ -48.813222499999938, -27.695055299999989 ], [ -48.813296399999963, -27.695087799999953 ], [ -48.813386599999944, -27.695126699999943 ], [ -48.813427199999971, -27.695154099999968 ], [ -48.813451099999959, -27.6951759 ], [ -48.81347169999998, -27.695214299999972 ], [ -48.813514099999956, -27.695283899999943 ], [ -48.8135822, -27.69537349999997 ], [ -48.813770499999976, -27.695559899999978 ], [ -48.81385279999995, -27.695656299999929 ], [ -48.813881399999964, -27.695727099999942 ], [ -48.813880399999967, -27.695777399999937 ], [ -48.813857399999968, -27.695848399999925 ], [ -48.813815699999957, -27.695895699999941 ], [ -48.813739399999982, -27.695941399999985 ], [ -48.813666799999972, -27.695974099999944 ], [ -48.813615599999935, -27.696013 ], [ -48.813579299999958, -27.696059599999948 ], [ -48.813573599999984, -27.696083199999986 ], [ -48.813572799999974, -27.696102 ], [ -48.813573899999945, -27.696129 ], [ -48.813592299999982, -27.696166699999939 ], [ -48.8136176, -27.696188199999945 ], [ -48.813651799999946, -27.696202399999951 ], [ -48.813681599999938, -27.696207699999942 ], [ -48.813749399999949, -27.696212199999934 ], [ -48.813808099999967, -27.696205 ], [ -48.813910199999953, -27.696170699999971 ], [ -48.814102799999951, -27.696098699999933 ], [ -48.814241299999935, -27.69605719999992 ], [ -48.814329, -27.696032 ], [ -48.814592199999936, -27.695899499999928 ], [ -48.814690899999952, -27.695844899999937 ], [ -48.814711699999975, -27.695835899999974 ], [ -48.814793599999973, -27.695800299999963 ], [ -48.814836399999933, -27.695788 ], [ -48.814877599999932, -27.695786899999966 ], [ -48.814906799999953, -27.695787899999978 ], [ -48.814939099999947, -27.695800199999937 ], [ -48.814977799999951, -27.695825699999943 ], [ -48.815009499999981, -27.695871199999932 ], [ -48.815019799999959, -27.695921599999963 ], [ -48.815022899999974, -27.695966499999937 ], [ -48.815036699999951, -27.69600639999992 ], [ -48.81505669999995, -27.696037399999963 ], [ -48.815116499999931, -27.696106399999948 ], [ -48.81520629999995, -27.696199099999941 ], [ -48.815225399999974, -27.696253799999969 ], [ -48.815225399999967, -27.696294899999941 ], [ -48.815202, -27.696334 ], [ -48.8151443, -27.696400099999945 ], [ -48.81506329999997, -27.696445 ], [ -48.814682199999943, -27.69657609999997 ], [ -48.814579499999979, -27.69663359999992 ], [ -48.814547699999942, -27.696661599999963 ], [ -48.814504899999982, -27.696716 ], [ -48.814497499999952, -27.696750299999959 ], [ -48.814506, -27.696773599999968 ], [ -48.814514599999939, -27.696787 ], [ -48.814534199999962, -27.696812399999942 ], [ -48.814561199999957, -27.696836 ], [ -48.814594899999982, -27.696861 ], [ -48.814780399999961, -27.696962699999972 ], [ -48.814866399999971, -27.697019899999933 ], [ -48.814886599999966, -27.697038799999966 ], [ -48.814905899999985, -27.697079 ], [ -48.814933499999945, -27.697186099999939 ], [ -48.8149375, -27.69726269999995 ], [ -48.814923599999986, -27.697315699999933 ], [ -48.814913199999978, -27.697337899999972 ], [ -48.814875099999945, -27.697400299999956 ], [ -48.81473219999998, -27.697561699999927 ], [ -48.814681499999956, -27.697633799999952 ], [ -48.814664099999959, -27.697671499999963 ], [ -48.814641899999977, -27.697719599999974 ], [ -48.814623299999937, -27.697768799999949 ], [ -48.8145952, -27.697826199999952 ], [ -48.814515399999948, -27.697949299999944 ], [ -48.814426799999985, -27.698048199999967 ], [ -48.814358099999936, -27.698089299999939 ], [ -48.814317, -27.698135199999957 ], [ -48.814289299999977, -27.69818539999995 ], [ -48.814272499999966, -27.698240899999966 ], [ -48.814273199999953, -27.698290699999962 ], [ -48.814293099999979, -27.698343199999957 ], [ -48.814335599999936, -27.698392899999938 ], [ -48.814433699999945, -27.698486599999963 ], [ -48.81447959999997, -27.698540499999979 ], [ -48.814519299999972, -27.698619299999965 ], [ -48.814527399999974, -27.698678299999973 ], [ -48.814521299999967, -27.6987324 ], [ -48.814515099999937, -27.6987865 ], [ -48.814509799999939, -27.698807199999973 ], [ -48.814511299999936, -27.698852099999957 ], [ -48.814543799999967, -27.698889599999976 ], [ -48.814614799999966, -27.69895119999995 ], [ -48.814635199999941, -27.698986199999982 ], [ -48.814639299999961, -27.699010899999958 ], [ -48.814639199999938, -27.699065699999956 ], [ -48.814643699999976, -27.699098599999957 ], [ -48.814653399999941, -27.699155 ], [ -48.814653299999982, -27.69920739999997 ], [ -48.814641899999977, -27.699263 ], [ -48.814600599999942, -27.6993495 ], [ -48.81453689999995, -27.699428 ], [ -48.814477599999975, -27.699476699999927 ], [ -48.814384899999936, -27.699517299999965 ], [ -48.814260699999977, -27.699545299999961 ], [ -48.814161399999939, -27.699531499999967 ], [ -48.814045199999953, -27.699497399999927 ], [ -48.81394279999995, -27.699442399999949 ], [ -48.813814199999975, -27.699348199999978 ], [ -48.813774, -27.699286799999982 ], [ -48.813566599999945, -27.698933399999927 ], [ -48.813435099999928, -27.698719099999952 ], [ -48.813309299999965, -27.69853849999997 ], [ -48.81319569999993, -27.698410099999933 ], [ -48.813134599999955, -27.698357599999948 ], [ -48.813074, -27.698334499999937 ], [ -48.813035, -27.698321899999939 ], [ -48.812982299999931, -27.698322 ], [ -48.812935699999969, -27.698327199999937 ], [ -48.812902199999947, -27.698342599999922 ], [ -48.812884, -27.698356399999959 ], [ -48.812833399999931, -27.698383799999934 ], [ -48.812767399999984, -27.698403699999972 ], [ -48.812705, -27.698407699999969 ], [ -48.812661399999968, -27.698412099999917 ], [ -48.812627599999985, -27.698416099999964 ], [ -48.812594899999972, -27.69842059999996 ], [ -48.812552699999976, -27.6984308 ], [ -48.812500099999959, -27.69843909999997 ], [ -48.812464899999952, -27.698450099999945 ], [ -48.812435499999935, -27.698461299999963 ], [ -48.812411399999974, -27.698471499999979 ], [ -48.812391599999955, -27.698481 ], [ -48.812375499999973, -27.698489799999948 ], [ -48.812362199999939, -27.698498099999938 ], [ -48.812341199999935, -27.698513699999978 ], [ -48.81232319999998, -27.698528899999936 ], [ -48.812281599999956, -27.698566699999944 ], [ -48.812235099999945, -27.698607 ], [ -48.812216, -27.698625099999962 ], [ -48.812206799999956, -27.698634899999941 ], [ -48.812189799999942, -27.698655899999949 ], [ -48.81217479999998, -27.698678799999978 ], [ -48.812162199999939, -27.698702799999978 ], [ -48.812152, -27.69872689999994 ], [ -48.812144399999966, -27.698750599999979 ], [ -48.812139299999956, -27.698773399999929 ], [ -48.812136399999986, -27.6987956 ], [ -48.812135099999985, -27.698828699999972 ], [ -48.812136, -27.698851099999956 ], [ -48.812137499999949, -27.698862499999965 ], [ -48.812139799999954, -27.698874099999951 ], [ -48.81214319999998, -27.698885899999944 ], [ -48.812147899999957, -27.698898 ], [ -48.8121541, -27.698910499999947 ], [ -48.812162, -27.69892329999993 ], [ -48.812171699999965, -27.698936599999961 ], [ -48.812183199999936, -27.698950299999986 ], [ -48.812196499999978, -27.698964599999947 ], [ -48.81222779999996, -27.698995099999934 ], [ -48.812264899999953, -27.699028599999959 ], [ -48.812307099999941, -27.699065499999957 ], [ -48.812354499999969, -27.699105099999937 ], [ -48.812380299999973, -27.699125199999965 ], [ -48.812407699999937, -27.699145299999934 ], [ -48.812436699999985, -27.699164899999968 ], [ -48.812467499999975, -27.699183899999976 ], [ -48.812500099999966, -27.699215399999961 ], [ -48.812728899999968, -27.69926849999996 ], [ -48.812784499999957, -27.699304 ], [ -48.812835599999978, -27.699355599999929 ], [ -48.812888599999958, -27.69946079999994 ], [ -48.813075, -27.699783699999955 ], [ -48.813128, -27.699897399999937 ], [ -48.813138699999968, -27.699946699999941 ], [ -48.813133099999966, -27.699993499999948 ], [ -48.813081599999968, -27.700104599999975 ], [ -48.81302119999998, -27.700248 ], [ -48.81296569999995, -27.700409699999952 ], [ -48.812901799999963, -27.700524099999939 ], [ -48.812838799999959, -27.700563799999937 ], [ -48.812740899999945, -27.70059149999997 ], [ -48.812661899999966, -27.700607 ], [ -48.812627299999974, -27.700635699999967 ], [ -48.812594699999977, -27.700682099999938 ], [ -48.812559299999968, -27.700791699999964 ], [ -48.812500099999966, -27.700962 ], [ -48.812486399999955, -27.701077399999978 ], [ -48.81246729999998, -27.70115 ], [ -48.812461699999972, -27.701173499999989 ], [ -48.812456099999963, -27.701206799999966 ], [ -48.812454399999979, -27.701229599999976 ], [ -48.812454299999963, -27.701241699999965 ], [ -48.812455899999982, -27.701268599999938 ], [ -48.812458299999946, -27.701284399999956 ], [ -48.81246219999997, -27.701302299999956 ], [ -48.812468, -27.701323 ], [ -48.812476, -27.701346899999983 ], [ -48.812486599999943, -27.701374599999959 ], [ -48.812492199999951, -27.701395699999971 ], [ -48.812496499999952, -27.701433599999973 ], [ -48.812497099999973, -27.70151369999995 ], [ -48.812498699999935, -27.701585099999932 ], [ -48.812497099999966, -27.701603799999933 ], [ -48.812493699999941, -27.701618299999947 ], [ -48.81248869999996, -27.701628099999933 ], [ -48.812467, -27.701665399999975 ], [ -48.812444599999935, -27.701715599999936 ], [ -48.812430699999943, -27.701749 ], [ -48.812373399999956, -27.701894 ], [ -48.812347099999954, -27.701955399999967 ], [ -48.812328899999955, -27.701995699999941 ], [ -48.812310899999943, -27.702033299999979 ], [ -48.812293599999975, -27.70206729999995 ], [ -48.812238399999956, -27.702168799999985 ], [ -48.8122049, -27.702232399999961 ], [ -48.812170699999967, -27.702300899999958 ], [ -48.81215, -27.702345099999945 ], [ -48.8121326, -27.702385699999976 ], [ -48.812118299999952, -27.702422299999967 ], [ -48.812106799999981, -27.702455099999952 ], [ -48.812097899999969, -27.702484099999932 ], [ -48.812088499999952, -27.702521899999965 ], [ -48.812084299999981, -27.702545899999954 ], [ -48.812081299999932, -27.702571299999928 ], [ -48.812078099999951, -27.702615499999975 ], [ -48.812076499999932, -27.702665 ], [ -48.81207679999995, -27.702713299999967 ], [ -48.812078299999939, -27.702742 ], [ -48.812085399999944, -27.702832499999932 ], [ -48.812086399999949, -27.702859899999961 ], [ -48.812086399999934, -27.70288859999993 ], [ -48.812085199999949, -27.702918399999927 ], [ -48.8120828, -27.702949399999955 ], [ -48.812078899999968, -27.702981599999923 ], [ -48.812073899999973, -27.703015199999971 ], [ -48.812060899999942, -27.703087399999955 ], [ -48.812044899999933, -27.703166199999949 ], [ -48.812034699999963, -27.703211599999975 ], [ -48.812030899999975, -27.703228199999945 ], [ -48.811995499999966, -27.703372799999951 ], [ -48.811987099999946, -27.703411099999979 ], [ -48.811980199999937, -27.703447399999948 ], [ -48.811974599999985, -27.703482599999976 ], [ -48.811970299999984, -27.703517499999968 ], [ -48.811967599999946, -27.703544799999978 ], [ -48.81196129999995, -27.703623199999981 ], [ -48.811957899999982, -27.703656699999968 ], [ -48.811953299999978, -27.703687799999951 ], [ -48.811947399999944, -27.703716099999948 ], [ -48.811940499999935, -27.703741699999973 ], [ -48.811932899999931, -27.703764799999924 ], [ -48.811925099999939, -27.703785399999955 ], [ -48.81191639999998, -27.703803899999976 ], [ -48.8119114, -27.703812499999962 ], [ -48.811905699999954, -27.703820599999961 ], [ -48.811899099999941, -27.703828499999929 ], [ -48.811891399999979, -27.703836 ], [ -48.811882599999933, -27.70384329999996 ], [ -48.81187239999997, -27.703850399999958 ], [ -48.811860899999935, -27.703857099999944 ], [ -48.811848, -27.703863299999963 ], [ -48.811833799999931, -27.703868899999964 ], [ -48.81181829999997, -27.703873499999919 ], [ -48.811801499999952, -27.703877099999943 ], [ -48.811783399999968, -27.703879599999937 ], [ -48.811764099999955, -27.703880599999934 ], [ -48.81174359999995, -27.703880199999951 ], [ -48.8117223, -27.703878399999937 ], [ -48.81170039999995, -27.703875599999947 ], [ -48.811678499999978, -27.703871799999945 ], [ -48.811656899999946, -27.703867299999963 ], [ -48.811616, -27.703857 ], [ -48.811580799999938, -27.703846399999978 ], [ -48.811537199999975, -27.703830599999943 ], [ -48.81138459999994, -27.703766699999964 ], [ -48.81134469999995, -27.703749399999936 ], [ -48.811307199999931, -27.703732199999926 ], [ -48.811223699999971, -27.703691299999942 ], [ -48.811191199999939, -27.703676 ], [ -48.811140399999942, -27.703654699999962 ], [ -48.811088299999938, -27.703635899999934 ], [ -48.811053699999945, -27.70362539999995 ], [ -48.811019299999934, -27.703616599999979 ], [ -48.810984099999985, -27.703609299999986 ], [ -48.810946599999966, -27.703603499999929 ], [ -48.810905099999957, -27.70359859999996 ], [ -48.810858699999983, -27.70359459999997 ], [ -48.810826799999973, -27.703592799999971 ], [ -48.810794899999969, -27.703591099999979 ], [ -48.810753, -27.703589399999935 ], [ -48.8106954, -27.703588399999948 ], [ -48.810518099999967, -27.703588 ], [ -48.810463599999935, -27.703586 ], [ -48.81043829999993, -27.703584099999929 ], [ -48.810391899999956, -27.703578899999968 ], [ -48.810351699999963, -27.703572199999936 ], [ -48.810318299999956, -27.703564799999985 ], [ -48.81029209999997, -27.703557199999967 ], [ -48.810272699999985, -27.703549799999951 ], [ -48.810265199999947, -27.703546099999979 ], [ -48.810253499999931, -27.703538399999953 ], [ -48.810245399999985, -27.70353039999998 ], [ -48.810242199999955, -27.703526099999976 ], [ -48.8102373, -27.703516799999932 ], [ -48.810234199999968, -27.703506199999936 ], [ -48.810233299999943, -27.7035 ], [ -48.810232399999961, -27.703493899999952 ], [ -48.810230899999965, -27.703435099999986 ], [ -48.810229199999981, -27.703415599999964 ], [ -48.810225799999962, -27.703396099999956 ], [ -48.810220599999987, -27.703376899999974 ], [ -48.810213899999951, -27.703358599999952 ], [ -48.810205599999961, -27.703341799999968 ], [ -48.8102009, -27.70333409999995 ], [ -48.810190699999964, -27.70332 ], [ -48.810179599999969, -27.703307499999926 ], [ -48.810162099999957, -27.70329129999994 ], [ -48.810144399999956, -27.703277299999961 ], [ -48.810126099999934, -27.703265399999957 ], [ -48.810113299999955, -27.703258699999932 ], [ -48.810099799999939, -27.703252899999935 ], [ -48.810085399999934, -27.703248199999962 ], [ -48.810069899999974, -27.703244799999926 ], [ -48.810053099999948, -27.70324289999996 ], [ -48.810044199999936, -27.703242499999924 ], [ -48.810025599999967, -27.703242899999957 ], [ -48.81000679999994, -27.703244499999975 ], [ -48.809988299999979, -27.703247199999957 ], [ -48.809971099999984, -27.703250699999938 ], [ -48.809955099999968, -27.703255099999961 ], [ -48.809940199999971, -27.703260599999954 ], [ -48.809932899999978, -27.703264 ], [ -48.809918699999969, -27.703271899999947 ], [ -48.809911599999971, -27.7032766 ], [ -48.809897699999965, -27.703287099999947 ], [ -48.809884799999963, -27.703298499999963 ], [ -48.809873499999981, -27.703309899999976 ], [ -48.809864599999962, -27.70332049999995 ], [ -48.8098581, -27.703330299999948 ], [ -48.809851799999933, -27.703344399999938 ], [ -48.809849099999951, -27.703354 ], [ -48.809847199999979, -27.703364299999986 ], [ -48.8098457, -27.703381899999957 ], [ -48.809846299999947, -27.703403199999968 ], [ -48.809850499999982, -27.703436899999922 ], [ -48.809857299999983, -27.703468499999929 ], [ -48.809863299999961, -27.703485899999979 ], [ -48.809871399999963, -27.703499899999937 ], [ -48.809883399999933, -27.703514 ], [ -48.809900399999947, -27.703531 ], [ -48.809977499999945, -27.703604699999968 ], [ -48.810011299999978, -27.703640099999973 ], [ -48.810024599999963, -27.703655899999948 ], [ -48.810035899999946, -27.703671499999924 ], [ -48.810046, -27.703687899999984 ], [ -48.810055599999941, -27.703706299999965 ], [ -48.810100899999959, -27.703804299999948 ], [ -48.810173799999973, -27.703950899999931 ], [ -48.810215399999947, -27.704038299999979 ], [ -48.810242099999989, -27.704097799999932 ], [ -48.810266899999931, -27.704155199999963 ], [ -48.810289, -27.704207799999935 ], [ -48.810315, -27.70427269999994 ], [ -48.810327699999959, -27.704307499999974 ], [ -48.810337599999976, -27.704338399999973 ], [ -48.810341699999988, -27.704353099999931 ], [ -48.810348399999953, -27.704382599999974 ], [ -48.81035349999997, -27.704413299999949 ], [ -48.810357, -27.704445899999936 ], [ -48.810358599999979, -27.704480899999947 ], [ -48.81035879999996, -27.704499599999952 ], [ -48.81035779999997, -27.704539199999946 ], [ -48.810356599999977, -27.704559899999939 ], [ -48.810352799999983, -27.704602599999923 ], [ -48.810350299999982, -27.704624299999988 ], [ -48.810343799999934, -27.70466759999994 ], [ -48.810339899999974, -27.704689 ], [ -48.810335599999974, -27.70471 ], [ -48.810326, -27.704750599999958 ], [ -48.810320699999984, -27.704769799999944 ], [ -48.810309699999955, -27.704805699999955 ], [ -48.810304, -27.704822 ], [ -48.810292499999946, -27.704851299999973 ], [ -48.81028079999993, -27.704876699999932 ], [ -48.810268899999983, -27.704899 ], [ -48.810265299999962, -27.704905199999931 ], [ -48.810256899999963, -27.704919399999934 ], [ -48.810244499999953, -27.704938799999979 ], [ -48.810230099999956, -27.704958799999932 ], [ -48.810211799999941, -27.704981399999951 ], [ -48.810187499999984, -27.705008299999967 ], [ -48.810172699999953, -27.705023899999958 ], [ -48.810138, -27.705058399999931 ], [ -48.810118499999923, -27.705076799999979 ], [ -48.810076199999969, -27.705114199999976 ], [ -48.810053899999964, -27.705132599999956 ], [ -48.810031, -27.705150399999987 ], [ -48.810007799999944, -27.70516739999993 ], [ -48.809984099999951, -27.705183599999948 ], [ -48.809959899999967, -27.705198899999985 ], [ -48.809935099999961, -27.705213599999979 ], [ -48.809909499999939, -27.705227499999975 ], [ -48.809883199999945, -27.705240799999959 ], [ -48.809856, -27.705253499999966 ], [ -48.809827799999937, -27.705265699999977 ], [ -48.809798499999943, -27.70527739999995 ], [ -48.809768, -27.7052887 ], [ -48.809736099999959, -27.705299499999967 ], [ -48.809702699999946, -27.70531 ], [ -48.809667699999977, -27.705320199999957 ], [ -48.809630799999979, -27.705330199999938 ], [ -48.809551099999965, -27.705349499999958 ], [ -48.809463599999958, -27.705368199999956 ], [ -48.809373299999947, -27.705385299999925 ], [ -48.8092865, -27.705399899999968 ], [ -48.809209299999964, -27.705410899999944 ], [ -48.809176099999945, -27.705414699999938 ], [ -48.809146599999963, -27.705417399999924 ], [ -48.809120299999961, -27.705419099999968 ], [ -48.809097099999974, -27.705419899999978 ], [ -48.809076599999969, -27.705419799999962 ], [ -48.809058399999977, -27.705419 ], [ -48.809042299999938, -27.705417499999953 ], [ -48.809027799999967, -27.70541529999997 ], [ -48.80901479999995, -27.705412699999943 ], [ -48.809003099999984, -27.70540949999998 ], [ -48.808992599999954, -27.705406 ], [ -48.808983199999943, -27.705402099999962 ], [ -48.808967399999972, -27.705393399999931 ], [ -48.808960899999931, -27.70538879999998 ], [ -48.808950099999947, -27.705379099999952 ], [ -48.808941899999979, -27.705368699999948 ], [ -48.808936099999983, -27.705356599999959 ], [ -48.808932299999981, -27.705342 ], [ -48.808930199999963, -27.705324199999954 ], [ -48.80892979999993, -27.705313899999961 ], [ -48.808930499999974, -27.705291499999927 ], [ -48.808933399999944, -27.705267 ], [ -48.808935699999957, -27.705254299999982 ], [ -48.808942499999944, -27.705228599999948 ], [ -48.808951699999966, -27.705202799999938 ], [ -48.808963, -27.705177 ], [ -48.80897589999995, -27.705151399999981 ], [ -48.808989899999979, -27.705126199999938 ], [ -48.809004799999968, -27.705101099999986 ], [ -48.8090294, -27.705062599999959 ], [ -48.809109099999944, -27.704943799999963 ], [ -48.80915269999997, -27.704876399999932 ], [ -48.809182699999958, -27.704825499999963 ], [ -48.809199199999966, -27.704793399999978 ], [ -48.809205899999938, -27.704778199999971 ], [ -48.809211499999954, -27.70476369999994 ], [ -48.809219299999945, -27.704737099999935 ], [ -48.809223299999985, -27.704713199999951 ], [ -48.809224099999931, -27.704691699999952 ], [ -48.809222199999958, -27.704672499999955 ], [ -48.809218, -27.704655099999979 ], [ -48.809211599999969, -27.704639199999978 ], [ -48.809207599999986, -27.704631599999978 ], [ -48.809197899999958, -27.704616699999967 ], [ -48.809185899999932, -27.704602099999939 ], [ -48.809178899999957, -27.704594799999935 ], [ -48.809162599999979, -27.704580099999927 ], [ -48.809153199999969, -27.704572699999968 ], [ -48.809131199999968, -27.704557499999957 ], [ -48.809118599999977, -27.704549699999976 ], [ -48.809075099999973, -27.704525499999924 ], [ -48.809007599999973, -27.704492 ], [ -48.808916599999975, -27.704449499999953 ], [ -48.808861199999967, -27.704425299999969 ], [ -48.80873559999997, -27.704374 ], [ -48.808701, -27.704358699999933 ], [ -48.808666799999969, -27.704342499999932 ], [ -48.80864959999996, -27.704333699999957 ], [ -48.808632299999942, -27.704324899999964 ], [ -48.808578499999953, -27.704295599999966 ], [ -48.808427299999948, -27.704207599999961 ], [ -48.808376199999948, -27.704178899999942 ], [ -48.808322099999948, -27.704150299999984 ], [ -48.808255199999962, -27.704117 ], [ -48.808202599999959, -27.704091899999977 ], [ -48.808148199999948, -27.704066799999953 ], [ -48.808096299999931, -27.704044299999961 ], [ -48.808051499999983, -27.704026499999934 ], [ -48.808014799999967, -27.704014199999961 ], [ -48.807983899999954, -27.704006499999931 ], [ -48.807956799999943, -27.70400229999996 ], [ -48.807931, -27.704000699999934 ], [ -48.807905699999935, -27.704001099999967 ], [ -48.8078814, -27.704003599999954 ], [ -48.807858599999982, -27.704008299999934 ], [ -48.807837899999988, -27.704015299999984 ], [ -48.807828299999983, -27.704019599999981 ], [ -48.807819, -27.704024699999923 ], [ -48.80781, -27.70403059999995 ], [ -48.807801199999979, -27.704037199999959 ], [ -48.807783399999956, -27.704053299999938 ], [ -48.807764899999938, -27.704073599999948 ], [ -48.807745599999976, -27.70409779999995 ], [ -48.807735899999955, -27.704111299999965 ], [ -48.807716799999987, -27.704140499999934 ], [ -48.807698799999969, -27.704172199999956 ], [ -48.807682599999964, -27.704205899999973 ], [ -48.807668499999977, -27.704241699999962 ], [ -48.807656599999973, -27.704279899999964 ], [ -48.807647, -27.704320799999945 ], [ -48.80764309999995, -27.704342299999954 ], [ -48.80763989999997, -27.704364399999974 ], [ -48.807635199999943, -27.704409599999963 ], [ -48.807633799999969, -27.704432299999954 ], [ -48.807632399999925, -27.704477199999918 ], [ -48.807633099999975, -27.704520099999957 ], [ -48.807634299999954, -27.704540599999984 ], [ -48.807638099999963, -27.70458 ], [ -48.807640799999945, -27.704599099999939 ], [ -48.807647899999949, -27.704636199999978 ], [ -48.807657299999967, -27.704672399999939 ], [ -48.807668899999953, -27.704708899999947 ], [ -48.807688699999972, -27.704768 ], [ -48.807702799999959, -27.704813099999964 ], [ -48.807716899999946, -27.704864099999956 ], [ -48.80773019999998, -27.704918599999932 ], [ -48.807742, -27.704973799999951 ], [ -48.807751699999983, -27.705026599999947 ], [ -48.807753599999955, -27.705039499999923 ], [ -48.807758699999965, -27.705074699999962 ], [ -48.807763, -27.705118299999988 ], [ -48.807765, -27.705158499999978 ], [ -48.807764799999973, -27.705196199999925 ], [ -48.807762699999955, -27.705232199999955 ], [ -48.807761, -27.705249599999945 ], [ -48.80775639999996, -27.705283199999936 ], [ -48.807750099999964, -27.705315199999969 ], [ -48.807742499999961, -27.705345599999927 ], [ -48.807733399999961, -27.705374199999937 ], [ -48.807728399999974, -27.705387699999946 ], [ -48.807717499999967, -27.705413199999953 ], [ -48.807705299999952, -27.705436499999951 ], [ -48.807698699999946, -27.705447199999988 ], [ -48.807695099999933, -27.70545229999993 ], [ -48.807691599999941, -27.705457499999962 ], [ -48.807683599999962, -27.705467599999963 ], [ -48.807674499999962, -27.705477699999975 ], [ -48.807664099999961, -27.705488 ], [ -48.807638099999963, -27.705510199999928 ], [ -48.807603499999971, -27.705535599999958 ], [ -48.807560899999949, -27.705564399999954 ], [ -48.807419099999947, -27.705655799999935 ], [ -48.807376499999975, -27.705684299999966 ], [ -48.807337399999938, -27.705712899999977 ], [ -48.80731909999998, -27.705727699999958 ], [ -48.8073103, -27.705735399999973 ], [ -48.80730149999993, -27.705743099999946 ], [ -48.807284699999968, -27.705759199999935 ], [ -48.807268499999964, -27.705776199999949 ], [ -48.807252899999988, -27.705794099999924 ], [ -48.807222199999956, -27.705832399999974 ], [ -48.807158, -27.705917499999934 ], [ -48.80712189999997, -27.705963299999951 ], [ -48.807083499999983, -27.706009099999957 ], [ -48.807064, -27.7060312 ], [ -48.807025, -27.706072499999948 ], [ -48.807005899999986, -27.70609109999997 ], [ -48.806987299999946, -27.706108 ], [ -48.806969399999964, -27.706123299999952 ], [ -48.806935399999986, -27.706149199999974 ], [ -48.806904599999939, -27.706169599999964 ], [ -48.806877399999962, -27.706185099999963 ], [ -48.806854199999982, -27.70619639999995 ], [ -48.806834299999927, -27.706204299999957 ], [ -48.80682539999998, -27.706207099999975 ], [ -48.806809199999975, -27.706211 ], [ -48.806787099999951, -27.706213599999955 ], [ -48.806773399999948, -27.706213699999974 ], [ -48.806760199999978, -27.706213 ], [ -48.806728199999952, -27.70620949999994 ], [ -48.806699299999934, -27.706204099999972 ], [ -48.806672499999927, -27.70619709999993 ], [ -48.806639699999948, -27.706186499999948 ], [ -48.806599699999936, -27.706171 ], [ -48.806534399999975, -27.70614189999997 ], [ -48.806435699999952, -27.706095299999955 ], [ -48.806344799999984, -27.706051799999951 ], [ -48.806269499999978, -27.706014399999948 ], [ -48.806162099999938, -27.705958499999944 ], [ -48.806060199999934, -27.70590349999997 ], [ -48.805996, -27.705867599999973 ], [ -48.805959299999984, -27.705844899999931 ], [ -48.805942599999987, -27.7058335 ], [ -48.805926799999959, -27.705821799999974 ], [ -48.805912, -27.705809699999968 ], [ -48.805898, -27.705797 ], [ -48.805884499999934, -27.705783599999954 ], [ -48.805857899999978, -27.705754199999941 ], [ -48.805798099999954, -27.705682 ], [ -48.80576049999997, -27.705638 ], [ -48.805694899999935, -27.705565 ], [ -48.805646399999944, -27.705514199999982 ], [ -48.805621199999969, -27.70548889999997 ], [ -48.805595499999981, -27.70546389999997 ], [ -48.805543299999954, -27.705415299999967 ], [ -48.805517, -27.705392 ], [ -48.805465, -27.705347399999944 ], [ -48.805414599999949, -27.705306499999946 ], [ -48.805366799999952, -27.705269799999929 ], [ -48.805322499999932, -27.705237699999945 ], [ -48.805282, -27.705210499999957 ], [ -48.805245899999932, -27.705188299999978 ], [ -48.805214699999972, -27.705171199999928 ], [ -48.805187499999938, -27.705158599999944 ], [ -48.805163399999969, -27.705149499999951 ], [ -48.805141499999941, -27.705143099999933 ], [ -48.805110899999931, -27.705136899999957 ], [ -48.805090899999982, -27.705134599999951 ], [ -48.805059799999981, -27.705133099999966 ], [ -48.805026299999952, -27.70513329999994 ], [ -48.804935599999965, -27.705135899999952 ], [ -48.804899799999937, -27.705134799999946 ], [ -48.804872, -27.705132399999968 ], [ -48.804838899999936, -27.705127899999976 ], [ -48.804795899999931, -27.705120299999972 ], [ -48.804738099999952, -27.705108299999953 ], [ -48.804658699999948, -27.705090599999945 ], [ -48.804698399999957, -27.705125299999974 ], [ -48.804777599999966, -27.705196099999959 ], [ -48.804836799999968, -27.70524979999993 ], [ -48.804855599999932, -27.70526689999997 ], [ -48.804929599999987, -27.705335099999949 ], [ -48.804996699999947, -27.705398 ], [ -48.805056699999966, -27.705456 ], [ -48.805084699999959, -27.705484099999968 ], [ -48.805111699999941, -27.705512199999923 ], [ -48.805138, -27.705540599999949 ], [ -48.805163899999968, -27.70556989999994 ], [ -48.805189599999949, -27.705600399999973 ], [ -48.805215399999959, -27.705632399999953 ], [ -48.805241299999977, -27.705665699999937 ], [ -48.805267199999946, -27.70570029999994 ], [ -48.805319399999973, -27.705772099999926 ], [ -48.805475499999936, -27.705992099999946 ], [ -48.805564799999956, -27.706114899999928 ], [ -48.80559819999997, -27.706159 ], [ -48.805612, -27.706176299999971 ], [ -48.805624699999953, -27.706191 ], [ -48.805636899999968, -27.706204 ], [ -48.80564929999997, -27.70621559999995 ], [ -48.805662499999983, -27.706226599999987 ], [ -48.805677099999969, -27.706237499999926 ], [ -48.805693799999979, -27.706249 ], [ -48.805734699999967, -27.7062749 ], [ -48.805783299999966, -27.706304099999961 ], [ -48.805945499999957, -27.706399099999935 ], [ -48.806021699999974, -27.706446 ], [ -48.806068099999948, -27.706476799999958 ], [ -48.806089799999945, -27.706492099999942 ], [ -48.8061297, -27.706522499999934 ], [ -48.80616629999998, -27.706553299999928 ], [ -48.806183899999944, -27.706569099999964 ], [ -48.806218499999943, -27.706601899999946 ], [ -48.80635239999998, -27.70673619999997 ], [ -48.806423499999937, -27.706805099999933 ], [ -48.806477699999959, -27.706855099999924 ], [ -48.80653789999996, -27.706908 ], [ -48.806604599999957, -27.706963599999941 ], [ -48.80667829999993, -27.707021399999963 ], [ -48.806756899999982, -27.707080299999962 ], [ -48.806910399999943, -27.707193599999979 ], [ -48.806976199999951, -27.707244099999961 ], [ -48.807032499999934, -27.707290299999958 ], [ -48.807058, -27.70731259999997 ], [ -48.807105899999961, -27.707357199999933 ], [ -48.8071523, -27.707404299999951 ], [ -48.807199599999933, -27.707455799999924 ], [ -48.807247699999955, -27.707511199999942 ], [ -48.807295499999952, -27.707569299999935 ], [ -48.807318899999984, -27.70759889999994 ], [ -48.807364399999983, -27.707658699999968 ], [ -48.807408799999969, -27.707719599999965 ], [ -48.80750409999996, -27.70785259999996 ], [ -48.807559899999937, -27.707928699999968 ], [ -48.807592, -27.707970699999979 ], [ -48.807628399999942, -27.708016599999947 ], [ -48.807670499999979, -27.70806709999993 ], [ -48.8077196, -27.708123199999921 ], [ -48.807776799999949, -27.708185899999929 ], [ -48.807843399999967, -27.708255899999973 ], [ -48.807920799999984, -27.70833429999993 ], [ -48.808090099999959, -27.70842819999995 ], [ -48.808182699999982, -27.708509699999972 ], [ -48.808260099999984, -27.708580099999956 ], [ -48.808324499999969, -27.708640599999974 ], [ -48.808377899999989, -27.708692399999961 ], [ -48.808493699999985, -27.708808 ], [ -48.808524199999958, -27.708837099999986 ], [ -48.808552899999945, -27.708863099999974 ], [ -48.808580399999983, -27.708886499999938 ], [ -48.808607299999949, -27.708907899999918 ], [ -48.808634199999972, -27.708927899999932 ], [ -48.808662, -27.708947099999936 ], [ -48.808691099999983, -27.708966199999956 ], [ -48.80875589999993, -27.709006 ], [ -48.808792499999974, -27.709027199999976 ], [ -48.808832, -27.709049199999971 ], [ -48.80887469999994, -27.709071699999974 ], [ -48.808920599999965, -27.709094599999961 ], [ -48.80897, -27.709117799999937 ], [ -48.809022899999945, -27.70914109999995 ], [ -48.809079599999961, -27.709164399999967 ], [ -48.809139899999941, -27.709187399999962 ], [ -48.809203399999952, -27.709210199999969 ], [ -48.809269, -27.709232699999966 ], [ -48.809336099999939, -27.709254799999929 ], [ -48.809531899999961, -27.708804899999951 ], [ -48.809011399999982, -27.708686499999935 ], [ -48.80874069999993, -27.708436799999966 ], [ -48.808533299999965, -27.707895299999958 ], [ -48.809172199999978, -27.706414399999968 ], [ -48.809091499999958, -27.706274399999984 ], [ -48.809203399999952, -27.706201399999948 ], [ -48.80931819999995, -27.706131099999926 ], [ -48.809432499999957, -27.706058 ], [ -48.80966, -27.705908399999945 ], [ -48.809775899999977, -27.705826199999915 ], [ -48.809890899999971, -27.705743499999972 ], [ -48.810006, -27.705662399999937 ], [ -48.810124099999946, -27.705589199999963 ], [ -48.810240499999971, -27.70551329999995 ], [ -48.810471799999959, -27.705354599999961 ], [ -48.81059049999994, -27.705285899999982 ], [ -48.810702399999968, -27.705204099999943 ], [ -48.810817499999985, -27.705125899999931 ], [ -48.810932099999938, -27.705050699999962 ], [ -48.811048, -27.704979 ], [ -48.811166499999956, -27.704915099999933 ], [ -48.811287, -27.70485669999994 ], [ -48.811411499999963, -27.704809299999969 ], [ -48.811540299999933, -27.704773299999939 ], [ -48.811671, -27.704747 ], [ -48.811802499999935, -27.704726299999962 ], [ -48.81193889999998, -27.704716099999928 ], [ -48.812075099999966, -27.70471 ], [ -48.81221369999998, -27.704715799999978 ], [ -48.812491799999975, -27.704718799999963 ], [ -48.812630299999967, -27.704724 ], [ -48.81276889999998, -27.704735599999932 ], [ -48.812888, -27.704743299999965 ], [ -48.813024399999961, -27.704740199999943 ], [ -48.813134699999978, -27.704740399999928 ], [ -48.813293699999981, -27.704751199999965 ], [ -48.813422299999964, -27.704755899999956 ], [ -48.813575, -27.704770099999969 ], [ -48.813691299999959, -27.704773699999969 ], [ -48.813800599999979, -27.704778499999964 ], [ -48.813908499999975, -27.704780599999921 ], [ -48.814016899999956, -27.704783499999944 ], [ -48.81413809999998, -27.704785599999987 ], [ -48.814236299999948, -27.704791499999935 ], [ -48.814347699999978, -27.704796599999959 ], [ -48.81446009999997, -27.704802299999979 ], [ -48.814572099999957, -27.704808 ], [ -48.814684399999976, -27.704814099999957 ], [ -48.81479719999993, -27.70481859999995 ], [ -48.814908099999968, -27.704824599999935 ], [ -48.815015399999936, -27.704828899999942 ], [ -48.815122699999961, -27.70483309999997 ], [ -48.815229699999982, -27.704836099999973 ], [ -48.815336099999968, -27.704837399999974 ], [ -48.815444199999945, -27.704836499999953 ], [ -48.815555699999948, -27.704833099999984 ], [ -48.815670899999986, -27.704827399999942 ], [ -48.815788099999963, -27.704819899999965 ], [ -48.815906099999957, -27.704807899999924 ], [ -48.816025099999933, -27.704792199999932 ], [ -48.816145199999944, -27.704773399999965 ], [ -48.816265399999963, -27.704751699999974 ], [ -48.816383, -27.704726 ], [ -48.817043399999932, -27.704492 ], [ -48.817151899999942, -27.704450899999976 ], [ -48.817256399999962, -27.704400599999925 ], [ -48.817360399999984, -27.704347399999946 ], [ -48.817463, -27.70429309999998 ], [ -48.817565799999961, -27.70423769999995 ], [ -48.817665799999986, -27.704177799999961 ], [ -48.817767099999969, -27.704119 ], [ -48.8178698, -27.704061 ], [ -48.817972599999962, -27.704002699999926 ], [ -48.818077099999982, -27.703944599999947 ], [ -48.8181843, -27.703890599999969 ], [ -48.818293599999947, -27.703839399999932 ], [ -48.81840609999994, -27.703792599999936 ], [ -48.818523299999981, -27.703757399999965 ], [ -48.818641399999926, -27.703726299999971 ], [ -48.819106, -27.703686499999939 ], [ -48.819636599999974, -27.703714299999927 ], [ -48.819757699999968, -27.703724399999942 ], [ -48.819879699999944, -27.70373869999997 ], [ -48.820000599999965, -27.703750299999964 ], [ -48.820122299999987, -27.703762199999964 ], [ -48.820244199999927, -27.703773399999921 ], [ -48.820367299999923, -27.7037855 ], [ -48.82049109999997, -27.70379679999996 ], [ -48.820616299999976, -27.703808199999958 ], [ -48.820743699999987, -27.703818699999928 ], [ -48.820873, -27.70383 ], [ -48.821004, -27.70384179999996 ], [ -48.821136399999943, -27.703854399999962 ], [ -48.821269099999938, -27.703868399999973 ], [ -48.821402499999976, -27.703881199999959 ], [ -48.821537099999944, -27.703894299999952 ], [ -48.821672499999977, -27.703907899999919 ], [ -48.821810399999947, -27.703926499999966 ], [ -48.821946699999955, -27.703937499999942 ], [ -48.822083599999985, -27.703945599999948 ], [ -48.822211899999957, -27.703948399999952 ], [ -48.822339899999974, -27.703965 ], [ -48.822434099999953, -27.703981599999967 ], [ -48.822491199999945, -27.70399169999996 ], [ -48.822622199999955, -27.703998 ], [ -48.822757299999985, -27.704012599999949 ], [ -48.822892899999943, -27.704025599999962 ], [ -48.823028, -27.704034899999947 ], [ -48.823162299999979, -27.704039799999979 ], [ -48.823297199999963, -27.704041499999956 ], [ -48.823431099999937, -27.704037899999957 ], [ -48.823564799999986, -27.704032599999945 ], [ -48.823697699999968, -27.70402259999997 ], [ -48.823830299999941, -27.704007199999971 ], [ -48.823962499999936, -27.70398809999994 ], [ -48.824093899999987, -27.703964299999939 ], [ -48.824224299999969, -27.703936 ], [ -48.8243533, -27.703901799999976 ], [ -48.824481, -27.70386279999996 ], [ -48.824609299999963, -27.703823 ], [ -48.824737499999969, -27.70378049999993 ], [ -48.824933699999981, -27.70369919999996 ], [ -48.825108899999982, -27.703616299999972 ], [ -48.825219499999946, -27.703555699999978 ], [ -48.825337799999943, -27.703489 ], [ -48.825561599999958, -27.703347299999958 ], [ -48.825875499999938, -27.703092099999942 ], [ -48.826217699999972, -27.702707499999974 ], [ -48.826472899999949, -27.702347699999962 ], [ -48.826766, -27.701939899999953 ], [ -48.826825799999931, -27.701860399999919 ], [ -48.826886499999944, -27.701775699999921 ], [ -48.826949, -27.701695199999957 ], [ -48.827019499999949, -27.701619499999929 ], [ -48.827092899999968, -27.701544899999927 ], [ -48.827169599999934, -27.701475899999942 ], [ -48.827252399999971, -27.701410899999928 ], [ -48.827341, -27.701351199999976 ], [ -48.827435099999953, -27.70129779999996 ], [ -48.827533, -27.701249699999948 ], [ -48.827639, -27.701211599999969 ], [ -48.82774669999997, -27.701178099999936 ], [ -48.82785789999997, -27.701150799999937 ], [ -48.827972699999975, -27.701131 ], [ -48.8280908, -27.701118699999938 ], [ -48.828211799999963, -27.701119199999948 ], [ -48.828331599999956, -27.701122699999928 ], [ -48.82845279999998, -27.701137599999985 ], [ -48.828573099999971, -27.701162099999969 ], [ -48.828692199999978, -27.701195199999965 ], [ -48.828809299999925, -27.701234799999956 ], [ -48.828922899999959, -27.70128429999993 ], [ -48.829035499999975, -27.701340399999932 ], [ -48.829149199999968, -27.701400199999952 ], [ -48.829265599999985, -27.701464499999926 ], [ -48.829383899999989, -27.701529499999928 ], [ -48.82950139999997, -27.701597499999931 ], [ -48.82961709999995, -27.701669799999927 ], [ -48.829729599999951, -27.701745399999929 ], [ -48.829838099999961, -27.701824599999952 ], [ -48.829941799999979, -27.701907399999978 ], [ -48.830040799999949, -27.701992599999986 ], [ -48.830136699999969, -27.702079799999979 ], [ -48.830229199999962, -27.702169499999975 ], [ -48.83032, -27.702261199999956 ], [ -48.830407799999932, -27.702355 ], [ -48.830492199999988, -27.702450099999968 ], [ -48.83056629999993, -27.702546899999959 ], [ -48.830627299999946, -27.702647799999966 ], [ -48.830677899999948, -27.70275039999995 ], [ -48.830720399999954, -27.702857699999981 ], [ -48.830756499999957, -27.702964199999951 ], [ -48.830784699999981, -27.703067 ], [ -48.830828399999973, -27.703178399999949 ], [ -48.830859399999952, -27.703284599999957 ], [ -48.830891199999947, -27.703391899999929 ], [ -48.83093329999997, -27.703501199999952 ], [ -48.830978199999947, -27.703612699999962 ], [ -48.831011199999978, -27.703724099999942 ], [ -48.831049, -27.70383749999996 ], [ -48.831083299999932, -27.70395029999996 ], [ -48.831200299999985, -27.704170199999968 ], [ -48.831265, -27.704273299999958 ], [ -48.831335199999963, -27.704372299999932 ], [ -48.8314089, -27.704466399999944 ], [ -48.831491899999953, -27.704554599999931 ], [ -48.831580599999938, -27.704639699999976 ], [ -48.831674199999952, -27.704713699999953 ], [ -48.831770099999972, -27.704787099999965 ], [ -48.831874299999981, -27.704851899999941 ], [ -48.83198219999997, -27.704907899999952 ], [ -48.832095899999963, -27.704963599999925 ], [ -48.832213699999954, -27.705007 ], [ -48.832333299999959, -27.705043599999943 ], [ -48.832457, -27.705076099999921 ], [ -48.832581499999954, -27.705101799999966 ], [ -48.832707299999988, -27.705120699999938 ], [ -48.832831899999974, -27.70512709999997 ], [ -48.832957399999948, -27.705125399999922 ], [ -48.833082299999944, -27.705116799999939 ], [ -48.833205599999985, -27.705103199999947 ], [ -48.833326199999938, -27.70508149999996 ], [ -48.833446099999954, -27.705053399999937 ], [ -48.833565, -27.705019499999921 ], [ -48.833683, -27.704980399999954 ], [ -48.833750499999951, -27.704957199999971 ], [ -48.833801299999948, -27.704939799999973 ], [ -48.833919799999933, -27.70489659999998 ], [ -48.834038899999939, -27.704852 ], [ -48.834159199999931, -27.704805899999943 ], [ -48.834282199999961, -27.704759299999985 ], [ -48.834407099999964, -27.70471109999993 ], [ -48.83453389999994, -27.704661599999955 ], [ -48.834662399999957, -27.704612499999943 ], [ -48.834792199999988, -27.704563199999942 ], [ -48.834924, -27.704514499999959 ], [ -48.835055199999935, -27.704467099999931 ], [ -48.835185099999933, -27.704422599999933 ], [ -48.835315, -27.704378299999973 ], [ -48.83544889999996, -27.704339399999981 ], [ -48.835585499999979, -27.70430459999994 ], [ -48.835726099999938, -27.704276099999959 ], [ -48.835870399999976, -27.704253299999948 ], [ -48.836017199999965, -27.704234899999964 ], [ -48.836165299999955, -27.704222599999976 ], [ -48.836314499999958, -27.704215699999953 ], [ -48.836464499999977, -27.704214599999947 ], [ -48.836230699999938, -27.704663499999985 ], [ -48.834532099999926, -27.707733599999983 ], [ -48.834265, -27.708219799999934 ], [ -48.841315199999947, -27.712423099999963 ], [ -48.841319699999985, -27.712422599999954 ], [ -48.84134819999997, -27.712420499999958 ], [ -48.841376699999955, -27.712419299999965 ], [ -48.841405499999958, -27.712418899999928 ], [ -48.841434499999941, -27.712419199999932 ], [ -48.841493899999939, -27.712421899999985 ], [ -48.841555399999947, -27.712427 ], [ -48.84165169999995, -27.712436699999962 ], [ -48.841717499999959, -27.712442699999944 ], [ -48.841783699999951, -27.712446599999957 ], [ -48.841850299999969, -27.712447499999929 ], [ -48.842031299999981, -27.712444 ], [ -48.842073399999954, -27.712444 ], [ -48.84211559999995, -27.712444 ], [ -48.842160399999955, -27.712445099999972 ], [ -48.842206, -27.712447099999956 ], [ -48.842251499999968, -27.712450399999963 ], [ -48.842296299999937, -27.712455099999936 ], [ -48.842339399999958, -27.712461499999961 ], [ -48.84238019999998, -27.712469899999984 ], [ -48.842417799999971, -27.712480299999974 ], [ -48.842451699999977, -27.712492899999965 ], [ -48.842482, -27.712507399999925 ], [ -48.842509199999931, -27.712523 ], [ -48.842533599999967, -27.712539399999969 ], [ -48.842555699999934, -27.712555799999961 ], [ -48.842611499999975, -27.712600099999971 ], [ -48.842627899999968, -27.712611399999961 ], [ -48.842643499999951, -27.712620699999945 ], [ -48.842658299999982, -27.712627899999969 ], [ -48.842672399999977, -27.712633199999964 ], [ -48.84268569999994, -27.712636699999969 ], [ -48.842698299999938, -27.712638399999936 ], [ -48.842710199999935, -27.712638399999946 ], [ -48.842721499999982, -27.712636699999969 ], [ -48.842732099999978, -27.712633499999981 ], [ -48.842742399999963, -27.712629199999981 ], [ -48.842775699999954, -27.712613199999957 ], [ -48.842788799999944, -27.712608099999965 ], [ -48.842803599999968, -27.71260379999995 ], [ -48.842820499999959, -27.712600799999965 ], [ -48.842839699999963, -27.712599199999943 ], [ -48.842861, -27.71259909999997 ], [ -48.842884199999958, -27.712600299999959 ], [ -48.842909, -27.712602699999927 ], [ -48.842935099999984, -27.712606199999975 ], [ -48.842989799999934, -27.712615699999954 ], [ -48.843046199999947, -27.71262779999995 ], [ -48.843130099999939, -27.71264739999998 ], [ -48.84318369999994, -27.712658599999944 ], [ -48.843209299999955, -27.712662899999945 ], [ -48.843234, -27.712666 ], [ -48.843257599999959, -27.712667699999944 ], [ -48.843280199999988, -27.712668099999973 ], [ -48.843302099999967, -27.712667099999972 ], [ -48.843323499999947, -27.71266489999994 ], [ -48.843344599999966, -27.712661499999971 ], [ -48.84336559999997, -27.71265689999996 ], [ -48.843386599999981, -27.712651199999975 ], [ -48.843407899999924, -27.71264449999995 ], [ -48.843429699999945, -27.712636699999969 ], [ -48.843451799999976, -27.712627799999957 ], [ -48.843474199999946, -27.712617699999956 ], [ -48.843496699999953, -27.712606199999975 ], [ -48.843519299999969, -27.712593099999932 ], [ -48.843541799999969, -27.71257849999996 ], [ -48.843564199999953, -27.712562 ], [ -48.84358629999997, -27.712543699999966 ], [ -48.843608, -27.712523399999945 ], [ -48.843629199999945, -27.712501399999944 ], [ -48.84364979999998, -27.712478199999968 ], [ -48.843673099999933, -27.712449699999979 ], [ -48.843688699999966, -27.71242969999998 ], [ -48.843706699999984, -27.712405099999952 ], [ -48.843723699999948, -27.712380899999971 ], [ -48.8437388, -27.712358099999953 ], [ -48.843754099999956, -27.712335 ], [ -48.843767299999968, -27.712313099999957 ], [ -48.843779299999937, -27.712291199999967 ], [ -48.843789899999933, -27.712268899999973 ], [ -48.843799299999944, -27.71224559999996 ], [ -48.843807399999946, -27.712220699999936 ], [ -48.843814099999975, -27.712193699999954 ], [ -48.843819599999968, -27.712164099999935 ], [ -48.843823799999939, -27.712131399999976 ], [ -48.843826899999947, -27.712095899999952 ], [ -48.843829199999959, -27.712057799999965 ], [ -48.843830799999978, -27.712017399999969 ], [ -48.843834199999954, -27.711885499999934 ], [ -48.843837299999961, -27.711791599999959 ], [ -48.843851099999945, -27.711513199999953 ], [ -48.843853899999949, -27.711432199999937 ], [ -48.843855, -27.711359799999961 ], [ -48.843854799999967, -27.711294599999974 ], [ -48.843852399999946, -27.711190699999964 ], [ -48.84384979999993, -27.711073 ], [ -48.843848799999932, -27.710999099999981 ], [ -48.843848899999948, -27.710951799999975 ], [ -48.843850399999951, -27.710906199999965 ], [ -48.843853899999949, -27.710862599999924 ], [ -48.843856599999981, -27.710841699999943 ], [ -48.843860199999945, -27.710821399999926 ], [ -48.843864599999961, -27.710801799999956 ], [ -48.843869899999966, -27.710782799999937 ], [ -48.843876199999954, -27.710764499999982 ], [ -48.843883499999954, -27.710746699999962 ], [ -48.84389189999996, -27.710729599999979 ], [ -48.84390129999997, -27.710712899999972 ], [ -48.843911899999966, -27.710696799999941 ], [ -48.843923699999941, -27.710681199999954 ], [ -48.843936699999972, -27.710666099999973 ], [ -48.843951, -27.7106515 ], [ -48.843966599999931, -27.710637399999936 ], [ -48.843983599999952, -27.710623899999973 ], [ -48.844002, -27.710611099999934 ], [ -48.844021899999973, -27.710599 ], [ -48.844043299999953, -27.710587599999929 ], [ -48.844066199999986, -27.710576899999978 ], [ -48.844090699999981, -27.710567099999935 ], [ -48.8441165, -27.710557699999981 ], [ -48.844226799999944, -27.710520599999928 ], [ -48.844254499999984, -27.71051 ], [ -48.844281799999976, -27.71049829999998 ], [ -48.844308399999939, -27.710485299999966 ], [ -48.844334499999938, -27.71047069999997 ], [ -48.844360699999982, -27.710454199999962 ], [ -48.844387299999944, -27.71043539999992 ], [ -48.844414699999959, -27.710414199999946 ], [ -48.844443399999932, -27.710390099999977 ], [ -48.84447369999998, -27.710362899999947 ], [ -48.84450609999994, -27.710332399999977 ], [ -48.844540699999982, -27.71029829999997 ], [ -48.844615, -27.710222299999948 ], [ -48.844691599999976, -27.710141299999965 ], [ -48.84472489999996, -27.710105199999933 ], [ -48.844860199999971, -27.709957299999925 ], [ -48.844895, -27.70991749999995 ], [ -48.844932, -27.709872599999979 ], [ -48.844950799999928, -27.709847299999989 ], [ -48.844967099999963, -27.709823199999953 ], [ -48.844981, -27.709799799999914 ], [ -48.844992399999967, -27.709776899999962 ], [ -48.845001699999955, -27.709754599999943 ], [ -48.845009199999936, -27.709732899999942 ], [ -48.845020499999968, -27.709691899999939 ], [ -48.845033099999966, -27.709637799999928 ], [ -48.845042499999977, -27.709607299999963 ], [ -48.845048, -27.709593499999979 ], [ -48.845054199999943, -27.709580499999962 ], [ -48.845061199999975, -27.709568199999978 ], [ -48.845069099999932, -27.709556399999943 ], [ -48.845077899999986, -27.709545 ], [ -48.845087699999972, -27.709533799999971 ], [ -48.84509879999996, -27.709522699999983 ], [ -48.845110899999945, -27.70951169999994 ], [ -48.845138099999986, -27.709489699999949 ], [ -48.845153099999948, -27.70947869999998 ], [ -48.845185399999934, -27.709456499999931 ], [ -48.84523919999998, -27.70942249999996 ], [ -48.845279, -27.709400099999979 ], [ -48.845300299999963, -27.709389299999934 ], [ -48.845322699999947, -27.709378799999968 ], [ -48.845346299999967, -27.709368799999929 ], [ -48.845371299999954, -27.70935929999996 ], [ -48.845397499999933, -27.709350599999933 ], [ -48.845424799999932, -27.709342499999938 ], [ -48.845452899999941, -27.709335199999941 ], [ -48.8454814, -27.709328599999939 ], [ -48.845510199999978, -27.709322799999928 ], [ -48.845538799999986, -27.709317799999951 ], [ -48.845567, -27.709313599999973 ], [ -48.845594499999947, -27.709310299999974 ], [ -48.845646499999937, -27.709306199999954 ], [ -48.845671199999977, -27.709305199999964 ], [ -48.845718199999972, -27.709304799999984 ], [ -48.84578369999997, -27.709307 ], [ -48.845936, -27.709314899999978 ], [ -48.845984499999986, -27.709315399999969 ], [ -48.846030399999961, -27.709313399999928 ], [ -48.846060899999941, -27.709310199999948 ], [ -48.846175199999955, -27.709293299999938 ], [ -48.846234099999947, -27.709286699999943 ], [ -48.846269499999956, -27.709283499999977 ], [ -48.846351, -27.709277299999936 ], [ -48.84668529999994, -27.709254799999936 ], [ -48.846779699999963, -27.709247099999985 ], [ -48.84687109999993, -27.709237799999986 ], [ -48.846958699999959, -27.709226499999943 ], [ -48.847000899999962, -27.70922 ], [ -48.847200099999952, -27.709185399999967 ], [ -48.847238499999946, -27.709179599999977 ], [ -48.8472766, -27.709174699999945 ], [ -48.84731469999997, -27.709170799999971 ], [ -48.847352899999976, -27.709168099999943 ], [ -48.847391499999965, -27.709166499999977 ], [ -48.847430799999984, -27.709166099999941 ], [ -48.84747079999994, -27.709166699999972 ], [ -48.847511899999972, -27.709168499999979 ], [ -48.847554199999934, -27.709171499999975 ], [ -48.847598099999971, -27.70917559999998 ], [ -48.847643599999969, -27.709180799999956 ], [ -48.847690499999942, -27.709187199999974 ], [ -48.847738499999934, -27.709194599999918 ], [ -48.847787399999959, -27.709203099999961 ], [ -48.847836699999952, -27.709212399999959 ], [ -48.847886299999963, -27.709222699999927 ], [ -48.847935799999959, -27.709233799999932 ], [ -48.847956799999963, -27.709238899999939 ], [ -48.847984899999979, -27.709245599999978 ], [ -48.84803329999994, -27.709258199999962 ], [ -48.848080899999964, -27.709271499999943 ], [ -48.848127699999964, -27.70928529999998 ], [ -48.848173599999939, -27.709299599999966 ], [ -48.848218299999978, -27.709314399999979 ], [ -48.848304299999938, -27.70934509999994 ], [ -48.848345399999971, -27.709360799999953 ], [ -48.848423799999978, -27.709392799999918 ], [ -48.848577599999942, -27.709458899999952 ], [ -48.848659899999973, -27.709492899999933 ], [ -48.848748899999975, -27.709527199999975 ], [ -48.848794899999973, -27.709543899999968 ], [ -48.848841, -27.709559899999928 ], [ -48.84888669999998, -27.709574899999957 ], [ -48.848931299999947, -27.709588599999961 ], [ -48.848974099999964, -27.709600599999931 ], [ -48.84901449999996, -27.709610799999947 ], [ -48.849052, -27.709618899999953 ], [ -48.849086599999964, -27.709625 ], [ -48.849118399999952, -27.709629299999964 ], [ -48.849147399999943, -27.709632 ], [ -48.8491739, -27.709633299999954 ], [ -48.849197799999949, -27.709633299999943 ], [ -48.849219299999966, -27.709632299999949 ], [ -48.849238399999933, -27.709630499999943 ], [ -48.849255399999947, -27.709627899999923 ], [ -48.849270499999939, -27.709624899999952 ], [ -48.84929649999998, -27.709617299999934 ], [ -48.849335799999949, -27.709601799999977 ], [ -48.849382299999945, -27.709584599999971 ], [ -48.849429699999973, -27.709569099999953 ], [ -48.849495099999956, -27.709548799999933 ], [ -48.849507, -27.709545099999961 ], [ -48.849551899999938, -27.709532599999928 ], [ -48.849575699999953, -27.709526699999952 ], [ -48.849600499999951, -27.709521399999975 ], [ -48.849626099999966, -27.709516599999969 ], [ -48.849652599999963, -27.709512699999944 ], [ -48.84967979999994, -27.709509799999978 ], [ -48.849707699999961, -27.709507799999979 ], [ -48.849736199999938, -27.709506599999944 ], [ -48.849765099999956, -27.709506399999949 ], [ -48.849794399999951, -27.709506899999955 ], [ -48.849823799999967, -27.709508299999975 ], [ -48.849882899999962, -27.70951309999997 ], [ -48.849912299999971, -27.709516499999957 ], [ -48.849941899999976, -27.709520699999928 ], [ -48.849971899999957, -27.709525899999971 ], [ -48.850002599999982, -27.709532 ], [ -48.850034499999936, -27.709539299999964 ], [ -48.850067599999939, -27.709547799999932 ], [ -48.850102399999969, -27.709557699999941 ], [ -48.850139099999986, -27.709569099999953 ], [ -48.850178, -27.709582099999984 ], [ -48.850219299999942, -27.70959669999996 ], [ -48.850309299999942, -27.709631199999926 ], [ -48.85035819999996, -27.709651 ], [ -48.850464299999949, -27.709696299999962 ], [ -48.850582199999955, -27.709749099999954 ], [ -48.850708599999969, -27.709808 ], [ -48.850836299999969, -27.709869499999964 ], [ -48.850958099999957, -27.709930299999929 ], [ -48.851066899999978, -27.70998719999994 ], [ -48.851115399999969, -27.710013899999975 ], [ -48.851160299999947, -27.710039799999947 ], [ -48.851201799999956, -27.710065399999962 ], [ -48.851240299999972, -27.710091 ], [ -48.851276, -27.710116899999946 ], [ -48.851309199999946, -27.710143499999951 ], [ -48.851340199999989, -27.710171199999934 ], [ -48.851369299999931, -27.710200399999952 ], [ -48.851396799999975, -27.710231 ], [ -48.851423099999977, -27.710263099999956 ], [ -48.851448699999935, -27.710297 ], [ -48.851473699999985, -27.710332499999936 ], [ -48.851498699999972, -27.71036979999996 ], [ -48.851523899999961, -27.710409 ], [ -48.851599399999941, -27.710529499999954 ], [ -48.851664299999989, -27.710632099999945 ], [ -48.851696199999942, -27.710681 ], [ -48.851729699999957, -27.710730799999961 ], [ -48.851764899999978, -27.710781299999955 ], [ -48.851801899999934, -27.710832299999936 ], [ -48.851840699999968, -27.710883599999924 ], [ -48.85186669999996, -27.710916599999969 ], [ -48.851923, -27.710986199999983 ], [ -48.851965899999982, -27.711037 ], [ -48.852009799999962, -27.711087299999971 ], [ -48.852054199999934, -27.711136799999966 ], [ -48.852099, -27.71118539999998 ], [ -48.852143799999958, -27.711232699999982 ], [ -48.852188599999977, -27.711278699999983 ], [ -48.852233499999954, -27.711323499999946 ], [ -48.852278599999977, -27.711367499999941 ], [ -48.852370599999972, -27.711453799999948 ], [ -48.852466399999969, -27.711539899999934 ], [ -48.852567699999952, -27.711627599999915 ], [ -48.852620399999985, -27.711672 ], [ -48.852674099999945, -27.711716099999926 ], [ -48.852728499999955, -27.711759599999937 ], [ -48.852783299999935, -27.711801799999929 ], [ -48.852838199999951, -27.711842399999963 ], [ -48.85289279999995, -27.711880899999979 ], [ -48.852946899999949, -27.711916699999968 ], [ -48.85300029999997, -27.711949599999965 ], [ -48.853053099999961, -27.71198 ], [ -48.85310549999997, -27.712008399999959 ], [ -48.853157799999963, -27.712035299999972 ], [ -48.853359699999942, -27.712134499999941 ], [ -48.853426, -27.712167899999933 ], [ -48.853482099999944, -27.712197099999969 ], [ -48.853538699999945, -27.712227499999976 ], [ -48.853595499999983, -27.712258899999945 ], [ -48.853652199999942, -27.71229129999994 ], [ -48.853708499999982, -27.71232469999994 ], [ -48.853764199999944, -27.712358799999947 ], [ -48.853818799999942, -27.71239369999995 ], [ -48.853872199999962, -27.712429199999985 ], [ -48.8539244, -27.712465499999954 ], [ -48.853975499999933, -27.712502699999963 ], [ -48.854025699999958, -27.712540899999972 ], [ -48.854074899999951, -27.712580199999934 ], [ -48.854123299999976, -27.712620899999941 ], [ -48.854171099999974, -27.712662899999941 ], [ -48.854218199999934, -27.712706399999931 ], [ -48.854265, -27.712751499999968 ], [ -48.854466799999962, -27.712954499999974 ], [ -48.854504599999984, -27.712991499999923 ], [ -48.854565699999966, -27.713049299999966 ], [ -48.854624299999962, -27.713102199999977 ], [ -48.85468659999998, -27.713155699999959 ], [ -48.854752099999985, -27.713209699999933 ], [ -48.854819899999939, -27.713264099999947 ], [ -48.855029499999944, -27.713428699999948 ], [ -48.855098899999973, -27.713483799999942 ], [ -48.855166799999949, -27.713538899999957 ], [ -48.855232499999943, -27.713593799999956 ], [ -48.85529589999993, -27.713648399999947 ], [ -48.855357, -27.71370249999995 ], [ -48.855416099999957, -27.713755899999963 ], [ -48.855473, -27.713808399999948 ], [ -48.855580599999946, -27.713910199999933 ], [ -48.855728199999938, -27.714052099999947 ], [ -48.855775, -27.714096 ], [ -48.855821299999945, -27.714138199999976 ], [ -48.855867799999942, -27.714178399999984 ], [ -48.855914799999937, -27.714216799999978 ], [ -48.855963, -27.714253099999947 ], [ -48.856012899999939, -27.71428739999994 ], [ -48.856064599999975, -27.71431949999992 ], [ -48.856118, -27.71434939999995 ], [ -48.856172299999969, -27.714377199999937 ], [ -48.856227099999955, -27.714402799999949 ], [ -48.856281799999977, -27.714426099999965 ], [ -48.856335799999947, -27.714447199999952 ], [ -48.856388599999946, -27.714466 ], [ -48.856439599999938, -27.714482499999963 ], [ -48.856488299999967, -27.71449669999998 ], [ -48.856534899999978, -27.714508799999976 ], [ -48.85657939999993, -27.714518599999955 ], [ -48.856622099999981, -27.714526499999966 ], [ -48.856663199999957, -27.714532399999936 ], [ -48.856702699999978, -27.714536399999933 ], [ -48.856741, -27.714538599999958 ], [ -48.856778, -27.714539199999937 ], [ -48.856814199999974, -27.71453809999996 ], [ -48.856849699999948, -27.714535499999961 ], [ -48.856884899999955, -27.714531499999964 ], [ -48.856920199999934, -27.714525899999952 ], [ -48.856956, -27.714519099999965 ], [ -48.856992499999933, -27.714510899999929 ], [ -48.857030099999974, -27.714501399999957 ], [ -48.857069199999962, -27.714490699999939 ], [ -48.857152699999979, -27.714465899999936 ], [ -48.857198, -27.714451199999925 ], [ -48.857243299999936, -27.714436399999961 ], [ -48.8572913, -27.714419899999928 ], [ -48.857341799999972, -27.714401499999944 ], [ -48.857392399999988, -27.714383199999915 ], [ -48.857445399999961, -27.714363 ], [ -48.857556699999982, -27.714318899999959 ], [ -48.85761489999993, -27.714295099999966 ], [ -48.857736899999963, -27.714243899999925 ], [ -48.857969399999945, -27.714143299999932 ], [ -48.85807559999995, -27.714096899999959 ], [ -48.858222099999978, -27.714032 ], [ -48.858322, -27.713987199999963 ], [ -48.858591899999965, -27.713864 ], [ -48.85909989999994, -27.713626899999944 ], [ -48.859251399999955, -27.713557899999962 ], [ -48.859405, -27.713489399999961 ], [ -48.859557599999967, -27.71342339999995 ], [ -48.859706299999978, -27.71336139999994 ], [ -48.859848799999959, -27.713304799999932 ], [ -48.859917699999983, -27.713278399999982 ], [ -48.860112699999938, -27.713206299999971 ], [ -48.860180499999963, -27.713181699999947 ], [ -48.860367199999978, -27.713115299999981 ], [ -48.860487499999969, -27.713073499999954 ], [ -48.860604599999931, -27.713034399999962 ], [ -48.860718499999962, -27.712998499999962 ], [ -48.860774299999946, -27.712981899999928 ], [ -48.860829199999955, -27.712966399999967 ], [ -48.860883299999948, -27.712951899999947 ], [ -48.86093649999998, -27.712938599999976 ], [ -48.86098869999995, -27.7129265 ], [ -48.86104, -27.712915699999936 ], [ -48.861090199999978, -27.712906299999929 ], [ -48.861139299999934, -27.712898299999946 ], [ -48.861187299999983, -27.712891799999969 ], [ -48.861234, -27.712886799999978 ], [ -48.861279499999974, -27.712883199999954 ], [ -48.861323699999957, -27.712880899999959 ], [ -48.861366399999959, -27.712880099999946 ], [ -48.861407699999972, -27.712880499999979 ], [ -48.861447399999975, -27.712882299999936 ], [ -48.861485499999958, -27.712885299999982 ], [ -48.861522, -27.712889499999967 ], [ -48.861557, -27.712895 ], [ -48.861590699999972, -27.712902 ], [ -48.861623499999943, -27.712910499999953 ], [ -48.861655399999961, -27.712920599999965 ], [ -48.861686799999973, -27.712932399999939 ], [ -48.861717899999981, -27.712946099999954 ], [ -48.861748799999937, -27.712961699999934 ], [ -48.861779899999938, -27.712979299999962 ], [ -48.861811, -27.71299879999998 ], [ -48.861842099999933, -27.713020199999967 ], [ -48.861873399999972, -27.71304339999994 ], [ -48.861904599999946, -27.713068199999952 ], [ -48.861935799999976, -27.713094699999928 ], [ -48.86196689999997, -27.713122599999956 ], [ -48.861998, -27.713151899999946 ], [ -48.862029, -27.713182599999978 ], [ -48.862059699999975, -27.713214399999977 ], [ -48.86209, -27.713247299999981 ], [ -48.862119699999937, -27.713281199999987 ], [ -48.862148599999955, -27.713315899999937 ], [ -48.862176599999941, -27.713351399999961 ], [ -48.862203399999949, -27.713387399999924 ], [ -48.862229, -27.71342379999993 ], [ -48.862253099999968, -27.713460699999942 ], [ -48.862275899999986, -27.713498 ], [ -48.862297299999966, -27.713535899999968 ], [ -48.862317299999972, -27.713574499999936 ], [ -48.862336099999936, -27.713614 ], [ -48.862353599999942, -27.713654399999939 ], [ -48.862369799999954, -27.713695799999986 ], [ -48.862384899999938, -27.713738499999963 ], [ -48.862398799999937, -27.71378239999996 ], [ -48.862416899999978, -27.713847799999925 ], [ -48.862423199999967, -27.713872399999946 ], [ -48.862433699999947, -27.713917599999952 ], [ -48.862443099999957, -27.713962399999961 ], [ -48.862451299999982, -27.714006299999948 ], [ -48.86245839999998, -27.714048899999959 ], [ -48.862464399999965, -27.714089799999947 ], [ -48.862473399999949, -27.714166 ], [ -48.862487199999983, -27.714312799999949 ], [ -48.862491399999961, -27.714352099999921 ], [ -48.862505899999974, -27.714457499999988 ], [ -48.862510299999947, -27.714484699999954 ], [ -48.862518799999982, -27.714533 ], [ -48.862528499999939, -27.714582099999966 ], [ -48.86253929999998, -27.714631499999935 ], [ -48.862551199999984, -27.714680499999929 ], [ -48.862564099999986, -27.714728299999923 ], [ -48.862578099999951, -27.714774299999931 ], [ -48.862593, -27.714818 ], [ -48.862608899999941, -27.714859299999944 ], [ -48.862625599999951, -27.714898199999929 ], [ -48.862643, -27.71493479999998 ], [ -48.862661, -27.714969099999955 ], [ -48.862679499999956, -27.715001299999987 ], [ -48.86269839999995, -27.715031299999957 ], [ -48.862717599999947, -27.715059199999924 ], [ -48.862737, -27.715085199999979 ], [ -48.862756599999955, -27.715109399999953 ], [ -48.862804799999942, -27.715163499999967 ], [ -48.862873899999954, -27.715236499999953 ], [ -48.862892899999956, -27.71525749999995 ], [ -48.862911599999961, -27.715279199999944 ], [ -48.862929899999983, -27.715301699999944 ], [ -48.862947699999957, -27.715325199999935 ], [ -48.862965, -27.71535 ], [ -48.862981699999978, -27.71537619999998 ], [ -48.86299779999996, -27.715404 ], [ -48.863013099999932, -27.715433599999987 ], [ -48.863027599999945, -27.715465199999983 ], [ -48.863041299999963, -27.715499099999938 ], [ -48.863054199999972, -27.715535399999972 ], [ -48.863066299999957, -27.715574599999968 ], [ -48.863077699999963, -27.715616699999941 ], [ -48.863088399999981, -27.715662099999964 ], [ -48.86309829999994, -27.715711 ], [ -48.863107499999956, -27.715763699999979 ], [ -48.863116, -27.71582009999997 ], [ -48.863131199999934, -27.715940099999958 ], [ -48.863156099999969, -27.716173799999986 ], [ -48.863166899999953, -27.716267899999938 ], [ -48.863177499999949, -27.716341099999966 ], [ -48.86318289999997, -27.716371199999973 ], [ -48.863188499999985, -27.71639759999994 ], [ -48.863194399999948, -27.716421099999938 ], [ -48.863200599999978, -27.716442 ], [ -48.863207199999984, -27.71646109999994 ], [ -48.863214399999954, -27.716478799999948 ], [ -48.863222199999932, -27.716495199999944 ], [ -48.863230399999964, -27.716510399999951 ], [ -48.863239299999975, -27.716524499999935 ], [ -48.863248699999986, -27.716537499999948 ], [ -48.863258699999953, -27.716549399999966 ], [ -48.863269399999979, -27.716560399999924 ], [ -48.863280599999946, -27.716570499999939 ], [ -48.863292399999978, -27.716579799999987 ], [ -48.863305, -27.716588199999929 ], [ -48.863318299999946, -27.716595899999959 ], [ -48.863332399999933, -27.716603 ], [ -48.863347299999937, -27.716609399999975 ], [ -48.863363199999981, -27.716615199999975 ], [ -48.86338, -27.716620499999973 ], [ -48.863416899999955, -27.716629899999919 ], [ -48.863459199999966, -27.716637699999975 ], [ -48.863509099999924, -27.716644 ], [ -48.863537499999957, -27.716646599999933 ], [ -48.863602599999986, -27.716650599999983 ], [ -48.863639699999965, -27.716652099999965 ], [ -48.863723199999981, -27.716654 ], [ -48.863818699999968, -27.716654399999978 ], [ -48.863983099999984, -27.716652099999976 ], [ -48.864105499999937, -27.716648699999944 ], [ -48.86423469999994, -27.716643799999925 ], [ -48.864432399999941, -27.716633899999973 ], [ -48.864561399999957, -27.716625699999959 ], [ -48.864686199999937, -27.716616199999972 ], [ -48.864808199999963, -27.716605 ], [ -48.864928799999973, -27.716591899999969 ], [ -48.865049599999963, -27.716576699999958 ], [ -48.865351499999974, -27.716533899999938 ], [ -48.865469699999956, -27.716518099999966 ], [ -48.865585, -27.716504499999921 ], [ -48.8658923, -27.716472099999962 ], [ -48.86597519999998, -27.716461899999963 ], [ -48.866047899999948, -27.716450899999973 ], [ -48.8660809, -27.716445 ], [ -48.866111799999949, -27.716438599999933 ], [ -48.866140799999982, -27.716431799999945 ], [ -48.866168099999982, -27.716424499999963 ], [ -48.866194, -27.71641649999998 ], [ -48.866218499999945, -27.716407899999979 ], [ -48.866242099999965, -27.716398499999968 ], [ -48.866264899999983, -27.716388199999979 ], [ -48.866287399999983, -27.716376899999936 ], [ -48.866309699999931, -27.716364499999944 ], [ -48.866332099999966, -27.716351 ], [ -48.866355, -27.716336199999937 ], [ -48.866402599999958, -27.716302699999972 ], [ -48.866427099999953, -27.716284199999954 ], [ -48.86647679999993, -27.716244099999976 ], [ -48.866501599999935, -27.716222699999943 ], [ -48.866526299999975, -27.716200499999946 ], [ -48.866574499999956, -27.716154399999933 ], [ -48.866666099999982, -27.716060199999962 ], [ -48.866710299999966, -27.716015799999976 ], [ -48.866732099999979, -27.715995199999949 ], [ -48.866753899999935, -27.715975799999963 ], [ -48.866776099999981, -27.715957499999949 ], [ -48.866799099999973, -27.715939799999958 ], [ -48.866823399999937, -27.715922499999973 ], [ -48.866849499999951, -27.715905399999929 ], [ -48.866878, -27.715887899999924 ], [ -48.86690909999993, -27.71587 ], [ -48.866981399999986, -27.71583129999992 ], [ -48.867064799999987, -27.715789799999975 ], [ -48.867108599999945, -27.715769 ], [ -48.867195799999934, -27.71572979999997 ], [ -48.867237499999931, -27.715712099999962 ], [ -48.867276799999956, -27.71569639999996 ], [ -48.867312899999952, -27.715682899999923 ], [ -48.867346, -27.715671599999947 ], [ -48.867376199999974, -27.71566229999997 ], [ -48.867404, -27.715654899999937 ], [ -48.867429399999935, -27.715649199999973 ], [ -48.867452799999967, -27.715645 ], [ -48.867474399999928, -27.715642099999958 ], [ -48.867494499999964, -27.715640499999946 ], [ -48.86751339999995, -27.715639899999932 ], [ -48.867531199999974, -27.71564039999998 ], [ -48.867548, -27.715641899999977 ], [ -48.867564199999954, -27.715644399999967 ], [ -48.867579699999965, -27.715648 ], [ -48.867594899999972, -27.715652599999942 ], [ -48.867609799999968, -27.715658299999962 ], [ -48.867624699999972, -27.715665099999963 ], [ -48.867639699999977, -27.715672899999955 ], [ -48.867654799999968, -27.715681699999948 ], [ -48.867685699999974, -27.715702399999941 ], [ -48.867717499999976, -27.715726899999929 ], [ -48.867750599999965, -27.715755 ], [ -48.867802699999963, -27.715802799999953 ], [ -48.86789349999998, -27.715889499999953 ], [ -48.867930399999977, -27.715923799999931 ], [ -48.867969, -27.715957799999966 ], [ -48.868011399999943, -27.715991899999942 ], [ -48.868034499999965, -27.716009199999963 ], [ -48.86805929999997, -27.716026599999953 ], [ -48.868114099999964, -27.716062299999976 ], [ -48.868174299999964, -27.716098899999963 ], [ -48.868365899999951, -27.716211599999951 ], [ -48.868426499999941, -27.716249 ], [ -48.868482099999937, -27.716285299999985 ], [ -48.868507299999976, -27.716302899999953 ], [ -48.868530599999978, -27.71632 ], [ -48.868551599999932, -27.716336599999966 ], [ -48.868570699999971, -27.716353099999932 ], [ -48.868588199999976, -27.71637 ], [ -48.868604599999962, -27.716387599999955 ], [ -48.86862, -27.716406499999945 ], [ -48.868635, -27.716427 ], [ -48.868649799999957, -27.716449699999927 ], [ -48.868664899999949, -27.716475 ], [ -48.868680399999967, -27.71650319999997 ], [ -48.868696499999935, -27.716534399999937 ], [ -48.868713, -27.716568399999964 ], [ -48.868747399999961, -27.716644899999956 ], [ -48.868783199999946, -27.716731899999957 ], [ -48.868801499999961, -27.716779199999952 ], [ -48.868838599999947, -27.716880199999931 ], [ -48.868874899999987, -27.716986199999937 ], [ -48.868909, -27.717092499999968 ], [ -48.868939199999936, -27.717194499999945 ], [ -48.868952299999933, -27.717242499999944 ], [ -48.868964, -27.717288299999954 ], [ -48.868974099999953, -27.717332199999923 ], [ -48.868982599999981, -27.717374 ], [ -48.868989399999975, -27.717414099999932 ], [ -48.868994399999956, -27.717452399999964 ], [ -48.868997499999978, -27.717489099999966 ], [ -48.86899869999997, -27.717524199999961 ], [ -48.868997799999931, -27.717557899999981 ], [ -48.868994799999939, -27.717590199999954 ], [ -48.868989799999959, -27.717621099999974 ], [ -48.868982799999969, -27.717650799999944 ], [ -48.868973699999977, -27.717679099999931 ], [ -48.86896269999994, -27.717706199999945 ], [ -48.868949599999951, -27.717732099999981 ], [ -48.868934499999966, -27.717756899999976 ], [ -48.868917399999937, -27.717780599999969 ], [ -48.868898299999962, -27.717803599999964 ], [ -48.868877099999963, -27.717826599999963 ], [ -48.868853699999939, -27.71785 ], [ -48.868828, -27.717874299999941 ], [ -48.868701899999969, -27.717990899999954 ], [ -48.868627199999928, -27.718063199999964 ], [ -48.868551799999977, -27.718139299999962 ], [ -48.868515599999967, -27.718177199999946 ], [ -48.868481499999973, -27.718214099999948 ], [ -48.868450199999984, -27.718249299999965 ], [ -48.868422299999963, -27.718282399999964 ], [ -48.868397899999934, -27.718313399999943 ], [ -48.868376799999965, -27.718342599999964 ], [ -48.868358799999953, -27.718370399999969 ], [ -48.868343799999927, -27.718397 ], [ -48.868331599999969, -27.718422799999924 ], [ -48.868322199999966, -27.718448 ], [ -48.868194399999936, -27.718561799999971 ], [ -48.868147, -27.718603 ], [ -48.86811629999994, -27.71862769999996 ], [ -48.86808469999994, -27.718651599999934 ], [ -48.86803539999994, -27.718685899999972 ], [ -48.868001499999934, -27.718707599999952 ], [ -48.867966699999947, -27.718728099999964 ], [ -48.867931099999964, -27.718746899999928 ], [ -48.867912899999965, -27.71875539999996 ], [ -48.867894599999936, -27.718763199999952 ], [ -48.867876, -27.71877029999996 ], [ -48.867857299999969, -27.718776599999959 ], [ -48.867838399999989, -27.718782099999931 ], [ -48.867800799999934, -27.718790899999938 ], [ -48.867782299999938, -27.718794099999961 ], [ -48.86774639999993, -27.718798499999941 ], [ -48.8677292, -27.718799699999977 ], [ -48.867696799999976, -27.718800199999972 ], [ -48.867666699999972, -27.718798499999941 ], [ -48.867638799999952, -27.718795199999931 ], [ -48.867613, -27.71879059999997 ], [ -48.867577199999978, -27.718782199999968 ], [ -48.867542699999952, -27.718771299999954 ], [ -48.867507099999955, -27.71875719999996 ], [ -48.867390299999954, -27.718703199999943 ], [ -48.867267299999988, -27.718647799999921 ], [ -48.867245099999934, -27.718638499999933 ], [ -48.867223799999977, -27.718630799999968 ], [ -48.8672031, -27.718625 ], [ -48.867182799999966, -27.718621 ], [ -48.867152099999942, -27.718617399999978 ], [ -48.867119799999948, -27.71861569999993 ], [ -48.867097399999977, -27.718615399999983 ], [ -48.867074699999932, -27.718615799999956 ], [ -48.867051899999971, -27.718616899999976 ], [ -48.867029299999956, -27.718618899999967 ], [ -48.867006499999945, -27.718622099999951 ], [ -48.866983199999929, -27.718626799999978 ], [ -48.866971099999944, -27.718629899999943 ], [ -48.866946, -27.718637699999928 ], [ -48.866919899999978, -27.718647599999937 ], [ -48.866893699999935, -27.71865919999993 ], [ -48.866880899999956, -27.718665599999945 ], [ -48.8668565, -27.718679099999971 ], [ -48.866845199999943, -27.718686199999972 ], [ -48.866824, -27.718701099999976 ], [ -48.866804799999954, -27.718716799999978 ], [ -48.866787, -27.718733599999958 ], [ -48.86676209999996, -27.718761 ], [ -48.866745299999941, -27.718782 ], [ -48.866716599999961, -27.718820599999948 ], [ -48.86668, -27.718871399999941 ], [ -48.86665069999998, -27.718913699999966 ], [ -48.866617799999972, -27.718963599999924 ], [ -48.866581699999976, -27.719022 ], [ -48.866562499999986, -27.719054499999963 ], [ -48.866523099999938, -27.719124399999931 ], [ -48.8664644, -27.71923419999996 ], [ -48.866411899999939, -27.719337899999974 ], [ -48.866335099999958, -27.719496399999976 ], [ -48.866300699999954, -27.71956589999996 ], [ -48.866238399999986, -27.719686 ], [ -48.866190499999966, -27.719774399999945 ], [ -48.866138499999977, -27.719867 ], [ -48.866111299999943, -27.719914199999952 ], [ -48.866054499999962, -27.720009499999943 ], [ -48.866024599999946, -27.720057599999958 ], [ -48.865993599999968, -27.720106 ], [ -48.865961299999988, -27.720154899999947 ], [ -48.865927499999948, -27.720204099999933 ], [ -48.865892, -27.720253799999963 ], [ -48.86585469999995, -27.720304099999961 ], [ -48.865815599999955, -27.720354899999965 ], [ -48.865774499999986, -27.720406399999938 ], [ -48.865731599999947, -27.720458699999934 ], [ -48.865687, -27.720512 ], [ -48.865592699999972, -27.720622 ], [ -48.865233699999976, -27.721034399999937 ], [ -48.86514509999995, -27.721137899999974 ], [ -48.865075499999932, -27.721221599999975 ], [ -48.865048199999933, -27.72125589999996 ], [ -48.865024899999973, -27.72128649999997 ], [ -48.865004799999952, -27.721314699999933 ], [ -48.864987099999951, -27.721341599999963 ], [ -48.86497079999998, -27.721368399999953 ], [ -48.86495529999997, -27.721396299999984 ], [ -48.864939599999957, -27.721426399999924 ], [ -48.86490589999994, -27.721496199999937 ], [ -48.864869699999986, -27.72157709999993 ], [ -48.864832699999972, -27.721666199999959 ], [ -48.864796299999966, -27.721761 ], [ -48.864778799999961, -27.721809599999968 ], [ -48.864745899999946, -27.721907 ], [ -48.864716499999979, -27.722001199999966 ], [ -48.864703399999939, -27.722045899999952 ], [ -48.864680899999932, -27.722127799999953 ], [ -48.864664, -27.722197899999966 ], [ -48.864651599999945, -27.722258799999967 ], [ -48.864646799999946, -27.722287199999975 ], [ -48.864639, -27.722342399999949 ], [ -48.864624, -27.722487599999965 ], [ -48.864617, -27.722547799999983 ], [ -48.864607799999931, -27.722607199999974 ], [ -48.864602199999979, -27.722636 ], [ -48.864588899999944, -27.722691599999951 ], [ -48.86458139999997, -27.722718099999945 ], [ -48.864565499999969, -27.722767799999929 ], [ -48.864557199999986, -27.722790899999953 ], [ -48.864540399999953, -27.722832899999954 ], [ -48.86452289999994, -27.722870299999961 ], [ -48.864503299999967, -27.722905299999979 ], [ -48.864492299999938, -27.722922699999963 ], [ -48.864467, -27.722958599999977 ], [ -48.864435899999933, -27.722998 ], [ -48.864417299999964, -27.72302 ], [ -48.864372499999945, -27.723070399999969 ], [ -48.864315, -27.72313169999995 ], [ -48.864242, -27.723206899999976 ], [ -48.863978, -27.723473299999963 ], [ -48.863868499999967, -27.723585899999925 ], [ -48.863787499999944, -27.723673099999935 ], [ -48.863745199999983, -27.723721299999969 ], [ -48.863709199999967, -27.723764499999955 ], [ -48.863678099999966, -27.72380469999996 ], [ -48.863650899999975, -27.723843199999983 ], [ -48.863627, -27.723881299999952 ], [ -48.863616, -27.723900599999979 ], [ -48.863595399999959, -27.723941 ], [ -48.863575499999961, -27.723986199999949 ], [ -48.864837299999984, -27.724053599999934 ], [ -48.891714599999943, -27.726717 ], [ -48.900339299999985, -27.730868599999955 ] ] ] } }
]
}
