{
"type": "FeatureCollection",
"name": "4205704",
"crs": { "type": "name", "properties": { "name": "urn:ogc:def:crs:OGC:1.3:CRS84" } },
"features": [
{ "type": "Feature", "properties": { "CD_MUN": "4205704", "NM_MUN": "Garopaba" }, "geometry": { "type": "MultiPolygon", "coordinates": [ [ [ [ -48.714441, -28.060653199999926 ], [ -48.714468099999969, -28.060667699999954 ], [ -48.714490599999976, -28.060682399999962 ], [ -48.714528599999944, -28.060710799999978 ], [ -48.714547699999976, -28.060723099999962 ], [ -48.714561699999933, -28.060730099999944 ], [ -48.714569299999937, -28.060733199999955 ], [ -48.714586, -28.060738599999969 ], [ -48.7145953, -28.060740799999962 ], [ -48.714615899999963, -28.060744199999931 ], [ -48.714652899999976, -28.060747 ], [ -48.714696899999979, -28.060747699999972 ], [ -48.714783099999977, -28.060747 ], [ -48.714837299999942, -28.060747199999984 ], [ -48.71487129999997, -28.060748199999981 ], [ -48.714902199999983, -28.060750099999943 ], [ -48.714930599999938, -28.060753 ], [ -48.714970299999948, -28.060759 ], [ -48.714996099999958, -28.060764099999972 ], [ -48.715084699999977, -28.060783599999979 ], [ -48.715108799999946, -28.060787899999969 ], [ -48.715132399999959, -28.060791099999964 ], [ -48.715155699999976, -28.060793 ], [ -48.715178899999955, -28.060793499999935 ], [ -48.715202299999937, -28.060792499999927 ], [ -48.715226, -28.060789799999942 ], [ -48.715250099999928, -28.060785299999967 ], [ -48.71527489999994, -28.060778899999942 ], [ -48.715300199999945, -28.060770499999936 ], [ -48.715325599999971, -28.060759899999937 ], [ -48.71535, -28.060747099999947 ], [ -48.71536169999996, -28.060739799999961 ], [ -48.71537289999997, -28.060731899999961 ], [ -48.71538349999998, -28.060723299999935 ], [ -48.715403, -28.060704499999925 ], [ -48.715420399999964, -28.060683799999936 ], [ -48.715435899999932, -28.060661699999972 ], [ -48.715449799999931, -28.060638799999936 ], [ -48.715487399999972, -28.060569599999951 ], [ -48.715501099999983, -28.06054789999995 ], [ -48.715523499999961, -28.06051749999995 ], [ -48.715567299999968, -28.060463299999981 ], [ -48.715580099999954, -28.060445899999927 ], [ -48.715592299999976, -28.060427199999928 ], [ -48.715609899999947, -28.060395 ], [ -48.715639299999971, -28.060333499999953 ], [ -48.715651499999986, -28.060310899999934 ], [ -48.715657799999974, -28.06030079999994 ], [ -48.715670899999957, -28.060283199999954 ], [ -48.71568469999994, -28.060268499999946 ], [ -48.715699099999938, -28.060256099999947 ], [ -48.715714199999979, -28.060245399999932 ], [ -48.715730699999945, -28.060236199999963 ], [ -48.715739599999949, -28.060232 ], [ -48.715759599999956, -28.060224299999966 ], [ -48.715770799999973, -28.060220799999968 ], [ -48.715796399999931, -28.060214199999969 ], [ -48.715871899999968, -28.060197299999974 ], [ -48.715902299999982, -28.060188699999966 ], [ -48.71591669999998, -28.060183699999978 ], [ -48.715944, -28.060172499999968 ], [ -48.715994699999953, -28.060148699999957 ], [ -48.716019499999959, -28.060137699999935 ], [ -48.716044899999986, -28.060128 ], [ -48.716071599999964, -28.060119699999969 ], [ -48.716100599999955, -28.060112899999979 ], [ -48.716116099999965, -28.060110099999982 ], [ -48.716149399999949, -28.060105599999918 ], [ -48.716201599999984, -28.060101099999933 ], [ -48.716251, -28.060098299999936 ], [ -48.716293299999961, -28.060096599999941 ], [ -48.716331699999955, -28.060096799999936 ], [ -48.716357399999936, -28.060098699999969 ], [ -48.716384499999954, -28.060102199999957 ], [ -48.71642589999994, -28.060109499999953 ], [ -48.716475299999956, -28.060120299999927 ], [ -48.716608199999939, -28.060151799999971 ], [ -48.716641, -28.06016029999995 ], [ -48.716675199999941, -28.060170399999944 ], [ -48.716708799999935, -28.06018209999997 ], [ -48.71674059999998, -28.060195499999963 ], [ -48.71677429999994, -28.060211599999942 ], [ -48.716862099999958, -28.060255099999956 ], [ -48.71691339999996, -28.060279599999948 ], [ -48.716963699999951, -28.060302299999943 ], [ -48.717011199999945, -28.060321799999929 ], [ -48.717516, -28.057990699999952 ], [ -48.717728899999948, -28.05659839999992 ], [ -48.717663399999935, -28.055337099999978 ], [ -48.717352199999937, -28.054174099999955 ], [ -48.715394699999933, -28.048350799999977 ], [ -48.7150999, -28.047646499999924 ], [ -48.71468219999997, -28.0463114 ], [ -48.714010599999938, -28.04652439999996 ], [ -48.714002399999977, -28.046802899999925 ], [ -48.713920499999972, -28.047163199999954 ], [ -48.713633799999968, -28.04727789999998 ], [ -48.713216099999961, -28.047556399999962 ], [ -48.712786899999969, -28.047777099999966 ], [ -48.712569099999932, -28.047949499999952 ], [ -48.712356099999965, -28.048236099999936 ], [ -48.711635399999984, -28.048817699999965 ], [ -48.710963799999945, -28.048973299999943 ], [ -48.70994, -28.04931729999992 ], [ -48.710046499999976, -28.051029 ], [ -48.710247, -28.05437609999996 ], [ -48.711941599999925, -28.054658599999989 ], [ -48.714414399999953, -28.053574899999951 ], [ -48.714918, -28.057510699999959 ], [ -48.714492, -28.060189099999938 ], [ -48.714217799999979, -28.060581099999979 ], [ -48.714284, -28.060600299999965 ], [ -48.714355699999942, -28.060621899999937 ], [ -48.714395599999932, -28.060635 ], [ -48.714419699999951, -28.060643899999938 ], [ -48.714441, -28.060653199999926 ] ] ], [ [ [ -48.634168799999941, -28.111996199999961 ], [ -48.634274099999971, -28.111666499999949 ], [ -48.634398199999964, -28.111344299999924 ], [ -48.634561799999965, -28.111116399999954 ], [ -48.634828899999945, -28.110899 ], [ -48.635284199999944, -28.110884 ], [ -48.635701899999951, -28.111218299999972 ], [ -48.636180099999933, -28.111544699999961 ], [ -48.6364885, -28.111784699999923 ], [ -48.636756, -28.112014299999938 ], [ -48.636949299999969, -28.112184499999952 ], [ -48.637139399999967, -28.112352 ], [ -48.637457399999953, -28.112538699999963 ], [ -48.637727099999957, -28.112580199999961 ], [ -48.638076399999932, -28.112646899999962 ], [ -48.638338899999958, -28.112810099999926 ], [ -48.638596899999982, -28.113113399999975 ], [ -48.638803599999967, -28.113480899999953 ], [ -48.638952699999955, -28.113659399999964 ], [ -48.639107399999951, -28.113892799999974 ], [ -48.651887899999963, -28.115307799999986 ], [ -48.652793799999984, -28.115454 ], [ -48.65728409999997, -28.116178799999943 ], [ -48.657708099999979, -28.116247199999961 ], [ -48.658972899999974, -28.116451399999967 ], [ -48.661049, -28.116786499999936 ], [ -48.666870499999959, -28.117726099999977 ], [ -48.667753399999981, -28.116802099999965 ], [ -48.675131299999975, -28.109160199999966 ], [ -48.678119699999968, -28.106064899999986 ], [ -48.67858849999994, -28.105579299999928 ], [ -48.67947369999996, -28.105409199999936 ], [ -48.680362499999944, -28.105238499999931 ], [ -48.683596299999977, -28.104617399999931 ], [ -48.694368599999962, -28.102548199999941 ], [ -48.694698599999974, -28.094565399999954 ], [ -48.691058899999973, -28.092002199999964 ], [ -48.690732199999957, -28.090855299999934 ], [ -48.687816599999969, -28.082943099999969 ], [ -48.686734299999955, -28.079493 ], [ -48.683017399999983, -28.06637319999993 ], [ -48.68312539999993, -28.06559139999996 ], [ -48.683375899999923, -28.06494669999995 ], [ -48.68377, -28.064328199999981 ], [ -48.68414039999994, -28.063927499999984 ], [ -48.68457049999995, -28.063548799999978 ], [ -48.685120899999959, -28.063200399999964 ], [ -48.685316299999961, -28.063123299999976 ], [ -48.685801899999944, -28.063085099999959 ], [ -48.685976799999935, -28.0630169 ], [ -48.68612939999997, -28.062765 ], [ -48.686172299999953, -28.061403299999931 ], [ -48.686278399999942, -28.061050399999928 ], [ -48.686577, -28.060499099999962 ], [ -48.686671499999932, -28.060275099999952 ], [ -48.686626, -28.060135899999963 ], [ -48.686409, -28.06003659999994 ], [ -48.686180599999943, -28.060044299999962 ], [ -48.685160199999977, -28.060592199999963 ], [ -48.684868799999947, -28.060734799999967 ], [ -48.684542799999981, -28.060828199999936 ], [ -48.683966, -28.060845099999941 ], [ -48.683499499999982, -28.060741499999956 ], [ -48.683184699999977, -28.060582599999986 ], [ -48.683102799999972, -28.060510699999952 ], [ -48.683039599999972, -28.060547899999964 ], [ -48.682935599999958, -28.060558299999968 ], [ -48.682720499999967, -28.060547899999968 ], [ -48.682512299999985, -28.060551299999929 ], [ -48.682207, -28.060586 ], [ -48.682078599999947, -28.060624199999946 ], [ -48.682040499999964, -28.060700499999946 ], [ -48.681950299999983, -28.060981499999961 ], [ -48.681821899999939, -28.061127299999942 ], [ -48.681710899999985, -28.06127639999994 ], [ -48.681603299999949, -28.061370099999976 ], [ -48.681426399999964, -28.061429099999955 ], [ -48.681152299999951, -28.061463799999956 ], [ -48.681003099999948, -28.061429099999938 ], [ -48.680912899999953, -28.061380499999927 ], [ -48.680860899999971, -28.061297299999975 ], [ -48.680860899999963, -28.061103 ], [ -48.68086779999993, -28.060943399999921 ], [ -48.680826199999956, -28.060835799999953 ], [ -48.680732499999976, -28.060731799999942 ], [ -48.680600699999957, -28.060686699999966 ], [ -48.680500099999968, -28.06074909999996 ], [ -48.680389099999964, -28.060905199999983 ], [ -48.680333499999961, -28.061127299999963 ], [ -48.680212099999956, -28.061415199999939 ], [ -48.680139299999958, -28.061560899999964 ], [ -48.679816599999988, -28.062070899999977 ], [ -48.679684799999968, -28.062209699999986 ], [ -48.679615399999932, -28.062351899999946 ], [ -48.679500899999944, -28.062504599999954 ], [ -48.679403799999932, -28.062615599999958 ], [ -48.679160899999943, -28.062886199999976 ], [ -48.679025599999932, -28.063059699999943 ], [ -48.678841699999964, -28.063281699999944 ], [ -48.678758499999958, -28.063344199999957 ], [ -48.678626599999973, -28.063437899999933 ], [ -48.678460099999938, -28.063618299999977 ], [ -48.67823809999993, -28.063812499999983 ], [ -48.678095799999944, -28.063902699999957 ], [ -48.67807149999993, -28.063909699999961 ], [ -48.677918899999952, -28.063930499999959 ], [ -48.677738499999975, -28.063923599999949 ], [ -48.677495599999986, -28.063881899999956 ], [ -48.677343, -28.063875 ], [ -48.677231899999988, -28.063916599999956 ], [ -48.677065399999954, -28.064020699999961 ], [ -48.676919699999985, -28.064235799999949 ], [ -48.676777499999965, -28.064482099999957 ], [ -48.676659499999978, -28.064617399999975 ], [ -48.675521499999945, -28.065439699999953 ], [ -48.675469, -28.065474699999982 ], [ -48.674486899999977, -28.064362599999978 ], [ -48.674567499999966, -28.064005599999966 ], [ -48.67473479999996, -28.063883199999967 ], [ -48.67480409999996, -28.063728099999935 ], [ -48.674808199999973, -28.063642399999946 ], [ -48.674669499999943, -28.06352 ], [ -48.674620499999953, -28.063487399999932 ], [ -48.6746409, -28.063373099999986 ], [ -48.674591899999939, -28.063303699999953 ], [ -48.674441, -28.06331189999997 ], [ -48.673906399999971, -28.063103799999961 ], [ -48.6737677, -28.063005899999951 ], [ -48.673661599999946, -28.062785499999961 ], [ -48.673633, -28.062610099999976 ], [ -48.673639199999968, -28.062473499999943 ], [ -48.673731, -28.062512099999939 ], [ -48.673992099999957, -28.06267529999996 ], [ -48.6741186, -28.062695699999946 ], [ -48.674253299999982, -28.062622299999934 ], [ -48.67434709999997, -28.062634499999934 ], [ -48.674555199999986, -28.062781399999938 ], [ -48.675335599999975, -28.06303239999994 ], [ -48.676816599999938, -28.059813899999931 ], [ -48.676959799999963, -28.059700799999977 ], [ -48.678226199999976, -28.057484599999945 ], [ -48.677472399999942, -28.050760499999974 ], [ -48.676794, -28.050232799999943 ], [ -48.675814, -28.04972019999996 ], [ -48.672240899999963, -28.049207599999924 ], [ -48.667318399999949, -28.055773399999953 ], [ -48.66651939999997, -28.057124299999931 ], [ -48.66649179999996, -28.057171 ], [ -48.666472599999963, -28.057157299999972 ], [ -48.666450499999939, -28.057141399999971 ], [ -48.66613109999998, -28.056910699999946 ], [ -48.665560099999936, -28.056724199999959 ], [ -48.664870299999961, -28.056616799999968 ], [ -48.664457599999935, -28.056418899999983 ], [ -48.664158, -28.056068299999932 ], [ -48.663920499999961, -28.055565199999933 ], [ -48.663711299999939, -28.055163799999949 ], [ -48.663434299999956, -28.05480759999994 ], [ -48.662795399999929, -28.054553199999933 ], [ -48.661964299999966, -28.05437789999996 ], [ -48.661348099999934, -28.05431 ], [ -48.660929699999947, -28.054360899999949 ], [ -48.66079469999994, -28.05448559999996 ], [ -48.660448, -28.05439779999994 ], [ -48.660047099999986, -28.054261899999961 ], [ -48.65977589999995, -28.054239 ], [ -48.659577899999931, -28.05412269999993 ], [ -48.659320599999944, -28.053955199999965 ], [ -48.659065, -28.053769599999935 ], [ -48.658957599999958, -28.05367479999995 ], [ -48.658940599999937, -28.053659799999938 ], [ -48.658782, -28.053541099999972 ], [ -48.658346599999959, -28.053238499999971 ], [ -48.657883499999969, -28.052900599999933 ], [ -48.657603399999971, -28.052705199999934 ], [ -48.657372599999974, -28.052552399999968 ], [ -48.657065599999953, -28.052348599999963 ], [ -48.656827899999932, -28.052187799999945 ], [ -48.656629499999951, -28.052017499999977 ], [ -48.656401799999969, -28.051803 ], [ -48.656177899999932, -28.051573 ], [ -48.656035499999973, -28.051380599999955 ], [ -48.65595129999997, -28.051217299999966 ], [ -48.655630799999976, -28.050739 ], [ -48.655512299999934, -28.050540399999925 ], [ -48.655388399999929, -28.05035039999995 ], [ -48.655222899999963, -28.050114599999972 ], [ -48.654825, -28.049556599999946 ], [ -48.654398099999973, -28.048847799999987 ], [ -48.654346599999947, -28.04874759999996 ], [ -48.654258199999965, -28.048575599999925 ], [ -48.654122399999949, -28.048367299999942 ], [ -48.65387439999995, -28.047974899999918 ], [ -48.65362209999995, -28.047556099999952 ], [ -48.653584199999955, -28.047496399999947 ], [ -48.653479199999929, -28.047330799999937 ], [ -48.653380399999946, -28.047206499999952 ], [ -48.653056399999969, -28.046742699999989 ], [ -48.652931199999962, -28.046534499999947 ], [ -48.652888399999938, -28.04643869999995 ], [ -48.652882, -28.046411099999951 ], [ -48.652876899999974, -28.046391799999984 ], [ -48.652763899999968, -28.046422499999938 ], [ -48.652415299999973, -28.04651709999996 ], [ -48.651772899999976, -28.046689899999933 ], [ -48.651628399999936, -28.046731699999956 ], [ -48.65106789999993, -28.046869199999943 ], [ -48.649246099999978, -28.043271899999979 ], [ -48.648662799999954, -28.042915499999939 ], [ -48.647399, -28.042753499999947 ], [ -48.647062799999958, -28.042648199999974 ], [ -48.646856299999968, -28.042749399999927 ], [ -48.646755, -28.042854699999964 ], [ -48.646366199999932, -28.042915499999946 ], [ -48.645778799999967, -28.043182799999943 ], [ -48.644729799999936, -28.043142299999936 ], [ -48.642979899999943, -28.043490699999946 ], [ -48.642672099999977, -28.043701299999956 ], [ -48.642502, -28.04412259999998 ], [ -48.642542499999941, -28.044746299999929 ], [ -48.642745, -28.04537009999995 ], [ -48.64166959999995, -28.045487199999975 ], [ -48.639287399999951, -28.045827599999939 ], [ -48.639086299999974, -28.045865599999953 ], [ -48.638446099999953, -28.042950399999942 ], [ -48.63781309999996, -28.042998 ], [ -48.637168199999969, -28.043238299999935 ], [ -48.637134899999978, -28.042905199999947 ], [ -48.636206799999968, -28.043057499999982 ], [ -48.636254299999962, -28.043714299999987 ], [ -48.634226799999965, -28.044942299999946 ], [ -48.632884499999939, -28.045399199999956 ], [ -48.632541899999971, -28.044228299999922 ], [ -48.631970699999961, -28.043105099999927 ], [ -48.626273499999968, -28.044371099999978 ], [ -48.626235399999985, -28.044799499999954 ], [ -48.626263899999977, -28.045123099999952 ], [ -48.626362699999959, -28.045513 ], [ -48.625968, -28.045266099999942 ], [ -48.625283, -28.044794699999954 ], [ -48.624981399999967, -28.04443619999995 ], [ -48.624826599999942, -28.044126799999951 ], [ -48.624803099999951, -28.044071599999938 ], [ -48.62474919999994, -28.043945 ], [ -48.624737199999963, -28.043909 ], [ -48.624394299999949, -28.042921899999946 ], [ -48.623998199999967, -28.041750299999926 ], [ -48.623754599999984, -28.041029899999948 ], [ -48.623727899999949, -28.040904699999931 ], [ -48.62366279999997, -28.040623799999942 ], [ -48.623612399999956, -28.040144799999943 ], [ -48.623543, -28.038320199999927 ], [ -48.623494599999958, -28.037046499999967 ], [ -48.623474899999962, -28.036542899999969 ], [ -48.623460099999932, -28.036241699999955 ], [ -48.623453599999955, -28.036107299999969 ], [ -48.625579, -28.035816299999958 ], [ -48.625643, -28.035792 ], [ -48.625683, -28.036049099999943 ], [ -48.627104, -28.035832 ], [ -48.626986, -28.035205 ], [ -48.628338299999939, -28.034993499999931 ], [ -48.628251799999937, -28.034483699999956 ], [ -48.628302899999944, -28.034534899999969 ], [ -48.628538599999963, -28.034544499999974 ], [ -48.630067, -28.034377099999968 ], [ -48.63083649999993, -28.034838799999932 ], [ -48.632910399999957, -28.03451479999995 ], [ -48.633153399999976, -28.034069199999983 ], [ -48.635073399999946, -28.033858599999977 ], [ -48.636183199999948, -28.036070199999969 ], [ -48.639456, -28.037390599999981 ], [ -48.643162699999941, -28.036107199999954 ], [ -48.643153199999972, -28.035957099999955 ], [ -48.64314609999996, -28.035780399999958 ], [ -48.643137, -28.035696799999986 ], [ -48.64327389999994, -28.035724599999973 ], [ -48.643339799999985, -28.035733299999947 ], [ -48.643407399999951, -28.035742 ], [ -48.643549699999937, -28.035755799999947 ], [ -48.644000699999935, -28.035811399999933 ], [ -48.6441291, -28.035832199999962 ], [ -48.64430949999997, -28.035849499999983 ], [ -48.644496799999956, -28.035825199999973 ], [ -48.644649499999957, -28.035804399999961 ], [ -48.644899299999963, -28.035766299999985 ], [ -48.64506229999995, -28.035728099999968 ], [ -48.645249699999958, -28.03568649999994 ], [ -48.64565209999995, -28.035620499999926 ], [ -48.645856799999933, -28.035634399999942 ], [ -48.645926199999963, -28.035648299999931 ], [ -48.646065, -28.035794 ], [ -48.646318199999939, -28.036033399999944 ], [ -48.646505599999955, -28.036134 ], [ -48.646845599999956, -28.036217299999986 ], [ -48.647185599999943, -28.036262399999938 ], [ -48.647456199999958, -28.036269299999958 ], [ -48.647549799999979, -28.036269299999958 ], [ -48.647796199999966, -28.036253699999968 ], [ -48.648262799999941, -28.036231099999949 ], [ -48.648828299999934, -28.036199899999929 ], [ -48.649211699999974, -28.036167 ], [ -48.649477899999972, -28.036132299999959 ], [ -48.649349599999944, -28.036000399999988 ], [ -48.649259399999949, -28.035833899999943 ], [ -48.649207299999937, -28.035743699999962 ], [ -48.649072, -28.035434899999927 ], [ -48.648926299999978, -28.035091499999972 ], [ -48.64885349999998, -28.034838199999967 ], [ -48.648763299999978, -28.034338599999959 ], [ -48.6486106, -28.033766199999938 ], [ -48.648575899999962, -28.03357879999993 ], [ -48.648503099999971, -28.033179799999957 ], [ -48.64820119999996, -28.032520699999964 ], [ -48.648020799999976, -28.032142499999967 ], [ -48.647875099999972, -28.031937799999973 ], [ -48.647791799999936, -28.031729699999964 ], [ -48.647812699999974, -28.031455599999951 ], [ -48.647871599999974, -28.03113989999996 ], [ -48.647927099999947, -28.030952499999952 ], [ -48.648131799999931, -28.030246499999976 ], [ -48.648208199999949, -28.029998399999958 ], [ -48.648319199999953, -28.029585599999965 ], [ -48.648371199999978, -28.029509299999969 ], [ -48.648558599999944, -28.029245599999971 ], [ -48.648700799999972, -28.029089499999941 ], [ -48.6487494, -28.028968 ], [ -48.64876669999996, -28.028867399999964 ], [ -48.648798, -28.02862109999996 ], [ -48.6487633, -28.028468499999978 ], [ -48.6486245, -28.028333199999967 ], [ -48.648458, -28.028229099999979 ], [ -48.648225499999967, -28.028125 ], [ -48.647889, -28.027993199999969 ], [ -48.647618399999942, -28.027896 ], [ -48.647316499999931, -28.027774599999937 ], [ -48.647139599999946, -28.027594199999957 ], [ -48.647039, -28.027347899999942 ], [ -48.646966099999986, -28.0270599 ], [ -48.646875899999941, -28.026879499999946 ], [ -48.646949699999944, -28.026858699999927 ], [ -48.647078, -28.026844799999932 ], [ -48.647230699999966, -28.026796199999971 ], [ -48.647445799999957, -28.026699099999977 ], [ -48.647536, -28.026633199999939 ], [ -48.64757069999996, -28.026553399999951 ], [ -48.64763309999995, -28.026320899999973 ], [ -48.647650499999941, -28.026241099999936 ], [ -48.647858599999942, -28.025869899999972 ], [ -48.648000899999936, -28.025720699999958 ], [ -48.648236799999943, -28.025550699999943 ], [ -48.648434499999944, -28.025477899999938 ], [ -48.648673899999949, -28.025418899999977 ], [ -48.648812699999951, -28.025422399999965 ], [ -48.648913299999947, -28.025453599999931 ], [ -48.648968799999977, -28.025446599999963 ], [ -48.649041699999948, -28.025391099999982 ], [ -48.649128399999945, -28.025401499999933 ], [ -48.649336099999978, -28.025469299999944 ], [ -48.649477899999972, -28.025553299999963 ], [ -48.649572399999954, -28.025674199999976 ], [ -48.649609199999986, -28.025821199999935 ], [ -48.649672299999963, -28.025884299999973 ], [ -48.649819299999933, -28.025984099999956 ], [ -48.649808799999967, -28.02609439999998 ], [ -48.649898099999973, -28.026110199999955 ], [ -48.650076699999936, -28.026120699999975 ], [ -48.650093299999988, -28.026118699999977 ], [ -48.650344599999983, -28.026089099999975 ], [ -48.650444399999976, -28.025999799999969 ], [ -48.650486499999943, -28.025716199999977 ], [ -48.650533699999983, -28.025511299999945 ], [ -48.650612499999966, -28.025406299999933 ], [ -48.650812099999946, -28.025343199999948 ], [ -48.651026499999936, -28.025314199999972 ], [ -48.651122099999952, -28.025301199999948 ], [ -48.651374199999964, -28.025264399999958 ], [ -48.651521299999963, -28.025253899999935 ], [ -48.651547499999936, -28.025264399999966 ], [ -48.651579099999942, -28.025385199999967 ], [ -48.651657899999982, -28.025548099999984 ], [ -48.651747199999932, -28.025684699999953 ], [ -48.652020299999947, -28.025837 ], [ -48.652083299999966, -28.025952599999975 ], [ -48.652109599999953, -28.026092199999937 ], [ -48.652151599999968, -28.026236199999968 ], [ -48.652477299999937, -28.02636229999996 ], [ -48.652771499999972, -28.026467399999955 ], [ -48.653118199999938, -28.026709 ], [ -48.653296799999964, -28.026877099999986 ], [ -48.653475399999934, -28.026940099999926 ], [ -48.653822099999957, -28.026992599999964 ], [ -48.654032199999961, -28.027150199999934 ], [ -48.654095199999965, -28.027339299999941 ], [ -48.654126699999956, -28.027475899999946 ], [ -48.65421079999993, -28.027528399999923 ], [ -48.654494399999976, -28.027391899999941 ], [ -48.654662499999972, -28.027412899999945 ], [ -48.65492519999998, -28.027517899999967 ], [ -48.655229799999979, -28.027728099999937 ], [ -48.655482, -28.02790669999996 ], [ -48.655818199999942, -28.027938199999944 ], [ -48.656080799999984, -28.027864599999937 ], [ -48.656185899999969, -28.027785799999943 ], [ -48.656396, -28.027686 ], [ -48.656564099999976, -28.027701799999942 ], [ -48.656821499999978, -28.027612499999979 ], [ -48.657042099999948, -28.027586199999977 ], [ -48.657226, -28.027612499999975 ], [ -48.657409799999982, -28.02759669999994 ], [ -48.657556899999975, -28.02747589999996 ], [ -48.657882599999937, -28.027381399999967 ], [ -48.658082199999974, -28.027376099999955 ], [ -48.658308099999942, -28.027323599999924 ], [ -48.658576, -28.027381399999964 ], [ -48.658754599999952, -28.027444399999982 ], [ -48.658891099999948, -28.027523199999973 ], [ -48.658972499999948, -28.027525799999975 ], [ -48.659145899999942, -28.02738919999997 ], [ -48.659329699999944, -28.027310399999976 ], [ -48.659492599999965, -28.027326199999948 ], [ -48.659807799999953, -28.027462799999956 ], [ -48.660122899999976, -28.027583599999957 ], [ -48.66036459999998, -28.027636099999949 ], [ -48.660480799999966, -28.027653299999937 ], [ -48.660611499999966, -28.027599399999922 ], [ -48.660643, -28.027510099999969 ], [ -48.660737499999975, -28.027288499999937 ], [ -48.66075509999996, -28.02727009999996 ], [ -48.660837299999969, -28.02718439999995 ], [ -48.660952899999984, -28.027016299999943 ], [ -48.661021199999936, -28.026984799999976 ], [ -48.661115699999982, -28.026916499999977 ], [ -48.661152499999957, -28.026758899999944 ], [ -48.661194499999965, -28.02656979999994 ], [ -48.66123129999994, -28.026501499999942 ], [ -48.661341599999957, -28.026412199999982 ], [ -48.661415199999972, -28.026317599999974 ], [ -48.661483399999952, -28.026013 ], [ -48.661378399999933, -28.025844899999989 ], [ -48.661010699999956, -28.025650499999976 ], [ -48.660795299999961, -28.025577 ], [ -48.660616699999927, -28.025545499999961 ], [ -48.66048539999997, -28.025477199999962 ], [ -48.660422399999966, -28.025298599999935 ], [ -48.660327799999955, -28.02512 ], [ -48.660196499999984, -28.02493609999992 ], [ -48.66010719999997, -28.024768 ], [ -48.660107199999963, -28.024652499999938 ], [ -48.660149199999985, -28.024536899999926 ], [ -48.660249, -28.024447599999966 ], [ -48.660254299999963, -28.024269 ], [ -48.66022269999997, -28.024048399999966 ], [ -48.660128199999967, -28.023843499999941 ], [ -48.659970599999944, -28.023664899999975 ], [ -48.659870799999965, -28.023596599999959 ], [ -48.659760499999955, -28.023523099999966 ], [ -48.65971849999994, -28.023481099999966 ], [ -48.659597599999984, -28.023292 ], [ -48.659392799999978, -28.023081799999925 ], [ -48.65934029999994, -28.02295579999997 ], [ -48.659366499999976, -28.022787699999974 ], [ -48.659419, -28.022682599999946 ], [ -48.65953989999997, -28.022603799999963 ], [ -48.659584499999937, -28.022601199999926 ], [ -48.65971849999994, -28.022603799999963 ], [ -48.659902299999942, -28.022582799999952 ], [ -48.660052, -28.022532899999931 ], [ -48.660078299999952, -28.022472499999928 ], [ -48.660117699999944, -28.022322799999987 ], [ -48.660136099999932, -28.022173099999975 ], [ -48.660217499999931, -28.022086399999978 ], [ -48.66028149999994, -28.022058 ], [ -48.660291899999947, -28.021985099999931 ], [ -48.660323199999929, -28.021808199999953 ], [ -48.660323199999944, -28.02162079999994 ], [ -48.660307499999931, -28.021445599999932 ], [ -48.660340499999961, -28.0213242 ], [ -48.660387299999975, -28.021279099999955 ], [ -48.66043939999998, -28.02128259999995 ], [ -48.660512199999971, -28.021308599999934 ], [ -48.660569499999951, -28.021358899999939 ], [ -48.660619799999949, -28.021412699999928 ], [ -48.660723899999937, -28.021464699999971 ], [ -48.660788099999934, -28.021468199999966 ], [ -48.660814099999982, -28.021454299999956 ], [ -48.660855699999956, -28.021400499999977 ], [ -48.660893899999962, -28.021345 ], [ -48.660963299999935, -28.02126519999997 ], [ -48.661077699999964, -28.021202799999969 ], [ -48.66112389999995, -28.021186799999946 ], [ -48.661323899999957, -28.021431 ], [ -48.661806299999974, -28.021253599999962 ], [ -48.661754299999984, -28.021208 ], [ -48.661702199999979, -28.021121199999964 ], [ -48.661573899999951, -28.020947799999934 ], [ -48.66139, -28.020739599999949 ], [ -48.661348399999952, -28.020632 ], [ -48.661213, -28.020482899999944 ], [ -48.661053499999987, -28.020361399999953 ], [ -48.660970699999957, -28.020243699999984 ], [ -48.660744699999952, -28.01992429999996 ], [ -48.66068219999994, -28.019556499999965 ], [ -48.660585099999942, -28.019161 ], [ -48.66037689999996, -28.018945899999942 ], [ -48.660203499999973, -28.018751699999939 ], [ -48.660064699999964, -28.018661499999958 ], [ -48.6597316, -28.018547 ], [ -48.659464499999956, -28.018491499999989 ], [ -48.659266699999939, -28.018474099999931 ], [ -48.659173099999975, -28.018397799999942 ], [ -48.659051599999941, -28.018342299999965 ], [ -48.658874699999956, -28.01815489999996 ], [ -48.65862489999995, -28.017922499999937 ], [ -48.658350799999944, -28.017582499999939 ], [ -48.658250199999948, -28.017471499999949 ], [ -48.658097599999969, -28.017329199999949 ], [ -48.657934499999961, -28.017169599999921 ], [ -48.657802699999934, -28.017017 ], [ -48.657758, -28.016940199999965 ], [ -48.657657, -28.016826199999961 ], [ -48.657580599999967, -28.016777599999958 ], [ -48.657441899999981, -28.01674289999994 ], [ -48.657348199999944, -28.016711699999966 ], [ -48.657268399999964, -28.016642299999937 ], [ -48.657211299999972, -28.016548299999954 ], [ -48.6571747, -28.01644449999997 ], [ -48.657084499999939, -28.016108 ], [ -48.657004699999959, -28.015716 ], [ -48.656949199999978, -28.015497399999955 ], [ -48.656876799999964, -28.015421099999966 ], [ -48.656964799999969, -28.01542279999995 ], [ -48.657079299999964, -28.015402 ], [ -48.657173, -28.015395099999985 ], [ -48.657318699999969, -28.015388099999928 ], [ -48.657358599999945, -28.015363799999939 ], [ -48.657469599999956, -28.01531349999993 ], [ -48.657460399999934, -28.015096599999932 ], [ -48.658149399999957, -28.011764699999961 ], [ -48.657758, -28.009959 ], [ -48.657426699999974, -28.009450699999942 ], [ -48.657279199999948, -28.007768099999968 ], [ -48.656455299999948, -28.006042099999956 ], [ -48.655933099999977, -28.005259799999969 ], [ -48.655341499999963, -28.00472729999996 ], [ -48.655233199999941, -28.003424699999979 ], [ -48.654310299999963, -28.003316599999945 ], [ -48.654219099999978, -28.003200099999951 ], [ -48.653624599999937, -28.002386299999959 ], [ -48.653157299999982, -28.001722499999961 ], [ -48.652666799999963, -28.00125219999995 ], [ -48.652615499999968, -28.001203099999945 ], [ -48.652295799999941, -28.000115799999946 ], [ -48.652389299999982, -27.999738 ], [ -48.652842699999951, -27.999148599999952 ], [ -48.652490499999942, -27.997933 ], [ -48.6515017, -27.997388 ], [ -48.650468799999949, -27.996280499999955 ], [ -48.650377499999941, -27.996191899999928 ], [ -48.65033289999996, -27.996016899999983 ], [ -48.650211699999943, -27.995831799999962 ], [ -48.650150599999968, -27.995876899999924 ], [ -48.65009509999993, -27.995797099999951 ], [ -48.65005709999997, -27.995758899999942 ], [ -48.65001529999995, -27.99575549999998 ], [ -48.649959799999976, -27.995738099999983 ], [ -48.64990419999998, -27.995717299999967 ], [ -48.649834899999973, -27.995699899999973 ], [ -48.64976889999997, -27.99568609999994 ], [ -48.649703, -27.995651399999936 ], [ -48.649647499999958, -27.995613199999983 ], [ -48.649619799999982, -27.995547299999934 ], [ -48.649609299999952, -27.995477899999958 ], [ -48.649623199999944, -27.995443199999965 ], [ -48.649534, -27.995179199999932 ], [ -48.648811, -27.994233399999921 ], [ -48.648134199999959, -27.993378399999987 ], [ -48.647117699999967, -27.992895499999975 ], [ -48.646149699999967, -27.992640399999964 ], [ -48.645423299999948, -27.992578399999953 ], [ -48.644460699999961, -27.992509599999945 ], [ -48.643859399999947, -27.992729799999939 ], [ -48.643239599999966, -27.993263599999967 ], [ -48.642474899999968, -27.993725799999932 ], [ -48.641454599999975, -27.993976499999981 ], [ -48.641069599999987, -27.993004599999953 ], [ -48.640954799999967, -27.992327599999943 ], [ -48.64055819999993, -27.989996399999942 ], [ -48.640613599999938, -27.987207699999935 ], [ -48.640269799999949, -27.985666199999965 ], [ -48.640165399999944, -27.985234199999976 ], [ -48.640164199999958, -27.985129399999948 ], [ -48.640100699999948, -27.984929899999933 ], [ -48.639992299999967, -27.984745499999974 ], [ -48.63991759999994, -27.98462069999994 ], [ -48.639891, -27.98457309999997 ], [ -48.639817099999959, -27.984440499999952 ], [ -48.639722699999936, -27.984285 ], [ -48.639567099999965, -27.984020099999956 ], [ -48.641276199999943, -27.982790699999956 ], [ -48.641796199999938, -27.982611 ], [ -48.642091, -27.982491699999958 ], [ -48.642524899999955, -27.982329099999966 ], [ -48.643160099999925, -27.982112 ], [ -48.643167199999937, -27.982109499999986 ], [ -48.643182199999963, -27.982104399999972 ], [ -48.643646599999954, -27.981910899999939 ], [ -48.643864, -27.981801799999978 ], [ -48.644459199999972, -27.981481 ], [ -48.644882799999948, -27.981184599999956 ], [ -48.645178099999953, -27.980942099999933 ], [ -48.645318499999973, -27.980826899999943 ], [ -48.645718199999976, -27.98056339999993 ], [ -48.645870299999949, -27.980277 ], [ -48.646448899999946, -27.979086899999974 ], [ -48.647817799999984, -27.97858749999995 ], [ -48.648022099999935, -27.978513 ], [ -48.648040899999955, -27.978505699999975 ], [ -48.648064499999968, -27.978497599999962 ], [ -48.648239099999962, -27.97843429999995 ], [ -48.649988399999984, -27.976797499999972 ], [ -48.651247, -27.974837499999978 ], [ -48.651582899999937, -27.973848599999933 ], [ -48.652023299999939, -27.972592799999973 ], [ -48.652279399999941, -27.971814399999971 ], [ -48.652361599999949, -27.969227599999964 ], [ -48.651163599999961, -27.968826199999967 ], [ -48.650977799999964, -27.968763899999935 ], [ -48.650752699999948, -27.968642699999972 ], [ -48.650691299999949, -27.968540299999976 ], [ -48.650545, -27.968296399999929 ], [ -48.6502852, -27.967880899999958 ], [ -48.649990899999985, -27.967569199999954 ], [ -48.649800499999976, -27.967292199999982 ], [ -48.649765799999962, -27.967084499999942 ], [ -48.649817799999937, -27.966807399999933 ], [ -48.649817799999937, -27.966288 ], [ -48.64981779999993, -27.966045599999969 ], [ -48.64974849999993, -27.965924399999938 ], [ -48.649575399999947, -27.965837899999944 ], [ -48.64940219999994, -27.9658032 ], [ -48.649211799999932, -27.965820599999979 ], [ -48.648934799999942, -27.965872499999929 ], [ -48.648832199999958, -27.965901 ], [ -48.648623099999952, -27.965959099999964 ], [ -48.647999799999987, -27.965976399999938 ], [ -48.647376499999957, -27.965872499999929 ], [ -48.646995599999975, -27.965768599999933 ], [ -48.646666699999969, -27.965734 ], [ -48.646424299999978, -27.965682 ], [ -48.646181899999931, -27.965595499999942 ], [ -48.646008799999947, -27.965526199999928 ], [ -48.64593949999994, -27.965387699999951 ], [ -48.645541299999934, -27.965179899999949 ], [ -48.645298899999943, -27.965179899999949 ], [ -48.645021899999961, -27.96530109999998 ], [ -48.644675599999978, -27.965508899999978 ], [ -48.644396799999981, -27.965648299999948 ], [ -48.644225399999982, -27.965734 ], [ -48.643948399999942, -27.96578589999995 ], [ -48.6436887, -27.965941799999936 ], [ -48.643515599999944, -27.966080299999931 ], [ -48.64332509999997, -27.96634 ], [ -48.643169299999954, -27.966651599999974 ], [ -48.643152, -27.966842099999955 ], [ -48.643030799999963, -27.966928599999964 ], [ -48.642875, -27.96687669999994 ], [ -48.642771099999948, -27.966686199999963 ], [ -48.642459399999957, -27.966461199999976 ], [ -48.642130499999951, -27.966236099999939 ], [ -48.641766899999929, -27.965872499999929 ], [ -48.641386, -27.965508899999975 ], [ -48.640953099999926, -27.96531849999997 ], [ -48.640589599999942, -27.96517989999996 ], [ -48.640243299999952, -27.965006799999973 ], [ -48.640139399999946, -27.964816399999957 ], [ -48.640065499999935, -27.964619299999971 ], [ -48.640035499999954, -27.964539299999963 ], [ -48.639931599999962, -27.964366199999976 ], [ -48.639723899999979, -27.964227699999977 ], [ -48.639446899999946, -27.964175799999964 ], [ -48.639238599999949, -27.964162699999967 ], [ -48.639169799999934, -27.964158399999977 ], [ -48.638875499999976, -27.964106499999961 ], [ -48.638618, -27.963949499999963 ], [ -48.638359799999932, -27.963790399999937 ], [ -48.638148299999955, -27.963431299999968 ], [ -48.638079099999977, -27.963258099999958 ], [ -48.638096399999945, -27.962981099999965 ], [ -48.638183, -27.962669499999947 ], [ -48.638216399999976, -27.962301299999979 ], [ -48.638093899999944, -27.96157919999996 ], [ -48.637889399999949, -27.961128299999924 ], [ -48.637646199999949, -27.960844699999939 ], [ -48.63753109999994, -27.960465599999953 ], [ -48.637403799999959, -27.960262899999979 ], [ -48.6371961, -27.959743399999969 ], [ -48.637057599999935, -27.959449099999972 ], [ -48.637092199999977, -27.959120099999947 ], [ -48.637226099999971, -27.958914099999959 ], [ -48.637317299999957, -27.9587739 ], [ -48.637490399999933, -27.958583399999942 ], [ -48.637525, -27.958237099999959 ], [ -48.637490399999933, -27.957890899999946 ], [ -48.637386499999941, -27.957700399999968 ], [ -48.637196099999983, -27.957579199999945 ], [ -48.636971, -27.957388799999926 ], [ -48.63690169999996, -27.957146399999946 ], [ -48.636867099999961, -27.956800099999956 ], [ -48.636520799999978, -27.956228799999955 ], [ -48.635966799999956, -27.955761299999953 ], [ -48.63551659999996, -27.955380399999974 ], [ -48.635049199999969, -27.955016799999957 ], [ -48.634694599999939, -27.954819 ], [ -48.634148899999964, -27.95451469999994 ], [ -48.633871799999952, -27.954376199999952 ], [ -48.633577499999951, -27.954151099999933 ], [ -48.63321389999993, -27.953752899999984 ], [ -48.632885, -27.953458599999966 ], [ -48.632192399999958, -27.952921799999945 ], [ -48.631926399999948, -27.952674399999974 ], [ -48.631816899999933, -27.952572499999974 ], [ -48.631447899999955, -27.952229299999946 ], [ -48.631331699999983, -27.952140899999964 ], [ -48.631015099999964, -27.951900299999981 ], [ -48.630772699999966, -27.95177909999995 ], [ -48.630664299999985, -27.951766399999926 ], [ -48.630478299999943, -27.951744499999961 ], [ -48.630236, -27.951744499999968 ], [ -48.629958899999963, -27.951727199999926 ], [ -48.629785799999979, -27.951554099999949 ], [ -48.629647299999938, -27.951294299999958 ], [ -48.629422199999965, -27.950930799999984 ], [ -48.629249099999981, -27.950740299999939 ], [ -48.628556499999945, -27.950238199999941 ], [ -48.628106399999979, -27.94999579999995 ], [ -48.627794699999981, -27.949701499999939 ], [ -48.627679699999931, -27.949497099999974 ], [ -48.627483099999957, -27.949147399999951 ], [ -48.627240699999959, -27.948887699999936 ], [ -48.626963699999983, -27.948783899999956 ], [ -48.626682499999966, -27.948759699999982 ], [ -48.626296899999943, -27.948765399999946 ], [ -48.62621919999998, -27.948766499999977 ], [ -48.625751699999967, -27.948749199999952 ], [ -48.625318899999975, -27.94868 ], [ -48.624747499999962, -27.948506799999961 ], [ -48.62453969999995, -27.948420299999938 ], [ -48.62441849999994, -27.948264399999974 ], [ -48.624349299999949, -27.94805669999992 ], [ -48.624297299999959, -27.947779699999955 ], [ -48.624141499999951, -27.947346799999938 ], [ -48.623933799999982, -27.946827399999961 ], [ -48.623795299999976, -27.946446499999979 ], [ -48.62362209999997, -27.946273399999942 ], [ -48.623310499999953, -27.946238699999974 ], [ -48.622964199999956, -27.946186799999971 ], [ -48.622600599999942, -27.945979 ], [ -48.622081199999968, -27.945736599999968 ], [ -48.621492499999931, -27.945459599999943 ], [ -48.621132699999983, -27.945205699999978 ], [ -48.6210756, -27.945123799999976 ], [ -48.620929199999978, -27.944914199999964 ], [ -48.6209123, -27.944891799999944 ], [ -48.620925899999975, -27.94493359999996 ], [ -48.620934, -27.944958699999965 ], [ -48.620938899999942, -27.944973899999976 ], [ -48.620939499999963, -27.944976199999925 ], [ -48.620940299999972, -27.944980599999948 ], [ -48.620940599999983, -27.944985099999933 ], [ -48.620940499999968, -27.944988099999925 ], [ -48.620939699999951, -27.944994099999978 ], [ -48.620938499999966, -27.944998599999959 ], [ -48.620937599999934, -27.945001599999962 ], [ -48.62093519999997, -27.945007599999943 ], [ -48.620933799999939, -27.945010599999939 ], [ -48.620930599999951, -27.945016599999967 ], [ -48.620927099999953, -27.945022599999959 ], [ -48.620919199999953, -27.945034299999975 ], [ -48.620913099999932, -27.945042 ], [ -48.620908899999968, -27.945046699999981 ], [ -48.620905899999975, -27.945049799999929 ], [ -48.620899799999961, -27.945055499999967 ], [ -48.620895, -27.945059599999979 ], [ -48.620885099999953, -27.945067199999983 ], [ -48.620878399999981, -27.945072 ], [ -48.620864799999929, -27.945081199999944 ], [ -48.620854699999931, -27.94508819999994 ], [ -48.620844899999952, -27.945095499999976 ], [ -48.620840199999975, -27.94509939999994 ], [ -48.620833299999958, -27.945105399999921 ], [ -48.62082689999994, -27.945112 ], [ -48.620823799999982, -27.945115499999932 ], [ -48.620812199999932, -27.94512949999995 ], [ -48.620806499999965, -27.945136499999926 ], [ -48.620798399999948, -27.945147299999984 ], [ -48.620793499999934, -27.945154599999974 ], [ -48.620791099999963, -27.945158299999942 ], [ -48.620787899999982, -27.945163899999951 ], [ -48.620784099999987, -27.945171599999973 ], [ -48.620782499999969, -27.945175499999948 ], [ -48.620780399999937, -27.94518139999996 ], [ -48.62077869999996, -27.945187499999978 ], [ -48.620778099999939, -27.945190499999967 ], [ -48.620776699999965, -27.945199799999958 ], [ -48.620776199999966, -27.945205899999955 ], [ -48.620776099999951, -27.945210099999933 ], [ -48.620776099999951, -27.945218399999916 ], [ -48.620776399999954, -27.945224699999986 ], [ -48.62077759999994, -27.945237199999948 ], [ -48.620779299999974, -27.945249799999939 ], [ -48.620780799999977, -27.94525809999994 ], [ -48.620783899999935, -27.945274699999963 ], [ -48.620792, -27.945314 ], [ -48.620796199999965, -27.945333499999943 ], [ -48.620803199999948, -27.945362699999979 ], [ -48.62080839999993, -27.945382099999961 ], [ -48.620811099999976, -27.945391699999959 ], [ -48.620815399999977, -27.945406199999976 ], [ -48.620821599999942, -27.945425499999942 ], [ -48.620824899999946, -27.945435099999933 ], [ -48.620830199999951, -27.945449499999942 ], [ -48.620838899999974, -27.945471199999925 ], [ -48.620845499999973, -27.945486 ], [ -48.620849, -27.94549319999993 ], [ -48.620854599999973, -27.945503899999945 ], [ -48.620860499999942, -27.945514199999931 ], [ -48.62086359999995, -27.94551929999994 ], [ -48.62087, -27.945529299999976 ], [ -48.620873399999944, -27.94553419999994 ], [ -48.620878599999969, -27.945541499999944 ], [ -48.620886, -27.945551 ], [ -48.6208898, -27.945555699999947 ], [ -48.620895799999971, -27.945562699999975 ], [ -48.620905199999982, -27.945573 ], [ -48.620915199999963, -27.945583099999968 ], [ -48.620920399999932, -27.945588099999952 ], [ -48.620931399999961, -27.945597899999928 ], [ -48.620939, -27.945604399999979 ], [ -48.620944299999962, -27.945608799999942 ], [ -48.620955199999969, -27.945617299999981 ], [ -48.620964899999926, -27.945624199999951 ], [ -48.620971499999939, -27.945628399999979 ], [ -48.620976, -27.945630899999962 ], [ -48.620985, -27.945635599999942 ], [ -48.620991799999956, -27.945638799999983 ], [ -48.620996399999967, -27.945640699999956 ], [ -48.62100559999994, -27.945644199999943 ], [ -48.621010299999966, -27.945645799999966 ], [ -48.621019799999942, -27.945648599999963 ], [ -48.621029299999982, -27.945651099999964 ], [ -48.621035799999959, -27.945652599999963 ], [ -48.621048899999948, -27.945655099999961 ], [ -48.621051599999923, -27.945655599999952 ], [ -48.6210569, -27.945656099999951 ], [ -48.621062299999949, -27.945656299999939 ], [ -48.62106579999994, -27.945656199999974 ], [ -48.621073099999933, -27.945655699999968 ], [ -48.621084, -27.945654299999934 ], [ -48.621091199999967, -27.94565289999997 ], [ -48.621105899999982, -27.945649899999971 ], [ -48.621122299999968, -27.945646599999979 ], [ -48.621133199999974, -27.945645099999975 ], [ -48.621138599999938, -27.945644699999946 ], [ -48.62114669999994, -27.945644599999977 ], [ -48.621152, -27.945644899999937 ], [ -48.621154699999977, -27.945645199999941 ], [ -48.621158699999974, -27.945645899999924 ], [ -48.621168799999971, -27.945648 ], [ -48.6211737, -27.945649299999957 ], [ -48.621181, -27.945651399999971 ], [ -48.62119169999994, -27.945655099999961 ], [ -48.621198799999952, -27.945658 ], [ -48.621202199999978, -27.945659599999939 ], [ -48.621207399999946, -27.945662299999981 ], [ -48.621214299999963, -27.945666099999983 ], [ -48.621217699999931, -27.945668199999947 ], [ -48.621222899999964, -27.945671599999965 ], [ -48.621230499999974, -27.945677199999967 ], [ -48.621244399999966, -27.94568819999996 ], [ -48.621251, -27.945693799999951 ], [ -48.621260499999948, -27.94570229999993 ], [ -48.621269199999965, -27.945711 ], [ -48.621273299999984, -27.945715399999983 ], [ -48.621280899999938, -27.945724299999927 ], [ -48.621284299999957, -27.945728799999976 ], [ -48.621289, -27.945735699999943 ], [ -48.621292699999969, -27.94574189999998 ], [ -48.621294299999924, -27.945745 ], [ -48.621296499999978, -27.945749799999927 ], [ -48.621299199999953, -27.945757099999987 ], [ -48.621301099999982, -27.945764499999946 ], [ -48.621301799999976, -27.945768299999941 ], [ -48.621302, -27.945769899999956 ], [ -48.621302099999987, -27.945773199999959 ], [ -48.621301699999954, -27.945776499999969 ], [ -48.621301299999971, -27.945778699999945 ], [ -48.6213, -27.945783 ], [ -48.621298699999954, -27.945786299999945 ], [ -48.621295399999944, -27.945792899999955 ], [ -48.621292799999942, -27.945797299999978 ], [ -48.621287099999961, -27.945806 ], [ -48.62128279999996, -27.945812699999969 ], [ -48.62127879999997, -27.945819299999975 ], [ -48.621277099999986, -27.945822699999948 ], [ -48.621274799999981, -27.945827699999942 ], [ -48.621273099999939, -27.945832699999983 ], [ -48.621272499999975, -27.945835299999935 ], [ -48.62127159999995, -27.945839399999961 ], [ -48.621269599999948, -27.945848099999974 ], [ -48.62126829999994, -27.945854699999984 ], [ -48.621267599999953, -27.945861299999923 ], [ -48.621267599999953, -27.945864599999933 ], [ -48.621268099999959, -27.945868899999944 ], [ -48.621268499999985, -27.945871099999962 ], [ -48.621269499999983, -27.945874199999935 ], [ -48.621271, -27.94587729999995 ], [ -48.621271899999954, -27.945878799999949 ], [ -48.621274699999951, -27.945883099999946 ], [ -48.621280799999965, -27.945891299999978 ], [ -48.621287199999983, -27.945899199999921 ], [ -48.621291699999972, -27.945904199999966 ], [ -48.621301099999982, -27.945913799999971 ], [ -48.621308499999941, -27.945920499999943 ], [ -48.62131369999998, -27.945924899999969 ], [ -48.621324199999954, -27.94593319999996 ], [ -48.62132969999994, -27.94593709999997 ], [ -48.621340899999957, -27.945944799999946 ], [ -48.621352399999978, -27.945952099999928 ], [ -48.62136019999997, -27.945956899999931 ], [ -48.621376099999971, -27.945966 ], [ -48.621395399999976, -27.945976699999974 ], [ -48.621434099999931, -27.945997599999927 ], [ -48.621460099999979, -27.946011399999975 ], [ -48.621512, -27.946038499999929 ], [ -48.621550799999966, -27.946058799999939 ], [ -48.62158949999997, -27.946079299999951 ], [ -48.621608699999967, -27.946089699999959 ], [ -48.62163739999994, -27.946105499999934 ], [ -48.621648799999946, -27.946112 ], [ -48.621671299999946, -27.946125199999987 ], [ -48.621693599999958, -27.946138899999927 ], [ -48.621738, -27.946166499999944 ], [ -48.621771399999943, -27.94618689999993 ], [ -48.621788299999935, -27.946196799999932 ], [ -48.621791899999948, -27.946198699999968 ], [ -48.621794399999949, -27.946199899999954 ], [ -48.6217994, -27.946202 ], [ -48.621807299999944, -27.946204499999961 ], [ -48.621812699999964, -27.94620579999998 ], [ -48.621816399999943, -27.94620649999996 ], [ -48.621824, -27.946207599999973 ], [ -48.621829699999985, -27.946208199999944 ], [ -48.621841499999967, -27.946208899999913 ], [ -48.621849399999981, -27.946209099999972 ], [ -48.621865499999963, -27.946209199999942 ], [ -48.621877699999978, -27.946209199999938 ], [ -48.62188969999994, -27.946209499999949 ], [ -48.621895699999982, -27.94620969999994 ], [ -48.621904499999971, -27.946210399999984 ], [ -48.62191219999994, -27.946211399999978 ], [ -48.621916, -27.946212099999968 ], [ -48.621921599999958, -27.946213299999947 ], [ -48.621929799999975, -27.946215599999949 ], [ -48.621935, -27.946217499999932 ], [ -48.621937599999967, -27.946218599999952 ], [ -48.621941399999976, -27.946220399999955 ], [ -48.621946299999941, -27.946223199999967 ], [ -48.621948699999969, -27.946224699999963 ], [ -48.621952199999953, -27.94622719999996 ], [ -48.62195719999994, -27.946231399999931 ], [ -48.621959899999986, -27.946234 ], [ -48.621964699999985, -27.946239199999983 ], [ -48.621969099999944, -27.946244499999978 ], [ -48.62197169999996, -27.946248099999934 ], [ -48.621976399999937, -27.946255599999969 ], [ -48.621979399999987, -27.946261299999939 ], [ -48.621981199999937, -27.946265099999941 ], [ -48.621984399999974, -27.946273 ], [ -48.62198589999997, -27.946277 ], [ -48.621988499999986, -27.946285 ], [ -48.621990799999928, -27.946293199999964 ], [ -48.62199489999994, -27.946309699999965 ], [ -48.621996399999944, -27.946316399999944 ], [ -48.621999, -27.946329699999975 ], [ -48.622001199999943, -27.946343199999948 ], [ -48.622002499999951, -27.946352199999978 ], [ -48.622004499999953, -27.946370199999926 ], [ -48.6220067, -27.946397399999952 ], [ -48.622010099999962, -27.946451699999951 ], [ -48.622012199999979, -27.946478699999943 ], [ -48.622013599999946, -27.94649219999997 ], [ -48.622016, -27.94651 ], [ -48.62201749999997, -27.946518799999971 ], [ -48.62202, -27.946532 ], [ -48.622023099999979, -27.946545099999973 ], [ -48.622024799999963, -27.946551599999971 ], [ -48.62202879999996, -27.946564499999962 ], [ -48.622031, -27.946570899999987 ], [ -48.622034699999972, -27.946580499999989 ], [ -48.622057199999979, -27.946634799999959 ], [ -48.622072499999945, -27.946670899999948 ], [ -48.622082899999953, -27.946695 ], [ -48.622104, -27.946742899999951 ], [ -48.622120099999968, -27.946778699999964 ], [ -48.622131, -27.946802599999952 ], [ -48.622153099999935, -27.946850199999972 ], [ -48.622164299999952, -27.946873899999957 ], [ -48.622187099999969, -27.946921199999956 ], [ -48.622210299999942, -27.946968399999946 ], [ -48.622226, -27.946999799999958 ], [ -48.622257899999966, -27.947062399999925 ], [ -48.622283699999969, -27.947111499999952 ], [ -48.622301199999981, -27.947144199999965 ], [ -48.622336799999971, -27.947209099999945 ], [ -48.622372899999959, -27.947273799999937 ], [ -48.622445699999957, -27.947403 ], [ -48.62248169999998, -27.947467699999947 ], [ -48.622499399999981, -27.94750009999996 ], [ -48.622522799999963, -27.947543499999931 ], [ -48.622534299999984, -27.947565299999955 ], [ -48.622551399999963, -27.947598 ], [ -48.622576399999957, -27.947647299999961 ], [ -48.622592599999962, -27.94768039999996 ], [ -48.622600499999976, -27.947697 ], [ -48.622612199999935, -27.947722 ], [ -48.622623399999945, -27.947746699999986 ], [ -48.622630699999952, -27.947763299999963 ], [ -48.622644699999967, -27.947796599999933 ], [ -48.622658199999933, -27.947830099999976 ], [ -48.622684499999941, -27.947897399999928 ], [ -48.62270419999993, -27.947947799999952 ], [ -48.62271759999993, -27.94798139999995 ], [ -48.622724499999947, -27.94799809999995 ], [ -48.622735, -27.948023 ], [ -48.622746, -27.948047899999949 ], [ -48.622751599999965, -27.948060299999959 ], [ -48.622855799999968, -27.948286199999924 ], [ -48.622908099999961, -27.948399099999961 ], [ -48.622986799999971, -27.948568299999984 ], [ -48.623008, -27.948613499999954 ], [ -48.623050699999965, -27.94870369999996 ], [ -48.623079299999972, -27.948763799999941 ], [ -48.623136599999953, -27.948884 ], [ -48.623179299999947, -27.948974299999971 ], [ -48.623221599999965, -27.949064699999955 ], [ -48.623242499999947, -27.94911 ], [ -48.623273299999937, -27.94917809999998 ], [ -48.623296, -27.949229299999963 ], [ -48.623310899999979, -27.949263499999972 ], [ -48.62334009999995, -27.949332 ], [ -48.623354599999971, -27.949366299999948 ], [ -48.623383099999955, -27.949435099999949 ], [ -48.623523199999958, -27.949777499999986 ], [ -48.623641699999958, -27.950066799999949 ], [ -48.623696299999942, -27.950199499999936 ], [ -48.62380609999996, -27.950464699999934 ], [ -48.623812499999978, -27.95048 ], [ -48.623825699999948, -27.950510499999961 ], [ -48.623839299999979, -27.950540899999961 ], [ -48.623848599999974, -27.950561 ], [ -48.623867599999983, -27.950601199999944 ], [ -48.623897, -27.950661199999967 ], [ -48.623956599999985, -27.950780899999977 ], [ -48.623986, -27.95084079999998 ], [ -48.624000299999977, -27.950871 ], [ -48.62401889999996, -27.950911299999962 ], [ -48.624028, -27.950931499999971 ], [ -48.624041199999965, -27.950962 ], [ -48.624053899999979, -27.950992599999946 ], [ -48.624060099999951, -27.951008 ], [ -48.624071899999933, -27.951039 ], [ -48.624077599999964, -27.951054499999934 ], [ -48.624085799999939, -27.951078 ], [ -48.624094599999978, -27.951104899999965 ], [ -48.6241, -27.951123 ], [ -48.624103499999933, -27.951135 ], [ -48.624110199999961, -27.951159199999939 ], [ -48.624114899999938, -27.951177399999953 ], [ -48.62412379999995, -27.951213899999974 ], [ -48.624132199999963, -27.951250499999954 ], [ -48.624148299999952, -27.951323799999951 ], [ -48.624160599999989, -27.951378799999926 ], [ -48.624167099999966, -27.951406199999958 ], [ -48.624174, -27.951433499999951 ], [ -48.624177499999981, -27.951447099999932 ], [ -48.624210699999942, -27.951571099999956 ], [ -48.624227399999945, -27.951633 ], [ -48.62424459999994, -27.951694899999953 ], [ -48.624253299999964, -27.951725799999959 ], [ -48.624271299999968, -27.951787499999963 ], [ -48.624280599999963, -27.951818299999953 ], [ -48.624295, -27.951864499999949 ], [ -48.624298199999934, -27.951874399999948 ], [ -48.624304899999977, -27.951894 ], [ -48.624312, -27.951913499999932 ], [ -48.62431689999994, -27.951926499999956 ], [ -48.624327199999982, -27.951952299999952 ], [ -48.624335199999969, -27.951971499999956 ], [ -48.624352, -27.952009799999921 ], [ -48.624369399999978, -27.952047799999935 ], [ -48.624405199999963, -27.95212359999994 ], [ -48.624419, -27.952151899999944 ], [ -48.624428499999965, -27.952170599999942 ], [ -48.624448299999983, -27.95220779999994 ], [ -48.624468699999966, -27.952244599999961 ], [ -48.6245105, -27.952318 ], [ -48.624531199999971, -27.952354699999947 ], [ -48.624541399999949, -27.952373099999924 ], [ -48.624561399999948, -27.952410099999945 ], [ -48.624571099999969, -27.952428799999957 ], [ -48.624585199999949, -27.952457 ], [ -48.624598599999956, -27.952485399999951 ], [ -48.624604899999959, -27.952499799999941 ], [ -48.624611199999954, -27.952514299999962 ], [ -48.624623399999955, -27.952543299999956 ], [ -48.624635199999943, -27.952572399999955 ], [ -48.624642799999947, -27.952591899999952 ], [ -48.624657599999985, -27.952631 ], [ -48.624668299999932, -27.952660499999979 ], [ -48.624675299999979, -27.952680099999949 ], [ -48.624688899999967, -27.952719599999956 ], [ -48.624695499999973, -27.952739299999958 ], [ -48.624708399999975, -27.952779 ], [ -48.624721, -27.952818699999963 ], [ -48.624729199999933, -27.952845199999942 ], [ -48.624745299999965, -27.952898299999966 ], [ -48.624754699999983, -27.95293079999993 ], [ -48.62476079999994, -27.95295259999995 ], [ -48.624772299999954, -27.952996199999973 ], [ -48.624783299999933, -27.953039899999972 ], [ -48.62480439999996, -27.953127499999944 ], [ -48.624820299999961, -27.95319319999993 ], [ -48.624831299999975, -27.95323679999996 ], [ -48.624837099999986, -27.953258599999963 ], [ -48.624846, -27.953291199999953 ], [ -48.624855399999944, -27.953323699999945 ], [ -48.624860299999966, -27.95333989999995 ], [ -48.62486279999996, -27.953347899999986 ], [ -48.624868099999958, -27.953363899999939 ], [ -48.624873799999932, -27.953379799999926 ], [ -48.624877799999986, -27.95339029999996 ], [ -48.624886099999969, -27.953411299999971 ], [ -48.624899299999981, -27.953442599999956 ], [ -48.624926799999962, -27.953505 ], [ -48.624940299999935, -27.953536199999967 ], [ -48.624946899999941, -27.953551899999983 ], [ -48.624955399999983, -27.953572799999961 ], [ -48.624959399999966, -27.953583399999953 ], [ -48.624965299999985, -27.953599199999928 ], [ -48.624973399999924, -27.953623099999945 ], [ -48.624978299999952, -27.953639199999941 ], [ -48.624980599999951, -27.95364729999995 ], [ -48.624983799999939, -27.953659499999961 ], [ -48.625000099999973, -27.953724899999944 ], [ -48.625020599999971, -27.953809399999955 ], [ -48.625044299999956, -27.953909499999956 ], [ -48.625059799999981, -27.953976299999969 ], [ -48.625090299999954, -27.954109899999931 ], [ -48.625121899999961, -27.95425159999996 ], [ -48.625184299999944, -27.954535099999926 ], [ -48.625215799999978, -27.954676699999929 ], [ -48.62523189999996, -27.954747499999939 ], [ -48.625241, -27.954786199999951 ], [ -48.625247499999936, -27.954811799999959 ], [ -48.625261299999977, -27.954863099999944 ], [ -48.625275699999975, -27.954914199999973 ], [ -48.625305399999952, -27.955016199999921 ], [ -48.62532, -27.955067199999974 ], [ -48.625327199999958, -27.955092799999925 ], [ -48.625340899999976, -27.955144 ], [ -48.62534739999996, -27.955169699999935 ], [ -48.62535649999996, -27.95520829999997 ], [ -48.625364899999965, -27.955247099999958 ], [ -48.625368699999967, -27.95526649999994 ], [ -48.625380399999983, -27.955328599999969 ], [ -48.625388, -27.955370099999978 ], [ -48.625402799999961, -27.955453 ], [ -48.625424299999963, -27.95557759999998 ], [ -48.625466299999964, -27.955826699999932 ], [ -48.625474899999972, -27.955878299999931 ], [ -48.625491699999941, -27.95598149999994 ], [ -48.625502599999948, -27.956050299999962 ], [ -48.625524299999938, -27.956188099999959 ], [ -48.625540899999976, -27.956291299999982 ], [ -48.625558099999985, -27.956394499999931 ], [ -48.625567, -27.956446 ], [ -48.625580799999966, -27.956523299999951 ], [ -48.625587, -27.956554399999956 ], [ -48.6255915, -27.956575099999959 ], [ -48.625594699999965, -27.956588899999925 ], [ -48.625601399999937, -27.956616299999936 ], [ -48.625606699999935, -27.956636899999971 ], [ -48.625617799999986, -27.956677899999928 ], [ -48.625629599999968, -27.956718699999943 ], [ -48.625653899999982, -27.956800399999963 ], [ -48.625672, -27.956861599999964 ], [ -48.62568059999996, -27.956892399999958 ], [ -48.625688899999943, -27.956923199999952 ], [ -48.625692899999933, -27.956938599999933 ], [ -48.625730499999975, -27.957086799999956 ], [ -48.62574879999994, -27.957160899999955 ], [ -48.625760599999978, -27.957210399999951 ], [ -48.625766299999952, -27.957235199999946 ], [ -48.625774699999965, -27.957272399999962 ], [ -48.625785299999961, -27.957322199999968 ], [ -48.625790299999956, -27.957347199999958 ], [ -48.625797599999949, -27.957384799999943 ], [ -48.625804399999936, -27.957422499999954 ], [ -48.62580759999998, -27.957441399999926 ], [ -48.625812199999984, -27.957470099999959 ], [ -48.625815099999954, -27.957489299999967 ], [ -48.625820499999975, -27.957527599999928 ], [ -48.625822899999946, -27.957546799999943 ], [ -48.625827399999935, -27.957585099999967 ], [ -48.625831399999981, -27.957623499999954 ], [ -48.62583379999996, -27.957649099999976 ], [ -48.625838, -27.957700299999928 ], [ -48.625841899999962, -27.957757899999933 ], [ -48.625844, -27.95779639999995 ], [ -48.625845199999951, -27.957822 ], [ -48.625847299999975, -27.957873199999938 ], [ -48.625848499999954, -27.957911699999951 ], [ -48.625850299999968, -27.957988599999961 ], [ -48.625851499999953, -27.958065599999937 ], [ -48.625853099999965, -27.958219499999927 ], [ -48.62585329999996, -27.958254099999969 ], [ -48.625853099999972, -27.958323199999942 ], [ -48.625852199999933, -27.958392299999954 ], [ -48.62585119999995, -27.958438299999962 ], [ -48.625850399999933, -27.958469099999942 ], [ -48.625848399999938, -27.958530499999949 ], [ -48.625846799999977, -27.958566899999933 ], [ -48.625845699999957, -27.958585099999933 ], [ -48.62584419999996, -27.958607699999959 ], [ -48.62584389999995, -27.958612399999939 ], [ -48.625840499999988, -27.95865329999998 ], [ -48.625836299999953, -27.958694099999946 ], [ -48.625833899999975, -27.958714499999928 ], [ -48.625828499999955, -27.95875529999995 ], [ -48.625825499999969, -27.958775799999955 ], [ -48.625820699999963, -27.958806299999939 ], [ -48.625818299999935, -27.958820099999969 ], [ -48.625812899999971, -27.958847499999941 ], [ -48.625806799999964, -27.958874699999971 ], [ -48.625802399999941, -27.958892699999979 ], [ -48.6257993, -27.958904699999941 ], [ -48.625792599999954, -27.958928599999982 ], [ -48.625784499999952, -27.958955299999957 ], [ -48.625778799999978, -27.958973099999969 ], [ -48.625774799999938, -27.958984899999951 ], [ -48.625766499999948, -27.959008399999952 ], [ -48.62576, -27.959026 ], [ -48.625755499999968, -27.959037599999931 ], [ -48.625746299999946, -27.959061 ], [ -48.625731599999938, -27.959095799999947 ], [ -48.625721299999952, -27.959118899999961 ], [ -48.625714199999948, -27.959134299999956 ], [ -48.6256997, -27.959165 ], [ -48.62569, -27.959184799999935 ], [ -48.625670099999979, -27.959224099999975 ], [ -48.625649599999974, -27.959262899999938 ], [ -48.62563559999996, -27.959288599999983 ], [ -48.625626199999942, -27.959305599999929 ], [ -48.625607099999968, -27.95933939999998 ], [ -48.625585099999967, -27.959377199999949 ], [ -48.625570199999963, -27.959402199999939 ], [ -48.625539899999978, -27.959452 ], [ -48.625524499999976, -27.959476799999933 ], [ -48.62549319999993, -27.959526199999971 ], [ -48.625461399999949, -27.959575399999942 ], [ -48.625439899999947, -27.959608299999964 ], [ -48.625396499999965, -27.959674099999972 ], [ -48.625391599999936, -27.959681699999972 ], [ -48.62538209999996, -27.959697099999971 ], [ -48.625363499999935, -27.959728599999952 ], [ -48.625353799999971, -27.95974409999997 ], [ -48.625347099999942, -27.959754199999963 ], [ -48.625343599999951, -27.959759099999939 ], [ -48.625338299999953, -27.959766399999978 ], [ -48.625329799999975, -27.959776899999955 ], [ -48.625321699999972, -27.959785799999956 ], [ -48.62531749999993, -27.95979 ], [ -48.625310899999931, -27.959796099999959 ], [ -48.625304, -27.959801799999983 ], [ -48.625300399999958, -27.959804499999962 ], [ -48.625292799999954, -27.959809599999961 ], [ -48.62528889999993, -27.959812 ], [ -48.625282799999979, -27.959815399999965 ], [ -48.62512849999996, -27.959896399999934 ], [ -48.625, -27.959907799999947 ], [ -48.624786799999988, -27.959926699999972 ], [ -48.624777799999947, -27.959927299999951 ], [ -48.624771799999962, -27.959927699999977 ], [ -48.624759699999977, -27.959928 ], [ -48.624741699999966, -27.959927799999949 ], [ -48.624729699999932, -27.959927199999985 ], [ -48.624721699999952, -27.959926699999983 ], [ -48.62470559999997, -27.959925299999963 ], [ -48.624693599999944, -27.959923899999978 ], [ -48.624669499999982, -27.959920599999972 ], [ -48.624645499999986, -27.959916599999925 ], [ -48.624597399999963, -27.959907799999939 ], [ -48.624561299999982, -27.959901399999975 ], [ -48.624543199999941, -27.959898599999985 ], [ -48.624519199999952, -27.959895399999937 ], [ -48.624507099999953, -27.959894099999925 ], [ -48.624489099999948, -27.959892699999951 ], [ -48.624471, -27.959891899999942 ], [ -48.624462, -27.959891799999987 ], [ -48.62445, -27.959892 ], [ -48.624444, -27.959892299999982 ], [ -48.624434899999983, -27.959892799999981 ], [ -48.624421399999967, -27.959894099999918 ], [ -48.624391799999948, -27.959898 ], [ -48.624372199999982, -27.959900899999983 ], [ -48.624359199999958, -27.959903 ], [ -48.624333099999944, -27.959907599999951 ], [ -48.62431359999993, -27.959911299999927 ], [ -48.624274899999932, -27.959919099999983 ], [ -48.6242491, -27.959924599999969 ], [ -48.624197799999934, -27.959935899999945 ], [ -48.624159599999984, -27.959944299999961 ], [ -48.624142199999937, -27.959948299999947 ], [ -48.624130599999944, -27.959951099999941 ], [ -48.624107499999987, -27.959957199999955 ], [ -48.624084399999951, -27.959963599999977 ], [ -48.62403819999998, -27.959977 ], [ -48.624003599999973, -27.959986699999945 ], [ -48.623980499999959, -27.959992799999956 ], [ -48.623968899999966, -27.95999559999996 ], [ -48.623951599999941, -27.959999599999939 ], [ -48.623934299999974, -27.960003199999971 ], [ -48.62392559999995, -27.960004799999972 ], [ -48.623921499999938, -27.960005399999947 ], [ -48.623918699999933, -27.96000569999995 ], [ -48.623913199999947, -27.960006 ], [ -48.62390489999995, -27.960005799999983 ], [ -48.623899299999948, -27.96000529999997 ], [ -48.623895699999942, -27.960004799999979 ], [ -48.623888299999976, -27.960003399999948 ], [ -48.62388, -27.960001299999927 ], [ -48.623874499999943, -27.959999599999939 ], [ -48.623863499999963, -27.95999579999993 ], [ -48.623852499999941, -27.959991299999949 ], [ -48.62383059999997, -27.959981499999959 ], [ -48.623814099999947, -27.959974099999958 ], [ -48.623803099999975, -27.959969599999965 ], [ -48.623797599999932, -27.9599674 ], [ -48.623789299999942, -27.959964499999955 ], [ -48.623781, -27.959962 ], [ -48.623776899999939, -27.959961 ], [ -48.623768599999948, -27.959959199999961 ], [ -48.62376439999997, -27.959958599999929 ], [ -48.623758199999941, -27.959957899999949 ], [ -48.623748699999965, -27.959957199999963 ], [ -48.623729, -27.959955599999944 ], [ -48.623713899999984, -27.959954599999939 ], [ -48.623698599999955, -27.959953899999956 ], [ -48.623690899999986, -27.959953799999948 ], [ -48.623675699999978, -27.959954 ], [ -48.623668099999968, -27.959954399999958 ], [ -48.623656899999951, -27.959955499999968 ], [ -48.623647099999971, -27.959957 ], [ -48.623642299999972, -27.959957899999946 ], [ -48.623635199999974, -27.95995959999992 ], [ -48.62362829999995, -27.959961699999948 ], [ -48.623624899999982, -27.959962899999933 ], [ -48.623618199999953, -27.95996549999996 ], [ -48.62361489999995, -27.959967 ], [ -48.623610099999951, -27.959969399999981 ], [ -48.623558699999933, -27.959997199999972 ], [ -48.623456299999937, -27.96005289999993 ], [ -48.6233544, -27.960108899999973 ], [ -48.623151199999931, -27.960221 ], [ -48.622998699999982, -27.96030479999995 ], [ -48.622922299999971, -27.960346599999983 ], [ -48.622889699999973, -27.960364599999924 ], [ -48.622868199999971, -27.960376899999975 ], [ -48.622825299999931, -27.960401899999965 ], [ -48.622782699999959, -27.960427299999935 ], [ -48.622698, -27.960479 ], [ -48.622634399999981, -27.960517699999958 ], [ -48.622591899999975, -27.96054319999995 ], [ -48.622570499999931, -27.960555699999929 ], [ -48.622538299999974, -27.960574299999958 ], [ -48.622505799999942, -27.960592499999954 ], [ -48.622489499999972, -27.960601499999928 ], [ -48.62246029999995, -27.960617 ], [ -48.622445599999942, -27.960624599999957 ], [ -48.622423499999968, -27.960635899999946 ], [ -48.622389899999973, -27.960652099999944 ], [ -48.622367399999973, -27.960662599999978 ], [ -48.622356, -27.960667699999927 ], [ -48.622338899999939, -27.960675199999972 ], [ -48.622315799999967, -27.960684899999933 ], [ -48.622304199999974, -27.960689599999963 ], [ -48.622286699999954, -27.96069639999995 ], [ -48.622260299999944, -27.96070619999994 ], [ -48.621887199999946, -27.960840099999928 ], [ -48.621695199999984, -27.960892 ], [ -48.621680799999986, -27.960895599999951 ], [ -48.621673399999963, -27.960897199999977 ], [ -48.621662299999976, -27.960899199999972 ], [ -48.621651099999958, -27.960901 ], [ -48.62164539999997, -27.960901699999969 ], [ -48.621634, -27.96090289999994 ], [ -48.621628299999948, -27.9609033 ], [ -48.62161969999994, -27.960903799999972 ], [ -48.621608199999976, -27.960904099999944 ], [ -48.621602499999938, -27.960904099999944 ], [ -48.62159389999993, -27.960904 ], [ -48.621581099999965, -27.960903299999973 ], [ -48.621569799999975, -27.960902199999964 ], [ -48.621564199999973, -27.960901499999981 ], [ -48.62155579999996, -27.960900299999935 ], [ -48.62154339999995, -27.960897899999946 ], [ -48.621531199999936, -27.960895 ], [ -48.621525199999951, -27.96089329999996 ], [ -48.621508799999958, -27.960888299999976 ], [ -48.621498, -27.960884799999977 ], [ -48.621476399999942, -27.960877499999981 ], [ -48.621444399999973, -27.960865699999939 ], [ -48.621380899999963, -27.960841099999971 ], [ -48.621367699999951, -27.96083579999998 ], [ -48.621341599999944, -27.96082459999997 ], [ -48.621289699999977, -27.960801699999934 ], [ -48.621272399999953, -27.960794399999941 ], [ -48.621263699999986, -27.960791 ], [ -48.621261499999946, -27.960790199999956 ], [ -48.62125709999998, -27.960789 ], [ -48.621252499999969, -27.960788199999971 ], [ -48.621249399999954, -27.960787899999961 ], [ -48.621243099999965, -27.960787799999942 ], [ -48.621238299999959, -27.960788099999945 ], [ -48.621235099999986, -27.960788499999971 ], [ -48.621228599999938, -27.96078969999996 ], [ -48.621225299999928, -27.960790499999973 ], [ -48.621218899999974, -27.960792399999949 ], [ -48.621212599999978, -27.960794699999951 ], [ -48.621208499999966, -27.960796399999939 ], [ -48.6212005, -27.96080019999993 ], [ -48.62119679999995, -27.960802599999965 ], [ -48.621194799999955, -27.960804399999969 ], [ -48.621193699999935, -27.960805699999977 ], [ -48.621192, -27.960808399999966 ], [ -48.621191099999969, -27.960810699999964 ], [ -48.621190599999977, -27.960812199999975 ], [ -48.621190099999978, -27.960815599999936 ], [ -48.621190099999978, -27.960817299999963 ], [ -48.621190199999944, -27.960820899999938 ], [ -48.621190799999965, -27.960824699999922 ], [ -48.621191399999987, -27.960827299999952 ], [ -48.621193, -27.960832699999965 ], [ -48.621195299999961, -27.960839 ], [ -48.621200899999963, -27.960852 ], [ -48.621206199999961, -27.960863599999985 ], [ -48.621208599999939, -27.960869299999949 ], [ -48.621211599999981, -27.960877599999954 ], [ -48.621213, -27.960882899999937 ], [ -48.621213499999953, -27.960885499999957 ], [ -48.62121389999993, -27.960889099999971 ], [ -48.621213799999964, -27.960893699999918 ], [ -48.621213499999946, -27.960895899999972 ], [ -48.621212499999956, -27.960898899999957 ], [ -48.621211, -27.960901699999965 ], [ -48.62121, -27.960903 ], [ -48.621207499999969, -27.960905399999948 ], [ -48.621206099999945, -27.960906499999965 ], [ -48.621203499999979, -27.960907899999942 ], [ -48.621198199999981, -27.960910299999966 ], [ -48.621194699999933, -27.960911799999955 ], [ -48.621187499999962, -27.960914299999956 ], [ -48.621183899999949, -27.960915399999973 ], [ -48.621176599999963, -27.960917199999983 ], [ -48.621169299999963, -27.960918699999972 ], [ -48.621164399999941, -27.960919499999925 ], [ -48.621154499999932, -27.960920699999971 ], [ -48.621152499999937, -27.960920799999943 ], [ -48.621148699999935, -27.960920599999948 ], [ -48.621144799999968, -27.960919899999965 ], [ -48.621142199999952, -27.960919299999951 ], [ -48.621137, -27.960917699999989 ], [ -48.621126599999968, -27.960914099999965 ], [ -48.621121399999936, -27.960912599999968 ], [ -48.621116199999967, -27.960911799999948 ], [ -48.621113599999944, -27.960911699999947 ], [ -48.621110199999976, -27.960911899999925 ], [ -48.621108499999934, -27.960912199999946 ], [ -48.621105899999968, -27.960913 ], [ -48.621102099999973, -27.960914799999951 ], [ -48.621091699999965, -27.960921199999973 ], [ -48.621085099999966, -27.960925699999958 ], [ -48.621076599999981, -27.960932 ], [ -48.621072599999941, -27.960935199999938 ], [ -48.621063899999974, -27.960942699999968 ], [ -48.621059799999962, -27.960946599999936 ], [ -48.621052099999986, -27.960954599999969 ], [ -48.621048599999938, -27.960958699999939 ], [ -48.621043599999958, -27.960965 ], [ -48.621037499999943, -27.960973599999932 ], [ -48.621034799999961, -27.960978 ], [ -48.621031099999982, -27.960984599999954 ], [ -48.621027799999979, -27.960991399999944 ], [ -48.621026399999948, -27.960994799999977 ], [ -48.621023099999945, -27.961004099999968 ], [ -48.621021799999944, -27.961008699999987 ], [ -48.621020299999941, -27.961015799999927 ], [ -48.621019299999951, -27.961022899999932 ], [ -48.621019, -27.961026499999946 ], [ -48.621018799999945, -27.96103369999997 ], [ -48.621018899999967, -27.961037299999933 ], [ -48.621019399999966, -27.961042699999943 ], [ -48.621028, -27.961117299999948 ], [ -48.621039699999983, -27.961216799999924 ], [ -48.62104549999998, -27.961266499999965 ], [ -48.62106069999993, -27.961399299999968 ], [ -48.621068099999945, -27.961465699999959 ], [ -48.621068499999978, -27.961472399999931 ], [ -48.621068299999934, -27.961477 ], [ -48.621068, -27.96148 ], [ -48.621067, -27.961486 ], [ -48.621066299999939, -27.961489 ], [ -48.621064499999932, -27.961495 ], [ -48.621062199999983, -27.961500899999969 ], [ -48.621058299999952, -27.961508499999976 ], [ -48.621056, -27.961512199999962 ], [ -48.621052199999959, -27.961517599999983 ], [ -48.621050199999956, -27.961520299999954 ], [ -48.621046799999931, -27.961524099999959 ], [ -48.621042, -27.961529 ], [ -48.621039399999965, -27.961531399999952 ], [ -48.621035399999982, -27.961534799999981 ], [ -48.621028899999942, -27.961539499999962 ], [ -48.621021799999937, -27.9615439 ], [ -48.62101819999998, -27.961545899999965 ], [ -48.621013199999943, -27.96154829999994 ], [ -48.621003099999946, -27.961552499999978 ], [ -48.620993099999964, -27.961555799999935 ], [ -48.620986399999936, -27.961557599999924 ], [ -48.620982, -27.961558699999955 ], [ -48.620973, -27.961560399999943 ], [ -48.620963, -27.96156179999997 ], [ -48.620956299999932, -27.96156249999996 ], [ -48.620942799999966, -27.961563499999965 ], [ -48.620929399999966, -27.961564 ], [ -48.620911499999977, -27.961564399999926 ], [ -48.620902499999943, -27.961564699999947 ], [ -48.620889, -27.961565399999984 ], [ -48.620882299999948, -27.961566 ], [ -48.620879799999955, -27.96156609999996 ], [ -48.620874899999933, -27.961566099999974 ], [ -48.620869899999946, -27.961565799999963 ], [ -48.620859899999971, -27.961564399999926 ], [ -48.620846499999978, -27.961562299999958 ], [ -48.620839899999972, -27.961561699999951 ], [ -48.620833199999943, -27.961561799999966 ], [ -48.620829899999933, -27.961562099999977 ], [ -48.620825499999974, -27.961562899999929 ], [ -48.620823299999984, -27.961563499999958 ], [ -48.620820099999939, -27.96156469999994 ], [ -48.620815199999981, -27.961567 ], [ -48.620811199999935, -27.961569599999965 ], [ -48.620808699999941, -27.961571499999923 ], [ -48.6208046, -27.961575499999967 ], [ -48.620802799999979, -27.961577599999949 ], [ -48.620799899999952, -27.961582099999926 ], [ -48.620797699999969, -27.96158689999994 ], [ -48.620796599999949, -27.961590199999925 ], [ -48.620796, -27.961592499999938 ], [ -48.620795299999941, -27.961597199999972 ], [ -48.620795, -27.96159989999995 ], [ -48.620794899999972, -27.961605499999955 ], [ -48.620795299999941, -27.961611099999967 ], [ -48.620795699999981, -27.961615 ], [ -48.620797099999947, -27.961622799999926 ], [ -48.620799899999952, -27.961634599999972 ], [ -48.620806699999946, -27.961657699999936 ], [ -48.620809699999946, -27.961668399999962 ], [ -48.620810799999958, -27.961673399999931 ], [ -48.620812, -27.961677899999984 ], [ -48.620813, -27.961680799999961 ], [ -48.62081569999998, -27.961686799999942 ], [ -48.620817299999942, -27.961689899999953 ], [ -48.620820899999963, -27.961695899999938 ], [ -48.620825099999934, -27.961702 ], [ -48.620834499999944, -27.961714199999967 ], [ -48.62084109999995, -27.961722299999963 ], [ -48.62085, -27.961733099999947 ], [ -48.620854199999947, -27.961738499999967 ], [ -48.620859899999971, -27.961746399999981 ], [ -48.62086249999993, -27.961750399999971 ], [ -48.620865599999945, -27.96175559999995 ], [ -48.620866899999946, -27.961758199999956 ], [ -48.62086869999996, -27.961762 ], [ -48.620870599999925, -27.961767699999935 ], [ -48.62087159999993, -27.96177269999998 ], [ -48.620871799999975, -27.961775199999984 ], [ -48.62087169999996, -27.961778899999949 ], [ -48.620871099999931, -27.961782499999973 ], [ -48.620870499999974, -27.961784199999961 ], [ -48.620869099999936, -27.961787799999957 ], [ -48.620868099999939, -27.961789499999959 ], [ -48.620866399999947, -27.961792099999961 ], [ -48.620863699999973, -27.961795699999978 ], [ -48.620858, -27.961802699999964 ], [ -48.620851899999941, -27.961809499999951 ], [ -48.620847599999941, -27.961814 ], [ -48.620838799999945, -27.961822799999926 ], [ -48.620796799999937, -27.961861799999948 ], [ -48.620787799999967, -27.961870699999956 ], [ -48.620783499999966, -27.961875299999978 ], [ -48.620777299999986, -27.961882199999938 ], [ -48.62068279999994, -27.961992299999956 ], [ -48.620635799999945, -27.96204779999994 ], [ -48.6205892, -27.962103699999926 ], [ -48.62056629999995, -27.962131699999919 ], [ -48.620543899999973, -27.96216 ], [ -48.620529299999923, -27.962179 ], [ -48.620519699999939, -27.962191799999985 ], [ -48.620500799999945, -27.962217599999967 ], [ -48.620473, -27.962256499999967 ], [ -48.620436, -27.962308499999939 ], [ -48.620417399999951, -27.962334399999975 ], [ -48.620398499999965, -27.962360099999959 ], [ -48.620388899999966, -27.962372799999976 ], [ -48.620374299999973, -27.962391799999974 ], [ -48.620369599999947, -27.962397599999967 ], [ -48.620366399999966, -27.962401299999947 ], [ -48.620359699999938, -27.962408599999947 ], [ -48.620349199999964, -27.962419 ], [ -48.620341899999971, -27.962425699999983 ], [ -48.62032679999993, -27.962438599999935 ], [ -48.620303199999974, -27.962457399999948 ], [ -48.620281799999937, -27.962474199999981 ], [ -48.620271199999941, -27.962482899999952 ], [ -48.620260699999967, -27.962491899999964 ], [ -48.620255499999978, -27.962496599999955 ], [ -48.620245399999938, -27.962506199999943 ], [ -48.620240399999943, -27.962511299999964 ], [ -48.620233099999957, -27.962519099999945 ], [ -48.620226, -27.96252729999998 ], [ -48.620222599999977, -27.962531599999981 ], [ -48.620212399999957, -27.962545 ], [ -48.620207499999935, -27.962551799999968 ], [ -48.620200599999976, -27.962562 ], [ -48.620194099999928, -27.962572299999973 ], [ -48.620191, -27.962577499999952 ], [ -48.62018519999998, -27.962587899999964 ], [ -48.620182499999942, -27.962593099999935 ], [ -48.620178599999974, -27.962600899999984 ], [ -48.620173899999948, -27.962611399999957 ], [ -48.620171699999958, -27.962616599999937 ], [ -48.620168599999943, -27.962624499999951 ], [ -48.620164599999953, -27.962636399999951 ], [ -48.620161499999938, -27.962647 ], [ -48.620160099999957, -27.962652299999938 ], [ -48.620158399999987, -27.962660199999966 ], [ -48.620156299999962, -27.962672099999956 ], [ -48.620154899999932, -27.962684099999933 ], [ -48.620154499999963, -27.96269 ], [ -48.620154199999945, -27.962697099999946 ], [ -48.620154299999975, -27.96271129999996 ], [ -48.62015519999995, -27.962725599999931 ], [ -48.620156199999947, -27.962735099999978 ], [ -48.620157099999972, -27.962741499999936 ], [ -48.620159299999962, -27.962754299999979 ], [ -48.620162599999958, -27.962768699999966 ], [ -48.620165099999952, -27.962778299999954 ], [ -48.620167, -27.962784699999911 ], [ -48.620171299999974, -27.962797599999924 ], [ -48.620174799999965, -27.962807199999929 ], [ -48.620177299999966, -27.962813599999954 ], [ -48.620182799999952, -27.962826399999987 ], [ -48.620185699999979, -27.962832799999944 ], [ -48.620192, -27.962845499999958 ], [ -48.620198799999969, -27.96285819999996 ], [ -48.620203599999968, -27.962866699999946 ], [ -48.620213799999924, -27.962883399999949 ], [ -48.620223699999947, -27.962898299999953 ], [ -48.620230499999927, -27.96290769999996 ], [ -48.620235099999945, -27.962913799999971 ], [ -48.620244599999985, -27.962925599999945 ], [ -48.620251799999949, -27.962934199999939 ], [ -48.620266599999979, -27.962950699999965 ], [ -48.620281699999964, -27.962966699999985 ], [ -48.620312799999958, -27.962998299999981 ], [ -48.620314399999977, -27.962999699999951 ], [ -48.620317799999945, -27.963002399999933 ], [ -48.620321599999961, -27.963004799999961 ], [ -48.620329899999945, -27.96300929999995 ], [ -48.62034129999995, -27.963014899999958 ], [ -48.620346599999948, -27.963017799999925 ], [ -48.620351299999989, -27.963021099999931 ], [ -48.620353299999977, -27.963022899999938 ], [ -48.620355599999982, -27.963025499999958 ], [ -48.62035659999998, -27.963026899999939 ], [ -48.620357799999972, -27.963029199999934 ], [ -48.620358599999975, -27.963031599999962 ], [ -48.620358899999985, -27.96303289999997 ], [ -48.620359699999938, -27.963037899999964 ], [ -48.62036059999997, -27.963047899999932 ], [ -48.620360699999935, -27.963058 ], [ -48.620360299999959, -27.963064699999951 ], [ -48.620359899999976, -27.963069199999946 ], [ -48.62035869999994, -27.963078099999958 ], [ -48.620357599999977, -27.963084799999923 ], [ -48.620354899999938, -27.963098299999952 ], [ -48.620348499999977, -27.963125199999979 ], [ -48.620345499999985, -27.963138699999931 ], [ -48.620342899999976, -27.963152199999978 ], [ -48.620341799999949, -27.963158899999939 ], [ -48.620340699999986, -27.963169 ], [ -48.620339199999933, -27.963182199999945 ], [ -48.620337799999959, -27.963191 ], [ -48.620334399999926, -27.963208699999932 ], [ -48.620326499999969, -27.96324439999994 ], [ -48.620323199999973, -27.963262099999955 ], [ -48.620321499999932, -27.963273899999926 ], [ -48.620320899999967, -27.963279799999942 ], [ -48.620320299999953, -27.963288599999952 ], [ -48.620320299999939, -27.963300199999942 ], [ -48.620320599999957, -27.963306 ], [ -48.620321599999961, -27.963314599999929 ], [ -48.620323199999973, -27.963323099999968 ], [ -48.620324299999936, -27.963327299999943 ], [ -48.620327, -27.96333569999997 ], [ -48.620328699999966, -27.963339899999937 ], [ -48.620331499999956, -27.963346099999978 ], [ -48.620341499999945, -27.963365 ], [ -48.620348299999932, -27.96337739999996 ], [ -48.620362499999949, -27.963401599999941 ], [ -48.620369699999962, -27.963413599999971 ], [ -48.620384399999985, -27.96343719999993 ], [ -48.620414, -27.963484199999986 ], [ -48.620428699999941, -27.963508 ], [ -48.620502599999952, -27.963629699999956 ], [ -48.620539699999945, -27.963690399999955 ], [ -48.62059579999994, -27.963781299999933 ], [ -48.620597399999951, -27.963783599999928 ], [ -48.62059869999996, -27.963785 ], [ -48.620601399999941, -27.963787499999963 ], [ -48.620602899999938, -27.963788599999926 ], [ -48.620606199999941, -27.963790599999971 ], [ -48.620609799999961, -27.963792399999921 ], [ -48.620612299999948, -27.963793399999926 ], [ -48.620617699999968, -27.963795199999929 ], [ -48.620621899999946, -27.963796299999949 ], [ -48.62063059999997, -27.963798399999973 ], [ -48.620642399999952, -27.963801 ], [ -48.620648099999983, -27.963802499999925 ], [ -48.620653599999976, -27.963804299999943 ], [ -48.620656199999978, -27.96380529999994 ], [ -48.62066109999995, -27.963807699999961 ], [ -48.620663299999933, -27.963809099999931 ], [ -48.620666399999941, -27.963811499999967 ], [ -48.620669099999986, -27.963814199999938 ], [ -48.620670299999972, -27.96381569999993 ], [ -48.62067449999995, -27.963821599999957 ], [ -48.620677199999939, -27.963825599999943 ], [ -48.620682, -27.963833799999975 ], [ -48.62068429999993, -27.963837899999923 ], [ -48.620688499999979, -27.963846299999943 ], [ -48.620692399999946, -27.963854799999982 ], [ -48.620694899999933, -27.963860599999975 ], [ -48.620699399999985, -27.963872199999962 ], [ -48.620701799999956, -27.963879 ], [ -48.62070319999998, -27.963883599999974 ], [ -48.620705799999932, -27.963892899999955 ], [ -48.620708899999954, -27.96390689999998 ], [ -48.620710699999961, -27.96391639999996 ], [ -48.620713599999938, -27.96393559999996 ], [ -48.620717099999979, -27.963961199999972 ], [ -48.620719, -27.963974 ], [ -48.620721199999934, -27.963986599999934 ], [ -48.620722399999977, -27.963992799999971 ], [ -48.620725399999976, -27.964005099999955 ], [ -48.620727099999947, -27.964011199999963 ], [ -48.62073, -27.964020199999936 ], [ -48.620733099999939, -27.964028 ], [ -48.620734699999964, -27.96403179999993 ], [ -48.620737499999954, -27.964037499999964 ], [ -48.620742099999973, -27.964045899999967 ], [ -48.620747399999971, -27.964054 ], [ -48.620750399999963, -27.964058 ], [ -48.62076419999994, -27.96407539999996 ], [ -48.620773599999943, -27.964086799999965 ], [ -48.620792799999954, -27.964109299999961 ], [ -48.620802599999934, -27.964120299999941 ], [ -48.620822399999952, -27.964142299999924 ], [ -48.620862699999975, -27.964185899999961 ], [ -48.620883, -27.964207799999929 ], [ -48.620887299999943, -27.964212899999946 ], [ -48.62089019999997, -27.96421659999994 ], [ -48.620895699999956, -27.964224399999971 ], [ -48.620901299999964, -27.964232499999973 ], [ -48.620908699999973, -27.964243299999961 ], [ -48.620912399999952, -27.964248499999936 ], [ -48.620918199999956, -27.964255699999967 ], [ -48.620921099999983, -27.96425889999994 ], [ -48.620925199999931, -27.964262899999941 ], [ -48.620927299999948, -27.964264599999979 ], [ -48.620930499999986, -27.964266899999934 ], [ -48.620933799999932, -27.96426879999996 ], [ -48.620935399999951, -27.964269599999948 ], [ -48.620938899999942, -27.964270899999981 ], [ -48.620940699999956, -27.964271299999947 ], [ -48.620943399999931, -27.96427169999998 ], [ -48.620946199999935, -27.964271899999972 ], [ -48.620948, -27.964271799999956 ], [ -48.620951899999966, -27.964271299999943 ], [ -48.620957699999956, -27.96426989999998 ], [ -48.620961599999923, -27.964268499999946 ], [ -48.620964199999953, -27.964267399999976 ], [ -48.620969599999967, -27.96426479999996 ], [ -48.620973599999957, -27.964262499999958 ], [ -48.620981799999988, -27.964257399999951 ], [ -48.62099, -27.96425169999997 ], [ -48.621001099999944, -27.964243899999925 ], [ -48.62100659999993, -27.96424 ], [ -48.621014899999984, -27.964234499999971 ], [ -48.621019, -27.964232 ], [ -48.62102509999994, -27.964228599999956 ], [ -48.621065699999974, -27.964207599999956 ], [ -48.62107929999997, -27.964201099999972 ], [ -48.621086, -27.964198 ], [ -48.62109, -27.964196599999983 ], [ -48.621092599999947, -27.964195899999936 ], [ -48.621094299999982, -27.964195599999975 ], [ -48.621097799999973, -27.964195199999946 ], [ -48.621100399999932, -27.964195199999949 ], [ -48.621105599999964, -27.96419579999997 ], [ -48.621110699999981, -27.964197099999964 ], [ -48.621114099999943, -27.964198299999964 ], [ -48.621116299999983, -27.964199299999972 ], [ -48.621120799999971, -27.964201699999922 ], [ -48.621123299999965, -27.964203199999922 ], [ -48.62112819999993, -27.964206699999981 ], [ -48.621133099999952, -27.964210599999941 ], [ -48.621136299999939, -27.964213399999949 ], [ -48.621142599999978, -27.964219599999975 ], [ -48.621147299999961, -27.964224599999977 ], [ -48.621156299999939, -27.964235199999958 ], [ -48.621164799999974, -27.964246199999938 ], [ -48.62118049999998, -27.964267499999949 ], [ -48.62118849999996, -27.964278599999947 ], [ -48.621193599999977, -27.964286 ], [ -48.621203299999941, -27.964300699999967 ], [ -48.621208, -27.964308 ], [ -48.621216799999964, -27.964322699999965 ], [ -48.621225099999947, -27.96433739999998 ], [ -48.621230399999945, -27.964347199999963 ], [ -48.621240299999961, -27.964366799999937 ], [ -48.621250499999981, -27.964388799999934 ], [ -48.621256899999935, -27.964403499999943 ], [ -48.621260899999989, -27.964413299999936 ], [ -48.62126869999998, -27.964433 ], [ -48.621274199999959, -27.964447799999949 ], [ -48.621284499999938, -27.964477499999923 ], [ -48.621294399999954, -27.964507499999964 ], [ -48.621313599999951, -27.964568499999928 ], [ -48.621339299999931, -27.964650699999932 ], [ -48.621351699999934, -27.964691699999953 ], [ -48.621370099999986, -27.964753199999961 ], [ -48.621387899999952, -27.964814899999961 ], [ -48.621396599999976, -27.964845799999978 ], [ -48.6214136, -27.964908 ], [ -48.621422, -27.964939199999943 ], [ -48.621434299999983, -27.964986199999935 ], [ -48.621445399999971, -27.965030699999932 ], [ -48.621450699999968, -27.965052899999932 ], [ -48.621455599999926, -27.965075199999944 ], [ -48.621457899999932, -27.965086399999958 ], [ -48.621462099999981, -27.965108699999977 ], [ -48.621464, -27.965119899999934 ], [ -48.621466399999974, -27.96513659999993 ], [ -48.621469099999956, -27.965158799999983 ], [ -48.621470199999976, -27.965169899999971 ], [ -48.621471299999939, -27.96518649999997 ], [ -48.62147189999996, -27.96520309999994 ], [ -48.62147189999996, -27.965211399999934 ], [ -48.621471799999938, -27.96521689999997 ], [ -48.62147159999995, -27.965220599999945 ], [ -48.621470699999975, -27.965228 ], [ -48.62146869999998, -27.965239 ], [ -48.621467, -27.965246299999929 ], [ -48.621465599999958, -27.965251199999951 ], [ -48.62146259999998, -27.965260899999979 ], [ -48.621460099999979, -27.965268199999961 ], [ -48.621454599999943, -27.965282799999954 ], [ -48.621443199999931, -27.965312 ], [ -48.621438, -27.965326599999965 ], [ -48.62143489999994, -27.965336499999978 ], [ -48.621433599999932, -27.965341399999957 ], [ -48.621431799999982, -27.965348799999965 ], [ -48.62142979999993, -27.965360099999945 ], [ -48.621427, -27.965381199999975 ], [ -48.621425299999942, -27.965395299999955 ], [ -48.621422299999942, -27.965423599999941 ], [ -48.621418699999943, -27.965466099999961 ], [ -48.621416699999941, -27.965494399999951 ], [ -48.621413199999949, -27.965551099999974 ], [ -48.621412799999973, -27.965558 ], [ -48.621411499999965, -27.965571799999967 ], [ -48.621408699999968, -27.965599399999981 ], [ -48.621407699999963, -27.96561319999995 ], [ -48.621407499999968, -27.965627 ], [ -48.621407799999986, -27.96563389999994 ], [ -48.6214088, -27.965644199999929 ], [ -48.621410399999945, -27.96565349999997 ], [ -48.621411499999972, -27.965658099999931 ], [ -48.62141349999996, -27.965665 ], [ -48.621415899999924, -27.965671899999961 ], [ -48.621417299999962, -27.965675399999942 ], [ -48.621420599999965, -27.965682299999973 ], [ -48.621422399999979, -27.965685799999957 ], [ -48.62142549999993, -27.965691 ], [ -48.621427699999963, -27.965694399999958 ], [ -48.621429299999939, -27.965696599999937 ], [ -48.621432699999957, -27.96570069999996 ], [ -48.62143819999995, -27.965706299999958 ], [ -48.621442199999933, -27.965709599999965 ], [ -48.621444899999972, -27.965711699999925 ], [ -48.621450699999968, -27.965715599999957 ], [ -48.621457499999963, -27.965719399999951 ], [ -48.621462299999962, -27.965721599999942 ], [ -48.621472099999949, -27.965725599999921 ], [ -48.621477099999936, -27.965727399999924 ], [ -48.621487399999985, -27.965730399999973 ], [ -48.6214978, -27.965733099999976 ], [ -48.621518399999964, -27.965737699999984 ], [ -48.621521899999948, -27.965738299999934 ], [ -48.621524199999961, -27.965738499999926 ], [ -48.62152889999993, -27.965738599999948 ], [ -48.621531199999936, -27.965738399999964 ], [ -48.621536, -27.965737799999935 ], [ -48.621540799999941, -27.965736899999968 ], [ -48.621544, -27.965736099999955 ], [ -48.62155039999994, -27.965734099999974 ], [ -48.621560099999954, -27.965730699999938 ], [ -48.621573, -27.965725899999949 ], [ -48.621579499999946, -27.965723699999948 ], [ -48.621585899999957, -27.965721899999952 ], [ -48.621589, -27.965721199999965 ], [ -48.621593799999978, -27.965720399999952 ], [ -48.6216, -27.965719899999957 ], [ -48.621603099999959, -27.96572 ], [ -48.62160769999997, -27.965720499999982 ], [ -48.621612299999988, -27.965721599999942 ], [ -48.621614499999964, -27.965722399999951 ], [ -48.621623199999931, -27.965725899999942 ], [ -48.621627499999938, -27.965727799999971 ], [ -48.621633899999949, -27.965730899999986 ], [ -48.621643099999972, -27.965735799999944 ], [ -48.621652099999942, -27.965741099999942 ], [ -48.621656399999949, -27.965744 ], [ -48.62166469999994, -27.96575 ], [ -48.621668799999952, -27.965753199999941 ], [ -48.621674499999983, -27.965758199999978 ], [ -48.621681799999976, -27.965765299999919 ], [ -48.621685199999945, -27.965769099999928 ], [ -48.62169009999996, -27.965774899999932 ], [ -48.621694599999955, -27.965781 ], [ -48.62169669999998, -27.965784199999973 ], [ -48.621700799999985, -27.965790699999953 ], [ -48.621708499999954, -27.965803899999973 ], [ -48.621715599999959, -27.96581719999994 ], [ -48.621720099999955, -27.965826 ], [ -48.621728399999931, -27.965843799999956 ], [ -48.62174, -27.965870599999956 ], [ -48.621754799999962, -27.965906399999938 ], [ -48.621762399999966, -27.965924199999957 ], [ -48.621770499999968, -27.965941899999962 ], [ -48.621774799999969, -27.965950699999958 ], [ -48.62178159999997, -27.96596389999997 ], [ -48.621786399999955, -27.965973599999987 ], [ -48.621789299999939, -27.965980399999982 ], [ -48.621794799999975, -27.965994499999969 ], [ -48.621805399999971, -27.966023199999928 ], [ -48.62180919999998, -27.966032499999987 ], [ -48.621811299999941, -27.966037099999941 ], [ -48.621815699999964, -27.96604589999998 ], [ -48.621818099999984, -27.966050099999965 ], [ -48.6218219, -27.966056199999962 ], [ -48.621825699999924, -27.966061299999971 ], [ -48.621827699999983, -27.966063699999943 ], [ -48.621830899999964, -27.966067199999941 ], [ -48.621836, -27.966072 ], [ -48.621841599999982, -27.966076399999967 ], [ -48.62184469999994, -27.966078399999951 ], [ -48.621851199999981, -27.96608179999998 ], [ -48.621854699999979, -27.966083399999938 ], [ -48.621860199999958, -27.966085299999975 ], [ -48.621865199999945, -27.966086799999974 ], [ -48.621875299999942, -27.966089199999949 ], [ -48.62188539999994, -27.966091 ], [ -48.621892099999968, -27.966091899999974 ], [ -48.621905599999941, -27.966093099999963 ], [ -48.6219124, -27.966093499999946 ], [ -48.621926, -27.966093799999964 ], [ -48.62196669999998, -27.966093599999962 ], [ -48.621980299999969, -27.966093699999934 ], [ -48.621987099999963, -27.966094 ], [ -48.62199719999996, -27.966094599999963 ], [ -48.6220029, -27.966095 ], [ -48.622014299999925, -27.966095499999941 ], [ -48.622037099999936, -27.966096199999981 ], [ -48.622048499999956, -27.966097 ], [ -48.622056099999945, -27.966097899999969 ], [ -48.622059899999947, -27.966098499999934 ], [ -48.622065499999962, -27.966099599999946 ], [ -48.622074, -27.966101799999933 ], [ -48.622082299999931, -27.966104699999956 ], [ -48.622087599999986, -27.966106899999939 ], [ -48.622091, -27.966108499999955 ], [ -48.622097399999973, -27.966112099999989 ], [ -48.622102, -27.966115 ], [ -48.622104899999961, -27.966117099999966 ], [ -48.62211049999997, -27.966121499999925 ], [ -48.622113199999944, -27.966123799999945 ], [ -48.622118299999954, -27.966128799999968 ], [ -48.622123099999961, -27.966134 ], [ -48.622126099999946, -27.966137699999937 ], [ -48.622131799999984, -27.966145299999933 ], [ -48.622134799999969, -27.966149899999934 ], [ -48.622140399999978, -27.966159299999955 ], [ -48.622145499999931, -27.966169099999941 ], [ -48.622148599999946, -27.966175899999932 ], [ -48.622154399999943, -27.966189899999954 ], [ -48.622157099999981, -27.966197099999935 ], [ -48.622162199999934, -27.966211599999944 ], [ -48.622176099999933, -27.966255499999939 ], [ -48.62218089999994, -27.966269599999965 ], [ -48.622183399999976, -27.966276399999973 ], [ -48.62218729999995, -27.966286399999955 ], [ -48.622198799999978, -27.966315099999967 ], [ -48.622206199999937, -27.96633439999993 ], [ -48.622220699999964, -27.966372899999946 ], [ -48.622239699999966, -27.966424199999953 ], [ -48.622249299999957, -27.966449899999933 ], [ -48.622264299999983, -27.966488099999935 ], [ -48.622274799999957, -27.966513499999955 ], [ -48.622280199999977, -27.966526099999953 ], [ -48.622288599999933, -27.966544899999978 ], [ -48.622311499999974, -27.966594399999963 ], [ -48.622357899999948, -27.966693199999952 ], [ -48.622451499999961, -27.96689049999998 ], [ -48.622482299999945, -27.966956399999962 ], [ -48.622497599999967, -27.966989499999951 ], [ -48.622544599999969, -27.967092299999933 ], [ -48.622567699999941, -27.967143799999967 ], [ -48.622590399999979, -27.967195499999949 ], [ -48.622601399999951, -27.967221499999933 ], [ -48.622615899999971, -27.967256199999955 ], [ -48.622622899999953, -27.967273599999949 ], [ -48.622633299999961, -27.967299799999982 ], [ -48.622648299999987, -27.967339299999932 ], [ -48.622653499999956, -27.967353799999966 ], [ -48.622656899999974, -27.967363499999973 ], [ -48.622663199999977, -27.967382899999965 ], [ -48.622671899999951, -27.967412299999971 ], [ -48.622677299999971, -27.967432 ], [ -48.622680699999933, -27.967445099999964 ], [ -48.622687199999966, -27.967471499999938 ], [ -48.622691799999984, -27.967491399999968 ], [ -48.62270059999998, -27.967531199999936 ], [ -48.622717499999972, -27.967611 ], [ -48.622726399999976, -27.967650799999948 ], [ -48.622732699999979, -27.967677199999969 ], [ -48.622736099999941, -27.967690399999984 ], [ -48.62274129999998, -27.967710099999977 ], [ -48.622749699999986, -27.967739599999952 ], [ -48.622778, -27.967834 ], [ -48.62279239999998, -27.967881199999965 ], [ -48.622807299999977, -27.967928199999971 ], [ -48.622815099999976, -27.967951599999921 ], [ -48.622825699999964, -27.967982799999955 ], [ -48.622831199999943, -27.967998299999977 ], [ -48.622839699999986, -27.968021599999926 ], [ -48.622853, -27.968056299999937 ], [ -48.622873199999958, -27.968106699999954 ], [ -48.622886799999954, -27.968140299999952 ], [ -48.622914499999979, -27.968207199999938 ], [ -48.622956799999947, -27.968307299999932 ], [ -48.62304249999994, -27.96850709999995 ], [ -48.623054, -27.968534399999953 ], [ -48.623076499999975, -27.968589099999967 ], [ -48.623106399999983, -27.968662 ], [ -48.623121699999956, -27.968698299999971 ], [ -48.6231375, -27.968734499999989 ], [ -48.623145599999937, -27.96875249999993 ], [ -48.623162399999956, -27.968788399999934 ], [ -48.623171099999986, -27.968806199999968 ], [ -48.623184699999975, -27.968832899999931 ], [ -48.623198799999948, -27.968859299999966 ], [ -48.623206199999977, -27.968872399999942 ], [ -48.623213399999941, -27.968884899999971 ], [ -48.623218399999985, -27.968893 ], [ -48.623228699999963, -27.968909199999931 ], [ -48.623234099999927, -27.968917199999964 ], [ -48.623245, -27.96893289999997 ], [ -48.623256399999946, -27.96894849999995 ], [ -48.623264199999937, -27.968958699999977 ], [ -48.623280199999954, -27.968978899999971 ], [ -48.623298799999986, -27.969001299999942 ], [ -48.623311499999943, -27.969016 ], [ -48.623337399999969, -27.969045099999949 ], [ -48.623363799999936, -27.969074 ], [ -48.62339929999996, -27.969112299999942 ], [ -48.623416899999945, -27.96913149999995 ], [ -48.623442899999986, -27.969160499999923 ], [ -48.623455699999958, -27.969175199999945 ], [ -48.623479699999955, -27.969202299999953 ], [ -48.623496, -27.969220199999938 ], [ -48.623529099999985, -27.96925559999994 ], [ -48.623573399999941, -27.96930249999998 ], [ -48.623595399999942, -27.969326199999959 ], [ -48.623617099999926, -27.969350099999922 ], [ -48.623627799999952, -27.969362199999967 ], [ -48.623648699999933, -27.969386699999966 ], [ -48.623658899999946, -27.969399099999979 ], [ -48.623673899999972, -27.969418099999931 ], [ -48.623684399999945, -27.969431899999947 ], [ -48.623691199999939, -27.969441199999945 ], [ -48.623704499999974, -27.969459899999944 ], [ -48.623711, -27.96946929999995 ], [ -48.623723599999948, -27.969488399999932 ], [ -48.62373579999997, -27.969507599999925 ], [ -48.623743699999977, -27.969520499999931 ], [ -48.623759, -27.96954659999993 ], [ -48.623775499999958, -27.969576199999956 ], [ -48.623786199999984, -27.969596199999952 ], [ -48.623793099999951, -27.969609499999933 ], [ -48.623806699999932, -27.969636399999946 ], [ -48.623816499999968, -27.969656699999959 ], [ -48.623835799999945, -27.96969739999998 ], [ -48.623854399999978, -27.969738399999965 ], [ -48.623890799999977, -27.969820799999972 ], [ -48.623924, -27.969897 ], [ -48.623940299999958, -27.969935199999949 ], [ -48.623964599999965, -27.969992499999925 ], [ -48.623988499999946, -27.970049899999935 ], [ -48.624000199999948, -27.970078699999927 ], [ -48.624023499999964, -27.970136299999986 ], [ -48.624035, -27.970165099999978 ], [ -48.624052, -27.970208499999952 ], [ -48.624055599999956, -27.970218099999961 ], [ -48.624062599999945, -27.970237299999955 ], [ -48.624069199999951, -27.970256599999963 ], [ -48.624081499999932, -27.970295499999953 ], [ -48.624097399999989, -27.970347599999965 ], [ -48.62410559999995, -27.970373499999944 ], [ -48.624114299999981, -27.97039929999994 ], [ -48.6241189, -27.970412099999979 ], [ -48.624125399999969, -27.970429099999937 ], [ -48.624128799999937, -27.970437599999961 ], [ -48.624134, -27.970450199999959 ], [ -48.624142499999955, -27.97046889999995 ], [ -48.624160199999956, -27.970505499999938 ], [ -48.624172299999948, -27.970529799999955 ], [ -48.624180499999966, -27.970545899999937 ], [ -48.624197199999976, -27.970578 ], [ -48.624209899999983, -27.970601899999949 ], [ -48.624235799999951, -27.970649699999971 ], [ -48.624262199999976, -27.970697199999957 ], [ -48.624315499999966, -27.970792099999983 ], [ -48.624399099999948, -27.970940699999964 ], [ -48.624441399999967, -27.971014799999971 ], [ -48.624484199999984, -27.97108859999997 ], [ -48.624505899999974, -27.971125399999959 ], [ -48.624528099999964, -27.971162299999946 ], [ -48.624543299999964, -27.971186799999934 ], [ -48.624574099999961, -27.97123549999997 ], [ -48.624589799999967, -27.971259699999962 ], [ -48.624621399999967, -27.971307899999939 ], [ -48.624685299999946, -27.971404099999972 ], [ -48.624717099999941, -27.971452199999934 ], [ -48.6247226, -27.971460599999933 ], [ -48.624734199999978, -27.971477199999985 ], [ -48.624746, -27.971493699999936 ], [ -48.624754099999961, -27.971504599999943 ], [ -48.624770699999942, -27.971526099999945 ], [ -48.624795899999974, -27.971558299999959 ], [ -48.624829499999976, -27.971601199999952 ], [ -48.624845899999968, -27.971622799999967 ], [ -48.624861899999985, -27.971644699999949 ], [ -48.624869599999947, -27.971655799999944 ], [ -48.624880799999971, -27.97167259999998 ], [ -48.624882599999985, -27.971675599999969 ], [ -48.624883599999983, -27.971677599999971 ], [ -48.624885199999937, -27.971681799999935 ], [ -48.624885899999981, -27.971683899999967 ], [ -48.624886899999979, -27.971688199999953 ], [ -48.624887599999965, -27.971692599999976 ], [ -48.624887899999969, -27.971695599999975 ], [ -48.624888099999964, -27.971701599999957 ], [ -48.624888, -27.971706199999971 ], [ -48.624887299999955, -27.97171549999997 ], [ -48.624885699999943, -27.971734399999946 ], [ -48.624885499999948, -27.971743699999926 ], [ -48.624885899999988, -27.97174989999996 ], [ -48.624886299999957, -27.971752899999959 ], [ -48.624887199999932, -27.971757399999948 ], [ -48.624888399999982, -27.971761799999964 ], [ -48.624889199999984, -27.971763899999932 ], [ -48.624899399999947, -27.971789 ], [ -48.624904899999926, -27.971801599999928 ], [ -48.624911, -27.971813899999979 ], [ -48.624914199999978, -27.97182 ], [ -48.624921099999931, -27.971831799999961 ], [ -48.624924799999974, -27.971837499999943 ], [ -48.624930799999959, -27.971845899999952 ], [ -48.624936599999955, -27.971853 ], [ -48.62493969999997, -27.971856399999972 ], [ -48.624944499999977, -27.97186139999997 ], [ -48.62495209999998, -27.971868499999967 ], [ -48.624960499999986, -27.971875 ], [ -48.624964899999959, -27.971878099999959 ], [ -48.624976699999934, -27.971885599999947 ], [ -48.624984599999955, -27.97189039999995 ], [ -48.625000099999966, -27.971899399999973 ], [ -48.625048899999967, -27.971926299999943 ], [ -48.625064699999939, -27.971935499999976 ], [ -48.625072499999931, -27.971940299999972 ], [ -48.625166799999931, -27.971999699999962 ], [ -48.625213899999949, -27.972029499999966 ], [ -48.625284299999969, -27.972074599999928 ], [ -48.625335199999938, -27.972107499999932 ], [ -48.625360599999965, -27.972124099999974 ], [ -48.625398399999945, -27.972149099999967 ], [ -48.625435899999957, -27.972174399999968 ], [ -48.625454599999962, -27.972187199999951 ], [ -48.625491799999956, -27.972213 ], [ -48.625510299999974, -27.972226 ], [ -48.625537799999961, -27.972245799999932 ], [ -48.625574199999967, -27.972272699999966 ], [ -48.625592299999937, -27.972286299999958 ], [ -48.625619299999983, -27.972307 ], [ -48.625646, -27.972328099999977 ], [ -48.625659299999938, -27.972338699999973 ], [ -48.625666499999973, -27.972344699999951 ], [ -48.62568049999993, -27.972357099999954 ], [ -48.625693799999965, -27.972369799999967 ], [ -48.625702399999966, -27.972378499999927 ], [ -48.62570809999994, -27.972384499999979 ], [ -48.625719, -27.972396499999945 ], [ -48.625730899999944, -27.972410299999964 ], [ -48.625738699999943, -27.972419599999974 ], [ -48.625753699999954, -27.972438599999975 ], [ -48.625761099999977, -27.972448299999947 ], [ -48.625775499999975, -27.972467699999978 ], [ -48.625817899999959, -27.972526399999936 ], [ -48.625830299999961, -27.972544099999944 ], [ -48.625838299999941, -27.972556 ], [ -48.625843499999974, -27.972564099999932 ], [ -48.625853499999941, -27.972580399999984 ], [ -48.625860799999948, -27.972592699999939 ], [ -48.6258749, -27.972617699999947 ], [ -48.625888299999986, -27.972643 ], [ -48.625897, -27.972660099999931 ], [ -48.625913899999944, -27.972694399999963 ], [ -48.625930399999959, -27.972729 ], [ -48.62595239999996, -27.972775 ], [ -48.625963599999977, -27.972797899999936 ], [ -48.625980899999945, -27.972831799999938 ], [ -48.625989899999979, -27.972848599999963 ], [ -48.626002299999982, -27.972870599999961 ], [ -48.626008699999936, -27.972881499999978 ], [ -48.626018499999986, -27.972897699999972 ], [ -48.626028799999972, -27.972913599999977 ], [ -48.626034, -27.972921499999984 ], [ -48.626043699999968, -27.972935299999961 ], [ -48.626048699999956, -27.972942099999958 ], [ -48.626056299999959, -27.972952199999945 ], [ -48.626068199999963, -27.972967 ], [ -48.626080599999966, -27.972981599999965 ], [ -48.62608709999995, -27.97298869999997 ], [ -48.6261004, -27.973002599999983 ], [ -48.626107299999944, -27.973009399999974 ], [ -48.626118, -27.973019399999941 ], [ -48.626555799999949, -27.973417099999956 ], [ -48.626850499999932, -27.973685199999977 ], [ -48.626860899999933, -27.973694399999939 ], [ -48.626867799999957, -27.973700299999958 ], [ -48.626882099999939, -27.973711899999955 ], [ -48.626889399999989, -27.973717599999919 ], [ -48.626904299999978, -27.97372869999997 ], [ -48.626919499999985, -27.973739399999939 ], [ -48.626929799999971, -27.973746299999959 ], [ -48.626950799999975, -27.973759799999979 ], [ -48.626975, -27.973774399999979 ], [ -48.626991299999979, -27.9737838 ], [ -48.627002399999988, -27.97379 ], [ -48.627024699999943, -27.973802 ], [ -48.627041599999984, -27.973810899999936 ], [ -48.627075699999978, -27.973828099999931 ], [ -48.62711, -27.973845 ], [ -48.627155799999969, -27.973867299999927 ], [ -48.627178499999957, -27.973878399999926 ], [ -48.627343699999983, -27.973959599999951 ], [ -48.627426299999968, -27.974000099999948 ], [ -48.627550499999984, -27.974060399999928 ], [ -48.627674799999973, -27.974120399999951 ], [ -48.627737099999941, -27.97415019999994 ], [ -48.627775799999938, -27.97416869999995 ], [ -48.627853399999935, -27.974205299999934 ], [ -48.628008799999975, -27.974278 ], [ -48.628086399999972, -27.974314499999942 ], [ -48.628109, -27.974325 ], [ -48.628138899999954, -27.974338899999957 ], [ -48.6281537, -27.974346099999941 ], [ -48.62816829999997, -27.974353599999969 ], [ -48.628175499999941, -27.974357599999959 ], [ -48.628186299999989, -27.974363699999966 ], [ -48.628200299999953, -27.97437239999994 ], [ -48.62820719999997, -27.974377099999973 ], [ -48.628217499999955, -27.974384399999956 ], [ -48.628227499999973, -27.974392199999947 ], [ -48.628232399999945, -27.974396399999936 ], [ -48.628234899999939, -27.974398599999965 ], [ -48.628239599999972, -27.974403299999956 ], [ -48.628243799999957, -27.974408299999926 ], [ -48.628246299999951, -27.974411699999965 ], [ -48.628250699999967, -27.974418799999974 ], [ -48.628253599999937, -27.974424399999965 ], [ -48.628255399999937, -27.974428099999955 ], [ -48.628258499999966, -27.974435799999977 ], [ -48.62826229999996, -27.974447599999959 ], [ -48.62826449999995, -27.974455499999969 ], [ -48.628268399999968, -27.974471399999963 ], [ -48.628325699999955, -27.974706399999928 ], [ -48.62835409999996, -27.974823899999933 ], [ -48.628475399999957, -27.975329599999952 ], [ -48.628479199999958, -27.975344899999968 ], [ -48.628487499999949, -27.975375499999924 ], [ -48.62849639999996, -27.975406 ], [ -48.628502699999956, -27.975426199999969 ], [ -48.628515799999946, -27.975466599999951 ], [ -48.628529199999946, -27.975507 ], [ -48.628547099999928, -27.975560699999953 ], [ -48.628555799999965, -27.9755876 ], [ -48.628564199999964, -27.975614599999968 ], [ -48.628568199999961, -27.975628099999938 ], [ -48.62857409999998, -27.975648399999951 ], [ -48.628581299999951, -27.975675599999938 ], [ -48.628584699999976, -27.975689299999942 ], [ -48.628589499999983, -27.975709799999947 ], [ -48.628593799999969, -27.975730399999975 ], [ -48.628595799999964, -27.9757408 ], [ -48.6286042, -27.975788 ], [ -48.62860969999997, -27.975819499999957 ], [ -48.628620099999978, -27.975882599999977 ], [ -48.628634899999959, -27.975977299999965 ], [ -48.628644399999985, -27.976040399999924 ], [ -48.628649299999957, -27.97607439999997 ], [ -48.628741, -27.976708899999938 ], [ -48.628800499999954, -27.977109199999965 ], [ -48.628820799999971, -27.977244699999957 ], [ -48.628897399999971, -27.977752599999974 ], [ -48.62893559999997, -27.978006499999942 ], [ -48.628945199999976, -27.978068499999949 ], [ -48.628952, -27.978109799999956 ], [ -48.628966099999957, -27.978192299999929 ], [ -48.628995199999963, -27.978357199999937 ], [ -48.62900929999995, -27.97843969999996 ], [ -48.629018199999962, -27.978494799999957 ], [ -48.629022499999962, -27.978522299999952 ], [ -48.629028699999935, -27.978563599999976 ], [ -48.629036299999939, -27.978618799999929 ], [ -48.62903989999996, -27.978646399999949 ], [ -48.629044799999981, -27.978687799999928 ], [ -48.62904919999994, -27.978729299999934 ], [ -48.62905109999997, -27.97875 ], [ -48.629054599999968, -27.978791599999973 ], [ -48.629056099999957, -27.978812399999981 ], [ -48.629058, -27.978843599999944 ], [ -48.629104799999929, -27.979688 ], [ -48.629172299999944, -27.980640499999939 ], [ -48.629083399999956, -27.981875299999956 ], [ -48.629110899999937, -27.982088699999967 ], [ -48.629168199999988, -27.982336199999953 ], [ -48.629415, -27.983737799999961 ], [ -48.62966339999997, -27.984537299999946 ], [ -48.629756699999973, -27.984837299999977 ], [ -48.629893599999946, -27.985057599999948 ], [ -48.630052599999935, -27.985256 ], [ -48.630175299999962, -27.985469599999927 ], [ -48.630244699999935, -27.985658199999936 ], [ -48.63066119999997, -27.98734149999995 ], [ -48.630855099999962, -27.988063699999937 ], [ -48.630925099999956, -27.98832719999994 ], [ -48.631120299999971, -27.98895919999995 ], [ -48.631164699999935, -27.989055199999942 ], [ -48.631206, -27.989169499999946 ], [ -48.631340299999984, -27.989716599999944 ], [ -48.631462899999967, -27.990263599999938 ], [ -48.631567899999943, -27.990646299999973 ], [ -48.631718199999966, -27.991129099999981 ], [ -48.631771499999957, -27.991270899999947 ], [ -48.631799299999955, -27.991351499999951 ], [ -48.631818, -27.991433499999975 ], [ -48.631832, -27.991525 ], [ -48.631834099999935, -27.991623399999984 ], [ -48.63183139999996, -27.991732899999928 ], [ -48.631841899999984, -27.991820299999961 ], [ -48.63191089999998, -27.992148499999931 ], [ -48.631953299999971, -27.992439799999936 ], [ -48.632000799999965, -27.992674399999945 ], [ -48.63205929999998, -27.992990099999922 ], [ -48.63206629999997, -27.993071399999955 ], [ -48.632065, -27.993126199999946 ], [ -48.63206329999997, -27.993176599999977 ], [ -48.632076299999937, -27.993418899999934 ], [ -48.63210909999998, -27.993738099999984 ], [ -48.632174099999986, -27.994099599999956 ], [ -48.632223, -27.994459199999945 ], [ -48.632112799999952, -27.996621899999973 ], [ -48.632111899999984, -27.996648799999939 ], [ -48.632111699999939, -27.996666699999935 ], [ -48.632111799999969, -27.996702599999928 ], [ -48.6321119, -27.996742899999951 ], [ -48.632107299999973, -27.9973275 ], [ -48.632106699999959, -27.997354799999979 ], [ -48.632104499999969, -27.997409399999988 ], [ -48.632103499999971, -27.997436799999946 ], [ -48.632103199999968, -27.997450399999941 ], [ -48.632102799999984, -27.997486699999975 ], [ -48.632102699999962, -27.997511 ], [ -48.632103, -27.997559399999929 ], [ -48.632104399999953, -27.997632099999976 ], [ -48.632108499999958, -27.997777399999954 ], [ -48.632110199999943, -27.997850099999937 ], [ -48.632110699999934, -27.997886399999974 ], [ -48.632110899999986, -27.997940899999939 ], [ -48.632110799999971, -27.997949399999968 ], [ -48.632110299999965, -27.997966399999928 ], [ -48.632107399999938, -27.998017199999932 ], [ -48.632106299999975, -27.998042699999939 ], [ -48.63210609999993, -27.998055399999949 ], [ -48.632106099999937, -27.998067599999953 ], [ -48.632106399999941, -27.998092 ], [ -48.632107199999957, -27.998116399999962 ], [ -48.632107899999944, -27.998132599999963 ], [ -48.632109699999944, -27.998165099999941 ], [ -48.63211339999998, -27.998213899999936 ], [ -48.632116199999984, -27.998246299999941 ], [ -48.632122199999976, -27.998311299999958 ], [ -48.63212649999997, -27.99836 ], [ -48.632128399999949, -27.998384399999956 ], [ -48.632130699999948, -27.998416899999928 ], [ -48.632131699999945, -27.998433099999946 ], [ -48.632132899999938, -27.998457499999972 ], [ -48.632134, -27.998494099999956 ], [ -48.632134199999939, -27.998518499999935 ], [ -48.632134099999973, -27.998530599999981 ], [ -48.632133799999963, -27.998548899999943 ], [ -48.632132799999965, -27.99857419999994 ], [ -48.632130399999944, -27.998624799999952 ], [ -48.632128899999941, -27.998662699999958 ], [ -48.632126299999982, -27.998766199999977 ], [ -48.632121599999948, -27.998973199999956 ], [ -48.632118699999978, -27.999076599999963 ], [ -48.632116899999978, -27.999128399999943 ], [ -48.632115599999963, -27.999158 ], [ -48.632112899999981, -27.999217399999964 ], [ -48.632110799999964, -27.999262 ], [ -48.632106399999941, -27.999372599999958 ], [ -48.632098799999937, -27.999594 ], [ -48.632094899999963, -27.999704599999969 ], [ -48.63209279999996, -27.99976 ], [ -48.632091899999978, -27.99978 ], [ -48.632091199999927, -27.99979 ], [ -48.632089699999938, -27.999805 ], [ -48.632087599999977, -27.99981989999997 ], [ -48.632086199999947, -27.999827299999929 ], [ -48.63208469999995, -27.999834299999982 ], [ -48.632081399999947, -27.999848299999947 ], [ -48.632077699999968, -27.999862099999966 ], [ -48.632069899999976, -27.999889699999986 ], [ -48.6320573, -27.999932699999924 ], [ -48.63205089999996, -27.999954199999934 ], [ -48.63204589999998, -27.999970199999947 ], [ -48.632035599999938, -28.000001799999946 ], [ -48.632027699999981, -28.000026099999957 ], [ -48.632018499999958, -28.000055 ], [ -48.632014399999946, -28.000069499999935 ], [ -48.632012299999985, -28.000079299999975 ], [ -48.632011499999983, -28.000084299999969 ], [ -48.632010599999951, -28.000091699999921 ], [ -48.632004299999949, -28.000160399999963 ], [ -48.631992299999979, -28.000297699999976 ], [ -48.631984599999946, -28.000389299999938 ], [ -48.631969599999941, -28.000572499999969 ], [ -48.631958299999951, -28.000709899999947 ], [ -48.631948699999953, -28.00082679999997 ], [ -48.631929799999966, -28.00106059999996 ], [ -48.63191519999998, -28.001236 ], [ -48.631913099999963, -28.001258499999956 ], [ -48.631911599999974, -28.001273399999945 ], [ -48.631908199999934, -28.00130339999998 ], [ -48.631902399999944, -28.001348199999946 ], [ -48.631898099999937, -28.001378 ], [ -48.631894899999963, -28.001397899999969 ], [ -48.63188829999995, -28.001437599999974 ], [ -48.631880099999933, -28.001482099999965 ], [ -48.631874299999936, -28.001511799999943 ], [ -48.631870299999953, -28.001531499999945 ], [ -48.631862, -28.001571 ], [ -48.631855499999965, -28.001600599999968 ], [ -48.631841899999976, -28.001659599999986 ], [ -48.631827599999951, -28.001718599999936 ], [ -48.63181789999993, -28.001757799999954 ], [ -48.631798, -28.001836199999946 ], [ -48.631762099999953, -28.001975099999978 ], [ -48.6316892, -28.002252499999937 ], [ -48.631652799999976, -28.002391199999984 ], [ -48.631634799999972, -28.002460699999972 ], [ -48.631620399999981, -28.002516399999937 ], [ -48.631613399999942, -28.002544299999954 ], [ -48.631603299999945, -28.002586299999976 ], [ -48.631600899999967, -28.002597499999986 ], [ -48.631599599999966, -28.002605 ], [ -48.63159729999996, -28.002620099999948 ], [ -48.631596399999985, -28.002627599999975 ], [ -48.631594899999982, -28.002642699999964 ], [ -48.631593699999939, -28.002657899999971 ], [ -48.631592199999943, -28.002688199999966 ], [ -48.631574, -28.003118899999951 ], [ -48.631568, -28.003259599999982 ], [ -48.631565399999943, -28.003315899999961 ], [ -48.631564, -28.003344 ], [ -48.631561499999975, -28.003386099999947 ], [ -48.631560299999933, -28.003404399999972 ], [ -48.6315575, -28.003440699999942 ], [ -48.63155409999996, -28.003477099999941 ], [ -48.631551499999944, -28.003501299999989 ], [ -48.631545799999969, -28.003549599999914 ], [ -48.631541, -28.003585899999969 ], [ -48.631537599999952, -28.00361 ], [ -48.631530499999947, -28.003658199999961 ], [ -48.631519, -28.003730499999957 ], [ -48.631495, -28.003875099999956 ], [ -48.63148879999995, -28.003911399999936 ], [ -48.631485399999974, -28.003929499999966 ], [ -48.631479899999931, -28.003956599999977 ], [ -48.631473799999981, -28.00398349999994 ], [ -48.631470499999978, -28.003997 ], [ -48.631468, -28.004006499999942 ], [ -48.631462399999975, -28.004025499999962 ], [ -48.631456399999941, -28.004044299999972 ], [ -48.631443899999972, -28.004081899999953 ], [ -48.63143789999998, -28.00410069999997 ], [ -48.631435, -28.004110199999971 ], [ -48.631431, -28.004124399999963 ], [ -48.631419299999955, -28.004168699999976 ], [ -48.631411699999944, -28.004198199999962 ], [ -48.631396799999948, -28.004257499999934 ], [ -48.631375099999964, -28.004346399999978 ], [ -48.631332699999973, -28.004524599999968 ], [ -48.631311099999941, -28.004613599999967 ], [ -48.631300099999976, -28.004658 ], [ -48.631283199999984, -28.004724499999949 ], [ -48.631280499999946, -28.004734299999935 ], [ -48.6312746, -28.004753599999951 ], [ -48.631255199999941, -28.004811199999942 ], [ -48.631249399999952, -28.004830499999969 ], [ -48.631246899999958, -28.004840199999936 ], [ -48.631243499999989, -28.004855 ], [ -48.631241799999941, -28.004864099999949 ], [ -48.631239099999952, -28.004882299999963 ], [ -48.63123719999993, -28.004900599999925 ], [ -48.631234199999938, -28.004937299999938 ], [ -48.631232599999983, -28.004955699999982 ], [ -48.631231699999944, -28.004964899999955 ], [ -48.631229899999937, -28.004978599999948 ], [ -48.631222799999932, -28.005029599999951 ], [ -48.631208599999979, -28.005131699999936 ], [ -48.63119769999998, -28.005208299999939 ], [ -48.631190099999969, -28.005259299999981 ], [ -48.631186099999987, -28.005284799999966 ], [ -48.63117989999995, -28.005322899999957 ], [ -48.63117109999996, -28.005373799999962 ], [ -48.631166399999984, -28.005399199999953 ], [ -48.631159099999941, -28.00543719999995 ], [ -48.631151199999977, -28.005475199999985 ], [ -48.631147099999964, -28.005494199999927 ], [ -48.631145199999935, -28.005502299999936 ], [ -48.631141099999986, -28.00551849999994 ], [ -48.63113809999993, -28.005529299999978 ], [ -48.631131799999935, -28.005550699999951 ], [ -48.631127099999958, -28.00556679999994 ], [ -48.6311204, -28.005591 ], [ -48.631117499999959, -28.005603099999977 ], [ -48.631057599999963, -28.005865 ], [ -48.630938299999968, -28.006388799999979 ], [ -48.630932199999968, -28.006415899999979 ], [ -48.630920099999976, -28.006470199999971 ], [ -48.630910699999959, -28.00651089999997 ], [ -48.630908499999983, -28.006519799999982 ], [ -48.630906799999927, -28.006525699999944 ], [ -48.630903099999955, -28.006537399999964 ], [ -48.630897, -28.006554799999954 ], [ -48.630892599999989, -28.006566299999978 ], [ -48.630883399999959, -28.006589199999951 ], [ -48.630873299999955, -28.006615099999969 ], [ -48.630868599999985, -28.006628199999966 ], [ -48.630841099999941, -28.00670729999997 ], [ -48.630785099999962, -28.006865299999962 ], [ -48.63076679999994, -28.00691809999995 ], [ -48.630757899999928, -28.006944499999975 ], [ -48.630744699999973, -28.00698419999998 ], [ -48.630727799999939, -28.007037299999975 ], [ -48.630719699999986, -28.007064 ], [ -48.630708, -28.007104 ], [ -48.630696899999975, -28.007144199999974 ], [ -48.630691599999977, -28.007164399999958 ], [ -48.630687899999941, -28.007179299999958 ], [ -48.630680699999978, -28.007209199999988 ], [ -48.630673799999954, -28.007239099999921 ], [ -48.630660599999942, -28.007298899999967 ], [ -48.630650499999945, -28.007343799999937 ], [ -48.630645199999954, -28.007366199999979 ], [ -48.630513599999979, -28.007912799999925 ], [ -48.63045939999995, -28.008136899999954 ], [ -48.630448399999985, -28.008181199999967 ], [ -48.63044089999994, -28.00821059999998 ], [ -48.630425399999979, -28.008269499999976 ], [ -48.630420399999934, -28.008287699999986 ], [ -48.630409899999961, -28.008324 ], [ -48.630398799999973, -28.00836019999997 ], [ -48.630391099999947, -28.008384299999932 ], [ -48.630375199999946, -28.008432199999955 ], [ -48.630372, -28.008441699999928 ], [ -48.630365099999949, -28.008460599999985 ], [ -48.630343299999929, -28.008516799999931 ], [ -48.630336299999961, -28.008535699999978 ], [ -48.630332899999985, -28.008545099999928 ], [ -48.630328199999951, -28.008559399999974 ], [ -48.630318399999958, -28.00858989999994 ], [ -48.630299099999952, -28.008651199999971 ], [ -48.630242399999979, -28.008835099999935 ], [ -48.630213799999979, -28.008927 ], [ -48.630199199999943, -28.008972899999936 ], [ -48.63017549999995, -28.009046299999962 ], [ -48.630163399999958, -28.009082899999957 ], [ -48.630130599999973, -28.009178 ], [ -48.630091499999942, -28.009294599999983 ], [ -48.630065699999932, -28.009372499999976 ], [ -48.630014499999959, -28.009528299999939 ], [ -48.62995669999998, -28.009703599999952 ], [ -48.629946, -28.009735099999951 ], [ -48.629940399999946, -28.009750799999956 ], [ -48.629931699999986, -28.009774299999936 ], [ -48.629928499999956, -28.009782299999983 ], [ -48.629926099999977, -28.009787599999989 ], [ -48.629921099999933, -28.009798 ], [ -48.629912799999943, -28.009813299999962 ], [ -48.62990689999998, -28.009823399999952 ], [ -48.629894699999973, -28.009843299999943 ], [ -48.629878, -28.009869199999969 ], [ -48.629866599999957, -28.009886299999955 ], [ -48.629843299999948, -28.009920199999943 ], [ -48.629831, -28.009937399999949 ], [ -48.629824799999938, -28.009945799999969 ], [ -48.629815099999966, -28.009958399999974 ], [ -48.629805099999942, -28.009970799999959 ], [ -48.629799899999966, -28.009976899999966 ], [ -48.629796, -28.009981299999925 ], [ -48.629793199999938, -28.009984099999947 ], [ -48.629787499999971, -28.009989599999987 ], [ -48.629778299999941, -28.009997299999952 ], [ -48.62977189999998, -28.010002099999944 ], [ -48.629758599999953, -28.010011499999962 ], [ -48.629748699999936, -28.01001789999998 ], [ -48.6297436, -28.010021 ], [ -48.629733399999957, -28.010026799999942 ], [ -48.629726399999988, -28.01003049999996 ], [ -48.629712, -28.010037399999927 ], [ -48.629699199999948, -28.010043199999931 ], [ -48.62969279999993, -28.010045899999962 ], [ -48.629683, -28.010049499999987 ], [ -48.629676299999971, -28.010051499999978 ], [ -48.629672899999946, -28.010052299999984 ], [ -48.629669699999965, -28.010053 ], [ -48.629667799999929, -28.010053399999947 ], [ -48.629590199999946, -28.010066899999977 ], [ -48.629446399999949, -28.01011509999994 ], [ -48.629307399999952, -28.010161699999969 ], [ -48.629303099999959, -28.010163 ], [ -48.629294399999942, -28.010165199999964 ], [ -48.629285599999946, -28.010167 ], [ -48.629267799999973, -28.01017 ], [ -48.629254399999979, -28.010172599999979 ], [ -48.629253, -28.010173 ], [ -48.629247699999951, -28.010174199999938 ], [ -48.629234599999968, -28.010178 ], [ -48.629228, -28.010180199999976 ], [ -48.629218099999953, -28.010183699999963 ], [ -48.629208399999975, -28.010187499999969 ], [ -48.629203599999983, -28.010189599999929 ], [ -48.629194299999938, -28.010193899999926 ], [ -48.629189799999949, -28.010196199999932 ], [ -48.629183299999973, -28.010199699999923 ], [ -48.629175199999963, -28.010204699999971 ], [ -48.629171399999962, -28.010207299999927 ], [ -48.629166099999964, -28.01021139999995 ], [ -48.629161399999937, -28.010215499999948 ], [ -48.629158899999943, -28.010218 ], [ -48.629157899999939, -28.010219799999952 ], [ -48.629157799999973, -28.010222 ], [ -48.629158699999948, -28.010224899999972 ], [ -48.629159699999946, -28.010226799999941 ], [ -48.629162599999979, -28.010230599999943 ], [ -48.6291662, -28.010234499999967 ], [ -48.629168799999945, -28.010236899999938 ], [ -48.629173899999955, -28.010241299999965 ], [ -48.629179699999952, -28.010245899999973 ], [ -48.629182599999972, -28.010248 ], [ -48.629186899999979, -28.01025089999996 ], [ -48.629193699999973, -28.010254799999927 ], [ -48.629200899999951, -28.010258199999953 ], [ -48.62920459999998, -28.01025959999998 ], [ -48.629207899999983, -28.010260599999974 ], [ -48.629210199999939, -28.010261099999976 ], [ -48.629214799999943, -28.010261599999975 ], [ -48.629219499999977, -28.010261699999944 ], [ -48.629229, -28.010261199999945 ], [ -48.629236099999957, -28.010260899999924 ], [ -48.629240799999934, -28.010261 ], [ -48.629243099999947, -28.010261199999949 ], [ -48.629246599999938, -28.010261699999948 ], [ -48.629249899999934, -28.010262599999976 ], [ -48.62925149999996, -28.010263199999933 ], [ -48.629255799999953, -28.010265 ], [ -48.629257799999948, -28.010266099999967 ], [ -48.629260699999975, -28.010267799999951 ], [ -48.629264699999965, -28.010270799999955 ], [ -48.629268399999944, -28.010274399999954 ], [ -48.629270099999985, -28.010276399999949 ], [ -48.629275299999961, -28.010283399999928 ], [ -48.629277499999944, -28.010286899999979 ], [ -48.629280299999948, -28.010292199999974 ], [ -48.629282599999961, -28.010297499999982 ], [ -48.629283499999978, -28.010300299999983 ], [ -48.629284799999937, -28.010305799999969 ], [ -48.62928519999997, -28.010308599999977 ], [ -48.62928549999998, -28.010312799999941 ], [ -48.629285399999958, -28.010325 ], [ -48.629285099999947, -28.010331 ], [ -48.6292845, -28.010340099999954 ], [ -48.629283, -28.010353799999969 ], [ -48.629280899999969, -28.010367399999947 ], [ -48.629279599999968, -28.010374099999975 ], [ -48.629273399999931, -28.010403399999973 ], [ -48.629270099999985, -28.010417899999933 ], [ -48.629264599999942, -28.010439699999942 ], [ -48.629253199999937, -28.010481099999925 ], [ -48.629245099999942, -28.010508399999928 ], [ -48.629239599999956, -28.010526599999938 ], [ -48.629228199999943, -28.010562899999954 ], [ -48.629219399999961, -28.010590099999934 ], [ -48.62921329999994, -28.010608099999956 ], [ -48.629200899999944, -28.010644099999972 ], [ -48.62918169999994, -28.010698 ], [ -48.629168499999935, -28.010733899999927 ], [ -48.629141299999958, -28.01080579999995 ], [ -48.629137399999934, -28.010815399999952 ], [ -48.629135399999932, -28.01082 ], [ -48.629132099999936, -28.010827 ], [ -48.629126699999972, -28.010837099999943 ], [ -48.629120499999942, -28.010847 ], [ -48.629117, -28.010851799999955 ], [ -48.629112099999986, -28.010858199999969 ], [ -48.629109499999977, -28.010861399999946 ], [ -48.629105199999969, -28.010866199999949 ], [ -48.629098399999975, -28.010873299999957 ], [ -48.629093399999931, -28.010877899999961 ], [ -48.629090799999972, -28.01088 ], [ -48.629086799999982, -28.010882899999956 ], [ -48.629080499999986, -28.01088679999998 ], [ -48.629074, -28.010889899999935 ], [ -48.62907059999997, -28.010891199999946 ], [ -48.629066099999932, -28.010892599999973 ], [ -48.629063799999983, -28.010893099999976 ], [ -48.629060299999935, -28.010893799999952 ], [ -48.62905509999996, -28.010894399999977 ], [ -48.629049599999973, -28.010894499999949 ], [ -48.629045799999979, -28.010894399999973 ], [ -48.629038299999927, -28.010893699999944 ], [ -48.629034599999962, -28.010893199999941 ], [ -48.629027, -28.010891699999942 ], [ -48.629024899999941, -28.01089119999995 ], [ -48.629019599999943, -28.010889799999969 ], [ -48.629014699999971, -28.010888199999947 ], [ -48.629005199999938, -28.010884799999928 ], [ -48.628996399999956, -28.010880899999957 ], [ -48.628979299999969, -28.010872399999975 ], [ -48.628970599999946, -28.010868299999974 ], [ -48.628966, -28.010866399999948 ], [ -48.628957299999968, -28.010863299999986 ], [ -48.628952899999945, -28.010861899999952 ], [ -48.628946299999939, -28.01086 ], [ -48.628936299999964, -28.010857899999959 ], [ -48.628933899999943, -28.010857599999948 ], [ -48.628932199999959, -28.010857499999936 ], [ -48.628928899999948, -28.010857599999955 ], [ -48.628923799999939, -28.010858499999987 ], [ -48.62892039999997, -28.010859399999958 ], [ -48.628913799999964, -28.010861799999937 ], [ -48.62891019999995, -28.01086359999994 ], [ -48.628908099999926, -28.010865 ], [ -48.628904299999931, -28.010868099999982 ], [ -48.628901, -28.010871599999973 ], [ -48.628895099999959, -28.01087919999998 ], [ -48.628890699999943, -28.010884899999951 ], [ -48.62888739999994, -28.010888499999972 ], [ -48.628885699999955, -28.010890199999949 ], [ -48.628882699999963, -28.010892499999954 ], [ -48.62887939999996, -28.010894499999942 ], [ -48.62887759999996, -28.010895399999971 ], [ -48.628871299999958, -28.010898 ], [ -48.628868099999977, -28.010899199999979 ], [ -48.628863299999978, -28.010900599999953 ], [ -48.628858499999978, -28.010901699999962 ], [ -48.62885609999995, -28.010902099999946 ], [ -48.628851399999981, -28.010902599999959 ], [ -48.628849, -28.010902599999948 ], [ -48.628845499999954, -28.010902299999938 ], [ -48.628843499999959, -28.010902 ], [ -48.628839399999947, -28.010901 ], [ -48.628835299999942, -28.010899699999975 ], [ -48.628827199999932, -28.010896799999951 ], [ -48.628821199999948, -28.010894799999967 ], [ -48.628818099999933, -28.01089409999997 ], [ -48.628809699999977, -28.010892799999972 ], [ -48.628805399999976, -28.010892299999959 ], [ -48.62879879999997, -28.01089189999994 ], [ -48.628792299999979, -28.010892 ], [ -48.628789099999956, -28.010892299999952 ], [ -48.628784799999949, -28.010893099999969 ], [ -48.628782699999931, -28.010893599999971 ], [ -48.628779599999973, -28.010894599999972 ], [ -48.62877519999995, -28.010896399999972 ], [ -48.628771, -28.010898799999943 ], [ -48.628769, -28.010900099999958 ], [ -48.62876509999996, -28.010903299999931 ], [ -48.628763299999946, -28.010905099999945 ], [ -48.62876069999993, -28.010908099999934 ], [ -48.628758, -28.010911799999977 ], [ -48.628756499999959, -28.01091439999993 ], [ -48.628754099999981, -28.010919599999955 ], [ -48.628753299999971, -28.010922199999978 ], [ -48.628752299999981, -28.010927499999983 ], [ -48.628752199999944, -28.010932799999974 ], [ -48.628752599999984, -28.010936299999972 ], [ -48.628753, -28.010938599999967 ], [ -48.628754299999962, -28.010943099999963 ], [ -48.6287655, -28.010973799999931 ], [ -48.628777099999979, -28.01100549999996 ], [ -48.628778399999931, -28.01100949999995 ], [ -48.628779, -28.011012299999951 ], [ -48.62878, -28.01101779999993 ], [ -48.628780199999937, -28.011020699999968 ], [ -48.628780299999967, -28.011026299999976 ], [ -48.62878, -28.011032 ], [ -48.628779499999958, -28.011035799999942 ], [ -48.628777899999932, -28.011043199999946 ], [ -48.628775599999983, -28.011051199999933 ], [ -48.628774199999953, -28.011055099999972 ], [ -48.628771799999974, -28.011061 ], [ -48.628767699999976, -28.011069499999966 ], [ -48.62876289999997, -28.011077799999939 ], [ -48.628760199999931, -28.011081799999932 ], [ -48.628754299999969, -28.011089599999938 ], [ -48.628751, -28.011093299999967 ], [ -48.628745799999933, -28.011098699999931 ], [ -48.628740799999946, -28.0111032 ], [ -48.62873819999993, -28.011105299999937 ], [ -48.628734099999974, -28.011108499999974 ], [ -48.628727599999941, -28.011112899999933 ], [ -48.628720599999951, -28.01111689999993 ], [ -48.628717, -28.011118799999963 ], [ -48.628715599999957, -28.011119399999927 ], [ -48.628712599999972, -28.011120099999975 ], [ -48.628709699999945, -28.011120499999944 ], [ -48.62870369999996, -28.01112059999997 ], [ -48.628699199999978, -28.011120899999984 ], [ -48.628697099999954, -28.011121399999983 ], [ -48.62868229999998, -28.011126099999945 ], [ -48.628675, -28.011128799999938 ], [ -48.628667799999967, -28.011131899999949 ], [ -48.628664199999953, -28.011133699999956 ], [ -48.628658299999984, -28.011137199999954 ], [ -48.628655499999979, -28.01113909999998 ], [ -48.628651699999978, -28.011142199999938 ], [ -48.628648199999986, -28.011145799999952 ], [ -48.628646499999945, -28.011147799999939 ], [ -48.628643899999986, -28.011151199999961 ], [ -48.628642299999967, -28.011153599999933 ], [ -48.62863949999997, -28.011158199999954 ], [ -48.628638199999955, -28.011160599999982 ], [ -48.628636, -28.011165399999982 ], [ -48.628634199999965, -28.011170299999954 ], [ -48.628633199999967, -28.011173599999939 ], [ -48.628631699999971, -28.01118039999994 ], [ -48.628629699999976, -28.011194399999972 ], [ -48.628629, -28.011201399999951 ], [ -48.628628799999952, -28.011208499999956 ], [ -48.628628899999967, -28.011212 ], [ -48.628629399999966, -28.011219 ], [ -48.628629899999972, -28.011222399999959 ], [ -48.628631, -28.01122759999998 ], [ -48.628638699999961, -28.011257899999979 ], [ -48.628642799999973, -28.011273099999983 ], [ -48.628664299999969, -28.011350699999969 ], [ -48.628671199999985, -28.011378299999937 ], [ -48.628675399999963, -28.011396799999932 ], [ -48.62867789999995, -28.011409099999977 ], [ -48.628682699999956, -28.011433899999929 ], [ -48.628685799999971, -28.011453799999973 ], [ -48.628690899999981, -28.011493499999968 ], [ -48.6286937, -28.011513399999945 ], [ -48.628695299999954, -28.011523299999968 ], [ -48.628700499999979, -28.011551199999925 ], [ -48.62871169999994, -28.011607099999935 ], [ -48.628717, -28.011635 ], [ -48.628719399999973, -28.011649 ], [ -48.628724299999931, -28.011680399999932 ], [ -48.628733199999942, -28.01174339999994 ], [ -48.62874, -28.011790599999983 ], [ -48.628745199999976, -28.011823399999972 ], [ -48.628747899999951, -28.0118399 ], [ -48.628752399999939, -28.011864399999979 ], [ -48.628757599999979, -28.011888899999974 ], [ -48.628760399999983, -28.011901099999928 ], [ -48.628763399999968, -28.011912799999958 ], [ -48.628769599999941, -28.011936099999954 ], [ -48.628776399999936, -28.011959299999948 ], [ -48.628781099999962, -28.011974699999943 ], [ -48.628791199999974, -28.012005299999931 ], [ -48.628796499999964, -28.012020499999949 ], [ -48.628807299999949, -28.012050899999956 ], [ -48.628818599999938, -28.012081199999958 ], [ -48.628841799999975, -28.012141499999924 ], [ -48.628859199999965, -28.012186799999942 ], [ -48.628867799999966, -28.012209499999983 ], [ -48.628870799999959, -28.012217299999985 ], [ -48.628877399999972, -28.012232799999939 ], [ -48.628898599999964, -28.012278699999968 ], [ -48.628905099999947, -28.012294299999944 ], [ -48.628908199999955, -28.012302299999938 ], [ -48.628912299999968, -28.012314399999987 ], [ -48.6289144, -28.012322 ], [ -48.628915499999948, -28.012327199999959 ], [ -48.628917199999933, -28.012337399999982 ], [ -48.628917799999954, -28.012342599999954 ], [ -48.628918499999941, -28.012352899999943 ], [ -48.628918899999967, -28.012363199999974 ], [ -48.62891939999998, -28.012383799999959 ], [ -48.628919899999971, -28.012408199999982 ], [ -48.628919899999978, -28.012420399999932 ], [ -48.628919499999945, -28.012432599999947 ], [ -48.628919099999962, -28.012438699999954 ], [ -48.628917799999954, -28.012450899999976 ], [ -48.628917, -28.012456899999968 ], [ -48.628915199999938, -28.012466 ], [ -48.628913099999977, -28.012475199999979 ], [ -48.628911499999958, -28.01248139999996 ], [ -48.628907899999952, -28.012493499999952 ], [ -48.62890589999995, -28.012499499999929 ], [ -48.628901599999949, -28.012511399999944 ], [ -48.62889689999998, -28.012523199999972 ], [ -48.628893499999947, -28.012531 ], [ -48.628886299999969, -28.012546399999973 ], [ -48.628860699999969, -28.012598499999971 ], [ -48.628847699999938, -28.012624399999925 ], [ -48.628827699999938, -28.012663099999934 ], [ -48.628804, -28.01270809999993 ], [ -48.628792, -28.012730499999972 ], [ -48.628779699999939, -28.012752799999923 ], [ -48.62877339999995, -28.012763899999978 ], [ -48.628760299999954, -28.012786199999933 ], [ -48.62873339999993, -28.012830399999928 ], [ -48.628713499999947, -28.012863699999976 ], [ -48.62866889999998, -28.012940699999941 ], [ -48.628580699999986, -28.013095099999941 ], [ -48.628536399999973, -28.013172099999956 ], [ -48.628514, -28.013210599999979 ], [ -48.62848089999995, -28.013266899999952 ], [ -48.628464099999974, -28.013294899999945 ], [ -48.628446899999972, -28.013322799999973 ], [ -48.628438199999955, -28.013336599999949 ], [ -48.628422499999935, -28.013360799999926 ], [ -48.628390699999954, -28.013409 ], [ -48.628367, -28.0134452 ], [ -48.628301699999959, -28.013547 ], [ -48.628053799999982, -28.013934399999968 ], [ -48.627987699999949, -28.014037599999945 ], [ -48.627973, -28.014059799999924 ], [ -48.627943, -28.014103899999949 ], [ -48.62792039999993, -28.014137 ], [ -48.6278516, -28.014239499999967 ], [ -48.627782799999977, -28.014342599999964 ], [ -48.627645599999937, -28.014549 ], [ -48.627613599999961, -28.014597199999972 ], [ -48.627597899999955, -28.014621399999946 ], [ -48.627582399999945, -28.0146458 ], [ -48.627574899999964, -28.014658199999932 ], [ -48.627566799999954, -28.014671899999939 ], [ -48.627561599999979, -28.014681199999981 ], [ -48.627551699999977, -28.014699899999975 ], [ -48.627546899999977, -28.014709399999955 ], [ -48.627537699999948, -28.014728399999967 ], [ -48.627528699999971, -28.014747499999949 ], [ -48.627511199999958, -28.014785899999939 ], [ -48.627461799999928, -28.014894899999945 ], [ -48.627445299999977, -28.014930799999949 ], [ -48.627411699999982, -28.015002499999976 ], [ -48.627398199999966, -28.01503009999993 ], [ -48.627391199999984, -28.015043799999944 ], [ -48.627380399999943, -28.015064299999946 ], [ -48.627369099999953, -28.015084499999936 ], [ -48.627363199999934, -28.015094599999951 ], [ -48.62734869999997, -28.015118899999948 ], [ -48.627341299999955, -28.015131 ], [ -48.62733, -28.015149099999977 ], [ -48.627312699999948, -28.015176 ], [ -48.627294899999974, -28.015202599999949 ], [ -48.627285799999981, -28.015215799999961 ], [ -48.627267299999971, -28.015242 ], [ -48.627257799999938, -28.015255 ], [ -48.627243399999941, -28.015274299999934 ], [ -48.627170099999951, -28.015371399999932 ], [ -48.627091699999937, -28.015474899999955 ], [ -48.627083, -28.015486099999976 ], [ -48.62706529999997, -28.015508499999946 ], [ -48.627011099999947, -28.015574899999937 ], [ -48.626984399999976, -28.015607699999968 ], [ -48.62693059999998, -28.015673 ], [ -48.626914, -28.015692599999969 ], [ -48.626902899999948, -28.015705499999974 ], [ -48.626880199999952, -28.015731099999975 ], [ -48.626857099999938, -28.015756499999956 ], [ -48.626810499999984, -28.01580689999998 ], [ -48.626775499999951, -28.015844799999964 ], [ -48.626740899999959, -28.015882899999941 ], [ -48.626723899999945, -28.015902199999964 ], [ -48.626699, -28.015931499999972 ], [ -48.62669, -28.015942399999965 ], [ -48.626672299999939, -28.015964599999961 ], [ -48.626655, -28.015986899999966 ], [ -48.626643699999939, -28.016002 ], [ -48.626636299999966, -28.016012199999974 ], [ -48.626621799999953, -28.016032599999964 ], [ -48.626581699999974, -28.016090499999958 ], [ -48.626561899999956, -28.016119599999957 ], [ -48.626539099999945, -28.016153699999968 ], [ -48.626493499999981, -28.016222 ], [ -48.626480899999933, -28.016241699999963 ], [ -48.62645619999995, -28.016281299999939 ], [ -48.626443599999959, -28.016301 ], [ -48.626437099999976, -28.016310799999928 ], [ -48.626414, -28.016344099999966 ], [ -48.626398199999983, -28.016366099999978 ], [ -48.626387499999971, -28.01638069999996 ], [ -48.626365899999946, -28.016409599999967 ], [ -48.626349299999966, -28.016431199999939 ], [ -48.626338199999957, -28.016445399999956 ], [ -48.626315599999941, -28.016473799999961 ], [ -48.626281, -28.016516 ], [ -48.62625769999994, -28.016543899999927 ], [ -48.626242, -28.016562399999941 ], [ -48.626210199999946, -28.016599199999963 ], [ -48.626137, -28.016683199999932 ], [ -48.626086199999975, -28.016741499999963 ], [ -48.626061099999966, -28.016770799999964 ], [ -48.626032399999986, -28.016805199999961 ], [ -48.625975899999958, -28.016874599999948 ], [ -48.625835699999982, -28.017046599999947 ], [ -48.625818599999945, -28.017067599999965 ], [ -48.625765799999961, -28.017132699999941 ], [ -48.625661199999975, -28.017262099999986 ], [ -48.625640899999944, -28.017287899999921 ], [ -48.625627699999939, -28.017305299999972 ], [ -48.625619099999945, -28.017317 ], [ -48.625602099999981, -28.017340699999977 ], [ -48.625590799999941, -28.017357199999939 ], [ -48.625568899999962, -28.017390599999942 ], [ -48.625552299999981, -28.017415599999939 ], [ -48.625536799999963, -28.017437699999956 ], [ -48.625505099999941, -28.017481599999943 ], [ -48.625481599999944, -28.01751469999995 ], [ -48.625477499999931, -28.017520699999967 ], [ -48.625469699999947, -28.017532899999935 ], [ -48.625447599999973, -28.017570299999925 ], [ -48.62544, -28.017582599999976 ], [ -48.625436, -28.017588699999969 ], [ -48.625429799999949, -28.01759769999995 ], [ -48.62542069999995, -28.017610199999975 ], [ -48.62540219999994, -28.017635 ], [ -48.625383399999976, -28.017659499999979 ], [ -48.62537059999994, -28.017675799999957 ], [ -48.625344599999949, -28.017707899999944 ], [ -48.62532479999993, -28.017731799999975 ], [ -48.62531139999993, -28.017747599999947 ], [ -48.625284299999976, -28.017779 ], [ -48.625270599999965, -28.017794599999931 ], [ -48.625242799999967, -28.01782559999997 ], [ -48.625214699999951, -28.017856399999971 ], [ -48.625195799999979, -28.017876799999943 ], [ -48.625157599999966, -28.017917299999962 ], [ -48.62512349999998, -28.017953 ], [ -48.625106199999948, -28.017970599999966 ], [ -48.625088499999947, -28.017988 ], [ -48.625079499999977, -28.017996499999981 ], [ -48.625037899999938, -28.018035099999953 ], [ -48.625017, -28.018054299999953 ], [ -48.624985299999935, -28.018082699999987 ], [ -48.624964, -28.018101399999974 ], [ -48.624921299999983, -28.018138799999981 ], [ -48.624889499999945, -28.0181669 ], [ -48.624528399999974, -28.01849059999995 ], [ -48.624514399999953, -28.018503 ], [ -48.624485899999975, -28.018527499999951 ], [ -48.624464799999942, -28.018546 ], [ -48.624451099999938, -28.018558699999975 ], [ -48.624444399999959, -28.018565199999959 ], [ -48.624434599999972, -28.018575099999964 ], [ -48.624426299999989, -28.018583799999931 ], [ -48.624410199999943, -28.018601399999962 ], [ -48.624362899999937, -28.018655 ], [ -48.624289299999937, -28.018737199999968 ], [ -48.624283599999949, -28.018743799999974 ], [ -48.624272299999966, -28.018757 ], [ -48.624239499999931, -28.018797599999974 ], [ -48.624222799999984, -28.018817699999939 ], [ -48.624214199999983, -28.018827499999922 ], [ -48.624184699999944, -28.01886 ], [ -48.62416479999996, -28.018881299999975 ], [ -48.624151299999944, -28.018895399999966 ], [ -48.624123899999972, -28.018923399999952 ], [ -48.624103099999957, -28.018944099999949 ], [ -48.624089099999928, -28.018957699999934 ], [ -48.624060699999973, -28.018984799999938 ], [ -48.624046399999948, -28.018998199999952 ], [ -48.624017299999934, -28.019024799999954 ], [ -48.623987899999975, -28.019050899999961 ], [ -48.623968099999963, -28.019068199999939 ], [ -48.623954699999956, -28.019079599999944 ], [ -48.623927899999956, -28.019102299999929 ], [ -48.623906399999953, -28.019119899999957 ], [ -48.623862899999949, -28.019154499999956 ], [ -48.623841299999981, -28.01917189999994 ], [ -48.623830699999978, -28.019180699999936 ], [ -48.623760099999977, -28.019240499999956 ], [ -48.623725, -28.01927059999996 ], [ -48.62369259999997, -28.019298799999941 ], [ -48.623671199999933, -28.019317799999961 ], [ -48.623628799999942, -28.019356099999985 ], [ -48.623621299999961, -28.019363199999937 ], [ -48.623606799999948, -28.019377799999976 ], [ -48.623597399999944, -28.019387799999958 ], [ -48.623579, -28.019407899999969 ], [ -48.623565099999951, -28.019423 ], [ -48.623550899999948, -28.019437799999945 ], [ -48.623543599999948, -28.019445 ], [ -48.623532199999943, -28.019455499999935 ], [ -48.623495399999968, -28.019487799999979 ], [ -48.623421799999967, -28.019552299999919 ], [ -48.623347799999983, -28.019616599999949 ], [ -48.62329839999996, -28.019659299999951 ], [ -48.623199199999931, -28.019744499999938 ], [ -48.623170199999954, -28.01976929999995 ], [ -48.623112, -28.019818899999965 ], [ -48.623068499999931, -28.019856199999928 ], [ -48.623032399999943, -28.019887899999958 ], [ -48.623008399999947, -28.019909299999934 ], [ -48.622960799999923, -28.019952099999959 ], [ -48.622887399999975, -28.020019899999962 ], [ -48.622829199999956, -28.020072399999947 ], [ -48.6228, -28.0200986 ], [ -48.622756, -28.020137599999934 ], [ -48.622711599999946, -28.020176299999932 ], [ -48.622689199999968, -28.020195499999939 ], [ -48.622644099999945, -28.020233499999957 ], [ -48.622621299999935, -28.020252199999963 ], [ -48.622586699999943, -28.020280099999972 ], [ -48.622426499999968, -28.020407099999947 ], [ -48.622251299999959, -28.020546599999939 ], [ -48.622228099999973, -28.020564399999955 ], [ -48.622212399999974, -28.020576 ], [ -48.622201799999971, -28.020583599999959 ], [ -48.622180299999975, -28.020598599999964 ], [ -48.622164099999964, -28.02060959999994 ], [ -48.622131199999963, -28.020631299999923 ], [ -48.622097899999972, -28.020652599999945 ], [ -48.622031099999958, -28.020694699999986 ], [ -48.621997799999974, -28.020716 ], [ -48.621981299999966, -28.020726699999955 ], [ -48.621956699999949, -28.020743099999947 ], [ -48.621932399999935, -28.020759799999958 ], [ -48.621920399999965, -28.020768299999929 ], [ -48.621888599999984, -28.020791299999914 ], [ -48.621873, -28.020803 ], [ -48.621857699999957, -28.02081509999994 ], [ -48.621850099999961, -28.02082119999994 ], [ -48.621828299999954, -28.020839599999924 ], [ -48.621813799999977, -28.020852 ], [ -48.62178519999997, -28.020876899999962 ], [ -48.621735899999976, -28.020920499999917 ], [ -48.621720199999977, -28.020934699999945 ], [ -48.621689099999969, -28.02096349999994 ], [ -48.621665499999942, -28.020984899999974 ], [ -48.621654099999937, -28.020994899999948 ], [ -48.621630799999934, -28.021014499999986 ], [ -48.621606899999961, -28.021033599999956 ], [ -48.621590799999979, -28.021046199999937 ], [ -48.621558299999954, -28.021071 ], [ -48.62151659999995, -28.021102599999953 ], [ -48.621495699999969, -28.021118199999933 ], [ -48.621464199999934, -28.021141499999938 ], [ -48.621426099999951, -28.021169199999964 ], [ -48.621366599999931, -28.021211799999946 ], [ -48.621344499999964, -28.021227299999957 ], [ -48.621296, -28.021260799999943 ], [ -48.621283, -28.021269699999948 ], [ -48.621271499999978, -28.021277499999943 ], [ -48.62123459999998, -28.021302199999969 ], [ -48.621215499999948, -28.021314699999945 ], [ -48.6212058, -28.021320799999948 ], [ -48.621191199999949, -28.021329699999953 ], [ -48.621176199999979, -28.021338199999938 ], [ -48.621168599999976, -28.02134239999998 ], [ -48.621138, -28.021358599999925 ], [ -48.62107629999997, -28.021390499999953 ], [ -48.620974299999943, -28.021441599999946 ], [ -48.620946499999945, -28.021455799999952 ], [ -48.620932699999976, -28.021463 ], [ -48.620919099999981, -28.021470599999933 ], [ -48.620912399999959, -28.021474499999947 ], [ -48.620899399999985, -28.021482699999975 ], [ -48.620893, -28.021487 ], [ -48.620883799999945, -28.021493799999977 ], [ -48.620812899999976, -28.021549 ], [ -48.620766, -28.021586099999972 ], [ -48.620672499999955, -28.02166039999997 ], [ -48.620606799999962, -28.021712699999973 ], [ -48.620561, -28.021748899999988 ], [ -48.620546599999955, -28.02175989999995 ], [ -48.620536799999975, -28.021766899999932 ], [ -48.620530099999947, -28.021771499999936 ], [ -48.620516499999951, -28.021780399999955 ], [ -48.620510699999954, -28.021784 ], [ -48.620498899999966, -28.021791099999977 ], [ -48.620486899999953, -28.021797799999941 ], [ -48.620478799999944, -28.021802199999971 ], [ -48.620462399999958, -28.021810499999962 ], [ -48.620446099999988, -28.021818399999969 ], [ -48.620413299999939, -28.021833699999945 ], [ -48.620388899999966, -28.021845599999949 ], [ -48.620324399999966, -28.021878299999976 ], [ -48.620195899999942, -28.021944 ], [ -48.620131399999934, -28.021976599999959 ], [ -48.620099099999948, -28.021992699999931 ], [ -48.61980259999995, -28.022139399999965 ], [ -48.619684499999956, -28.022201199999973 ], [ -48.619635799999969, -28.022226399999955 ], [ -48.61961139999994, -28.022238899999934 ], [ -48.619574599999964, -28.022257399999948 ], [ -48.619554799999946, -28.022267 ], [ -48.619541399999953, -28.022273 ], [ -48.619532399999969, -28.022276899999948 ], [ -48.619514299999935, -28.02228439999994 ], [ -48.619486699999989, -28.022295199999967 ], [ -48.619468299999937, -28.022302199999952 ], [ -48.619431099999986, -28.022315699999975 ], [ -48.619389399999939, -28.022331099999967 ], [ -48.619361799999986, -28.022341799999932 ], [ -48.619348099999968, -28.022347399999948 ], [ -48.619327799999958, -28.022356099999971 ], [ -48.619307799999945, -28.022365199999957 ], [ -48.619298, -28.022370099999925 ], [ -48.61921, -28.022414199999957 ], [ -48.619115299999969, -28.022461299999975 ], [ -48.619090899999946, -28.022473599999962 ], [ -48.61904229999994, -28.022498599999953 ], [ -48.619028399999941, -28.022505899999942 ], [ -48.619001099999942, -28.022521 ], [ -48.618987199999943, -28.022528199999961 ], [ -48.618980099999931, -28.022531699999941 ], [ -48.618955, -28.022543399999957 ], [ -48.618938, -28.022550899999942 ], [ -48.618903799999948, -28.022565299999933 ], [ -48.618869299999965, -28.022579099999973 ], [ -48.61884619999995, -28.02258809999995 ], [ -48.618799799999977, -28.022605799999951 ], [ -48.618747699999972, -28.022625799999961 ], [ -48.618730099999937, -28.022632299999934 ], [ -48.618694599999976, -28.022644799999959 ], [ -48.618683, -28.022649299999962 ], [ -48.618677199999972, -28.022651599999961 ], [ -48.618668599999978, -28.022655399999959 ], [ -48.618654099999958, -28.022662499999967 ], [ -48.618644499999967, -28.022667499999944 ], [ -48.618625499999951, -28.022677599999948 ], [ -48.618604, -28.022688899999935 ], [ -48.61854389999997, -28.02271879999995 ], [ -48.618485, -28.022748299999925 ], [ -48.618478499999974, -28.022751499999963 ], [ -48.618465299999961, -28.022757499999955 ], [ -48.618451899999968, -28.022763199999925 ], [ -48.61842489999998, -28.022774399999939 ], [ -48.6183602, -28.022801299999962 ], [ -48.618338399999963, -28.022809899999974 ], [ -48.618327499999971, -28.022814099999952 ], [ -48.618305499999956, -28.022822 ], [ -48.618294299999953, -28.022825699999935 ], [ -48.618277499999984, -28.022830899999967 ], [ -48.618219699999948, -28.022847599999984 ], [ -48.618156299999953, -28.022866099999924 ], [ -48.618149, -28.022868099999968 ], [ -48.618134299999952, -28.022872 ], [ -48.618119599999943, -28.022875599999963 ], [ -48.618089899999973, -28.022882299999928 ], [ -48.618009699999959, -28.0229 ], [ -48.617943899999943, -28.022915299999973 ], [ -48.617925799999973, -28.022919299999938 ], [ -48.617889499999933, -28.022926799999922 ], [ -48.617875599999934, -28.022929399999953 ], [ -48.617847599999948, -28.022934499999959 ], [ -48.617826699999966, -28.02293839999993 ], [ -48.617762899999946, -28.022951199999959 ], [ -48.617731099999958, -28.022957799999965 ], [ -48.617683499999934, -28.022968 ], [ -48.617636099999977, -28.022978899999945 ], [ -48.617612399999985, -28.022984499999946 ], [ -48.617581, -28.022992399999961 ], [ -48.617565299999967, -28.022996399999947 ], [ -48.617541899999935, -28.02300269999995 ], [ -48.617506799999944, -28.023012499999929 ], [ -48.617485099999953, -28.023019099999921 ], [ -48.617470799999978, -28.02302369999995 ], [ -48.617442299999936, -28.023033199999933 ], [ -48.617366699999941, -28.023059299999936 ], [ -48.617339199999954, -28.023068299999974 ], [ -48.617325399999963, -28.023072699999933 ], [ -48.617304599999962, -28.023078899999977 ], [ -48.617282599999953, -28.023085099999946 ], [ -48.617267899999945, -28.02308909999994 ], [ -48.617238399999962, -28.023096699999932 ], [ -48.617195, -28.023107599999946 ], [ -48.617107899999951, -28.023129 ], [ -48.617093, -28.02313259999994 ], [ -48.61702079999997, -28.023149899999964 ], [ -48.616962599999965, -28.023163599999982 ], [ -48.616846099999975, -28.023190499999927 ], [ -48.616811499999983, -28.023198099999945 ], [ -48.616788399999969, -28.023203 ], [ -48.616742199999976, -28.023212199999936 ], [ -48.61669569999998, -28.023221 ], [ -48.61660269999993, -28.023238 ], [ -48.616533, -28.023250899999933 ], [ -48.616486699999939, -28.02326 ], [ -48.616463599999975, -28.023264699999967 ], [ -48.616429, -28.023272099999936 ], [ -48.616394499999956, -28.02328 ], [ -48.616377299999954, -28.023284099999952 ], [ -48.616359799999948, -28.023288399999959 ], [ -48.6163251, -28.023297599999978 ], [ -48.616290499999934, -28.023307199999966 ], [ -48.616221499999938, -28.023326799999957 ], [ -48.616206699999971, -28.023331199999976 ], [ -48.616177199999981, -28.023340399999938 ], [ -48.61615489999997, -28.023346899999979 ], [ -48.616129199999932, -28.023353699999966 ], [ -48.616112, -28.023357799999925 ], [ -48.616100499999959, -28.023360399999948 ], [ -48.616077399999938, -28.023365299999959 ], [ -48.61606, -28.023368599999973 ], [ -48.616048299999932, -28.023370699999923 ], [ -48.616025, -28.023374599999947 ], [ -48.615989799999966, -28.023379899999952 ], [ -48.615966299999961, -28.02338309999994 ], [ -48.615919099999985, -28.023388699999948 ], [ -48.615876699999944, -28.023393299999949 ], [ -48.615855499999952, -28.023395399999963 ], [ -48.615823699999972, -28.023398399999966 ], [ -48.615776099999941, -28.023402199999957 ], [ -48.615744299999953, -28.023404399999944 ], [ -48.615728399999966, -28.023405299999968 ], [ -48.615704499999929, -28.023406499999965 ], [ -48.615672699999948, -28.023407799999973 ], [ -48.615656799999954, -28.023408299999975 ], [ -48.615632899999987, -28.023408699999944 ], [ -48.615597099999945, -28.023408899999925 ], [ -48.615570599999963, -28.023408399999933 ], [ -48.615517599999976, -28.023406499999961 ], [ -48.615491099999986, -28.023405899999943 ], [ -48.615477799999951, -28.023405799999981 ], [ -48.615399099999927, -28.023406599999937 ], [ -48.615241799999986, -28.023409099999984 ], [ -48.61518939999997, -28.023409699999938 ], [ -48.615163199999984, -28.023409799999971 ], [ -48.615123799999935, -28.023409699999945 ], [ -48.614962599999956, -28.023408499999967 ], [ -48.614890899999978, -28.02340809999998 ], [ -48.614885299999969, -28.023407899999942 ], [ -48.614874, -28.023407299999963 ], [ -48.614862699999946, -28.023406199999954 ], [ -48.614840099999981, -28.023403599999938 ], [ -48.614823199999933, -28.023401899999961 ], [ -48.614814699999954, -28.023401399999951 ], [ -48.614798499999942, -28.023401 ], [ -48.614765799999986, -28.023401199999977 ], [ -48.614749499999959, -28.023401099999937 ], [ -48.614741399999957, -28.023400799999926 ], [ -48.614719899999947, -28.023399899999951 ], [ -48.61470909999997, -28.02339929999993 ], [ -48.614693099999954, -28.023398099999952 ], [ -48.614677, -28.023396399999964 ], [ -48.614669, -28.02339539999997 ], [ -48.614642899999978, -28.023391599999972 ], [ -48.614625599999954, -28.023388899999933 ], [ -48.614591099999984, -28.023383 ], [ -48.614573899999975, -28.023379799999933 ], [ -48.614539599999951, -28.023373299999946 ], [ -48.61443689999993, -28.023352899999974 ], [ -48.614385599999942, -28.023343 ], [ -48.614359799999939, -28.023338399999943 ], [ -48.6143211, -28.023331899999956 ], [ -48.614298, -28.023328699999979 ], [ -48.614251499999966, -28.023323199999933 ], [ -48.614236, -28.023321099999983 ], [ -48.614228299999979, -28.023319899999919 ], [ -48.614216799999951, -28.023317899999931 ], [ -48.61420789999994, -28.02331619999995 ], [ -48.614190099999973, -28.02331229999993 ], [ -48.614172499999938, -28.023308099999952 ], [ -48.614137299999989, -28.023299099999978 ], [ -48.614103799999953, -28.023290199999966 ], [ -48.614087199999979, -28.023285499999925 ], [ -48.614062299999944, -28.023278 ], [ -48.61405259999998, -28.023274899999933 ], [ -48.614033399999983, -28.023268 ], [ -48.614020799999928, -28.023263199999981 ], [ -48.613995699999975, -28.023253199999939 ], [ -48.613976899999955, -28.023245599999932 ], [ -48.613899199999935, -28.023214799999941 ], [ -48.613860799999948, -28.023199199999961 ], [ -48.613822699999965, -28.023183299999967 ], [ -48.613803799999971, -28.023175099999943 ], [ -48.613766099999971, -28.023158099999936 ], [ -48.613747299999943, -28.023149399999962 ], [ -48.613719299999957, -28.023135799999988 ], [ -48.613694499999959, -28.023123199999933 ], [ -48.613682199999978, -28.023116699999942 ], [ -48.613663699999961, -28.023106699999975 ], [ -48.613636099999951, -28.023091099999931 ], [ -48.613608699999979, -28.023074699999931 ], [ -48.613595, -28.023066099999934 ], [ -48.613592499999989, -28.023064399999946 ], [ -48.613591, -28.023063099999945 ], [ -48.613588399999969, -28.023060199999982 ], [ -48.613587199999984, -28.023058699999982 ], [ -48.613585199999939, -28.023055499999931 ], [ -48.61358359999997, -28.023052 ], [ -48.613582699999945, -28.023049699999945 ], [ -48.613581299999971, -28.023044899999938 ], [ -48.61357959999998, -28.023035699999976 ], [ -48.613579099999981, -28.023031 ], [ -48.613578699999948, -28.023024099999919 ], [ -48.613579, -28.023017199999966 ], [ -48.613579399999935, -28.023013799999944 ], [ -48.613584299999957, -28.022981299999969 ], [ -48.613587199999984, -28.022965 ], [ -48.613589599999955, -28.022953099999935 ], [ -48.613594899999953, -28.022929299999934 ], [ -48.613598399999951, -28.022911399999945 ], [ -48.613599299999976, -28.02290569999996 ], [ -48.613600499999968, -28.022894199999936 ], [ -48.613601199999948, -28.022882699999979 ], [ -48.613601499999952, -28.022875 ], [ -48.613601499999952, -28.022859699999984 ], [ -48.613601099999975, -28.022841899999943 ], [ -48.613600499999961, -28.022833 ], [ -48.613599399999949, -28.022824199999956 ], [ -48.613598699999962, -28.022819799999979 ], [ -48.613593299999934, -28.022792 ], [ -48.61358179999997, -28.02273659999998 ], [ -48.61357339999995, -28.022695099999975 ], [ -48.613571, -28.022682099999933 ], [ -48.613566299999945, -28.022656099999939 ], [ -48.613562399999978, -28.022636699999968 ], [ -48.613558299999958, -28.022618799999968 ], [ -48.613549299999931, -28.022583299999962 ], [ -48.613537399999984, -28.022538499999932 ], [ -48.613529799999988, -28.022508 ], [ -48.613526199999967, -28.022492699999926 ], [ -48.61352119999998, -28.022469599999958 ], [ -48.613520099999953, -28.022463499999965 ], [ -48.613518099999972, -28.022451399999959 ], [ -48.613516499999946, -28.022439299999977 ], [ -48.613515699999937, -28.022431199999968 ], [ -48.613514499999951, -28.022415099999925 ], [ -48.613514, -28.022402899999978 ], [ -48.613513499999954, -28.022378599999975 ], [ -48.613514299999963, -28.022305799999963 ], [ -48.613514399999985, -28.022296599999937 ], [ -48.613514699999939, -28.022292 ], [ -48.613515599999971, -28.022285199999946 ], [ -48.613517, -28.022278299999982 ], [ -48.613518099999972, -28.022274899999953 ], [ -48.613519399999973, -28.022271299999939 ], [ -48.613520599999951, -28.022268899999979 ], [ -48.613523199999982, -28.022264399999976 ], [ -48.613524699999971, -28.022262299999969 ], [ -48.613528099999932, -28.022258199999953 ], [ -48.613531899999941, -28.022254399999955 ], [ -48.613534599999987, -28.022252 ], [ -48.613540499999949, -28.022247499999924 ], [ -48.613553899999943, -28.022238599999987 ], [ -48.613563, -28.022233099999937 ], [ -48.613569099999957, -28.022229499999973 ], [ -48.613581499999952, -28.022222699999933 ], [ -48.613590099999954, -28.022218299999963 ], [ -48.613607499999944, -28.02221 ], [ -48.613616, -28.022205699999969 ], [ -48.613620199999964, -28.022203399999967 ], [ -48.613625399999933, -28.022200399999978 ], [ -48.613635199999983, -28.022194099999979 ], [ -48.613644699999952, -28.022187399999954 ], [ -48.613650899999982, -28.02218259999994 ], [ -48.613662899999952, -28.022172799999961 ], [ -48.613667899999939, -28.022168399999931 ], [ -48.613677299999949, -28.022159499999926 ], [ -48.613686099999946, -28.022150199999942 ], [ -48.613691799999977, -28.02214379999997 ], [ -48.613702599999961, -28.022130499999946 ], [ -48.613715499999955, -28.022113299999933 ], [ -48.613723699999987, -28.022101799999984 ], [ -48.613729, -28.022094 ], [ -48.613739099999975, -28.022078399999938 ], [ -48.613746399999968, -28.022066599999963 ], [ -48.613751099999952, -28.022058699999935 ], [ -48.613760099999979, -28.022042599999956 ], [ -48.613764499999938, -28.022034499999961 ], [ -48.613773099999946, -28.022018199999927 ], [ -48.613781399999937, -28.022001599999957 ], [ -48.613786799999957, -28.021990299999974 ], [ -48.613797299999938, -28.02196749999996 ], [ -48.613801199999955, -28.021958199999979 ], [ -48.613802899999939, -28.021953499999928 ], [ -48.613805099999986, -28.021946299999968 ], [ -48.613806699999934, -28.021939199999967 ], [ -48.613807299999962, -28.021935599999949 ], [ -48.613807799999961, -28.021928499999941 ], [ -48.613807699999938, -28.021925 ], [ -48.613807099999981, -28.021919699999959 ], [ -48.613806499999953, -28.021916499999978 ], [ -48.613804899999934, -28.021910099999964 ], [ -48.613802699999958, -28.021903699999939 ], [ -48.613801, -28.021899499999961 ], [ -48.613797, -28.021891299999933 ], [ -48.613775499999974, -28.021852399999933 ], [ -48.613752199999972, -28.021808799999974 ], [ -48.613749899999959, -28.021804299999925 ], [ -48.613745799999947, -28.021795199999918 ], [ -48.613742199999933, -28.021786 ], [ -48.6137399, -28.021779699999961 ], [ -48.613735799999972, -28.021766899999925 ], [ -48.613735, -28.021763699999941 ], [ -48.613733699999955, -28.021757099999938 ], [ -48.613733, -28.021750499999943 ], [ -48.61373279999998, -28.021746099999969 ], [ -48.613732699999964, -28.02173729999998 ], [ -48.613732899999945, -28.02173 ], [ -48.613733299999978, -28.021726299999958 ], [ -48.613733899999936, -28.021722599999983 ], [ -48.613734399999942, -28.021720799999972 ], [ -48.613735899999938, -28.021717199999951 ], [ -48.613736799999977, -28.021715499999964 ], [ -48.613738599999976, -28.021712899999955 ], [ -48.613744099999963, -28.02170609999995 ], [ -48.613747799999942, -28.02170179999997 ], [ -48.613755399999945, -28.021693799999973 ], [ -48.61375929999997, -28.021690099999947 ], [ -48.613767199999984, -28.02168289999997 ], [ -48.613791699999979, -28.02166189999998 ], [ -48.613841599999944, -28.021619199999972 ], [ -48.613856099999964, -28.021606299999984 ], [ -48.61386559999994, -28.021597599999957 ], [ -48.613884299999945, -28.021579699999961 ], [ -48.613889699999959, -28.021574099999945 ], [ -48.613892299999975, -28.021571099999953 ], [ -48.613896, -28.021566399999983 ], [ -48.61390119999993, -28.021559 ], [ -48.613905699999982, -28.02155109999995 ], [ -48.61390769999997, -28.021547099999967 ], [ -48.613911099999939, -28.021539 ], [ -48.613912499999969, -28.021534899999949 ], [ -48.613914099999931, -28.021528799999949 ], [ -48.613915, -28.021523299999952 ], [ -48.613915299999967, -28.021520699999929 ], [ -48.613915499999962, -28.021516699999953 ], [ -48.613915099999986, -28.021510899999953 ], [ -48.613914, -28.02150539999997 ], [ -48.613913199999949, -28.021502699999921 ], [ -48.613912099999943, -28.021500299999968 ], [ -48.613911199999968, -28.021498699999924 ], [ -48.613909, -28.02149559999998 ], [ -48.61390629999994, -28.021492699999953 ], [ -48.613902, -28.021489199999962 ], [ -48.613899599999975, -28.021487599999926 ], [ -48.613895899999932, -28.021485599999941 ], [ -48.613894, -28.021484799999943 ], [ -48.613890199999965, -28.021483399999973 ], [ -48.613882699999969, -28.021481 ], [ -48.613875199999931, -28.021479 ], [ -48.613870199999951, -28.021477899999983 ], [ -48.613859899999973, -28.021476099999955 ], [ -48.613849799999969, -28.021474599999962 ], [ -48.613829499999952, -28.021472099999979 ], [ -48.613814299999945, -28.021469799999974 ], [ -48.61380349999996, -28.021467699999949 ], [ -48.613798099999947, -28.021466499999974 ], [ -48.613790299999955, -28.021464199999969 ], [ -48.613782499999957, -28.021461399999961 ], [ -48.613778699999955, -28.02145969999998 ], [ -48.613774299999925, -28.021457499999933 ], [ -48.613765899999983, -28.021452699999944 ], [ -48.613758, -28.021447399999939 ], [ -48.613752899999959, -28.021443599999937 ], [ -48.613743, -28.021435799999956 ], [ -48.6137212, -28.021417799999927 ], [ -48.613710499999961, -28.021408599999962 ], [ -48.6136949, -28.021394699999981 ], [ -48.613679699999977, -28.021380399999938 ], [ -48.613672199999939, -28.021373099999948 ], [ -48.613669899999941, -28.02137069999997 ], [ -48.613665599999933, -28.02136559999996 ], [ -48.613662899999952, -28.021362099999966 ], [ -48.613657799999935, -28.021355 ], [ -48.613654, -28.021349599999947 ], [ -48.613649899999984, -28.021344399999968 ], [ -48.613647699999945, -28.021341899999975 ], [ -48.613644199999953, -28.021338199999946 ], [ -48.613641, -28.021335299999972 ], [ -48.613634199999979, -28.02132969999996 ], [ -48.613627, -28.021324499999938 ], [ -48.613622, -28.021321399999973 ], [ -48.61361849999998, -28.021319399999985 ], [ -48.613611499999941, -28.021315699999956 ], [ -48.61360719999994, -28.021313599999928 ], [ -48.613598399999944, -28.021309899999949 ], [ -48.613571799999939, -28.02129959999996 ], [ -48.613558699999942, -28.021294099999977 ], [ -48.613552299999988, -28.021291099999928 ], [ -48.613539299999964, -28.021284299999934 ], [ -48.613513599999976, -28.02127009999997 ], [ -48.613494099999969, -28.021259699999966 ], [ -48.613474899999972, -28.02125 ], [ -48.613465099999985, -28.021245399999938 ], [ -48.613450299999954, -28.021239 ], [ -48.613440099999934, -28.021235099999959 ], [ -48.613434899999959, -28.021233299999942 ], [ -48.613427, -28.021230799999952 ], [ -48.613420899999937, -28.021229199999944 ], [ -48.613416799999982, -28.021228299999954 ], [ -48.613408599999964, -28.021226899999935 ], [ -48.613396199999947, -28.021225399999938 ], [ -48.613371399999949, -28.021223299999971 ], [ -48.613364099999956, -28.021222899999945 ], [ -48.613349499999977, -28.021223099999922 ], [ -48.613342199999977, -28.021222799999975 ], [ -48.613338599999963, -28.021222299999984 ], [ -48.613334399999985, -28.021221499999971 ], [ -48.613331599999981, -28.021220799999973 ], [ -48.613326199999968, -28.021219099999936 ], [ -48.613323499999979, -28.021218 ], [ -48.613318399999969, -28.021215599999945 ], [ -48.613313499999947, -28.021212799999947 ], [ -48.613310299999966, -28.021210699999976 ], [ -48.613304299999974, -28.021206199999938 ], [ -48.613293499999948, -28.021196799999927 ], [ -48.613286699999946, -28.02119039999997 ], [ -48.613273699999986, -28.021177199999951 ], [ -48.613266199999948, -28.021168899999964 ], [ -48.613251599999955, -28.021151699999972 ], [ -48.613244099999974, -28.021143199999976 ], [ -48.61324, -28.021139099999971 ], [ -48.613234299999931, -28.021133499999959 ], [ -48.6132224, -28.021122599999948 ], [ -48.613210199999969, -28.021112099999979 ], [ -48.613201899999979, -28.021105299999931 ], [ -48.613184799999942, -28.021092199999945 ], [ -48.613171699999953, -28.021082699999969 ], [ -48.613162699999982, -28.021076599999962 ], [ -48.613144499999983, -28.021064799999976 ], [ -48.613135199999931, -28.021059099999935 ], [ -48.613116199999979, -28.021048099999977 ], [ -48.613096699999971, -28.021037499999984 ], [ -48.613083499999959, -28.021030699999983 ], [ -48.613074599999948, -28.021026299999949 ], [ -48.613056499999971, -28.021017699999959 ], [ -48.613049599999961, -28.021014599999944 ], [ -48.613035499999967, -28.021009099999951 ], [ -48.613025799999953, -28.021005799999951 ], [ -48.613021299999964, -28.021004199999936 ], [ -48.613011699999966, -28.021001299999963 ], [ -48.613005199999975, -28.02099949999997 ], [ -48.612992, -28.020996099999934 ], [ -48.612974899999983, -28.020992199999963 ], [ -48.612966299999982, -28.020990399999956 ], [ -48.612953499999946, -28.020988399999968 ], [ -48.612944899999952, -28.020987599999952 ], [ -48.612940599999945, -28.020987299999948 ], [ -48.612934099999961, -28.020987199999979 ], [ -48.612927299999967, -28.020987399999971 ], [ -48.612913699999972, -28.020988199999969 ], [ -48.612900099999941, -28.020989599999947 ], [ -48.612891, -28.020990799999929 ], [ -48.612872899999957, -28.020993699999963 ], [ -48.612858599999974, -28.020996499999974 ], [ -48.612837099999979, -28.02100129999997 ], [ -48.612830499999973, -28.02100269999994 ], [ -48.612816399999986, -28.021005599999963 ], [ -48.612809199999965, -28.021006899999961 ], [ -48.61279, -28.021009799999945 ], [ -48.612777199999975, -28.021011399999956 ], [ -48.612751399999986, -28.021014099999942 ], [ -48.61273639999996, -28.021015099999939 ], [ -48.612728899999986, -28.021015299999931 ], [ -48.612717599999939, -28.021015299999931 ], [ -48.612706299999957, -28.021014799999925 ], [ -48.612700699999941, -28.021014399999949 ], [ -48.61269539999995, -28.021013799999928 ], [ -48.612684699999932, -28.021012199999966 ], [ -48.612674199999951, -28.02101 ], [ -48.612667199999976, -28.021008299999952 ], [ -48.612653599999938, -28.021004399999981 ], [ -48.612648099999944, -28.021002699999936 ], [ -48.612637799999966, -28.020999199999938 ], [ -48.612627699999962, -28.020995399999947 ], [ -48.612621, -28.02099259999995 ], [ -48.612607799999978, -28.020986599999954 ], [ -48.612602199999969, -28.020983799999946 ], [ -48.612591399999985, -28.020977799999962 ], [ -48.61258109999995, -28.020971299999914 ], [ -48.612574499999944, -28.020966699999978 ], [ -48.612570099999971, -28.02096349999994 ], [ -48.612561399999954, -28.020956699999928 ], [ -48.612555, -28.020951099999948 ], [ -48.612552, -28.020948199999971 ], [ -48.612547699999936, -28.020943799999944 ], [ -48.612543699999954, -28.020939099999961 ], [ -48.612541899999947, -28.020936699999936 ], [ -48.612538499999971, -28.020931599999987 ], [ -48.612537, -28.020929 ], [ -48.612534899999957, -28.020924899999955 ], [ -48.612533399999961, -28.020921499999936 ], [ -48.612531, -28.020914699999942 ], [ -48.612529099999961, -28.020907799999968 ], [ -48.61252809999997, -28.020903199999957 ], [ -48.612526499999944, -28.020893899999972 ], [ -48.612526199999934, -28.02089089999998 ], [ -48.61252589999998, -28.020885 ], [ -48.61252589999998, -28.020867099999975 ], [ -48.612525399999981, -28.020861199999949 ], [ -48.61252479999996, -28.020858299999933 ], [ -48.61252369999994, -28.020854 ], [ -48.612507899999969, -28.020806399999962 ], [ -48.612474199999951, -28.020704299999974 ], [ -48.612457499999948, -28.020653199999963 ], [ -48.612451599999979, -28.020634 ], [ -48.612440299999946, -28.020595499999949 ], [ -48.612435, -28.020577199999931 ], [ -48.612424699999956, -28.020540599999961 ], [ -48.612423499999984, -28.02053619999997 ], [ -48.612421599999955, -28.020527399999928 ], [ -48.612420099999959, -28.020518499999984 ], [ -48.612417499999935, -28.020500699999953 ], [ -48.612416599999968, -28.020492199999975 ], [ -48.612416499999945, -28.020488 ], [ -48.612416699999983, -28.020481599999979 ], [ -48.612417499999943, -28.02047529999993 ], [ -48.612418199999979, -28.020472099999946 ], [ -48.612419, -28.020469299999942 ], [ -48.612421099999956, -28.020463899999974 ], [ -48.612423699999965, -28.020458599999984 ], [ -48.612429399999947, -28.020448099999957 ], [ -48.612433299999971, -28.020440099999963 ], [ -48.612435, -28.020435899999939 ], [ -48.612444499999988, -28.020409099999931 ], [ -48.612448899999954, -28.020395699999927 ], [ -48.612452799999978, -28.020382099999953 ], [ -48.612454499999963, -28.020375399999978 ], [ -48.612457399999982, -28.020361799999922 ], [ -48.612458499999953, -28.020355 ], [ -48.612459599999966, -28.020344699999946 ], [ -48.61246, -28.020337899999962 ], [ -48.61246, -28.020333399999974 ], [ -48.612459599999966, -28.020324299999974 ], [ -48.612459199999932, -28.020319799999967 ], [ -48.612458099999962, -28.020310599999963 ], [ -48.612456499999944, -28.020301499999956 ], [ -48.612455299999965, -28.020295399999952 ], [ -48.612452499999968, -28.020283299999967 ], [ -48.612448899999954, -28.020269399999968 ], [ -48.612447, -28.02026259999996 ], [ -48.612443799999944, -28.020252399999958 ], [ -48.612438499999939, -28.020237099999974 ], [ -48.612434199999946, -28.020225899999954 ], [ -48.61243189999994, -28.020220399999982 ], [ -48.612428099999939, -28.020212199999939 ], [ -48.612423699999965, -28.020204299999936 ], [ -48.612421199999964, -28.02020049999992 ], [ -48.612418299999945, -28.020196199999926 ], [ -48.612412099999972, -28.020187899999943 ], [ -48.612405699999954, -28.020179899999956 ], [ -48.612392299999954, -28.020164099999935 ], [ -48.612385099999983, -28.020156 ], [ -48.612370299999952, -28.020140099999935 ], [ -48.61235929999998, -28.020128 ], [ -48.612353099999957, -28.020120299999974 ], [ -48.61235019999998, -28.020116399999949 ], [ -48.612346199999926, -28.020110299999935 ], [ -48.612342499999954, -28.020103899999963 ], [ -48.612340799999977, -28.020100499999948 ], [ -48.612339399999946, -28.020097499999959 ], [ -48.612337499999974, -28.020091499999975 ], [ -48.612336199999959, -28.020085499999936 ], [ -48.612335699999967, -28.020081499999939 ], [ -48.612335199999961, -28.020073399999948 ], [ -48.612335199999968, -28.020071199999951 ], [ -48.61233559999993, -28.020066699999976 ], [ -48.612338299999976, -28.020053399999927 ], [ -48.612339, -28.020048899999939 ], [ -48.612339099999986, -28.020046699999959 ], [ -48.612339099999986, -28.020043399999956 ], [ -48.612337799999978, -28.020029699999945 ], [ -48.612336899999946, -28.020022799999936 ], [ -48.612334899999951, -28.020012599999969 ], [ -48.612332299999935, -28.020002499999986 ], [ -48.612330699999973, -28.019997499999931 ], [ -48.612326799999956, -28.019987599999979 ], [ -48.612324499999943, -28.019982699999957 ], [ -48.612320599999983, -28.01997549999993 ], [ -48.612317299999972, -28.01997 ], [ -48.612310499999985, -28.019959499999974 ], [ -48.612303299999958, -28.019949499999953 ], [ -48.612288399999954, -28.01992979999995 ], [ -48.612276399999985, -28.019914399999944 ], [ -48.612270099999932, -28.019906899999967 ], [ -48.612263499999983, -28.019899599999974 ], [ -48.612259899999977, -28.019896099999979 ], [ -48.612256299999949, -28.019892799999987 ], [ -48.612253799999962, -28.019890699999962 ], [ -48.612248499999957, -28.019886799999941 ], [ -48.612240099999951, -28.019881499999943 ], [ -48.612234299999955, -28.01987819999994 ], [ -48.612222499999973, -28.019872 ], [ -48.612219799999941, -28.019870699999959 ], [ -48.612214399999971, -28.019868299999931 ], [ -48.61219769999996, -28.019862199999967 ], [ -48.612189399999984, -28.019858799999962 ], [ -48.61218549999996, -28.019856799999957 ], [ -48.612177699999968, -28.019852099999987 ], [ -48.612174099999955, -28.01984949999996 ], [ -48.612169, -28.019845299999933 ], [ -48.612164499999942, -28.019840599999945 ], [ -48.612162399999931, -28.019838 ], [ -48.612158799999968, -28.019832699999927 ], [ -48.61215269999996, -28.019821499999971 ], [ -48.612149599999945, -28.019816 ], [ -48.612147799999946, -28.019813299999946 ], [ -48.612139299999974, -28.019800699999958 ], [ -48.612134699999963, -28.019794599999962 ], [ -48.612129699999976, -28.019788699999935 ], [ -48.612127, -28.019785699999947 ], [ -48.612124399999971, -28.019783199999949 ], [ -48.612122499999941, -28.019781599999931 ], [ -48.61211869999994, -28.019778599999945 ], [ -48.612116599999979, -28.019777299999927 ], [ -48.612112399999937, -28.019774899999955 ], [ -48.612106399999952, -28.019772199999974 ], [ -48.612103199999979, -28.019771099999954 ], [ -48.612098399999979, -28.019769799999953 ], [ -48.61208819999996, -28.019767599999952 ], [ -48.612081399999965, -28.019766299999951 ], [ -48.612067699999955, -28.019764 ], [ -48.612047199999949, -28.0197611 ], [ -48.612033599999961, -28.01975949999996 ], [ -48.612006099999981, -28.019756799999978 ], [ -48.61199819999996, -28.019756099999949 ], [ -48.611982499999961, -28.01975519999996 ], [ -48.611935, -28.019754199999969 ], [ -48.611919099999973, -28.019753499999972 ], [ -48.611911199999952, -28.019752899999954 ], [ -48.61189939999997, -28.019751699999983 ], [ -48.611894299999967, -28.019750899999966 ], [ -48.611891799999974, -28.019750299999945 ], [ -48.611888099999931, -28.019749199999975 ], [ -48.611882699999967, -28.01974719999998 ], [ -48.611877599999964, -28.019744599999971 ], [ -48.61187509999997, -28.019743099999985 ], [ -48.61187039999993, -28.019739699999942 ], [ -48.611868099999981, -28.019737799999973 ], [ -48.611864899999944, -28.019734699999969 ], [ -48.611862, -28.019731399999952 ], [ -48.611860299999933, -28.019729199999961 ], [ -48.611857199999982, -28.019724699999987 ], [ -48.611853399999973, -28.019717799999963 ], [ -48.611851199999933, -28.01971309999993 ], [ -48.611847499999946, -28.019703299999954 ], [ -48.611845099999982, -28.019695599999981 ], [ -48.611841199999958, -28.019679899999964 ], [ -48.611839, -28.019672099999966 ], [ -48.611837599999944, -28.019668299999967 ], [ -48.611834499999986, -28.019660199999979 ], [ -48.611832699999972, -28.019656199999925 ], [ -48.611829599999965, -28.019650399999929 ], [ -48.61182569999994, -28.019644799999973 ], [ -48.611823399999942, -28.019642099999935 ], [ -48.611821599999985, -28.019640299999924 ], [ -48.61181769999996, -28.01963689999997 ], [ -48.611813499999982, -28.019634 ], [ -48.61181049999994, -28.019632299999948 ], [ -48.611804199999931, -28.019629299999966 ], [ -48.611789099999953, -28.019623099999929 ], [ -48.611781599999972, -28.019620299999918 ], [ -48.61177, -28.019616599999953 ], [ -48.611731199999959, -28.019605799999965 ], [ -48.611689099999985, -28.019592799999934 ], [ -48.611674799999939, -28.019588199999934 ], [ -48.611667699999941, -28.019585699999936 ], [ -48.611657199999961, -28.019581699999943 ], [ -48.611654199999982, -28.019580399999931 ], [ -48.611648499999944, -28.01957739999995 ], [ -48.611643299999969, -28.019573699999967 ], [ -48.611640099999931, -28.019571 ], [ -48.611638, -28.019569199999971 ], [ -48.611634299999942, -28.019565199999931 ], [ -48.611603599999967, -28.01952979999993 ], [ -48.611589399999957, -28.019511599999916 ], [ -48.61158839999996, -28.019510199999953 ], [ -48.611586599999953, -28.019507299999926 ], [ -48.611585199999979, -28.019504199999972 ], [ -48.611582799999958, -28.01949779999995 ], [ -48.611580899999986, -28.019492899999928 ], [ -48.611579799999951, -28.019490599999983 ], [ -48.611573699999944, -28.019479199999978 ], [ -48.611570199999967, -28.019473599999973 ], [ -48.61156619999997, -28.019468199999942 ], [ -48.611563899999965, -28.019465499999974 ], [ -48.611560399999981, -28.019462 ], [ -48.611558599999974, -28.019460299999931 ], [ -48.611555599999974, -28.01945789999996 ], [ -48.611551, -28.019454799999949 ], [ -48.611546, -28.019452199999922 ], [ -48.611543499999982, -28.019451099999959 ], [ -48.611538099999969, -28.019449399999928 ], [ -48.61153539999998, -28.01944879999996 ], [ -48.611531299999967, -28.019448199999943 ], [ -48.611494199999981, -28.019445099999921 ], [ -48.61145259999995, -28.019441599999936 ], [ -48.61144969999998, -28.019441199999957 ], [ -48.611447799999944, -28.019440799999984 ], [ -48.611444099999972, -28.019439599999941 ], [ -48.611442299999965, -28.019438899999951 ], [ -48.611438799999981, -28.019437299999936 ], [ -48.611435399999955, -28.019435299999927 ], [ -48.611433199999965, -28.019433799999941 ], [ -48.61142909999996, -28.019430599999954 ], [ -48.611426099999953, -28.019427899999979 ], [ -48.611420599999974, -28.019422399999939 ], [ -48.611415499999964, -28.019416699999965 ], [ -48.611412299999984, -28.019412899999953 ], [ -48.611406199999976, -28.019404899999984 ], [ -48.611400299999964, -28.019396499999978 ], [ -48.61138939999995, -28.019379199999939 ], [ -48.611383599999961, -28.019370699999961 ], [ -48.611380499999939, -28.019366599999955 ], [ -48.6113764, -28.019361699999937 ], [ -48.611373599999986, -28.019358599999968 ], [ -48.611367799999982, -28.019352499999961 ], [ -48.611364799999933, -28.019349599999941 ], [ -48.611358499999945, -28.01934389999996 ], [ -48.611351899999931, -28.019338499999957 ], [ -48.611347299999977, -28.019335 ], [ -48.611337699999986, -28.019328399999939 ], [ -48.611333599999966, -28.01932579999993 ], [ -48.611325199999953, -28.019321 ], [ -48.611316599999952, -28.019316799999952 ], [ -48.611310799999963, -28.019314299999966 ], [ -48.611306799999973, -28.019312599999981 ], [ -48.611298599999934, -28.019309699999951 ], [ -48.611284599999976, -28.019305 ], [ -48.611277599999944, -28.019302899999946 ], [ -48.611267, -28.019300099999946 ], [ -48.611256199999957, -28.019297899999977 ], [ -48.611250699999971, -28.019297199999979 ], [ -48.611227799999938, -28.019294599999967 ], [ -48.611216299999974, -28.01929349999995 ], [ -48.611199099999972, -28.019292 ], [ -48.61113869999997, -28.019287399999936 ], [ -48.611075699999958, -28.019283499999961 ], [ -48.611068399999965, -28.01928289999994 ], [ -48.611054, -28.019281499999966 ], [ -48.611039499999947, -28.019279699999974 ], [ -48.611010799999974, -28.019275399999959 ], [ -48.610994199999944, -28.019272499999936 ], [ -48.610983199999964, -28.019270299999956 ], [ -48.610961399999951, -28.019265199999953 ], [ -48.610950199999941, -28.019262099999938 ], [ -48.610927899999979, -28.019255099999949 ], [ -48.610911099999953, -28.019250099999962 ], [ -48.610904599999969, -28.019248399999981 ], [ -48.61089139999995, -28.019245199999933 ], [ -48.610878099999979, -28.019242399999932 ], [ -48.610869199999975, -28.019240699999965 ], [ -48.610856, -28.019238399999939 ], [ -48.610851399999952, -28.019237599999943 ], [ -48.610846699999975, -28.019236899999967 ], [ -48.610837099999976, -28.019235899999948 ], [ -48.610827399999948, -28.019235599999945 ], [ -48.610823099999948, -28.019235699999964 ], [ -48.610814499999947, -28.019236199999966 ], [ -48.610808099999979, -28.019236799999934 ], [ -48.610803, -28.01923749999996 ], [ -48.610793099999967, -28.019239399999943 ], [ -48.61078329999998, -28.019241899999933 ], [ -48.610778199999977, -28.019243399999933 ], [ -48.61077679999994, -28.019243799999966 ], [ -48.610764, -28.01924819999995 ], [ -48.610748099999967, -28.019254399999962 ], [ -48.610740299999982, -28.019257699999965 ], [ -48.610729, -28.019263 ], [ -48.610718, -28.019268899999929 ], [ -48.610712599999943, -28.019272099999959 ], [ -48.610703, -28.019278399999955 ], [ -48.610684399999968, -28.019291499999948 ], [ -48.610670299999981, -28.019301199999965 ], [ -48.610653499999962, -28.019312399999919 ], [ -48.610644899999954, -28.019317799999943 ], [ -48.610635899999977, -28.019322699999986 ], [ -48.610631299999966, -28.019324899999955 ], [ -48.610626899999943, -28.019326699999954 ], [ -48.610618099999961, -28.01933 ], [ -48.610609099999984, -28.019332799999965 ], [ -48.610590899999977, -28.019337899999986 ], [ -48.610579199999968, -28.019341199999921 ], [ -48.610555799999986, -28.019347299999932 ], [ -48.610538399999939, -28.01935229999998 ], [ -48.610532199999959, -28.019354199999952 ], [ -48.610520099999974, -28.019358399999916 ], [ -48.61050809999994, -28.019363 ], [ -48.610500299999963, -28.019366299999938 ], [ -48.610484699999972, -28.019373199999972 ], [ -48.610468099999935, -28.019381199999945 ], [ -48.61045989999996, -28.019385299999954 ], [ -48.610447899999933, -28.01939179999993 ], [ -48.610436099999959, -28.019398699999957 ], [ -48.6104304, -28.019402399999944 ], [ -48.610412499999939, -28.019414099999938 ], [ -48.610377199999959, -28.019438 ], [ -48.610367599999961, -28.019444599999925 ], [ -48.610348499999986, -28.019458099999945 ], [ -48.610334, -28.01946809999998 ], [ -48.610325299999943, -28.019473599999973 ], [ -48.610319299999965, -28.019477099999961 ], [ -48.610307, -28.019483499999975 ], [ -48.610300699999982, -28.019486599999937 ], [ -48.610287899999946, -28.019492199999945 ], [ -48.610274799999964, -28.01949749999995 ], [ -48.610266, -28.019500799999939 ], [ -48.610248199999944, -28.019507199999957 ], [ -48.610227899999977, -28.019513899999943 ], [ -48.610217699999964, -28.019517099999966 ], [ -48.610202299999969, -28.019521499999946 ], [ -48.610186799999944, -28.019525599999945 ], [ -48.610179, -28.019527499999985 ], [ -48.610152599999935, -28.019533199999952 ], [ -48.610141499999941, -28.019535399999953 ], [ -48.610134899999942, -28.019536699999943 ], [ -48.610123099999953, -28.019538899999937 ], [ -48.610099299999938, -28.019543099999968 ], [ -48.610091699999934, -28.019544199999938 ], [ -48.610076699999979, -28.019546199999972 ], [ -48.610061599999938, -28.019547799999941 ], [ -48.610031399999968, -28.019550199999959 ], [ -48.610022099999988, -28.019550699999968 ], [ -48.610017399999947, -28.019550699999964 ], [ -48.610010299999949, -28.019550499999976 ], [ -48.61000329999996, -28.019549799999922 ], [ -48.609999699999953, -28.019549299999937 ], [ -48.609992699999971, -28.019547899999957 ], [ -48.609989199999973, -28.019547 ], [ -48.609984, -28.019545299999937 ], [ -48.60997889999993, -28.019543299999963 ], [ -48.6099756, -28.019541799999953 ], [ -48.609969699999965, -28.019538699999945 ], [ -48.609966399999962, -28.019536799999969 ], [ -48.609960699999931, -28.019533 ], [ -48.609955199999945, -28.019528899999948 ], [ -48.609951699999961, -28.01952609999995 ], [ -48.609944799999944, -28.019520099999969 ], [ -48.60992379999994, -28.01950039999997 ], [ -48.60991359999997, -28.019490499999957 ], [ -48.609898699999974, -28.019475399999966 ], [ -48.609884299999976, -28.019459899999948 ], [ -48.609877199999971, -28.019451899999979 ], [ -48.609864199999947, -28.019436699999972 ], [ -48.609856, -28.019426399999919 ], [ -48.609850599999959, -28.019419399999951 ], [ -48.609840099999985, -28.019405099999965 ], [ -48.609833899999963, -28.019396099999938 ], [ -48.609831, -28.019391599999945 ], [ -48.60982689999998, -28.019384699999925 ], [ -48.609823199999944, -28.019377599999935 ], [ -48.609821499999953, -28.019374 ], [ -48.609818799999971, -28.019366699999981 ], [ -48.609817699999951, -28.019362899999976 ], [ -48.60981639999995, -28.019357199999948 ], [ -48.609815899999951, -28.019353699999954 ], [ -48.609815399999945, -28.019346799999937 ], [ -48.609815399999945, -28.019339899999981 ], [ -48.609816099999939, -28.019326 ], [ -48.609816299999977, -28.019315599999956 ], [ -48.609815899999951, -28.019310399999945 ], [ -48.609812899999959, -28.019280899999956 ], [ -48.609811099999945, -28.019266199999954 ], [ -48.609808799999946, -28.019251499999946 ], [ -48.60980729999995, -28.019244199999942 ], [ -48.609803599999964, -28.019229099999954 ], [ -48.609795099999985, -28.019199299999958 ], [ -48.60979089999995, -28.019184299999957 ], [ -48.609789099999944, -28.019176799999961 ], [ -48.609784099999956, -28.019154099999977 ], [ -48.609781099999964, -28.019139 ], [ -48.609775799999966, -28.019108599999978 ], [ -48.609773399999945, -28.019092399999977 ], [ -48.60977239999994, -28.019084199999948 ], [ -48.609771299999977, -28.019072 ], [ -48.609770699999949, -28.01905979999998 ], [ -48.609770599999941, -28.019053699999979 ], [ -48.609771, -28.019041499999954 ], [ -48.609771399999943, -28.019035499999969 ], [ -48.609772399999933, -28.019026399999969 ], [ -48.609774899999934, -28.019010799999929 ], [ -48.60977679999997, -28.019000399999971 ], [ -48.6097812, -28.018979699999925 ], [ -48.609783699999987, -28.0189693 ], [ -48.609789099999951, -28.018948699999953 ], [ -48.609790499999974, -28.018944199999972 ], [ -48.6097951, -28.018928199999937 ], [ -48.6097994, -28.018914499999937 ], [ -48.609808299999941, -28.018887399999983 ], [ -48.609814299999982, -28.018870499999942 ], [ -48.609826799999958, -28.018837099999917 ], [ -48.609832799999936, -28.018820299999962 ], [ -48.60983559999994, -28.01881179999998 ], [ -48.609845799999967, -28.018779 ], [ -48.609850399999971, -28.018762499999966 ], [ -48.609854599999949, -28.018745899999946 ], [ -48.609856399999963, -28.018737499999936 ], [ -48.609862899999946, -28.018705399999931 ], [ -48.609874899999973, -28.018641199999937 ], [ -48.609884399999942, -28.018590299999968 ], [ -48.609888799999965, -28.018564899999937 ], [ -48.609892699999925, -28.018539499999974 ], [ -48.609894499999946, -28.018526799999961 ], [ -48.609895399999978, -28.018517199999959 ], [ -48.609895599999966, -28.018510799999952 ], [ -48.609895399999971, -28.018498 ], [ -48.609895, -28.018491499999978 ], [ -48.609893599999964, -28.018478699999939 ], [ -48.609891699999942, -28.018465799999944 ], [ -48.609889399999986, -28.018453099999935 ], [ -48.609887099999973, -28.018440299999956 ], [ -48.609873199999981, -28.018367699999942 ], [ -48.609860899999944, -28.018303499999949 ], [ -48.609859799999988, -28.018296699999958 ], [ -48.609859299999982, -28.018292199999973 ], [ -48.609858699999961, -28.018283099999966 ], [ -48.609858399999958, -28.018273899999929 ], [ -48.609858499999973, -28.018255599999971 ], [ -48.609858399999951, -28.018241799999934 ], [ -48.609857899999952, -28.018205599999927 ], [ -48.609858, -28.018133099999947 ], [ -48.609857699999964, -28.018096899999936 ], [ -48.609857299999931, -28.018078699999936 ], [ -48.609857, -28.018072199999949 ], [ -48.609856599999944, -28.018067899999949 ], [ -48.609855399999958, -28.018059299999948 ], [ -48.609854599999956, -28.018055 ], [ -48.609852799999942, -28.018046499999961 ], [ -48.609850599999959, -28.01803789999996 ], [ -48.609848899999974, -28.018032299999952 ], [ -48.609845199999931, -28.018021 ], [ -48.609841599999974, -28.01801119999994 ], [ -48.609839599999937, -28.018006499999959 ], [ -48.6098363, -28.017999399999951 ], [ -48.609830699999982, -28.017989199999935 ], [ -48.609826599999963, -28.017982499999967 ], [ -48.60982439999998, -28.017979199999949 ], [ -48.609820899999939, -28.017974399999947 ], [ -48.609811799999932, -28.017962799999971 ], [ -48.609805499999936, -28.017955299999983 ], [ -48.609792299999981, -28.017940599999964 ], [ -48.60978479999995, -28.017933 ], [ -48.609769299999982, -28.017918099999974 ], [ -48.609761899999967, -28.017910399999955 ], [ -48.60975829999996, -28.017906399999962 ], [ -48.609754199999948, -28.017901399999968 ], [ -48.609746399999949, -28.017891299999974 ], [ -48.609738899999968, -28.01788089999997 ], [ -48.609724299999975, -28.017859899999959 ], [ -48.609710799999959, -28.017839899999949 ], [ -48.609704299999976, -28.017829799999962 ], [ -48.609698399999964, -28.017819399999958 ], [ -48.609695599999959, -28.017814099999956 ], [ -48.609692799999955, -28.017808199999926 ], [ -48.609687699999938, -28.01779619999996 ], [ -48.609683099999984, -28.017784099999975 ], [ -48.609675099999954, -28.017759499999947 ], [ -48.609665299999968, -28.01772809999995 ], [ -48.609660699999942, -28.017712299999971 ], [ -48.609656499999979, -28.017696499999939 ], [ -48.609654499999984, -28.017688599999936 ], [ -48.609651399999962, -28.017674799999948 ], [ -48.609645699999938, -28.017647099999984 ], [ -48.6096424, -28.017628499999944 ], [ -48.609636, -28.017591399999947 ], [ -48.60963129999994, -28.017563599999963 ], [ -48.609626, -28.017535799999965 ], [ -48.609623099999965, -28.017522 ], [ -48.609618299999973, -28.017501299999925 ], [ -48.609610299999986, -28.01747 ], [ -48.609606, -28.017454399999959 ], [ -48.609599399999979, -28.01743109999995 ], [ -48.609585299999935, -28.017383799999944 ], [ -48.609577899999977, -28.017360199999924 ], [ -48.609566899999948, -28.017327199999954 ], [ -48.609559199999978, -28.017305299999975 ], [ -48.609543199999962, -28.01726169999996 ], [ -48.609535799999946, -28.017242299999957 ], [ -48.609530699999937, -28.017229499999925 ], [ -48.609520199999963, -28.017203899999959 ], [ -48.609509399999986, -28.017178299999955 ], [ -48.609487199999933, -28.017127499999958 ], [ -48.609470599999959, -28.017089399999971 ], [ -48.60945449999997, -28.017051099999943 ], [ -48.609446699999971, -28.017031799999987 ], [ -48.609435499999961, -28.017002899999973 ], [ -48.609429299999931, -28.016985 ], [ -48.609425499999986, -28.016973 ], [ -48.609418299999966, -28.016948899999921 ], [ -48.609412699999957, -28.016930899999981 ], [ -48.609409699999965, -28.016921899999936 ], [ -48.609402599999953, -28.016902099999978 ], [ -48.609398899999974, -28.016892199999962 ], [ -48.609393, -28.016877499999961 ], [ -48.609386699999959, -28.016863 ], [ -48.609383299999941, -28.016855699999944 ], [ -48.609379799999942, -28.016848499999977 ], [ -48.609372199999939, -28.016834399999933 ], [ -48.609363899999948, -28.016820699999982 ], [ -48.609360899999963, -28.016816199999944 ], [ -48.609358, -28.016811699999945 ], [ -48.609353899999981, -28.016805799999918 ], [ -48.609345399999945, -28.016794199999932 ], [ -48.609341899999947, -28.016789599999985 ], [ -48.609334599999954, -28.016780599999944 ], [ -48.609312, -28.016754299999935 ], [ -48.609301199999948, -28.016740899999938 ], [ -48.609296099999945, -28.016734 ], [ -48.609252899999937, -28.016672299999986 ], [ -48.609241, -28.016655599999972 ], [ -48.609216899999979, -28.016622199999979 ], [ -48.609212599999985, -28.016616599999953 ], [ -48.609209599999978, -28.016613 ], [ -48.609203399999963, -28.016606099999926 ], [ -48.609200099999953, -28.016602699999961 ], [ -48.609193199999943, -28.016596199999974 ], [ -48.609185899999936, -28.016589799999966 ], [ -48.609180899999956, -28.016585599999935 ], [ -48.60917029999996, -28.016577299999927 ], [ -48.609159, -28.01656909999997 ], [ -48.60915319999998, -28.016565199999956 ], [ -48.609144299999976, -28.016559799999982 ], [ -48.609135299999934, -28.016554699999975 ], [ -48.60913069999998, -28.016552399999973 ], [ -48.609121399999943, -28.016548 ], [ -48.609116699999952, -28.016546 ], [ -48.609109599999954, -28.016543199999937 ], [ -48.609099899999933, -28.01654 ], [ -48.609095099999934, -28.01653849999996 ], [ -48.609087699999968, -28.016536699999961 ], [ -48.609076499999965, -28.016534399999955 ], [ -48.609071399999948, -28.016533799999912 ], [ -48.609067899999964, -28.016533599999939 ], [ -48.609060899999974, -28.016533599999935 ], [ -48.609057399999983, -28.01653379999993 ], [ -48.609050299999979, -28.016534599999929 ], [ -48.609043199999981, -28.016535899999948 ], [ -48.60903849999994, -28.016536799999979 ], [ -48.609029199999952, -28.016539099999921 ], [ -48.609025899999956, -28.01654 ], [ -48.609018299999953, -28.016542099999977 ], [ -48.609012599999971, -28.016543899999931 ], [ -48.609004699999964, -28.016546899999973 ], [ -48.60899959999994, -28.016549399999974 ], [ -48.608997199999983, -28.01655089999996 ], [ -48.608993499999947, -28.016553299999931 ], [ -48.608989499999957, -28.01655629999993 ], [ -48.608987, -28.016558399999944 ], [ -48.608982199999957, -28.016562599999915 ], [ -48.60898, -28.016564799999959 ], [ -48.608975799999932, -28.016569299999954 ], [ -48.608972, -28.016574099999954 ], [ -48.608969699999932, -28.01657739999996 ], [ -48.608965499999954, -28.016584199999954 ], [ -48.608942599999985, -28.016626599999942 ], [ -48.608918599999981, -28.016669799999935 ], [ -48.608916899999947, -28.016672599999932 ], [ -48.6089133, -28.016678199999941 ], [ -48.608909399999966, -28.016683499999949 ], [ -48.608900899999981, -28.016694099999928 ], [ -48.608897, -28.016698899999938 ], [ -48.608894899999939, -28.016700899999936 ], [ -48.608893099999932, -28.016701699999935 ], [ -48.608891799999981, -28.016701599999973 ], [ -48.608891, -28.016700399999937 ], [ -48.608891199999967, -28.016697 ], [ -48.60889259999994, -28.016690799999925 ], [ -48.6088946, -28.016684599999955 ], [ -48.60889949999995, -28.016672499999963 ], [ -48.608903699999985, -28.016662899999968 ], [ -48.60891259999994, -28.016644 ], [ -48.608916699999952, -28.016634399999933 ], [ -48.608918599999981, -28.016629499999958 ], [ -48.608920299999966, -28.01662459999995 ], [ -48.608923099999977, -28.016614899999979 ], [ -48.608925199999923, -28.016605099999946 ], [ -48.608926299999958, -28.016598599999959 ], [ -48.608927699999981, -28.016585499999969 ], [ -48.608928, -28.016581099999932 ], [ -48.608928, -28.016572099999966 ], [ -48.608927299999941, -28.016563199999954 ], [ -48.608926599999954, -28.016557199999959 ], [ -48.608924399999985, -28.016545199999936 ], [ -48.608923499999946, -28.016541299999975 ], [ -48.608921299999963, -28.01653349999998 ], [ -48.608918599999988, -28.016525899999984 ], [ -48.608916599999986, -28.016520899999932 ], [ -48.60891179999993, -28.016510899999957 ], [ -48.60890569999998, -28.016499799999963 ], [ -48.608902299999954, -28.016494399999942 ], [ -48.608898499999952, -28.016489299999929 ], [ -48.608896499999965, -28.016486899999958 ], [ -48.608892099999935, -28.016482299999957 ], [ -48.60888969999997, -28.016480099999971 ], [ -48.608885799999939, -28.016477099999978 ], [ -48.608874399999941, -28.016469699999959 ], [ -48.608866699999965, -28.016465099999952 ], [ -48.608865199999968, -28.016464199999973 ], [ -48.608851199999947, -28.016456099999974 ], [ -48.608839599999953, -28.016449299999977 ], [ -48.608833899999979, -28.016445699999974 ], [ -48.608817299999941, -28.016435399999981 ], [ -48.608809199999939, -28.01643 ], [ -48.608801299999975, -28.016424299999979 ], [ -48.608797499999973, -28.016421199999971 ], [ -48.608795599999951, -28.016419499999984 ], [ -48.608794499999931, -28.016418199999968 ], [ -48.608792499999936, -28.016415599999959 ], [ -48.60879019999993, -28.016411299999952 ], [ -48.608786499999951, -28.016402099999929 ], [ -48.608783599999981, -28.016395199999973 ], [ -48.608781699999945, -28.016391899999967 ], [ -48.608775399999956, -28.016382699999951 ], [ -48.608772, -28.016378299999925 ], [ -48.608766599999967, -28.016371899999957 ], [ -48.608760699999948, -28.016366 ], [ -48.608757599999933, -28.016363199999926 ], [ -48.608755399999943, -28.016361899999936 ], [ -48.608753199999967, -28.016361099999987 ], [ -48.60875, -28.016360599999928 ], [ -48.608746099999962, -28.016360699999943 ], [ -48.608744299999955, -28.016360899999938 ], [ -48.608740799999964, -28.01636179999997 ], [ -48.608738299999963, -28.016362699999942 ], [ -48.608735099999933, -28.016364599999978 ], [ -48.608733799999975, -28.016365699999941 ], [ -48.608724399999971, -28.016375099999944 ], [ -48.60871979999996, -28.016379799999978 ], [ -48.608713099999925, -28.016387099999974 ], [ -48.608694599999978, -28.016407599999983 ], [ -48.608685599999944, -28.016418 ], [ -48.608682699999981, -28.016421599999941 ], [ -48.608677199999931, -28.016428899999934 ], [ -48.608672199999944, -28.016436399999979 ], [ -48.608669, -28.016441599999954 ], [ -48.608663, -28.016452099999988 ], [ -48.608661199999965, -28.016455599999983 ], [ -48.608658199999986, -28.016462599999961 ], [ -48.608655699999986, -28.016469699999959 ], [ -48.608651399999985, -28.016484 ], [ -48.608650799999971, -28.016486299999951 ], [ -48.60865, -28.016491 ], [ -48.608649699999951, -28.016495699999933 ], [ -48.608649699999937, -28.016498799999958 ], [ -48.608650299999965, -28.016505499999937 ], [ -48.608651099999982, -28.016508399999967 ], [ -48.608652199999945, -28.016510599999943 ], [ -48.608653199999935, -28.016512 ], [ -48.608655399999975, -28.016514699999956 ], [ -48.608659699999983, -28.016518499999965 ], [ -48.608662899999963, -28.016520899999932 ], [ -48.608669699999957, -28.016525599999969 ], [ -48.608677299999954, -28.016530699999969 ], [ -48.608681699999977, -28.016534199999967 ], [ -48.608683599999956, -28.016536 ], [ -48.608685799999932, -28.016538899999937 ], [ -48.608687299999985, -28.016541899999932 ], [ -48.608687699999962, -28.016543499999951 ], [ -48.608687799999984, -28.016546399999982 ], [ -48.608687699999962, -28.016547899999978 ], [ -48.608687299999985, -28.016550399999968 ], [ -48.608686099999943, -28.016554 ], [ -48.608684199999978, -28.016557399999957 ], [ -48.608683, -28.01655889999995 ], [ -48.608680799999945, -28.016561099999926 ], [ -48.608676, -28.016565099999983 ], [ -48.608672599999977, -28.016567499999944 ], [ -48.608665499999972, -28.016572099999959 ], [ -48.60866029999994, -28.016575499999927 ], [ -48.608655299999953, -28.016579199999974 ], [ -48.608652899999981, -28.016581199999965 ], [ -48.608649699999944, -28.016584399999946 ], [ -48.608641699999964, -28.016593499999935 ], [ -48.608638, -28.016598199999976 ], [ -48.608634499999937, -28.016603 ], [ -48.608633, -28.016605499999969 ], [ -48.608630199999936, -28.016610599999975 ], [ -48.608629, -28.016613299999957 ], [ -48.608627599999984, -28.016617399999973 ], [ -48.608626199999946, -28.016623 ], [ -48.608625399999944, -28.016626699999957 ], [ -48.608624299999981, -28.01663429999995 ], [ -48.608623399999942, -28.016645599999944 ], [ -48.608623299999977, -28.016653199999951 ], [ -48.608623599999923, -28.016668199999966 ], [ -48.608624299999967, -28.016681799999958 ], [ -48.608624899999938, -28.016688599999956 ], [ -48.608626099999981, -28.01669869999996 ], [ -48.608628, -28.016708899999966 ], [ -48.608629199999939, -28.016714 ], [ -48.608631599999974, -28.016721599999979 ], [ -48.608633, -28.016725299999969 ], [ -48.608635499999927, -28.016730699999975 ], [ -48.608638399999961, -28.016735899999961 ], [ -48.60864, -28.016738399999944 ], [ -48.608643599999944, -28.016743299999984 ], [ -48.608645599999939, -28.016745699999952 ], [ -48.608648799999969, -28.016749099999963 ], [ -48.6086509, -28.016751099999968 ], [ -48.608655299999953, -28.016754899999967 ], [ -48.608659799999941, -28.016758299999932 ], [ -48.608669099999986, -28.016765 ], [ -48.608675899999973, -28.016770099999974 ], [ -48.608679199999983, -28.016772799999949 ], [ -48.608693899999942, -28.016785499999962 ], [ -48.608700799999951, -28.016792199999948 ], [ -48.608705199999982, -28.016797099999959 ], [ -48.608707199999969, -28.016799699999979 ], [ -48.608710199999962, -28.016803899999957 ], [ -48.608712299999979, -28.016807399999948 ], [ -48.608713399999942, -28.01680969999995 ], [ -48.608715199999949, -28.016814499999953 ], [ -48.60871579999997, -28.016816899999981 ], [ -48.608716699999952, -28.016821699999987 ], [ -48.608717199999951, -28.016826499999969 ], [ -48.608717599999977, -28.016836199999936 ], [ -48.608717599999977, -28.016845899999964 ], [ -48.608717299999967, -28.016850799999922 ], [ -48.608716399999935, -28.016858099999979 ], [ -48.608715299999972, -28.016863 ], [ -48.608714599999985, -28.016865399999968 ], [ -48.608713399999942, -28.016869 ], [ -48.608712199999957, -28.016871799999926 ], [ -48.608709699999963, -28.016877099999935 ], [ -48.608706799999936, -28.016882199999944 ], [ -48.608704699999976, -28.01688559999997 ], [ -48.60870019999993, -28.016892199999972 ], [ -48.608695199999943, -28.016899 ], [ -48.608692599999983, -28.01690219999994 ], [ -48.608688399999956, -28.016906899999977 ], [ -48.608683899999953, -28.016911399999977 ], [ -48.608681499999939, -28.016913599999953 ], [ -48.608675399999989, -28.016918799999928 ], [ -48.608671199999947, -28.016922099999931 ], [ -48.60866249999998, -28.016928199999938 ], [ -48.60865809999995, -28.016931099999962 ], [ -48.608649, -28.016936399999956 ], [ -48.608639499999988, -28.016941299999925 ], [ -48.608632899999982, -28.016944399999936 ], [ -48.608619199999957, -28.01695019999994 ], [ -48.608608899999979, -28.016953899999976 ], [ -48.608603599999981, -28.016955499999931 ], [ -48.608595799999925, -28.016957299999955 ], [ -48.608590399999969, -28.016958 ], [ -48.608587799999952, -28.016958199999973 ], [ -48.60858369999994, -28.016958299999942 ], [ -48.608570399999962, -28.016957699999981 ], [ -48.608561399999985, -28.016957199999968 ], [ -48.608543599999962, -28.016955599999964 ], [ -48.608534699999943, -28.016954599999956 ], [ -48.608516799999968, -28.016952199999935 ], [ -48.608503399999961, -28.016950699999928 ], [ -48.608496599999967, -28.016950299999962 ], [ -48.608493099999983, -28.016950299999952 ], [ -48.608487899999943, -28.01695049999994 ], [ -48.608480199999981, -28.016951299999953 ], [ -48.608472399999982, -28.016952799999963 ], [ -48.608468499999958, -28.016953799999946 ], [ -48.608464399999953, -28.016955 ], [ -48.608456699999977, -28.016957799999943 ], [ -48.608449399999984, -28.016961099999946 ], [ -48.6084446, -28.016963499999967 ], [ -48.608435299999947, -28.016968699999957 ], [ -48.608432599999965, -28.016970299999972 ], [ -48.608427499999948, -28.016973699999934 ], [ -48.60841279999994, -28.016984699999966 ], [ -48.608405099999977, -28.016989699999947 ], [ -48.608401, -28.016992 ], [ -48.60839169999997, -28.01699629999996 ], [ -48.608385299999959, -28.016998799999946 ], [ -48.608372299999985, -28.017003099999943 ], [ -48.608364699999981, -28.017005099999935 ], [ -48.608349399999945, -28.017008 ], [ -48.608341799999948, -28.017009799999972 ], [ -48.608338099999976, -28.017010899999953 ], [ -48.608330399999943, -28.017013799999965 ], [ -48.608326599999941, -28.017015399999934 ], [ -48.608321, -28.017017899999932 ], [ -48.608312899999923, -28.017022 ], [ -48.608305099999932, -28.017026699999978 ], [ -48.608301399999966, -28.01702929999993 ], [ -48.608292699999936, -28.017035799999977 ], [ -48.608275899999974, -28.01704919999997 ], [ -48.608263099999931, -28.017058899999935 ], [ -48.608240599999931, -28.017075 ], [ -48.608229199999982, -28.017082899999934 ], [ -48.608211899999958, -28.017094599999954 ], [ -48.608202199999944, -28.017100499999966 ], [ -48.608182399999983, -28.017111499999956 ], [ -48.608167499999986, -28.01712 ], [ -48.608158399999986, -28.017125899999936 ], [ -48.608154099999972, -28.017129199999946 ], [ -48.608147899999949, -28.017134599999952 ], [ -48.608145699999973, -28.017136899999969 ], [ -48.608141699999976, -28.017141699999957 ], [ -48.60813909999996, -28.01714549999997 ], [ -48.608135799999957, -28.017151399999932 ], [ -48.608133299999963, -28.017157599999955 ], [ -48.608132399999931, -28.017160799999935 ], [ -48.608121799999935, -28.017202399999981 ], [ -48.608111899999983, -28.017241599999977 ], [ -48.608110199999942, -28.017249899999957 ], [ -48.608109499999962, -28.01725549999998 ], [ -48.608109199999937, -28.017259199999945 ], [ -48.608108899999941, -28.017266599999978 ], [ -48.608109, -28.017272299999949 ], [ -48.608109599999977, -28.017283499999962 ], [ -48.608110799999963, -28.017294899999964 ], [ -48.608114, -28.017317599999966 ], [ -48.608116199999984, -28.01733459999997 ], [ -48.60811689999997, -28.017343099999952 ], [ -48.608117299999954, -28.0173516 ], [ -48.608117299999954, -28.017355799999962 ], [ -48.60811659999996, -28.017398899999932 ], [ -48.608116, -28.017415399999948 ], [ -48.608115599999962, -28.017423699999945 ], [ -48.608114499999942, -28.017436099999944 ], [ -48.608113899999978, -28.017441 ], [ -48.608113299999957, -28.017444199999929 ], [ -48.608111699999938, -28.017450599999954 ], [ -48.608108799999968, -28.017460099999937 ], [ -48.608102, -28.017479 ], [ -48.608098199999972, -28.017489499999954 ], [ -48.608096099999955, -28.017494699999922 ], [ -48.608092599999971, -28.017502399999955 ], [ -48.608088499999951, -28.01750989999994 ], [ -48.608086199999946, -28.017513599999965 ], [ -48.608083799999974, -28.017517099999967 ], [ -48.608078599999942, -28.017523599999944 ], [ -48.608073099999956, -28.017529899999943 ], [ -48.608069099999966, -28.01753389999994 ], [ -48.608060899999941, -28.017541599999952 ], [ -48.608022599999977, -28.017574699999965 ], [ -48.608003899999972, -28.017591599999946 ], [ -48.607994699999949, -28.017600199999933 ], [ -48.6079812, -28.017613399999963 ], [ -48.607977399999989, -28.017617499999965 ], [ -48.607974899999931, -28.017620299999965 ], [ -48.607970299999977, -28.017626099999969 ], [ -48.607963899999966, -28.017635099999953 ], [ -48.60796, -28.017641299999969 ], [ -48.607952499999953, -28.017653899999967 ], [ -48.607946399999939, -28.017665399999935 ], [ -48.607942599999937, -28.017673099999968 ], [ -48.607935399999974, -28.017688699999965 ], [ -48.607933099999968, -28.017694399999986 ], [ -48.607929399999939, -28.017706 ], [ -48.607927299999972, -28.017711799999969 ], [ -48.6079261, -28.017714599999984 ], [ -48.607923199999966, -28.017720099999963 ], [ -48.607921699999963, -28.017722799999945 ], [ -48.60791909999994, -28.017726699999962 ], [ -48.607914699999988, -28.017732299999981 ], [ -48.607909699999944, -28.01773739999993 ], [ -48.607906899999932, -28.017739899999984 ], [ -48.607896699999969, -28.017748399999959 ], [ -48.60788969999993, -28.017753899999946 ], [ -48.607875799999938, -28.01776459999996 ], [ -48.6078687, -28.017769899999951 ], [ -48.607854399999958, -28.017780099999975 ], [ -48.60784, -28.01779 ], [ -48.60783019999996, -28.017796499999967 ], [ -48.607810299999983, -28.017809299999954 ], [ -48.607795399999986, -28.017818499999979 ], [ -48.607788, -28.017823 ], [ -48.60777649999995, -28.017829499999941 ], [ -48.607763199999965, -28.017836599999956 ], [ -48.607756399999978, -28.017839899999956 ], [ -48.607746099999986, -28.017844699999955 ], [ -48.60773549999994, -28.017848799999964 ], [ -48.60773, -28.017850599999971 ], [ -48.607721499999975, -28.017853 ], [ -48.607704299999973, -28.017857399999972 ], [ -48.607691399999972, -28.017860799999944 ], [ -48.607656599999984, -28.017871299999978 ], [ -48.607647499999977, -28.017873799999965 ], [ -48.607642899999981, -28.0178749 ], [ -48.607636, -28.017876299999958 ], [ -48.607629, -28.017877299999945 ], [ -48.607625599999949, -28.01787759999997 ], [ -48.607622299999946, -28.017877699999939 ], [ -48.607615899999985, -28.017877399999971 ], [ -48.607609399999937, -28.017876399999981 ], [ -48.607596499999943, -28.017873399999932 ], [ -48.607591, -28.017871899999925 ], [ -48.60758009999995, -28.017868399999941 ], [ -48.607571899999989, -28.017865899999965 ], [ -48.607564799999977, -28.017864299999925 ], [ -48.607561099999941, -28.017863599999941 ], [ -48.607555599999955, -28.017863 ], [ -48.607550099999976, -28.017863 ], [ -48.60754739999993, -28.017863199999972 ], [ -48.607545099999982, -28.017863599999924 ], [ -48.607543699999951, -28.017864 ], [ -48.607541, -28.017865199999953 ], [ -48.607537199999967, -28.017867599999921 ], [ -48.607534799999932, -28.017869599999987 ], [ -48.60753039999998, -28.0178744 ], [ -48.607527399999981, -28.01787829999995 ], [ -48.607526199999946, -28.017880299999945 ], [ -48.607524799999965, -28.01788339999996 ], [ -48.607523799999967, -28.017886499999982 ], [ -48.607523499999957, -28.017888 ], [ -48.607523299999968, -28.017891099999922 ], [ -48.607523299999976, -28.017892599999975 ], [ -48.607523699999945, -28.017894799999965 ], [ -48.6075264, -28.017905 ], [ -48.607528, -28.017910199999964 ], [ -48.607530799999957, -28.017918 ], [ -48.60753409999996, -28.017925699999982 ], [ -48.607535899999959, -28.017929599999949 ], [ -48.607539799999984, -28.017937199999949 ], [ -48.607541899999944, -28.017941 ], [ -48.607545299999977, -28.017946599999956 ], [ -48.607550299999957, -28.017954 ], [ -48.607552899999973, -28.017957599999924 ], [ -48.607557099999951, -28.017962899999926 ], [ -48.60756379999998, -28.017970699999978 ], [ -48.60756669999995, -28.01797369999997 ], [ -48.607572499999954, -28.017979299999979 ], [ -48.607578499999931, -28.01798459999997 ], [ -48.60759059999998, -28.017994699999974 ], [ -48.607599599999965, -28.018002699999943 ], [ -48.607604, -28.018007 ], [ -48.607616599999979, -28.018019499999973 ], [ -48.607622299999946, -28.018025699999949 ], [ -48.607625599999949, -28.018029799999969 ], [ -48.607627099999945, -28.018031899999986 ], [ -48.607629099999947, -28.018035399999974 ], [ -48.607629499999973, -28.018037099999951 ], [ -48.60762909999994, -28.018039 ], [ -48.607627799999932, -28.018041199999971 ], [ -48.607626499999981, -28.018042599999955 ], [ -48.607623299999943, -28.0180453 ], [ -48.60762079999995, -28.01804709999994 ], [ -48.607615399999986, -28.018050699999954 ], [ -48.607611299999974, -28.018053399999932 ], [ -48.607608799999987, -28.018055 ], [ -48.607607099999939, -28.018055799999949 ], [ -48.60760369999997, -28.018057099999965 ], [ -48.607598699999983, -28.018058199999921 ], [ -48.607588399999941, -28.018059 ], [ -48.607585499999978, -28.018059199999986 ], [ -48.607579499999986, -28.018059099999952 ], [ -48.607561799999985, -28.018057699999918 ], [ -48.607555799999943, -28.018057499999944 ], [ -48.607552899999973, -28.018057499999937 ], [ -48.607548499999943, -28.018057899999977 ], [ -48.607541, -28.018059 ], [ -48.607537299999933, -28.018059699999974 ], [ -48.607531899999969, -28.018061 ], [ -48.607523899999933, -28.018063599999952 ], [ -48.607518599999935, -28.018065699999973 ], [ -48.607516099999941, -28.018066899999948 ], [ -48.607512299999946, -28.018069 ], [ -48.60750959999995, -28.018070599999941 ], [ -48.607504599999977, -28.018074199999948 ], [ -48.607499899999944, -28.018078 ], [ -48.607491099999947, -28.018086 ], [ -48.607484099999965, -28.018091799999986 ], [ -48.60748029999997, -28.01809459999998 ], [ -48.607477899999935, -28.018096199999949 ], [ -48.607473199999959, -28.018099799999952 ], [ -48.607469499999979, -28.018102 ], [ -48.607467099999951, -28.018103 ], [ -48.607465799999943, -28.018103299999961 ], [ -48.607463899999971, -28.018103399999973 ], [ -48.607459399999982, -28.018102799999944 ], [ -48.607456299999967, -28.018102199999923 ], [ -48.607450199999953, -28.018100199999921 ], [ -48.607444, -28.018097699999938 ], [ -48.607431599999984, -28.018091599999934 ], [ -48.6074225, -28.018087199999968 ], [ -48.607412499999953, -28.018082199999977 ], [ -48.607392799999957, -28.018071899999949 ], [ -48.607382799999989, -28.01806689999994 ], [ -48.607377699999979, -28.018064599999938 ], [ -48.607374299999947, -28.018063199999965 ], [ -48.607371899999976, -28.018062399999963 ], [ -48.607367, -28.018061099999947 ], [ -48.607362, -28.01806009999995 ], [ -48.607355199999965, -28.018059499999943 ], [ -48.607351799999947, -28.018059499999932 ], [ -48.607346799999966, -28.018059799999943 ], [ -48.607344399999924, -28.018060099999964 ], [ -48.607340199999953, -28.018060899999966 ], [ -48.607334899999955, -28.018062599999947 ], [ -48.607332299999939, -28.018063699999971 ], [ -48.607328499999937, -28.01806559999994 ], [ -48.60732669999993, -28.018066699999952 ], [ -48.607323099999981, -28.018069199999946 ], [ -48.60732139999994, -28.018070599999923 ], [ -48.607319, -28.018072899999932 ], [ -48.607316099999935, -28.018075799999952 ], [ -48.607311199999977, -28.01808159999996 ], [ -48.607307199999973, -28.01808759999993 ], [ -48.607305, -28.018091799999961 ], [ -48.607303599999966, -28.01809459999998 ], [ -48.607301099999972, -28.018100499999935 ], [ -48.60729629999998, -28.018113599999936 ], [ -48.607294199999949, -28.018120099999965 ], [ -48.607291499999974, -28.018129899999952 ], [ -48.607289299999934, -28.01813989999993 ], [ -48.607288299999936, -28.018144899999978 ], [ -48.607286299999949, -28.018157599999942 ], [ -48.607285499999932, -28.018164099999971 ], [ -48.607284599999964, -28.01817369999997 ], [ -48.607284199999988, -28.018183399999941 ], [ -48.607284099999966, -28.018188199999933 ], [ -48.607284499999935, -28.018197799999939 ], [ -48.607284899999968, -28.018202599999935 ], [ -48.60728579999995, -28.018209799999966 ], [ -48.60728679999994, -28.018215299999945 ], [ -48.60728759999995, -28.018218899999965 ], [ -48.607289599999945, -28.018226099999946 ], [ -48.607293299999981, -28.018236799999954 ], [ -48.607296, -28.01824379999994 ], [ -48.607302199999936, -28.018257699999932 ], [ -48.607303499999944, -28.018260399999974 ], [ -48.607306399999977, -28.018265799999934 ], [ -48.607309699999973, -28.018270899999937 ], [ -48.607316499999968, -28.018281099999967 ], [ -48.607321399999933, -28.018288699999964 ], [ -48.607323599999972, -28.018292599999928 ], [ -48.6073277, -28.018300399999941 ], [ -48.607329499999935, -28.018304599999958 ], [ -48.607330499999925, -28.018308799999936 ], [ -48.607330699999984, -28.018310899999967 ], [ -48.607330499999932, -28.018313499999984 ], [ -48.607330199999979, -28.018314799999914 ], [ -48.607329399999969, -28.018316599999931 ], [ -48.607327799999958, -28.018318599999933 ], [ -48.607325199999941, -28.018320599999985 ], [ -48.607323, -28.018321499999956 ], [ -48.607320099999981, -28.018322099999981 ], [ -48.607318199999952, -28.018322199999933 ], [ -48.607314299999985, -28.018322 ], [ -48.6073105, -28.018321299999968 ], [ -48.607308, -28.018320699999943 ], [ -48.607303299999963, -28.018319199999951 ], [ -48.6072971, -28.018316799999983 ], [ -48.607294, -28.018315399999956 ], [ -48.607289699999967, -28.018312899999948 ], [ -48.607284499999942, -28.018308899999965 ], [ -48.607275099999981, -28.01830039999993 ], [ -48.607270199999959, -28.018296199999956 ], [ -48.607267499999978, -28.018294199999939 ], [ -48.607258899999977, -28.018288199999969 ], [ -48.607254599999976, -28.018285399999964 ], [ -48.607247899999948, -28.018281599999966 ], [ -48.607243499999989, -28.018279499999942 ], [ -48.607241299999949, -28.018278599999974 ], [ -48.607237899999973, -28.018277499999943 ], [ -48.607235499999945, -28.018277 ], [ -48.60723379999996, -28.018277 ], [ -48.607230499999964, -28.018277599999976 ], [ -48.607228799999973, -28.018278099999971 ], [ -48.607225399999948, -28.01827969999994 ], [ -48.607221899999956, -28.018281599999966 ], [ -48.607215299999957, -28.018286399999958 ], [ -48.607213099999967, -28.018288299999941 ], [ -48.607209399999938, -28.018292099999933 ], [ -48.607206599999984, -28.018296 ], [ -48.607205, -28.018298699999946 ], [ -48.607202199999968, -28.018304499999946 ], [ -48.607201599999939, -28.01830589999998 ], [ -48.60720079999993, -28.018308799999936 ], [ -48.607200299999931, -28.018311799999939 ], [ -48.607200199999966, -28.01831379999993 ], [ -48.607200499999976, -28.018317599999939 ], [ -48.607201099999948, -28.018319699999957 ], [ -48.607201599999939, -28.018321099999984 ], [ -48.607203199999958, -28.018323899999938 ], [ -48.607205099999938, -28.018326499999937 ], [ -48.607209699999949, -28.018331799999949 ], [ -48.607213099999967, -28.018335699999962 ], [ -48.60721609999996, -28.018339699999959 ], [ -48.607217299999945, -28.018341799999977 ], [ -48.607218399999965, -28.018344899999938 ], [ -48.607219, -28.01834829999996 ], [ -48.607219199999982, -28.018350099999953 ], [ -48.607219199999975, -28.018352899999957 ], [ -48.607218699999976, -28.018357 ], [ -48.607217299999945, -28.018361 ], [ -48.60721639999997, -28.018362899999943 ], [ -48.60721239999998, -28.018369099999976 ], [ -48.60721029999997, -28.018372099999958 ], [ -48.607206799999972, -28.018376399999955 ], [ -48.607203099999936, -28.018380299999926 ], [ -48.607201, -28.018382099999929 ], [ -48.607196599999945, -28.018385399999946 ], [ -48.607194199999981, -28.018386799999963 ], [ -48.607190399999979, -28.018388699999953 ], [ -48.607179199999962, -28.018393 ], [ -48.607171599999951, -28.018395599999959 ], [ -48.607156499999967, -28.018400499999935 ], [ -48.607152, -28.018401899999962 ], [ -48.607142799999963, -28.018404399999948 ], [ -48.607136, -28.018406499999958 ], [ -48.607133799999986, -28.018407399999944 ], [ -48.607129799999939, -28.01840959999998 ], [ -48.607126199999982, -28.018412399999935 ], [ -48.607124099999965, -28.018414599999968 ], [ -48.607122799999956, -28.018416199999919 ], [ -48.607120499999951, -28.018419599999955 ], [ -48.607119299999965, -28.018421799999938 ], [ -48.607117399999943, -28.018426099999946 ], [ -48.607116199999957, -28.018430499999958 ], [ -48.607115799999974, -28.018433399999935 ], [ -48.607115599999986, -28.01843539999992 ], [ -48.607115699999959, -28.01843939999997 ], [ -48.607118699999944, -28.018471399999946 ], [ -48.607120399999985, -28.018494499999981 ], [ -48.6071209, -28.018506 ], [ -48.607120699999939, -28.018508499999932 ], [ -48.6071204, -28.018510099999958 ], [ -48.607119199999943, -28.018513299999931 ], [ -48.607118399999933, -28.018514899999946 ], [ -48.607116399999946, -28.018517899999942 ], [ -48.607113899999945, -28.018520699999943 ], [ -48.607112099999945, -28.018522499999953 ], [ -48.607108099999948, -28.018525699999945 ], [ -48.607106699999974, -28.018526499999943 ], [ -48.607104699999972, -28.01852679999995 ], [ -48.607102, -28.018526299999959 ], [ -48.607099799999958, -28.01852539999992 ], [ -48.607097399999986, -28.018523899999934 ], [ -48.607090699999965, -28.018518 ], [ -48.607087599999943, -28.018514899999953 ], [ -48.607083299999942, -28.018510099999961 ], [ -48.607079599999963, -28.018504899999975 ], [ -48.607078, -28.018502099999981 ], [ -48.60707519999994, -28.018496199999959 ], [ -48.607070799999974, -28.018484299999958 ], [ -48.607068399999953, -28.018478399999935 ], [ -48.607067099999938, -28.018475399999947 ], [ -48.607061899999962, -28.018466199999967 ], [ -48.607059, -28.018461699999943 ], [ -48.607054299999959, -28.018455299999975 ], [ -48.607048899999938, -28.018449099999938 ], [ -48.607046, -28.018446099999949 ], [ -48.607044199999969, -28.018444699999975 ], [ -48.607042799999931, -28.018444 ], [ -48.607039699999973, -28.018442799999949 ], [ -48.607037499999933, -28.01844229999994 ], [ -48.607034499999941, -28.018442099999955 ], [ -48.607033, -28.018442099999969 ], [ -48.607029799999964, -28.018442599999965 ], [ -48.607027, -28.018443599999959 ], [ -48.607025799999974, -28.018444399999964 ], [ -48.607021799999984, -28.018447699999967 ], [ -48.607014599999957, -28.018455399999937 ], [ -48.607010799999955, -28.018459099999976 ], [ -48.60700879999996, -28.018460799999957 ], [ -48.60700079999998, -28.018466799999935 ], [ -48.606996599999945, -28.018469699999969 ], [ -48.606992299999952, -28.018472299999925 ], [ -48.60699, -28.01847359999994 ], [ -48.606986, -28.018475199999958 ], [ -48.606977599999944, -28.018477399999938 ], [ -48.606973499999988, -28.018478699999942 ], [ -48.606971399999956, -28.018479399999929 ], [ -48.606964299999959, -28.018482699999929 ], [ -48.606960799999968, -28.018484399999974 ], [ -48.606955699999958, -28.018487199999985 ], [ -48.60695069999997, -28.018490499999928 ], [ -48.606948099999954, -28.018492299999934 ], [ -48.606943399999977, -28.018496099999943 ], [ -48.606939699999941, -28.018499799999976 ], [ -48.606938, -28.018501699999934 ], [ -48.606935799999967, -28.018504599999964 ], [ -48.606933099999935, -28.018509099999953 ], [ -48.606932, -28.018511399999959 ], [ -48.606931299999985, -28.018514199999974 ], [ -48.606931199999963, -28.018516299999934 ], [ -48.60693149999998, -28.01851919999995 ], [ -48.606931799999984, -28.018520699999961 ], [ -48.606933, -28.018523899999934 ], [ -48.606933799999986, -28.018525399999927 ], [ -48.606935899999932, -28.018528099999973 ], [ -48.606937099999982, -28.018529199999925 ], [ -48.606939199999943, -28.018530499999937 ], [ -48.60694849999993, -28.01853479999993 ], [ -48.6069672, -28.018543099999931 ], [ -48.607004399999937, -28.018559599999943 ], [ -48.607006299999966, -28.018560499999975 ], [ -48.607009699999928, -28.018562899999939 ], [ -48.607012699999984, -28.018565799999983 ], [ -48.607014299999946, -28.018567899999944 ], [ -48.607016099999953, -28.018570799999964 ], [ -48.607016699999981, -28.018572199999937 ], [ -48.607017299999939, -28.018574199999936 ], [ -48.607017299999939, -28.018575599999956 ], [ -48.607016899999962, -28.018578399999971 ], [ -48.6070165, -28.018579899999956 ], [ -48.607015099999956, -28.018582799999937 ], [ -48.607013399999978, -28.018585799999975 ], [ -48.607012, -28.018587699999951 ], [ -48.607009, -28.018591199999953 ], [ -48.607002899999948, -28.018597499999938 ], [ -48.606999799999976, -28.018600299999939 ], [ -48.606994699999973, -28.018603899999956 ], [ -48.606991, -28.018605899999955 ], [ -48.606989099999964, -28.018606799999933 ], [ -48.606985899999984, -28.018608 ], [ -48.60698189999993, -28.018609199999954 ], [ -48.606979099999933, -28.018609799999965 ], [ -48.606973699999976, -28.018610799999976 ], [ -48.606970899999972, -28.018611199999942 ], [ -48.606965499999944, -28.018611599999929 ], [ -48.60696, -28.018611499999963 ], [ -48.606956399999945, -28.018611299999968 ], [ -48.60694929999994, -28.018610299999978 ], [ -48.60692789999996, -28.018605799999929 ], [ -48.606917199999948, -28.018603299999945 ], [ -48.606901299999947, -28.018599299999948 ], [ -48.60689409999997, -28.018597199999935 ], [ -48.606879899999974, -28.018592799999965 ], [ -48.606869199999949, -28.01858959999992 ], [ -48.606862599999943, -28.018588 ], [ -48.606859199999967, -28.018587399999944 ], [ -48.606854, -28.01858679999998 ], [ -48.606848899999925, -28.018586599999939 ], [ -48.606846299999972, -28.018586599999935 ], [ -48.60684109999994, -28.018587 ], [ -48.606838599999953, -28.018587399999944 ], [ -48.606834399999975, -28.018588299999969 ], [ -48.606831799999952, -28.018589699999946 ], [ -48.606830099999968, -28.018591399999938 ], [ -48.606829199999936, -28.018592899999934 ], [ -48.606828, -28.018596199999923 ], [ -48.606827399999979, -28.01859989999997 ], [ -48.606827299999964, -28.018601699999973 ], [ -48.606827499999952, -28.018605199999971 ], [ -48.606828, -28.01860779999997 ], [ -48.606829199999929, -28.018611499999963 ], [ -48.606830099999968, -28.018613199999951 ], [ -48.606832199999985, -28.018616099999974 ], [ -48.606833399999971, -28.018617199999941 ], [ -48.606835499999939, -28.018618499999953 ], [ -48.606845799999974, -28.018622599999961 ], [ -48.606852799999956, -28.018625 ], [ -48.606867, -28.018629499999989 ], [ -48.606869899999943, -28.018630299999987 ], [ -48.606875799999962, -28.018631599999932 ], [ -48.606893599999978, -28.018634699999939 ], [ -48.606899499999933, -28.018636099999977 ], [ -48.606902399999967, -28.018637099999971 ], [ -48.606906699999968, -28.018638799999962 ], [ -48.606908899999944, -28.018640099999967 ], [ -48.606910499999977, -28.018641699999922 ], [ -48.606912, -28.018644 ], [ -48.606912699999953, -28.018645599999953 ], [ -48.606913499999955, -28.018649 ], [ -48.606913699999957, -28.018650499999982 ], [ -48.606913499999969, -28.018653499999964 ], [ -48.606913099999986, -28.018655699999943 ], [ -48.606911799999985, -28.018658499999958 ], [ -48.606908399999945, -28.018663099999962 ], [ -48.606906299999935, -28.018665399999975 ], [ -48.606902799999943, -28.018668299999945 ], [ -48.6069002, -28.01866989999996 ], [ -48.606898799999954, -28.018670499999928 ], [ -48.606896699999936, -28.018671199999968 ], [ -48.606895099999974, -28.018671499999989 ], [ -48.606891799999971, -28.018671499999979 ], [ -48.606888499999975, -28.018670899999947 ], [ -48.606886399999958, -28.018670299999936 ], [ -48.606882299999938, -28.018668599999952 ], [ -48.606876899999975, -28.018665799999955 ], [ -48.606866199999956, -28.018659599999982 ], [ -48.606860799999936, -28.018656599999929 ], [ -48.606857899999973, -28.018655299999971 ], [ -48.606848899999932, -28.018651599999941 ], [ -48.606842799999981, -28.01864949999997 ], [ -48.606830499999944, -28.018646 ], [ -48.606824399999944, -28.018644599999941 ], [ -48.606821199999956, -28.01864409999996 ], [ -48.606816399999964, -28.018643599999969 ], [ -48.606811599999958, -28.018643899999976 ], [ -48.6068092, -28.018644299999963 ], [ -48.606806, -28.018645199999977 ], [ -48.606804399999938, -28.018645899999974 ], [ -48.606802099999982, -28.018647099999939 ], [ -48.606798599999934, -28.01864949999997 ], [ -48.606796399999951, -28.018651499999976 ], [ -48.606795299999931, -28.018652899999942 ], [ -48.606793499999988, -28.018655699999947 ], [ -48.606792799999937, -28.018657099999924 ], [ -48.606792, -28.01866 ], [ -48.606791599999958, -28.018662899999971 ], [ -48.606791599999951, -28.018664799999947 ], [ -48.606791799999947, -28.018668499999936 ], [ -48.606792799999937, -28.018676099999926 ], [ -48.606793799999934, -28.01868 ], [ -48.606795199999958, -28.018683799999966 ], [ -48.60679609999994, -28.018685699999946 ], [ -48.606798399999946, -28.01868909999995 ], [ -48.606799899999949, -28.018690699999979 ], [ -48.606802399999943, -28.01869279999994 ], [ -48.606805699999938, -28.018695099999952 ], [ -48.60681239999996, -28.018698799999974 ], [ -48.606816899999956, -28.018701 ], [ -48.606826, -28.018704799999966 ], [ -48.606832799999943, -28.018707899999978 ], [ -48.606843199999965, -28.018712599999951 ], [ -48.606864, -28.018722 ], [ -48.606879499999927, -28.018729299999965 ], [ -48.60688209999995, -28.018730699999935 ], [ -48.606883799999927, -28.018731799999955 ], [ -48.606886799999977, -28.018734199999972 ], [ -48.606890899999939, -28.018738399999965 ], [ -48.606893199999945, -28.018741499999976 ], [ -48.606894699999948, -28.018743599999929 ], [ -48.606897199999935, -28.018748 ], [ -48.606897699999934, -28.01874939999993 ], [ -48.606898399999977, -28.018752299999967 ], [ -48.606898399999984, -28.01875519999993 ], [ -48.606898099999974, -28.018757199999971 ], [ -48.606897, -28.018760899999965 ], [ -48.606893699999951, -28.018767399999938 ], [ -48.606891899999937, -28.018770499999956 ], [ -48.606888799999986, -28.018775199999929 ], [ -48.606885199999958, -28.018779699999971 ], [ -48.60688319999997, -28.018781899999965 ], [ -48.606878399999978, -28.01878709999993 ], [ -48.606875899999977, -28.018789499999968 ], [ -48.606871799999965, -28.018792699999949 ], [ -48.606868899999938, -28.018794499999952 ], [ -48.606867299999983, -28.018795299999962 ], [ -48.606864799999983, -28.018796199999937 ], [ -48.606861299999935, -28.018797299999967 ], [ -48.606854299999952, -28.018799099999963 ], [ -48.606847199999947, -28.018800599999963 ], [ -48.606833, -28.018803099999953 ], [ -48.606823499999962, -28.01880449999992 ], [ -48.60680439999993, -28.018806799999933 ], [ -48.606795, -28.018808399999958 ], [ -48.606790299999943, -28.018809399999949 ], [ -48.606779599999982, -28.018812499999971 ], [ -48.606772599999935, -28.018814799999966 ], [ -48.606758699999943, -28.01881979999996 ], [ -48.60674819999997, -28.018823499999939 ], [ -48.606742899999979, -28.018825099999951 ], [ -48.606728099999941, -28.018829699999962 ], [ -48.606718899999976, -28.018832499999963 ], [ -48.606671, -28.018847599999962 ], [ -48.606646899999923, -28.018854599999941 ], [ -48.606634699999972, -28.018857799999981 ], [ -48.606618499999968, -28.018861699999945 ], [ -48.606610299999943, -28.018863499999956 ], [ -48.60659789999994, -28.018865799999968 ], [ -48.606585399999972, -28.018867799999956 ], [ -48.606579199999942, -28.018868699999931 ], [ -48.606572299999982, -28.018869499999944 ], [ -48.606558499999949, -28.018870799999956 ], [ -48.606544799999938, -28.018871699999966 ], [ -48.606517099999955, -28.018873199999987 ], [ -48.606496499999928, -28.018874499999978 ], [ -48.6064861, -28.018875299999934 ], [ -48.60642329999996, -28.018881099999927 ], [ -48.606391899999956, -28.018884199999945 ], [ -48.606369899999954, -28.018886799999951 ], [ -48.606355299999962, -28.018888899999972 ], [ -48.606326099999933, -28.01889349999994 ], [ -48.606317599999954, -28.01889489999996 ], [ -48.606300899999958, -28.018898299999933 ], [ -48.606284299999977, -28.018902199999953 ], [ -48.606273299999941, -28.018905 ], [ -48.606251399999955, -28.018911199999931 ], [ -48.606244499999953, -28.01891339999997 ], [ -48.606230799999935, -28.018918 ], [ -48.606217399999942, -28.018923099999924 ], [ -48.606208599999938, -28.018926799999971 ], [ -48.606202799999949, -28.018929399999941 ], [ -48.606191199999948, -28.018934799999958 ], [ -48.606185099999948, -28.018937899999962 ], [ -48.606173099999985, -28.018944299999923 ], [ -48.606162499999982, -28.018950399999937 ], [ -48.606161399999962, -28.018951099999988 ], [ -48.606138399999963, -28.018965 ], [ -48.606130499999949, -28.018970399999944 ], [ -48.606115699999975, -28.01898209999996 ], [ -48.606107799999961, -28.018987799999927 ], [ -48.606103499999968, -28.018990499999976 ], [ -48.606098399999951, -28.01899339999995 ], [ -48.606091199999987, -28.018996499999957 ], [ -48.606087499999944, -28.018997799999958 ], [ -48.60608179999997, -28.018999299999962 ], [ -48.606079, -28.018999899999983 ], [ -48.606073399999964, -28.019000599999966 ], [ -48.606070699999982, -28.019000799999954 ], [ -48.6060667, -28.019000799999962 ], [ -48.606064599999968, -28.019000599999966 ], [ -48.606060599999978, -28.018999899999972 ], [ -48.606058799999971, -28.018999399999934 ], [ -48.606055199999957, -28.018998199999935 ], [ -48.606052599999934, -28.018997 ], [ -48.60604879999994, -28.018994899999935 ], [ -48.606045199999983, -28.018992299999976 ], [ -48.606043499999942, -28.018990899999952 ], [ -48.60604109999997, -28.018988599999947 ], [ -48.606039399999986, -28.018986699999971 ], [ -48.606036499999959, -28.018982799999939 ], [ -48.606034, -28.018979 ], [ -48.606029699999972, -28.018971199999964 ], [ -48.606026099999951, -28.018965099999949 ], [ -48.60602439999996, -28.018962599999956 ], [ -48.606016299999972, -28.018951599999987 ], [ -48.60601209999993, -28.018946299999985 ], [ -48.606005299999936, -28.018938299999945 ], [ -48.606003699999974, -28.018936599999961 ], [ -48.606000199999983, -28.018933799999957 ], [ -48.605996399999981, -28.018931299999966 ], [ -48.605993699999935, -28.018929899999936 ], [ -48.605988199999963, -28.018927599999987 ], [ -48.605986, -28.018927 ], [ -48.605981399999962, -28.018926199999957 ], [ -48.605978199999974, -28.018925899999942 ], [ -48.605973899999988, -28.018926 ], [ -48.605971699999948, -28.018926199999957 ], [ -48.605966899999942, -28.018927099999932 ], [ -48.605962299999938, -28.018928499999962 ], [ -48.605960099999955, -28.018929499999942 ], [ -48.605957, -28.018931099999978 ], [ -48.605947799999974, -28.018936899999964 ], [ -48.605941799999982, -28.018940899999954 ], [ -48.605930099999966, -28.018948899999945 ], [ -48.605913199999982, -28.018961399999963 ], [ -48.605902299999975, -28.01897 ], [ -48.605895199999964, -28.018975899999926 ], [ -48.60588759999996, -28.018982399999963 ], [ -48.605881, -28.018988 ], [ -48.605874099999937, -28.018994499999955 ], [ -48.605860899999982, -28.019007699999978 ], [ -48.605853899999943, -28.019014299999974 ], [ -48.605850199999963, -28.019017499999954 ], [ -48.605843199999988, -28.019022899999978 ], [ -48.605839599999968, -28.019025399999979 ], [ -48.605835799999966, -28.019027599999959 ], [ -48.605833899999936, -28.019028599999967 ], [ -48.605830099999942, -28.01903 ], [ -48.605828199999969, -28.019030399999963 ], [ -48.605825299999943, -28.019030799999943 ], [ -48.605821399999968, -28.019030699999973 ], [ -48.605818799999952, -28.019030299999933 ], [ -48.605813499999961, -28.019028899999959 ], [ -48.605810799999972, -28.019027899999962 ], [ -48.605805499999974, -28.019025599999964 ], [ -48.605800099999946, -28.019022899999989 ], [ -48.605789699999946, -28.019017099999921 ], [ -48.605785699999949, -28.019014799999979 ], [ -48.605778, -28.019009799999932 ], [ -48.605756199999973, -28.018994299999981 ], [ -48.605748499999955, -28.018989199999947 ], [ -48.605744499999957, -28.018986799999936 ], [ -48.605738099999947, -28.018983399999964 ], [ -48.605728, -28.018978699999934 ], [ -48.605722899999932, -28.018976699999946 ], [ -48.605715299999986, -28.018974 ], [ -48.60570759999996, -28.018971799999971 ], [ -48.605703799999965, -28.018970899999946 ], [ -48.605696099999932, -28.018969399999936 ], [ -48.605692199999964, -28.018968799999985 ], [ -48.605686499999933, -28.018968199999957 ], [ -48.605682199999933, -28.018968099999942 ], [ -48.60568, -28.018968199999975 ], [ -48.605676799999962, -28.018968499999964 ], [ -48.605672, -28.018969399999953 ], [ -48.605667199999964, -28.018970899999935 ], [ -48.605664699999977, -28.018971899999936 ], [ -48.605659899999985, -28.018974099999973 ], [ -48.605657499999957, -28.018975499999954 ], [ -48.605654, -28.018977799999956 ], [ -48.605651199999954, -28.018979799999958 ], [ -48.60564949999997, -28.018981199999928 ], [ -48.605646699999966, -28.018984 ], [ -48.605643099999959, -28.018988399999948 ], [ -48.60564119999998, -28.018991499999963 ], [ -48.605637599999966, -28.018998199999942 ], [ -48.605633399999931, -28.019006599999944 ], [ -48.605631599999981, -28.019010799999936 ], [ -48.605629299999983, -28.019017199999951 ], [ -48.605628399999951, -28.019021499999944 ], [ -48.605628099999933, -28.019023699999931 ], [ -48.605628, -28.019027 ], [ -48.605628399999951, -28.019035099999932 ], [ -48.605629699999952, -28.019051299999937 ], [ -48.605633, -28.01908009999994 ], [ -48.605633199999943, -28.019084199999956 ], [ -48.605633099999977, -28.019086299999962 ], [ -48.605632699999944, -28.019089499999957 ], [ -48.605631699999954, -28.019092499999935 ], [ -48.605631099999982, -28.019093899999973 ], [ -48.605629099999931, -28.019096599999962 ], [ -48.605627899999945, -28.01909779999993 ], [ -48.605625599999932, -28.019099499999982 ], [ -48.60562369999996, -28.019100499999979 ], [ -48.605622399999959, -28.019100899999948 ], [ -48.605619799999943, -28.019101499999966 ], [ -48.6056172, -28.01910169999995 ], [ -48.605612, -28.019101499999973 ], [ -48.6056081, -28.019101499999969 ], [ -48.605602, -28.01910179999993 ], [ -48.605589799999962, -28.019102 ], [ -48.605583099999933, -28.019102299999926 ], [ -48.605580599999946, -28.01910259999994 ], [ -48.605579, -28.019102799999924 ], [ -48.605575799999933, -28.019103599999934 ], [ -48.605572799999948, -28.019104799999983 ], [ -48.605569, -28.019106899999944 ], [ -48.605567199999946, -28.019108199999938 ], [ -48.605564799999968, -28.019110499999961 ], [ -48.605563699999948, -28.019111699999947 ], [ -48.605562099999986, -28.019113699999945 ], [ -48.605560699999955, -28.019115799999945 ], [ -48.605558599999938, -28.019120199999978 ], [ -48.605557299999937, -28.019124599999945 ], [ -48.605556899999961, -28.019127599999926 ], [ -48.605556599999943, -28.019133599999972 ], [ -48.605556799999931, -28.019142499999926 ], [ -48.605557799999985, -28.019160299999957 ], [ -48.605558199999962, -28.019173699999961 ], [ -48.605558099999932, -28.019185599999947 ], [ -48.6055578, -28.019193599999934 ], [ -48.605556899999961, -28.01920959999995 ], [ -48.60555629999994, -28.019214 ], [ -48.605555799999941, -28.01921619999996 ], [ -48.605554799999943, -28.019219499999974 ], [ -48.605553399999955, -28.019222599999985 ], [ -48.605552499999938, -28.019224099999978 ], [ -48.605550499999936, -28.019227 ], [ -48.605549299999957, -28.019228299999948 ], [ -48.605547199999926, -28.019230199999985 ], [ -48.605545199999945, -28.019231399999956 ], [ -48.605543299999965, -28.019231899999969 ], [ -48.605540699999949, -28.019231899999948 ], [ -48.605539099999937, -28.019231699999974 ], [ -48.605535799999984, -28.019230599999958 ], [ -48.605532599999954, -28.019229199999987 ], [ -48.605526899999973, -28.019225799999955 ], [ -48.605514199999966, -28.019217499999971 ], [ -48.605508, -28.019213199999967 ], [ -48.605501899999979, -28.019208699999975 ], [ -48.605499, -28.019206399999977 ], [ -48.605470799999985, -28.019182599999954 ], [ -48.605446799999982, -28.019163499999934 ], [ -48.605434499999944, -28.019154099999959 ], [ -48.605425, -28.019147199999971 ], [ -48.605420099999947, -28.019144 ], [ -48.605412599999958, -28.019139399999979 ], [ -48.605404799999974, -28.019135099999978 ], [ -48.60540089999995, -28.019133199999942 ], [ -48.605386499999952, -28.019126499999974 ], [ -48.605357499999975, -28.019113699999927 ], [ -48.605315399999945, -28.019095799999945 ], [ -48.605311699999959, -28.019094 ], [ -48.605304599999954, -28.01909 ], [ -48.60529779999996, -28.019085499999964 ], [ -48.605293399999937, -28.019082399999945 ], [ -48.605284899999965, -28.019075699999973 ], [ -48.605279099999962, -28.01907049999993 ], [ -48.605268199999955, -28.019059399999943 ], [ -48.605259699999984, -28.019051299999948 ], [ -48.605250299999966, -28.019042899999931 ], [ -48.605245499999967, -28.019038799999979 ], [ -48.605240499999979, -28.019034899999955 ], [ -48.605237799999941, -28.019033099999948 ], [ -48.605232299999955, -28.019029599999953 ], [ -48.605229399999985, -28.019028 ], [ -48.605224699999958, -28.019025799999945 ], [ -48.605219199999972, -28.019023799999964 ], [ -48.605215599999951, -28.019022699999937 ], [ -48.605208199999943, -28.019021 ], [ -48.605204499999957, -28.019020399999935 ], [ -48.605197, -28.019019599999972 ], [ -48.605189499999938, -28.019019099999984 ], [ -48.605174499999976, -28.019018499999952 ], [ -48.605154099999936, -28.019017599999984 ], [ -48.605143799999951, -28.019017699999953 ], [ -48.605137, -28.019018099999986 ], [ -48.605133599999931, -28.019018399999936 ], [ -48.605128499999978, -28.019019199999939 ], [ -48.605123699999972, -28.01902 ], [ -48.605114299999968, -28.019022199999931 ], [ -48.605105099999953, -28.019024899999966 ], [ -48.605099, -28.019026899999965 ], [ -48.605095499999948, -28.019028199999969 ], [ -48.605087, -28.019031299999938 ], [ -48.6050671, -28.019039299999971 ], [ -48.605057299999942, -28.019043599999964 ], [ -48.605047799999973, -28.019048199999926 ], [ -48.605043, -28.019050599999961 ], [ -48.605037599999939, -28.0190535 ], [ -48.605027199999945, -28.019059499999965 ], [ -48.605016899999953, -28.019065899999919 ], [ -48.605010199999981, -28.019070199999927 ], [ -48.604997, -28.019079399999949 ], [ -48.60498629999995, -28.019087199999948 ], [ -48.604981099999975, -28.019091199999931 ], [ -48.604973599999937, -28.01909749999993 ], [ -48.604966399999967, -28.019104099999929 ], [ -48.604963, -28.01910759999997 ], [ -48.604956799999975, -28.019114599999966 ], [ -48.604944899999964, -28.019128799999979 ], [ -48.604935699999949, -28.019139399999972 ], [ -48.604925299999934, -28.019150699999951 ], [ -48.604904199999964, -28.019173199999951 ], [ -48.60489709999996, -28.019180599999974 ], [ -48.604882399999951, -28.019194899999938 ], [ -48.604867399999939, -28.01920889999997 ], [ -48.604857199999969, -28.019218 ], [ -48.604836499999969, -28.019236099999937 ], [ -48.604834799999935, -28.019237499999964 ], [ -48.604831199999978, -28.01923989999996 ], [ -48.604827299999954, -28.019242099999932 ], [ -48.604819199999959, -28.019246099999975 ], [ -48.60481329999994, -28.01924949999994 ], [ -48.604810499999985, -28.019251499999925 ], [ -48.604807799999946, -28.019253799999944 ], [ -48.604803, -28.019258599999944 ], [ -48.604798799999969, -28.019263799999976 ], [ -48.604796399999941, -28.019267399999919 ], [ -48.604794899999945, -28.019269899999987 ], [ -48.604792299999986, -28.019275199999978 ], [ -48.604791199999966, -28.019278299999936 ], [ -48.604790799999932, -28.019279899999958 ], [ -48.604790399999956, -28.019282299999933 ], [ -48.604790399999956, -28.019286 ], [ -48.604791099999936, -28.01928949999996 ], [ -48.604791899999952, -28.019291199999934 ], [ -48.60479719999995, -28.019301299999935 ], [ -48.604808399999968, -28.019321499999922 ], [ -48.60482369999994, -28.019348099999942 ], [ -48.604826099999961, -28.019353199999962 ], [ -48.604827099999966, -28.019355699999956 ], [ -48.604828399999974, -28.019359599999973 ], [ -48.604829799999955, -28.019365599999954 ], [ -48.604830399999976, -28.019371499999973 ], [ -48.604830399999976, -28.019374499999966 ], [ -48.604830299999946, -28.019377699999954 ], [ -48.60482959999996, -28.019384 ], [ -48.604828399999974, -28.019390299999948 ], [ -48.604825199999937, -28.019402899999932 ], [ -48.604823, -28.019409699999972 ], [ -48.604817899999937, -28.019423199999949 ], [ -48.604815599999938, -28.01943 ], [ -48.604814599999933, -28.019433499999934 ], [ -48.604813099999944, -28.019440699999969 ], [ -48.604812699999968, -28.019444399999934 ], [ -48.604812399999965, -28.01945 ], [ -48.604812599999946, -28.019455499999932 ], [ -48.604812899999956, -28.019458199999971 ], [ -48.604813399999955, -28.019460899999967 ], [ -48.604814699999963, -28.019466099999931 ], [ -48.60481639999994, -28.019471299999971 ], [ -48.604820499999967, -28.019481599999946 ], [ -48.604824099999973, -28.019489399999941 ], [ -48.604826099999968, -28.019493199999935 ], [ -48.604829399999979, -28.019498699999925 ], [ -48.604833299999939, -28.019504 ], [ -48.604835499999979, -28.019506499999977 ], [ -48.604838599999937, -28.019509599999932 ], [ -48.604845, -28.019515299999966 ], [ -48.604851799999949, -28.019520499999935 ], [ -48.604856599999955, -28.019523599999957 ], [ -48.6048598, -28.019525599999945 ], [ -48.604866499999957, -28.01952939999995 ], [ -48.604874299999956, -28.019533299999974 ], [ -48.604879699999969, -28.019535699999949 ], [ -48.604890599999976, -28.019540099999965 ], [ -48.604901799999936, -28.019544199999935 ], [ -48.604924799999935, -28.019551699999958 ], [ -48.60494209999996, -28.019557399999943 ], [ -48.604953399999943, -28.019561499999956 ], [ -48.604959099999974, -28.019563699999932 ], [ -48.604967399999964, -28.019567099999954 ], [ -48.604975499999959, -28.019570899999962 ], [ -48.604979399999934, -28.019572899999964 ], [ -48.604987199999989, -28.019577199999958 ], [ -48.604991, -28.019579499999963 ], [ -48.60499649999997, -28.019583199999953 ], [ -48.605000599999983, -28.019586299999965 ], [ -48.605002599999978, -28.01958789999998 ], [ -48.605005299999952, -28.019590499999929 ], [ -48.605007499999942, -28.019593399999962 ], [ -48.60500849999994, -28.019595 ], [ -48.605009399999972, -28.019597199999954 ], [ -48.60500989999997, -28.019598699999953 ], [ -48.605010399999976, -28.019601699999946 ], [ -48.605010599999957, -28.019603299999968 ], [ -48.605010399999969, -28.019606399999926 ], [ -48.605009899999978, -28.019609499999937 ], [ -48.605009299999949, -28.019611499999932 ], [ -48.605007599999972, -28.019615199999976 ], [ -48.604995199999969, -28.019636699999978 ], [ -48.604989899999964, -28.019645799999978 ], [ -48.604987799999954, -28.019650599999981 ], [ -48.604987199999975, -28.019652699999934 ], [ -48.604986799999949, -28.019657 ], [ -48.604986899999972, -28.019659799999939 ], [ -48.604987599999966, -28.019665599999939 ], [ -48.604988, -28.019669899999936 ], [ -48.604988399999975, -28.019674499999947 ], [ -48.604989499999931, -28.019683899999947 ], [ -48.604989799999942, -28.019688499999976 ], [ -48.604989799999942, -28.01969089999994 ], [ -48.604989599999946, -28.019693299999972 ], [ -48.604988499999934, -28.019698 ], [ -48.604986799999949, -28.019702599999949 ], [ -48.604982299999961, -28.019711699999959 ], [ -48.604981299999963, -28.019713699999951 ], [ -48.604979, -28.01971739999993 ], [ -48.604971299999931, -28.019728099999949 ], [ -48.604969, -28.019731699999969 ], [ -48.604968, -28.019733599999928 ], [ -48.604966799999943, -28.019736599999923 ], [ -48.60496459999996, -28.019744399999979 ], [ -48.60496349999994, -28.019749599999948 ], [ -48.604961699999933, -28.019760099999932 ], [ -48.604961399999979, -28.019762499999956 ], [ -48.604961299999957, -28.019767399999974 ], [ -48.604961399999979, -28.019770699999967 ], [ -48.604961599999974, -28.019777199999975 ], [ -48.604961599999974, -28.019782099999937 ], [ -48.60496089999998, -28.019786899999936 ], [ -48.604960299999959, -28.01978929999996 ], [ -48.6049589, -28.019792799999948 ], [ -48.604957899999931, -28.019794499999936 ], [ -48.604955499999967, -28.019797799999932 ], [ -48.604952799999985, -28.019800799999921 ], [ -48.604946899999966, -28.019806399999929 ], [ -48.604942599999966, -28.019810699999944 ], [ -48.604940599999971, -28.019813 ], [ -48.604929399999953, -28.019826799999979 ], [ -48.604924299999936, -28.019834099999972 ], [ -48.604922299999942, -28.019837299999953 ], [ -48.604919, -28.019844 ], [ -48.604916299999957, -28.019850699999949 ], [ -48.604911599999987, -28.019864699999982 ], [ -48.604908099999925, -28.019876199999942 ], [ -48.604906199999959, -28.019884 ], [ -48.604905099999939, -28.019889099999947 ], [ -48.604903099999945, -28.019899499999958 ], [ -48.604902699999975, -28.019902899999963 ], [ -48.60490219999997, -28.019909699999968 ], [ -48.60490249999998, -28.019916599999931 ], [ -48.604903, -28.019921099999976 ], [ -48.604903499999978, -28.019924199999934 ], [ -48.6049048, -28.019930299999945 ], [ -48.60490649999997, -28.019935799999935 ], [ -48.604907499999968, -28.019938599999932 ], [ -48.604909199999952, -28.019942599999986 ], [ -48.604911399999935, -28.019946299999951 ], [ -48.604912599999977, -28.019948099999972 ], [ -48.604915499999954, -28.019951499999927 ], [ -48.604917099999973, -28.01995309999996 ], [ -48.604919799999948, -28.019955199999973 ], [ -48.604923299999946, -28.019957499999975 ], [ -48.604930299999985, -28.019961899999927 ], [ -48.604937399999983, -28.019965899999939 ], [ -48.604951799999988, -28.0199737 ], [ -48.604956799999968, -28.019976199999977 ], [ -48.604979799999967, -28.019988 ], [ -48.604981299999956, -28.019988899999934 ], [ -48.60498419999994, -28.019991099999967 ], [ -48.604986299999958, -28.01999319999992 ], [ -48.604989099999948, -28.019996699999982 ], [ -48.604991, -28.020000299999932 ], [ -48.604991599999941, -28.020002 ], [ -48.604991699999971, -28.020004799999978 ], [ -48.604991, -28.020006799999976 ], [ -48.604989599999961, -28.020008399999931 ], [ -48.604986299999958, -28.020010199999945 ], [ -48.604984299999956, -28.020010899999924 ], [ -48.604982899999989, -28.020011199999942 ], [ -48.604980099999977, -28.02001139999992 ], [ -48.604974299999981, -28.020011199999949 ], [ -48.604971399999961, -28.020010899999942 ], [ -48.604967099999953, -28.02001 ], [ -48.604963, -28.020008499999946 ], [ -48.604961, -28.020007499999956 ], [ -48.604956799999968, -28.020004799999981 ], [ -48.604955499999967, -28.020004 ], [ -48.604945099999952, -28.019996799999934 ], [ -48.604937299999968, -28.019991499999946 ], [ -48.604918899999973, -28.01997989999996 ], [ -48.60490939999994, -28.019974299999948 ], [ -48.604904899999951, -28.019972 ], [ -48.604901799999936, -28.019970599999962 ], [ -48.604895499999934, -28.019968099999971 ], [ -48.604885799999977, -28.019965099999975 ], [ -48.604879199999964, -28.019963399999945 ], [ -48.60486579999997, -28.019960399999945 ], [ -48.604864099999986, -28.019960099999938 ], [ -48.604860499999972, -28.019959799999985 ], [ -48.604849399999985, -28.019960099999931 ], [ -48.604845799999971, -28.019959899999943 ], [ -48.604844, -28.019959699999955 ], [ -48.604841399999948, -28.019959 ], [ -48.604837599999946, -28.019957499999975 ], [ -48.604830299999954, -28.019954 ], [ -48.604824599999965, -28.019951399999961 ], [ -48.604810599999951, -28.019946199999929 ], [ -48.604803599999968, -28.019943799999954 ], [ -48.60479289999995, -28.01994059999998 ], [ -48.604790899999962, -28.01994 ], [ -48.60478679999995, -28.019939299999972 ], [ -48.604783899999966, -28.019939099999927 ], [ -48.604778199999949, -28.019939199999953 ], [ -48.604773799999982, -28.019939799999968 ], [ -48.604769499999982, -28.019940799999965 ], [ -48.604767399999957, -28.019941399999926 ], [ -48.604764299999935, -28.019942599999986 ], [ -48.604761599999961, -28.019943799999965 ], [ -48.604756699999939, -28.019946699999931 ], [ -48.604752499999961, -28.01995 ], [ -48.60475, -28.019952499999931 ], [ -48.604748399999941, -28.019954299999938 ], [ -48.604745399999963, -28.019958299999935 ], [ -48.604741699999977, -28.019964099999971 ], [ -48.604740099999958, -28.019967099999977 ], [ -48.604738, -28.019971499999937 ], [ -48.60473559999997, -28.019978299999927 ], [ -48.604734, -28.019985099999932 ], [ -48.604733499999959, -28.019988699999935 ], [ -48.604733299999964, -28.019991499999961 ], [ -48.604733099999983, -28.01999729999994 ], [ -48.6047334, -28.020003099999951 ], [ -48.604733799999963, -28.020006899999942 ], [ -48.604735, -28.020014499999942 ], [ -48.604736099999968, -28.020018499999935 ], [ -48.6047392, -28.020026499999968 ], [ -48.604740599999964, -28.020030399999936 ], [ -48.604741099999949, -28.020032399999934 ], [ -48.604741899999965, -28.020037699999936 ], [ -48.604742, -28.020040499999922 ], [ -48.604741499999932, -28.02004449999998 ], [ -48.604740699999979, -28.020047099999939 ], [ -48.604740199999981, -28.020048299999914 ], [ -48.604739, -28.020050099999931 ], [ -48.604733299999971, -28.020057 ], [ -48.604721199999965, -28.02007 ], [ -48.604693, -28.02009919999994 ], [ -48.604687899999931, -28.020104899999982 ], [ -48.604685499999967, -28.020107799999945 ], [ -48.604682099999934, -28.02011239999997 ], [ -48.604677199999969, -28.020119499999964 ], [ -48.604676, -28.020121699999947 ], [ -48.604673899999973, -28.020126 ], [ -48.604672399999977, -28.020130499999922 ], [ -48.604671599999961, -28.020133499999929 ], [ -48.604670599999963, -28.020139599999933 ], [ -48.60467019999993, -28.020145199999948 ], [ -48.604670499999948, -28.020156399999966 ], [ -48.604670499999948, -28.020164699999945 ], [ -48.604670599999963, -28.020167 ], [ -48.604671, -28.020171699999935 ], [ -48.604670799999958, -28.020174599999955 ], [ -48.60466949999995, -28.020177599999961 ], [ -48.604667199999938, -28.020179399999957 ], [ -48.604665, -28.020179699999979 ], [ -48.604659699999957, -28.020178099999949 ], [ -48.604629699999983, -28.020173199999935 ], [ -48.604623599999975, -28.020172499999937 ], [ -48.604620499999953, -28.02017229999996 ], [ -48.604615899999949, -28.020172099999979 ], [ -48.60460889999996, -28.020172399999982 ], [ -48.604602, -28.020173399999969 ], [ -48.604598499999952, -28.020174099999956 ], [ -48.604591499999977, -28.020176099999958 ], [ -48.604588, -28.020177299999933 ], [ -48.604582799999946, -28.020179599999949 ], [ -48.60457839999998, -28.020181899999955 ], [ -48.604575799999971, -28.020183499999977 ], [ -48.604570799999983, -28.020187199999953 ], [ -48.604568599999936, -28.020189199999944 ], [ -48.604564599999946, -28.02019329999996 ], [ -48.604561199999971, -28.020197699999986 ], [ -48.604559299999949, -28.020200699999979 ], [ -48.604558099999963, -28.02020269999997 ], [ -48.604556199999934, -28.020206899999955 ], [ -48.604555599999976, -28.020208399999941 ], [ -48.60455509999997, -28.020211799999966 ], [ -48.604555199999936, -28.020215299999961 ], [ -48.604556, -28.020218599999957 ], [ -48.604556499999944, -28.020220199999983 ], [ -48.604557599999964, -28.020222499999925 ], [ -48.604559599999959, -28.020225899999961 ], [ -48.604560899999967, -28.020227399999957 ], [ -48.604563, -28.020229499999971 ], [ -48.604564599999939, -28.020230699999967 ], [ -48.604567799999984, -28.020232599999929 ], [ -48.60457119999996, -28.020234099999968 ], [ -48.604578199999935, -28.02023649999995 ], [ -48.604583299999952, -28.02023869999995 ], [ -48.60458559999995, -28.02024009999996 ], [ -48.604591099999936, -28.02024409999995 ], [ -48.604593499999964, -28.020246299999947 ], [ -48.604595599999982, -28.020248599999935 ], [ -48.604596499999957, -28.020249899999943 ], [ -48.604597299999966, -28.020251699999964 ], [ -48.604597699999943, -28.020254199999947 ], [ -48.604597199999944, -28.020257299999969 ], [ -48.604596399999934, -28.020259399999929 ], [ -48.604595699999948, -28.02026079999996 ], [ -48.604594, -28.020263099999962 ], [ -48.604589799999978, -28.02026769999997 ], [ -48.60458749999998, -28.020269799999937 ], [ -48.604584, -28.02027279999993 ], [ -48.604578099999976, -28.020276899999942 ], [ -48.604572599999983, -28.020280099999979 ], [ -48.604569699999949, -28.020281499999946 ], [ -48.604565199999961, -28.020283099999968 ], [ -48.604560099999958, -28.020284099999973 ], [ -48.604549899999938, -28.020285099999974 ], [ -48.604544699999963, -28.020285699999924 ], [ -48.604542199999969, -28.020286099999964 ], [ -48.604536, -28.02028719999992 ], [ -48.604533, -28.020288 ], [ -48.604530099999977, -28.0202892 ], [ -48.604528799999969, -28.020290099999958 ], [ -48.604526599999986, -28.020292099999953 ], [ -48.604525199999962, -28.020293399999954 ], [ -48.604522899999957, -28.02029629999997 ], [ -48.60452, -28.020300899999931 ], [ -48.604518499999983, -28.020304099999958 ], [ -48.604515599999964, -28.020310699999978 ], [ -48.604513399999981, -28.020315499999978 ], [ -48.604512199999931, -28.020317899999945 ], [ -48.60451, -28.020321299999978 ], [ -48.604508599999981, -28.020323699999935 ], [ -48.604505899999936, -28.020328899999985 ], [ -48.604504399999946, -28.020331399999975 ], [ -48.60450359999993, -28.020332499999945 ], [ -48.604501599999935, -28.020334299999945 ], [ -48.604500399999949, -28.020335 ], [ -48.604498399999954, -28.020335699999976 ], [ -48.604488199999942, -28.020337199999961 ], [ -48.604458499999964, -28.020341599999945 ], [ -48.604456299999981, -28.020342199999963 ], [ -48.604455, -28.020342899999932 ], [ -48.604452599999945, -28.020344699999953 ], [ -48.604451599999955, -28.020345799999962 ], [ -48.604449799999941, -28.020348399999932 ], [ -48.604448399999967, -28.020351099999974 ], [ -48.604447599999958, -28.020353099999962 ], [ -48.604446399999979, -28.020356799999941 ], [ -48.60444589999998, -28.020360599999947 ], [ -48.604446, -28.020363199999966 ], [ -48.60444629999995, -28.020365 ], [ -48.604447199999989, -28.020368299999959 ], [ -48.604449799999934, -28.020373799999952 ], [ -48.604456, -28.020384599999936 ], [ -48.604458799999975, -28.020390199999945 ], [ -48.604459899999938, -28.020393099999986 ], [ -48.604461, -28.020396299999955 ], [ -48.604462699999942, -28.020402599999954 ], [ -48.60446409999998, -28.020408899999946 ], [ -48.60446479999996, -28.020413099999921 ], [ -48.60446589999998, -28.020421499999948 ], [ -48.604466199999941, -28.020425099999958 ], [ -48.604466199999941, -28.020426899999961 ], [ -48.604465499999954, -28.020429599999943 ], [ -48.604464299999961, -28.020431799999972 ], [ -48.604462199999944, -28.020433899999947 ], [ -48.60446, -28.020435099999929 ], [ -48.604458199999961, -28.02043539999994 ], [ -48.604454399999952, -28.020435299999971 ], [ -48.60445169999997, -28.020435199999955 ], [ -48.604450299999939, -28.020435399999943 ], [ -48.604448099999956, -28.020435799999973 ], [ -48.604443599999968, -28.020436599999989 ], [ -48.604440299999965, -28.020437399999935 ], [ -48.604437099999977, -28.020438599999977 ], [ -48.604435599999931, -28.020439499999949 ], [ -48.604432399999958, -28.020441899999977 ], [ -48.604430599999944, -28.020443599999965 ], [ -48.604427399999963, -28.02044729999994 ], [ -48.604426099999962, -28.020449199999966 ], [ -48.604423599999961, -28.020453299999925 ], [ -48.604417399999939, -28.020466 ], [ -48.604411899999945, -28.020477 ], [ -48.604408499999977, -28.020484299999964 ], [ -48.604402299999947, -28.020499199999964 ], [ -48.604399699999938, -28.020506799999978 ], [ -48.604398799999956, -28.020510699999928 ], [ -48.604398, -28.020516599999951 ], [ -48.604398, -28.020520599999941 ], [ -48.604398199999935, -28.02052249999997 ], [ -48.60439869999994, -28.020525399999944 ], [ -48.604399599999965, -28.020528499999962 ], [ -48.604400499999947, -28.02053049999995 ], [ -48.60440269999998, -28.020534399999967 ], [ -48.604404, -28.02053619999997 ], [ -48.604407, -28.020539799999931 ], [ -48.604410499999965, -28.020543 ], [ -48.604413099999938, -28.020545 ], [ -48.604414899999945, -28.020546199999956 ], [ -48.604418599999974, -28.020548399999939 ], [ -48.604422599999971, -28.020550399999937 ], [ -48.604430399999956, -28.020553799999952 ], [ -48.604438399999935, -28.020556799999955 ], [ -48.60445459999994, -28.020561799999939 ], [ -48.604464699999944, -28.020564399999945 ], [ -48.604485099999977, -28.020568799999964 ], [ -48.604495199999974, -28.020571299999965 ], [ -48.604500299999984, -28.020572699999946 ], [ -48.604505499999959, -28.020574499999956 ], [ -48.604508, -28.020575599999969 ], [ -48.604511599999967, -28.020577399999976 ], [ -48.604516699999969, -28.020580499999934 ], [ -48.604519799999935, -28.020582899999958 ], [ -48.604521099999943, -28.020584199999973 ], [ -48.604523199999967, -28.020586499999983 ], [ -48.604523399999948, -28.020588 ], [ -48.604522699999968, -28.020589699999963 ], [ -48.604521099999943, -28.020591699999947 ], [ -48.6045142, -28.020598499999938 ], [ -48.604510499999947, -28.020601599999967 ], [ -48.604506599999986, -28.020604299999935 ], [ -48.604504399999946, -28.020605599999961 ], [ -48.60447, -28.02062309999997 ], [ -48.604439199999945, -28.02064 ], [ -48.604436799999981, -28.02064119999994 ], [ -48.604431899999959, -28.020643299999968 ], [ -48.604426799999942, -28.020645199999926 ], [ -48.604416499999957, -28.020648799999943 ], [ -48.604408899999953, -28.020651699999974 ], [ -48.604405199999974, -28.020653399999961 ], [ -48.60439839999998, -28.020656899999935 ], [ -48.604395099999977, -28.020658799999978 ], [ -48.604390299999984, -28.020661899999922 ], [ -48.604385799999932, -28.020665299999965 ], [ -48.604383599999949, -28.020667099999969 ], [ -48.604379599999959, -28.020670899999963 ], [ -48.604377699999986, -28.020672899999955 ], [ -48.604375, -28.020676099999942 ], [ -48.604372299999973, -28.02067969999996 ], [ -48.604367299999986, -28.020686799999961 ], [ -48.60436279999994, -28.020694199999976 ], [ -48.60436, -28.020699099999945 ], [ -48.604355, -28.020709299999972 ], [ -48.604340599999937, -28.020741499999922 ], [ -48.60432909999998, -28.020765899999965 ], [ -48.60430539999993, -28.020814499999968 ], [ -48.604302299999972, -28.020820099999984 ], [ -48.604295099999945, -28.020830899999961 ], [ -48.604291499999931, -28.020836399999947 ], [ -48.604289899999969, -28.020839199999962 ], [ -48.604288199999985, -28.020842399999932 ], [ -48.604285199999936, -28.020848899999972 ], [ -48.604282799999964, -28.020855499999982 ], [ -48.604281499999956, -28.020859899999948 ], [ -48.604279299999973, -28.020868799999956 ], [ -48.604278699999952, -28.020872399999977 ], [ -48.604278599999986, -28.020874199999977 ], [ -48.604278699999952, -28.020877 ], [ -48.604279499999961, -28.020881099999936 ], [ -48.604281, -28.020885199999949 ], [ -48.604282099999985, -28.020887099999975 ], [ -48.604284799999959, -28.020890699999939 ], [ -48.604286699999932, -28.02089279999996 ], [ -48.604290899999974, -28.020896699999977 ], [ -48.604312399999976, -28.02091419999994 ], [ -48.604316, -28.020917099999959 ], [ -48.604323399999942, -28.020922799999941 ], [ -48.604328799999955, -28.020927199999967 ], [ -48.604333799999957, -28.020932 ], [ -48.604336, -28.020934599999961 ], [ -48.6043552, -28.020959599999966 ], [ -48.604375699999942, -28.02098669999998 ], [ -48.60438129999995, -28.020994299999973 ], [ -48.604384799999934, -28.020999399999937 ], [ -48.604391499999963, -28.02101 ], [ -48.604392899999937, -28.021012599999942 ], [ -48.604393699999953, -28.021014499999986 ], [ -48.604394799999959, -28.021018399999956 ], [ -48.604395099999977, -28.021020399999937 ], [ -48.604395299999965, -28.021024399999927 ], [ -48.604395099999984, -28.021028499999947 ], [ -48.604394599999978, -28.021031099999952 ], [ -48.60439319999994, -28.021036199999973 ], [ -48.604390799999983, -28.021041599999926 ], [ -48.604389399999945, -28.021044199999956 ], [ -48.604386799999986, -28.021048 ], [ -48.604383799999937, -28.021051499999942 ], [ -48.604382099999953, -28.021053099999961 ], [ -48.604362799999933, -28.021068499999956 ], [ -48.604357, -28.021073399999977 ], [ -48.604342199999962, -28.021085799999984 ], [ -48.604333799999949, -28.021092399999933 ], [ -48.6043294, -28.021095399999975 ], [ -48.604322499999967, -28.021099599999967 ], [ -48.604312099999959, -28.021104799999929 ], [ -48.604305, -28.021107899999951 ], [ -48.604290599999963, -28.021113699999944 ], [ -48.604277299999978, -28.02111879999995 ], [ -48.604250399999955, -28.021128399999949 ], [ -48.604236199999953, -28.021133199999948 ], [ -48.604229, -28.021135199999947 ], [ -48.60422159999996, -28.021136899999934 ], [ -48.604217899999981, -28.021137599999975 ], [ -48.604213199999954, -28.021138299999958 ], [ -48.604210099999925, -28.021138499999946 ], [ -48.604203899999952, -28.021138799999957 ], [ -48.604194599999971, -28.021138699999934 ], [ -48.604181899999958, -28.021137899999921 ], [ -48.604176, -28.021137599999975 ], [ -48.604168499999957, -28.02113689999992 ], [ -48.604153499999939, -28.021134499999953 ], [ -48.604146, -28.021133799999959 ], [ -48.604142199999956, -28.021133799999966 ], [ -48.604134599999945, -28.021134 ], [ -48.604119499999968, -28.021135 ], [ -48.6041044, -28.021136599999974 ], [ -48.604094399999951, -28.021138 ], [ -48.604087799999945, -28.021139099999971 ], [ -48.604074499999967, -28.021141499999938 ], [ -48.604059699999937, -28.021144699999979 ], [ -48.604049799999984, -28.021147099999936 ], [ -48.604030099999925, -28.021152199999957 ], [ -48.604020199999979, -28.021155 ], [ -48.604000599999956, -28.021160799999965 ], [ -48.603941499999962, -28.021179299999975 ], [ -48.603928499999938, -28.021183299999958 ], [ -48.603922199999943, -28.021185499999941 ], [ -48.603916099999935, -28.021187899999973 ], [ -48.603913099999943, -28.021189299999932 ], [ -48.603907099999965, -28.021192499999987 ], [ -48.603904299999954, -28.021194399999963 ], [ -48.6039, -28.021197499999978 ], [ -48.603898499999957, -28.021198899999945 ], [ -48.603895899999941, -28.021201899999927 ], [ -48.603894, -28.021205099999971 ], [ -48.603893, -28.021207399999984 ], [ -48.603891399999952, -28.021212099999961 ], [ -48.603890499999984, -28.021216299999928 ], [ -48.603889199999969, -28.021224899999929 ], [ -48.603888, -28.021231299999943 ], [ -48.603885399999967, -28.021240699999964 ], [ -48.603883599999968, -28.021245399999945 ], [ -48.603881299999955, -28.02125 ], [ -48.603879799999959, -28.021252299999951 ], [ -48.603877899999986, -28.021254499999944 ], [ -48.603876799999959, -28.02125539999998 ], [ -48.603875, -28.021256499999936 ], [ -48.603872599999931, -28.02125719999998 ], [ -48.603870799999982, -28.021257299999949 ], [ -48.603868199999965, -28.021256899999969 ], [ -48.603865599999956, -28.021256199999979 ], [ -48.603860299999958, -28.021254399999972 ], [ -48.6038564, -28.021253099999964 ], [ -48.603854399999932, -28.021252699999931 ], [ -48.603846399999959, -28.021251599999967 ], [ -48.603842399999962, -28.021251299999957 ], [ -48.603838399999972, -28.021251399999983 ], [ -48.603836399999977, -28.021251699999947 ], [ -48.603833799999961, -28.021252299999965 ], [ -48.603832, -28.021252899999979 ], [ -48.603828699999958, -28.021254299999956 ], [ -48.603827199999955, -28.021255199999921 ], [ -48.603824199999963, -28.021257199999976 ], [ -48.603821499999981, -28.021259499999928 ], [ -48.603819799999947, -28.021261199999962 ], [ -48.60381689999997, -28.021265 ], [ -48.60381509999997, -28.02126769999996 ], [ -48.603812199999943, -28.021273299999969 ], [ -48.603809899999931, -28.02127889999997 ], [ -48.603808599999986, -28.021282599999953 ], [ -48.603806399999939, -28.021290299999972 ], [ -48.603805199999954, -28.021296199999938 ], [ -48.603803299999988, -28.021307899999957 ], [ -48.603802099999932, -28.021313599999932 ], [ -48.603801299999986, -28.021316499999941 ], [ -48.60379869999997, -28.021324699999976 ], [ -48.603797199999981, -28.021328799999935 ], [ -48.603794699999973, -28.021334799999977 ], [ -48.603791899999976, -28.021340699999943 ], [ -48.603790199999935, -28.021343599999966 ], [ -48.603785799999969, -28.0213505 ], [ -48.603776099999955, -28.021363899999969 ], [ -48.603771399999971, -28.021370699999981 ], [ -48.603769199999931, -28.021374199999961 ], [ -48.603730199999966, -28.021438199999977 ], [ -48.603711, -28.021470299999969 ], [ -48.603692199999955, -28.021502699999935 ], [ -48.603683099999962, -28.021519 ], [ -48.603671199999958, -28.021540899999923 ], [ -48.603665399999954, -28.021551899999963 ], [ -48.603657, -28.021568399999971 ], [ -48.603644699999968, -28.021593599999971 ], [ -48.603626899999945, -28.021631899999928 ], [ -48.603615399999967, -28.021657599999969 ], [ -48.603607799999963, -28.021674699999938 ], [ -48.603593099999962, -28.021709099999963 ], [ -48.603582299999964, -28.021734899999945 ], [ -48.603575199999973, -28.021752199999966 ], [ -48.603561399999933, -28.021786799999965 ], [ -48.603541299999968, -28.021838899999974 ], [ -48.603528399999959, -28.021873799999987 ], [ -48.603519899999988, -28.021897199999952 ], [ -48.603503499999938, -28.021944 ], [ -48.603481699999975, -28.022007399999943 ], [ -48.603470899999934, -28.022039199999941 ], [ -48.603455199999985, -28.022087 ], [ -48.60344519999996, -28.022118899999953 ], [ -48.603440299999939, -28.022134899999958 ], [ -48.603433299999949, -28.022159 ], [ -48.603421499999975, -28.022200499999933 ], [ -48.603398299999988, -28.022283699999949 ], [ -48.603381, -28.022346 ], [ -48.603378799999973, -28.022353499999952 ], [ -48.603374299999984, -28.022368299999989 ], [ -48.603371299999935, -28.022379299999947 ], [ -48.603370899999959, -28.022381399999968 ], [ -48.603370699999978, -28.022385299999947 ], [ -48.603371299999935, -28.022389299999919 ], [ -48.603372099999937, -28.022391899999949 ], [ -48.603372799999931, -28.022393599999923 ], [ -48.60337449999998, -28.022397 ], [ -48.603377, -28.022400699999931 ], [ -48.603378899999946, -28.022403099999952 ], [ -48.603383199999946, -28.022407799999932 ], [ -48.603385599999967, -28.022410099999941 ], [ -48.603390599999955, -28.02241449999995 ], [ -48.603395899999953, -28.022418699999943 ], [ -48.6034064, -28.022426099999954 ], [ -48.603413, -28.022430499999928 ], [ -48.603426299999967, -28.022438899999937 ], [ -48.603436099999954, -28.022445199999936 ], [ -48.603458499999931, -28.02246009999994 ], [ -48.60346949999996, -28.022467799999962 ], [ -48.603472199999949, -28.022469799999957 ], [ -48.603473899999976, -28.022471299999946 ], [ -48.603476899999976, -28.022474499999923 ], [ -48.603480899999973, -28.022479699999952 ], [ -48.603483199999971, -28.022483399999935 ], [ -48.603487199999961, -28.022491399999971 ], [ -48.60348909999994, -28.022496499999924 ], [ -48.603489799999977, -28.022499899999946 ], [ -48.603490199999953, -28.02250209999994 ], [ -48.603490499999964, -28.022506699999951 ], [ -48.603490599999986, -28.022518199999983 ], [ -48.603490299999976, -28.022524 ], [ -48.603489599999932, -28.02253259999998 ], [ -48.603488399999954, -28.022541299999943 ], [ -48.603487599999937, -28.022545599999948 ], [ -48.603485599999942, -28.022554299999964 ], [ -48.603484399999957, -28.022558599999986 ], [ -48.603482299999939, -28.022565 ], [ -48.603480299999944, -28.022570299999987 ], [ -48.603479099999959, -28.022572899999943 ], [ -48.603477099999957, -28.022576599999976 ], [ -48.603473699999931, -28.022582 ], [ -48.603469499999967, -28.022587099999942 ], [ -48.603467199999955, -28.022589599999939 ], [ -48.603464699999961, -28.022591899999941 ], [ -48.603459399999963, -28.022596199999953 ], [ -48.603454, -28.02260009999998 ], [ -48.603450199999941, -28.022602399999975 ], [ -48.603442199999961, -28.022606899999964 ], [ -48.603433, -28.022611799999932 ], [ -48.603428299999969, -28.022614099999945 ], [ -48.60342119999995, -28.022617099999938 ], [ -48.603416299999942, -28.02261859999993 ], [ -48.603413799999942, -28.022619199999948 ], [ -48.60341, -28.022619799999969 ], [ -48.603401599999984, -28.02262049999997 ], [ -48.603384699999943, -28.022621299999962 ], [ -48.603379, -28.022621399999938 ], [ -48.603367399999968, -28.022621499999968 ], [ -48.603358799999967, -28.022621899999926 ], [ -48.603357199999955, -28.022622099999975 ], [ -48.603354399999951, -28.022623099999979 ], [ -48.60335189999995, -28.02262479999996 ], [ -48.603350399999954, -28.022626199999923 ], [ -48.603347699999965, -28.022629499999926 ], [ -48.603346599999959, -28.022631199999971 ], [ -48.603345, -28.022634699999969 ], [ -48.603344, -28.022638199999967 ], [ -48.603343599999953, -28.022640499999959 ], [ -48.603343299999949, -28.022645199999932 ], [ -48.603343399999972, -28.022652299999947 ], [ -48.603343699999989, -28.02265589999995 ], [ -48.603344399999969, -28.022661199999963 ], [ -48.603345499999932, -28.022666499999957 ], [ -48.603346299999934, -28.022669099999963 ], [ -48.60335, -28.022679399999951 ], [ -48.603352, -28.022684399999935 ], [ -48.603355499999964, -28.022691799999961 ], [ -48.603359499999947, -28.022698899999959 ], [ -48.603361799999959, -28.022702299999931 ], [ -48.603371599999946, -28.022715699999942 ], [ -48.603378299999974, -28.022724499999974 ], [ -48.603392, -28.022741799999956 ], [ -48.603397399999949, -28.022748199999974 ], [ -48.603408299999948, -28.022760699999932 ], [ -48.603416399999958, -28.022770199999961 ], [ -48.603421799999978, -28.022777599999987 ], [ -48.603424199999949, -28.022781399999925 ], [ -48.603427299999964, -28.02278739999997 ], [ -48.6034289, -28.022791499999975 ], [ -48.60342949999994, -28.022793599999947 ], [ -48.603430199999934, -28.02279679999997 ], [ -48.603431299999961, -28.022804599999972 ], [ -48.603432, -28.022809899999974 ], [ -48.60343289999998, -28.022820399999929 ], [ -48.60343359999996, -28.022836199999961 ], [ -48.603434199999988, -28.022867699999949 ], [ -48.603434699999987, -28.022883499999967 ], [ -48.603435099999956, -28.022891399999949 ], [ -48.603436199999983, -28.022903099999937 ], [ -48.603437199999973, -28.022910499999973 ], [ -48.603439299999941, -28.022925299999944 ], [ -48.603440699999965, -28.022936299999969 ], [ -48.603441499999974, -28.022946899999958 ], [ -48.603441599999933, -28.022952199999967 ], [ -48.603441399999944, -28.022960099999974 ], [ -48.603440699999958, -28.022968 ], [ -48.603440199999966, -28.022971899999956 ], [ -48.603439599999945, -28.022975099999933 ], [ -48.603438099999948, -28.022981199999947 ], [ -48.603436199999976, -28.022987199999928 ], [ -48.603434799999953, -28.022991199999982 ], [ -48.603431599999965, -28.022999199999948 ], [ -48.603425799999968, -28.023012299999952 ], [ -48.603422599999931, -28.023018799999925 ], [ -48.603419099999932, -28.023025099999973 ], [ -48.603417299999933, -28.023028199999949 ], [ -48.603412099999957, -28.023035899999961 ], [ -48.603408499999937, -28.023041 ], [ -48.603401, -28.023051 ], [ -48.603397499999964, -28.023055199999941 ], [ -48.603390199999978, -28.023063499999985 ], [ -48.603386699999923, -28.023067699999967 ], [ -48.603385099999969, -28.023069899999935 ], [ -48.603382699999941, -28.023073599999972 ], [ -48.603378299999981, -28.023081099999956 ], [ -48.603374299999984, -28.023088699999967 ], [ -48.603367, -28.023104399999966 ], [ -48.603359799999971, -28.02312089999997 ], [ -48.603356399999946, -28.023129299999937 ], [ -48.603351599999947, -28.023141899999931 ], [ -48.603346699999975, -28.023156299999979 ], [ -48.603344499999935, -28.023163499999956 ], [ -48.603341599999965, -28.023174399999967 ], [ -48.603339399999982, -28.023185399999935 ], [ -48.603338599999972, -28.023191 ], [ -48.603337199999949, -28.023203899999942 ], [ -48.603335, -28.023229699999945 ], [ -48.603333499999962, -28.023255499999934 ], [ -48.603332899999941, -28.023272799999969 ], [ -48.603332599999931, -28.023284299999936 ], [ -48.60333239999995, -28.023307299999939 ], [ -48.603332699999953, -28.023383399999947 ], [ -48.603332099999932, -28.023423599999948 ], [ -48.603331299999986, -28.023439899999961 ], [ -48.603330599999936, -28.023447499999961 ], [ -48.603329, -28.023459399999968 ], [ -48.603326699999975, -28.023471299999976 ], [ -48.603325299999938, -28.023477199999938 ], [ -48.603323899999964, -28.023481899999979 ], [ -48.603322799999944, -28.023485 ], [ -48.603321599999965, -28.023487699999986 ], [ -48.603320199999985, -28.02349089999997 ], [ -48.603315399999985, -28.02349959999998 ], [ -48.603311899999945, -28.023505299999947 ], [ -48.603304399999956, -28.02351659999993 ], [ -48.603299399999969, -28.023524099999975 ], [ -48.603296899999968, -28.023527699999931 ], [ -48.603292499999945, -28.023532899999957 ], [ -48.603289199999949, -28.023536299999925 ], [ -48.603287299999984, -28.023537899999951 ], [ -48.603284199999955, -28.023540299999972 ], [ -48.603281399999958, -28.023542199999955 ], [ -48.603279499999985, -28.023543399999941 ], [ -48.603275599999968, -28.02354529999997 ], [ -48.603273699999939, -28.023546099999976 ], [ -48.603269699999949, -28.023547499999946 ], [ -48.603265799999981, -28.023548399999971 ], [ -48.603263099999943, -28.023548899999973 ], [ -48.603257799999938, -28.023549399999975 ], [ -48.603253399999971, -28.023549299999949 ], [ -48.603251199999931, -28.023549099999972 ], [ -48.6032479, -28.02354849999994 ], [ -48.603242899999948, -28.023547099999966 ], [ -48.603238099999935, -28.023545 ], [ -48.603235799999929, -28.023543699999948 ], [ -48.603233, -28.023541899999952 ], [ -48.603228, -28.023538199999958 ], [ -48.603223499999949, -28.023534299999941 ], [ -48.603220799999974, -28.023531599999956 ], [ -48.603215699999964, -28.023525699999944 ], [ -48.603207, -28.023514399999954 ], [ -48.603202899999985, -28.0235087 ], [ -48.603197299999977, -28.023499799999975 ], [ -48.603192799999924, -28.023491699999965 ], [ -48.603184299999953, -28.023475399999924 ], [ -48.603177799999969, -28.023463199999984 ], [ -48.603169599999951, -28.023449199999959 ], [ -48.603165099999948, -28.023442299999932 ], [ -48.603157899999978, -28.023432 ], [ -48.603156299999974, -28.023430099999931 ], [ -48.603152499999958, -28.023426599999926 ], [ -48.603148099999949, -28.02342369999997 ], [ -48.603145099999949, -28.023422 ], [ -48.603139, -28.023419199999978 ], [ -48.603136199999938, -28.023418499999938 ], [ -48.603133699999944, -28.023418399999969 ], [ -48.603131, -28.023418899999964 ], [ -48.603128899999945, -28.023419899999961 ], [ -48.603127499999971, -28.023421 ], [ -48.603126499999973, -28.023422299999925 ], [ -48.603124799999932, -28.023424899999956 ], [ -48.603123699999969, -28.023427599999934 ], [ -48.60312219999998, -28.023433199999943 ], [ -48.603119099999958, -28.023449099999937 ], [ -48.603118099999961, -28.02345709999997 ], [ -48.603112899999985, -28.023522699999948 ], [ -48.60311059999998, -28.023555499999919 ], [ -48.603108799999973, -28.023588399999944 ], [ -48.603108099999986, -28.023604799999937 ], [ -48.603106899999943, -28.023640099999962 ], [ -48.603106499999967, -28.023657799999963 ], [ -48.603106399999945, -28.023668399999956 ], [ -48.603106599999933, -28.023689599999948 ], [ -48.603106399999938, -28.023705499999945 ], [ -48.603104399999957, -28.023758899999947 ], [ -48.603104199999962, -28.023765499999964 ], [ -48.603102199999967, -28.023830499999967 ], [ -48.60310149999998, -28.023843499999931 ], [ -48.60310069999997, -28.023852099999935 ], [ -48.60309849999993, -28.023869399999974 ], [ -48.603098099999954, -28.023871299999932 ], [ -48.603097699999971, -28.023872599999937 ], [ -48.603096599999958, -28.023875 ], [ -48.603094299999952, -28.02387849999996 ], [ -48.603092299999958, -28.0238806 ], [ -48.603090799999961, -28.023882 ], [ -48.603087499999958, -28.02388459999997 ], [ -48.603085399999941, -28.023885699999926 ], [ -48.603082599999937, -28.023886599999976 ], [ -48.603079199999968, -28.023887 ], [ -48.603076899999962, -28.023886899999987 ], [ -48.603075399999966, -28.023886699999938 ], [ -48.603072599999955, -28.023886 ], [ -48.603068599999972, -28.023884499999955 ], [ -48.603066599999977, -28.023883599999984 ], [ -48.603063799999973, -28.023881899999939 ], [ -48.603061199999964, -28.023879799999971 ], [ -48.60306, -28.023878499999963 ], [ -48.603058099999949, -28.02387629999998 ], [ -48.603054899999968, -28.023871699999965 ], [ -48.603052299999952, -28.023867 ], [ -48.603050799999949, -28.023863799999948 ], [ -48.603048299999962, -28.023857099999933 ], [ -48.60304529999997, -28.02384729999994 ], [ -48.603044199999943, -28.023842399999971 ], [ -48.603043499999956, -28.023837499999964 ], [ -48.603043299999975, -28.023835 ], [ -48.603043199999945, -28.023827599999944 ], [ -48.60304339999994, -28.023823899999968 ], [ -48.603044099999977, -28.023818299999952 ], [ -48.60304519999994, -28.023813099999984 ], [ -48.603046099999972, -28.023810099999931 ], [ -48.603056, -28.023784599999935 ], [ -48.6030631, -28.023764799999981 ], [ -48.603066499999954, -28.023754899999975 ], [ -48.603071199999938, -28.023739799999934 ], [ -48.6030722, -28.023736099999944 ], [ -48.603073399999971, -28.023728799999954 ], [ -48.603074, -28.023721399999943 ], [ -48.603074499999941, -28.023706599999965 ], [ -48.603074899999974, -28.023697899999938 ], [ -48.603074499999941, -28.023693499999986 ], [ -48.603073699999989, -28.023690599999949 ], [ -48.603073099999961, -28.023689199999964 ], [ -48.603071899999982, -28.023687 ], [ -48.603070299999963, -28.023684899999974 ], [ -48.603069099999978, -28.023683699999943 ], [ -48.603066499999962, -28.023681699999933 ], [ -48.603065099999988, -28.023680899999938 ], [ -48.603062099999931, -28.023679499999947 ], [ -48.603058899999951, -28.023678399999937 ], [ -48.603052299999952, -28.023676399999939 ], [ -48.603047099999962, -28.023675 ], [ -48.603044399999931, -28.02367449999997 ], [ -48.603040399999941, -28.023674099999937 ], [ -48.60303719999996, -28.02367439999994 ], [ -48.603034699999974, -28.023675099999934 ], [ -48.603029, -28.023677799999973 ], [ -48.603025299999963, -28.023679799999961 ], [ -48.603018299999974, -28.023684399999976 ], [ -48.602998, -28.023699399999934 ], [ -48.602988099999948, -28.023707199999937 ], [ -48.602959299999952, -28.023731299999952 ], [ -48.602922199999973, -28.023763499999966 ], [ -48.602897799999937, -28.023785099999952 ], [ -48.602849099999958, -28.02382879999994 ], [ -48.6028424, -28.023835199999947 ], [ -48.602838299999981, -28.023839799999937 ], [ -48.602835599999935, -28.023843 ], [ -48.602830499999989, -28.023849799999937 ], [ -48.602828899999956, -28.023852199999954 ], [ -48.602826399999977, -28.023857099999923 ], [ -48.602824599999963, -28.023862099999967 ], [ -48.602823699999931, -28.023865499999946 ], [ -48.602822799999956, -28.023872199999968 ], [ -48.602822599999968, -28.02387589999994 ], [ -48.602822799999956, -28.023877799999983 ], [ -48.602823299999955, -28.023880599999984 ], [ -48.602824299999952, -28.023883399999924 ], [ -48.602825, -28.023884799999969 ], [ -48.602826899999968, -28.02388749999994 ], [ -48.602828099999961, -28.023888799999956 ], [ -48.602830199999971, -28.023890699999981 ], [ -48.602831299999927, -28.023891399999968 ], [ -48.60283359999994, -28.023892299999936 ], [ -48.602835099999929, -28.023892599999957 ], [ -48.602838199999951, -28.023892599999954 ], [ -48.602840499999957, -28.023892599999957 ], [ -48.602869499999947, -28.023893499999929 ], [ -48.60287859999994, -28.023893799999932 ], [ -48.602883199999951, -28.023894499999983 ], [ -48.602886099999978, -28.023895399999951 ], [ -48.602887599999974, -28.023896 ], [ -48.602889799999964, -28.023897299999927 ], [ -48.602891799999959, -28.023898799999973 ], [ -48.602892899999972, -28.0239 ], [ -48.602894599999956, -28.023902599999925 ], [ -48.602895199999978, -28.023904 ], [ -48.602896, -28.023906799999963 ], [ -48.602896199999975, -28.02390969999993 ], [ -48.602896199999975, -28.023911599999966 ], [ -48.602895499999931, -28.023915199999973 ], [ -48.602894099999958, -28.023919299999925 ], [ -48.602893, -28.023921399999949 ], [ -48.602890899999977, -28.023924399999942 ], [ -48.602888, -28.023927099999984 ], [ -48.602886199999936, -28.02392819999994 ], [ -48.602883499999969, -28.023929599999981 ], [ -48.602881799999977, -28.02393029999995 ], [ -48.602878199999964, -28.023931399999977 ], [ -48.602872799999943, -28.023932199999926 ], [ -48.602861799999978, -28.023932899999977 ], [ -48.602859299999977, -28.023933099999955 ], [ -48.602854099999945, -28.023933099999958 ], [ -48.602838499999969, -28.023932199999944 ], [ -48.6028333, -28.023932199999944 ], [ -48.602830699999963, -28.023932299999945 ], [ -48.602826799999939, -28.023932799999951 ], [ -48.602823699999931, -28.023933299999957 ], [ -48.602817899999941, -28.023935 ], [ -48.602812299999982, -28.023937499999935 ], [ -48.602808799999941, -28.023939599999942 ], [ -48.6028065, -28.023941099999941 ], [ -48.602802199999985, -28.023944699999969 ], [ -48.602798299999961, -28.023948499999964 ], [ -48.602796599999976, -28.023950499999952 ], [ -48.602794299999964, -28.023953399999989 ], [ -48.602791399999951, -28.023958099999948 ], [ -48.602789199999968, -28.023963 ], [ -48.602788499999974, -28.023965599999926 ], [ -48.602780399999972, -28.023998099999968 ], [ -48.602765199999965, -28.024063299999959 ], [ -48.602757499999939, -28.024095799999937 ], [ -48.602757, -28.024098 ], [ -48.602753499999949, -28.024112099999968 ], [ -48.602745199999966, -28.024144099999944 ], [ -48.60274069999997, -28.02416 ], [ -48.602739599999957, -28.024162899999951 ], [ -48.602738599999952, -28.024164699999975 ], [ -48.602736199999988, -28.024168199999973 ], [ -48.602734799999944, -28.024169799999981 ], [ -48.602731599999977, -28.02417289999994 ], [ -48.602728, -28.024175699999947 ], [ -48.602725499999963, -28.024177399999928 ], [ -48.60272029999993, -28.024180699999935 ], [ -48.602717799999944, -28.024181899999963 ], [ -48.602716, -28.024182499999934 ], [ -48.602712199999985, -28.024183299999947 ], [ -48.602709499999953, -28.024183399999966 ], [ -48.602707699999947, -28.024183399999956 ], [ -48.602704199999955, -28.024183 ], [ -48.602700399999947, -28.024182 ], [ -48.602696899999955, -28.024180399999985 ], [ -48.602695399999959, -28.024179499999953 ], [ -48.602689599999962, -28.024175 ], [ -48.602686899999973, -28.024172599999932 ], [ -48.602683199999944, -28.024168699999962 ], [ -48.60268, -28.02416449999998 ], [ -48.602678699999956, -28.02416229999994 ], [ -48.602672799999944, -28.024150799999969 ], [ -48.602670099999962, -28.024145 ], [ -48.602666399999976, -28.024136299999952 ], [ -48.602664199999936, -28.024130399999937 ], [ -48.602660299999975, -28.024118699999963 ], [ -48.602657099999924, -28.02411 ], [ -48.602656599999939, -28.024108699999939 ], [ -48.602655799999987, -28.024107 ], [ -48.602653, -28.024101099999939 ], [ -48.602649699999972, -28.024095399999972 ], [ -48.602647199999979, -28.024091699999932 ], [ -48.602641799999958, -28.024084399999939 ], [ -48.602639799999963, -28.024082099999926 ], [ -48.602635599999985, -28.024077799999926 ], [ -48.602630899999951, -28.024073899999959 ], [ -48.602627699999971, -28.024071399999976 ], [ -48.602620799999954, -28.024066599999969 ], [ -48.602615799999967, -28.024063499999951 ], [ -48.602613199999951, -28.024062199999946 ], [ -48.602609299999983, -28.024060399999932 ], [ -48.602603199999983, -28.024058299999968 ], [ -48.602600699999982, -28.0240578 ], [ -48.602599099999971, -28.024057499999969 ], [ -48.602595599999972, -28.024057299999978 ], [ -48.602590399999933, -28.024057599999932 ], [ -48.602586899999942, -28.02405819999996 ], [ -48.602584499999978, -28.024058699999959 ], [ -48.60258, -28.02406 ], [ -48.602569799999969, -28.024063599999987 ], [ -48.602564799999975, -28.024065699999944 ], [ -48.602560099999955, -28.024068099999965 ], [ -48.602557899999972, -28.024069399999963 ], [ -48.602553899999982, -28.024072399999959 ], [ -48.602552099999969, -28.024074099999947 ], [ -48.602549799999956, -28.024076899999951 ], [ -48.602422399999966, -28.024255799999942 ], [ -48.602389, -28.024318499999936 ], [ -48.602384499999971, -28.02432739999994 ], [ -48.602382399999954, -28.024332 ], [ -48.602379499999984, -28.024339 ], [ -48.602375599999966, -28.02434959999993 ], [ -48.602372299999949, -28.024360499999933 ], [ -48.6023709, -28.024366 ], [ -48.60236869999995, -28.024377099999974 ], [ -48.602367799999968, -28.024382599999978 ], [ -48.602366899999936, -28.024390899999954 ], [ -48.602366299999979, -28.024401899999919 ], [ -48.602366299999979, -28.024407399999976 ], [ -48.602366799999977, -28.024415499999975 ], [ -48.602367699999945, -28.024423499999962 ], [ -48.602368299999966, -28.024427499999941 ], [ -48.602369399999986, -28.024432599999955 ], [ -48.602372, -28.024442599999933 ], [ -48.602375399999978, -28.024452499999942 ], [ -48.602378099999953, -28.024459099999934 ], [ -48.60238, -28.024463399999949 ], [ -48.602384299999983, -28.024472 ], [ -48.602389599999981, -28.02448139999996 ], [ -48.602393499999948, -28.024487699999952 ], [ -48.602401799999939, -28.0245 ], [ -48.602406299999977, -28.024506099999929 ], [ -48.6024159, -28.024518 ], [ -48.602426, -28.02452959999993 ], [ -48.602433099999985, -28.02453729999996 ], [ -48.602447799999943, -28.024552199999956 ], [ -48.60245279999998, -28.02455689999994 ], [ -48.602456299999972, -28.024559899999925 ], [ -48.602463399999976, -28.024565399999972 ], [ -48.602474399999956, -28.024573199999963 ], [ -48.602497, -28.024587699999977 ], [ -48.602508, -28.024595399999956 ], [ -48.602513299999941, -28.024599499999972 ], [ -48.602521, -28.024606199999941 ], [ -48.602535199999977, -28.024619099999921 ], [ -48.602542, -28.024625699999937 ], [ -48.602546199999956, -28.024630299999956 ], [ -48.602548099999986, -28.024632699999987 ], [ -48.60255079999996, -28.024636199999971 ], [ -48.602553799999953, -28.024641199999976 ], [ -48.602555099999954, -28.024643799999978 ], [ -48.602556599999964, -28.024647699999949 ], [ -48.602557699999977, -28.024651799999948 ], [ -48.602558, -28.024653899999979 ], [ -48.602558699999975, -28.024659799999942 ], [ -48.602559499999977, -28.024671699999949 ], [ -48.602559699999972, -28.024683699999965 ], [ -48.602559499999984, -28.024691699999941 ], [ -48.602558399999957, -28.024707699999968 ], [ -48.602557099999956, -28.024719699999938 ], [ -48.60255589999997, -28.024727799999933 ], [ -48.602553299999954, -28.02474379999996 ], [ -48.602548399999925, -28.024767799999935 ], [ -48.602537599999948, -28.024815399999969 ], [ -48.60253419999998, -28.02483 ], [ -48.602526799999964, -28.024859099999958 ], [ -48.602521599999932, -28.024878399999974 ], [ -48.602511, -28.024917099999982 ], [ -48.602503399999925, -28.024946199999935 ], [ -48.602498799999971, -28.024965699999932 ], [ -48.602496599999938, -28.02497539999996 ], [ -48.602493599999953, -28.024990099999961 ], [ -48.602489799999944, -28.025012299999954 ], [ -48.60248729999995, -28.025029699999951 ], [ -48.602485899999976, -28.025041399999967 ], [ -48.602483499999956, -28.025064599999951 ], [ -48.602481599999976, -28.025087899999967 ], [ -48.60247829999998, -28.025134599999934 ], [ -48.602475899999952, -28.02516949999994 ], [ -48.602475599999934, -28.025177 ], [ -48.602475599999934, -28.025182 ], [ -48.602476199999963, -28.025192 ], [ -48.602477099999938, -28.025202 ], [ -48.602478299999973, -28.025213399999927 ], [ -48.60247929999997, -28.025222 ], [ -48.60248, -28.025232 ], [ -48.602480199999953, -28.025237 ], [ -48.60248009999998, -28.025240499999935 ], [ -48.60248, -28.025247 ], [ -48.602479599999981, -28.025252 ], [ -48.602478499999961, -28.025259399999985 ], [ -48.602476699999954, -28.025266899999963 ], [ -48.602475499999976, -28.025270599999942 ], [ -48.602474899999947, -28.025272099999945 ], [ -48.602473499999974, -28.025274899999935 ], [ -48.602471699999974, -28.025277599999971 ], [ -48.602470299999943, -28.025279399999924 ], [ -48.602467199999978, -28.025282599999965 ], [ -48.602464599999962, -28.025284799999945 ], [ -48.602462799999955, -28.025286199999972 ], [ -48.602458799999965, -28.025288799999934 ], [ -48.602452699999958, -28.025292099999934 ], [ -48.60244849999998, -28.025294 ], [ -48.602445699999976, -28.025295 ], [ -48.602440299999955, -28.025296699999956 ], [ -48.602437099999975, -28.025297399999939 ], [ -48.602434899999935, -28.025297699999943 ], [ -48.602430599999934, -28.025297799999972 ], [ -48.602428499999974, -28.025297699999953 ], [ -48.602424199999966, -28.025297199999958 ], [ -48.60242, -28.025296099999931 ], [ -48.602417099999968, -28.025295199999949 ], [ -48.602411499999953, -28.025292899999954 ], [ -48.602405099999949, -28.025289499999936 ], [ -48.602400799999941, -28.025286899999962 ], [ -48.6023924, -28.025280899999931 ], [ -48.60238389999995, -28.025274199999963 ], [ -48.602366899999936, -28.025259699999939 ], [ -48.602361, -28.025254899999929 ], [ -48.602354, -28.025249099999936 ], [ -48.602345299999968, -28.025242599999959 ], [ -48.602341, -28.025239699999933 ], [ -48.602334399999961, -28.025235699999936 ], [ -48.602327899999985, -28.02523239999994 ], [ -48.602324499999945, -28.025231099999925 ], [ -48.6023201, -28.025229599999928 ], [ -48.602317899999953, -28.02522909999993 ], [ -48.602314499999977, -28.025228399999943 ], [ -48.602309399999967, -28.02522789999994 ], [ -48.602289099999943, -28.025227399999949 ], [ -48.602278499999954, -28.025227599999941 ], [ -48.60226769999997, -28.025228 ], [ -48.6022622, -28.025228499999979 ], [ -48.602251199999962, -28.025229699999961 ], [ -48.602245699999969, -28.025230599999922 ], [ -48.602237399999979, -28.025232099999972 ], [ -48.602226499999979, -28.025234899999919 ], [ -48.602221199999974, -28.025236599999968 ], [ -48.602213199999944, -28.025239499999945 ], [ -48.602205399999946, -28.025243 ], [ -48.602201599999944, -28.025245 ], [ -48.602192099999975, -28.025250499999977 ], [ -48.602186199999942, -28.025254399999934 ], [ -48.602182399999954, -28.025257 ], [ -48.602175099999961, -28.025262599999966 ], [ -48.60217, -28.025267 ], [ -48.60216029999998, -28.025276 ], [ -48.602151299999953, -28.025285299999954 ], [ -48.602145599999972, -28.025291699999961 ], [ -48.602134799999931, -28.025304599999963 ], [ -48.602133, -28.025306899999965 ], [ -48.602129899999966, -28.025311799999937 ], [ -48.602127299999957, -28.025317 ], [ -48.602125799999953, -28.025320599999933 ], [ -48.602123399999982, -28.025328099999967 ], [ -48.602122399999978, -28.025332 ], [ -48.602120799999966, -28.025339899999945 ], [ -48.602119599999973, -28.025348099999977 ], [ -48.602117899999939, -28.025364799999974 ], [ -48.602116499999973, -28.025377199999983 ], [ -48.602115599999934, -28.025383199999965 ], [ -48.602114, -28.025391099999979 ], [ -48.602113099999947, -28.025394899999977 ], [ -48.602111399999963, -28.025400499999929 ], [ -48.602109199999973, -28.02540579999993 ], [ -48.602108, -28.02540839999995 ], [ -48.602105199999983, -28.025413299999975 ], [ -48.602103599999971, -28.02541559999997 ], [ -48.602100899999982, -28.025419 ], [ -48.602099199999941, -28.02542039999998 ], [ -48.602096499999966, -28.025421599999966 ], [ -48.602094099999931, -28.02542179999994 ], [ -48.602092, -28.025421399999967 ], [ -48.60209059999994, -28.025421 ], [ -48.602087599999948, -28.025419599999971 ], [ -48.602085199999969, -28.025418199999933 ], [ -48.602080299999955, -28.025414499999957 ], [ -48.602075199999952, -28.02541 ], [ -48.602064599999949, -28.025399899999961 ], [ -48.602056599999976, -28.025392399999923 ], [ -48.602052599999979, -28.025389 ], [ -48.602047499999969, -28.025385299999982 ], [ -48.602045, -28.025383799999929 ], [ -48.602041399999962, -28.025382199999957 ], [ -48.602038599999958, -28.025381499999984 ], [ -48.602036399999982, -28.025381399999951 ], [ -48.602033799999958, -28.025381899999967 ], [ -48.602031899999986, -28.025382799999925 ], [ -48.602029799999968, -28.025384599999942 ], [ -48.602023899999949, -28.025391099999982 ], [ -48.602021099999945, -28.025394399999978 ], [ -48.60201719999997, -28.025399599999965 ], [ -48.602013699999986, -28.025405 ], [ -48.602012299999963, -28.025407799999986 ], [ -48.602009899999985, -28.02541339999993 ], [ -48.602009099999982, -28.025416399999987 ], [ -48.602008299999973, -28.025420799999946 ], [ -48.60200709999998, -28.025435899999934 ], [ -48.602006799999977, -28.025446 ], [ -48.602006699999954, -28.025452699999956 ], [ -48.602007, -28.025466099999978 ], [ -48.602008099999978, -28.025486299999944 ], [ -48.602009099999975, -28.025499699999958 ], [ -48.602011699999927, -28.025526599999964 ], [ -48.60201439999998, -28.025556799999944 ], [ -48.602015599999959, -28.025577 ], [ -48.602016, -28.025587 ], [ -48.602016, -28.025602099999968 ], [ -48.602015399999971, -28.025617199999949 ], [ -48.602014799999949, -28.02562469999997 ], [ -48.602013899999967, -28.025632699999967 ], [ -48.602011699999942, -28.025648699999973 ], [ -48.60201, -28.025659299999969 ], [ -48.602006499999959, -28.025680699999945 ], [ -48.602004, -28.025696699999958 ], [ -48.602002099999943, -28.025712699999932 ], [ -48.602001499999972, -28.025720699999955 ], [ -48.602001, -28.025732699999935 ], [ -48.6020008, -28.025768299999985 ], [ -48.602001099999939, -28.025792 ], [ -48.602002099999943, -28.025839399999938 ], [ -48.602002599999935, -28.025856299999933 ], [ -48.602004099999931, -28.025890199999942 ], [ -48.602005899999938, -28.025924099999934 ], [ -48.60201, -28.025991799999918 ], [ -48.602012899999984, -28.026042499999956 ], [ -48.602014, -28.026067899999926 ], [ -48.602014, -28.026077899999954 ], [ -48.602013599999964, -28.026084599999944 ], [ -48.602013099999972, -28.026089 ], [ -48.602011699999935, -28.026097799999949 ], [ -48.602010299999961, -28.026104399999966 ], [ -48.602009299999963, -28.026108799999978 ], [ -48.602006899999935, -28.026117499999934 ], [ -48.602002499999976, -28.026130499999951 ], [ -48.601999199999973, -28.026139099999973 ], [ -48.601991799999951, -28.026156099999977 ], [ -48.601990699999931, -28.026157899999919 ], [ -48.601988899999981, -28.026159699999937 ], [ -48.601985899999931, -28.026161299999949 ], [ -48.601983599999983, -28.026162099999958 ], [ -48.601981899999942, -28.026162499999934 ], [ -48.601978299999985, -28.026162899999974 ], [ -48.601976399999955, -28.026163 ], [ -48.601972499999931, -28.026162799999948 ], [ -48.601969899999972, -28.026162499999934 ], [ -48.601964599999974, -28.026161399999971 ], [ -48.601960799999972, -28.026160299999958 ], [ -48.601957199999958, -28.026158799999951 ], [ -48.601955599999947, -28.026158 ], [ -48.601953299999934, -28.026156599999979 ], [ -48.601950599999959, -28.026154499999969 ], [ -48.60194949999994, -28.026153399999949 ], [ -48.601948199999981, -28.026151699999954 ], [ -48.601947099999961, -28.026149299999933 ], [ -48.601944899999978, -28.026139 ], [ -48.601944, -28.026132299999979 ], [ -48.60194359999997, -28.026127899999942 ], [ -48.601943299999952, -28.026119 ], [ -48.601943299999959, -28.026112299999973 ], [ -48.601944, -28.026098899999962 ], [ -48.601944699999933, -28.026089899999928 ], [ -48.601946599999962, -28.026071899999977 ], [ -48.601948, -28.026058499999969 ], [ -48.601948899999975, -28.026045 ], [ -48.601949099999963, -28.026038299999978 ], [ -48.601949, -28.02602829999995 ], [ -48.60194829999994, -28.026018399999945 ], [ -48.601947699999975, -28.02601339999995 ], [ -48.601944199999934, -28.025991099999946 ], [ -48.601942199999939, -28.02598 ], [ -48.601938699999955, -28.025963399999966 ], [ -48.601934599999936, -28.025946799999936 ], [ -48.601932099999942, -28.025938499999931 ], [ -48.601928499999985, -28.025927599999928 ], [ -48.601926499999941, -28.025922099999953 ], [ -48.601923199999931, -28.025913899999967 ], [ -48.601917599999979, -28.025901699999963 ], [ -48.60191569999995, -28.025898699999974 ], [ -48.601913899999943, -28.025896699999979 ], [ -48.601912599999935, -28.02589549999993 ], [ -48.601909599999942, -28.025893199999928 ], [ -48.601907899999958, -28.025892099999968 ], [ -48.601904299999944, -28.025890199999932 ], [ -48.601900399999977, -28.025888499999958 ], [ -48.601895, -28.025886699999937 ], [ -48.601892299999975, -28.025886099999965 ], [ -48.601888199999969, -28.025885399999915 ], [ -48.60188629999994, -28.025885199999944 ], [ -48.601883299999947, -28.025885099999975 ], [ -48.601879699999976, -28.025885299999967 ], [ -48.601878, -28.025885599999985 ], [ -48.601875699999937, -28.025886299999957 ], [ -48.601873099999985, -28.025887599999965 ], [ -48.601870699999957, -28.025889699999944 ], [ -48.601869499999971, -28.025891499999936 ], [ -48.601862499999989, -28.025906199999952 ], [ -48.601858199999981, -28.025916199999987 ], [ -48.601850199999951, -28.025936299999948 ], [ -48.601846399999943, -28.025946499999975 ], [ -48.601839399999967, -28.025967 ], [ -48.601833, -28.025987699999977 ], [ -48.601828899999937, -28.026001599999972 ], [ -48.601821299999983, -28.02602949999994 ], [ -48.601816399999962, -28.026046199999939 ], [ -48.601805599999985, -28.026079599999939 ], [ -48.601802499999962, -28.026090799999963 ], [ -48.601801199999954, -28.026096399999975 ], [ -48.60179949999997, -28.026104699999966 ], [ -48.60179839999995, -28.026112099999978 ], [ -48.601798099999947, -28.02611579999996 ], [ -48.601797699999963, -28.026121299999939 ], [ -48.6017978, -28.026129499999964 ], [ -48.601798599999938, -28.02613759999997 ], [ -48.601799399999955, -28.026141699999972 ], [ -48.601800499999968, -28.026145799999934 ], [ -48.601801499999958, -28.026148599999949 ], [ -48.601804, -28.026153899999944 ], [ -48.601807, -28.02615909999998 ], [ -48.601814, -28.026169399999954 ], [ -48.601819199999966, -28.026177 ], [ -48.601828299999966, -28.026190199999963 ], [ -48.6018476, -28.026215699999966 ], [ -48.601857099999961, -28.026228499999942 ], [ -48.60186159999995, -28.026235099999962 ], [ -48.60186559999994, -28.02624179999998 ], [ -48.601867499999976, -28.026245299999971 ], [ -48.60187, -28.026250799999957 ], [ -48.601872199999939, -28.026256499999942 ], [ -48.601873, -28.026259399999969 ], [ -48.601874299999963, -28.026265299999977 ], [ -48.601874699999946, -28.026268199999944 ], [ -48.601875, -28.026272499999941 ], [ -48.601874599999967, -28.026278199999968 ], [ -48.601874099999975, -28.026280899999961 ], [ -48.601872899999933, -28.026285 ], [ -48.601871, -28.026288799999982 ], [ -48.601869899999947, -28.026290699999947 ], [ -48.601867699999957, -28.02629359999997 ], [ -48.601866099999938, -28.026295299999958 ], [ -48.601862299999937, -28.02629839999998 ], [ -48.601860299999942, -28.026299799999943 ], [ -48.601855899999983, -28.026302299999937 ], [ -48.601851199999942, -28.026304499999974 ], [ -48.601841599999943, -28.026308299999982 ], [ -48.601839599999948, -28.026309 ], [ -48.601835699999988, -28.02631 ], [ -48.601831699999934, -28.026310499999958 ], [ -48.601829, -28.02631069999995 ], [ -48.601823499999966, -28.026310699999947 ], [ -48.601815099999946, -28.02631 ], [ -48.601798199999962, -28.026307199999955 ], [ -48.6017897, -28.026305899999958 ], [ -48.601785599999978, -28.026305599999933 ], [ -48.601780099999985, -28.026305399999949 ], [ -48.601777399999946, -28.026305499999975 ], [ -48.601773399999963, -28.026305899999951 ], [ -48.601769399999966, -28.026306699999971 ], [ -48.601767499999944, -28.026307199999955 ], [ -48.601763699999935, -28.026308699999952 ], [ -48.60176179999997, -28.026309599999927 ], [ -48.601759099999981, -28.026311199999949 ], [ -48.60175449999997, -28.026314199999945 ], [ -48.601751599999943, -28.026316299999952 ], [ -48.601746099999957, -28.026320699999928 ], [ -48.601740399999976, -28.026325799999949 ], [ -48.601735199999943, -28.026331199999962 ], [ -48.601732699999957, -28.026334 ], [ -48.601728299999934, -28.026339799999953 ], [ -48.601726299999932, -28.026342799999956 ], [ -48.601723499999927, -28.026347299999941 ], [ -48.601720399999977, -28.026353599999933 ], [ -48.601719, -28.026356899999946 ], [ -48.601717599999972, -28.026360599999972 ], [ -48.601717199999932, -28.026361799999961 ], [ -48.601715099999979, -28.026369399999965 ], [ -48.601713099999984, -28.02638 ], [ -48.601711899999941, -28.026387099999962 ], [ -48.601710299999979, -28.026401299999975 ], [ -48.601709799999973, -28.02640839999998 ], [ -48.601709399999947, -28.026422699999952 ], [ -48.601709799999988, -28.026436899999954 ], [ -48.601710599999933, -28.026446399999944 ], [ -48.601711199999961, -28.026452699999947 ], [ -48.601713099999984, -28.026465099999932 ], [ -48.601715, -28.026476099999964 ], [ -48.601719399999986, -28.026497799999959 ], [ -48.601724399999966, -28.026519599999975 ], [ -48.601727899999958, -28.026534 ], [ -48.601735199999943, -28.026562899999931 ], [ -48.601737599999979, -28.026570399999979 ], [ -48.601739599999974, -28.026575399999945 ], [ -48.601744399999973, -28.026585299999969 ], [ -48.60175, -28.026595199999971 ], [ -48.60176169999994, -28.026614799999937 ], [ -48.601767, -28.026624399999939 ], [ -48.601769399999966, -28.026629199999938 ], [ -48.601772199999978, -28.026635599999956 ], [ -48.601773299999934, -28.026638699999975 ], [ -48.601774799999937, -28.026643399999944 ], [ -48.601775799999977, -28.026648099999932 ], [ -48.601776199999961, -28.026650399999927 ], [ -48.601776499999971, -28.026655099999978 ], [ -48.601776499999978, -28.026657399999976 ], [ -48.601776199999961, -28.026660799999942 ], [ -48.601775699999962, -28.026663799999945 ], [ -48.601774, -28.02666969999996 ], [ -48.601771599999957, -28.026675399999927 ], [ -48.601769599999955, -28.026679199999933 ], [ -48.601768099999958, -28.026681599999947 ], [ -48.601764699999933, -28.026686499999986 ], [ -48.601760499999955, -28.026691799999973 ], [ -48.60175739999994, -28.026695399999927 ], [ -48.601750599999946, -28.02670229999995 ], [ -48.601739399999985, -28.02671259999995 ], [ -48.601715399999932, -28.026733 ], [ -48.601703799999932, -28.026743499999949 ], [ -48.60169829999996, -28.026748799999943 ], [ -48.601690699999949, -28.026757 ], [ -48.601686199999968, -28.026762599999987 ], [ -48.601684099999943, -28.026765399999928 ], [ -48.601681299999939, -28.026769799999965 ], [ -48.601647399999933, -28.026823499999978 ], [ -48.601639499999983, -28.026836699999937 ], [ -48.6016365, -28.026841799999932 ], [ -48.601631299999951, -28.026851099999924 ], [ -48.60162459999998, -28.026863599999956 ], [ -48.601621499999965, -28.026869899999955 ], [ -48.601617099999949, -28.026879499999939 ], [ -48.601611099999964, -28.026894 ], [ -48.601584499999952, -28.026965 ], [ -48.60157149999997, -28.027000499999922 ], [ -48.601552499999968, -28.027053899999935 ], [ -48.601533899999936, -28.027107299999955 ], [ -48.601524899999966, -28.027134099999955 ], [ -48.601507099999935, -28.027187799999972 ], [ -48.601498499999941, -28.027214699999934 ], [ -48.601485799999978, -28.027255199999956 ], [ -48.6014613, -28.027334899999971 ], [ -48.601413, -28.027494699999973 ], [ -48.60140569999993, -28.027519199999972 ], [ -48.601391599999943, -28.027568399999947 ], [ -48.601378099999984, -28.027617599999932 ], [ -48.601369299999938, -28.027650399999981 ], [ -48.601352199999951, -28.027716099999964 ], [ -48.601349699999957, -28.027727299999984 ], [ -48.601348599999938, -28.027734699999939 ], [ -48.601348, -28.02773969999998 ], [ -48.601347399999952, -28.027749799999981 ], [ -48.601347199999964, -28.027757399999924 ], [ -48.601347299999979, -28.027762499999938 ], [ -48.601347899999951, -28.027772599999935 ], [ -48.601348399999956, -28.027777699999934 ], [ -48.601349699999965, -28.027787899999961 ], [ -48.601351399999942, -28.027798 ], [ -48.601352799999965, -28.027804799999956 ], [ -48.601356099999975, -28.027818199999942 ], [ -48.601358799999957, -28.02782679999995 ], [ -48.601361, -28.027832399999966 ], [ -48.601362599999959, -28.027836 ], [ -48.601366199999973, -28.027843199999953 ], [ -48.601369199999965, -28.027848399999986 ], [ -48.601375699999949, -28.027858699999967 ], [ -48.601382699999931, -28.027868699999939 ], [ -48.601387699999975, -28.027875199999986 ], [ -48.601397899999938, -28.027888099999924 ], [ -48.601400899999938, -28.027891499999949 ], [ -48.60140309999997, -28.027893599999967 ], [ -48.601408, -28.027897599999957 ], [ -48.6014105, -28.027899399999967 ], [ -48.601415899999949, -28.027902899999958 ], [ -48.601432699999975, -28.027912599999983 ], [ -48.601440599999933, -28.027917599999956 ], [ -48.601444199999946, -28.027920199999972 ], [ -48.601449, -28.027924399999968 ], [ -48.601450399999976, -28.027926 ], [ -48.60145289999997, -28.027929899999947 ], [ -48.601455, -28.02793459999998 ], [ -48.60145579999994, -28.027936799999956 ], [ -48.601457099999948, -28.027941499999951 ], [ -48.601457699999969, -28.02794509999995 ], [ -48.601458099999945, -28.027950499999978 ], [ -48.601458099999945, -28.027953099999927 ], [ -48.601457699999976, -28.027956699999947 ], [ -48.60145689999996, -28.027959599999971 ], [ -48.601456399999968, -28.027961 ], [ -48.601455499999986, -28.027962799999955 ], [ -48.601453599999957, -28.027965 ], [ -48.601451599999962, -28.027966299999939 ], [ -48.601449799999955, -28.027967 ], [ -48.601447599999972, -28.027967399999966 ], [ -48.601443199999956, -28.027967899999965 ], [ -48.601438599999938, -28.027967799999931 ], [ -48.601435399999957, -28.027967499999917 ], [ -48.601428899999981, -28.027966399999976 ], [ -48.601424, -28.027965099999957 ], [ -48.601413899999955, -28.027961899999983 ], [ -48.60140709999996, -28.02795929999996 ], [ -48.601394, -28.027953799999985 ], [ -48.6013847, -28.02795 ], [ -48.601383, -28.027949299999939 ], [ -48.60137949999995, -28.027947399999963 ], [ -48.601375899999937, -28.027945 ], [ -48.601373499999966, -28.027943299999936 ], [ -48.601368699999966, -28.027939299999954 ], [ -48.601361299999951, -28.027932699999962 ], [ -48.601347, -28.02791939999997 ], [ -48.601340199999981, -28.027913899999934 ], [ -48.601337, -28.027911599999982 ], [ -48.601332899999932, -28.027909399999942 ], [ -48.601330899999937, -28.027908699999958 ], [ -48.601328099999932, -28.027908099999941 ], [ -48.601325399999943, -28.027908199999956 ], [ -48.601324199999972, -28.02790849999996 ], [ -48.60132219999997, -28.027909599999941 ], [ -48.601320699999974, -28.027910799999979 ], [ -48.601319199999985, -28.027912699999941 ], [ -48.601317599999959, -28.027915099999976 ], [ -48.601314699999932, -28.027920099999964 ], [ -48.601312299999954, -28.027925099999951 ], [ -48.601311, -28.027928599999932 ], [ -48.601308699999954, -28.027935699999937 ], [ -48.601307299999974, -28.027941099999968 ], [ -48.601306499999971, -28.02794479999994 ], [ -48.601305299999979, -28.027952199999955 ], [ -48.601304, -28.027963599999964 ], [ -48.601302399999945, -28.027986799999955 ], [ -48.601301499999984, -28.027998299999972 ], [ -48.601300799999933, -28.028004 ], [ -48.601299399999959, -28.028012499999932 ], [ -48.601297599999953, -28.028020799999979 ], [ -48.601296399999967, -28.028024899999924 ], [ -48.601273099999958, -28.028097799999944 ], [ -48.601261199999954, -28.028134299999973 ], [ -48.601242699999943, -28.028188699999941 ], [ -48.601223399999981, -28.028243499999974 ], [ -48.601213499999979, -28.028270699999958 ], [ -48.601210499999979, -28.02827909999996 ], [ -48.601205, -28.028295899999929 ], [ -48.601200499999948, -28.028308299999935 ], [ -48.601196899999934, -28.028316399999937 ], [ -48.601194899999939, -28.028320399999924 ], [ -48.601191499999977, -28.028326199999977 ], [ -48.601188199999967, -28.02833129999993 ], [ -48.601186299999945, -28.028333699999955 ], [ -48.601183299999946, -28.028337399999931 ], [ -48.601178399999974, -28.028342699999936 ], [ -48.601172599999984, -28.028347799999949 ], [ -48.601169499999976, -28.028350199999981 ], [ -48.601167199999963, -28.028351899999947 ], [ -48.601162399999971, -28.028354799999931 ], [ -48.601157499999943, -28.028357199999963 ], [ -48.601154099999967, -28.028358499999968 ], [ -48.601147399999952, -28.028360699999944 ], [ -48.601144, -28.028361499999953 ], [ -48.601137, -28.028362799999975 ], [ -48.60113, -28.028363799999962 ], [ -48.601115899999968, -28.02836509999997 ], [ -48.601105299999972, -28.028366099999968 ], [ -48.6011, -28.028366899999984 ], [ -48.601095199999982, -28.028367499999934 ], [ -48.601091899999972, -28.028367699999933 ], [ -48.601085299999973, -28.028367799999963 ], [ -48.601078599999937, -28.028367599999957 ], [ -48.601065299999966, -28.028367 ], [ -48.601055299999985, -28.028367 ], [ -48.601048699999986, -28.028367599999964 ], [ -48.601045399999975, -28.028368 ], [ -48.601040599999976, -28.028369099999949 ], [ -48.601035699999954, -28.028370699999982 ], [ -48.6010333, -28.028371599999957 ], [ -48.601029299999936, -28.028373499999926 ], [ -48.601021899999978, -28.028377599999935 ], [ -48.601015199999956, -28.02838219999995 ], [ -48.601011, -28.028385599999979 ], [ -48.601008599999943, -28.028387699999946 ], [ -48.601003399999968, -28.028392899999975 ], [ -48.600998299999958, -28.028398699999972 ], [ -48.600995099999977, -28.028402899999939 ], [ -48.600989, -28.028411399999978 ], [ -48.6009835, -28.028420399999948 ], [ -48.600972799999965, -28.028439 ], [ -48.600964599999948, -28.028453099999982 ], [ -48.600958799999937, -28.028462199999982 ], [ -48.600946699999945, -28.028481099999965 ], [ -48.600941, -28.02849069999996 ], [ -48.600938399999961, -28.028495499999952 ], [ -48.6009337, -28.028505099999961 ], [ -48.600931799999955, -28.02850989999996 ], [ -48.60092949999995, -28.028517 ], [ -48.600928099999983, -28.028523199999931 ], [ -48.60092769999995, -28.028526299999957 ], [ -48.600927499999948, -28.028530799999945 ], [ -48.60092769999995, -28.028535299999927 ], [ -48.600928, -28.028537599999925 ], [ -48.600929099999966, -28.028542 ], [ -48.60092979999996, -28.028544099999976 ], [ -48.600931199999934, -28.028547299999953 ], [ -48.600933099999963, -28.028550899999967 ], [ -48.600937599999959, -28.028558 ], [ -48.600942699999962, -28.028565 ], [ -48.600953799999949, -28.028578899999953 ], [ -48.600962, -28.02858939999993 ], [ -48.600965699999968, -28.028594799999951 ], [ -48.60096979999998, -28.028600799999936 ], [ -48.600978299999952, -28.028613 ], [ -48.600984199999971, -28.028622299999942 ], [ -48.600987599999932, -28.028628699999956 ], [ -48.600989099999943, -28.028632 ], [ -48.600991, -28.028637099999969 ], [ -48.600991499999964, -28.02863879999996 ], [ -48.600992199999958, -28.028642399999963 ], [ -48.600992599999984, -28.028645899999955 ], [ -48.600992599999977, -28.02864819999996 ], [ -48.600992199999951, -28.028653 ], [ -48.6009916, -28.028656499999965 ], [ -48.600989699999957, -28.028663599999952 ], [ -48.600987199999963, -28.028670699999974 ], [ -48.600981499999932, -28.028685 ], [ -48.600979, -28.028692199999963 ], [ -48.600977899999975, -28.028695799999984 ], [ -48.60097669999994, -28.028701199999936 ], [ -48.600976, -28.028706599999968 ], [ -48.600975899999973, -28.028709399999983 ], [ -48.600976, -28.028761799999984 ], [ -48.600976299999957, -28.028788 ], [ -48.600976899999978, -28.028815299999959 ], [ -48.600978099999963, -28.02885619999995 ], [ -48.600978599999969, -28.028869899999975 ], [ -48.600979399999979, -28.028910799999945 ], [ -48.600979, -28.028922899999937 ], [ -48.600978399999974, -28.028931 ], [ -48.600977799999946, -28.028936399999957 ], [ -48.60097629999995, -28.028947099999979 ], [ -48.600974899999983, -28.028955099999962 ], [ -48.60097159999998, -28.028971099999978 ], [ -48.600960099999952, -28.029019099999974 ], [ -48.600959, -28.029024499999924 ], [ -48.600956899999979, -28.029035199999957 ], [ -48.600955099999965, -28.029043 ], [ -48.600953499999953, -28.029048199999966 ], [ -48.600952599999971, -28.029050799999933 ], [ -48.600950899999937, -28.029054599999931 ], [ -48.600948099999982, -28.029059699999952 ], [ -48.600946499999957, -28.029062199999938 ], [ -48.600943699999966, -28.029066 ], [ -48.600940399999963, -28.029069699999976 ], [ -48.600938499999977, -28.029071599999952 ], [ -48.600936599999955, -28.029073399999969 ], [ -48.600932499999942, -28.029076699999958 ], [ -48.600928299999971, -28.029079599999935 ], [ -48.600925399999937, -28.029081399999932 ], [ -48.600919499999975, -28.029084299999958 ], [ -48.600914899999971, -28.029086199999941 ], [ -48.600911899999971, -28.029087199999942 ], [ -48.600905699999942, -28.029088799999951 ], [ -48.600902699999956, -28.029089499999941 ], [ -48.600896499999976, -28.02909029999995 ], [ -48.600890499999942, -28.029090699999976 ], [ -48.600886499999945, -28.029090699999983 ], [ -48.600878899999948, -28.029090099999951 ], [ -48.600876699999958, -28.029089799999948 ], [ -48.60087239999995, -28.029088799999961 ], [ -48.600868199999987, -28.02908749999995 ], [ -48.60086529999996, -28.029086399999979 ], [ -48.600859799999967, -28.029083699999948 ], [ -48.600851499999976, -28.029079 ], [ -48.600846, -28.029075399999961 ], [ -48.600835, -28.029067799999954 ], [ -48.600826599999948, -28.029062199999938 ], [ -48.60082239999997, -28.029059499999967 ], [ -48.600816699999946, -28.029056299999979 ], [ -48.600813799999969, -28.029054699999961 ], [ -48.600809399999953, -28.029052699999962 ], [ -48.600802699999974, -28.029050299999934 ], [ -48.600798199999986, -28.029049099999945 ], [ -48.60079579999995, -28.029048699999983 ], [ -48.600792299999966, -28.029048199999977 ], [ -48.600768599999988, -28.029046399999956 ], [ -48.600752599999964, -28.029045399999976 ], [ -48.600737, -28.029044799999969 ], [ -48.600720199999948, -28.029044099999957 ], [ -48.600703899999985, -28.029043699999928 ], [ -48.600671099999943, -28.029043399999985 ], [ -48.600638299999957, -28.02904379999995 ], [ -48.600616399999979, -28.029044499999941 ], [ -48.600601799999936, -28.029045 ], [ -48.600572899999982, -28.029046599999951 ], [ -48.600564899999938, -28.029046899999969 ], [ -48.600549, -28.029047199999976 ], [ -48.600541099999923, -28.029048 ], [ -48.600537199999962, -28.029048599999953 ], [ -48.600532, -28.029049799999939 ], [ -48.600529399999964, -28.029050599999952 ], [ -48.600525499999939, -28.029052099999959 ], [ -48.600519799999965, -28.029055 ], [ -48.600517299999979, -28.02905649999996 ], [ -48.600512699999967, -28.02905979999997 ], [ -48.600508599999962, -28.029063399999924 ], [ -48.600506199999984, -28.029065799999966 ], [ -48.600501799999961, -28.02907109999996 ], [ -48.600499899999939, -28.029073799999932 ], [ -48.60049639999994, -28.029079499999956 ], [ -48.600493399999955, -28.029085299999959 ], [ -48.600487799999939, -28.02909719999996 ], [ -48.600483599999961, -28.029106199999937 ], [ -48.600481299999949, -28.02911059999996 ], [ -48.60048009999997, -28.02911279999995 ], [ -48.600478099999982, -28.029117299999943 ], [ -48.600476499999957, -28.029122 ], [ -48.600475599999982, -28.029125099999934 ], [ -48.600474099999985, -28.029131499999949 ], [ -48.600472499999967, -28.029141099999944 ], [ -48.600469799999985, -28.029160699999974 ], [ -48.600468499999977, -28.029167199999964 ], [ -48.600467699999967, -28.029170399999938 ], [ -48.60046629999993, -28.029175199999955 ], [ -48.600463899999973, -28.029181499999932 ], [ -48.600462299999947, -28.029184599999944 ], [ -48.600459699999938, -28.029189199999962 ], [ -48.600456499999957, -28.029193699999958 ], [ -48.600454699999943, -28.02919589999992 ], [ -48.600450699999961, -28.029200299999957 ], [ -48.600448399999948, -28.029202399999967 ], [ -48.600444599999946, -28.029205599999948 ], [ -48.600438699999984, -28.029209699999964 ], [ -48.60043479999996, -28.029212 ], [ -48.600432099999978, -28.029213299999977 ], [ -48.60042679999998, -28.029215499999967 ], [ -48.600422699999967, -28.029216699999946 ], [ -48.600420099999951, -28.029217399999933 ], [ -48.600414699999924, -28.02921839999992 ], [ -48.600412, -28.029218799999974 ], [ -48.600406599999985, -28.02921919999995 ], [ -48.600401199999972, -28.029219199999936 ], [ -48.600397599999958, -28.029219099999974 ], [ -48.600390399999981, -28.029218599999979 ], [ -48.600384499999961, -28.029217799999973 ], [ -48.600380499999972, -28.029217 ], [ -48.600372599999957, -28.029215 ], [ -48.60036469999995, -28.029212599999926 ], [ -48.600348899999972, -28.029207199999977 ], [ -48.600337, -28.029203399999968 ], [ -48.600329, -28.029201299999951 ], [ -48.600324899999976, -28.029200499999945 ], [ -48.600318799999968, -28.029199599999966 ], [ -48.600312699999961, -28.029199199999944 ], [ -48.600309599999946, -28.029199099999982 ], [ -48.600151399999959, -28.029202399999956 ], [ -48.600117, -28.029203299999939 ], [ -48.600048099999988, -28.029205199999986 ], [ -48.600013699999977, -28.029205799999932 ], [ -48.599996499999982, -28.029205899999962 ], [ -48.59999329999993, -28.029205799999936 ], [ -48.599987099999964, -28.02920539999997 ], [ -48.59998109999998, -28.029204699999973 ], [ -48.599977199999948, -28.029204 ], [ -48.599969499999979, -28.029202199999926 ], [ -48.599963899999977, -28.029200499999938 ], [ -48.599960299999971, -28.029199199999937 ], [ -48.599953199999959, -28.029196099999975 ], [ -48.599949699999968, -28.029194399999934 ], [ -48.599942899999981, -28.029190699999951 ], [ -48.599936299999968, -28.02918649999998 ], [ -48.599932, -28.029183499999931 ], [ -48.599923599999954, -28.029176899999978 ], [ -48.599914599999977, -28.0291688 ], [ -48.599908699999958, -28.029163099999955 ], [ -48.599904799999933, -28.029159099999955 ], [ -48.599897299999945, -28.029150799999968 ], [ -48.599891699999944, -28.029144299999924 ], [ -48.599880799999937, -28.029130899999924 ], [ -48.599849, -28.029089399999972 ], [ -48.599838199999965, -28.029075899999953 ], [ -48.599832799999945, -28.029069399999972 ], [ -48.599824499999954, -28.029060099999967 ], [ -48.599815899999953, -28.029051299999932 ], [ -48.599811599999946, -28.029047099999946 ], [ -48.599806, -28.029041799999948 ], [ -48.599804899999981, -28.029040699999939 ], [ -48.599792099999945, -28.029027599999942 ], [ -48.599754899999937, -28.028987499999975 ], [ -48.599742, -28.028974399999981 ], [ -48.599735299999963, -28.028968099999929 ], [ -48.599724899999956, -28.028959 ], [ -48.59972369999997, -28.028958099999958 ], [ -48.599721199999976, -28.028956599999955 ], [ -48.599718499999945, -28.028955399999973 ], [ -48.599716699999931, -28.028954799999958 ], [ -48.599712799999963, -28.028954 ], [ -48.599709699999956, -28.028953699999931 ], [ -48.599703299999931, -28.028953699999938 ], [ -48.599698899999964, -28.028954099999957 ], [ -48.599689799999958, -28.028955 ], [ -48.599682899999955, -28.028955699999976 ], [ -48.599676199999983, -28.028956 ], [ -48.599672899999973, -28.028955899999971 ], [ -48.599668099999974, -28.028955399999962 ], [ -48.599663599999985, -28.028954199999934 ], [ -48.599661399999945, -28.028953399999981 ], [ -48.599658099999942, -28.028951799999959 ], [ -48.599651799999947, -28.028948199999942 ], [ -48.599645899999985, -28.028944 ], [ -48.5996421, -28.02894109999994 ], [ -48.599635099999944, -28.028935 ], [ -48.59963189999997, -28.028931499999942 ], [ -48.59963, -28.028928899999983 ], [ -48.599628899999963, -28.028927099999965 ], [ -48.599626899999976, -28.028923199999952 ], [ -48.599624299999959, -28.028917 ], [ -48.599622799999963, -28.028912699999964 ], [ -48.599620299999977, -28.028904 ], [ -48.599617399999943, -28.028894599999937 ], [ -48.599615299999982, -28.028888799999947 ], [ -48.59961409999994, -28.028886199999935 ], [ -48.599612, -28.028882599999971 ], [ -48.599609599999958, -28.028879599999982 ], [ -48.599607799999944, -28.028878 ], [ -48.5996052, -28.028876499999967 ], [ -48.599602799999957, -28.028875699999958 ], [ -48.599601, -28.028875199999948 ], [ -48.599597199999941, -28.02887469999996 ], [ -48.599594099999941, -28.028874599999952 ], [ -48.59959189999995, -28.02887469999996 ], [ -48.599587299999946, -28.028875099999937 ], [ -48.599584199999981, -28.028875599999935 ], [ -48.599577899999986, -28.028877099999935 ], [ -48.599573099999986, -28.02887869999995 ], [ -48.59956619999997, -28.028881599999984 ], [ -48.599562, -28.028884 ], [ -48.59956, -28.028885299999953 ], [ -48.59955709999997, -28.028887299999951 ], [ -48.599553299999968, -28.028890599999958 ], [ -48.599550299999976, -28.028894299999934 ], [ -48.59954909999994, -28.028896199999952 ], [ -48.599546599999947, -28.028900799999978 ], [ -48.599542199999981, -28.028910199999935 ], [ -48.59953859999996, -28.028919699999957 ], [ -48.599536599999965, -28.028926199999944 ], [ -48.599535499999945, -28.028930499999941 ], [ -48.599533599999965, -28.028939199999972 ], [ -48.599532099999969, -28.02894909999997 ], [ -48.599531399999933, -28.028955699999987 ], [ -48.599531099999979, -28.028960099999956 ], [ -48.599530899999934, -28.028968799999969 ], [ -48.599530899999934, -28.028975399999979 ], [ -48.599531799999966, -28.028988499999972 ], [ -48.599533399999984, -28.029001299999937 ], [ -48.599534799999958, -28.029009699999964 ], [ -48.599535899999978, -28.029015199999943 ], [ -48.599538499999944, -28.029026 ], [ -48.599540699999977, -28.029033199999958 ], [ -48.5995425, -28.029038 ], [ -48.599546699999969, -28.029047499999923 ], [ -48.5995516, -28.029057099999935 ], [ -48.599553, -28.029059499999956 ], [ -48.599562299999945, -28.029076099999934 ], [ -48.59957019999996, -28.029090299999954 ], [ -48.599575099999988, -28.029099899999938 ], [ -48.599577299999964, -28.029104599999982 ], [ -48.599580199999941, -28.029111799999956 ], [ -48.599582599999962, -28.029119 ], [ -48.59958359999996, -28.02912259999994 ], [ -48.599586699999975, -28.029136299999937 ], [ -48.599588099999949, -28.029143799999925 ], [ -48.599589099999939, -28.029151499999944 ], [ -48.599589299999941, -28.029155299999957 ], [ -48.599589199999969, -28.029162799999938 ], [ -48.599588899999958, -28.029166499999974 ], [ -48.599587799999938, -28.029171699999949 ], [ -48.599586299999949, -28.029176099999987 ], [ -48.599585299999944, -28.029178199999922 ], [ -48.59958359999996, -28.029181099999956 ], [ -48.599581399999984, -28.029183899999961 ], [ -48.599580199999934, -28.02918509999995 ], [ -48.59957739999993, -28.029187499999978 ], [ -48.599575899999934, -28.029188499999965 ], [ -48.599573399999947, -28.02919 ], [ -48.599567099999945, -28.029193 ], [ -48.599562799999951, -28.029194799999974 ], [ -48.599554299999973, -28.029197899999922 ], [ -48.59955, -28.02919919999993 ], [ -48.599541399999964, -28.029201499999946 ], [ -48.599532699999934, -28.029203499999934 ], [ -48.599515399999973, -28.029206899999966 ], [ -48.599502499999971, -28.029209499999975 ], [ -48.599496099999953, -28.029211 ], [ -48.599486499999955, -28.029213599999938 ], [ -48.599468499999944, -28.029218599999982 ], [ -48.599432299999933, -28.029227599999963 ], [ -48.599417699999947, -28.029231599999935 ], [ -48.599414299999971, -28.029232499999974 ], [ -48.599405399999974, -28.029235299999975 ], [ -48.599393699999951, -28.029239399999931 ], [ -48.599387899999954, -28.029241599999974 ], [ -48.599379399999975, -28.029245299999957 ], [ -48.599371, -28.029249499999935 ], [ -48.599366899999957, -28.029251699999975 ], [ -48.599361599999952, -28.029255 ], [ -48.599358199999983, -28.029257399999953 ], [ -48.599352, -28.02926249999997 ], [ -48.5993491, -28.029265299999963 ], [ -48.599343699999963, -28.029271 ], [ -48.599338499999931, -28.029277099999945 ], [ -48.599328799999967, -28.029289499999948 ], [ -48.599321299999986, -28.029298799999943 ], [ -48.599317399999954, -28.029303299999977 ], [ -48.599311199999939, -28.029309699999935 ], [ -48.599285399999985, -28.029334599999967 ], [ -48.599233799999986, -28.029384499999928 ], [ -48.599195, -28.029421699999943 ], [ -48.59916869999995, -28.029446299999968 ], [ -48.599155499999945, -28.029458499999969 ], [ -48.599151799999959, -28.029461899999937 ], [ -48.599135499999932, -28.029476699999968 ], [ -48.599108299999955, -28.029500799999933 ], [ -48.599094499999985, -28.029512699999938 ], [ -48.599073499999975, -28.029530299999973 ], [ -48.59905209999993, -28.029547699999966 ], [ -48.599041299999953, -28.029556299999975 ], [ -48.59903479999997, -28.029561299999962 ], [ -48.599021499999935, -28.029570699999965 ], [ -48.599007799999981, -28.029579499999951 ], [ -48.598998499999944, -28.029585099999963 ], [ -48.598992199999948, -28.029588699999973 ], [ -48.598979499999984, -28.02959559999994 ], [ -48.598969799999963, -28.029600599999984 ], [ -48.598950099999975, -28.029610099999942 ], [ -48.59893, -28.029619199999946 ], [ -48.598889299999939, -28.029636699999962 ], [ -48.598858499999949, -28.029649899999978 ], [ -48.598843199999976, -28.029656699999983 ], [ -48.598809699999947, -28.029672299999969 ], [ -48.598798299999935, -28.029677399999969 ], [ -48.598792499999952, -28.029679699999974 ], [ -48.598780899999952, -28.029684 ], [ -48.598775199999984, -28.029685899999947 ], [ -48.598766599999983, -28.029688299999965 ], [ -48.598759099999938, -28.029689899999937 ], [ -48.598755299999937, -28.029690599999984 ], [ -48.598749799999958, -28.029691199999942 ], [ -48.59874149999996, -28.029691599999978 ], [ -48.598736199999962, -28.029691299999964 ], [ -48.598733499999987, -28.029691099999969 ], [ -48.598729599999963, -28.029690499999958 ], [ -48.598727, -28.029689899999941 ], [ -48.598722, -28.029688299999972 ], [ -48.598717099999931, -28.029686 ], [ -48.598714, -28.029684199999956 ], [ -48.598708, -28.02968 ], [ -48.598703599999965, -28.029676299999952 ], [ -48.598700799999961, -28.029673699999922 ], [ -48.598695299999982, -28.029668099999981 ], [ -48.59869, -28.029662199999965 ], [ -48.598679599999976, -28.029649899999978 ], [ -48.59867189999995, -28.029641099999949 ], [ -48.598669799999989, -28.029638599999945 ], [ -48.598665799999935, -28.029633499999928 ], [ -48.598662199999978, -28.029628099999961 ], [ -48.59866, -28.029624499999951 ], [ -48.598655899999983, -28.029617 ], [ -48.598650599999985, -28.029605499999938 ], [ -48.598641, -28.029582099999967 ], [ -48.598635799999954, -28.029570699999965 ], [ -48.598632899999984, -28.029565199999979 ], [ -48.598628599999984, -28.029558099999964 ], [ -48.598626199999956, -28.029554699999952 ], [ -48.598622299999931, -28.029549699999968 ], [ -48.598618, -28.029545 ], [ -48.598615699999989, -28.029542799999945 ], [ -48.598610599999972, -28.029538499999944 ], [ -48.598607799999968, -28.0295364 ], [ -48.598603399999938, -28.029533599999976 ], [ -48.598597599999955, -28.029530399999938 ], [ -48.598593599999951, -28.029528699999961 ], [ -48.598591, -28.029527699999957 ], [ -48.598585599999986, -28.02952589999995 ], [ -48.598581499999973, -28.029524799999933 ], [ -48.598573299999948, -28.029523 ], [ -48.598567699999933, -28.029522099999962 ], [ -48.598556499999972, -28.029520499999933 ], [ -48.59854809999996, -28.029519399999977 ], [ -48.598539499999958, -28.029518399999972 ], [ -48.598533699999962, -28.029518099999962 ], [ -48.598522, -28.029518099999958 ], [ -48.598510199999971, -28.029518599999953 ], [ -48.598486599999937, -28.029520099999953 ], [ -48.598474899999985, -28.029520499999936 ], [ -48.598469099999932, -28.029520499999929 ], [ -48.598461399999962, -28.029520199999975 ], [ -48.598457599999961, -28.029519899999968 ], [ -48.5984519, -28.029519199999974 ], [ -48.598446199999962, -28.029518099999965 ], [ -48.598443499999966, -28.029517599999956 ], [ -48.598438, -28.029516099999967 ], [ -48.598435199999983, -28.029515199999938 ], [ -48.598431199999936, -28.029513699999935 ], [ -48.598428799999965, -28.029512599999961 ], [ -48.598424499999972, -28.029510099999985 ], [ -48.598420399999952, -28.029507299999974 ], [ -48.598412799999956, -28.029501 ], [ -48.598406899999986, -28.029496499999933 ], [ -48.598403699999942, -28.029494399999979 ], [ -48.598389599999962, -28.029486399999932 ], [ -48.598382499999957, -28.029482499999975 ], [ -48.59837159999995, -28.029476899999963 ], [ -48.598355, -28.029469099999979 ], [ -48.598344599999962, -28.029464899999944 ], [ -48.598339099999976, -28.029463099999933 ], [ -48.598330699999963, -28.029460699999962 ], [ -48.598322099999969, -28.029459 ], [ -48.598317699999939, -28.029458299999934 ], [ -48.59830889999995, -28.029457599999947 ], [ -48.598304499999983, -28.02945759999994 ], [ -48.598297799999962, -28.029457899999951 ], [ -48.598291899999943, -28.029458699999967 ], [ -48.598289, -28.029459299999921 ], [ -48.598284599999943, -28.0294603 ], [ -48.598278099999959, -28.029462399999947 ], [ -48.598271599999983, -28.029465199999937 ], [ -48.598268499999968, -28.029466899999928 ], [ -48.598261299999933, -28.029471 ], [ -48.598257699999976, -28.02947319999998 ], [ -48.598252799999948, -28.029476699999972 ], [ -48.59824859999997, -28.029480299999932 ], [ -48.598246899999943, -28.029482099999935 ], [ -48.598245199999951, -28.029484699999951 ], [ -48.59824459999993, -28.029486 ], [ -48.598244, -28.029487899999928 ], [ -48.598243899999943, -28.029490399999926 ], [ -48.598244799999975, -28.029494199999931 ], [ -48.59824569999995, -28.02949639999996 ], [ -48.598248, -28.029500799999941 ], [ -48.598249499999945, -28.029503 ], [ -48.598252699999932, -28.02950739999994 ], [ -48.598264099999938, -28.029520799999943 ], [ -48.598269599999981, -28.029527599999938 ], [ -48.598272099999974, -28.029531099999929 ], [ -48.598275199999932, -28.029536399999984 ], [ -48.598281199999967, -28.029548699999964 ], [ -48.598284, -28.029555 ], [ -48.598288, -28.029564499999925 ], [ -48.598291, -28.02957239999995 ], [ -48.598291599999982, -28.029574 ], [ -48.598293199999944, -28.029578699999945 ], [ -48.5982949, -28.029584699999926 ], [ -48.598295699999937, -28.029587799999945 ], [ -48.598296499999947, -28.029592599999937 ], [ -48.598297, -28.029597499999966 ], [ -48.598297, -28.029599899999937 ], [ -48.598296699999942, -28.029604799999959 ], [ -48.598296299999959, -28.029607199999926 ], [ -48.598295299999961, -28.029610699999985 ], [ -48.598293299999973, -28.029615199999963 ], [ -48.598292, -28.02961729999998 ], [ -48.59828959999993, -28.029620399999931 ], [ -48.59828669999996, -28.02962319999995 ], [ -48.598285, -28.029624499999962 ], [ -48.598281699999973, -28.02962679999996 ], [ -48.598275, -28.029630799999946 ], [ -48.598268199999943, -28.029634099999946 ], [ -48.598263699999961, -28.029636 ], [ -48.598260599999954, -28.029637099999945 ], [ -48.598254499999939, -28.029638899999949 ], [ -48.598247499999957, -28.029640499999957 ], [ -48.59824279999998, -28.02964129999998 ], [ -48.59823339999997, -28.029642399999947 ], [ -48.598228699999943, -28.029642699999947 ], [ -48.59821919999996, -28.029643 ], [ -48.598217199999965, -28.029643 ], [ -48.598209599999961, -28.029643 ], [ -48.59819049999993, -28.029642499999959 ], [ -48.598176299999977, -28.029642299999971 ], [ -48.598169199999973, -28.029642499999966 ], [ -48.598158699999942, -28.029643199999953 ], [ -48.598151699999967, -28.029644099999924 ], [ -48.598148199999969, -28.029644699999942 ], [ -48.598143099999966, -28.029645799999972 ], [ -48.598131, -28.029648899999977 ], [ -48.598124899999966, -28.029650699999934 ], [ -48.598116, -28.029653599999953 ], [ -48.598107199999951, -28.029656799999941 ], [ -48.598102899999958, -28.029658599999951 ], [ -48.598100799999941, -28.029659899999956 ], [ -48.598099599999955, -28.029661399999952 ], [ -48.598098599999958, -28.029663799999984 ], [ -48.598098299999947, -28.029665399999939 ], [ -48.598098099999959, -28.029669 ], [ -48.598099199999979, -28.029680699999975 ], [ -48.598099199999979, -28.029684299999928 ], [ -48.598099, -28.029685899999954 ], [ -48.598098299999947, -28.029688099999927 ], [ -48.598096699999978, -28.029690299999977 ], [ -48.598094299999957, -28.029692 ], [ -48.598091099999976, -28.029693099999985 ], [ -48.598086699999953, -28.029694 ], [ -48.598082499999975, -28.029694299999953 ], [ -48.598080399999965, -28.029694199999934 ], [ -48.598077399999966, -28.02969389999998 ], [ -48.598073199999931, -28.029692799999964 ], [ -48.598071399999988, -28.029692 ], [ -48.598069099999975, -28.029690599999974 ], [ -48.598067499999949, -28.029688899999936 ], [ -48.598066499999966, -28.029687599999924 ], [ -48.598064899999933, -28.029684699999962 ], [ -48.598063699999955, -28.02968159999994 ], [ -48.598061399999949, -28.029674799999952 ], [ -48.598059499999977, -28.029669699999943 ], [ -48.598057899999965, -28.029666499999959 ], [ -48.598057, -28.029665 ], [ -48.598055299999942, -28.029662799999983 ], [ -48.598053299999947, -28.029660899999957 ], [ -48.598052099999961, -28.02966 ], [ -48.598044799999968, -28.029654899999969 ], [ -48.598041, -28.029652599999956 ], [ -48.598037199999965, -28.029650599999972 ], [ -48.598035299999935, -28.029649799999962 ], [ -48.598031399999968, -28.029648499999951 ], [ -48.59802939999998, -28.029648099999978 ], [ -48.598026399999981, -28.029647699999945 ], [ -48.598023299999966, -28.029647699999931 ], [ -48.598021199999948, -28.029647899999937 ], [ -48.598016899999948, -28.029648499999951 ], [ -48.598014799999937, -28.029649 ], [ -48.598010399999964, -28.029650299999965 ], [ -48.598006099999964, -28.029652 ], [ -48.598003299999966, -28.029653299999946 ], [ -48.597997699999951, -28.029656399999965 ], [ -48.597984899999972, -28.029664599999933 ], [ -48.597979, -28.029668699999949 ], [ -48.597970699999962, -28.029675099999963 ], [ -48.597963099999951, -28.029681799999938 ], [ -48.597959499999938, -28.029685299999979 ], [ -48.597955099999986, -28.029690199999948 ], [ -48.597952899999932, -28.029692699999949 ], [ -48.597949899999939, -28.029696699999921 ], [ -48.597945799999934, -28.029703 ], [ -48.597941599999956, -28.029710099999924 ], [ -48.597933799999964, -28.029724299999941 ], [ -48.597926599999937, -28.02973859999997 ], [ -48.597922099999941, -28.029748199999972 ], [ -48.597913399999989, -28.029767799999942 ], [ -48.597904699999958, -28.029788299999939 ], [ -48.597900699999975, -28.029798599999932 ], [ -48.597894899999972, -28.029814099999953 ], [ -48.597889599999981, -28.02982969999994 ], [ -48.59788709999998, -28.029837499999925 ], [ -48.597885699999942, -28.029842899999952 ], [ -48.597885099999985, -28.029845699999946 ], [ -48.597884499999964, -28.029849899999927 ], [ -48.597884099999931, -28.029856199999969 ], [ -48.597884299999976, -28.029862599999952 ], [ -48.597884699999952, -28.029865799999982 ], [ -48.597886, -28.029872099999967 ], [ -48.597887, -28.029875199999935 ], [ -48.597888799999971, -28.029879699999974 ], [ -48.597893899999974, -28.02988989999994 ], [ -48.597897399999965, -28.029896599999965 ], [ -48.597904799999981, -28.029909599999936 ], [ -48.597908699999948, -28.029916 ], [ -48.59791689999998, -28.029928499999986 ], [ -48.59792559999994, -28.029940699999937 ], [ -48.597931599999988, -28.029948599999958 ], [ -48.597935799999952, -28.02995389999996 ], [ -48.597944399999967, -28.029964199999931 ], [ -48.597979899999984, -28.030005799999962 ], [ -48.598016899999948, -28.030048899999933 ], [ -48.598051, -28.030088599999949 ], [ -48.598090399999926, -28.030133599999939 ], [ -48.598091799999963, -28.030135399999946 ], [ -48.598094, -28.030139199999958 ], [ -48.59809549999995, -28.030143199999948 ], [ -48.598096099999971, -28.030146 ], [ -48.598096299999952, -28.030147899999964 ], [ -48.598096399999982, -28.030151699999987 ], [ -48.598096, -28.030156199999965 ], [ -48.598095399999977, -28.0301593 ], [ -48.598093599999977, -28.030165399999934 ], [ -48.598092399999985, -28.030168499999942 ], [ -48.598089499999958, -28.030174699999968 ], [ -48.598086099999939, -28.030180799999975 ], [ -48.598083599999939, -28.030184699999946 ], [ -48.598078, -28.030192299999943 ], [ -48.598072799999954, -28.030198399999964 ], [ -48.5980699, -28.030201499999979 ], [ -48.59806529999998, -28.030206099999923 ], [ -48.598060399999952, -28.030210399999923 ], [ -48.598057899999965, -28.030212399999971 ], [ -48.598053, -28.030216 ], [ -48.598050499999943, -28.030217499999939 ], [ -48.598046899999979, -28.03021949999993 ], [ -48.598042299999975, -28.030221299999933 ], [ -48.598040099999935, -28.030221799999939 ], [ -48.598037099999935, -28.030222 ], [ -48.598034299999938, -28.030221499999975 ], [ -48.598033099999952, -28.030221 ], [ -48.598031799999944, -28.030220199999977 ], [ -48.598029299999943, -28.030218399999974 ], [ -48.598027, -28.030216099999951 ], [ -48.598025499999949, -28.030214399999977 ], [ -48.598022699999952, -28.030210699999945 ], [ -48.598020499999954, -28.030207299999976 ], [ -48.598016599999944, -28.0302 ], [ -48.598004899999978, -28.030175399999955 ], [ -48.59800059999997, -28.030167199999937 ], [ -48.597998399999938, -28.030163399999942 ], [ -48.597994699999958, -28.030157899999942 ], [ -48.597990799999934, -28.030153 ], [ -48.597988699999974, -28.030150799999944 ], [ -48.597976499999966, -28.030139 ], [ -48.597970199999963, -28.030133199999966 ], [ -48.597960399999984, -28.030124499999943 ], [ -48.59795, -28.030116199999942 ], [ -48.597944599999956, -28.030112099999933 ], [ -48.597933199999943, -28.030104299999948 ], [ -48.597927199999965, -28.030100599999962 ], [ -48.597917699999982, -28.030095199999948 ], [ -48.597911, -28.030092 ], [ -48.597906399999935, -28.030090099999935 ], [ -48.597903299999984, -28.030089 ], [ -48.597897099999948, -28.030087 ], [ -48.597892399999985, -28.030085799999942 ], [ -48.597882899999945, -28.030083899999962 ], [ -48.597873399999969, -28.030082699999987 ], [ -48.597867099999974, -28.03008229999994 ], [ -48.597862899999946, -28.030082199999985 ], [ -48.597854599999948, -28.030082199999981 ], [ -48.597845099999965, -28.030082699999976 ], [ -48.597840399999939, -28.030083199999975 ], [ -48.597833299999941, -28.030084099999957 ], [ -48.597826299999952, -28.030085499999934 ], [ -48.59782279999996, -28.030086299999937 ], [ -48.597815899999944, -28.030088499999987 ], [ -48.597812499999975, -28.030089799999921 ], [ -48.597807499999931, -28.030092 ], [ -48.597800899999982, -28.030095699999954 ], [ -48.597797699999944, -28.030097799999954 ], [ -48.597792899999945, -28.030101499999937 ], [ -48.597788199999968, -28.03010559999996 ], [ -48.597785899999963, -28.030107899999962 ], [ -48.597784299999944, -28.030109699999969 ], [ -48.597781399999974, -28.030113299999982 ], [ -48.597779099999968, -28.030116899999935 ], [ -48.59777779999996, -28.030119299999956 ], [ -48.597775799999972, -28.030124199999932 ], [ -48.597774799999968, -28.030127899999972 ], [ -48.597774299999976, -28.030130299999939 ], [ -48.59777379999997, -28.030135299999984 ], [ -48.597773699999948, -28.030137699999951 ], [ -48.597773899999936, -28.03014259999998 ], [ -48.597774399999942, -28.030147599999957 ], [ -48.597775899999938, -28.030157299999921 ], [ -48.597783599999964, -28.030198 ], [ -48.597787799999935, -28.030218399999967 ], [ -48.597794799999967, -28.030249 ], [ -48.5978, -28.030269299999919 ], [ -48.597802799999961, -28.030279499999946 ], [ -48.59780729999995, -28.030294699999953 ], [ -48.597821499999952, -28.030341099999927 ], [ -48.597828799999952, -28.030364099999915 ], [ -48.597836399999949, -28.030387 ], [ -48.597840399999939, -28.030398299999941 ], [ -48.597848899999974, -28.030421 ], [ -48.597853299999947, -28.030432299999966 ], [ -48.597860299999986, -28.030449199999957 ], [ -48.597862899999939, -28.030455 ], [ -48.597868699999935, -28.030466199999964 ], [ -48.597875099999953, -28.030477099999935 ], [ -48.597879599999942, -28.030484299999948 ], [ -48.597889099999975, -28.030498599999923 ], [ -48.597898099999952, -28.030511199999975 ], [ -48.597902799999986, -28.030517399999948 ], [ -48.597910299999967, -28.03052619999993 ], [ -48.597915699999938, -28.030531899999968 ], [ -48.597918499999942, -28.03053459999995 ], [ -48.597922899999958, -28.030538599999932 ], [ -48.597926899999948, -28.03054189999995 ], [ -48.597929699999952, -28.030544 ], [ -48.597935299999961, -28.030547899999931 ], [ -48.597944299999938, -28.030553199999922 ], [ -48.59796259999996, -28.030563199999964 ], [ -48.597971699999967, -28.03056829999997 ], [ -48.597976099999983, -28.030571099999982 ], [ -48.597982499999944, -28.030575499999944 ], [ -48.597995, -28.030585099999936 ], [ -48.598001, -28.03059009999998 ], [ -48.598009699999984, -28.030597899999961 ], [ -48.59801809999994, -28.030606299999921 ], [ -48.598022199999939, -28.030610799999977 ], [ -48.598024399999979, -28.030613599999988 ], [ -48.59802829999996, -28.030619299999952 ], [ -48.598031399999968, -28.030625199999967 ], [ -48.598033099999952, -28.030629299999926 ], [ -48.59803619999996, -28.030637499999958 ], [ -48.598037099999942, -28.030641299999953 ], [ -48.598037499999982, -28.030643799999957 ], [ -48.598037599999934, -28.030648899999957 ], [ -48.598037199999972, -28.030654099999932 ], [ -48.598035499999988, -28.030664599999955 ], [ -48.598034299999945, -28.030672499999977 ], [ -48.598033899999955, -28.030677799999975 ], [ -48.598033899999969, -28.030680399999937 ], [ -48.598034299999938, -28.030684299999969 ], [ -48.598035099999947, -28.030688099999967 ], [ -48.598035799999934, -28.03069 ], [ -48.598037, -28.030692799999951 ], [ -48.598038, -28.030694599999936 ], [ -48.598040199999957, -28.03069789999995 ], [ -48.598044299999962, -28.03070259999998 ], [ -48.598047399999984, -28.030705399999935 ], [ -48.598054499999932, -28.030711199999931 ], [ -48.598057199999971, -28.030712699999974 ], [ -48.598059599999942, -28.030713599999952 ], [ -48.598061199999961, -28.030714099999955 ], [ -48.598064699999959, -28.03071459999995 ], [ -48.598070199999938, -28.030714799999934 ], [ -48.598074, -28.030714599999953 ], [ -48.598081799999932, -28.030714 ], [ -48.598090399999933, -28.030713499999937 ], [ -48.598095899999983, -28.030713699999971 ], [ -48.598098499999935, -28.030714199999974 ], [ -48.598102099999956, -28.030715299999933 ], [ -48.5981053, -28.030717099999947 ], [ -48.598106799999982, -28.030718299999926 ], [ -48.598108099999941, -28.030719599999937 ], [ -48.598110199999951, -28.030722699999963 ], [ -48.598111299999971, -28.030725 ], [ -48.598112199999953, -28.030728199999935 ], [ -48.598112499999957, -28.030729899999983 ], [ -48.598112499999964, -28.030733599999959 ], [ -48.59811179999997, -28.030737 ], [ -48.5981111, -28.03073859999995 ], [ -48.598109599999923, -28.030740599999938 ], [ -48.598103099999946, -28.030747099999935 ], [ -48.598099599999955, -28.03075019999994 ], [ -48.598094099999976, -28.030754799999954 ], [ -48.59808819999995, -28.030759 ], [ -48.598085099999935, -28.030761 ], [ -48.598083099999947, -28.030762199999966 ], [ -48.598079, -28.030764199999965 ], [ -48.598066399999929, -28.03076939999994 ], [ -48.598062499999976, -28.030771499999954 ], [ -48.59806059999994, -28.030772699999936 ], [ -48.598058099999953, -28.030774799999953 ], [ -48.598054399999967, -28.030778299999948 ], [ -48.59804749999995, -28.030785599999945 ], [ -48.598040899999944, -28.030793199999952 ], [ -48.598028199999931, -28.030808699999969 ], [ -48.59802179999997, -28.030816499999958 ], [ -48.598018799999977, -28.03082049999994 ], [ -48.598014599999942, -28.030826899999969 ], [ -48.598011099999958, -28.030833499999972 ], [ -48.598009099999956, -28.030837899999931 ], [ -48.598005699999931, -28.030846899999975 ], [ -48.598004199999934, -28.030851499999983 ], [ -48.5980019, -28.030860699999952 ], [ -48.598000199999952, -28.03087 ], [ -48.597999299999962, -28.030876199999966 ], [ -48.597998099999984, -28.030888699999927 ], [ -48.597994099999944, -28.030961499999943 ], [ -48.597991599999951, -28.030993499999958 ], [ -48.59799, -28.031009399999963 ], [ -48.597989499999976, -28.031012399999948 ], [ -48.59798909999995, -28.031014299999981 ], [ -48.597987899999964, -28.031018199999949 ], [ -48.597985499999943, -28.031023799999957 ], [ -48.597979799999962, -28.031034799999922 ], [ -48.597977199999946, -28.031040399999938 ], [ -48.597976099999983, -28.031043299999968 ], [ -48.597974799999982, -28.031047599999958 ], [ -48.597973199999956, -28.031055499999979 ], [ -48.597972299999974, -28.031060799999974 ], [ -48.597971, -28.031071399999966 ], [ -48.597970499999981, -28.031076799999934 ], [ -48.597969899999946, -28.031087499999956 ], [ -48.597969599999935, -28.03109819999997 ], [ -48.597969599999935, -28.031105399999941 ], [ -48.597970099999948, -28.031119699999973 ], [ -48.597971, -28.031133199999939 ], [ -48.597972, -28.031139899999975 ], [ -48.597973399999951, -28.031146499999974 ], [ -48.597974299999976, -28.031149899999939 ], [ -48.597976799999969, -28.031156399999944 ], [ -48.597978399999931, -28.031159599999953 ], [ -48.597981199999936, -28.031164399999962 ], [ -48.597984799999942, -28.031169499999969 ], [ -48.597987499999924, -28.031172699999953 ], [ -48.597993199999969, -28.031178499999953 ], [ -48.597996199999962, -28.031181299999961 ], [ -48.59800249999995, -28.031186499999922 ], [ -48.598006899999973, -28.031189799999925 ], [ -48.5980158, -28.031196099999931 ], [ -48.598022399999934, -28.031200899999927 ], [ -48.598032, -28.03120819999998 ], [ -48.598036399999962, -28.031212099999944 ], [ -48.598040599999933, -28.031216299999979 ], [ -48.598042599999985, -28.031218499999962 ], [ -48.598047799999961, -28.031224899999984 ], [ -48.598057499999982, -28.031238199999969 ], [ -48.598062599999935, -28.031244799999971 ], [ -48.59806529999998, -28.031248 ], [ -48.598070899999989, -28.031254099999945 ], [ -48.598073799999952, -28.031257 ], [ -48.598078399999963, -28.031261199999957 ], [ -48.598085599999941, -28.031267 ], [ -48.598093499999948, -28.031272399999974 ], [ -48.598097599999953, -28.031274899999961 ], [ -48.598100699999982, -28.031276399999967 ], [ -48.598102799999936, -28.03127719999997 ], [ -48.598107399999954, -28.031278399999959 ], [ -48.598109699999952, -28.031278699999969 ], [ -48.598114399999986, -28.031279 ], [ -48.598117599999973, -28.031278899999965 ], [ -48.598121699999979, -28.031278299999943 ], [ -48.598123699999974, -28.031277899999957 ], [ -48.598128, -28.031276499999933 ], [ -48.59813319999995, -28.031274399999983 ], [ -48.598143399999977, -28.031269599999973 ], [ -48.598153299999979, -28.031264399999937 ], [ -48.598159799999962, -28.031260499999977 ], [ -48.598172699999964, -28.031252299999952 ], [ -48.59818, -28.031247599999968 ], [ -48.59819489999996, -28.031238499999969 ], [ -48.598201699999947, -28.031233599999947 ], [ -48.598204899999985, -28.031231 ], [ -48.598208599999964, -28.031227299999951 ], [ -48.598210299999948, -28.031225299999953 ], [ -48.598212399999973, -28.031222199999942 ], [ -48.598214199999973, -28.031218799999973 ], [ -48.598214899999959, -28.031217 ], [ -48.598218099999947, -28.031208099999951 ], [ -48.598224, -28.031190099999957 ], [ -48.598231799999951, -28.031166899999953 ], [ -48.598246299999971, -28.031124 ], [ -48.598253199999931, -28.031101899999957 ], [ -48.598256399999968, -28.03109069999994 ], [ -48.598260099999948, -28.031076599999949 ], [ -48.598262299999938, -28.031067099999976 ], [ -48.598266199999955, -28.031048099999978 ], [ -48.598267899999939, -28.031038599999928 ], [ -48.598270899999939, -28.031019499999946 ], [ -48.598273499999948, -28.031000299999949 ], [ -48.598278099999959, -28.030961799999936 ], [ -48.59828159999995, -28.030933 ], [ -48.598283399999957, -28.030918599999953 ], [ -48.598286599999938, -28.030897 ], [ -48.598291399999944, -28.030867299999947 ], [ -48.598294, -28.030852499999973 ], [ -48.598298399999983, -28.030830299999931 ], [ -48.598299, -28.030828599999957 ], [ -48.598300199999983, -28.030826899999969 ], [ -48.598302299999943, -28.030825399999976 ], [ -48.598304, -28.03082459999996 ], [ -48.598305299999936, -28.030824299999946 ], [ -48.598308199999956, -28.030823799999951 ], [ -48.598310599999934, -28.030823599999962 ], [ -48.598315599999978, -28.030823899999973 ], [ -48.598320799999961, -28.030824799999948 ], [ -48.598325499999937, -28.030826199999986 ], [ -48.598327699999977, -28.030827 ], [ -48.598330899999958, -28.030828299999936 ], [ -48.598335199999951, -28.03083069999996 ], [ -48.598337, -28.030832099999941 ], [ -48.598339199999941, -28.030834199999951 ], [ -48.598344899999979, -28.030841 ], [ -48.598347499999932, -28.030844499999944 ], [ -48.598351199999975, -28.030849899999968 ], [ -48.598354499999971, -28.030855399999943 ], [ -48.598356, -28.030858199999962 ], [ -48.598358499999968, -28.03086389999994 ], [ -48.598359599999988, -28.030866899999971 ], [ -48.598360899999939, -28.03087149999994 ], [ -48.59836259999998, -28.030879199999958 ], [ -48.59836329999996, -28.030884399999938 ], [ -48.598364299999965, -28.030894699999983 ], [ -48.598364699999941, -28.03090519999996 ], [ -48.598364499999953, -28.030926099999924 ], [ -48.59836439999998, -28.030941699999968 ], [ -48.598364799999956, -28.030952099999979 ], [ -48.598365199999925, -28.030957199999929 ], [ -48.59836619999993, -28.030964899999947 ], [ -48.598367699999983, -28.030972599999927 ], [ -48.598368599999958, -28.030976399999911 ], [ -48.598370599999953, -28.030982799999943 ], [ -48.598372099999949, -28.030987099999944 ], [ -48.598375399999959, -28.030995399999931 ], [ -48.598377199999959, -28.030999599999966 ], [ -48.598381199999942, -28.031007699999986 ], [ -48.59838569999993, -28.031015699999948 ], [ -48.598388799999952, -28.031021 ], [ -48.598395499999981, -28.031031299999942 ], [ -48.598398399999951, -28.031034799999929 ], [ -48.598400599999941, -28.031036899999947 ], [ -48.598402299999975, -28.031038099999929 ], [ -48.598405799999973, -28.03104049999995 ], [ -48.598411599999956, -28.031043699999938 ], [ -48.598424, -28.031049499999931 ], [ -48.59843, -28.031052399999957 ], [ -48.598432799999955, -28.031054 ], [ -48.598436299999953, -28.031056199999966 ], [ -48.598437899999972, -28.031057399999952 ], [ -48.59844019999997, -28.031059399999943 ], [ -48.598443, -28.031062599999917 ], [ -48.598444499999971, -28.031065 ], [ -48.598445099999942, -28.03106629999996 ], [ -48.598445799999986, -28.031068399999981 ], [ -48.598450299999975, -28.031085299999972 ], [ -48.598452799999961, -28.031096599999962 ], [ -48.598454299999958, -28.031104199999959 ], [ -48.598456899999974, -28.031119299999947 ], [ -48.59845839999997, -28.031130699999952 ], [ -48.598459299999945, -28.031138199999937 ], [ -48.59846, -28.031146399999958 ], [ -48.598460699999983, -28.031153399999923 ], [ -48.598462, -28.031176199999944 ], [ -48.598462399999967, -28.031191399999944 ], [ -48.598462499999982, -28.031201499999945 ], [ -48.59846239999996, -28.031221799999972 ], [ -48.598461299999947, -28.031298799999934 ], [ -48.598460599999953, -28.031337399999977 ], [ -48.598459399999967, -28.031375899999947 ], [ -48.598458599999965, -28.031395099999937 ], [ -48.59845729999995, -28.031415499999977 ], [ -48.598454199999928, -28.031456399999964 ], [ -48.598453099999979, -28.03147679999994 ], [ -48.598452799999961, -28.031487 ], [ -48.598452799999954, -28.03149679999995 ], [ -48.598453399999983, -28.031516599999971 ], [ -48.598453699999936, -28.031531399999952 ], [ -48.598453599999971, -28.031559199999943 ], [ -48.59845329999996, -28.031573099999953 ], [ -48.598453099999979, -28.031579399999941 ], [ -48.598452299999963, -28.031592 ], [ -48.598451099999977, -28.031604599999969 ], [ -48.59845, -28.031613 ], [ -48.59844749999997, -28.031629699999929 ], [ -48.598446499999966, -28.031635299999941 ], [ -48.598444099999931, -28.031646199999955 ], [ -48.598441499999979, -28.031657099999958 ], [ -48.598435799999947, -28.031678899999971 ], [ -48.598431899999987, -28.031695199999941 ], [ -48.598430199999939, -28.031703499999928 ], [ -48.598427499999957, -28.031719299999956 ], [ -48.598426, -28.031729899999959 ], [ -48.598423499999967, -28.031751199999977 ], [ -48.59842279999998, -28.031758199999949 ], [ -48.598421899999948, -28.031772099999948 ], [ -48.598421499999972, -28.031786 ], [ -48.59842139999995, -28.031795399999961 ], [ -48.598422, -28.031813899999978 ], [ -48.598423, -28.031824299999982 ], [ -48.598426499999952, -28.031845 ], [ -48.598428099999978, -28.031855299999954 ], [ -48.59842859999997, -28.031860499999929 ], [ -48.598429299999964, -28.031874799999979 ], [ -48.598429499999959, -28.031881899999963 ], [ -48.598429399999979, -28.031892699999958 ], [ -48.598429, -28.031903399999976 ], [ -48.59842859999997, -28.031908699999978 ], [ -48.598427799999968, -28.031917 ], [ -48.598425599999985, -28.031933599999952 ], [ -48.598422699999958, -28.031950099999957 ], [ -48.598420399999952, -28.031961099999926 ], [ -48.598415399999965, -28.03198309999993 ], [ -48.598412599999961, -28.031992499999941 ], [ -48.598410399999985, -28.031998699999974 ], [ -48.598405499999963, -28.032010799999966 ], [ -48.598404599999981, -28.032012699999935 ], [ -48.598402299999975, -28.03201619999993 ], [ -48.598400399999946, -28.032018299999955 ], [ -48.598396299999933, -28.032022599999944 ], [ -48.598393299999941, -28.032025799999921 ], [ -48.598390799999954, -28.03202919999994 ], [ -48.598389799999957, -28.032030899999935 ], [ -48.598388799999952, -28.032033699999939 ], [ -48.598388099999966, -28.032037099999968 ], [ -48.598387799999955, -28.032039399999974 ], [ -48.598387799999955, -28.032044199999966 ], [ -48.598388599999964, -28.032051499999966 ], [ -48.598389599999962, -28.032056399999931 ], [ -48.598391699999986, -28.032065799999941 ], [ -48.598393099999953, -28.032070399999952 ], [ -48.598394199999973, -28.032073499999967 ], [ -48.598397, -28.032079699999933 ], [ -48.598400099999935, -28.032085799999937 ], [ -48.598406799999971, -28.032098099999924 ], [ -48.598409799999963, -28.032104299999965 ], [ -48.59841119999993, -28.032107399999976 ], [ -48.59841339999997, -28.032113499999976 ], [ -48.598414199999979, -28.032116599999927 ], [ -48.598414899999966, -28.032121199999942 ], [ -48.598415, -28.0321259 ], [ -48.598414799999944, -28.032128199999928 ], [ -48.598413899999969, -28.032133499999937 ], [ -48.598413, -28.032137 ], [ -48.598411, -28.032144099999982 ], [ -48.598408599999971, -28.032151099999961 ], [ -48.598403, -28.032165299999974 ], [ -48.598398899999957, -28.032175799999948 ], [ -48.59839709999995, -28.032180099999938 ], [ -48.598393099999953, -28.032188599999984 ], [ -48.598390099999961, -28.032194299999958 ], [ -48.598384, -28.032205499999968 ], [ -48.598379699999953, -28.032213799999962 ], [ -48.598376099999946, -28.032222199999982 ], [ -48.598374699999958, -28.032226299999945 ], [ -48.598373199999976, -28.032232599999936 ], [ -48.598372799999936, -28.032235 ], [ -48.598372899999958, -28.03223979999996 ], [ -48.598373699999968, -28.032244599999956 ], [ -48.598374699999965, -28.032247699999978 ], [ -48.598375499999982, -28.032249799999928 ], [ -48.598377599999935, -28.032254 ], [ -48.598380399999947, -28.032258599999981 ], [ -48.59838249999995, -28.032261699999932 ], [ -48.598387199999934, -28.032267899999972 ], [ -48.598392399999966, -28.032273899999939 ], [ -48.598403499999968, -28.03228589999997 ], [ -48.598411399999975, -28.032294799999935 ], [ -48.59841559999996, -28.032299299999973 ], [ -48.598418599999945, -28.032302 ], [ -48.598424899999941, -28.032307 ], [ -48.598431599999969, -28.032311499999935 ], [ -48.598445299999987, -28.032319899999937 ], [ -48.598452, -28.032324199999945 ], [ -48.598455299999955, -28.032326499999943 ], [ -48.598461599999951, -28.032331399999972 ], [ -48.59846449999997, -28.03233409999995 ], [ -48.598468699999948, -28.032338599999939 ], [ -48.598472499999957, -28.032343499999971 ], [ -48.598474199999949, -28.032346199999953 ], [ -48.598476399999988, -28.032349799999974 ], [ -48.598480199999983, -28.032357199999971 ], [ -48.598483599999945, -28.032364499999968 ], [ -48.598485599999947, -28.032369299999978 ], [ -48.598489, -28.032379 ], [ -48.598491, -28.032386299999928 ], [ -48.598492099999923, -28.032391199999957 ], [ -48.598493899999937, -28.032400899999974 ], [ -48.598494599999988, -28.032405699999966 ], [ -48.598495599999978, -28.032415399999923 ], [ -48.598496, -28.032425099999948 ], [ -48.598496099999977, -28.03243149999998 ], [ -48.598495799999966, -28.032444399999978 ], [ -48.598495399999941, -28.032449299999936 ], [ -48.598494799999969, -28.032452599999949 ], [ -48.598493299999973, -28.032459199999952 ], [ -48.598491299999971, -28.032465799999947 ], [ -48.598486499999979, -28.032478899999937 ], [ -48.598482899999965, -28.032488699999931 ], [ -48.59848089999997, -28.032495299999937 ], [ -48.59848, -28.032498499999971 ], [ -48.598479, -28.032503499999958 ], [ -48.598478399999976, -28.032508399999983 ], [ -48.598478299999961, -28.032510899999963 ], [ -48.598478299999954, -28.032519699999959 ], [ -48.598478599999964, -28.032524 ], [ -48.5984792, -28.032530599999976 ], [ -48.598481, -28.032540499999989 ], [ -48.598483499999986, -28.032550299999969 ], [ -48.598485099999948, -28.032555299999952 ], [ -48.598488899999957, -28.032565099999943 ], [ -48.598491199999955, -28.03257 ], [ -48.598495, -28.03257739999998 ], [ -48.598497799999961, -28.032581599999965 ], [ -48.5985, -28.032584199999967 ], [ -48.598501499999948, -28.032585699999981 ], [ -48.598504899999973, -28.032588699999963 ], [ -48.598510499999975, -28.03259259999993 ], [ -48.598514499999965, -28.032595 ], [ -48.598522599999974, -28.032599499999957 ], [ -48.598531599999937, -28.032604599999949 ], [ -48.598537, -28.032608299999936 ], [ -48.598539499999958, -28.032610399999946 ], [ -48.598542799999962, -28.032613699999967 ], [ -48.59854549999995, -28.032617499999965 ], [ -48.598546699999986, -28.032619599999972 ], [ -48.598558, -28.03264369999993 ], [ -48.598563299999974, -28.032655799999937 ], [ -48.59857089999997, -28.032674099999952 ], [ -48.598578, -28.032692499999932 ], [ -48.598581399999951, -28.032701799999977 ], [ -48.598587799999962, -28.032720299999941 ], [ -48.598590799999954, -28.032729699999944 ], [ -48.598595099999947, -28.032743699999958 ], [ -48.59860029999993, -28.032762599999963 ], [ -48.598602799999973, -28.032772099999917 ], [ -48.598606199999956, -28.032786299999952 ], [ -48.59861079999996, -28.032807799999947 ], [ -48.598613299999954, -28.032821599999966 ], [ -48.59861479999995, -28.032830799999939 ], [ -48.598617199999978, -28.032849299999949 ], [ -48.598619099999951, -28.032867799999959 ], [ -48.598622299999931, -28.032904899999963 ], [ -48.598624899999948, -28.032932699999947 ], [ -48.598627099999938, -28.032951199999953 ], [ -48.598628399999939, -28.032960399999986 ], [ -48.598630699999944, -28.032974199999952 ], [ -48.598633399999983, -28.032987899999959 ], [ -48.598635, -28.032994799999969 ], [ -48.59863949999994, -28.033012799999938 ], [ -48.598641899999961, -28.033021799999972 ], [ -48.5986458, -28.033035199999961 ], [ -48.598650099999986, -28.033048499999953 ], [ -48.598652399999935, -28.033055099999952 ], [ -48.598657499999945, -28.03306809999998 ], [ -48.5986602, -28.033074599999971 ], [ -48.59866459999995, -28.033084199999962 ], [ -48.59867109999994, -28.033096699999923 ], [ -48.598674599999981, -28.03310289999996 ], [ -48.598680299999955, -28.033112 ], [ -48.598686399999963, -28.033120899999965 ], [ -48.598689699999966, -28.033125199999969 ], [ -48.598699099999983, -28.033137199999945 ], [ -48.598705399999972, -28.033145 ], [ -48.59871829999998, -28.033160399999922 ], [ -48.598738199999957, -28.033183 ], [ -48.598778599999946, -28.033227399999909 ], [ -48.598781799999983, -28.033230899999975 ], [ -48.598788799999966, -28.033237499999924 ], [ -48.598803299999986, -28.033250399999922 ], [ -48.598810299999968, -28.033257099999958 ], [ -48.598814699999934, -28.033261699999965 ], [ -48.5988167, -28.033264099999943 ], [ -48.598819599999963, -28.033267899999949 ], [ -48.598823399999958, -28.033273899999987 ], [ -48.598826799999983, -28.033280199999979 ], [ -48.598832899999941, -28.03329279999997 ], [ -48.598838199999932, -28.0333055 ], [ -48.598841499999928, -28.033314099999931 ], [ -48.598843399999964, -28.0333199 ], [ -48.598847099999944, -28.033331399999952 ], [ -48.598849599999937, -28.033340099999979 ], [ -48.5988541, -28.033357699999954 ], [ -48.598858, -28.033375399999958 ], [ -48.598864899999974, -28.033410899999986 ], [ -48.598870199999965, -28.033437499999923 ], [ -48.598873099999935, -28.033450799999969 ], [ -48.598934699999973, -28.033719599999976 ], [ -48.598951199999931, -28.033793599999964 ], [ -48.598951699999986, -28.033796199999976 ], [ -48.598952399999973, -28.033801499999985 ], [ -48.598952599999961, -28.033806699999957 ], [ -48.598952599999954, -28.033810299999963 ], [ -48.598952, -28.033817299999949 ], [ -48.598951199999931, -28.033822499999925 ], [ -48.598950399999971, -28.033826099999942 ], [ -48.598948599999979, -28.033833099999971 ], [ -48.598945, -28.033843599999955 ], [ -48.598942099999938, -28.03385059999993 ], [ -48.59894, -28.033855199999945 ], [ -48.598935499999975, -28.033864399999963 ], [ -48.598933799999941, -28.033867399999973 ], [ -48.598932499999933, -28.033869299999939 ], [ -48.598929599999963, -28.033872799999976 ], [ -48.598926499999948, -28.033876099999929 ], [ -48.598919799999976, -28.03388219999994 ], [ -48.598914699999966, -28.033886699999986 ], [ -48.59891, -28.033891499999982 ], [ -48.598907899999979, -28.03389409999993 ], [ -48.598905199999933, -28.03389819999995 ], [ -48.598896699999948, -28.033913899999959 ], [ -48.598892599999942, -28.033921899999942 ], [ -48.598887, -28.033933899999965 ], [ -48.598881899999988, -28.033946 ], [ -48.598879799999963, -28.033952099999961 ], [ -48.598877199999947, -28.033960399999959 ], [ -48.5988761, -28.033964599999923 ], [ -48.598874699999953, -28.03397079999996 ], [ -48.598873199999957, -28.033980399999958 ], [ -48.598872499999977, -28.033987099999937 ], [ -48.598871599999946, -28.034000499999934 ], [ -48.598871299999985, -28.03401389999993 ], [ -48.598871199999969, -28.034040699999935 ], [ -48.598870799999986, -28.034060799999963 ], [ -48.59887029999993, -28.03407079999992 ], [ -48.59886819999997, -28.03409959999993 ], [ -48.598867099999943, -28.034109099999959 ], [ -48.598866299999941, -28.034113899999969 ], [ -48.598864299999953, -28.034123399999942 ], [ -48.598863, -28.034128099999975 ], [ -48.598860599999959, -28.034135199999973 ], [ -48.598858599999971, -28.034139499999984 ], [ -48.598857, -28.034142299999932 ], [ -48.598853199999951, -28.034147399999934 ], [ -48.598851099999933, -28.034149899999935 ], [ -48.598846499999979, -28.034154499999946 ], [ -48.598841499999935, -28.034158899999962 ], [ -48.598831, -28.034167499999963 ], [ -48.598823399999958, -28.03417409999998 ], [ -48.598819899999974, -28.034177599999971 ], [ -48.598815, -28.034183199999983 ], [ -48.598809499999959, -28.03419 ], [ -48.598797899999973, -28.034203499999922 ], [ -48.59879269999994, -28.034210399999942 ], [ -48.59879049999995, -28.034214 ], [ -48.598788, -28.034218899999928 ], [ -48.598787099999981, -28.034221299999956 ], [ -48.598786, -28.034225099999958 ], [ -48.598785299999975, -28.034229099999948 ], [ -48.598785199999952, -28.034231 ], [ -48.598785199999952, -28.034238599999984 ], [ -48.598785899999939, -28.034253699999958 ], [ -48.598787299999977, -28.034268799999936 ], [ -48.598791099999971, -28.03429919999995 ], [ -48.598793699999938, -28.034322 ], [ -48.598794599999962, -28.03433339999998 ], [ -48.59879559999996, -28.034351799999957 ], [ -48.59879669999998, -28.034388799999931 ], [ -48.598798, -28.034462699999949 ], [ -48.59879879999994, -28.034487399999929 ], [ -48.598799299999939, -28.034499699999966 ], [ -48.598800899999951, -28.034524299999937 ], [ -48.598801899999962, -28.034536499999941 ], [ -48.59880389999995, -28.034554899999932 ], [ -48.598806499999974, -28.034573299999984 ], [ -48.598808, -28.034582499999935 ], [ -48.598809699999947, -28.034591799999937 ], [ -48.598811099999971, -28.034597899999934 ], [ -48.598814099999977, -28.034610199999975 ], [ -48.59881919999998, -28.034628399999978 ], [ -48.598830699999944, -28.034664699999951 ], [ -48.598839099999964, -28.03469189999992 ], [ -48.59884279999995, -28.034705599999945 ], [ -48.598849, -28.034729799999976 ], [ -48.598860899999977, -28.034778199999955 ], [ -48.598869899999947, -28.034814499999982 ], [ -48.598874799999976, -28.034832399999967 ], [ -48.598877499999951, -28.034841399999941 ], [ -48.598882, -28.034854599999953 ], [ -48.598886899999975, -28.034867799999965 ], [ -48.5988895, -28.034874399999978 ], [ -48.598895099999943, -28.034887399999949 ], [ -48.598898, -28.034893899999918 ], [ -48.598902599999981, -28.034903499999924 ], [ -48.598903599999971, -28.034905199999962 ], [ -48.598904299999958, -28.034906199999956 ], [ -48.598906099999965, -28.034908099999942 ], [ -48.598909499999927, -28.034910599999932 ], [ -48.598912, -28.034912 ], [ -48.598913899999957, -28.034912899999931 ], [ -48.598917799999981, -28.03491419999995 ], [ -48.598919899999942, -28.034914799999964 ], [ -48.598924299999972, -28.034915599999973 ], [ -48.598927299999964, -28.034915899999923 ], [ -48.598933399999972, -28.034916099999972 ], [ -48.598938, -28.034915699999942 ], [ -48.598942399999935, -28.034915 ], [ -48.598944499999952, -28.03491449999995 ], [ -48.598947599999974, -28.034913599999971 ], [ -48.598951499999941, -28.034912 ], [ -48.5989532, -28.034911099999931 ], [ -48.598955699999983, -28.034909499999966 ], [ -48.598958699999969, -28.034906799999931 ], [ -48.598961399999951, -28.034903499999931 ], [ -48.598966199999943, -28.034896899999978 ], [ -48.598970199999933, -28.034889899999946 ], [ -48.598972299999957, -28.034885099999933 ], [ -48.59897349999995, -28.034881799999933 ], [ -48.598975399999972, -28.034875099999969 ], [ -48.598976, -28.034871299999963 ], [ -48.598976199999981, -28.034868799999963 ], [ -48.598976099999959, -28.034863699999956 ], [ -48.59897559999996, -28.034858599999943 ], [ -48.598974099999971, -28.034848399999927 ], [ -48.59897339999997, -28.034840699999954 ], [ -48.598973399999984, -28.034835599999951 ], [ -48.598973699999931, -28.03483309999995 ], [ -48.598974399999982, -28.034829299999956 ], [ -48.598975699999983, -28.034825499999954 ], [ -48.598976599999958, -28.034823599999978 ], [ -48.598986499999967, -28.034802799999962 ], [ -48.598989899999935, -28.034796399999951 ], [ -48.598991699999942, -28.034793699999963 ], [ -48.598993899999982, -28.034790799999946 ], [ -48.598995, -28.034789699999969 ], [ -48.5989967, -28.034788599999949 ], [ -48.598998799999947, -28.034788299999949 ], [ -48.599000899999957, -28.034789399999976 ], [ -48.599002099999943, -28.034790799999946 ], [ -48.599004599999944, -28.03479469999996 ], [ -48.599007, -28.03479969999994 ], [ -48.599011499999961, -28.034811499999936 ], [ -48.599014699999941, -28.03482 ], [ -48.599016399999989, -28.034825199999947 ], [ -48.599017099999969, -28.034828599999972 ], [ -48.599017299999957, -28.034830899999982 ], [ -48.599017499999945, -28.034835499999918 ], [ -48.599017399999987, -28.034838899999944 ], [ -48.599016599999977, -28.034845799999975 ], [ -48.599012299999963, -28.034866399999942 ], [ -48.599011299999972, -28.034873199999936 ], [ -48.599011, -28.034876599999961 ], [ -48.599011, -28.034881799999937 ], [ -48.599011599999983, -28.03488689999995 ], [ -48.599012099999982, -28.034889399999937 ], [ -48.599013399999933, -28.034893899999933 ], [ -48.59901439999993, -28.034896899999982 ], [ -48.59901659999997, -28.034902699999972 ], [ -48.599017799999963, -28.034905599999949 ], [ -48.59902059999996, -28.03491119999995 ], [ -48.599022699999978, -28.034914899999936 ], [ -48.599027399999954, -28.034922 ], [ -48.599031299999979, -28.034927099999951 ], [ -48.599035599999979, -28.034932 ], [ -48.599037899999985, -28.034934399999944 ], [ -48.599041399999983, -28.034937899999925 ], [ -48.599047199999973, -28.034942899999976 ], [ -48.599048399999965, -28.03494389999997 ], [ -48.599051199999963, -28.034945499999946 ], [ -48.599054199999962, -28.034946699999974 ], [ -48.599056299999972, -28.034947399999961 ], [ -48.599060699999939, -28.034948099999951 ], [ -48.599064199999923, -28.03494829999994 ], [ -48.599066599999958, -28.03494819999997 ], [ -48.599071299999935, -28.034947699999979 ], [ -48.599076, -28.034946699999974 ], [ -48.59908, -28.034945399999973 ], [ -48.599081899999938, -28.034944599999967 ], [ -48.599084699999928, -28.034943299999949 ], [ -48.599088499999937, -28.034940899999985 ], [ -48.599090199999978, -28.034939599999969 ], [ -48.599101399999938, -28.03493 ], [ -48.599106699999936, -28.034925 ], [ -48.599114099999952, -28.034917299999954 ], [ -48.599118599999947, -28.034912 ], [ -48.599120699999958, -28.034909299999985 ], [ -48.59912369999995, -28.034905099999943 ], [ -48.599127299999957, -28.034899299999946 ], [ -48.599128899999982, -28.034896299999939 ], [ -48.599131099999965, -28.03489169999995 ], [ -48.59913389999997, -28.034884599999938 ], [ -48.599138, -28.034871199999941 ], [ -48.599139899999962, -28.034864499999962 ], [ -48.599142399999948, -28.034854399999976 ], [ -48.599144399999943, -28.034844299999968 ], [ -48.599145199999953, -28.034839299999927 ], [ -48.599146499999961, -28.034829099999971 ], [ -48.599147, -28.034824 ], [ -48.599147299999977, -28.034816399999951 ], [ -48.599148899999932, -28.034747799999934 ], [ -48.599149299999965, -28.034713399999927 ], [ -48.599149399999931, -28.034661899999954 ], [ -48.599149, -28.034632299999934 ], [ -48.599148699999937, -28.034610399999963 ], [ -48.599148099999987, -28.034584699999982 ], [ -48.599147399999943, -28.034564199999984 ], [ -48.599145299999975, -28.034523199999953 ], [ -48.599142599999936, -28.034482299999969 ], [ -48.599136499999986, -28.034400399999978 ], [ -48.599135899999972, -28.034395 ], [ -48.599135399999966, -28.034391399999947 ], [ -48.59913389999997, -28.03438419999998 ], [ -48.599133, -28.03438059999997 ], [ -48.599130899999977, -28.034373499999958 ], [ -48.599128399999977, -28.034366299999927 ], [ -48.599126499999954, -28.034361599999954 ], [ -48.599122399999942, -28.034352099999982 ], [ -48.599119, -28.034345 ], [ -48.599111699999973, -28.034330799999957 ], [ -48.599106499999948, -28.034321399999953 ], [ -48.599096199999963, -28.034302599999929 ], [ -48.599088699999982, -28.034288499999946 ], [ -48.599082, -28.034274499999977 ], [ -48.599079, -28.034267499999938 ], [ -48.599075199999966, -28.034257 ], [ -48.599072899999946, -28.034249099999947 ], [ -48.59907249999997, -28.03424779999995 ], [ -48.59907149999998, -28.034243099999973 ], [ -48.599070299999944, -28.034236199999953 ], [ -48.599069699999973, -28.034229199999956 ], [ -48.59906959999995, -28.034225699999975 ], [ -48.599069899999968, -28.034218799999955 ], [ -48.599070199999971, -28.034215299999961 ], [ -48.599071099999946, -28.034210099999935 ], [ -48.599072899999953, -28.034203199999968 ], [ -48.599074099999939, -28.034199699999935 ], [ -48.599076199999956, -28.034194599999974 ], [ -48.59907879999998, -28.034189399999956 ], [ -48.599080299999969, -28.034186799999926 ], [ -48.599082699999933, -28.034182499999933 ], [ -48.599088, -28.034173 ], [ -48.599092299999946, -28.034165899999948 ], [ -48.599096599999939, -28.034159599999946 ], [ -48.599098799999986, -28.034157 ], [ -48.599101699999949, -28.034154299999948 ], [ -48.599103099999972, -28.03415339999998 ], [ -48.599105099999974, -28.034152499999948 ], [ -48.599107599999968, -28.034152599999967 ], [ -48.599109799999951, -28.034153499999942 ], [ -48.599113599999946, -28.034156 ], [ -48.599117299999939, -28.034159299999953 ], [ -48.5991198, -28.034161899999965 ], [ -48.599124599999975, -28.03416789999995 ], [ -48.599127, -28.034171299999961 ], [ -48.599131799999945, -28.034178599999954 ], [ -48.599136599999952, -28.034186599999934 ], [ -48.599146099999984, -28.034203199999968 ], [ -48.59915319999994, -28.034215299999968 ], [ -48.59915669999998, -28.034221 ], [ -48.599163799999985, -28.034232899999949 ], [ -48.599168099999986, -28.03424079999996 ], [ -48.59917089999994, -28.034246199999938 ], [ -48.599176, -28.034256899999935 ], [ -48.599182899999967, -28.034273 ], [ -48.599187199999967, -28.034283699999946 ], [ -48.5991954, -28.034305199999945 ], [ -48.599204599999958, -28.034329099999969 ], [ -48.599211299999986, -28.034344799999918 ], [ -48.59921479999997, -28.034352599999973 ], [ -48.599220599999967, -28.034364099999937 ], [ -48.599227, -28.034375399999924 ], [ -48.599230499999976, -28.034381 ], [ -48.599234199999955, -28.034386499999982 ], [ -48.599236899999937, -28.03439 ], [ -48.599242699999934, -28.034396899999937 ], [ -48.599252, -28.034406899999965 ], [ -48.599271499999986, -28.034426299999943 ], [ -48.599280799999981, -28.034436299999978 ], [ -48.59928519999994, -28.034441499999964 ], [ -48.59929139999997, -28.034449499999941 ], [ -48.599301799999985, -28.034465 ], [ -48.599306699999943, -28.034472899999965 ], [ -48.59931349999993, -28.034485 ], [ -48.599317599999942, -28.034493299999955 ], [ -48.599319499999979, -28.034497499999926 ], [ -48.599322099999945, -28.034503899999944 ], [ -48.599323899999952, -28.034508899999935 ], [ -48.599327, -28.034518799999937 ], [ -48.599329599999983, -28.03452889999993 ], [ -48.599334, -28.034549 ], [ -48.599335499999931, -28.034557299999964 ], [ -48.599336299999948, -28.03456279999995 ], [ -48.599337499999933, -28.034573799999972 ], [ -48.599338399999965, -28.034584899999956 ], [ -48.599339599999958, -28.034607099999967 ], [ -48.599340599999955, -28.034623799999963 ], [ -48.599341, -28.034629 ], [ -48.599342, -28.034640499999963 ], [ -48.599343099999942, -28.034648799999953 ], [ -48.599345399999955, -28.034661199999967 ], [ -48.599347399999949, -28.03466949999995 ], [ -48.599349099999984, -28.034674799999951 ], [ -48.599350399999942, -28.034678399999951 ], [ -48.599353199999939, -28.034685299999971 ], [ -48.599355599999967, -28.034690399999931 ], [ -48.599357399999974, -28.034693799999953 ], [ -48.599361199999976, -28.03470039999997 ], [ -48.599363299999929, -28.034703699999966 ], [ -48.599367799999982, -28.034710199999953 ], [ -48.599372799999969, -28.03471659999996 ], [ -48.59937629999996, -28.034720799999942 ], [ -48.599383899999964, -28.034729099999932 ], [ -48.599390199999966, -28.034735 ], [ -48.59939339999994, -28.034737599999961 ], [ -48.5993984, -28.034741199999932 ], [ -48.599403699999982, -28.034744299999939 ], [ -48.599406399999971, -28.034745699999974 ], [ -48.599412099999938, -28.034748099999938 ], [ -48.599415099999931, -28.034749099999932 ], [ -48.599419599999976, -28.034750499999966 ], [ -48.599422299999965, -28.034751099999941 ], [ -48.599427899999966, -28.034752099999931 ], [ -48.599433399999953, -28.034752699999959 ], [ -48.59944459999997, -28.034753599999927 ], [ -48.599453, -28.034754599999928 ], [ -48.599457099999945, -28.034755299999961 ], [ -48.599472499999933, -28.034758 ], [ -48.599477499999978, -28.034759199999936 ], [ -48.59948, -28.03476 ], [ -48.599484699999948, -28.034761899999985 ], [ -48.599487, -28.034763099999971 ], [ -48.599490299999964, -28.034765399999969 ], [ -48.59949359999996, -28.034768199999977 ], [ -48.599495599999955, -28.034770099999946 ], [ -48.599499099999946, -28.034774199999966 ], [ -48.599503499999976, -28.03478059999998 ], [ -48.5995114, -28.034794 ], [ -48.599518299999943, -28.034805799999951 ], [ -48.599531399999933, -28.034829799999955 ], [ -48.5995382, -28.034841699999955 ], [ -48.59954179999994, -28.034847599999971 ], [ -48.599548199999958, -28.034857 ], [ -48.599551499999954, -28.034861599999935 ], [ -48.599556899999989, -28.0348681 ], [ -48.599562699999979, -28.034874399999989 ], [ -48.599565799999944, -28.034877499999933 ], [ -48.599572499999965, -28.034883599999944 ], [ -48.599576099999979, -28.034886499999967 ], [ -48.59958179999996, -28.034891 ], [ -48.599586, -28.034893799999971 ], [ -48.599588199999971, -28.034895099999975 ], [ -48.59959159999994, -28.034896899999971 ], [ -48.599596899999938, -28.034899099999965 ], [ -48.599602299999958, -28.034900599999954 ], [ -48.599605, -28.034901 ], [ -48.599608499999931, -28.034901199999986 ], [ -48.599610299999945, -28.034901199999975 ], [ -48.599612799999939, -28.034900799999942 ], [ -48.599616499999975, -28.034899799999938 ], [ -48.599623299999962, -28.034897199999921 ], [ -48.599637, -28.034891499999958 ], [ -48.599650499999939, -28.034885199999959 ], [ -48.599659499999966, -28.034880699999974 ], [ -48.599677199999974, -28.034871499999944 ], [ -48.599683099999936, -28.03486839999994 ], [ -48.599694499999934, -28.034861799999927 ], [ -48.599728, -28.034841799999988 ], [ -48.599739399999969, -28.034835399999967 ], [ -48.599745299999938, -28.034832299999952 ], [ -48.599754299999979, -28.034827899999986 ], [ -48.599762699999978, -28.034824099999984 ], [ -48.599767, -28.034822399999925 ], [ -48.599773499999962, -28.03482 ], [ -48.599783299999963, -28.034816799999923 ], [ -48.599793399999953, -28.034814299999944 ], [ -48.599798399999948, -28.034813199999963 ], [ -48.59980859999996, -28.034811599999941 ], [ -48.599813799999929, -28.034811 ], [ -48.599821599999984, -28.034810499999931 ], [ -48.599858899999958, -28.034809499999934 ], [ -48.599933599999986, -28.034808699999928 ], [ -48.599970899999953, -28.034808099999967 ], [ -48.599989599999965, -28.034807699999938 ], [ -48.600059, -28.034804899999983 ], [ -48.600069399999938, -28.034804799999954 ], [ -48.600074599999978, -28.03480489999998 ], [ -48.600082399999962, -28.034805399999986 ], [ -48.600090099999932, -28.034806399999979 ], [ -48.600094, -28.034807099999973 ], [ -48.600101699999989, -28.034808899999977 ], [ -48.600105599999956, -28.03481 ], [ -48.60011129999998, -28.034812099999954 ], [ -48.600114399999946, -28.034813499999917 ], [ -48.600116199999938, -28.034814499999982 ], [ -48.600119699999937, -28.034816899999942 ], [ -48.600121299999948, -28.034818299999973 ], [ -48.600124199999975, -28.034821099999931 ], [ -48.600126899999964, -28.034824199999946 ], [ -48.6001318, -28.034830799999945 ], [ -48.600133099999944, -28.034832699999967 ], [ -48.60013529999997, -28.034836599999945 ], [ -48.600136599999985, -28.034839299999938 ], [ -48.600138799999968, -28.034844799999973 ], [ -48.600140499999959, -28.034848899999943 ], [ -48.600143499999945, -28.034854899999978 ], [ -48.600145299999951, -28.034857799999937 ], [ -48.60014979999994, -28.034864099999933 ], [ -48.600152199999975, -28.034867099999918 ], [ -48.600156299999981, -28.034871399999918 ], [ -48.600159399999939, -28.034873899999987 ], [ -48.60016109999998, -28.034875099999969 ], [ -48.600163899999984, -28.034876699999977 ], [ -48.600170099999964, -28.034879499999928 ], [ -48.600174199999962, -28.034881199999969 ], [ -48.60018249999996, -28.034883799999932 ], [ -48.600186699999938, -28.034884899999955 ], [ -48.600195199999973, -28.03488659999994 ], [ -48.600203699999952, -28.034888 ], [ -48.600221, -28.034890099999931 ], [ -48.600236399999972, -28.034891599999987 ], [ -48.600244099999941, -28.034892199999941 ], [ -48.600255699999941, -28.034892899999939 ], [ -48.600273099999988, -28.034893299999961 ], [ -48.600290499999964, -28.034893 ], [ -48.600299199999931, -28.034892599999985 ], [ -48.600306399999972, -28.034892 ], [ -48.60031, -28.034891499999972 ], [ -48.600315299999984, -28.034890399999938 ], [ -48.600320399999937, -28.034888799999983 ], [ -48.600322899999981, -28.034887799999971 ], [ -48.600327599999957, -28.034885299999925 ], [ -48.60032979999994, -28.034883799999928 ], [ -48.600333199999973, -28.034880799999947 ], [ -48.60033459999994, -28.034878899999963 ], [ -48.600335199999961, -28.034876799999935 ], [ -48.600335199999961, -28.034874 ], [ -48.600334199999971, -28.034870399999935 ], [ -48.600333199999966, -28.034868 ], [ -48.600330699999972, -28.034863099999932 ], [ -48.600328199999979, -28.034858099999941 ], [ -48.60032659999996, -28.034855199999974 ], [ -48.600325199999986, -28.034853299999952 ], [ -48.60032149999995, -28.03484949999995 ], [ -48.600317199999949, -28.034845699999963 ], [ -48.600308299999938, -28.034838299999933 ], [ -48.600304499999936, -28.034834699999976 ], [ -48.600303099999962, -28.034833 ], [ -48.600301299999963, -28.034830299999953 ], [ -48.600300699999934, -28.034828199999943 ], [ -48.600301, -28.034826299999956 ], [ -48.600302399999975, -28.034824199999942 ], [ -48.60030409999996, -28.034822799999976 ], [ -48.600309399999958, -28.034819899999942 ], [ -48.600313, -28.03481829999998 ], [ -48.600315499999965, -28.034817299999933 ], [ -48.600320499999953, -28.034815799999937 ], [ -48.600324199999939, -28.034814899999947 ], [ -48.600331899999958, -28.034813699999965 ], [ -48.6003396, -28.03481319999997 ], [ -48.600344799999966, -28.034813099999958 ], [ -48.600355099999945, -28.034813599999953 ], [ -48.600378899999953, -28.034815499999972 ], [ -48.600390799999964, -28.034816599999939 ], [ -48.600408499999951, -28.034818499999979 ], [ -48.600426099999929, -28.034820699999958 ], [ -48.600461099999968, -28.034825699999946 ], [ -48.60048739999997, -28.034829199999937 ], [ -48.600495399999943, -28.034829899999981 ], [ -48.600499399999926, -28.03483 ], [ -48.600505399999982, -28.034829899999966 ], [ -48.600511399999952, -28.034829299999945 ], [ -48.600514499999981, -28.034828899999969 ], [ -48.600520499999952, -28.034827499999952 ], [ -48.600523499999944, -28.034826599999974 ], [ -48.600528, -28.034824899999929 ], [ -48.600533299999945, -28.034822499999954 ], [ -48.600536599999941, -28.034820699999965 ], [ -48.600542599999983, -28.034817 ], [ -48.600545499999953, -28.034815 ], [ -48.600550899999973, -28.034810799999949 ], [ -48.600556, -28.034806399999979 ], [ -48.60056609999998, -28.034797199999954 ], [ -48.600570299999966, -28.034793299999937 ], [ -48.600578399999954, -28.034785099999958 ], [ -48.600599899999963, -28.0347614 ], [ -48.60060129999993, -28.034759799999964 ], [ -48.600609199999951, -28.034751699999958 ], [ -48.600613399999986, -28.034747699999961 ], [ -48.600619899999963, -28.034741899999972 ], [ -48.60063039999995, -28.034733499999959 ], [ -48.600635799999964, -28.034729499999962 ], [ -48.600644099999947, -28.034723699999972 ], [ -48.600652699999962, -28.034718299999955 ], [ -48.600657099999978, -28.034715799999955 ], [ -48.600666199999978, -28.034711099999978 ], [ -48.600670799999939, -28.034709 ], [ -48.600678, -28.034706099999937 ], [ -48.600696299999981, -28.034699399999962 ], [ -48.600705499999947, -28.034696299999954 ], [ -48.60071929999998, -28.034691799999944 ], [ -48.600740099999939, -28.034685499999981 ], [ -48.60076109999995, -28.034679799999939 ], [ -48.600771699999939, -28.034677199999972 ], [ -48.600879, -28.034651699999987 ], [ -48.600910699999986, -28.034643899999942 ], [ -48.600931799999955, -28.034638499999964 ], [ -48.6009739, -28.03462739999998 ], [ -48.600982199999976, -28.034625099999964 ], [ -48.600986299999938, -28.034623699999933 ], [ -48.600992399999939, -28.034621499999957 ], [ -48.60100129999995, -28.034617699999949 ], [ -48.601007, -28.034614799999918 ], [ -48.60100969999997, -28.034613199999967 ], [ -48.601013599999931, -28.034610599999947 ], [ -48.601018499999952, -28.034606899999979 ], [ -48.601020799999951, -28.034604799999958 ], [ -48.601024, -28.034601599999974 ], [ -48.60102679999995, -28.034598199999945 ], [ -48.601028099999944, -28.034596299999976 ], [ -48.60103259999994, -28.034589399999959 ], [ -48.60104089999993, -28.034575299999975 ], [ -48.601048399999968, -28.034561099999955 ], [ -48.601062699999943, -28.034532399999929 ], [ -48.601070299999947, -28.034517 ], [ -48.601085, -28.034486099999967 ], [ -48.601096499999976, -28.034463 ], [ -48.601100799999983, -28.034455199999979 ], [ -48.601103199999947, -28.034451399999973 ], [ -48.601106899999941, -28.034445799999947 ], [ -48.601113, -28.034437699999959 ], [ -48.601119799999935, -28.03443 ], [ -48.601123499999979, -28.034426399999976 ], [ -48.601128599999981, -28.034421699999935 ], [ -48.60113129999997, -28.034419499999956 ], [ -48.601135799999952, -28.03441609999992 ], [ -48.601142299999935, -28.034411899999949 ], [ -48.601153899999986, -28.034405199999973 ], [ -48.601161699999984, -28.034401 ], [ -48.601167, -28.034398399999919 ], [ -48.601177699999937, -28.034393299999977 ], [ -48.601185799999939, -28.034389699999966 ], [ -48.601202199999932, -28.034383 ], [ -48.601218699999947, -28.03437659999997 ], [ -48.601252, -28.034364399999948 ], [ -48.601276699999971, -28.034354899999975 ], [ -48.601289, -28.034349799999976 ], [ -48.601301, -28.034344499999971 ], [ -48.601307, -28.034341599999941 ], [ -48.601315799999952, -28.034337499999925 ], [ -48.60133339999993, -28.034329499999949 ], [ -48.601342, -28.034325199999952 ], [ -48.601346199999966, -28.034322799999984 ], [ -48.601354299999969, -28.034317599999959 ], [ -48.601358299999958, -28.034314699999975 ], [ -48.601363899999967, -28.034309899999982 ], [ -48.601369099999943, -28.034304499999973 ], [ -48.601372, -28.034300799999983 ], [ -48.601373799999969, -28.034298199999959 ], [ -48.601377099999986, -28.034292899999969 ], [ -48.601381199999935, -28.034284699999933 ], [ -48.60138349999994, -28.034279 ], [ -48.601387799999941, -28.034267599999968 ], [ -48.60139259999994, -28.034254799999932 ], [ -48.60139369999996, -28.034251799999947 ], [ -48.601395199999963, -28.03424579999994 ], [ -48.601395899999943, -28.034241599999977 ], [ -48.601397199999951, -28.034233299999972 ], [ -48.601398599999989, -28.034227099999953 ], [ -48.601399799999967, -28.034223199999929 ], [ -48.601400699999949, -28.034221299999956 ], [ -48.601402099999973, -28.034218499999948 ], [ -48.601403899999973, -28.034215899999932 ], [ -48.601405, -28.034214599999935 ], [ -48.601409799999942, -28.034209299999929 ], [ -48.601419599999986, -28.034199 ], [ -48.601429799999949, -28.034189 ], [ -48.601436699999965, -28.034182599999944 ], [ -48.601450899999975, -28.034170099999983 ], [ -48.601461799999989, -28.034161 ], [ -48.601469199999947, -28.03415509999996 ], [ -48.601484099999936, -28.034143499999963 ], [ -48.601507, -28.034126599999979 ], [ -48.601553499999966, -28.034093299999935 ], [ -48.601593399999956, -28.034064699999945 ], [ -48.601673599999963, -28.034007799999976 ], [ -48.601713399999937, -28.033979099999947 ], [ -48.601733099999933, -28.033964499999968 ], [ -48.601758499999967, -28.033945199999941 ], [ -48.601808699999935, -28.03390579999996 ], [ -48.601834, -28.033886299999942 ], [ -48.601846799999976, -28.033876699999954 ], [ -48.601868299999978, -28.033861 ], [ -48.601882699999983, -28.03385069999997 ], [ -48.601911899999948, -28.033830199999958 ], [ -48.601956, -28.033800099999958 ], [ -48.601985699999943, -28.03378029999994 ], [ -48.60204559999994, -28.033741099999933 ], [ -48.602091399999949, -28.033711799999931 ], [ -48.602114399999955, -28.033697399999934 ], [ -48.6021492, -28.033676199999952 ], [ -48.602184299999976, -28.033655299999964 ], [ -48.602202, -28.033644899999945 ], [ -48.602237599999967, -28.03362459999995 ], [ -48.602255499999956, -28.033614599999968 ], [ -48.602282499999937, -28.033599799999926 ], [ -48.602293799999984, -28.033593799999949 ], [ -48.602307299999957, -28.033586599999968 ], [ -48.602324, -28.033578 ], [ -48.602357499999982, -28.033561299999981 ], [ -48.602374399999974, -28.033553099999953 ], [ -48.602408299999986, -28.033537099999929 ], [ -48.602442499999938, -28.033521299999965 ], [ -48.602511199999988, -28.033490299999979 ], [ -48.602526, -28.033483699999973 ], [ -48.602555799999948, -28.033471199999948 ], [ -48.602585799999986, -28.033459299999947 ], [ -48.602606099999953, -28.033451599999974 ], [ -48.60261979999995, -28.033446599999937 ], [ -48.602647599999948, -28.033436799999951 ], [ -48.602668099999953, -28.033429699999939 ], [ -48.602678399999945, -28.033426399999932 ], [ -48.602694, -28.033421899999944 ], [ -48.602704399999936, -28.033419399999953 ], [ -48.602709599999969, -28.033418299999937 ], [ -48.60271739999996, -28.033417 ], [ -48.602727899999941, -28.033415799999943 ], [ -48.602733199999939, -28.033415499999926 ], [ -48.602741099999946, -28.033415499999929 ], [ -48.602749, -28.033415899999959 ], [ -48.6027529, -28.033416399999954 ], [ -48.602936599999971, -28.033439899999955 ], [ -48.603153899999946, -28.033500899999982 ], [ -48.603210499999939, -28.033516399999929 ], [ -48.603324799999939, -28.033546699999917 ], [ -48.603381799999966, -28.033562399999933 ], [ -48.603410099999955, -28.033570599999962 ], [ -48.603447699999947, -28.033582 ], [ -48.603466399999952, -28.033587899999926 ], [ -48.60349419999995, -28.033597199999974 ], [ -48.603521799999953, -28.033606799999955 ], [ -48.603535399999942, -28.0336119 ], [ -48.60355949999996, -28.033621199999967 ], [ -48.60357149999993, -28.033626 ], [ -48.603589299999946, -28.033633399999925 ], [ -48.603615699999978, -28.033645099999951 ], [ -48.603633099999968, -28.033653299999965 ], [ -48.603641699999976, -28.033657499999943 ], [ -48.603654499999955, -28.033664 ], [ -48.603669699999955, -28.033672 ], [ -48.603671399999939, -28.033672899999939 ], [ -48.603679799999952, -28.033677499999957 ], [ -48.603692199999955, -28.033684599999944 ], [ -48.603710699999972, -28.03369569999996 ], [ -48.603763499999957, -28.033728599999964 ], [ -48.603765199999948, -28.033729699999977 ], [ -48.603798499999982, -28.033750699999931 ], [ -48.603868, -28.033795299999948 ], [ -48.603937099999939, -28.033840299999948 ], [ -48.60407459999994, -28.033930799999954 ], [ -48.604177799999945, -28.033998799999949 ], [ -48.604457099999934, -28.034182199999965 ], [ -48.604596499999957, -28.034274199999981 ], [ -48.60466329999997, -28.03431889999996 ], [ -48.604696499999932, -28.03434139999996 ], [ -48.604746, -28.034375699999938 ], [ -48.604795099999933, -28.034410399999963 ], [ -48.604819399999947, -28.034428 ], [ -48.604851599999961, -28.034451599999947 ], [ -48.604867599999984, -28.034463599999981 ], [ -48.604891499999944, -28.034481599999939 ], [ -48.604927, -28.034509 ], [ -48.604958299999964, -28.034533699999937 ], [ -48.604973699999952, -28.034546199999955 ], [ -48.604996799999981, -28.034565099999949 ], [ -48.605031, -28.034593899999948 ], [ -48.605064599999935, -28.034623099999969 ], [ -48.605081299999938, -28.034638 ], [ -48.605131799999988, -28.034684 ], [ -48.605165099999965, -28.034714899999983 ], [ -48.605187199999925, -28.034735699999938 ], [ -48.605231, -28.034777299999977 ], [ -48.605263699999959, -28.034808799999961 ], [ -48.605328399999962, -28.034872 ], [ -48.605392499999944, -28.034935799999971 ], [ -48.605435, -28.034978399999943 ], [ -48.605519799999968, -28.035064099999939 ], [ -48.605615799999953, -28.03516169999995 ], [ -48.605663799999945, -28.035210599999964 ], [ -48.605735399999958, -28.035284099999956 ], [ -48.605806799999982, -28.035357899999951 ], [ -48.605842299999949, -28.035394899999972 ], [ -48.605998599999964, -28.03555719999996 ], [ -48.606050399999965, -28.035611499999963 ], [ -48.606076199999961, -28.035638799999955 ], [ -48.606127299999969, -28.035693599999945 ], [ -48.606152599999973, -28.035721199999958 ], [ -48.606190199999958, -28.035762799999926 ], [ -48.606223199999931, -28.03580009999996 ], [ -48.606239499999958, -28.035818899999981 ], [ -48.606263799999972, -28.035847099999948 ], [ -48.606299699999965, -28.035889899999976 ], [ -48.606323199999963, -28.035918699999964 ], [ -48.606334799999964, -28.035933199999928 ], [ -48.606352099999981, -28.035955 ], [ -48.606396899999936, -28.036012399999954 ], [ -48.606485799999973, -28.036127399999941 ], [ -48.606574199999962, -28.036242799999968 ], [ -48.606749899999954, -28.036474099999953 ], [ -48.60688179999994, -28.036647499999955 ], [ -48.606948099999954, -28.036734 ], [ -48.607042699999973, -28.036856399999984 ], [ -48.607232799999963, -28.037100599999967 ], [ -48.60729589999994, -28.037182199999972 ], [ -48.607327299999945, -28.037223099999949 ], [ -48.607374199999981, -28.037284599999968 ], [ -48.607387299999971, -28.03730209999997 ], [ -48.607395799999956, -28.037313899999958 ], [ -48.607412499999953, -28.037337499999971 ], [ -48.607420599999948, -28.037349499999944 ], [ -48.607436499999942, -28.037373599999967 ], [ -48.607452, -28.037397899999974 ], [ -48.607462, -28.037414199999947 ], [ -48.607481699999937, -28.037447099999955 ], [ -48.607503, -28.037484499999948 ], [ -48.607516899999951, -28.037509699999926 ], [ -48.607526, -28.037526499999952 ], [ -48.607543899999932, -28.037560299999942 ], [ -48.607570099999975, -28.037611299999966 ], [ -48.607587299999977, -28.037645399999985 ], [ -48.607621399999971, -28.03771369999998 ], [ -48.60766, -28.037790399999952 ], [ -48.607665399999966, -28.037801199999933 ], [ -48.607676, -28.037822799999962 ], [ -48.607686199999925, -28.03784469999994 ], [ -48.607692799999938, -28.037859299999983 ], [ -48.60770569999994, -28.037888599999974 ], [ -48.607724399999938, -28.037932899999934 ], [ -48.607760899999967, -28.038021799999964 ], [ -48.607779499999943, -28.038066099999973 ], [ -48.607789, -28.038088099999989 ], [ -48.607802099999958, -28.038117299999946 ], [ -48.607808899999959, -28.038131899999929 ], [ -48.60781929999996, -28.038153599999927 ], [ -48.607830099999944, -28.038175099999933 ], [ -48.607835599999923, -28.038185799999955 ], [ -48.607847099999965, -28.038207 ], [ -48.607853, -28.038217599999939 ], [ -48.607862199999943, -28.038233299999941 ], [ -48.607887, -28.038274399999974 ], [ -48.607903799999981, -28.038301599999961 ], [ -48.607938099999963, -28.038355799999977 ], [ -48.607955499999946, -28.038382799999955 ], [ -48.607990699999959, -28.038436399999974 ], [ -48.608014399999945, -28.038472099999979 ], [ -48.608062099999984, -28.038543399999984 ], [ -48.608097799999939, -28.038596799999929 ], [ -48.608133299999956, -28.038650399999945 ], [ -48.608150899999949, -28.038677199999924 ], [ -48.608177099999978, -28.0387176 ], [ -48.608202799999965, -28.038758199999965 ], [ -48.608215499999972, -28.038778599999937 ], [ -48.608273399999966, -28.038872799999975 ], [ -48.608311599999979, -28.038935799999933 ], [ -48.608336899999976, -28.038977899999971 ], [ -48.608387099999952, -28.039062299999959 ], [ -48.608398499999964, -28.039082099999963 ], [ -48.60840579999995, -28.03909549999997 ], [ -48.60842, -28.039122499999948 ], [ -48.608426799999961, -28.039136099999947 ], [ -48.608440099999939, -28.039163399999957 ], [ -48.608479, -28.039245799999939 ], [ -48.608492199999944, -28.039273099999939 ], [ -48.608499, -28.039286699999927 ], [ -48.608509399999946, -28.039307 ], [ -48.60852019999993, -28.03932709999998 ], [ -48.608525799999938, -28.039337099999962 ], [ -48.60853, -28.039344299999971 ], [ -48.608538899999985, -28.039358299999943 ], [ -48.6085485, -28.03937209999998 ], [ -48.608555299999971, -28.039381099999961 ], [ -48.608559899999939, -28.039387 ], [ -48.608569399999965, -28.039398699999921 ], [ -48.60857679999998, -28.039407399999956 ], [ -48.608592, -28.039424499999939 ], [ -48.608607599999971, -28.039441399999934 ], [ -48.608639299999943, -28.039474899999959 ], [ -48.608662699999968, -28.039500299999943 ], [ -48.608674, -28.039513099999969 ], [ -48.608688499999971, -28.039530499999955 ], [ -48.608695499999946, -28.039539299999941 ], [ -48.608705499999985, -28.039552799999971 ], [ -48.608714799999966, -28.039566599999937 ], [ -48.608719299999962, -28.039573599999983 ], [ -48.608727599999959, -28.039587899999955 ], [ -48.608731399999954, -28.039595199999955 ], [ -48.608736799999974, -28.039606299999939 ], [ -48.608846399999948, -28.039849499999939 ], [ -48.608973899999974, -28.04013189999996 ], [ -48.609068099999945, -28.040340899999929 ], [ -48.609226199999966, -28.040691099999943 ], [ -48.609244599999947, -28.040732699999975 ], [ -48.609249699999964, -28.040743799999969 ], [ -48.60925329999997, -28.040751099999959 ], [ -48.609260799999959, -28.040765599999926 ], [ -48.609272699999963, -28.040787099999918 ], [ -48.609281099999983, -28.040801299999941 ], [ -48.60928679999995, -28.040810599999926 ], [ -48.609298599999931, -28.040829199999955 ], [ -48.609313399999962, -28.040851499999981 ], [ -48.609333499999934, -28.040880899999934 ], [ -48.609343299999985, -28.040895799999937 ], [ -48.609402099999954, -28.04098909999993 ], [ -48.609441199999935, -28.041051299999932 ], [ -48.609519, -28.041175899999924 ], [ -48.609582399999972, -28.041277399999945 ], [ -48.609613599999932, -28.041328299999982 ], [ -48.609634, -28.041362499999927 ], [ -48.609644, -28.04137969999994 ], [ -48.609658799999984, -28.041405599999962 ], [ -48.609665299999968, -28.041417599999932 ], [ -48.609669499999939, -28.041425699999937 ], [ -48.609677399999953, -28.041442 ], [ -48.609688499999955, -28.041466699999933 ], [ -48.609702599999935, -28.041499899999955 ], [ -48.609709799999955, -28.04151649999995 ], [ -48.609727199999952, -28.041556599999975 ], [ -48.609735699999931, -28.041576699999943 ], [ -48.609743799999933, -28.041596899999934 ], [ -48.609747599999935, -28.041607099999965 ], [ -48.609754399999986, -28.041625799999952 ], [ -48.60976949999997, -28.04166929999996 ], [ -48.60978, -28.041701099999951 ], [ -48.609788, -28.041726299999929 ], [ -48.609803399999976, -28.041776899999949 ], [ -48.609810899999957, -28.041802299999976 ], [ -48.609825599999965, -28.041853 ], [ -48.609854499999983, -28.04195469999997 ], [ -48.609869299999957, -28.042005499999963 ], [ -48.609884599999937, -28.042056099999957 ], [ -48.609892499999944, -28.04208129999995 ], [ -48.609904799999981, -28.042119099999962 ], [ -48.60993579999996, -28.042213399999977 ], [ -48.609946599999944, -28.042244599999943 ], [ -48.609952299999975, -28.042260199999927 ], [ -48.609960199999939, -28.04228089999998 ], [ -48.609964299999945, -28.042291099999936 ], [ -48.60997069999997, -28.04230639999998 ], [ -48.609980799999953, -28.04232919999998 ], [ -48.610049199999935, -28.042475 ], [ -48.610112299999969, -28.042609399999947 ], [ -48.610133799999979, -28.042655 ], [ -48.610144099999964, -28.042677899999941 ], [ -48.610150599999947, -28.042693399999969 ], [ -48.610153699999948, -28.042701199999946 ], [ -48.610158099999978, -28.042713 ], [ -48.610162399999979, -28.042725399999927 ], [ -48.610170399999966, -28.042750399999932 ], [ -48.610177499999963, -28.042775499999951 ], [ -48.610181799999964, -28.042792299999981 ], [ -48.610184599999968, -28.04280349999993 ], [ -48.610189599999956, -28.042826099999953 ], [ -48.610194799999931, -28.04285149999998 ], [ -48.610198, -28.042868499999948 ], [ -48.610204, -28.04290259999993 ], [ -48.610209499999932, -28.042936699999924 ], [ -48.610216499999986, -28.042982299999945 ], [ -48.61022, -28.043005199999975 ], [ -48.610225499999956, -28.043039299999965 ], [ -48.610228499999948, -28.043056399999948 ], [ -48.61023129999996, -28.043071699999928 ], [ -48.610237299999937, -28.043102099999938 ], [ -48.61024539999994, -28.043142699999965 ], [ -48.610249299999964, -28.043163 ], [ -48.610252699999933, -28.043183399999979 ], [ -48.610254299999944, -28.043193599999928 ], [ -48.610257, -28.043213899999955 ], [ -48.610258099999953, -28.043224199999944 ], [ -48.610259299999939, -28.043239499999974 ], [ -48.610260099999955, -28.043254899999955 ], [ -48.610260199999971, -28.043262599999935 ], [ -48.610260199999971, -28.043297099999961 ], [ -48.610259899999953, -28.043320199999979 ], [ -48.610258899999963, -28.043366199999983 ], [ -48.610257499999932, -28.043429599999971 ], [ -48.610247099999988, -28.043995 ], [ -48.610246, -28.044053899999927 ], [ -48.610243299999979, -28.044171599999963 ], [ -48.610242599999935, -28.044188599999977 ], [ -48.61024169999996, -28.044199899999963 ], [ -48.610241, -28.044207399999944 ], [ -48.610239099999944, -28.044222399999956 ], [ -48.610237399999967, -28.044233599999934 ], [ -48.610236099999952, -28.044241099999955 ], [ -48.610233099999959, -28.044256 ], [ -48.610231499999941, -28.044263399999977 ], [ -48.610227799999961, -28.044278199999944 ], [ -48.610223599999976, -28.044293 ], [ -48.610220599999934, -28.04430269999995 ], [ -48.61021379999994, -28.044322099999935 ], [ -48.610208499999942, -28.044336499999922 ], [ -48.61019749999997, -28.044364899999941 ], [ -48.610186, -28.044393 ], [ -48.61017819999995, -28.044411699999941 ], [ -48.610162199999941, -28.044449 ], [ -48.610143299999947, -28.044492499999937 ], [ -48.610105099999934, -28.044579499999944 ], [ -48.610066499999959, -28.044666299999957 ], [ -48.610040499999968, -28.044724099999932 ], [ -48.609988199999968, -28.044839599999936 ], [ -48.609984399999973, -28.044847899999976 ], [ -48.609976199999956, -28.044864199999942 ], [ -48.609967499999989, -28.04488019999997 ], [ -48.609961399999982, -28.044890899999928 ], [ -48.609948699999968, -28.044912 ], [ -48.609944899999967, -28.044917699999921 ], [ -48.609942299999943, -28.044921299999949 ], [ -48.609936499999954, -28.044928199999958 ], [ -48.609933499999954, -28.044931599999977 ], [ -48.609926899999948, -28.044938 ], [ -48.609919899999966, -28.044944099999956 ], [ -48.609914899999985, -28.044948 ], [ -48.6099043, -28.044955499999958 ], [ -48.609895299999948, -28.044961199999936 ], [ -48.609889199999941, -28.044964699999976 ], [ -48.609876899999961, -28.044971099999938 ], [ -48.609870699999931, -28.04497409999993 ], [ -48.609857899999952, -28.044979299999955 ], [ -48.6098449, -28.04498389999997 ], [ -48.609836, -28.04498649999994 ], [ -48.609829899999966, -28.044988099999948 ], [ -48.609817599999985, -28.044990899999949 ], [ -48.609801599999976, -28.044994 ], [ -48.609793599999939, -28.044995399999959 ], [ -48.609781599999963, -28.044997299999974 ], [ -48.609763599999958, -28.044999699999941 ], [ -48.609745599999947, -28.045001399999929 ], [ -48.60973659999997, -28.045002 ], [ -48.609718599999951, -28.045002699999937 ], [ -48.609709599999974, -28.04500279999997 ], [ -48.609696099999951, -28.04500249999996 ], [ -48.609671099999957, -28.045001499999948 ], [ -48.609658599999932, -28.045000899999927 ], [ -48.609649, -28.045000299999966 ], [ -48.609639799999968, -28.044999699999956 ], [ -48.609621, -28.044998 ], [ -48.609611699999959, -28.044997099999929 ], [ -48.609592899999939, -28.044994599999939 ], [ -48.609583599999951, -28.044993199999965 ], [ -48.609569599999986, -28.044990699999978 ], [ -48.609541799999938, -28.044985 ], [ -48.609528, -28.044981899999989 ], [ -48.60950749999995, -28.044976799999979 ], [ -48.609455299999979, -28.044962299999955 ], [ -48.609434699999944, -28.044957 ], [ -48.609420899999975, -28.044953899999939 ], [ -48.60941169999996, -28.044951899999937 ], [ -48.609393199999943, -28.044948299999927 ], [ -48.609383499999979, -28.04494689999996 ], [ -48.609377, -28.044946199999973 ], [ -48.609372599999979, -28.04494579999993 ], [ -48.609363799999983, -28.0449455 ], [ -48.609357199999977, -28.044945499999976 ], [ -48.609352799999954, -28.044945599999945 ], [ -48.609343899999949, -28.044946099999944 ], [ -48.609330699999937, -28.044947399999948 ], [ -48.609321899999941, -28.044948799999919 ], [ -48.609316, -28.044949899999935 ], [ -48.609304399999978, -28.044952399999936 ], [ -48.609287299999949, -28.044956899999928 ], [ -48.60927879999997, -28.044959299999963 ], [ -48.609266299999952, -28.044963199999977 ], [ -48.609254, -28.044967499999917 ], [ -48.609247899999957, -28.04496979999994 ], [ -48.609236, -28.044974699999951 ], [ -48.609230099999934, -28.044977299999971 ], [ -48.609221499999933, -28.044981499999942 ], [ -48.60880149999997, -28.045195299999925 ], [ -48.608379499999955, -28.0454 ], [ -48.608240099999932, -28.045485099999944 ], [ -48.608142599999951, -28.045559699999952 ], [ -48.607846799999948, -28.045847599999949 ], [ -48.607735899999966, -28.045997399999969 ], [ -48.607675099999931, -28.046089499999933 ], [ -48.607515, -28.046459299999974 ], [ -48.607463399999972, -28.046586 ], [ -48.607409299999972, -28.046702299999936 ], [ -48.607379899999955, -28.046761199999935 ], [ -48.607345299999963, -28.046813599999947 ], [ -48.607295699999952, -28.046889 ], [ -48.607261899999969, -28.046945399999966 ], [ -48.607223699999963, -28.046997699999952 ], [ -48.607195, -28.047024499999971 ], [ -48.607142499999952, -28.047046199999947 ], [ -48.607109499999979, -28.047046299999973 ], [ -48.607094, -28.047049499999957 ], [ -48.607075499999958, -28.047066 ], [ -48.60704, -28.047105699999975 ], [ -48.606963099999973, -28.047159699999945 ], [ -48.606893599999985, -28.04720419999996 ], [ -48.606850099999981, -28.0472554 ], [ -48.606788499999936, -28.047372299999942 ], [ -48.606760599999973, -28.04739979999994 ], [ -48.606734799999977, -28.04741649999993 ], [ -48.606700299999943, -28.047439 ], [ -48.606691199999943, -28.047457699999942 ], [ -48.606684399999949, -28.047487199999974 ], [ -48.606666799999971, -28.047566299999971 ], [ -48.606654899999967, -28.047619399999974 ], [ -48.606656399999963, -28.047647099999942 ], [ -48.606671799999965, -28.047678 ], [ -48.606770199999971, -28.04778449999997 ], [ -48.606779, -28.047809199999961 ], [ -48.606768399999964, -28.047847899999958 ], [ -48.606749899999954, -28.0478768 ], [ -48.606728899999958, -28.047900399999943 ], [ -48.606724299999932, -28.047933799999953 ], [ -48.606724199999981, -28.047955699999939 ], [ -48.606715199999947, -28.04797729999995 ], [ -48.606705799999986, -28.047996599999962 ], [ -48.606701799999946, -28.048019399999937 ], [ -48.606703399999965, -28.048036699999958 ], [ -48.606711799999971, -28.048049699999975 ], [ -48.606727699999965, -28.048055499999972 ], [ -48.606759, -28.048052399999957 ], [ -48.6067781, -28.048055799999922 ], [ -48.60679, -28.048070099999958 ], [ -48.606784799999957, -28.048109099999969 ], [ -48.606779499999959, -28.048128299999973 ], [ -48.606777899999948, -28.048145899999948 ], [ -48.606787199999985, -28.048159299999949 ], [ -48.606858299999935, -28.048228099999964 ], [ -48.606879299999946, -28.048262099999935 ], [ -48.606895899999984, -28.048298 ], [ -48.606959399999937, -28.048447699999937 ], [ -48.606975899999959, -28.048517899999975 ], [ -48.606991299999954, -28.048582899999918 ], [ -48.607017199999973, -28.048625199999954 ], [ -48.607052799999963, -28.048678599999967 ], [ -48.607087, -28.04871779999997 ], [ -48.607115299999975, -28.048740899999927 ], [ -48.607149599999957, -28.048759799999971 ], [ -48.607188299999962, -28.0487682 ], [ -48.607234, -28.048766499999932 ], [ -48.607281099999966, -28.048763899999969 ], [ -48.607304499999941, -28.048768799999955 ], [ -48.607309799999939, -28.048775799999934 ], [ -48.607309799999932, -28.048791399999967 ], [ -48.607294099999933, -28.048816699999975 ], [ -48.607213699999932, -28.048892799999983 ], [ -48.607179499999965, -28.048934599999928 ], [ -48.607143699999945, -28.048968299999949 ], [ -48.607113399999946, -28.048985699999935 ], [ -48.60707089999994, -28.049 ], [ -48.60702619999995, -28.049015099999959 ], [ -48.606998399999959, -28.049036499999943 ], [ -48.606984399999931, -28.049068699999964 ], [ -48.606981199999957, -28.049103199999916 ], [ -48.606990399999972, -28.049144299999963 ], [ -48.607041, -28.049275499999958 ], [ -48.607044899999948, -28.04932969999993 ], [ -48.607035899999964, -28.049377299999943 ], [ -48.607014199999973, -28.049439 ], [ -48.606948199999984, -28.049548699999942 ], [ -48.606911099999941, -28.049582799999943 ], [ -48.606875099999975, -28.049606499999978 ], [ -48.606842799999981, -28.049631099999932 ], [ -48.606823499999962, -28.049658699999945 ], [ -48.60682, -28.049702399999934 ], [ -48.606836, -28.049743699999961 ], [ -48.606857199999986, -28.049794299999974 ], [ -48.606873099999973, -28.049838799999971 ], [ -48.606872399999979, -28.049879 ], [ -48.606871699999942, -28.049907 ], [ -48.606889199999955, -28.049943199999976 ], [ -48.606919799999957, -28.049980399999978 ], [ -48.606924899999974, -28.049992499999966 ], [ -48.606902499999933, -28.049998799999962 ], [ -48.606848199999945, -28.050001699999932 ], [ -48.606822, -28.049999899999932 ], [ -48.606810599999967, -28.050002799999955 ], [ -48.606802199999947, -28.050011099999942 ], [ -48.606754199999955, -28.050111099999974 ], [ -48.606723299999942, -28.050145399999952 ], [ -48.606692, -28.050181199999937 ], [ -48.606680199999971, -28.050213799999927 ], [ -48.606687399999942, -28.050265399999944 ], [ -48.606717, -28.05035469999995 ], [ -48.606722799999943, -28.050405399999917 ], [ -48.606718099999974, -28.050441499999977 ], [ -48.606697699999984, -28.050477099999966 ], [ -48.606686299999978, -28.050494499999949 ], [ -48.606676399999969, -28.050527599999953 ], [ -48.606679299999939, -28.05061639999996 ], [ -48.606696, -28.050664899999955 ], [ -48.606720499999938, -28.050712 ], [ -48.606760899999983, -28.050768299999948 ], [ -48.6067872, -28.050817099999961 ], [ -48.606804299999972, -28.050866799999937 ], [ -48.60680549999995, -28.050904599999974 ], [ -48.606800099999937, -28.050935799999927 ], [ -48.606801299999979, -28.050972299999952 ], [ -48.606813399999965, -28.051007899999941 ], [ -48.606831899999975, -28.051044099999952 ], [ -48.606852799999956, -28.051071799999931 ], [ -48.60685669999998, -28.051079499999947 ], [ -48.606827399999986, -28.051090099999954 ], [ -48.606779899999935, -28.051105899999975 ], [ -48.606740599999966, -28.05113759999994 ], [ -48.606708499999961, -28.051151299999955 ], [ -48.606618899999937, -28.051168599999983 ], [ -48.606583299999954, -28.051178199999981 ], [ -48.606566899999962, -28.051190499999958 ], [ -48.606557799999962, -28.051208899999953 ], [ -48.606554599999988, -28.051225699999975 ], [ -48.606547099999943, -28.051354799999956 ], [ -48.606556699999935, -28.051385 ], [ -48.606556399999924, -28.05141 ], [ -48.606550699999964, -28.05143 ], [ -48.606550099999936, -28.051449599999955 ], [ -48.606563299999955, -28.051469599999965 ], [ -48.606580199999939, -28.05149 ], [ -48.606584299999952, -28.051512 ], [ -48.606582299999957, -28.051536699999932 ], [ -48.606568099999947, -28.051612599999949 ], [ -48.606581799999958, -28.051642199999939 ], [ -48.606607699999984, -28.051669099999966 ], [ -48.606624, -28.051691899999977 ], [ -48.6066211, -28.051722399999946 ], [ -48.606615599999948, -28.051831099999962 ], [ -48.6066168, -28.051899699999979 ], [ -48.606622099999989, -28.051953299999965 ], [ -48.606639499999964, -28.051993399999962 ], [ -48.606673499999943, -28.052037499999987 ], [ -48.606727899999953, -28.05209849999995 ], [ -48.606753099999935, -28.052133599999937 ], [ -48.60675649999996, -28.052158199999944 ], [ -48.606748599999946, -28.052164799999957 ], [ -48.6067025, -28.052165399999982 ], [ -48.606628699999938, -28.052149299999932 ], [ -48.606578299999967, -28.052139799999974 ], [ -48.60654059999996, -28.05214489999997 ], [ -48.606512599999974, -28.052159599999982 ], [ -48.606484299999984, -28.052183399999929 ], [ -48.60644549999995, -28.052212299999951 ], [ -48.606409799999945, -28.052226699999949 ], [ -48.606310899999976, -28.052252199999934 ], [ -48.606252, -28.052273799999963 ], [ -48.606235699999957, -28.052290299999978 ], [ -48.606236799999976, -28.05233039999996 ], [ -48.606232299999931, -28.052375699999981 ], [ -48.606234499999971, -28.052410299999963 ], [ -48.606246799999958, -28.052423 ], [ -48.606291799999951, -28.052433699999938 ], [ -48.606335699999939, -28.052431799999962 ], [ -48.606349099999932, -28.052438599999967 ], [ -48.606358299999954, -28.052463299999932 ], [ -48.606376099999977, -28.052524699999939 ], [ -48.606388399999965, -28.052711299999945 ], [ -48.606372299999975, -28.052834599999976 ], [ -48.606364399999961, -28.052887 ], [ -48.606370099999936, -28.052927699999927 ], [ -48.606390199999957, -28.052952599999958 ], [ -48.6064459, -28.052983599999941 ], [ -48.606496199999981, -28.053026899999967 ], [ -48.606537799999955, -28.053074399999961 ], [ -48.6065713, -28.053108499999954 ], [ -48.606608199999982, -28.053131799999946 ], [ -48.606695, -28.053181099999964 ], [ -48.606737799999962, -28.053219799999962 ], [ -48.606759699999941, -28.053260499999961 ], [ -48.606762799999956, -28.053309499999941 ], [ -48.606770199999971, -28.053353 ], [ -48.606772099999944, -28.053391399999949 ], [ -48.60676779999995, -28.053405199999936 ], [ -48.606747799999944, -28.053416799999983 ], [ -48.606725199999971, -28.053432199999978 ], [ -48.606711699999941, -28.053445499999953 ], [ -48.606681199999969, -28.053445199999942 ], [ -48.60658959999995, -28.053443799999968 ], [ -48.606570699999963, -28.053447599999959 ], [ -48.606566599999958, -28.053458299999928 ], [ -48.606579699999948, -28.053479899999946 ], [ -48.606594, -28.053502299999941 ], [ -48.606597899999947, -28.05352749999998 ], [ -48.606600199999953, -28.05359779999997 ], [ -48.60662439999993, -28.053685499999968 ], [ -48.60663859999994, -28.053743699999984 ], [ -48.606640899999952, -28.053789499999937 ], [ -48.606651799999959, -28.053834299999941 ], [ -48.606670899999983, -28.053863299999925 ], [ -48.606690599999986, -28.053885799999929 ], [ -48.606767599999948, -28.053934099999932 ], [ -48.606807899999978, -28.053996099999939 ], [ -48.606834, -28.054047699999956 ], [ -48.606837299999931, -28.054060199999981 ], [ -48.606830799999955, -28.054067299999929 ], [ -48.606783299999968, -28.054064599999943 ], [ -48.606763899999983, -28.054065 ], [ -48.60675759999998, -28.054078899999965 ], [ -48.606759599999975, -28.054102599999968 ], [ -48.606774, -28.054152699999978 ], [ -48.606792399999961, -28.054191299999964 ], [ -48.606789899999974, -28.054200899999955 ], [ -48.606752199999953, -28.054219299999946 ], [ -48.606739, -28.054255599999973 ], [ -48.606733299999973, -28.054295599999929 ], [ -48.606713299999967, -28.054330899999954 ], [ -48.606693899999975, -28.054345299999969 ], [ -48.60667449999994, -28.054361799999981 ], [ -48.606670399999985, -28.054376499999943 ], [ -48.606673099999973, -28.054393899999972 ], [ -48.606718899999983, -28.054516599999936 ], [ -48.606750499999976, -28.054567499999951 ], [ -48.606792399999961, -28.054592199999938 ], [ -48.606828, -28.054611099999942 ], [ -48.606867499999964, -28.054656499999961 ], [ -48.606899099999964, -28.054691 ], [ -48.606925299999943, -28.054708099999964 ], [ -48.606946199999989, -28.054721799999978 ], [ -48.606956499999967, -28.054725499999964 ], [ -48.606984299999972, -28.054735499999936 ], [ -48.607029, -28.054737699999976 ], [ -48.607083099999954, -28.054728099999984 ], [ -48.607142, -28.054694099999956 ], [ -48.607199399999949, -28.054647499999938 ], [ -48.607255799999969, -28.054605399999947 ], [ -48.607286399999964, -28.054597299999948 ], [ -48.607301199999938, -28.054601199999979 ], [ -48.607303199999933, -28.054612099999922 ], [ -48.60729159999994, -28.054637199999945 ], [ -48.607269899999949, -28.054698899999948 ], [ -48.607233599999972, -28.054766399999952 ], [ -48.607186799999972, -28.054838099999987 ], [ -48.607122699999934, -28.054992899999945 ], [ -48.607119199999943, -28.055036599999926 ], [ -48.607123099999974, -28.055090499999942 ], [ -48.60714239999993, -28.055127899999942 ], [ -48.60718739999993, -28.055184399999977 ], [ -48.607328199999984, -28.055294799999949 ], [ -48.607382099999938, -28.055317799999948 ], [ -48.607411799999966, -28.055330399999953 ], [ -48.607452099999932, -28.055329699999973 ], [ -48.607476099999985, -28.055312599999979 ], [ -48.607481499999956, -28.055299399999964 ], [ -48.607497599999924, -28.055259299999932 ], [ -48.607514099999953, -28.055236299999915 ], [ -48.607536599999953, -28.055224799999962 ], [ -48.607572499999947, -28.055219 ], [ -48.607617599999969, -28.055217 ], [ -48.607647899999961, -28.055218099999937 ], [ -48.607671, -28.055224 ], [ -48.607676499999968, -28.055230199999979 ], [ -48.60767809999993, -28.05524389999994 ], [ -48.607667599999957, -28.055263099999937 ], [ -48.607647399999969, -28.055283299999918 ], [ -48.607643, -28.055292699999928 ], [ -48.60764949999998, -28.05530309999995 ], [ -48.607681499999956, -28.055325099999944 ], [ -48.607707799999957, -28.055340399999981 ], [ -48.607721, -28.05535929999996 ], [ -48.60771619999997, -28.055372099999936 ], [ -48.607697, -28.055385099999963 ], [ -48.607640899999986, -28.055424 ], [ -48.607622, -28.055467399999937 ], [ -48.607612299999971, -28.055483599999953 ], [ -48.607595, -28.055493699999943 ], [ -48.607568799999967, -28.055502299999944 ], [ -48.607558199999978, -28.055515799999963 ], [ -48.60755869999997, -28.055538899999931 ], [ -48.607573, -28.05557819999996 ], [ -48.607586699999956, -28.055606 ], [ -48.607606699999963, -28.055633 ], [ -48.607603899999958, -28.055644 ], [ -48.60757719999998, -28.055660799999945 ], [ -48.607568399999941, -28.055684699999979 ], [ -48.607576, -28.055713 ], [ -48.60759429999996, -28.055744199999928 ], [ -48.607613499999957, -28.055746799999959 ], [ -48.607641, -28.055725799999944 ], [ -48.607678099999937, -28.055677399999983 ], [ -48.607703099999988, -28.05565909999995 ], [ -48.607716, -28.055655699999928 ], [ -48.607722299999978, -28.055657499999931 ], [ -48.607723499999956, -28.055665799999939 ], [ -48.607712499999934, -28.055680099999961 ], [ -48.607703899999933, -28.055703399999977 ], [ -48.6077107, -28.055727799999943 ], [ -48.607748499999957, -28.055759 ], [ -48.607776799999954, -28.055782499999975 ], [ -48.607786099999942, -28.055805199999952 ], [ -48.607776499999943, -28.05582859999998 ], [ -48.607756, -28.055855499999957 ], [ -48.607749699999943, -28.055882799999949 ], [ -48.607750299999964, -28.055914899999944 ], [ -48.607751299999961, -28.055947199999931 ], [ -48.607759899999969, -28.056037799999963 ], [ -48.607770399999936, -28.05609 ], [ -48.607791, -28.056119899999931 ], [ -48.607813299999975, -28.056153 ], [ -48.607835699999953, -28.056195699999936 ], [ -48.607857699999961, -28.056225899999966 ], [ -48.607860699999947, -28.05623 ], [ -48.607890899999973, -28.056247099999947 ], [ -48.607908599999973, -28.056238499999949 ], [ -48.60791039999998, -28.056237599999978 ], [ -48.60793039999993, -28.05622289999997 ], [ -48.607959399999977, -28.056207899999944 ], [ -48.6079802, -28.056208499999972 ], [ -48.607987699999967, -28.056230199999955 ], [ -48.608003799999949, -28.056267199999969 ], [ -48.608027899999968, -28.05630589999998 ], [ -48.608050399999975, -28.056323399999936 ], [ -48.608088499999951, -28.056337099999954 ], [ -48.60811259999997, -28.056348299999961 ], [ -48.608121299999937, -28.056363599999944 ], [ -48.608116899999978, -28.056378899999956 ], [ -48.608096799999949, -28.056402199999976 ], [ -48.608081299999981, -28.056432399999945 ], [ -48.608078699999957, -28.056471899999959 ], [ -48.608056499999975, -28.056584799999932 ], [ -48.608044, -28.056626499999943 ], [ -48.608049499999936, -28.056649799999949 ], [ -48.608060599999931, -28.056672099999961 ], [ -48.608060899999934, -28.056699399999967 ], [ -48.60804509999997, -28.056731399999929 ], [ -48.608011099999942, -28.056778099999967 ], [ -48.608001399999978, -28.056812699999956 ], [ -48.608001499999951, -28.056855699999971 ], [ -48.607991799999979, -28.056886899999945 ], [ -48.607969099999934, -28.056900599999945 ], [ -48.607928499999957, -28.056898 ], [ -48.607884599999977, -28.056866399999937 ], [ -48.607838799999968, -28.056831 ], [ -48.607803299999944, -28.056794599999932 ], [ -48.607763099999943, -28.056765399999954 ], [ -48.607737199999981, -28.056758599999977 ], [ -48.607615899999985, -28.056749399999944 ], [ -48.607602499999985, -28.05675679999997 ], [ -48.60760079999995, -28.056775599999984 ], [ -48.607620899999979, -28.056911199999941 ], [ -48.60761709999997, -28.05694109999995 ], [ -48.607601199999976, -28.056978499999957 ], [ -48.607596, -28.057008899999975 ], [ -48.607596299999955, -28.057039399999947 ], [ -48.607623499999931, -28.057093599999966 ], [ -48.607631699999963, -28.05711529999996 ], [ -48.607638599999973, -28.057133799999981 ], [ -48.607649699999968, -28.057150399999955 ], [ -48.60775719999998, -28.057238 ], [ -48.607800599999955, -28.057302099999955 ], [ -48.607837699999948, -28.057359799999986 ], [ -48.607866799999954, -28.057396099999959 ], [ -48.607905399999936, -28.057434499999957 ], [ -48.607962, -28.057489899999954 ], [ -48.608008199999965, -28.057538 ], [ -48.608035, -28.057554899999953 ], [ -48.608066199999939, -28.057580699999964 ], [ -48.608082499999959, -28.057604699999963 ], [ -48.608091799999954, -28.057632099999982 ], [ -48.60809839999996, -28.057669 ], [ -48.608096799999949, -28.05770049999995 ], [ -48.608084199999958, -28.057716499999962 ], [ -48.608058399999948, -28.057728299999948 ], [ -48.608020199999942, -28.057728199999936 ], [ -48.607985699999972, -28.057724199999928 ], [ -48.607954099999979, -28.057722099999978 ], [ -48.607929, -28.057721599999972 ], [ -48.607915899999966, -28.057728299999951 ], [ -48.607909499999948, -28.057737499999959 ], [ -48.607908199999947, -28.057756699999967 ], [ -48.607950199999948, -28.057898 ], [ -48.607958199999985, -28.057913299999939 ], [ -48.607960799999951, -28.057934399999965 ], [ -48.607950799999969, -28.057965599999925 ], [ -48.607951799999974, -28.057994099999966 ], [ -48.607955, -28.058018799999971 ], [ -48.607953299999963, -28.058034199999952 ], [ -48.607915199999972, -28.058085499999951 ], [ -48.607907299999965, -28.058119899999944 ], [ -48.607911599999966, -28.058149 ], [ -48.607920399999955, -28.058186799999941 ], [ -48.607924599999933, -28.058231 ], [ -48.607926499999962, -28.058256799999985 ], [ -48.607936499999937, -28.058278 ], [ -48.607946099999936, -28.058286099999975 ], [ -48.607968299999989, -28.058287199999935 ], [ -48.607992499999966, -28.058279599999938 ], [ -48.608014899999944, -28.058270699999976 ], [ -48.608041299999968, -28.058273699999962 ], [ -48.608054799999934, -28.058288199999936 ], [ -48.608072899999968, -28.058312799999946 ], [ -48.60807989999995, -28.05832 ], [ -48.608089799999959, -28.058323 ], [ -48.608094099999967, -28.058320499999969 ], [ -48.608105399999943, -28.058314099999965 ], [ -48.608125899999948, -28.058298799999932 ], [ -48.608149, -28.058290899999967 ], [ -48.608166499999982, -28.058305299999969 ], [ -48.608183299999958, -28.058329299999968 ], [ -48.608196099999979, -28.058362599999942 ], [ -48.608222099999985, -28.058428799999941 ], [ -48.608248299999957, -28.058466699999947 ], [ -48.6082818, -28.058492799999961 ], [ -48.608326099999935, -28.058517899999963 ], [ -48.608370899999962, -28.058534499999936 ], [ -48.608475599999963, -28.058555899999931 ], [ -48.608499699999975, -28.0585665 ], [ -48.608523699999978, -28.05858609999995 ], [ -48.60854379999995, -28.05861149999998 ], [ -48.608562, -28.058634099999953 ], [ -48.608583799999963, -28.058646599999967 ], [ -48.608591, -28.058644499999954 ], [ -48.608596299999931, -28.05862969999998 ], [ -48.608618099999937, -28.058522 ], [ -48.608636299999944, -28.05849319999993 ], [ -48.6086509, -28.058481699999959 ], [ -48.608675199999929, -28.058493499999933 ], [ -48.608685, -28.058514 ], [ -48.608692, -28.058549699999958 ], [ -48.608666699999958, -28.058737599999976 ], [ -48.608655499999941, -28.058792099999948 ], [ -48.608620499999979, -28.058832299999942 ], [ -48.608571899999966, -28.058866499999969 ], [ -48.608538099999983, -28.058914799999972 ], [ -48.608474, -28.059112799999987 ], [ -48.608456399999966, -28.059179699999962 ], [ -48.60846319999996, -28.05923179999996 ], [ -48.608478699999985, -28.059286899999961 ], [ -48.608472099999972, -28.059318899999941 ], [ -48.608447499999947, -28.059354 ], [ -48.608410199999987, -28.059397099999966 ], [ -48.608389099999954, -28.059433399999921 ], [ -48.608385199999987, -28.059480699999938 ], [ -48.608373299999982, -28.05956639999992 ], [ -48.608369299999936, -28.059622499999932 ], [ -48.608381599999973, -28.059675899999949 ], [ -48.608397499999967, -28.059729 ], [ -48.608416899999959, -28.059788399999952 ], [ -48.608422, -28.059838199999945 ], [ -48.608419099999935, -28.059872199999969 ], [ -48.60841929999998, -28.059901099999927 ], [ -48.608425099999977, -28.059918399999958 ], [ -48.608437699999975, -28.059930499999947 ], [ -48.608466, -28.059940299999944 ], [ -48.608493599999974, -28.059934499999937 ], [ -48.608525399999955, -28.059919099999952 ], [ -48.608572199999969, -28.059879299999967 ], [ -48.608609, -28.059842199999935 ], [ -48.6086385, -28.05981879999996 ], [ -48.608652, -28.059825699999973 ], [ -48.60866, -28.059850199999971 ], [ -48.608678599999969, -28.059904799999977 ], [ -48.608699499999943, -28.059952099999983 ], [ -48.608716699999945, -28.059968599999934 ], [ -48.6087467, -28.059978199999932 ], [ -48.608865899999955, -28.060009899999955 ], [ -48.60889439999994, -28.060010199999965 ], [ -48.608919, -28.060009199999964 ], [ -48.608933399999955, -28.06001369999996 ], [ -48.608938, -28.060028 ], [ -48.608925599999971, -28.060059299999974 ], [ -48.60889959999998, -28.060098899999957 ], [ -48.608874299999975, -28.06010869999994 ], [ -48.608838399999968, -28.060109899999922 ], [ -48.608809699999931, -28.060113099999956 ], [ -48.60879429999995, -28.060122 ], [ -48.6087725, -28.060130299999972 ], [ -48.608746299999957, -28.060136199999938 ], [ -48.608722399999984, -28.060138599999945 ], [ -48.608700699999986, -28.060142299999939 ], [ -48.608685499999972, -28.06015119999995 ], [ -48.608678599999962, -28.060171799999974 ], [ -48.608662599999946, -28.060294 ], [ -48.608645199999962, -28.060326299999925 ], [ -48.608628, -28.060362099999971 ], [ -48.608615599999951, -28.060402899999925 ], [ -48.60859179999995, -28.060502799999931 ], [ -48.608570899999961, -28.060522299999942 ], [ -48.608560699999941, -28.060538599999976 ], [ -48.608560399999924, -28.060570099999946 ], [ -48.608554299999987, -28.060645199999954 ], [ -48.608546899999958, -28.06067239999992 ], [ -48.608542099999966, -28.060706499999981 ], [ -48.608530599999945, -28.060737299999975 ], [ -48.608515699999941, -28.060743199999923 ], [ -48.608478599999962, -28.060742599999973 ], [ -48.608430799999944, -28.060739499999954 ], [ -48.608396899999946, -28.060743699999925 ], [ -48.608386, -28.060755599999933 ], [ -48.608384, -28.060784499999954 ], [ -48.608417699999954, -28.06094179999997 ], [ -48.608431099999969, -28.060963899999926 ], [ -48.608458, -28.060980499999967 ], [ -48.60848679999998, -28.061006399999947 ], [ -48.608500599999957, -28.061026099999935 ], [ -48.608507, -28.061028199999956 ], [ -48.608518699999934, -28.061032199999946 ], [ -48.608525899999954, -28.061027 ], [ -48.608539499999949, -28.06100389999995 ], [ -48.608543299999951, -28.060997499999921 ], [ -48.608583599999974, -28.060912399999939 ], [ -48.60860839999998, -28.06085 ], [ -48.60863489999997, -28.06080519999994 ], [ -48.608654899999976, -28.060790899999965 ], [ -48.608669599999985, -28.06081869999996 ], [ -48.608680399999969, -28.060890499999964 ], [ -48.608682599999945, -28.060970299999948 ], [ -48.608683, -28.061035199999932 ], [ -48.608704299999943, -28.061089899999956 ], [ -48.608721399999986, -28.061106799999941 ], [ -48.608746, -28.061137399999946 ], [ -48.608759799999973, -28.061164 ], [ -48.608757899999944, -28.061178 ], [ -48.608736099999938, -28.061196699999972 ], [ -48.608699899999976, -28.0612101 ], [ -48.608697199999938, -28.061212099999974 ], [ -48.608697399999983, -28.061242499999931 ], [ -48.608709399999952, -28.06134 ], [ -48.608724099999961, -28.061374199999932 ], [ -48.608744799999954, -28.061381099999945 ], [ -48.608777299999986, -28.061386099999932 ], [ -48.608820499999986, -28.061406399999949 ], [ -48.608846299999982, -28.061459899999935 ], [ -48.608855, -28.061512 ], [ -48.608868299999983, -28.061546599999932 ], [ -48.608895699999955, -28.061568399999945 ], [ -48.609049199999966, -28.061635799999959 ], [ -48.609082, -28.061653699999962 ], [ -48.609106899999972, -28.061672 ], [ -48.60912019999995, -28.06168729999996 ], [ -48.609112, -28.061693699999967 ], [ -48.609077699999951, -28.06169449999992 ], [ -48.60903159999998, -28.061695199999967 ], [ -48.608996499999932, -28.061688199999939 ], [ -48.608959799999987, -28.061667799999949 ], [ -48.608923799999964, -28.061647299999944 ], [ -48.608881099999962, -28.061629399999944 ], [ -48.608847899999944, -28.061624599999963 ], [ -48.608841599999955, -28.061630199999968 ], [ -48.608838299999945, -28.061649199999977 ], [ -48.608810799999965, -28.061903199999954 ], [ -48.608794299999936, -28.061940299999929 ], [ -48.608772299999941, -28.061978899999925 ], [ -48.608763099999969, -28.062011899999959 ], [ -48.608762199999937, -28.06203749999997 ], [ -48.6087591, -28.062101 ], [ -48.60876879999995, -28.062138399999984 ], [ -48.608782799999979, -28.062162899999983 ], [ -48.608799299999937, -28.062199599999929 ], [ -48.608820199999975, -28.062241899999936 ], [ -48.608839699999976, -28.062264199999959 ], [ -48.608865599999938, -28.062270599999973 ], [ -48.608896799999968, -28.062267299999974 ], [ -48.608935599999938, -28.062267199999962 ], [ -48.608967, -28.062269899999929 ], [ -48.608980899999956, -28.062285899999953 ], [ -48.608983699999953, -28.062298899999966 ], [ -48.608979499999975, -28.062327099999944 ], [ -48.608988299999965, -28.062358599999978 ], [ -48.608994599999967, -28.062394699999967 ], [ -48.608999099999942, -28.062429799999958 ], [ -48.609016299999951, -28.06246079999994 ], [ -48.609034, -28.062476699999934 ], [ -48.609053, -28.062502699999978 ], [ -48.609048799999975, -28.062527299999942 ], [ -48.609029199999952, -28.062549 ], [ -48.609005299999986, -28.062571899999966 ], [ -48.608997599999952, -28.062588699999928 ], [ -48.60899859999995, -28.06260669999994 ], [ -48.609011099999982, -28.062625099999927 ], [ -48.609049199999959, -28.062654899999988 ], [ -48.609055699999942, -28.062672599999924 ], [ -48.609068599999944, -28.062723399999982 ], [ -48.609081399999972, -28.062767299999965 ], [ -48.6091, -28.062796099999943 ], [ -48.609189299999976, -28.062899299999959 ], [ -48.609205499999973, -28.062912 ], [ -48.609225799999933, -28.062917199999958 ], [ -48.609256099999982, -28.062911699999969 ], [ -48.609303099999977, -28.062892199999965 ], [ -48.609328499999954, -28.062884299999943 ], [ -48.609347799999966, -28.062894599999925 ], [ -48.609359599999955, -28.062918099999919 ], [ -48.609377199999976, -28.062952899999978 ], [ -48.609398499999948, -28.062970599999968 ], [ -48.609417699999938, -28.06296969999994 ], [ -48.609442, -28.062953 ], [ -48.609480799999972, -28.062923399999935 ], [ -48.609508599999977, -28.062917899999935 ], [ -48.609532799999947, -28.062913299999927 ], [ -48.609547699999951, -28.062899899999934 ], [ -48.609561199999973, -28.062881199999932 ], [ -48.609577599999959, -28.062854799999979 ], [ -48.609590599999933, -28.062842799999935 ], [ -48.609601099999963, -28.062849299999986 ], [ -48.609606899999967, -28.062862599999946 ], [ -48.609602899999977, -28.062880799999952 ], [ -48.609579, -28.062912499999978 ], [ -48.609570899999937, -28.062946299999961 ], [ -48.609582899999964, -28.062976399999965 ], [ -48.609611199999961, -28.062995199999936 ], [ -48.609637599999978, -28.062998799999939 ], [ -48.609660799999972, -28.063001099999958 ], [ -48.609692299999949, -28.063006299999987 ], [ -48.609709699999932, -28.063007 ], [ -48.609728299999979, -28.063001299999943 ], [ -48.609751699999947, -28.063009 ], [ -48.60977749999995, -28.06303 ], [ -48.609808399999963, -28.063064399999966 ], [ -48.609829299999944, -28.063072699999957 ], [ -48.609851399999968, -28.063069499999987 ], [ -48.609905899999951, -28.063050899999951 ], [ -48.60992, -28.063035799999966 ], [ -48.609928499999967, -28.063012 ], [ -48.609945599999939, -28.06299039999994 ], [ -48.609961299999959, -28.06297689999997 ], [ -48.609972199999966, -28.062958499999986 ], [ -48.609982099999968, -28.062930699999985 ], [ -48.609981599999969, -28.062910299999935 ], [ -48.609971399999949, -28.062887 ], [ -48.60992269999997, -28.062839499999942 ], [ -48.609910899999932, -28.062820799999944 ], [ -48.609910599999985, -28.0628 ], [ -48.60993209999998, -28.062786499999962 ], [ -48.60995029999998, -28.062766899999929 ], [ -48.609955399999933, -28.062743699999928 ], [ -48.609966499999985, -28.062731 ], [ -48.609991699999973, -28.062746699999931 ], [ -48.610102799999943, -28.06282849999997 ], [ -48.61013939999998, -28.062852699999951 ], [ -48.610166499999934, -28.06285929999995 ], [ -48.61020079999998, -28.062855399999936 ], [ -48.610242299999982, -28.062855699999947 ], [ -48.610285099999949, -28.06286769999997 ], [ -48.610389199999986, -28.062938199999959 ], [ -48.610424599999931, -28.062945799999973 ], [ -48.610451899999937, -28.062942699999951 ], [ -48.610470899999932, -28.062932199999981 ], [ -48.610486099999946, -28.06291769999995 ], [ -48.610532899999953, -28.062844899999966 ], [ -48.610552, -28.062816099999967 ], [ -48.610575599999947, -28.062791399999977 ], [ -48.61060729999997, -28.062786399999929 ], [ -48.610642799999944, -28.062803799999973 ], [ -48.610771799999952, -28.062867399999963 ], [ -48.610853099999986, -28.062921899999939 ], [ -48.610917, -28.062973899999974 ], [ -48.610953199999983, -28.062987699999965 ], [ -48.610974799999951, -28.062994699999923 ], [ -48.610984599999938, -28.063011099999972 ], [ -48.61099889999997, -28.06302849999997 ], [ -48.611016699999936, -28.063034199999944 ], [ -48.611039699999935, -28.063029699999962 ], [ -48.6110781, -28.063019099999963 ], [ -48.611107, -28.063015 ], [ -48.611112199999987, -28.063017899999963 ], [ -48.611112799999944, -28.063028699999954 ], [ -48.611100399999941, -28.06305719999996 ], [ -48.611100099999931, -28.063060899999986 ], [ -48.611099599999939, -28.063066099999958 ], [ -48.611098699999964, -28.063077299999968 ], [ -48.611098, -28.063085499999929 ], [ -48.611103499999956, -28.063092799999929 ], [ -48.611112, -28.063104099999968 ], [ -48.611114099999959, -28.063106799999961 ], [ -48.611118899999951, -28.063111499999923 ], [ -48.611134499999942, -28.063126899999926 ], [ -48.611168299999974, -28.063159899999953 ], [ -48.611215799999968, -28.063191799999959 ], [ -48.611265699999933, -28.063214899999934 ], [ -48.611342199999967, -28.063248199999975 ], [ -48.611408299999944, -28.063274599999946 ], [ -48.611507699999947, -28.063311399999975 ], [ -48.611549699999955, -28.063327399999938 ], [ -48.611587299999947, -28.063343599999939 ], [ -48.611604799999952, -28.063353899999974 ], [ -48.611612099999945, -28.06336739999994 ], [ -48.611613299999924, -28.063396799999964 ], [ -48.611595899999941, -28.063435199999958 ], [ -48.611589799999933, -28.0634674 ], [ -48.611600799999962, -28.063480199999951 ], [ -48.611671599999966, -28.063512299999946 ], [ -48.611693599999967, -28.063523399999951 ], [ -48.611729499999974, -28.063543 ], [ -48.611759799999952, -28.063556799999962 ], [ -48.611784399999976, -28.063556299999959 ], [ -48.611831799999948, -28.063551199999942 ], [ -48.611869599999977, -28.063559199999933 ], [ -48.611907799999983, -28.063578799999949 ], [ -48.611939799999959, -28.063605599999956 ], [ -48.611987099999965, -28.063654299999943 ], [ -48.612012899999968, -28.06367 ], [ -48.612035099999957, -28.063680199999961 ], [ -48.612056199999984, -28.0636957 ], [ -48.612075, -28.063721799999929 ], [ -48.612100899999973, -28.063750599999938 ], [ -48.612130699999973, -28.063770599999941 ], [ -48.612272099999984, -28.063833799999944 ], [ -48.61231509999994, -28.063839599999948 ], [ -48.612357899999949, -28.063839799999979 ], [ -48.612420699999973, -28.06384289999993 ], [ -48.61255239999997, -28.063865199999942 ], [ -48.612618299999959, -28.06388219999997 ], [ -48.612669299999936, -28.063901099999939 ], [ -48.612710399999976, -28.063919299999949 ], [ -48.612732899999976, -28.06393589999993 ], [ -48.612768699999947, -28.063959699999938 ], [ -48.6127982, -28.063970799999939 ], [ -48.612856399999941, -28.063989899999967 ], [ -48.612894399999966, -28.064000199999949 ], [ -48.612930499999948, -28.064001099999928 ], [ -48.612964499999983, -28.064000899999947 ], [ -48.613002599999959, -28.063994499999989 ], [ -48.613034199999952, -28.063987099999956 ], [ -48.613064399999985, -28.063986399999983 ], [ -48.613088699999935, -28.063990399999966 ], [ -48.613132799999967, -28.064004599999976 ], [ -48.61315459999998, -28.064008699999917 ], [ -48.613174399999941, -28.064015199999961 ], [ -48.613196299999977, -28.064032 ], [ -48.613215799999978, -28.064048899999936 ], [ -48.613243799999971, -28.064077399999977 ], [ -48.613302499999975, -28.064156399999952 ], [ -48.613317599999959, -28.06418269999994 ], [ -48.613331399999929, -28.064207599999975 ], [ -48.613345699999968, -28.064235899999975 ], [ -48.613366, -28.064265399999954 ], [ -48.613380899999989, -28.064291299999979 ], [ -48.613419599999986, -28.064365899999913 ], [ -48.613432899999971, -28.064387 ], [ -48.613434899999959, -28.064393599999942 ], [ -48.613424099999982, -28.064400199999969 ], [ -48.613393199999969, -28.064402599999934 ], [ -48.613353299999972, -28.064402399999953 ], [ -48.613327899999945, -28.064406299999984 ], [ -48.613314699999925, -28.064418799999942 ], [ -48.613312799999967, -28.064439599999968 ], [ -48.613322899999957, -28.064466899999953 ], [ -48.6133488, -28.064534499999979 ], [ -48.613369899999945, -28.064559199999966 ], [ -48.613405499999942, -28.064581399999948 ], [ -48.61345179999995, -28.064598799999942 ], [ -48.613491199999949, -28.064607799999976 ], [ -48.613517699999925, -28.064618 ], [ -48.613536899999986, -28.064635899999928 ], [ -48.613561499999946, -28.064658199999936 ], [ -48.613582199999939, -28.064669499999983 ], [ -48.613610299999948, -28.064677699999937 ], [ -48.613635099999946, -28.064679399999925 ], [ -48.613657399999973, -28.064674699999962 ], [ -48.613696, -28.064662299999949 ], [ -48.6137217, -28.064656399999929 ], [ -48.613754799999974, -28.064657599999983 ], [ -48.613787799999947, -28.064664 ], [ -48.613818099999953, -28.064681099999966 ], [ -48.613832199999933, -28.064704399999979 ], [ -48.61383919999998, -28.064726499999953 ], [ -48.613849099999982, -28.064796699999928 ], [ -48.613863099999953, -28.064825599999942 ], [ -48.613884599999949, -28.064842099999961 ], [ -48.613909099999937, -28.064849899999949 ], [ -48.614001099999939, -28.064859499999947 ], [ -48.61403439999998, -28.064862899999987 ], [ -48.614053799999965, -28.064862799999958 ], [ -48.61406779999993, -28.064859699999932 ], [ -48.614071199999955, -28.064850899999961 ], [ -48.614065699999969, -28.064833 ], [ -48.614060199999983, -28.064818399999975 ], [ -48.614071899999949, -28.064810099999928 ], [ -48.614108499999986, -28.064801399999972 ], [ -48.614142299999969, -28.064798399999979 ], [ -48.614167799999962, -28.064789299999966 ], [ -48.614190199999939, -28.064772199999926 ], [ -48.614204199999961, -28.064755899999966 ], [ -48.614218299999948, -28.064743 ], [ -48.61424, -28.064732099999958 ], [ -48.614266799999939, -28.064725199999938 ], [ -48.614294, -28.064724699999939 ], [ -48.614321899999936, -28.064733099999959 ], [ -48.61434179999997, -28.064748 ], [ -48.614354299999945, -28.064771699999945 ], [ -48.614364599999931, -28.064808699999954 ], [ -48.614377299999937, -28.064832599999921 ], [ -48.614399099999957, -28.06487049999998 ], [ -48.614410599999985, -28.064902199999963 ], [ -48.614411699999955, -28.064944799999974 ], [ -48.614398099999967, -28.064984799999934 ], [ -48.614393699999944, -28.065004099999946 ], [ -48.614404399999955, -28.065017599999976 ], [ -48.614479399999929, -28.065013799999981 ], [ -48.614501899999937, -28.065023899999975 ], [ -48.614512799999943, -28.06504289999998 ], [ -48.614513799999941, -28.065065599999976 ], [ -48.61450329999996, -28.065084499999951 ], [ -48.614463599999965, -28.065090699999931 ], [ -48.61442239999996, -28.065087899999977 ], [ -48.61439919999998, -28.06509219999997 ], [ -48.614380899999951, -28.065105899999921 ], [ -48.614360099999942, -28.065140699999972 ], [ -48.614352599999961, -28.065163099999939 ], [ -48.614340799999972, -28.065191499999973 ], [ -48.614325299999969, -28.065204299999944 ], [ -48.61430189999993, -28.065211099999946 ], [ -48.614229399999942, -28.065215099999925 ], [ -48.614206799999977, -28.06522439999998 ], [ -48.614177799999936, -28.065249899999969 ], [ -48.614157599999942, -28.06528359999993 ], [ -48.614149199999986, -28.065317 ], [ -48.614157399999954, -28.065345599999944 ], [ -48.614166099999977, -28.065355499999946 ], [ -48.61419589999997, -28.065377399999939 ], [ -48.614221699999973, -28.065390799999932 ], [ -48.614251, -28.065390299999919 ], [ -48.614277099999981, -28.065387 ], [ -48.614331, -28.065378099999979 ], [ -48.614358899999964, -28.06537 ], [ -48.614379299999939, -28.065353299999963 ], [ -48.614383699999962, -28.065338099999963 ], [ -48.614376799999953, -28.065315699999925 ], [ -48.614362599999943, -28.065285 ], [ -48.614356899999969, -28.065266399999917 ], [ -48.61437049999995, -28.06525079999993 ], [ -48.61439809999996, -28.065238599999926 ], [ -48.614442199999985, -28.065238199999953 ], [ -48.614473199999964, -28.065243899999924 ], [ -48.614508899999983, -28.065262499999953 ], [ -48.614539799999932, -28.065283499999953 ], [ -48.614567199999954, -28.065295599999967 ], [ -48.614599099999964, -28.065301799999929 ], [ -48.61464449999994, -28.065305099999939 ], [ -48.614670599999954, -28.065306299999975 ], [ -48.614697399999962, -28.065317799999956 ], [ -48.614739299999947, -28.065336899999981 ], [ -48.614796899999931, -28.065349399999931 ], [ -48.615001499999948, -28.065361299999957 ], [ -48.615072199999986, -28.065377499999954 ], [ -48.615124699999967, -28.065393699999944 ], [ -48.615176599999984, -28.065403899999971 ], [ -48.615214599999945, -28.06539869999995 ], [ -48.615225799999962, -28.065378 ], [ -48.615213199999971, -28.065345699999963 ], [ -48.615184399999976, -28.065315299999952 ], [ -48.615167699999972, -28.065285099999983 ], [ -48.61517489999995, -28.065244799999963 ], [ -48.615210199999979, -28.065225499999926 ], [ -48.615244299999972, -28.065231699999959 ], [ -48.615283, -28.065257799999976 ], [ -48.615322899999967, -28.065311299999966 ], [ -48.615356299999974, -28.065342 ], [ -48.615383299999969, -28.06535149999997 ], [ -48.615425499999958, -28.065351799999974 ], [ -48.615502, -28.065342399999967 ], [ -48.615527699999973, -28.065344499999973 ], [ -48.615560399999936, -28.065359099999966 ], [ -48.615589199999931, -28.065377799999961 ], [ -48.615619599999945, -28.06538819999998 ], [ -48.615788, -28.065425599999969 ], [ -48.615851499999962, -28.065444199999938 ], [ -48.615899299999974, -28.065456099999942 ], [ -48.615927599999964, -28.06545409999995 ], [ -48.615949399999977, -28.06544 ], [ -48.616019699999981, -28.065325799999972 ], [ -48.616036, -28.065307 ], [ -48.616059699999937, -28.06530349999997 ], [ -48.616081399999985, -28.065309299999967 ], [ -48.616103199999941, -28.06531509999996 ], [ -48.616138699999972, -28.065322 ], [ -48.616165399999943, -28.06532709999993 ], [ -48.616222499999928, -28.065355799999956 ], [ -48.616249699999969, -28.065380799999961 ], [ -48.616264, -28.06540949999992 ], [ -48.616263699999934, -28.065434199999963 ], [ -48.616262099999965, -28.065477 ], [ -48.616254099999935, -28.065503299999932 ], [ -48.616235599999989, -28.065530599999924 ], [ -48.616228099999944, -28.065548299999932 ], [ -48.616226, -28.065571599999934 ], [ -48.616226299999937, -28.065601399999931 ], [ -48.61621619999994, -28.06562369999995 ], [ -48.616200199999973, -28.06564549999996 ], [ -48.616196699999932, -28.065666499999953 ], [ -48.61621, -28.065690299999975 ], [ -48.616229199999971, -28.065707 ], [ -48.616231399999954, -28.065720799999948 ], [ -48.6162116, -28.065742499999935 ], [ -48.616186899999946, -28.065761499999951 ], [ -48.616181899999958, -28.065776899999953 ], [ -48.616191699999945, -28.06578919999998 ], [ -48.61643209999994, -28.065882499999926 ], [ -48.616480599999932, -28.065907099999944 ], [ -48.616534799999954, -28.065938299999964 ], [ -48.616581499999945, -28.065958399999936 ], [ -48.616625199999923, -28.065973599999957 ], [ -48.616760499999941, -28.06601249999995 ], [ -48.616807799999947, -28.066009699999931 ], [ -48.616864599999985, -28.065999299999941 ], [ -48.61691959999996, -28.065991499999935 ], [ -48.616961799999963, -28.065991699999984 ], [ -48.616978499999959, -28.066 ], [ -48.616988899999967, -28.066015799999946 ], [ -48.616941899999972, -28.066313599999933 ], [ -48.616921599999962, -28.066385199999946 ], [ -48.616880299999934, -28.06645519999995 ], [ -48.616827199999932, -28.066502499999959 ], [ -48.616768799999932, -28.066522899999939 ], [ -48.616720099999959, -28.066529599999971 ], [ -48.61667929999993, -28.066544499999967 ], [ -48.616649, -28.066567599999917 ], [ -48.616618899999935, -28.066577499999944 ], [ -48.616567499999974, -28.066584899999956 ], [ -48.616512399999976, -28.066590499999965 ], [ -48.61650259999994, -28.066597099999964 ], [ -48.616440599999983, -28.066671 ], [ -48.61641579999997, -28.066711699999917 ], [ -48.61639839999998, -28.06675719999998 ], [ -48.616381699999977, -28.06678589999996 ], [ -48.616356799999949, -28.066805499999926 ], [ -48.616329299999961, -28.06682 ], [ -48.616212699999949, -28.066874399999961 ], [ -48.61618169999997, -28.066893099999966 ], [ -48.616146499999957, -28.066917199999963 ], [ -48.616119199999957, -28.066946499999972 ], [ -48.616104, -28.066972099999923 ], [ -48.616087799999953, -28.067001399999967 ], [ -48.616075, -28.067025599999962 ], [ -48.616055399999944, -28.067073 ], [ -48.616045899999968, -28.067109799999965 ], [ -48.616036699999938, -28.067140299999945 ], [ -48.616017399999976, -28.067163099999959 ], [ -48.615996299999949, -28.067164699999985 ], [ -48.615977599999958, -28.06715619999995 ], [ -48.615955699999972, -28.067136199999929 ], [ -48.615942299999972, -28.067114599999972 ], [ -48.615918099999931, -28.067089099999976 ], [ -48.615900699999948, -28.067084499999961 ], [ -48.615872099999933, -28.067091299999952 ], [ -48.615851299999981, -28.067116399999978 ], [ -48.615838099999962, -28.06715829999996 ], [ -48.615835799999957, -28.067202799999965 ], [ -48.615849799999978, -28.067229199999929 ], [ -48.61587929999996, -28.067248499999955 ], [ -48.615898199999947, -28.067259799999935 ], [ -48.615911499999989, -28.067274199999922 ], [ -48.615922299999966, -28.067297699999976 ], [ -48.615920699999947, -28.067324699999968 ], [ -48.615910399999962, -28.067339799999964 ], [ -48.615795299999945, -28.067408099999955 ], [ -48.615758899999953, -28.067421899999943 ], [ -48.615719899999924, -28.067436799999928 ], [ -48.615690399999956, -28.067435199999977 ], [ -48.615650499999965, -28.067424099999986 ], [ -48.615623899999946, -28.06741379999994 ], [ -48.61560129999998, -28.067415499999981 ], [ -48.615574899999956, -28.067417 ], [ -48.615539, -28.067406699999946 ], [ -48.615505599999949, -28.06739349999998 ], [ -48.615480699999978, -28.067387199999917 ], [ -48.615463399999953, -28.06739239999996 ], [ -48.615446299999974, -28.067406 ], [ -48.615394799999926, -28.067489899999948 ], [ -48.615374, -28.067500799999944 ], [ -48.615367499999934, -28.067513599999987 ], [ -48.615374399999951, -28.067534799999976 ], [ -48.615380699999946, -28.067551499999976 ], [ -48.615380399999943, -28.067572399999953 ], [ -48.615376199999957, -28.067603099999911 ], [ -48.615354099999934, -28.067669699999946 ], [ -48.615339699999943, -28.067701199999927 ], [ -48.615326199999977, -28.067732799999934 ], [ -48.615329399999951, -28.06775 ], [ -48.615343099999961, -28.067771899999951 ], [ -48.615399899999943, -28.067850699999941 ], [ -48.615447699999955, -28.067877 ], [ -48.615495899999985, -28.067891299999932 ], [ -48.615553499999983, -28.06790959999995 ], [ -48.615594599999959, -28.067922099999969 ], [ -48.615631, -28.067927899999976 ], [ -48.615761, -28.067943299999964 ], [ -48.615795299999945, -28.067963099999933 ], [ -48.615830299999971, -28.067986499999954 ], [ -48.615857, -28.068011699999943 ], [ -48.615866899999958, -28.068034399999934 ], [ -48.615859599999965, -28.068053499999973 ], [ -48.61584639999996, -28.068076099999924 ], [ -48.615837, -28.068096199999964 ], [ -48.615837599999971, -28.068121899999934 ], [ -48.615841599999953, -28.068196799999949 ], [ -48.615854199999944, -28.068236599999981 ], [ -48.615876199999938, -28.068282 ], [ -48.615933799999944, -28.068372599999964 ], [ -48.615946599999965, -28.068407 ], [ -48.615956299999937, -28.068431699999969 ], [ -48.615948899999978, -28.068443099999978 ], [ -48.615925699999941, -28.068445599999951 ], [ -48.615880799999957, -28.068436699999943 ], [ -48.615850399999935, -28.068434699999962 ], [ -48.61583939999997, -28.068447 ], [ -48.615827, -28.068478599999931 ], [ -48.615816, -28.068500199999967 ], [ -48.615818699999977, -28.068515599999944 ], [ -48.615831299999961, -28.06852819999995 ], [ -48.615883599999968, -28.068563699999977 ], [ -48.615897199999949, -28.068581699999974 ], [ -48.615898899999941, -28.068594299999972 ], [ -48.615892899999949, -28.068615399999931 ], [ -48.615888699999971, -28.068639799999964 ], [ -48.61590469999993, -28.06866319999995 ], [ -48.615930299999945, -28.068678099999932 ], [ -48.615967099999978, -28.068700299999943 ], [ -48.61598, -28.068718299999937 ], [ -48.615987, -28.068742699999966 ], [ -48.615998899999965, -28.068764799999936 ], [ -48.616019199999982, -28.068778399999932 ], [ -48.616081299999969, -28.068815699999959 ], [ -48.616116199999965, -28.068834899999942 ], [ -48.616169699999944, -28.068852699999972 ], [ -48.616202899999962, -28.068859299999922 ], [ -48.616240699999942, -28.068874 ], [ -48.616263299999957, -28.068887599999968 ], [ -48.616284599999965, -28.068908 ], [ -48.616362899999956, -28.068991099999948 ], [ -48.616375299999959, -28.06902439999994 ], [ -48.61637409999998, -28.069056599999954 ], [ -48.616386499999976, -28.069083099999943 ], [ -48.616413399999942, -28.069114899999935 ], [ -48.616451799999936, -28.069144199999975 ], [ -48.616523499999971, -28.069202699999941 ], [ -48.61657229999998, -28.069249299999953 ], [ -48.61661, -28.069286699999953 ], [ -48.616646599999967, -28.069321199999937 ], [ -48.616745699999974, -28.069402899999933 ], [ -48.616797099999985, -28.069447299999972 ], [ -48.616827599999965, -28.069469599999927 ], [ -48.616858099999945, -28.069493899999934 ], [ -48.616869099999974, -28.06951539999995 ], [ -48.616852599999952, -28.069527 ], [ -48.616831299999944, -28.0695234 ], [ -48.61678459999996, -28.069505099999958 ], [ -48.616746299999932, -28.069495399999941 ], [ -48.616717599999959, -28.069507699999967 ], [ -48.616688, -28.069557 ], [ -48.616638799999976, -28.069705599999953 ], [ -48.616628399999968, -28.069756899999962 ], [ -48.616645199999944, -28.069793099999966 ], [ -48.616674099999955, -28.069825899999962 ], [ -48.616687199999937, -28.06985739999994 ], [ -48.616685299999965, -28.069908899999984 ], [ -48.616665599999983, -28.06997129999997 ], [ -48.6166616, -28.070010799999967 ], [ -48.616675599999951, -28.070043899999977 ], [ -48.616768, -28.070147699999943 ], [ -48.616802899999982, -28.070183599999943 ], [ -48.616818699999953, -28.070215099999924 ], [ -48.616813299999933, -28.070251 ], [ -48.616786, -28.070301 ], [ -48.616732499999962, -28.070361699999985 ], [ -48.616715099999965, -28.0704 ], [ -48.616711399999986, -28.070430699999982 ], [ -48.616720099999959, -28.070453399999955 ], [ -48.616743499999977, -28.070473499999931 ], [ -48.616761, -28.07049819999996 ], [ -48.616776699999946, -28.070556599999971 ], [ -48.616790799999933, -28.070608599999957 ], [ -48.61678359999997, -28.070639599999932 ], [ -48.6167655, -28.070666499999952 ], [ -48.616739499999937, -28.070693599999966 ], [ -48.61672469999997, -28.070719799999939 ], [ -48.616723899999954, -28.070749 ], [ -48.61674279999994, -28.070822199999949 ], [ -48.616750399999937, -28.070856099999961 ], [ -48.6167607, -28.070876599999959 ], [ -48.616780099999978, -28.070889 ], [ -48.616801099999975, -28.07088879999997 ], [ -48.616830899999968, -28.070882899999962 ], [ -48.616863799999976, -28.070877799999941 ], [ -48.616892, -28.070890499999969 ], [ -48.616910499999967, -28.070911199999959 ], [ -48.616941, -28.070987799999951 ], [ -48.616959899999983, -28.071016599999943 ], [ -48.616986399999981, -28.071036099999954 ], [ -48.61700129999997, -28.071041499999971 ], [ -48.617028499999954, -28.071041899999951 ], [ -48.617054399999972, -28.071052799999965 ], [ -48.617075599999971, -28.071075099999984 ], [ -48.617151099999944, -28.071204599999934 ], [ -48.617195799999934, -28.071281 ], [ -48.617194499999982, -28.071328899999966 ], [ -48.617194799999936, -28.071335899999955 ], [ -48.617195299999935, -28.071340399999926 ], [ -48.617195699999968, -28.071343499999951 ], [ -48.617197, -28.071349499999943 ], [ -48.617198199999962, -28.071354 ], [ -48.617201299999977, -28.071362899999933 ], [ -48.617205, -28.071371799999945 ], [ -48.61720779999996, -28.071377599999959 ], [ -48.617213899999967, -28.071389 ], [ -48.617217399999959, -28.071395099999965 ], [ -48.617224599999979, -28.071406799999966 ], [ -48.617232199999933, -28.071418 ], [ -48.617237499999931, -28.071425399999942 ], [ -48.617248799999977, -28.07144 ], [ -48.617262, -28.071456099999978 ], [ -48.61726879999997, -28.071464 ], [ -48.617276, -28.071471599999931 ], [ -48.617279799999949, -28.071475299999982 ], [ -48.617293599999982, -28.071487799999954 ], [ -48.617303, -28.071496 ], [ -48.617322199999933, -28.071511899999958 ], [ -48.617333599999938, -28.071520699999958 ], [ -48.617356499999971, -28.071538199999967 ], [ -48.617367799999954, -28.071547099999979 ], [ -48.617373299999947, -28.07155159999996 ], [ -48.617397, -28.071571899999963 ], [ -48.617408599999976, -28.071582299999935 ], [ -48.61743679999995, -28.071607899999943 ], [ -48.617450599999984, -28.071620899999967 ], [ -48.617488099999946, -28.071656699999938 ], [ -48.617545599999978, -28.07171239999996 ], [ -48.61755519999997, -28.071721 ], [ -48.617561799999983, -28.071726499999951 ], [ -48.617566299999964, -28.071730099999979 ], [ -48.617575599999952, -28.071737 ], [ -48.617582699999957, -28.071742 ], [ -48.617597399999973, -28.071751599999956 ], [ -48.617612299999962, -28.071760799999939 ], [ -48.617642799999942, -28.071778699999975 ], [ -48.6176488, -28.071782 ], [ -48.617661, -28.07178829999998 ], [ -48.617673499999974, -28.071794 ], [ -48.617699, -28.071805 ], [ -48.617711699999973, -28.071810699999951 ], [ -48.617718, -28.071813699999947 ], [ -48.617727299999963, -28.0718184 ], [ -48.617733699999974, -28.071821599999961 ], [ -48.617746799999964, -28.071828 ], [ -48.617756499999984, -28.071833099999928 ], [ -48.617762599999942, -28.071836799999964 ], [ -48.617765499999955, -28.071838699999944 ], [ -48.617769599999974, -28.071841899999971 ], [ -48.617774499999946, -28.071846399999956 ], [ -48.617776699999986, -28.071848899999949 ], [ -48.617779599999942, -28.071852899999939 ], [ -48.617781899999954, -28.071857299999976 ], [ -48.617782899999952, -28.071859599999971 ], [ -48.617783399999951, -28.071861399999936 ], [ -48.6177838, -28.071865 ], [ -48.617783299999985, -28.071868499999937 ], [ -48.617781399999956, -28.071875699999968 ], [ -48.61778019999997, -28.071881099999921 ], [ -48.61778, -28.07188379999997 ], [ -48.617780499999981, -28.071924299999967 ], [ -48.617880499999963, -28.072059099999933 ], [ -48.61788319999993, -28.072062599999978 ], [ -48.617888799999946, -28.072069299999942 ], [ -48.617894799999924, -28.072075699999964 ], [ -48.617899, -28.072079899999945 ], [ -48.617907799999955, -28.072087899999911 ], [ -48.617914699999972, -28.072093699999979 ], [ -48.617919499999971, -28.072097399999961 ], [ -48.617929199999935, -28.072104699999958 ], [ -48.617939099999951, -28.072111899999978 ], [ -48.617959299999939, -28.072125799999974 ], [ -48.617974399999973, -28.072136099999966 ], [ -48.618018599999964, -28.072166799999927 ], [ -48.61804079999996, -28.072182 ], [ -48.618074399999955, -28.072204399999972 ], [ -48.618088699999937, -28.072213599999937 ], [ -48.618117599999948, -28.072231799999933 ], [ -48.618139199999973, -28.072245499999948 ], [ -48.618156599999963, -28.072257099999938 ], [ -48.618165199999964, -28.072263099999926 ], [ -48.618177599999974, -28.072272399999974 ], [ -48.618185599999947, -28.072279 ], [ -48.618189499999971, -28.072282299999973 ], [ -48.618195199999946, -28.072287599999985 ], [ -48.618198599999978, -28.072291 ], [ -48.618205, -28.07229789999997 ], [ -48.61821109999994, -28.072305 ], [ -48.618222799999955, -28.072319599999954 ], [ -48.61823169999996, -28.072330399999945 ], [ -48.618236399999951, -28.072335699999936 ], [ -48.618264499999952, -28.072366 ], [ -48.618278699999962, -28.072381 ], [ -48.618300399999953, -28.072403299999962 ], [ -48.618322599999949, -28.072425399999929 ], [ -48.618333899999982, -28.072436399999951 ], [ -48.618345, -28.072446699999933 ], [ -48.618350699999944, -28.072451699999938 ], [ -48.618359399999974, -28.072459 ], [ -48.618373, -28.072469399999946 ], [ -48.618382299999958, -28.07247609999996 ], [ -48.61838709999995, -28.072479299999941 ], [ -48.618394399999943, -28.072484 ], [ -48.618404399999974, -28.07249 ], [ -48.618409499999984, -28.072492799999967 ], [ -48.618417299999969, -28.072497 ], [ -48.618429299999953, -28.072502899999947 ], [ -48.61844219999994, -28.072508899999942 ], [ -48.618468099999973, -28.072520199999929 ], [ -48.618494199999986, -28.072530899999947 ], [ -48.618511699999942, -28.072537699999938 ], [ -48.618523399999965, -28.072542 ], [ -48.61854679999994, -28.072550399999944 ], [ -48.618573399999946, -28.072559399999928 ], [ -48.618591199999969, -28.072565099999959 ], [ -48.618626899999981, -28.072576 ], [ -48.61864479999997, -28.072581199999934 ], [ -48.618680899999966, -28.072591099999947 ], [ -48.618717199999942, -28.072600499999957 ], [ -48.618741499999942, -28.072606499999949 ], [ -48.618790199999978, -28.072618199999962 ], [ -48.618799, -28.072620099999934 ], [ -48.61881649999998, -28.072623599999936 ], [ -48.618834099999958, -28.072626699999937 ], [ -48.618869499999967, -28.072632299999949 ], [ -48.618896, -28.07263689999996 ], [ -48.618909099999946, -28.072639599999949 ], [ -48.618916899999931, -28.072641199999964 ], [ -48.618932099999938, -28.072644 ], [ -48.618943299999962, -28.07264639999994 ], [ -48.618950699999971, -28.072648499999946 ], [ -48.618954299999977, -28.072649799999969 ], [ -48.618959699999948, -28.072652 ], [ -48.618966899999975, -28.072655499999939 ], [ -48.618970399999967, -28.07265759999995 ], [ -48.618975699999972, -28.072661299999929 ], [ -48.618980899999933, -28.072665499999967 ], [ -48.618983499999956, -28.072667899999946 ], [ -48.618988499999936, -28.072673 ], [ -48.618991399999977, -28.072676499999947 ], [ -48.618993099999955, -28.072678799999935 ], [ -48.618996199999977, -28.072683399999956 ], [ -48.618998699999963, -28.072688 ], [ -48.618999599999938, -28.07269 ], [ -48.619001, -28.072694199999951 ], [ -48.619001899999951, -28.072697299999945 ], [ -48.619002599999931, -28.072701899999966 ], [ -48.619002699999946, -28.072704199999972 ], [ -48.619002499999965, -28.072708799999933 ], [ -48.619002199999947, -28.072711099999935 ], [ -48.619001499999968, -28.072714599999973 ], [ -48.618998599999948, -28.07272439999997 ], [ -48.618997, -28.072729299999931 ], [ -48.618994399999963, -28.072736699999943 ], [ -48.618989799999945, -28.072747699999987 ], [ -48.618984599999983, -28.072758699999952 ], [ -48.618981799999972, -28.072764099999965 ], [ -48.618974199999961, -28.072777899999963 ], [ -48.618958699999951, -28.0728046 ], [ -48.618947199999987, -28.072824799999985 ], [ -48.618937399999943, -28.072843299999928 ], [ -48.618932699999966, -28.072852699999931 ], [ -48.618926099999946, -28.072866799999929 ], [ -48.618920199999934, -28.072881 ], [ -48.618917599999975, -28.072888099999954 ], [ -48.618916799999965, -28.072890699999945 ], [ -48.61891549999995, -28.072896 ], [ -48.618914699999948, -28.072901299999955 ], [ -48.61891449999996, -28.072904899999962 ], [ -48.61891449999996, -28.072912199999962 ], [ -48.618914899999936, -28.072917699999941 ], [ -48.618915399999928, -28.072921399999927 ], [ -48.618916899999938, -28.072928799999932 ], [ -48.618917799999963, -28.072932499999972 ], [ -48.618919899999987, -28.072939899999934 ], [ -48.618922399999974, -28.072947199999934 ], [ -48.618924299999939, -28.072952 ], [ -48.618928199999971, -28.072961399999951 ], [ -48.618936299999973, -28.072978899999949 ], [ -48.618940499999944, -28.072987399999935 ], [ -48.61894929999994, -28.073004199999957 ], [ -48.618955499999963, -28.073015299999955 ], [ -48.618959799999971, -28.073022599999952 ], [ -48.618968799999955, -28.073037199999927 ], [ -48.618989499999948, -28.07307069999996 ], [ -48.618996899999956, -28.073081599999963 ], [ -48.619000699999958, -28.073086799999942 ], [ -48.619006199999951, -28.073093599999936 ], [ -48.619009099999971, -28.073097 ], [ -48.61901359999996, -28.073101799999971 ], [ -48.61902089999996, -28.073108699999981 ], [ -48.619036899999976, -28.073122099999981 ], [ -48.619047799999976, -28.073130699999968 ], [ -48.619069899999943, -28.073147699999929 ], [ -48.619086299999942, -28.073160499999961 ], [ -48.619094299999972, -28.073167099999978 ], [ -48.61916129999998, -28.073223 ], [ -48.61918819999994, -28.073244899999956 ], [ -48.619206299999981, -28.073259199999931 ], [ -48.619218499999938, -28.073268599999949 ], [ -48.619243099999949, -28.073287299999951 ], [ -48.619261699999981, -28.073301099999981 ], [ -48.619299399999932, -28.073328299999947 ], [ -48.619337499999972, -28.073355 ], [ -48.61936309999993, -28.073372499999941 ], [ -48.619414599999963, -28.073407099999944 ], [ -48.619420299999945, -28.073410299999974 ], [ -48.619424199999969, -28.073412099999935 ], [ -48.619426899999951, -28.073413199999948 ], [ -48.619432399999937, -28.073415 ], [ -48.619436699999945, -28.073416199999933 ], [ -48.619445399999961, -28.073418099999955 ], [ -48.61947269999996, -28.073422399999966 ], [ -48.619481699999945, -28.073424299999935 ], [ -48.619486199999976, -28.073425399999959 ], [ -48.619492799999939, -28.073427499999976 ], [ -48.61949919999995, -28.073430199999962 ], [ -48.619502299999965, -28.073431699999954 ], [ -48.619510299999945, -28.073436299999962 ], [ -48.619514, -28.073438699999944 ], [ -48.619519399999945, -28.073442699999926 ], [ -48.619524099999978, -28.073447 ], [ -48.619526299999961, -28.073449299999936 ], [ -48.61953, -28.073454099999939 ], [ -48.619531499999944, -28.073456599999908 ], [ -48.619533299999944, -28.07346049999996 ], [ -48.619533799999935, -28.073462 ], [ -48.6195345, -28.073464899999976 ], [ -48.61953479999994, -28.073468 ], [ -48.61953479999994, -28.07347 ], [ -48.619534299999941, -28.073474199999964 ], [ -48.619533699999984, -28.073477399999948 ], [ -48.619531599999959, -28.073483799999963 ], [ -48.619528699999925, -28.07349 ], [ -48.619526499999949, -28.073494099999944 ], [ -48.61952169999995, -28.073501699999952 ], [ -48.619517899999948, -28.073506399999928 ], [ -48.619509299999955, -28.073515199999974 ], [ -48.61950539999998, -28.07352 ], [ -48.619503699999932, -28.073522499999967 ], [ -48.619497899999942, -28.073533299999944 ], [ -48.619495299999983, -28.073538699999972 ], [ -48.619491699999962, -28.073546799999974 ], [ -48.619488599999954, -28.073555099999954 ], [ -48.61948719999998, -28.073559299999957 ], [ -48.619484899999975, -28.073567599999944 ], [ -48.619484, -28.073571799999971 ], [ -48.619482899999973, -28.073578199999922 ], [ -48.61948179999996, -28.073587199999967 ], [ -48.619481399999984, -28.073593299999981 ], [ -48.619481299999968, -28.073605599999947 ], [ -48.619481599999972, -28.073611699999962 ], [ -48.619482799999965, -28.073624099999947 ], [ -48.61948479999996, -28.073636399999931 ], [ -48.619486599999966, -28.07364459999997 ], [ -48.619488, -28.073650099999945 ], [ -48.619491099999941, -28.073660899999943 ], [ -48.619497499999973, -28.073680299999968 ], [ -48.619501099999987, -28.073689799999951 ], [ -48.619503899999984, -28.073695899999962 ], [ -48.619505499999946, -28.07369889999995 ], [ -48.619508, -28.073703199999954 ], [ -48.619511699999975, -28.073708799999956 ], [ -48.61951369999997, -28.073711399999979 ], [ -48.619517099999939, -28.073715199999977 ], [ -48.619520799999982, -28.073718799999938 ], [ -48.619522699999955, -28.073720499999975 ], [ -48.619584799999984, -28.073770399999944 ], [ -48.619661699999938, -28.073832499999966 ], [ -48.619679199999958, -28.073847299999947 ], [ -48.619690699999978, -28.073857399999948 ], [ -48.619713299999944, -28.073877899999957 ], [ -48.619738799999944, -28.073901 ], [ -48.619748899999934, -28.07391 ], [ -48.619768799999974, -28.073928399999943 ], [ -48.61977909999996, -28.073937199999939 ], [ -48.619784399999965, -28.073941399999967 ], [ -48.619791799999966, -28.073946799999934 ], [ -48.619795599999975, -28.073949399999943 ], [ -48.619801499999937, -28.073953 ], [ -48.61981069999996, -28.073958 ], [ -48.619817699999949, -28.073961099999963 ], [ -48.619822299999953, -28.073963 ], [ -48.619831799999986, -28.07396639999995 ], [ -48.6198366, -28.073967899999968 ], [ -48.619846399999972, -28.073970699999961 ], [ -48.619856199999958, -28.073973099999932 ], [ -48.619876, -28.073977599999974 ], [ -48.619890799999951, -28.073981099999958 ], [ -48.619898099999943, -28.073983 ], [ -48.619909099999973, -28.073986099999953 ], [ -48.619934, -28.073993799999979 ], [ -48.619946499999969, -28.073997799999965 ], [ -48.619958799999949, -28.074002199999935 ], [ -48.619964899999957, -28.074004499999948 ], [ -48.619967899999956, -28.074005799999949 ], [ -48.619973799999968, -28.074008599999953 ], [ -48.619979399999984, -28.074011799999941 ], [ -48.619983, -28.074014 ], [ -48.61999, -28.074019 ], [ -48.619994899999945, -28.074023 ], [ -48.619998199999941, -28.074025699999936 ], [ -48.620004399999971, -28.074031499999936 ], [ -48.620010499999978, -28.074037499999974 ], [ -48.620022399999982, -28.07405 ], [ -48.620031299999937, -28.074059399999964 ], [ -48.620040499999959, -28.074068499999949 ], [ -48.620045299999958, -28.074072799999954 ], [ -48.620052699999974, -28.074079 ], [ -48.620060599999931, -28.074084699999958 ], [ -48.620064799999966, -28.07408729999997 ], [ -48.620089299999961, -28.074101899999963 ], [ -48.620101699999971, -28.074109 ], [ -48.620120499999985, -28.074119299999957 ], [ -48.620133199999941, -28.074125799999916 ], [ -48.620139599999952, -28.074128899999945 ], [ -48.620149399999946, -28.07413339999993 ], [ -48.620162599999958, -28.074139 ], [ -48.620169399999952, -28.074141599999951 ], [ -48.620179599999972, -28.07414529999993 ], [ -48.620189899999957, -28.074148699999967 ], [ -48.620195199999955, -28.074150299999918 ], [ -48.6202105, -28.07415449999997 ], [ -48.620220799999963, -28.074157199999945 ], [ -48.620241399999948, -28.074162099999967 ], [ -48.620272299999954, -28.074168799999931 ], [ -48.620293, -28.074172899999954 ], [ -48.620334599999985, -28.074180599999973 ], [ -48.620341799999956, -28.074181799999963 ], [ -48.620356299999969, -28.074183899999984 ], [ -48.620365899999967, -28.074185099999962 ], [ -48.620385299999946, -28.074187199999983 ], [ -48.620399899999946, -28.074188799999941 ], [ -48.620414499999988, -28.074190599999941 ], [ -48.620421699999952, -28.074191599999949 ], [ -48.620432599999965, -28.074193499999982 ], [ -48.620440099999946, -28.074195 ], [ -48.620443699999946, -28.074195899999946 ], [ -48.620449099999973, -28.074197499999972 ], [ -48.620456899999965, -28.074200399999935 ], [ -48.620462, -28.074202699999944 ], [ -48.620464499999969, -28.074204 ], [ -48.620468099999982, -28.074206099999959 ], [ -48.620472799999959, -28.074209299999954 ], [ -48.620475099999965, -28.074211099999946 ], [ -48.620478499999933, -28.074213899999954 ], [ -48.620483399999955, -28.074218599999941 ], [ -48.6204853, -28.074220699999955 ], [ -48.620488799999983, -28.074225 ], [ -48.620491799999975, -28.07422919999993 ], [ -48.620493599999975, -28.074232099999957 ], [ -48.620496599999974, -28.074237899999957 ], [ -48.62049849999994, -28.07424229999998 ], [ -48.62049959999996, -28.074245299999966 ], [ -48.620501499999932, -28.074251299999954 ], [ -48.620503599999942, -28.074260399999957 ], [ -48.620504699999969, -28.074266499999958 ], [ -48.620506599999942, -28.074278799999949 ], [ -48.620506899999953, -28.074281399999958 ], [ -48.62050679999993, -28.074286699999956 ], [ -48.620506399999954, -28.074290199999954 ], [ -48.620505299999934, -28.074297199999943 ], [ -48.620504499999981, -28.074302499999941 ], [ -48.620504199999971, -28.074307799999939 ], [ -48.620504299999943, -28.074310399999941 ], [ -48.620504899999958, -28.074314299999958 ], [ -48.620508, -28.074326299999946 ], [ -48.620509799999979, -28.074332199999954 ], [ -48.620512699999949, -28.074340899999978 ], [ -48.620517699999937, -28.0743538 ], [ -48.620523399999961, -28.07436649999994 ], [ -48.620526599999955, -28.074372699999969 ], [ -48.620533499999965, -28.074384899999927 ], [ -48.620537199999944, -28.074391 ], [ -48.620543299999959, -28.0744 ], [ -48.620552, -28.074411799999947 ], [ -48.620556699999959, -28.074417599999954 ], [ -48.620564199999933, -28.074426299999974 ], [ -48.620572299999942, -28.074434899999968 ], [ -48.620576499999977, -28.074439199999961 ], [ -48.620583199999949, -28.074445499999953 ], [ -48.620586699999933, -28.074448499999967 ], [ -48.620591899999965, -28.074452599999965 ], [ -48.620599199999965, -28.074457499999934 ], [ -48.620602899999938, -28.074459799999943 ], [ -48.6206107, -28.074463899999952 ], [ -48.62061609999995, -28.074466399999945 ], [ -48.620619799999979, -28.074467899999942 ], [ -48.620627599999978, -28.074470799999983 ], [ -48.620644499999969, -28.074476099999966 ], [ -48.620653, -28.074478399999968 ], [ -48.620665699999961, -28.074481399999957 ], [ -48.62067849999994, -28.074483699999984 ], [ -48.620684899999965, -28.074484499999983 ], [ -48.620693499999959, -28.074485299999928 ], [ -48.620697699999937, -28.07448549999998 ], [ -48.620704199999984, -28.074485599999946 ], [ -48.620713799999969, -28.074485299999928 ], [ -48.620732499999981, -28.074483799999939 ], [ -48.620769899999978, -28.074480199999975 ], [ -48.62079789999995, -28.074477499999947 ], [ -48.620804199999959, -28.074476899999972 ], [ -48.620817099999954, -28.074475399999987 ], [ -48.62082659999993, -28.074474699999946 ], [ -48.620832899999982, -28.07447459999997 ], [ -48.620836, -28.074474799999965 ], [ -48.620841, -28.074475499999952 ], [ -48.620842699999969, -28.074476299999958 ], [ -48.620843099999945, -28.074477899999966 ], [ -48.620841899999959, -28.074480399999963 ], [ -48.620840499999986, -28.074482199999974 ], [ -48.620836499999939, -28.074486199999956 ], [ -48.620833299999951, -28.074489 ], [ -48.62082689999994, -28.074494299999969 ], [ -48.620822899999951, -28.07449749999995 ], [ -48.620789399999978, -28.074525699999967 ], [ -48.62077249999993, -28.0745396 ], [ -48.620758, -28.074550799999933 ], [ -48.62072859999995, -28.074572799999931 ], [ -48.620714, -28.07458419999994 ], [ -48.620706799999944, -28.074590299999954 ], [ -48.620702899999962, -28.074594 ], [ -48.620700499999941, -28.074596599999943 ], [ -48.620696399999986, -28.074602099999932 ], [ -48.620694499999956, -28.074605099999928 ], [ -48.620691399999934, -28.074611199999925 ], [ -48.620688899999955, -28.074617499999921 ], [ -48.620687699999955, -28.074621699999955 ], [ -48.620687, -28.074624599999936 ], [ -48.620686, -28.074630399999933 ], [ -48.620685299999934, -28.074637899999971 ], [ -48.620685, -28.074643 ], [ -48.620684899999958, -28.074653099999974 ], [ -48.620685099999946, -28.07465819999992 ], [ -48.620685799999933, -28.074668499999969 ], [ -48.620687, -28.074678699999939 ], [ -48.620688099999946, -28.074685399999957 ], [ -48.620690599999932, -28.074698899999927 ], [ -48.620695599999976, -28.074722699999942 ], [ -48.620698399999988, -28.074734499999973 ], [ -48.620701499999939, -28.074746199999932 ], [ -48.620703299999938, -28.074752 ], [ -48.620707299999935, -28.074763599999986 ], [ -48.620709499999982, -28.07476939999998 ], [ -48.620713299999984, -28.074778 ], [ -48.620717199999952, -28.074785899999931 ], [ -48.62072, -28.07479109999996 ], [ -48.620725899999968, -28.074801199999964 ], [ -48.620729, -28.074806099999929 ], [ -48.620735599999932, -28.074815699999942 ], [ -48.620742699999944, -28.074825099999941 ], [ -48.620747599999959, -28.074831299999968 ], [ -48.620757799999978, -28.074843399999963 ], [ -48.620760299999979, -28.074846099999949 ], [ -48.620765599999977, -28.074851499999962 ], [ -48.620771, -28.074856599999968 ], [ -48.620782199999951, -28.07486659999994 ], [ -48.620790499999941, -28.074874499999957 ], [ -48.620794499999938, -28.07487859999998 ], [ -48.620801799999981, -28.074887 ], [ -48.62080519999995, -28.074891199999961 ], [ -48.620810099999971, -28.07489779999997 ], [ -48.620816799999943, -28.074907699999976 ], [ -48.620822599999947, -28.074917699999954 ], [ -48.620825, -28.074922599999979 ], [ -48.620825799999977, -28.074924799999962 ], [ -48.620826199999961, -28.074927799999948 ], [ -48.620826099999931, -28.074930299999949 ], [ -48.620825399999944, -28.074933699999967 ], [ -48.620824699999957, -28.074935299999947 ], [ -48.620822699999962, -28.074939 ], [ -48.620819899999951, -28.074942399999948 ], [ -48.620818299999939, -28.074943899999941 ], [ -48.620815399999977, -28.074945899999921 ], [ -48.620812399999977, -28.074947499999947 ], [ -48.620810399999982, -28.074948199999941 ], [ -48.620806399999942, -28.074949299999968 ], [ -48.620804399999948, -28.074949599999961 ], [ -48.620800399999951, -28.07494979999996 ], [ -48.620788399999981, -28.074949499999938 ], [ -48.620783699999947, -28.074949399999987 ], [ -48.620774299999944, -28.074948799999955 ], [ -48.620746, -28.074946199999932 ], [ -48.62073659999993, -28.074945699999947 ], [ -48.620731899999953, -28.074945699999944 ], [ -48.620724899999963, -28.074945899999925 ], [ -48.620712699999963, -28.074946699999941 ], [ -48.620704599999961, -28.074947499999954 ], [ -48.620688499999964, -28.074949299999961 ], [ -48.620680399999969, -28.074950299999948 ], [ -48.62066429999993, -28.074952799999945 ], [ -48.620648199999941, -28.07495549999993 ], [ -48.62061609999995, -28.074961599999927 ], [ -48.620600199999956, -28.074965 ], [ -48.62059249999993, -28.074966899999932 ], [ -48.620580899999936, -28.074969899999932 ], [ -48.620569399999965, -28.074973299999947 ], [ -48.620563699999934, -28.074975099999968 ], [ -48.620552299999986, -28.074979099999947 ], [ -48.620546599999962, -28.074981399999956 ], [ -48.620538, -28.074985 ], [ -48.620527, -28.074990099999976 ], [ -48.620521499999931, -28.074993099999975 ], [ -48.620513699999947, -28.074997799999952 ], [ -48.620508799999982, -28.075001199999974 ], [ -48.620506599999942, -28.075003 ], [ -48.620503499999984, -28.075005699999977 ], [ -48.62049989999997, -28.075009499999965 ], [ -48.620498299999952, -28.075011399999934 ], [ -48.620496399999986, -28.07501429999996 ], [ -48.620495, -28.075017399999975 ], [ -48.6204944, -28.075018899999979 ], [ -48.620494, -28.075020599999959 ], [ -48.620493799999963, -28.075024199999977 ], [ -48.620494199999939, -28.075027899999945 ], [ -48.62049479999996, -28.075030399999946 ], [ -48.620496799999962, -28.075035499999952 ], [ -48.620498899999973, -28.07503939999998 ], [ -48.620500499999928, -28.075042 ], [ -48.620504199999971, -28.075047299999927 ], [ -48.620510499999973, -28.075055199999952 ], [ -48.620523799999944, -28.075070699999959 ], [ -48.620527399999958, -28.075074899999951 ], [ -48.62053439999994, -28.075083599999971 ], [ -48.620539699999945, -28.075089799999937 ], [ -48.620545299999947, -28.075095399999945 ], [ -48.620548199999973, -28.075098 ], [ -48.620552199999963, -28.075101 ], [ -48.620554299999981, -28.075102299999983 ], [ -48.620557599999984, -28.075104 ], [ -48.620561, -28.075105399999966 ], [ -48.620562799999966, -28.0751059 ], [ -48.620564599999966, -28.075106299999959 ], [ -48.62056819999998, -28.075106799999958 ], [ -48.620572, -28.07510689999998 ], [ -48.620574599999941, -28.075106699999935 ], [ -48.620579899999939, -28.075105899999976 ], [ -48.620583899999986, -28.075104899999921 ], [ -48.620592, -28.075102299999973 ], [ -48.6206, -28.075099 ], [ -48.62061529999994, -28.075092 ], [ -48.620619199999965, -28.075090099999951 ], [ -48.620626599999987, -28.075086299999953 ], [ -48.620648499999959, -28.075073799999931 ], [ -48.620659599999961, -28.075067899999961 ], [ -48.620665299999985, -28.075065099999968 ], [ -48.620675399999982, -28.075060699999945 ], [ -48.62068069999998, -28.075058499999965 ], [ -48.620688899999948, -28.07505569999994 ], [ -48.620694399999934, -28.075054299999973 ], [ -48.620697199999938, -28.075053799999978 ], [ -48.620701299999951, -28.075053299999965 ], [ -48.620706799999937, -28.07505319999996 ], [ -48.620709499999975, -28.075053399999938 ], [ -48.620713499999965, -28.075054199999961 ], [ -48.620717399999933, -28.075055399999933 ], [ -48.620719299999962, -28.075056299999968 ], [ -48.620724099999961, -28.075058799999965 ], [ -48.620726399999967, -28.075060299999961 ], [ -48.620729599999947, -28.075062899999978 ], [ -48.620732299999986, -28.075065599999963 ], [ -48.620733499999972, -28.075067 ], [ -48.620735199999963, -28.07506989999996 ], [ -48.620735699999955, -28.075071299999923 ], [ -48.620736, -28.075073499999977 ], [ -48.620735699999948, -28.075076299999978 ], [ -48.620735099999933, -28.075078099999921 ], [ -48.620733499999965, -28.075081599999976 ], [ -48.620732499999974, -28.075083399999986 ], [ -48.62073, -28.075087 ], [ -48.620720799999951, -28.07509779999998 ], [ -48.62071629999997, -28.075103299999967 ], [ -48.62071439999994, -28.075106199999937 ], [ -48.620712199999964, -28.075110599999963 ], [ -48.620707499999973, -28.075122399999948 ], [ -48.620705299999933, -28.075128399999979 ], [ -48.620702499999936, -28.075137499999972 ], [ -48.620700399999976, -28.075146499999949 ], [ -48.620699799999954, -28.075151 ], [ -48.620699499999944, -28.075155699999979 ], [ -48.620699499999944, -28.075158 ], [ -48.620699799999961, -28.075161599999944 ], [ -48.620700799999952, -28.075167 ], [ -48.620702, -28.075170499999956 ], [ -48.620702699999981, -28.075172199999933 ], [ -48.620704, -28.075174699999941 ], [ -48.620706199999972, -28.075177799999953 ], [ -48.620707499999973, -28.075179299999945 ], [ -48.620709699999971, -28.075181399999963 ], [ -48.620713699999961, -28.075184199999963 ], [ -48.620715499999967, -28.075185199999968 ], [ -48.620716699999939, -28.075185699999963 ], [ -48.620719299999962, -28.07518639999995 ], [ -48.620723, -28.075186899999942 ], [ -48.620725599999957, -28.075187 ], [ -48.620730599999945, -28.075186799999983 ], [ -48.620736299999976, -28.075186699999961 ], [ -48.62073909999998, -28.075187 ], [ -48.620744699999932, -28.075187599999936 ], [ -48.62075619999996, -28.075188299999972 ], [ -48.620761799999975, -28.075188899999944 ], [ -48.620764599999973, -28.075189299999984 ], [ -48.620769899999971, -28.075190699999951 ], [ -48.620772399999964, -28.075191699999944 ], [ -48.620776, -28.075193599999984 ], [ -48.620794499999938, -28.075206099999942 ], [ -48.620827899999938, -28.075228499999984 ], [ -48.620831299999963, -28.075230699999956 ], [ -48.620833799999957, -28.07523209999993 ], [ -48.620838699999972, -28.075234499999972 ], [ -48.620846499999971, -28.075237699999942 ], [ -48.620851899999934, -28.075239499999963 ], [ -48.620862799999941, -28.075242499999948 ], [ -48.620865499999972, -28.075243 ], [ -48.620867399999959, -28.075243199999928 ], [ -48.620871099999931, -28.075243 ], [ -48.620876799999962, -28.075242099999979 ], [ -48.62088829999994, -28.07523909999998 ], [ -48.62089409999993, -28.075238099999968 ], [ -48.620896899999934, -28.075237799999961 ], [ -48.620901199999935, -28.07523789999993 ], [ -48.620908299999947, -28.075239 ], [ -48.620911899999953, -28.075239899999943 ], [ -48.620915199999956, -28.075241099999968 ], [ -48.620916899999941, -28.075241899999977 ], [ -48.620919899999926, -28.075243799999949 ], [ -48.620921299999964, -28.075245 ], [ -48.620923199999936, -28.075247199999975 ], [ -48.620925199999931, -28.075250399999955 ], [ -48.620926, -28.075252699999957 ], [ -48.620926399999973, -28.075254199999968 ], [ -48.620926699999984, -28.07525719999995 ], [ -48.620926599999962, -28.075259399999936 ], [ -48.62092569999993, -28.075263899999975 ], [ -48.620924799999955, -28.075266899999978 ], [ -48.620922699999937, -28.075272899999963 ], [ -48.620921099999975, -28.075277199999956 ], [ -48.620914799999987, -28.075296299999941 ], [ -48.620911499999977, -28.07530579999996 ], [ -48.620906, -28.07532 ], [ -48.620901799999956, -28.075329399999923 ], [ -48.620892399999946, -28.075347699999949 ], [ -48.620887799999934, -28.075356799999952 ], [ -48.620885699999974, -28.075361499999925 ], [ -48.620882399999971, -28.075369599999934 ], [ -48.620881099999963, -28.075373799999962 ], [ -48.620879599999967, -28.075380199999987 ], [ -48.620878799999964, -28.075386699999964 ], [ -48.620878699999935, -28.07539 ], [ -48.620879, -28.075394299999978 ], [ -48.620879299999963, -28.075396499999954 ], [ -48.62088, -28.075399599999965 ], [ -48.620881599999969, -28.075404299999949 ], [ -48.620884399999966, -28.075409799999932 ], [ -48.620886, -28.07541209999993 ], [ -48.620889499999976, -28.075416499999953 ], [ -48.620892499999968, -28.075419499999949 ], [ -48.620897499999955, -28.075423499999943 ], [ -48.620900199999937, -28.075425299999935 ], [ -48.620904, -28.075427399999967 ], [ -48.620906, -28.075428299999952 ], [ -48.620909, -28.07542949999992 ], [ -48.620913799999983, -28.075430799999932 ], [ -48.620923799999957, -28.07543279999993 ], [ -48.6209305, -28.07543389999995 ], [ -48.620944, -28.075435799999969 ], [ -48.620950699999973, -28.07543649999997 ], [ -48.620964099999981, -28.075437599999926 ], [ -48.620977599999947, -28.075438399999921 ], [ -48.621004599999935, -28.075439299999974 ], [ -48.621012199999946, -28.075439399999933 ], [ -48.62102729999998, -28.075439199999952 ], [ -48.621037499999943, -28.075438899999927 ], [ -48.621057699999938, -28.075438299999963 ], [ -48.621072899999952, -28.075437899999937 ], [ -48.621088, -28.075438 ], [ -48.62109559999994, -28.07543829999997 ], [ -48.621106899999972, -28.075439 ], [ -48.62111909999993, -28.07544009999998 ], [ -48.621143399999937, -28.075442699999947 ], [ -48.621167599999971, -28.075445799999958 ], [ -48.621183699999968, -28.075448 ], [ -48.621215799999959, -28.075453099999944 ], [ -48.621239799999955, -28.075457299999975 ], [ -48.621255799999965, -28.075460399999944 ], [ -48.621287699999982, -28.075466899999988 ], [ -48.621303499999961, -28.075470299999939 ], [ -48.621335199999976, -28.075477599999932 ], [ -48.621366799999983, -28.075485399999934 ], [ -48.62138779999998, -28.075490799999947 ], [ -48.621429699999958, -28.07550209999993 ], [ -48.621445099999967, -28.075506499999957 ], [ -48.621475599999947, -28.075515899999967 ], [ -48.621495699999969, -28.075522499999977 ], [ -48.621535699999981, -28.075536 ], [ -48.621565599999947, -28.075546199999952 ], [ -48.621595799999966, -28.075556 ], [ -48.621611, -28.075560699999979 ], [ -48.621633899999956, -28.075567399999954 ], [ -48.62164659999997, -28.075570799999987 ], [ -48.621672, -28.075577 ], [ -48.621697599999955, -28.075582599999954 ], [ -48.621714699999984, -28.075586 ], [ -48.621749, -28.075592499999971 ], [ -48.621759399999974, -28.075594199999944 ], [ -48.621766399999963, -28.07559509999993 ], [ -48.621780499999943, -28.075596499999953 ], [ -48.621787599999948, -28.075596899999933 ], [ -48.621801799999957, -28.075597399999932 ], [ -48.621816, -28.075597399999928 ], [ -48.621825499999943, -28.07559719999994 ], [ -48.6218444, -28.075596299999972 ], [ -48.62185269999997, -28.075595599999925 ], [ -48.621856799999932, -28.075595 ], [ -48.62186289999994, -28.07559409999994 ], [ -48.621868899999981, -28.075592699999959 ], [ -48.621871799999951, -28.075591899999957 ], [ -48.621877599999948, -28.07559 ], [ -48.621880499999975, -28.075588799999927 ], [ -48.62188469999996, -28.075586799999943 ], [ -48.621890199999939, -28.075583799999951 ], [ -48.621892799999955, -28.075582 ], [ -48.621896699999986, -28.075579 ], [ -48.621902299999931, -28.075573899999934 ], [ -48.621905899999945, -28.075569899999937 ], [ -48.621907799999974, -28.075567099999951 ], [ -48.621909, -28.075565299999933 ], [ -48.621910899999939, -28.075561599999951 ], [ -48.621912099999975, -28.075558899999987 ], [ -48.621913799999959, -28.075553199999952 ], [ -48.621914799999956, -28.075547499999981 ], [ -48.621915299999955, -28.07554359999995 ], [ -48.621915899999983, -28.075535799999951 ], [ -48.62191619999993, -28.075524599999941 ], [ -48.621915799999961, -28.07550219999996 ], [ -48.621915899999983, -28.075491099999962 ], [ -48.621916199999923, -28.075485499999957 ], [ -48.621917, -28.075474899999964 ], [ -48.621917499999938, -28.075469699999925 ], [ -48.621918599999958, -28.075461799999974 ], [ -48.621920899999964, -28.07545 ], [ -48.621922499999989, -28.075444399999977 ], [ -48.621923399999957, -28.07544159999998 ], [ -48.621925, -28.075437499999971 ], [ -48.621928, -28.075431499999972 ], [ -48.621931699999941, -28.075425799999945 ], [ -48.621933799999965, -28.07542309999997 ], [ -48.621937, -28.075419699999927 ], [ -48.62193869999993, -28.075418099999986 ], [ -48.621941399999976, -28.075415799999977 ], [ -48.621945899999957, -28.075412699999955 ], [ -48.621951299999985, -28.075409399999948 ], [ -48.621954899999942, -28.075407499999979 ], [ -48.621962299999957, -28.075403899999969 ], [ -48.621973499999974, -28.075399199999939 ], [ -48.621981099999978, -28.075396399999942 ], [ -48.621996499999973, -28.075391299999986 ], [ -48.622031, -28.075380099999947 ], [ -48.622048399999983, -28.075374899999922 ], [ -48.622105899999958, -28.07536 ], [ -48.622133799999972, -28.075352 ], [ -48.622147599999948, -28.075347699999956 ], [ -48.622168299999942, -28.075341 ], [ -48.622177499999964, -28.07533769999997 ], [ -48.622195499999975, -28.075330699999949 ], [ -48.622213199999976, -28.075323099999931 ], [ -48.622224899999928, -28.07531789999997 ], [ -48.622248, -28.075306899999923 ], [ -48.622276799999952, -28.075292599999965 ], [ -48.6222959, -28.075282799999957 ], [ -48.622333599999934, -28.075262699999953 ], [ -48.622352299999932, -28.075252499999976 ], [ -48.62238959999997, -28.075231699999946 ], [ -48.622500599999967, -28.075168499999954 ], [ -48.622537899999941, -28.075147599999973 ], [ -48.622556599999946, -28.075137299999948 ], [ -48.622584899999943, -28.075122199999957 ], [ -48.622613499999943, -28.075107299999949 ], [ -48.622627899999948, -28.075100099999926 ], [ -48.622649599999924, -28.07508949999993 ], [ -48.622660499999938, -28.075084399999987 ], [ -48.622677, -28.075077 ], [ -48.622693799999979, -28.07507 ], [ -48.622702299999958, -28.075066699999972 ], [ -48.622719499999953, -28.075060499999942 ], [ -48.622728199999983, -28.075057599999973 ], [ -48.622741499999961, -28.075053599999933 ], [ -48.622752299999938, -28.075050699999966 ], [ -48.622759599999938, -28.075048899999956 ], [ -48.622774099999951, -28.075045699999968 ], [ -48.622796099999967, -28.075041699999929 ], [ -48.622810899999934, -28.075039399999977 ], [ -48.622840399999973, -28.07503509999998 ], [ -48.622855199999954, -28.075033 ], [ -48.622884699999986, -28.075029199999953 ], [ -48.622914299999934, -28.075025899999943 ], [ -48.622934099999952, -28.075023899999962 ], [ -48.622973699999939, -28.075020299999942 ], [ -48.622993499999943, -28.075018699999934 ], [ -48.623033199999945, -28.075015799999957 ], [ -48.623072899999961, -28.07501319999994 ], [ -48.623152399999981, -28.075008299999979 ], [ -48.623212099999932, -28.075004399999955 ], [ -48.623241799999967, -28.075002099999939 ], [ -48.623281499999962, -28.074998799999957 ], [ -48.623301299999987, -28.07499689999997 ], [ -48.623331, -28.074993799999955 ], [ -48.623360699999978, -28.074990299999971 ], [ -48.623375499999959, -28.074988399999935 ], [ -48.623405, -28.074984099999948 ], [ -48.623419799999965, -28.074981799999925 ], [ -48.623441899999932, -28.074978099999953 ], [ -48.623447699999979, -28.074977 ], [ -48.623459199999957, -28.074974499999932 ], [ -48.623470499999939, -28.074971699999939 ], [ -48.623478, -28.074969699999937 ], [ -48.623492799999951, -28.074965199999944 ], [ -48.62350379999998, -28.074961499999972 ], [ -48.623511, -28.074959 ], [ -48.623525499999971, -28.074953499999936 ], [ -48.623547099999939, -28.074944799999972 ], [ -48.623590099999944, -28.074926299999962 ], [ -48.623599199999944, -28.074922499999953 ], [ -48.62361779999997, -28.074915 ], [ -48.623631499999931, -28.07490909999996 ], [ -48.623640299999984, -28.074904799999949 ], [ -48.623644499999955, -28.074902499999951 ], [ -48.623650599999969, -28.074898799999971 ], [ -48.623655699999972, -28.074895199999965 ], [ -48.623658199999966, -28.074893399999958 ], [ -48.623661699999964, -28.074890399999962 ], [ -48.623666599999979, -28.074885699999971 ], [ -48.623670899999979, -28.074880499999946 ], [ -48.623672899999974, -28.074877699999938 ], [ -48.623679699999968, -28.074867299999934 ], [ -48.623692599999977, -28.07484629999993 ], [ -48.623705, -28.074825199999957 ], [ -48.623728799999981, -28.074782699999972 ], [ -48.623746899999958, -28.074751 ], [ -48.623756199999946, -28.074735199999967 ], [ -48.623789499999937, -28.07468 ], [ -48.623806299999956, -28.074652399999941 ], [ -48.623823399999942, -28.074624899999954 ], [ -48.623832099999959, -28.074611299999955 ], [ -48.623838, -28.074602099999929 ], [ -48.623850499999939, -28.074584199999958 ], [ -48.623863499999963, -28.074566599999969 ], [ -48.623872499999955, -28.074555099999944 ], [ -48.623878699999977, -28.074547499999934 ], [ -48.623891299999968, -28.074532499999965 ], [ -48.623905899999954, -28.074515899999927 ], [ -48.623915799999963, -28.074505 ], [ -48.623936199999953, -28.074483499999921 ], [ -48.623946599999961, -28.074472799999974 ], [ -48.623967699999973, -28.074451699999937 ], [ -48.623989199999983, -28.074430699999937 ], [ -48.624032599999964, -28.074389 ], [ -48.624053699999934, -28.074369199999971 ], [ -48.624064299999986, -28.074359399999928 ], [ -48.624080399999968, -28.074345 ], [ -48.624096699999939, -28.074330899999939 ], [ -48.624105, -28.074323899999968 ], [ -48.624121699999932, -28.074310299999976 ], [ -48.624130199999975, -28.074303499999932 ], [ -48.624143099999969, -28.074293599999976 ], [ -48.624160699999948, -28.07428069999996 ], [ -48.624169599999959, -28.074274299999949 ], [ -48.624183199999948, -28.07426489999995 ], [ -48.624204199999951, -28.074251199999939 ], [ -48.624210099999971, -28.074247599999971 ], [ -48.624222299999985, -28.074240799999931 ], [ -48.624234799999961, -28.074234599999958 ], [ -48.624243299999939, -28.074230699999934 ], [ -48.624260599999957, -28.074223399999934 ], [ -48.624276799999961, -28.074217099999931 ], [ -48.624284899999964, -28.074214199999968 ], [ -48.624297199999944, -28.074210199999989 ], [ -48.624309799999935, -28.07420679999996 ], [ -48.624316299999975, -28.074205399999983 ], [ -48.62432339999998, -28.074204 ], [ -48.624337799999978, -28.07420169999995 ], [ -48.624352199999976, -28.074200099999928 ], [ -48.624361799999974, -28.074199299999979 ], [ -48.624368299999965, -28.074198899999942 ], [ -48.624381099999944, -28.074198399999943 ], [ -48.624410599999976, -28.074198099999929 ], [ -48.624430299999972, -28.074198299999967 ], [ -48.624443399999969, -28.074198699999958 ], [ -48.624469599999934, -28.074199799999967 ], [ -48.624492099999941, -28.074201199999944 ], [ -48.624503299999958, -28.074202099999976 ], [ -48.624520099999984, -28.074203899999933 ], [ -48.62453679999993, -28.074206299999958 ], [ -48.624545199999943, -28.074207599999962 ], [ -48.624555499999985, -28.074209599999957 ], [ -48.62456229999998, -28.074211099999957 ], [ -48.624575799999946, -28.074214299999934 ], [ -48.624582499999974, -28.074216099999937 ], [ -48.624595799999952, -28.074219899999935 ], [ -48.624609, -28.074224 ], [ -48.624617799999946, -28.074227 ], [ -48.624635199999943, -28.074233199999981 ], [ -48.624696899999947, -28.074255899999965 ], [ -48.624727499999956, -28.074267399999925 ], [ -48.624758, -28.074279199999978 ], [ -48.624773099999977, -28.074285299999932 ], [ -48.624803099999951, -28.074297699999939 ], [ -48.624818, -28.074304099999949 ], [ -48.624840099999972, -28.074314 ], [ -48.624859599999986, -28.074323199999977 ], [ -48.624869199999978, -28.074327899999961 ], [ -48.624883599999983, -28.074335099999921 ], [ -48.624904899999933, -28.074346299999927 ], [ -48.624925899999937, -28.0743581 ], [ -48.624936299999938, -28.074364199999923 ], [ -48.625000099999973, -28.074402599999928 ], [ -48.625027199999977, -28.074419 ], [ -48.625072399999965, -28.074446699999946 ], [ -48.62514, -28.074488599999935 ], [ -48.625216, -28.074536 ], [ -48.625444, -28.074733499999976 ], [ -48.625505199999964, -28.074787099999977 ], [ -48.625545699999975, -28.074823199999969 ], [ -48.625572499999983, -28.074847399999943 ], [ -48.625625799999973, -28.074896 ], [ -48.625665399999939, -28.074932799999946 ], [ -48.625691699999948, -28.074957399999956 ], [ -48.625744, -28.075006899999948 ], [ -48.62577, -28.075031799999977 ], [ -48.625821599999945, -28.075081899999933 ], [ -48.625872899999933, -28.075132399999973 ], [ -48.625906799999946, -28.075166199999938 ], [ -48.625974299999946, -28.075234399999946 ], [ -48.625994899999974, -28.075255499999965 ], [ -48.626035599999966, -28.075298 ], [ -48.626076, -28.075340799999935 ], [ -48.626102599999975, -28.075369499999965 ], [ -48.626120199999953, -28.075388699999959 ], [ -48.626155099999956, -28.075427299999934 ], [ -48.626194, -28.075471099999959 ], [ -48.626219599999956, -28.075500399999942 ], [ -48.62623659999997, -28.075520099999949 ], [ -48.626270299999931, -28.075559499999954 ], [ -48.626295399999954, -28.075589299999933 ], [ -48.626311899999962, -28.07560919999997 ], [ -48.626344899999935, -28.075649099999971 ], [ -48.626361199999963, -28.075669199999929 ], [ -48.626393599999965, -28.075709499999963 ], [ -48.626425699999977, -28.07575 ], [ -48.626447, -28.075777099999975 ], [ -48.626489, -28.075831699999977 ], [ -48.626529899999987, -28.075885599999925 ], [ -48.626557099999964, -28.075921599999948 ], [ -48.626611, -28.075993799999935 ], [ -48.626691199999989, -28.07610249999993 ], [ -48.626850599999962, -28.076320299999963 ], [ -48.626930399999935, -28.076429099999928 ], [ -48.62697049999997, -28.076483399999976 ], [ -48.627031, -28.076564599999973 ], [ -48.627059899999942, -28.076602699999984 ], [ -48.627079299999941, -28.076628 ], [ -48.627118499999938, -28.076678299999962 ], [ -48.627158199999933, -28.076728399999972 ], [ -48.627238, -28.07682839999995 ], [ -48.627297799999951, -28.076903399999942 ], [ -48.627337299999965, -28.076953599999953 ], [ -48.627357, -28.076978799999953 ], [ -48.627386099999967, -28.077016699999945 ], [ -48.627414899999962, -28.077054799999932 ], [ -48.627429199999938, -28.077074 ], [ -48.62743949999998, -28.077088399999976 ], [ -48.6274461, -28.077098099999933 ], [ -48.62745879999995, -28.077117899999962 ], [ -48.627464899999957, -28.07712789999993 ], [ -48.62747649999995, -28.077148099999924 ], [ -48.627487399999943, -28.077168599999929 ], [ -48.62749429999996, -28.077182399999977 ], [ -48.627498799999962, -28.077191699999961 ], [ -48.627507399999956, -28.077210499999982 ], [ -48.627516699999944, -28.077231699999967 ], [ -48.627522599999963, -28.077246099999964 ], [ -48.627533899999946, -28.077274899999967 ], [ -48.627539399999932, -28.077289399999987 ], [ -48.627549899999963, -28.077318599999959 ], [ -48.62756, -28.077348099999941 ], [ -48.62757949999996, -28.077407199999978 ], [ -48.627594099999953, -28.077451499999938 ], [ -48.627601599999934, -28.077473599999959 ], [ -48.627613099999962, -28.077506699999965 ], [ -48.627623799999981, -28.077535799999968 ], [ -48.627629399999933, -28.077550299999917 ], [ -48.627638, -28.077571899999956 ], [ -48.627647099999933, -28.077593299999936 ], [ -48.627651799999967, -28.077603899999929 ], [ -48.627661599999954, -28.077625 ], [ -48.627666699999963, -28.077635399999959 ], [ -48.627674599999985, -28.077651 ], [ -48.627685699999972, -28.077671499999951 ], [ -48.627691499999962, -28.077681599999941 ], [ -48.627700599999969, -28.077696599999957 ], [ -48.627710099999952, -28.07771149999996 ], [ -48.627715, -28.07771879999995 ], [ -48.627737799999977, -28.077752 ], [ -48.627753399999968, -28.077774 ], [ -48.627785, -28.077817599999943 ], [ -48.627801099999935, -28.077839199999968 ], [ -48.627833699999947, -28.077882399999957 ], [ -48.627932399999963, -28.078011299999957 ], [ -48.627965099999983, -28.078054399999928 ], [ -48.627981199999965, -28.078076099999972 ], [ -48.628005199999954, -28.078108699999962 ], [ -48.628028699999959, -28.078141599999974 ], [ -48.628040299999959, -28.078158099999929 ], [ -48.628084799999961, -28.078221699999968 ], [ -48.628173899999979, -28.07834849999994 ], [ -48.628218099999962, -28.078412099999984 ], [ -48.62824, -28.078444 ], [ -48.628269, -28.078486699999921 ], [ -48.628283299999964, -28.078508099999972 ], [ -48.628304599999979, -28.078540299999926 ], [ -48.628336099999956, -28.078589 ], [ -48.628363599999943, -28.078632499999959 ], [ -48.628377099999973, -28.078654399999948 ], [ -48.628397099999972, -28.078687499999951 ], [ -48.628416599999987, -28.078720799999925 ], [ -48.628426299999951, -28.078737499999932 ], [ -48.628445299999953, -28.078771199999938 ], [ -48.628454599999948, -28.078788099999937 ], [ -48.628468299999952, -28.078813599999936 ], [ -48.628485499999961, -28.078846599999959 ], [ -48.628496699999971, -28.078868699999926 ], [ -48.628504, -28.078883399999938 ], [ -48.628518299999939, -28.078913 ], [ -48.628528799999977, -28.078935299999948 ], [ -48.628549199999945, -28.07898 ], [ -48.628568699999953, -28.079024899999968 ], [ -48.628581299999951, -28.079054899999953 ], [ -48.628589599999934, -28.079075 ], [ -48.628605599999965, -28.07911519999994 ], [ -48.628614399999954, -28.079138 ], [ -48.628631599999956, -28.079183499999942 ], [ -48.628648199999986, -28.079229199999929 ], [ -48.628658899999948, -28.07925969999997 ], [ -48.628679899999959, -28.079321 ], [ -48.628695099999966, -28.079367099999946 ], [ -48.628705099999941, -28.079397899999943 ], [ -48.628724599999941, -28.079459599999954 ], [ -48.6287531, -28.079552399999951 ], [ -48.628808899999967, -28.079738599999924 ], [ -48.628835599999945, -28.079828 ], [ -48.628848599999969, -28.079872699999942 ], [ -48.628867699999944, -28.079939799999988 ], [ -48.628879899999966, -28.079984699999947 ], [ -48.628885899999936, -28.080007099999921 ], [ -48.628894599999967, -28.080040799999942 ], [ -48.628905699999962, -28.080085899999968 ], [ -48.628911099999982, -28.080108499999934 ], [ -48.628918799999951, -28.080142499999962 ], [ -48.628926099999944, -28.080176599999959 ], [ -48.628929599999935, -28.080193699999942 ], [ -48.628933, -28.08021129999997 ], [ -48.628935099999978, -28.080223099999948 ], [ -48.628939, -28.080246599999946 ], [ -48.628944099999956, -28.080282099999973 ], [ -48.628947099999948, -28.080305699999933 ], [ -48.628948799999932, -28.080321499999968 ], [ -48.628952, -28.08035319999993 ], [ -48.628956899999935, -28.080409199999959 ], [ -48.628959899999984, -28.080446599999959 ], [ -48.628961699999934, -28.080471499999931 ], [ -48.628965, -28.080521299999933 ], [ -48.628967199999977, -28.080558699999969 ], [ -48.628968499999985, -28.080583599999944 ], [ -48.628970799999934, -28.08063339999995 ], [ -48.628971699999965, -28.080658299999982 ], [ -48.628973299999984, -28.080708 ], [ -48.628974399999947, -28.080757799999944 ], [ -48.628974899999953, -28.080791 ], [ -48.628975399999945, -28.080857399999946 ], [ -48.628975, -28.080887499999953 ], [ -48.62897449999997, -28.080907599999936 ], [ -48.628973899999949, -28.080921 ], [ -48.62897259999994, -28.080947699999967 ], [ -48.62897129999994, -28.080967799999939 ], [ -48.628968099999952, -28.081007899999971 ], [ -48.628964399999973, -28.081048099999965 ], [ -48.628961699999934, -28.081074799999957 ], [ -48.628955899999944, -28.081128299999932 ], [ -48.6289508, -28.08117029999994 ], [ -48.628948, -28.08119129999994 ], [ -48.628943399999969, -28.081222699999948 ], [ -48.628938399999981, -28.081254 ], [ -48.628935799999965, -28.081269599999935 ], [ -48.628930099999941, -28.081300799999962 ], [ -48.628927099999942, -28.081316399999928 ], [ -48.628922399999972, -28.08133979999997 ], [ -48.628915699999936, -28.081370799999956 ], [ -48.628912199999945, -28.081386399999921 ], [ -48.628906699999959, -28.081409599999969 ], [ -48.628898, -28.081444399999953 ], [ -48.628889699999945, -28.081475299999962 ], [ -48.628885399999945, -28.081490799999976 ], [ -48.628878799999939, -28.081514 ], [ -48.628868299999965, -28.081548699999924 ], [ -48.62885719999997, -28.081583299999973 ], [ -48.628851399999974, -28.081600699999967 ], [ -48.628849599999974, -28.081605599999929 ], [ -48.628845899999931, -28.081615399999972 ], [ -48.628841799999975, -28.081625 ], [ -48.628838899999948, -28.081631299999962 ], [ -48.62883259999996, -28.081643599999943 ], [ -48.62882749999995, -28.081652799999965 ], [ -48.628823899999986, -28.081658799999953 ], [ -48.628816399999955, -28.081670599999931 ], [ -48.628812399999958, -28.081676499999958 ], [ -48.628804199999934, -28.081688099999941 ], [ -48.628795599999933, -28.081699599999968 ], [ -48.628789599999948, -28.081707099999957 ], [ -48.628777099999979, -28.081722199999948 ], [ -48.628766499999983, -28.081734299999933 ], [ -48.628761099999963, -28.081740099999923 ], [ -48.628752899999945, -28.081748599999962 ], [ -48.628740099999959, -28.081760899999949 ], [ -48.628731199999947, -28.081768699999934 ], [ -48.628726699999959, -28.081772499999946 ], [ -48.628719699999984, -28.081778099999955 ], [ -48.628710199999944, -28.081785299999986 ], [ -48.628705199999956, -28.081788799999973 ], [ -48.628697699999975, -28.081793899999973 ], [ -48.62868589999993, -28.081801299999935 ], [ -48.628671399999973, -28.081809699999951 ], [ -48.628664199999946, -28.081813699999941 ], [ -48.628653199999981, -28.081819399999965 ], [ -48.628636599999943, -28.081827499999974 ], [ -48.628619699999945, -28.081835 ], [ -48.628611199999966, -28.081838499999932 ], [ -48.628593799999976, -28.081845 ], [ -48.628584899999971, -28.081848099999942 ], [ -48.628571399999934, -28.081852299999976 ], [ -48.628520299999934, -28.081867399999965 ], [ -48.628494699999976, -28.081874599999935 ], [ -48.628456299999982, -28.081885099999969 ], [ -48.628417799999966, -28.081895 ], [ -48.628398599999969, -28.081899799999974 ], [ -48.62836, -28.081909 ], [ -48.628340599999945, -28.081913399999969 ], [ -48.628311499999946, -28.081919799999969 ], [ -48.628272499999987, -28.081927899999986 ], [ -48.62825289999995, -28.081931799999946 ], [ -48.62822339999996, -28.081937299999932 ], [ -48.628178799999944, -28.081945199999943 ], [ -48.62816209999994, -28.081948 ], [ -48.628128899999979, -28.08195319999993 ], [ -48.62809569999996, -28.081958 ], [ -48.628073499999978, -28.081961099999948 ], [ -48.628029199999958, -28.081966699999949 ], [ -48.627995899999974, -28.081970599999977 ], [ -48.6279737, -28.081973 ], [ -48.627929399999971, -28.08197739999996 ], [ -48.627907199999974, -28.081979499999935 ], [ -48.627862799999939, -28.081983199999961 ], [ -48.627818499999933, -28.081986499999957 ], [ -48.627788899999985, -28.081988499999966 ], [ -48.627729699999982, -28.081992 ], [ -48.627705499999934, -28.081992899999936 ], [ -48.627693299999976, -28.081993099999981 ], [ -48.627675099999969, -28.081993 ], [ -48.627656899999977, -28.081992499999963 ], [ -48.627647699999947, -28.081992 ], [ -48.627629499999955, -28.081990699999945 ], [ -48.627620399999955, -28.08198989999994 ], [ -48.627606699999937, -28.081988499999962 ], [ -48.627588499999945, -28.081986099999948 ], [ -48.627579399999945, -28.08198469999996 ], [ -48.627565799999957, -28.081982399999948 ], [ -48.627545399999974, -28.081978299999943 ], [ -48.62753569999996, -28.081976 ], [ -48.627530799999938, -28.081974599999956 ], [ -48.627523699999983, -28.081972499999946 ], [ -48.627513199999953, -28.081968699999937 ], [ -48.627503099999956, -28.081964299999981 ], [ -48.627498199999934, -28.081961899999946 ], [ -48.627491799999973, -28.08195829999995 ], [ -48.627488799999981, -28.081956399999978 ], [ -48.627484299999935, -28.081953399999968 ], [ -48.627477899999981, -28.081948599999965 ], [ -48.627464399999951, -28.08193759999995 ], [ -48.627438, -28.08191539999995 ], [ -48.62741189999997, -28.081893 ], [ -48.627360199999941, -28.081848099999952 ], [ -48.627321299999949, -28.081814499999957 ], [ -48.627301699999983, -28.081797799999947 ], [ -48.627269599999977, -28.081771199999935 ], [ -48.627253199999977, -28.081758099999945 ], [ -48.627250799999956, -28.081756599999942 ], [ -48.627249, -28.081755699999977 ], [ -48.627245199999955, -28.081754599999957 ], [ -48.62724309999993, -28.081754199999974 ], [ -48.627238899999952, -28.081753899999967 ], [ -48.627234699999967, -28.081754099999955 ], [ -48.62723189999997, -28.081754399999962 ], [ -48.627226599999979, -28.081755599999948 ], [ -48.627218299999981, -28.081758399999956 ], [ -48.627214199999969, -28.08176 ], [ -48.627208099999962, -28.081762799999975 ], [ -48.627202399999938, -28.081766 ], [ -48.627199699999949, -28.081767799999966 ], [ -48.627194699999961, -28.081771899999975 ], [ -48.627192299999933, -28.0817742 ], [ -48.627189199999975, -28.081777899999974 ], [ -48.627185199999985, -28.081783299999984 ], [ -48.627182699999935, -28.081787 ], [ -48.627178099999973, -28.081794299999967 ], [ -48.627171899999951, -28.081805399999944 ], [ -48.627168099999956, -28.081812899999928 ], [ -48.627160899999986, -28.081828099999939 ], [ -48.627155699999953, -28.081840299999957 ], [ -48.62714619999997, -28.081865 ], [ -48.627140899999972, -28.081877099999915 ], [ -48.62713789999998, -28.08188309999997 ], [ -48.627134799999965, -28.081888699999979 ], [ -48.627128, -28.081899499999956 ], [ -48.627120599999955, -28.08191 ], [ -48.627105099999937, -28.081930599999957 ], [ -48.627102399999963, -28.081933899999964 ], [ -48.627096799999954, -28.08194 ], [ -48.62707829999993, -28.081957199999977 ], [ -48.627072299999945, -28.081963499999976 ], [ -48.627069499999955, -28.081966899999944 ], [ -48.627065499999958, -28.081972399999973 ], [ -48.627063099999937, -28.081976399999974 ], [ -48.627061699999956, -28.081979 ], [ -48.627059499999966, -28.081984399999953 ], [ -48.627058599999941, -28.081987099999932 ], [ -48.627057199999975, -28.08199239999994 ], [ -48.627056399999965, -28.081997899999983 ], [ -48.627056099999947, -28.082001499999937 ], [ -48.627056, -28.082008599999941 ], [ -48.627056499999988, -28.082016499999945 ], [ -48.627057099999945, -28.08202039999998 ], [ -48.627058499999983, -28.082026299999935 ], [ -48.62706, -28.082030199999963 ], [ -48.627060899999947, -28.082032099999935 ], [ -48.627062499999958, -28.082034899999943 ], [ -48.627066599999978, -28.082041399999984 ], [ -48.627075, -28.082053599999941 ], [ -48.627083399999947, -28.082065299999957 ], [ -48.627100599999942, -28.082088299999956 ], [ -48.62719739999995, -28.082217699999937 ], [ -48.627208899999971, -28.082233499999976 ], [ -48.627214399999957, -28.082241499999949 ], [ -48.627222499999959, -28.082253699999967 ], [ -48.627230399999974, -28.082266399999988 ], [ -48.627234299999941, -28.082273099999949 ], [ -48.62723619999997, -28.082276699999969 ], [ -48.627237299999933, -28.082279099999937 ], [ -48.62723909999994, -28.082284 ], [ -48.627241, -28.082291399999978 ], [ -48.627241899999945, -28.082296299999935 ], [ -48.627242199999955, -28.082299599999935 ], [ -48.627242599999931, -28.082306099999975 ], [ -48.627242399999943, -28.082314199999917 ], [ -48.627242, -28.082318199999968 ], [ -48.627241, -28.082324299999986 ], [ -48.62723949999998, -28.08233029999997 ], [ -48.627238499999983, -28.082333299999952 ], [ -48.627236099999948, -28.082339299999937 ], [ -48.627234699999981, -28.082342299999929 ], [ -48.627232299999946, -28.08234669999997 ], [ -48.6272302, -28.082350099999928 ], [ -48.627225799999955, -28.08235639999997 ], [ -48.627221199999951, -28.082362099999962 ], [ -48.627211099999954, -28.08237319999995 ], [ -48.627204199999937, -28.082379799999948 ], [ -48.627189599999951, -28.082392099999929 ], [ -48.627182399999981, -28.08239849999995 ], [ -48.627178899999933, -28.082401899999976 ], [ -48.627175, -28.082406099999957 ], [ -48.627173199999966, -28.08240839999997 ], [ -48.627170699999965, -28.082412099999924 ], [ -48.627168799999943, -28.082415799999971 ], [ -48.627168, -28.082417599999918 ], [ -48.627167199999981, -28.082421299999961 ], [ -48.627167199999981, -28.082423099999961 ], [ -48.627167599999957, -28.082425699999934 ], [ -48.627168599999955, -28.082428 ], [ -48.62716949999998, -28.082429499999918 ], [ -48.627171899999944, -28.082432399999952 ], [ -48.627173399999954, -28.082433799999926 ], [ -48.627176699999957, -28.082436399999946 ], [ -48.627180299999971, -28.082438699999951 ], [ -48.627182899999973, -28.082440099999925 ], [ -48.627188299999943, -28.082442599999972 ], [ -48.62719119999997, -28.082443799999954 ], [ -48.627197099999933, -28.082445599999986 ], [ -48.627201599999978, -28.082446699999934 ], [ -48.627208399999965, -28.082447799999965 ], [ -48.627215199999966, -28.082448099999969 ], [ -48.627218599999935, -28.08244789999997 ], [ -48.627225099999976, -28.082447099999964 ], [ -48.627228399999986, -28.082446399999984 ], [ -48.627233, -28.082444899999921 ], [ -48.627254, -28.082436899999941 ], [ -48.627268, -28.082431299999932 ], [ -48.627295499999946, -28.082419799999968 ], [ -48.627304699999975, -28.082415799999978 ], [ -48.627323, -28.082407499999935 ], [ -48.627377699999954, -28.082381499999936 ], [ -48.627396, -28.082373199999946 ], [ -48.627405099999976, -28.082369299999982 ], [ -48.62741879999993, -28.082363799999932 ], [ -48.627421199999951, -28.082363199999971 ], [ -48.627423399999941, -28.082363099999952 ], [ -48.627426199999952, -28.082363599999951 ], [ -48.627427799999964, -28.08236409999995 ], [ -48.627431099999967, -28.082365799999923 ], [ -48.627434299999948, -28.082368099999947 ], [ -48.627436499999938, -28.082369899999946 ], [ -48.627440699999966, -28.082374 ], [ -48.627442899999956, -28.082376899999929 ], [ -48.627444, -28.082378699999943 ], [ -48.627444499999967, -28.08238 ], [ -48.627445299999977, -28.082382499999937 ], [ -48.627445499999965, -28.082384399999967 ], [ -48.627445599999923, -28.082388099999942 ], [ -48.627444199999957, -28.082399299999974 ], [ -48.627443, -28.082418899999933 ], [ -48.627442199999955, -28.082425399999984 ], [ -48.627441599999941, -28.082428699999973 ], [ -48.627440099999944, -28.082435199999964 ], [ -48.627439099999954, -28.082438399999948 ], [ -48.627437199999974, -28.08244329999998 ], [ -48.627433499999938, -28.082450399999981 ], [ -48.627430799999956, -28.082454799999944 ], [ -48.627425099999982, -28.082463499999964 ], [ -48.627420899999947, -28.08247 ], [ -48.627419, -28.082473399999969 ], [ -48.6274107, -28.08248959999996 ], [ -48.627406699999938, -28.082497699999976 ], [ -48.627401099999986, -28.08251 ], [ -48.627395799999931, -28.082522499999985 ], [ -48.62739329999993, -28.082528699999948 ], [ -48.627391599999953, -28.08253359999998 ], [ -48.627390799999951, -28.082537 ], [ -48.627389499999936, -28.082543799999939 ], [ -48.627389099999959, -28.082547199999972 ], [ -48.627388899999978, -28.082554199999944 ], [ -48.62738929999994, -28.082561099999957 ], [ -48.627389899999969, -28.082565699999982 ], [ -48.627390499999933, -28.08256879999994 ], [ -48.627392, -28.082574799999975 ], [ -48.627394199999976, -28.08258139999997 ], [ -48.627395399999955, -28.082584699999984 ], [ -48.627397499999979, -28.08258949999998 ], [ -48.627401, -28.082596499999955 ], [ -48.627405099999983, -28.08260329999996 ], [ -48.627407299999959, -28.082606699999939 ], [ -48.627412199999981, -28.082613199999969 ], [ -48.627414899999962, -28.082616399999939 ], [ -48.62741919999997, -28.082621 ], [ -48.627424299999973, -28.08262619999994 ], [ -48.627434599999965, -28.082635699999955 ], [ -48.627445299999977, -28.082644699999936 ], [ -48.627452699999935, -28.08265039999997 ], [ -48.627468, -28.08266169999996 ], [ -48.627474099999972, -28.082666299999964 ], [ -48.62748629999993, -28.082675799999951 ], [ -48.627492599999982, -28.08268 ], [ -48.627495799999963, -28.082681899999944 ], [ -48.627500299999951, -28.082684 ], [ -48.627502599999957, -28.082684899999947 ], [ -48.627506199999978, -28.082685899999937 ], [ -48.62750989999995, -28.082686699999957 ], [ -48.627511799999979, -28.082686899999945 ], [ -48.627516599999979, -28.082687199999945 ], [ -48.627526399999965, -28.082687499999963 ], [ -48.627555799999982, -28.082687199999953 ], [ -48.627567499999948, -28.082686899999942 ], [ -48.627591, -28.082686099999925 ], [ -48.627602699999962, -28.082686 ], [ -48.627608499999958, -28.082686199999944 ], [ -48.627612099999958, -28.082686699999947 ], [ -48.62761439999997, -28.082687499999953 ], [ -48.627615899999967, -28.082688199999957 ], [ -48.627618699999971, -28.082689899999927 ], [ -48.627620699999966, -28.082691399999927 ], [ -48.627624299999979, -28.082694899999975 ], [ -48.627627299999972, -28.082699 ], [ -48.627629, -28.082701799999942 ], [ -48.627629899999938, -28.082703699999971 ], [ -48.627631399999977, -28.082707499999973 ], [ -48.627632499999947, -28.082712099999981 ], [ -48.627632899999988, -28.082715199999932 ], [ -48.627632899999988, -28.082717299999942 ], [ -48.627632699999936, -28.082721499999931 ], [ -48.627632299999966, -28.082724699999964 ], [ -48.62763079999997, -28.082731099999929 ], [ -48.62762859999998, -28.082737399999935 ], [ -48.627626799999973, -28.082741399999978 ], [ -48.627622599999938, -28.082749199999967 ], [ -48.627615899999974, -28.082759499999963 ], [ -48.627601699999957, -28.082779699999953 ], [ -48.62759489999997, -28.082790099999947 ], [ -48.627591699999982, -28.082795399999952 ], [ -48.6275859, -28.082806099999967 ], [ -48.627582399999937, -28.082813399999967 ], [ -48.627580199999954, -28.082818299999932 ], [ -48.627576099999942, -28.082828199999948 ], [ -48.627574899999956, -28.082832099999948 ], [ -48.627574399999958, -28.082834199999969 ], [ -48.627573799999936, -28.082837199999979 ], [ -48.627573399999967, -28.082841899999949 ], [ -48.627573499999983, -28.082846699999948 ], [ -48.627573799999944, -28.082849099999972 ], [ -48.627574799999934, -28.082853799999942 ], [ -48.627575499999985, -28.082856099999958 ], [ -48.627576899999951, -28.082859499999977 ], [ -48.627578399999948, -28.082862399999943 ], [ -48.627579499999968, -28.082864199999968 ], [ -48.627581899999932, -28.082867699999948 ], [ -48.627586199999939, -28.082872599999977 ], [ -48.627589499999949, -28.08287549999995 ], [ -48.627591799999948, -28.082877399999958 ], [ -48.627596799999935, -28.082880799999941 ], [ -48.627601799999979, -28.082883699999972 ], [ -48.627605299999978, -28.082885499999964 ], [ -48.627612299999953, -28.082888699999959 ], [ -48.62761949999998, -28.082891499999953 ], [ -48.627634099999973, -28.082896499999944 ], [ -48.627645, -28.082900099999961 ], [ -48.627655699999934, -28.082904199999977 ], [ -48.627661, -28.082906499999979 ], [ -48.62766849999997, -28.082910499999961 ], [ -48.627685, -28.082920299999945 ], [ -48.627692899999936, -28.082925499999938 ], [ -48.627700499999953, -28.082931099999943 ], [ -48.62770409999996, -28.082934 ], [ -48.627708599999941, -28.082938199999944 ], [ -48.627710699999966, -28.082940399999984 ], [ -48.627713699999951, -28.082943899999968 ], [ -48.627717799999964, -28.082949499999977 ], [ -48.62772, -28.082953199999967 ], [ -48.627723799999956, -28.082960499999942 ], [ -48.627726899999978, -28.082968 ], [ -48.627732199999969, -28.082983299999963 ], [ -48.627736099999943, -28.08299379999993 ], [ -48.627744299999961, -28.083014899999966 ], [ -48.627747899999974, -28.083025499999962 ], [ -48.627749399999971, -28.083030799999953 ], [ -48.627751, -28.083037899999972 ], [ -48.627751599999947, -28.083041499999986 ], [ -48.627752099999952, -28.083046899999943 ], [ -48.627752299999941, -28.083052299999967 ], [ -48.627752199999982, -28.083055 ], [ -48.627751699999976, -28.083063799999938 ], [ -48.62775019999998, -28.083081399999966 ], [ -48.62774909999996, -28.083094699999954 ], [ -48.627746799999954, -28.083126 ], [ -48.627745899999979, -28.083141699999935 ], [ -48.627745899999979, -28.083144499999943 ], [ -48.627746299999949, -28.083149899999974 ], [ -48.627747499999948, -28.083155199999975 ], [ -48.627748699999984, -28.083158699999949 ], [ -48.627749599999959, -28.083161 ], [ -48.627751699999976, -28.083165499999957 ], [ -48.627754599999946, -28.083170499999927 ], [ -48.627756699999964, -28.083173799999937 ], [ -48.62776149999997, -28.083180099999932 ], [ -48.627764199999952, -28.083183299999966 ], [ -48.627769799999953, -28.083189399999974 ], [ -48.627775699999972, -28.083195399999973 ], [ -48.627788, -28.083206899999933 ], [ -48.627800199999967, -28.083217699999981 ], [ -48.627808399999935, -28.083224599999948 ], [ -48.627824899999958, -28.08323769999998 ], [ -48.627833299999963, -28.083243899999953 ], [ -48.627850299999984, -28.083255899999976 ], [ -48.62786779999994, -28.083267499999987 ], [ -48.627879699999944, -28.083275 ], [ -48.627904299999955, -28.083290099999942 ], [ -48.627923499999959, -28.083301299999953 ], [ -48.62793309999995, -28.083306599999958 ], [ -48.627947699999936, -28.083314299999977 ], [ -48.627962499999974, -28.083321399999928 ], [ -48.62797, -28.083324699999924 ], [ -48.627994199999932, -28.083334 ], [ -48.628005099999939, -28.083337499999971 ], [ -48.6280096, -28.083338499999961 ], [ -48.628012599999977, -28.083339 ], [ -48.62801879999995, -28.083339299999988 ], [ -48.628021899999965, -28.083339299999963 ], [ -48.62802819999996, -28.083338799999979 ], [ -48.628047299999935, -28.083336099999933 ], [ -48.628056699999945, -28.083335199999972 ], [ -48.628061499999944, -28.083335099999942 ], [ -48.628066099999955, -28.083335299999931 ], [ -48.628068499999983, -28.083335499999965 ], [ -48.628084199999932, -28.083337599999933 ], [ -48.628091899999959, -28.083339 ], [ -48.62809939999994, -28.083341 ], [ -48.628103199999948, -28.083342299999963 ], [ -48.628108199999986, -28.083344599999975 ], [ -48.628110599999957, -28.08334589999998 ], [ -48.628114299999943, -28.083348199999921 ], [ -48.628119899999945, -28.083352299999945 ], [ -48.628126699999939, -28.083358399999959 ], [ -48.628129699999931, -28.083361399999934 ], [ -48.628131899999978, -28.083364399999933 ], [ -48.628132699999981, -28.083366 ], [ -48.628133399999967, -28.083368499999953 ], [ -48.628133399999975, -28.083370399999971 ], [ -48.628132499999943, -28.083372599999958 ], [ -48.628128399999987, -28.083378899999957 ], [ -48.628118699999952, -28.08339159999997 ], [ -48.628111699999984, -28.08340109999995 ], [ -48.628102799999965, -28.083414499999954 ], [ -48.628085399999982, -28.083441899999961 ], [ -48.628082299999967, -28.083447299999925 ], [ -48.628081, -28.083450199999959 ], [ -48.628079599999985, -28.083454599999985 ], [ -48.628079099999987, -28.083457499999959 ], [ -48.628079, -28.083458899999979 ], [ -48.628079099999987, -28.083461 ], [ -48.628079699999951, -28.083463499999944 ], [ -48.628080399999938, -28.083465199999981 ], [ -48.62808229999996, -28.083468399999962 ], [ -48.628084, -28.083470499999976 ], [ -48.62808529999996, -28.083471799999984 ], [ -48.628088, -28.083474199999952 ], [ -48.628091499999975, -28.083476399999924 ], [ -48.628095199999962, -28.083478099999972 ], [ -48.628097099999934, -28.083478599999975 ], [ -48.6280996, -28.083479099999977 ], [ -48.628101299999969, -28.083479199999932 ], [ -48.628104699999938, -28.083479199999942 ], [ -48.628109899999963, -28.08347839999993 ], [ -48.628119899999938, -28.083475799999967 ], [ -48.628126799999961, -28.083473599999934 ], [ -48.628140499999965, -28.083468699999976 ], [ -48.628147299999966, -28.083466499999936 ], [ -48.628150799999958, -28.083465499999935 ], [ -48.628160399999956, -28.083463399999964 ], [ -48.628165399999943, -28.083462699999934 ], [ -48.628170299999958, -28.08346239999997 ], [ -48.628172799999959, -28.083462499999925 ], [ -48.628177499999936, -28.083463099999953 ], [ -48.628179799999941, -28.083463699999974 ], [ -48.628183099999944, -28.083465099999948 ], [ -48.628186899999946, -28.083467199999969 ], [ -48.628194299999961, -28.083471599999939 ], [ -48.628201299999937, -28.083476399999935 ], [ -48.628215099999977, -28.083486499999932 ], [ -48.628221799999949, -28.083491699999975 ], [ -48.6282351, -28.083502399999929 ], [ -48.628241899999985, -28.08350769999992 ], [ -48.628245499999935, -28.083510199999971 ], [ -48.628247499999986, -28.083511499999933 ], [ -48.628251699999964, -28.083513599999939 ], [ -48.628256099999938, -28.083515199999965 ], [ -48.62826519999993, -28.083517799999981 ], [ -48.62827139999996, -28.083519099999936 ], [ -48.628274599999941, -28.08351939999994 ], [ -48.628277899999944, -28.083519399999947 ], [ -48.62827939999994, -28.083519199999952 ], [ -48.628282499999955, -28.083518499999975 ], [ -48.628284, -28.083517799999985 ], [ -48.628286099999968, -28.083516499999973 ], [ -48.628287799999953, -28.083515099999939 ], [ -48.628290699999987, -28.083512 ], [ -48.62829289999997, -28.083508699999982 ], [ -48.628296799999937, -28.083501799999954 ], [ -48.628299699999964, -28.083496399999927 ], [ -48.628304799999974, -28.083485199999938 ], [ -48.628307699999937, -28.083479699999934 ], [ -48.628309299999955, -28.083477 ], [ -48.628310099999965, -28.083475799999974 ], [ -48.628312, -28.08347359999993 ], [ -48.628314199999977, -28.083471599999953 ], [ -48.628315799999946, -28.083470399999953 ], [ -48.628319199999964, -28.083468299999936 ], [ -48.628321399999948, -28.083467299999935 ], [ -48.628326099999988, -28.083465899999965 ], [ -48.628331199999934, -28.083465099999959 ], [ -48.628335799999945, -28.083465 ], [ -48.628338099999951, -28.083465099999948 ], [ -48.628341399999954, -28.083465599999954 ], [ -48.628346199999953, -28.083466899999969 ], [ -48.628348399999936, -28.083467799999934 ], [ -48.628351499999951, -28.083469599999944 ], [ -48.628362099999947, -28.083477099999989 ], [ -48.628368899999941, -28.083482399999987 ], [ -48.628373299999971, -28.083486099999959 ], [ -48.628381899999965, -28.08349369999997 ], [ -48.628386599999942, -28.083498099999932 ], [ -48.628395299999973, -28.083507299999948 ], [ -48.6284, -28.083511799999929 ], [ -48.628402599999966, -28.083514 ], [ -48.628405499999985, -28.083516199999973 ], [ -48.62840749999998, -28.083517499999967 ], [ -48.628411599999943, -28.08352 ], [ -48.628418199999949, -28.083523199999949 ], [ -48.628422599999972, -28.083524899999912 ], [ -48.628425599999957, -28.08352589999998 ], [ -48.628431599999942, -28.083527599999972 ], [ -48.628434799999987, -28.08352809999997 ], [ -48.628436399999934, -28.083528199999932 ], [ -48.628438899999935, -28.083528 ], [ -48.628442599999971, -28.083527199999939 ], [ -48.628446199999985, -28.083525699999935 ], [ -48.628448, -28.083524699999941 ], [ -48.628453, -28.083521 ], [ -48.628455099999947, -28.083519 ], [ -48.628456399999955, -28.083517599999929 ], [ -48.62845869999996, -28.083514799999918 ], [ -48.628460599999983, -28.083511799999936 ], [ -48.628461699999946, -28.083509699999968 ], [ -48.62846339999993, -28.083505299999938 ], [ -48.62846449999995, -28.083501199999944 ], [ -48.628466199999941, -28.083493099999934 ], [ -48.628467299999961, -28.083485 ], [ -48.628467699999931, -28.083479499999953 ], [ -48.62846779999996, -28.083475899999939 ], [ -48.628467599999965, -28.083468699999973 ], [ -48.628466799999963, -28.083455299999958 ], [ -48.628466, -28.083448699999963 ], [ -48.628464699999938, -28.083442 ], [ -48.62846379999997, -28.083438699999927 ], [ -48.628461, -28.083430699999948 ], [ -48.628458799999983, -28.083425499999983 ], [ -48.628454199999965, -28.083415299999956 ], [ -48.628450899999962, -28.083407599999919 ], [ -48.628449399999973, -28.083403599999937 ], [ -48.628444099999967, -28.083387399999932 ], [ -48.628441799999955, -28.083379199999964 ], [ -48.628438599999981, -28.08336689999992 ], [ -48.628436, -28.08335459999995 ], [ -48.628434899999952, -28.083348399999974 ], [ -48.628434099999936, -28.083342499999954 ], [ -48.628433899999955, -28.083338499999964 ], [ -48.628434099999936, -28.083334099999934 ], [ -48.628434699999957, -28.083326399999983 ], [ -48.628436199999953, -28.083318399999936 ], [ -48.628438199999948, -28.08331029999994 ], [ -48.628439899999933, -28.083305 ], [ -48.628443799999957, -28.083294299999981 ], [ -48.628446499999939, -28.083288199999959 ], [ -48.628448, -28.083285199999974 ], [ -48.628450499999985, -28.083281 ], [ -48.628453399999955, -28.083277 ], [ -48.628455099999947, -28.083275099999984 ], [ -48.628459, -28.08327149999997 ], [ -48.628461299999977, -28.08326969999996 ], [ -48.628465, -28.083267199999959 ], [ -48.62846989999997, -28.083264599999957 ], [ -48.628473199999966, -28.083263199999973 ], [ -48.628475299999934, -28.083262399999967 ], [ -48.628479699999964, -28.083261 ], [ -48.628483, -28.083260299999949 ], [ -48.628489599999966, -28.083259299999959 ], [ -48.628496199999972, -28.083259 ], [ -48.628500499999973, -28.083259099999971 ], [ -48.628509099999981, -28.083259799999951 ], [ -48.628517, -28.083260899999971 ], [ -48.628520899999955, -28.083261599999954 ], [ -48.628526699999959, -28.083263299999938 ], [ -48.628530499999954, -28.083264799999949 ], [ -48.628532199999945, -28.083265799999939 ], [ -48.628534799999954, -28.083267399999958 ], [ -48.628539299999943, -28.083270599999935 ], [ -48.628547799999978, -28.083277 ], [ -48.628555799999958, -28.083283599999962 ], [ -48.628571299999976, -28.083296899999933 ], [ -48.628590799999984, -28.083313799999921 ], [ -48.628597199999945, -28.083319 ], [ -48.628600399999982, -28.083321499999954 ], [ -48.628605499999935, -28.083325 ], [ -48.628610899999956, -28.083328499999944 ], [ -48.628613799999982, -28.083330099999952 ], [ -48.628622, -28.083334099999941 ], [ -48.628625299999953, -28.083335499999976 ], [ -48.628628499999934, -28.083336699999954 ], [ -48.628634799999986, -28.083338899999937 ], [ -48.628639599999978, -28.083340199999949 ], [ -48.628649299999957, -28.083342399999935 ], [ -48.628659199999966, -28.083344 ], [ -48.628665699999942, -28.083344799999974 ], [ -48.628678899999954, -28.083346 ], [ -48.628696599999962, -28.083347 ], [ -48.628705399999944, -28.083347299999954 ], [ -48.628718799999952, -28.083347399999976 ], [ -48.628732199999938, -28.083347199999931 ], [ -48.628738899999973, -28.083347 ], [ -48.628752299999974, -28.083346099999968 ], [ -48.628759, -28.083345599999973 ], [ -48.628769099999943, -28.083344499999964 ], [ -48.628782499999943, -28.08334269999995 ], [ -48.628789199999979, -28.083341599999979 ], [ -48.628799199999946, -28.083339799999983 ], [ -48.62881409999995, -28.083336499999973 ], [ -48.628823099999977, -28.083334199999971 ], [ -48.628841899999941, -28.083329299999942 ], [ -48.62886009999994, -28.083324099999967 ], [ -48.628872099999967, -28.08332049999996 ], [ -48.628895799999952, -28.083312899999942 ], [ -48.628913399999938, -28.083306899999975 ], [ -48.628941099999963, -28.083304 ], [ -48.628959399999985, -28.08330479999994 ], [ -48.628976199999954, -28.083310499999982 ], [ -48.62898679999995, -28.083318099999929 ], [ -48.629003499999953, -28.083334199999967 ], [ -48.629024099999981, -28.083342399999932 ], [ -48.629035699999974, -28.083357 ], [ -48.629050599999971, -28.083366899999923 ], [ -48.629067899999939, -28.083370099999957 ], [ -48.629076899999973, -28.083372099999949 ], [ -48.629086799999982, -28.083374299999946 ], [ -48.629103199999975, -28.083370699999925 ], [ -48.62911859999997, -28.083360399999936 ], [ -48.629123099999958, -28.083354799999935 ], [ -48.629128599999945, -28.083348099999963 ], [ -48.629147299999943, -28.083334199999971 ], [ -48.629157899999939, -28.083319099999983 ], [ -48.62916869999998, -28.083303399999973 ], [ -48.629176699999952, -28.083282599999965 ], [ -48.629177399999939, -28.08325 ], [ -48.629187599999966, -28.083213299999958 ], [ -48.6292, -28.083211 ], [ -48.629229, -28.08322319999996 ], [ -48.629255499999935, -28.083234899999979 ], [ -48.629266399999956, -28.08323979999993 ], [ -48.629339799999975, -28.083254399999934 ], [ -48.629354099999951, -28.083245499999968 ], [ -48.629352599999947, -28.08322869999995 ], [ -48.629339699999946, -28.083212599999957 ], [ -48.629306499999977, -28.083176799999944 ], [ -48.629319499999959, -28.083132599999946 ], [ -48.6293376, -28.083079399999974 ], [ -48.629337699999951, -28.083075499999939 ], [ -48.629338899999944, -28.083023699999959 ], [ -48.62934, -28.082970099999958 ], [ -48.629355599999933, -28.082923299999955 ], [ -48.629373799999946, -28.082863599999929 ], [ -48.629375099999955, -28.082803599999984 ], [ -48.629401499999972, -28.082678 ], [ -48.629409699999933, -28.082664699999945 ], [ -48.629422399999953, -28.082644799999962 ], [ -48.62942709999993, -28.08263849999997 ], [ -48.629430499999955, -28.082634499999983 ], [ -48.629432899999983, -28.082632 ], [ -48.629438099999959, -28.082627199999941 ], [ -48.629442199999971, -28.082623699999946 ], [ -48.629445, -28.082621499999963 ], [ -48.629450899999938, -28.082617299999978 ], [ -48.629460299999948, -28.082611399999955 ], [ -48.629466799999932, -28.082607799999948 ], [ -48.629480199999932, -28.082600799999963 ], [ -48.629488299999942, -28.082597099999923 ], [ -48.629493699999955, -28.082594699999966 ], [ -48.629504499999939, -28.082590399999951 ], [ -48.629509899999967, -28.082588399999949 ], [ -48.629520799999966, -28.082584699999988 ], [ -48.629532, -28.082581499999943 ], [ -48.629539499999964, -28.082579499999959 ], [ -48.62955489999996, -28.082576099999979 ], [ -48.629577899999958, -28.082571899999937 ], [ -48.6295894, -28.08257 ], [ -48.629606599999931, -28.082567599999951 ], [ -48.629623899999949, -28.082565899999949 ], [ -48.629632499999957, -28.082565199999969 ], [ -48.629649699999959, -28.082564499999926 ], [ -48.629658299999953, -28.082564499999936 ], [ -48.629671099999946, -28.082564799999947 ], [ -48.629681899999987, -28.082565399999964 ], [ -48.629689, -28.082566 ], [ -48.62970329999996, -28.082567499999985 ], [ -48.629710399999965, -28.082568399999964 ], [ -48.62972469999994, -28.082570599999944 ], [ -48.629738899999957, -28.082573 ], [ -48.629748399999976, -28.082574899999937 ], [ -48.629767399999935, -28.08257889999993 ], [ -48.629810599999985, -28.082588799999943 ], [ -48.629832, -28.082594 ], [ -48.629863899999975, -28.082602 ], [ -48.629895499999975, -28.082610399999968 ], [ -48.629911199999981, -28.082614799999924 ], [ -48.62994249999997, -28.082624099999975 ], [ -48.629958099999946, -28.082629 ], [ -48.62998129999994, -28.082636599999944 ], [ -48.630012099999931, -28.082647399999932 ], [ -48.630027399999953, -28.082653099999963 ], [ -48.630050299999937, -28.082662099999936 ], [ -48.63007319999997, -28.082671599999973 ], [ -48.630084599999982, -28.082676499999938 ], [ -48.630101499999974, -28.082684099999945 ], [ -48.630112699999977, -28.08268929999997 ], [ -48.630134799999951, -28.08269979999994 ], [ -48.630145699999964, -28.082705199999964 ], [ -48.630167399999955, -28.082716199999933 ], [ -48.63018869999997, -28.082727599999945 ], [ -48.63020279999995, -28.082735299999957 ], [ -48.630230499999989, -28.082751099999939 ], [ -48.630261199999943, -28.08276949999998 ], [ -48.630281399999944, -28.082782099999982 ], [ -48.630294699999979, -28.082790599999942 ], [ -48.630379099999971, -28.082849 ], [ -48.630442199999948, -28.082897 ], [ -48.630512499999959, -28.082954699999966 ], [ -48.630522399999968, -28.082963699999937 ], [ -48.630531799999972, -28.082973 ], [ -48.630536299999967, -28.082977699999955 ], [ -48.630544899999968, -28.082987599999964 ], [ -48.630547399999955, -28.082990899999967 ], [ -48.630548799999978, -28.082992799999939 ], [ -48.630554399999937, -28.083000799999965 ], [ -48.630583599999973, -28.083046399999944 ], [ -48.630602799999963, -28.083077 ], [ -48.63064049999997, -28.083138399999939 ], [ -48.630677499999933, -28.083199899999943 ], [ -48.630701899999963, -28.083241099999956 ], [ -48.630750499999984, -28.083323499999942 ], [ -48.630757, -28.0833345 ], [ -48.630805099999975, -28.083416099999958 ], [ -48.63084189999995, -28.083477699999936 ], [ -48.6308605, -28.083508299999941 ], [ -48.630888699999957, -28.083554199999973 ], [ -48.63091739999993, -28.083599899999964 ], [ -48.63093189999995, -28.083622699999967 ], [ -48.631038, -28.083787199999954 ], [ -48.631091199999965, -28.083869399999969 ], [ -48.631171399999971, -28.083992599999934 ], [ -48.631251899999938, -28.084115499999932 ], [ -48.63129239999995, -28.08417679999997 ], [ -48.631320199999948, -28.084218199999949 ], [ -48.631339, -28.084245499999948 ], [ -48.631351699999982, -28.084263699999955 ], [ -48.631377399999955, -28.084299799999936 ], [ -48.63139689999997, -28.084326899999937 ], [ -48.631436199999939, -28.08438059999996 ], [ -48.631555499999934, -28.084541399999981 ], [ -48.631595, -28.084595199999963 ], [ -48.63161459999997, -28.084622299999978 ], [ -48.631643599999954, -28.08466309999994 ], [ -48.631672299999934, -28.084704199999969 ], [ -48.631686399999978, -28.084724899999966 ], [ -48.631702299999979, -28.084748799999939 ], [ -48.631710099999971, -28.08476079999997 ], [ -48.631721699999964, -28.084778899999961 ], [ -48.631738599999942, -28.084806199999957 ], [ -48.631754899999976, -28.084833799999959 ], [ -48.631762899999956, -28.084847599999922 ], [ -48.631778499999946, -28.084875499999956 ], [ -48.631786099999935, -28.084889499999967 ], [ -48.63179729999996, -28.084910599999947 ], [ -48.631811699999957, -28.084939 ], [ -48.631818699999947, -28.084953299999935 ], [ -48.631829, -28.084974799999944 ], [ -48.631843799999956, -28.08500729999998 ], [ -48.631856499999977, -28.085036399999979 ], [ -48.631862599999977, -28.085051 ], [ -48.631871599999954, -28.085073099999931 ], [ -48.631884499999956, -28.085106499999938 ], [ -48.631896699999963, -28.085140099999929 ], [ -48.631902599999933, -28.085157 ], [ -48.631907599999984, -28.085171899999978 ], [ -48.631917199999968, -28.085201799999943 ], [ -48.631926199999953, -28.085231599999926 ], [ -48.631931899999984, -28.085251599999928 ], [ -48.63193549999994, -28.08526489999997 ], [ -48.631942499999987, -28.085291499999975 ], [ -48.631949899999945, -28.085321499999953 ], [ -48.631954599999972, -28.085341599999929 ], [ -48.631963199999973, -28.085381799999929 ], [ -48.631967199999963, -28.085401899999962 ], [ -48.631974599999985, -28.085442299999958 ], [ -48.63198129999995, -28.085482799999959 ], [ -48.63198529999994, -28.085509799999947 ], [ -48.631987799999926, -28.085527899999928 ], [ -48.631992399999945, -28.085564199999961 ], [ -48.632006699999977, -28.085686 ], [ -48.632013299999983, -28.085746899999943 ], [ -48.632017099999985, -28.085787499999988 ], [ -48.632018899999935, -28.085807799999948 ], [ -48.632021199999947, -28.085838299999981 ], [ -48.632023699999927, -28.085878899999951 ], [ -48.632024599999973, -28.085899299999923 ], [ -48.632025699999986, -28.085929799999981 ], [ -48.6320262, -28.08596029999995 ], [ -48.632026299999957, -28.085975599999973 ], [ -48.6320262, -28.08600529999995 ], [ -48.632025599999956, -28.086064699999945 ], [ -48.632025099999964, -28.08611 ], [ -48.632024499999943, -28.086132599999932 ], [ -48.632024, -28.086140499999942 ], [ -48.632022499999948, -28.0861561 ], [ -48.63202119999994, -28.086166499999941 ], [ -48.632018299999977, -28.086187299999946 ], [ -48.632016, -28.086202899999929 ], [ -48.632013599999937, -28.08622 ], [ -48.63200809999995, -28.086254099999959 ], [ -48.632004499999937, -28.086279799999943 ], [ -48.632003899999972, -28.08628549999997 ], [ -48.632003099999963, -28.086296899999976 ], [ -48.63200279999996, -28.086304599999945 ], [ -48.632002499999935, -28.086319899999975 ], [ -48.632002199999924, -28.086331299999987 ], [ -48.632001399999979, -28.086348499999925 ], [ -48.632000599999969, -28.08635709999993 ], [ -48.631996, -28.086394099999943 ], [ -48.631993499999972, -28.086412499999934 ], [ -48.631980099999964, -28.08650509999995 ], [ -48.631952399999925, -28.086690199999961 ], [ -48.631938899999973, -28.08678279999997 ], [ -48.631932499999955, -28.086829099999935 ], [ -48.631930699999941, -28.086843699999978 ], [ -48.631927499999961, -28.086873 ], [ -48.631924899999945, -28.08689489999994 ], [ -48.631921299999931, -28.086920799999966 ], [ -48.631919199999977, -28.086933699999982 ], [ -48.63191589999996, -28.086953 ], [ -48.631908799999962, -28.08699 ], [ -48.631905, -28.087008399999949 ], [ -48.631891799999948, -28.087070599999954 ], [ -48.631838699999946, -28.087325799999977 ], [ -48.631736599999954, -28.087851599999958 ], [ -48.63170539999993, -28.087970299999942 ], [ -48.631681799999967, -28.088064399999951 ], [ -48.631675399999949, -28.08813769999994 ], [ -48.631671899999965, -28.088225599999927 ], [ -48.631692499999978, -28.088680699999937 ], [ -48.631697199999969, -28.088765599999931 ], [ -48.631701899999946, -28.08885179999994 ], [ -48.63170839999998, -28.08897189999993 ], [ -48.631713399999967, -28.089063899999925 ], [ -48.631717499999972, -28.089138 ], [ -48.631718899999953, -28.089164799999924 ], [ -48.631717899999948, -28.089201099999972 ], [ -48.631716499999975, -28.089249499999923 ], [ -48.631714599999952, -28.08928109999993 ], [ -48.63171159999996, -28.089330899999929 ], [ -48.631700599999931, -28.089387199999969 ], [ -48.631649199999977, -28.089491599999981 ], [ -48.631629299999979, -28.089532099999929 ], [ -48.631587199999956, -28.089579899999926 ], [ -48.631520599999931, -28.089629899999984 ], [ -48.631459499999949, -28.089650899999981 ], [ -48.631404499999981, -28.089659399999949 ], [ -48.631344099999978, -28.089656799999947 ], [ -48.631056099999967, -28.089629199999933 ], [ -48.630988, -28.089617099999938 ], [ -48.630920499999952, -28.089595499999973 ], [ -48.630853699999932, -28.089567099999964 ], [ -48.630794, -28.089542199999972 ], [ -48.630760599999974, -28.089532799999983 ], [ -48.630726899999956, -28.08952939999994 ], [ -48.630685599999929, -28.089531599999933 ], [ -48.630658499999974, -28.089541699999984 ], [ -48.630638199999964, -28.089557799999966 ], [ -48.630622399999936, -28.089564899999978 ], [ -48.630595299999989, -28.089566099999946 ], [ -48.630558099999973, -28.089565 ], [ -48.630544799999939, -28.089567199999969 ], [ -48.630545099999956, -28.08957079999993 ], [ -48.630551, -28.089589099999948 ], [ -48.630586499999936, -28.089692899999925 ], [ -48.630584899999974, -28.089734099999934 ], [ -48.63059, -28.089775899999939 ], [ -48.630611599999952, -28.08981319999997 ], [ -48.630634099999952, -28.089842899999944 ], [ -48.630635499999983, -28.089850199999944 ], [ -48.630604399999982, -28.089848899999929 ], [ -48.630545299999945, -28.089830799999966 ], [ -48.630507, -28.089809599999967 ], [ -48.630486899999937, -28.089796 ], [ -48.630444799999964, -28.08978019999995 ], [ -48.630375799999968, -28.089767699999975 ], [ -48.630324299999984, -28.089749899999944 ], [ -48.630292299999958, -28.089728599999948 ], [ -48.630258799999986, -28.089721599999958 ], [ -48.630229099999951, -28.089727099999944 ], [ -48.630193699999957, -28.089741 ], [ -48.630161699999974, -28.089755899999933 ], [ -48.630148099999985, -28.089776499999967 ], [ -48.630150299999976, -28.089794 ], [ -48.630153399999983, -28.089823799999976 ], [ -48.630151499999954, -28.089847499999959 ], [ -48.630140299999944, -28.089868199999955 ], [ -48.630141299999934, -28.089884099999946 ], [ -48.630158799999947, -28.089901399999981 ], [ -48.630212099999937, -28.089965 ], [ -48.630267, -28.089988899999966 ], [ -48.630320599999955, -28.089991199999922 ], [ -48.630352499999958, -28.089986899999932 ], [ -48.630378399999984, -28.089992799999948 ], [ -48.630384299999953, -28.090001 ], [ -48.630383699999975, -28.090023 ], [ -48.6303693, -28.090057199999929 ], [ -48.63033, -28.090116399999939 ], [ -48.630311399999989, -28.090125799999946 ], [ -48.630276199999969, -28.090125699999923 ], [ -48.630237699999952, -28.090130699999982 ], [ -48.630219, -28.090143699999938 ], [ -48.630189099999946, -28.090164699999942 ], [ -48.630157, -28.090173099999966 ], [ -48.630128299999967, -28.090177499999989 ], [ -48.630118099999947, -28.090186899999939 ], [ -48.630112899999972, -28.090209899999927 ], [ -48.630118299999928, -28.09031489999996 ], [ -48.630122299999982, -28.090352699999972 ], [ -48.630136, -28.090376799999941 ], [ -48.630181899999968, -28.090408399999937 ], [ -48.630216199999957, -28.090437 ], [ -48.630232899999953, -28.090472899999948 ], [ -48.63023469999996, -28.090508599999961 ], [ -48.630244199999943, -28.090553799999952 ], [ -48.630272199999979, -28.090592099999974 ], [ -48.63041579999998, -28.090699099999924 ], [ -48.630430099999955, -28.090702699999948 ], [ -48.63043509999995, -28.09069589999995 ], [ -48.63044089999994, -28.090676399999953 ], [ -48.630447799999963, -28.09065019999996 ], [ -48.630453, -28.090649699999965 ], [ -48.630466699999943, -28.090669399999967 ], [ -48.630481899999957, -28.090696099999949 ], [ -48.630507399999949, -28.090709499999949 ], [ -48.63065279999995, -28.090767299999985 ], [ -48.630669, -28.090766799999983 ], [ -48.630688899999939, -28.09075 ], [ -48.63070289999996, -28.090713399999974 ], [ -48.630707599999937, -28.0906376 ], [ -48.630716, -28.090622799999952 ], [ -48.630737699999948, -28.09059569999993 ], [ -48.6307475, -28.090561299999941 ], [ -48.630747, -28.090526899999933 ], [ -48.630734399999938, -28.090488599999947 ], [ -48.630713499999963, -28.090463899999978 ], [ -48.630680199999979, -28.090434799999972 ], [ -48.63066, -28.09040449999998 ], [ -48.630652599999969, -28.090372799999955 ], [ -48.630644799999963, -28.090343699999941 ], [ -48.630633099999962, -28.090328399999976 ], [ -48.630614199999975, -28.090323499999947 ], [ -48.630596399999952, -28.090318099999934 ], [ -48.63058709999995, -28.090309499999936 ], [ -48.630583499999943, -28.090299399999935 ], [ -48.630583499999943, -28.090286399999965 ], [ -48.630594199999962, -28.090271199999954 ], [ -48.630630399999973, -28.090274099999935 ], [ -48.630671199999945, -28.090281 ], [ -48.630686399999945, -28.090297299999961 ], [ -48.63070579999993, -28.090328899999975 ], [ -48.630733, -28.090373599999957 ], [ -48.630762099999977, -28.090413399999925 ], [ -48.63079179999994, -28.090439 ], [ -48.630822499999965, -28.090448899999956 ], [ -48.630855, -28.090440599999969 ], [ -48.630878099999968, -28.09041679999995 ], [ -48.63089089999994, -28.090381899999954 ], [ -48.630890299999976, -28.090353299999954 ], [ -48.630854799999952, -28.090277699999945 ], [ -48.630851799999959, -28.090256199999939 ], [ -48.630858, -28.090240599999962 ], [ -48.63087969999998, -28.090230899999945 ], [ -48.63093189999995, -28.090220499999941 ], [ -48.63099, -28.090200599999942 ], [ -48.631040699999971, -28.090185699999946 ], [ -48.631075799999955, -28.090187699999948 ], [ -48.631112499999972, -28.090205099999942 ], [ -48.63115879999998, -28.090249599999932 ], [ -48.631179499999973, -28.090277 ], [ -48.631208099999981, -28.090305599999951 ], [ -48.631252099999983, -28.090325 ], [ -48.631297299999972, -28.090329499999939 ], [ -48.631344799999972, -28.090340899999948 ], [ -48.631385, -28.09035909999994 ], [ -48.631412199999943, -28.090384299999982 ], [ -48.631454099999985, -28.090453599999947 ], [ -48.631470199999967, -28.090488 ], [ -48.631492, -28.090517699999968 ], [ -48.631509699999981, -28.090523599999983 ], [ -48.631527, -28.090511399999968 ], [ -48.631538199999973, -28.090482099999974 ], [ -48.631539699999962, -28.09044689999995 ], [ -48.631546199999939, -28.090416199999932 ], [ -48.631559699999968, -28.090390799999973 ], [ -48.631576399999979, -28.09038669999995 ], [ -48.631587299999978, -28.09039839999997 ], [ -48.631588699999945, -28.09041979999996 ], [ -48.631587099999933, -28.090446499999921 ], [ -48.631597599999964, -28.090476099999929 ], [ -48.6316207, -28.090494099999944 ], [ -48.631655199999955, -28.09050209999997 ], [ -48.631687799999952, -28.090520099999924 ], [ -48.631773099999982, -28.090592099999974 ], [ -48.631839399999933, -28.090638099999971 ], [ -48.631882499999961, -28.090651099999942 ], [ -48.631924699999963, -28.090646 ], [ -48.631973499999965, -28.090636399999951 ], [ -48.632035099999946, -28.09062219999992 ], [ -48.63210319999996, -28.090605099999951 ], [ -48.632163199999979, -28.090587599999932 ], [ -48.632171199999952, -28.090584799999942 ], [ -48.632171199999952, -28.090394299999954 ], [ -48.638842299999965, -28.088122199999933 ], [ -48.642402799999957, -28.086361599999982 ], [ -48.645717399999967, -28.084797799999947 ], [ -48.648796, -28.08236839999995 ], [ -48.651520499999947, -28.080106199999928 ], [ -48.65155, -28.079398 ], [ -48.657382499999983, -28.081306099999942 ], [ -48.663028199999985, -28.080588099999932 ], [ -48.663361599999973, -28.080539599999945 ], [ -48.663687299999935, -28.08265369999998 ], [ -48.66378, -28.083867599999969 ], [ -48.66388679999995, -28.085111699999963 ], [ -48.66399789999997, -28.08628669999996 ], [ -48.664073099999939, -28.086864599999942 ], [ -48.664089, -28.086920199999959 ], [ -48.664228699999974, -28.08725259999995 ], [ -48.664533899999988, -28.08773 ], [ -48.665890199999978, -28.089476299999951 ], [ -48.666097399999963, -28.089743099999954 ], [ -48.665769899999937, -28.089998399999949 ], [ -48.665578099999948, -28.09009919999993 ], [ -48.665085099999942, -28.090309399999963 ], [ -48.664873599999972, -28.090415199999928 ], [ -48.664689199999934, -28.090602 ], [ -48.664450699999975, -28.090914299999955 ], [ -48.66397859999995, -28.091349599999955 ], [ -48.663449899999932, -28.092617099999988 ], [ -48.66326209999994, -28.091330799999973 ], [ -48.655554299999956, -28.093925299999977 ], [ -48.654383899999971, -28.095262899999963 ], [ -48.654157699999985, -28.09568589999996 ], [ -48.652524899999953, -28.09692519999993 ], [ -48.650675799999931, -28.099403699999971 ], [ -48.650333899999964, -28.107854499999974 ], [ -48.636744699999952, -28.106886099999937 ], [ -48.63666029999996, -28.107054099999967 ], [ -48.636603599999951, -28.107182799999968 ], [ -48.636555199999975, -28.107305899999972 ], [ -48.636494899999953, -28.107432899999932 ], [ -48.636451399999949, -28.107506799999953 ], [ -48.636378899999947, -28.10759 ], [ -48.636305599999957, -28.107653899999946 ], [ -48.636174799999935, -28.107761 ], [ -48.636099699999932, -28.107811199999958 ], [ -48.636035799999938, -28.107842599999977 ], [ -48.635933199999954, -28.107881299999981 ], [ -48.63582109999993, -28.107916199999973 ], [ -48.635733699999946, -28.107933599999974 ], [ -48.635645499999953, -28.107936099999961 ], [ -48.635572, -28.107930199999938 ], [ -48.635519799999933, -28.107915599999963 ], [ -48.635471, -28.107892499999938 ], [ -48.635435899999948, -28.107862299999969 ], [ -48.635410299999933, -28.107825299999948 ], [ -48.635348499999971, -28.107648199999971 ], [ -48.6353175, -28.107606699999959 ], [ -48.6352811, -28.107566399999943 ], [ -48.635231, -28.10753 ], [ -48.635173499999951, -28.10750359999998 ], [ -48.635118299999931, -28.107477699999951 ], [ -48.6349939, -28.107417099999957 ], [ -48.634928599999967, -28.107392299999962 ], [ -48.634849699999954, -28.107372599999959 ], [ -48.634808799999973, -28.107369399999975 ], [ -48.63477689999997, -28.107376 ], [ -48.634743, -28.107404 ], [ -48.63473259999995, -28.107445899999963 ], [ -48.634732799999945, -28.107516699999955 ], [ -48.634721599999978, -28.107586899999948 ], [ -48.634697899999928, -28.107638799999954 ], [ -48.634658399999985, -28.10768569999993 ], [ -48.63461529999995, -28.107722099999933 ], [ -48.634561799999965, -28.10774709999998 ], [ -48.634490899999946, -28.107750499999948 ], [ -48.634428199999952, -28.107742699999957 ], [ -48.634369499999934, -28.107749399999932 ], [ -48.634217199999966, -28.107828899999951 ], [ -48.634165, -28.107859199999943 ], [ -48.634102299999931, -28.107895 ], [ -48.634025499999957, -28.107932299999952 ], [ -48.63395689999993, -28.107963699999978 ], [ -48.633934599999982, -28.108000599999965 ], [ -48.63393339999994, -28.108031 ], [ -48.633930799999973, -28.108067299999952 ], [ -48.633910099999973, -28.108093399999969 ], [ -48.633874, -28.108104799999982 ], [ -48.633809, -28.108098199999969 ], [ -48.633654499999977, -28.108071399999968 ], [ -48.633603, -28.108069699999934 ], [ -48.633554099999969, -28.1080871 ], [ -48.633514399999967, -28.108100499999971 ], [ -48.633473, -28.108100099999948 ], [ -48.633426899999968, -28.108106599999928 ], [ -48.633420899999976, -28.108114199999935 ], [ -48.63342119999993, -28.108127099999937 ], [ -48.633426399999969, -28.108207699999976 ], [ -48.633425599999946, -28.108241599999928 ], [ -48.633429, -28.10826429999997 ], [ -48.633445499999937, -28.108297599999954 ], [ -48.633469799999943, -28.108325399999963 ], [ -48.633497899999945, -28.108345399999969 ], [ -48.633510499999943, -28.108355199999934 ], [ -48.633504899999934, -28.108372599999942 ], [ -48.63349009999996, -28.108391099999945 ], [ -48.633474499999984, -28.108409899999966 ], [ -48.633459, -28.108410599999957 ], [ -48.633448099999953, -28.108408499999939 ], [ -48.633444899999979, -28.108404799999956 ], [ -48.633429299999939, -28.108374 ], [ -48.633391399999944, -28.108331199999959 ], [ -48.633343499999974, -28.108294699999927 ], [ -48.633303599999984, -28.108274199999975 ], [ -48.633269499999983, -28.108267 ], [ -48.633253, -28.108280599999944 ], [ -48.633229399999948, -28.10831839999997 ], [ -48.633205799999985, -28.108351399999947 ], [ -48.633174099999962, -28.108376199999952 ], [ -48.633149299999964, -28.108401 ], [ -48.633140699999956, -28.108437399999946 ], [ -48.633150599999958, -28.108475899999981 ], [ -48.633159199999966, -28.108509099999932 ], [ -48.633172299999956, -28.10854119999993 ], [ -48.633174499999946, -28.108573199999963 ], [ -48.63317, -28.108607099999961 ], [ -48.633162699999957, -28.108636 ], [ -48.633144199999947, -28.108666399999944 ], [ -48.633132599999961, -28.108673599999975 ], [ -48.633104499999945, -28.108671899999941 ], [ -48.633075, -28.108656499999938 ], [ -48.633018399999969, -28.108620599999949 ], [ -48.63298629999997, -28.108612799999939 ], [ -48.632958, -28.108619699999959 ], [ -48.632923699999942, -28.108632699999927 ], [ -48.632889199999966, -28.108645599999928 ], [ -48.632862299999942, -28.108662599999938 ], [ -48.632853299999965, -28.108681299999937 ], [ -48.632856899999979, -28.108705399999966 ], [ -48.632896399999936, -28.108772899999963 ], [ -48.632901599999975, -28.108790699999926 ], [ -48.632890499999974, -28.108815499999942 ], [ -48.632864699999978, -28.108838599999956 ], [ -48.632826699999953, -28.108856499999938 ], [ -48.632777799999985, -28.108866199999959 ], [ -48.632746899999972, -28.108862499999923 ], [ -48.632667399999939, -28.108831699999939 ], [ -48.632636699999978, -28.108822899999947 ], [ -48.63261289999997, -28.108813 ], [ -48.632603599999989, -28.108803599999934 ], [ -48.632595299999934, -28.108787199999934 ], [ -48.632591599999962, -28.10877279999994 ], [ -48.632586799999956, -28.108754299999923 ], [ -48.632579899999939, -28.108737499999965 ], [ -48.632571299999938, -28.10872459999996 ], [ -48.632555699999955, -28.108718399999933 ], [ -48.632532899999944, -28.108720499999961 ], [ -48.632505699999975, -28.108721299999939 ], [ -48.632469599999979, -28.108711199999952 ], [ -48.6324398, -28.108705299999936 ], [ -48.632428299999958, -28.108710899999952 ], [ -48.632416699999965, -28.108735299999978 ], [ -48.632401099999981, -28.108745099999961 ], [ -48.632365799999945, -28.108737099999914 ], [ -48.632341199999985, -28.10873439999995 ], [ -48.632340599999957, -28.10873219999997 ], [ -48.632338699999934, -28.108716799999975 ], [ -48.63233189999994, -28.108688399999952 ], [ -48.63231889999998, -28.10866179999994 ], [ -48.632297, -28.108640799999929 ], [ -48.632278799999938, -28.10863379999995 ], [ -48.632252799999947, -28.108633899999976 ], [ -48.632232799999947, -28.108629899999986 ], [ -48.632208499999933, -28.108617 ], [ -48.632175399999944, -28.108596299999935 ], [ -48.632145599999944, -28.108586899999974 ], [ -48.632122599999953, -28.108591 ], [ -48.632109, -28.108605 ], [ -48.632111099999975, -28.108619 ], [ -48.63212939999994, -28.108640799999922 ], [ -48.632153099999982, -28.108667899999947 ], [ -48.632160499999941, -28.108705 ], [ -48.632151399999941, -28.108740699999938 ], [ -48.632127099999941, -28.108758499999961 ], [ -48.632002, -28.108770399999965 ], [ -48.631967599999939, -28.108782699999946 ], [ -48.631928599999981, -28.108811099999972 ], [ -48.631877799999984, -28.108826099999924 ], [ -48.631829, -28.108820799999936 ], [ -48.631769, -28.108804099999933 ], [ -48.631705199999949, -28.108787 ], [ -48.631641399999985, -28.108782799999968 ], [ -48.631567, -28.10878989999998 ], [ -48.631516399999953, -28.108787799999952 ], [ -48.631470899999954, -28.108764799999964 ], [ -48.631312299999934, -28.108656499999938 ], [ -48.631236399999977, -28.108616599999941 ], [ -48.631166299999961, -28.108595 ], [ -48.631105799999943, -28.108570199999981 ], [ -48.631064499999987, -28.10854229999995 ], [ -48.631006399999933, -28.108511 ], [ -48.630943199999933, -28.108489 ], [ -48.630883899999958, -28.108475499999933 ], [ -48.630795499999984, -28.108459399999951 ], [ -48.630696899999975, -28.10845329999994 ], [ -48.630627499999946, -28.108444599999924 ], [ -48.6305498, -28.108452799999949 ], [ -48.630476, -28.10847329999995 ], [ -48.6304138, -28.108484099999938 ], [ -48.630363599999953, -28.10847589999997 ], [ -48.630341299999948, -28.108464799999975 ], [ -48.630311899999981, -28.108436599999955 ], [ -48.630228799999941, -28.108313299999963 ], [ -48.630201799999952, -28.108290599999975 ], [ -48.630176299999967, -28.108281299999927 ], [ -48.630154499999954, -28.108285099999925 ], [ -48.630127399999935, -28.108299899999956 ], [ -48.630047, -28.108359199999935 ], [ -48.630045, -28.108360799999954 ], [ -48.63, -28.108372499999966 ], [ -48.629942299999982, -28.108381299999955 ], [ -48.629925799999974, -28.108393399999954 ], [ -48.62992829999996, -28.108408799999946 ], [ -48.629945, -28.108431599999964 ], [ -48.629959699999972, -28.108471899999987 ], [ -48.629972099999982, -28.108515299999958 ], [ -48.629993199999944, -28.108554399999946 ], [ -48.630039099999976, -28.108586 ], [ -48.630096399999964, -28.108624599999938 ], [ -48.630102499999964, -28.108631 ], [ -48.630115, -28.108644199999958 ], [ -48.630145199999959, -28.108675699999942 ], [ -48.630189099999939, -28.108727599999948 ], [ -48.630235399999947, -28.108759199999948 ], [ -48.630282399999942, -28.108769099999964 ], [ -48.630295199999978, -28.108771799999939 ], [ -48.630399699999948, -28.108793399999971 ], [ -48.630426599999971, -28.108798499999981 ], [ -48.630465799999968, -28.108807799999965 ], [ -48.630488399999933, -28.108816399999967 ], [ -48.630488599999985, -28.108820899999955 ], [ -48.630474099999965, -28.108827099999928 ], [ -48.630445799999961, -28.108829299999968 ], [ -48.630401199999945, -28.108830299999966 ], [ -48.630361499999943, -28.108843499999978 ], [ -48.630333899999982, -28.108865399999956 ], [ -48.630308399999933, -28.108877099999976 ], [ -48.630228699999968, -28.108891799999967 ], [ -48.630193099999985, -28.108908 ], [ -48.630174599999975, -28.108931099999946 ], [ -48.630168499999968, -28.108968099999959 ], [ -48.630221299999953, -28.109125899999981 ], [ -48.630222, -28.109128 ], [ -48.630248399999971, -28.109187399999936 ], [ -48.630293699999982, -28.109239199999923 ], [ -48.630343499999988, -28.109283399999988 ], [ -48.63035229999997, -28.109292899999957 ], [ -48.630372799999975, -28.109315 ], [ -48.630453899999964, -28.10940219999998 ], [ -48.630465199999946, -28.109409 ], [ -48.630467299999964, -28.109410299999976 ], [ -48.630502499999984, -28.109431399999934 ], [ -48.630559, -28.109451699999966 ], [ -48.63066119999997, -28.109468299999939 ], [ -48.630714299999973, -28.109480699999953 ], [ -48.630771599999946, -28.109491299999945 ], [ -48.630779799999978, -28.109493399999966 ], [ -48.6308231, -28.109504499999954 ], [ -48.63084369999995, -28.109518399999956 ], [ -48.630852899999972, -28.109537099999958 ], [ -48.630845899999933, -28.10955829999995 ], [ -48.630820899999947, -28.109568399999947 ], [ -48.630770399999967, -28.109564399999943 ], [ -48.630711799999972, -28.109555799999956 ], [ -48.630646099999979, -28.109537699999976 ], [ -48.630568299999936, -28.109511699999924 ], [ -48.630451699999981, -28.109465799999949 ], [ -48.630422499999952, -28.109458299999968 ], [ -48.630407399999967, -28.109464299999953 ], [ -48.630381899999975, -28.109499699999962 ], [ -48.630380599999967, -28.10954219999995 ], [ -48.630403399999977, -28.109568399999937 ], [ -48.630407199999979, -28.109572799999963 ], [ -48.630414199999962, -28.109575299999957 ], [ -48.630466499999955, -28.109593499999967 ], [ -48.630518, -28.109604899999951 ], [ -48.630529599999932, -28.109630899999956 ], [ -48.630550299999982, -28.109669199999928 ], [ -48.630610099999956, -28.109719499999965 ], [ -48.630654399999969, -28.109764 ], [ -48.630666399999932, -28.109800899999975 ], [ -48.630653599999953, -28.109947499999979 ], [ -48.630659599999944, -28.109982399999971 ], [ -48.630693599999979, -28.110017099999936 ], [ -48.630753, -28.110057199999972 ], [ -48.630789099999959, -28.110107299999985 ], [ -48.630817199999974, -28.110179599999977 ], [ -48.630849499999954, -28.11023739999996 ], [ -48.630885699999965, -28.110275799999961 ], [ -48.630912699999961, -28.110316899999919 ], [ -48.630922799999958, -28.110356299999975 ], [ -48.6309414, -28.110456499999927 ], [ -48.63095019999998, -28.110503899999966 ], [ -48.630957799999976, -28.110516099999984 ], [ -48.630962499999953, -28.110517599999969 ], [ -48.630994699999974, -28.110527699999974 ], [ -48.631017499999977, -28.11053239999994 ], [ -48.631064599999945, -28.110568699999931 ], [ -48.631113, -28.110618499999934 ], [ -48.631148899999978, -28.11064429999993 ], [ -48.631177199999975, -28.110648199999947 ], [ -48.631184499999961, -28.11064419999996 ], [ -48.631204, -28.11061309999997 ], [ -48.631234599999971, -28.110567199999934 ], [ -48.631250199999954, -28.110558799999982 ], [ -48.631273799999974, -28.110571899999965 ], [ -48.631279899999988, -28.110599899999936 ], [ -48.631280199999935, -28.110663099999947 ], [ -48.631261299999949, -28.110729399999968 ], [ -48.63125359999998, -28.110770599999949 ], [ -48.63125969999993, -28.110801 ], [ -48.631275399999936, -28.110833399999933 ], [ -48.631295099999932, -28.110846699999971 ], [ -48.631328799999949, -28.110860099999968 ], [ -48.631368299999963, -28.11087589999994 ], [ -48.631391, -28.110892099999951 ], [ -48.631393399999972, -28.110909299999946 ], [ -48.631375599999963, -28.110926799999955 ], [ -48.631339199999957, -28.110932199999979 ], [ -48.631304699999923, -28.110917599999937 ], [ -48.631276299999968, -28.110897799999975 ], [ -48.631245799999931, -28.110895299999974 ], [ -48.631203299999981, -28.110898399999954 ], [ -48.631154, -28.110894599999931 ], [ -48.631103399999972, -28.110885 ], [ -48.63107279999997, -28.110891199999962 ], [ -48.631064599999945, -28.110907799999943 ], [ -48.631077199999936, -28.110929099999957 ], [ -48.631110699999965, -28.110952799999964 ], [ -48.631133399999946, -28.110973699999931 ], [ -48.631144499999948, -28.111003499999971 ], [ -48.631145899999979, -28.111048099999952 ], [ -48.631157199999961, -28.111085799999955 ], [ -48.631187299999965, -28.111113599999953 ], [ -48.631216299999949, -28.111135199999968 ], [ -48.631226199999958, -28.11114909999997 ], [ -48.631226099999935, -28.111157 ], [ -48.631207499999967, -28.111170599999987 ], [ -48.631176199999977, -28.11119159999998 ], [ -48.631148599999953, -28.111213099999926 ], [ -48.631125399999981, -28.111254399999957 ], [ -48.631121299999961, -28.11127509999994 ], [ -48.631113299999981, -28.111295699999982 ], [ -48.631096, -28.111317199999977 ], [ -48.631091099999935, -28.111346299999969 ], [ -48.631099699999936, -28.111381599999955 ], [ -48.631119299999966, -28.11145549999997 ], [ -48.631137299999978, -28.111479899999942 ], [ -48.631173299999944, -28.11149509999996 ], [ -48.631217899999967, -28.111509599999966 ], [ -48.63125249999996, -28.111535899999978 ], [ -48.63127609999998, -28.111561 ], [ -48.631297599999982, -28.111573499999977 ], [ -48.631314299999985, -28.111574 ], [ -48.631333099999949, -28.111561199999983 ], [ -48.631351799999948, -28.111548199999962 ], [ -48.631417499999948, -28.111505499999954 ], [ -48.631476299999974, -28.111471099999964 ], [ -48.63155509999995, -28.111437199999965 ], [ -48.631621399999972, -28.111428799999949 ], [ -48.631701699999958, -28.111429299999934 ], [ -48.631804, -28.111430399999964 ], [ -48.631919699999969, -28.111451099999947 ], [ -48.632405199999944, -28.11158189999998 ], [ -48.632471099999982, -28.111603399999968 ], [ -48.632533799999969, -28.111633799999936 ], [ -48.632573499999978, -28.111677799999939 ], [ -48.632605299999966, -28.111734599999981 ], [ -48.632647799999972, -28.111776599999935 ], [ -48.63283179999997, -28.111897699999933 ], [ -48.632921499999952, -28.11195819999995 ], [ -48.632974899999965, -28.111997499999976 ], [ -48.633029199999953, -28.112053599999967 ], [ -48.633073299999978, -28.112115 ], [ -48.633113299999934, -28.112172799999932 ], [ -48.63313119999998, -28.112208899999928 ], [ -48.633132299999936, -28.112237299999947 ], [ -48.633126599999969, -28.112263499999983 ], [ -48.633135899999949, -28.112289899999947 ], [ -48.633165299999973, -28.112316399999937 ], [ -48.633198, -28.112330599999954 ], [ -48.633217599999959, -28.112350299999953 ], [ -48.633223, -28.112364699999951 ], [ -48.633224299999938, -28.112392899999978 ], [ -48.633230699999956, -28.112433199999955 ], [ -48.633252799999987, -28.112478 ], [ -48.633284199999935, -28.112514199999964 ], [ -48.633308299999946, -28.112540399999943 ], [ -48.633327899999983, -28.112560399999946 ], [ -48.633358099999953, -28.112566699999952 ], [ -48.633379799999943, -28.112567399999943 ], [ -48.633406099999938, -28.11257379999995 ], [ -48.633447, -28.112592899999978 ], [ -48.633475899999951, -28.112618799999947 ], [ -48.633505299999968, -28.112656799999968 ], [ -48.633534599999969, -28.112696199999949 ], [ -48.633579399999981, -28.112730299999956 ], [ -48.633629499999984, -28.112771799999962 ], [ -48.633648599999965, -28.112794399999927 ], [ -48.633660499999962, -28.112816899999913 ], [ -48.633664099999983, -28.112842 ], [ -48.633655299999923, -28.11285909999998 ], [ -48.633631299999934, -28.112867299999934 ], [ -48.6335984, -28.112875199999955 ], [ -48.633571399999937, -28.112890399999973 ], [ -48.633558, -28.11290849999995 ], [ -48.633564, -28.112933799999944 ], [ -48.63359429999997, -28.112972799999962 ], [ -48.63365709999993, -28.113051699999968 ], [ -48.633682399999948, -28.113091699999973 ], [ -48.633701099999939, -28.113120899999949 ], [ -48.63371979999993, -28.113133299999962 ], [ -48.633733499999948, -28.113133199999925 ], [ -48.633744599999943, -28.113118499999924 ], [ -48.633764399999968, -28.113092 ], [ -48.633794499999972, -28.113063399999923 ], [ -48.633857499999984, -28.11303039999995 ], [ -48.633905399999946, -28.113015399999931 ], [ -48.633957399999979, -28.113012 ], [ -48.634006599999964, -28.113006299999935 ], [ -48.634048499999956, -28.113003699999968 ], [ -48.634086199999956, -28.113011399999948 ], [ -48.634113599999978, -28.113025699999977 ], [ -48.63414279999995, -28.113049899999972 ], [ -48.634169, -28.113064699999942 ], [ -48.634199099999933, -28.113067299999951 ], [ -48.634223299999981, -28.113058299999977 ], [ -48.634246299999973, -28.11305139999995 ], [ -48.634267099999938, -28.113045099999962 ], [ -48.634272599999974, -28.113043499999947 ], [ -48.634299899999974, -28.113044 ], [ -48.634307799999931, -28.113046399999966 ], [ -48.634309299999984, -28.113046099999952 ], [ -48.634250699999946, -28.112948299999964 ], [ -48.63422769999994, -28.112916299999945 ], [ -48.634199299999977, -28.112711499999932 ], [ -48.634162299999957, -28.112317199999953 ], [ -48.634168799999941, -28.111996199999961 ] ], [ [ -48.636367299999961, -28.053890899999942 ], [ -48.63647519999995, -28.053962 ], [ -48.636640099999973, -28.054065299999923 ], [ -48.636800299999948, -28.054212499999942 ], [ -48.636995, -28.054292299999926 ], [ -48.637128599999983, -28.054293499999968 ], [ -48.637297599999954, -28.054231399999939 ], [ -48.63754559999996, -28.054281899999975 ], [ -48.637693, -28.054239699999972 ], [ -48.637909599999944, -28.05431219999998 ], [ -48.638048899999944, -28.054368199999935 ], [ -48.638168299999961, -28.054451799999985 ], [ -48.638465699999983, -28.054484099999961 ], [ -48.63860619999997, -28.054485 ], [ -48.638813, -28.054565399999937 ], [ -48.639079799999941, -28.054719099999932 ], [ -48.639346799999942, -28.054829899999959 ], [ -48.639589699999931, -28.055041099999979 ], [ -48.639728199999979, -28.05509359999996 ], [ -48.639886799999942, -28.05521519999996 ], [ -48.639953199999979, -28.05530739999994 ], [ -48.640052899999951, -28.055338199999944 ], [ -48.640297499999981, -28.055235599999953 ], [ -48.64047469999997, -28.05516329999994 ], [ -48.640874899999964, -28.055210499999927 ], [ -48.64117449999997, -28.055233499999936 ], [ -48.641376199999968, -28.05538579999995 ], [ -48.641887399999973, -28.055517699999935 ], [ -48.641969199999949, -28.055481199999981 ], [ -48.642276799999934, -28.055526399999952 ], [ -48.64246159999994, -28.055694299999963 ], [ -48.642582499999939, -28.055843299999939 ], [ -48.642662399999956, -28.05604569999997 ], [ -48.642766, -28.056227299999918 ], [ -48.64316679999996, -28.055998599999956 ], [ -48.64339949999993, -28.055921 ], [ -48.643537699999975, -28.055986899999937 ], [ -48.643737, -28.056127 ], [ -48.643859799999973, -28.05611169999997 ], [ -48.643969, -28.056060699999936 ], [ -48.644151, -28.056063199999986 ], [ -48.644343099999958, -28.056171499999945 ], [ -48.644474799999955, -28.056319699999957 ], [ -48.644662499999981, -28.056400199999935 ], [ -48.644905599999966, -28.056402799999944 ], [ -48.645062599999953, -28.056422099999949 ], [ -48.645220599999959, -28.056367199999954 ], [ -48.645505, -28.056371599999974 ], [ -48.645735899999977, -28.056419299999956 ], [ -48.645823599999972, -28.056533699999935 ], [ -48.646073099999967, -28.05662489999996 ], [ -48.646271399999925, -28.056643099999974 ], [ -48.646407699999941, -28.056774899999926 ], [ -48.646462199999981, -28.056919299999947 ], [ -48.646485799999944, -28.057055299999949 ], [ -48.646544599999963, -28.057135299999977 ], [ -48.64668039999998, -28.05710229999994 ], [ -48.646913499999982, -28.057057599999954 ], [ -48.647126799999967, -28.057041099999932 ], [ -48.647407199999975, -28.057047 ], [ -48.647586499999932, -28.057114 ], [ -48.647721499999932, -28.05721409999996 ], [ -48.647807299999954, -28.057285 ], [ -48.647878699999985, -28.057414499999926 ], [ -48.647928099999945, -28.057486699999963 ], [ -48.647919799999954, -28.057558399999952 ], [ -48.647895499999947, -28.057647199999959 ], [ -48.647894199999939, -28.057690399999956 ], [ -48.647958399999936, -28.057685499999923 ], [ -48.648054099999975, -28.057643699999964 ], [ -48.648151299999945, -28.05758029999998 ], [ -48.648273199999949, -28.05741889999997 ], [ -48.648383699999954, -28.057351899999958 ], [ -48.648534499999982, -28.057357499999963 ], [ -48.648879199999953, -28.057697099999931 ], [ -48.649205499999937, -28.058017399999979 ], [ -48.649303, -28.058130699999936 ], [ -48.649321899999961, -28.058321899999953 ], [ -48.64928679999997, -28.058480199999956 ], [ -48.649304299999983, -28.058648699999942 ], [ -48.649362899999964, -28.058778899999936 ], [ -48.649550699999963, -28.058909499999981 ], [ -48.649679599999963, -28.058837499999978 ], [ -48.649803799999972, -28.058809399999976 ], [ -48.64987119999995, -28.058890499999951 ], [ -48.649865399999953, -28.059008699999932 ], [ -48.650027299999977, -28.059046199999958 ], [ -48.650348499999957, -28.058913399999931 ], [ -48.650491299999949, -28.058754699999955 ], [ -48.650714299999947, -28.058647399999987 ], [ -48.650905099999932, -28.05865829999993 ], [ -48.651324199999976, -28.058726099999944 ], [ -48.651777899999956, -28.058952299999923 ], [ -48.652107199999939, -28.059155899999947 ], [ -48.652297399999952, -28.059400699999966 ], [ -48.652484899999934, -28.059694499999985 ], [ -48.652658699999968, -28.059876499999969 ], [ -48.652812099999949, -28.060162399999957 ], [ -48.652971399999963, -28.060424299999966 ], [ -48.653316, -28.060755499999978 ], [ -48.65355789999996, -28.060985399999932 ], [ -48.653774899999966, -28.061220899999963 ], [ -48.653902599999988, -28.061370299999965 ], [ -48.65399929999996, -28.06143829999996 ], [ -48.654118099999948, -28.061385099999931 ], [ -48.654323399999953, -28.0615251 ], [ -48.654506, -28.061802899999975 ], [ -48.654642399999943, -28.062046099999989 ], [ -48.654695899999986, -28.062256499999929 ], [ -48.654665699999953, -28.062389399999969 ], [ -48.654327499999965, -28.062598199999961 ], [ -48.654144599999938, -28.062761899999934 ], [ -48.653954799999951, -28.062894099999934 ], [ -48.653747499999952, -28.062943 ], [ -48.653501599999977, -28.062708499999921 ], [ -48.653155899999952, -28.062415499999933 ], [ -48.652640799999972, -28.062234399999959 ], [ -48.652305499999954, -28.062402299999974 ], [ -48.652213899999936, -28.062702899999969 ], [ -48.652194399999985, -28.06332789999993 ], [ -48.65242, -28.063328099999978 ], [ -48.652484199999947, -28.063346 ], [ -48.652614899999946, -28.063422799999952 ], [ -48.652857899999958, -28.063539199999976 ], [ -48.653164899999979, -28.0636191 ], [ -48.653329199999973, -28.06362549999994 ], [ -48.653443899999957, -28.063604299999952 ], [ -48.653628099999935, -28.063524 ], [ -48.653816, -28.063454399999941 ], [ -48.654107499999959, -28.063366599999938 ], [ -48.654307899999942, -28.063279399999949 ], [ -48.654403599999966, -28.063145399999936 ], [ -48.654493199999933, -28.062987 ], [ -48.654628499999937, -28.062867899999961 ], [ -48.654848499999957, -28.06270649999994 ], [ -48.655254599999978, -28.062396199999963 ], [ -48.655564099999943, -28.062177699999939 ], [ -48.655808799999932, -28.062029899999967 ], [ -48.655979399999978, -28.061928 ], [ -48.656220199999957, -28.061825499999941 ], [ -48.656429899999985, -28.06177219999995 ], [ -48.656759099999931, -28.061678099999938 ], [ -48.657129099999956, -28.06153339999997 ], [ -48.657383, -28.061414099999986 ], [ -48.657469299999946, -28.061365199999955 ], [ -48.657692599999969, -28.062128199999954 ], [ -48.658622799999939, -28.062851599999924 ], [ -48.659242899999988, -28.0635751 ], [ -48.659464299999968, -28.064889099999952 ], [ -48.6594348, -28.065907799999923 ], [ -48.659671, -28.066395099999962 ], [ -48.660158299999978, -28.066985599999956 ], [ -48.660158299999978, -28.067517199999941 ], [ -48.659892499999948, -28.068019099999955 ], [ -48.659036199999946, -28.070012299999977 ], [ -48.652658, -28.074914099999944 ], [ -48.651358699999946, -28.075209399999952 ], [ -48.650472899999954, -28.074618799999946 ], [ -48.64985269999994, -28.074766399999923 ], [ -48.649646, -28.075475099999945 ], [ -48.650325199999934, -28.076538199999959 ], [ -48.650089, -28.077365 ], [ -48.647136099999962, -28.078870899999966 ], [ -48.642470599999974, -28.079668199999958 ], [ -48.639251899999977, -28.079963499999959 ], [ -48.637746, -28.079712499999967 ], [ -48.635664199999951, -28.079284299999976 ], [ -48.634630099999981, -28.078995199999952 ], [ -48.634777199999967, -28.078332199999981 ], [ -48.634923299999969, -28.077035799999962 ], [ -48.635021599999959, -28.076709699999984 ], [ -48.635496699999976, -28.076062899999961 ], [ -48.635807499999949, -28.075456699999954 ], [ -48.635664, -28.074785799999976 ], [ -48.63467229999997, -28.074180399999928 ], [ -48.633686399999931, -28.074239699999961 ], [ -48.633150099999966, -28.073924199999972 ], [ -48.632666399999941, -28.073587699999976 ], [ -48.63226479999998, -28.073626 ], [ -48.631814099999986, -28.073607 ], [ -48.631457199999936, -28.073601399999976 ], [ -48.631183599999986, -28.073527499999955 ], [ -48.63107279999997, -28.073504 ], [ -48.630834599999957, -28.073499799999976 ], [ -48.630624099999984, -28.073510399999964 ], [ -48.630492099999962, -28.073513799999947 ], [ -48.630404499999948, -28.073424599999949 ], [ -48.630287, -28.073416699999946 ], [ -48.630155399999978, -28.073416299999959 ], [ -48.630102199999953, -28.073318499999971 ], [ -48.630042899999978, -28.073268699999968 ], [ -48.629938, -28.073239599999962 ], [ -48.629842599999961, -28.073237699999929 ], [ -48.629761599999938, -28.07322169999998 ], [ -48.62968989999996, -28.073178799999933 ], [ -48.629600799999942, -28.073034399999976 ], [ -48.629474, -28.072950499999941 ], [ -48.629412199999933, -28.072747899999957 ], [ -48.629305799999941, -28.072677099999972 ], [ -48.629196699999966, -28.072537699999938 ], [ -48.629156699999953, -28.07236209999996 ], [ -48.62916869999998, -28.072262 ], [ -48.629075699999923, -28.072196 ], [ -48.62892259999996, -28.072124099999932 ], [ -48.628764299999951, -28.071770299999962 ], [ -48.628795799999978, -28.071583699999959 ], [ -48.628773899999942, -28.071459399999977 ], [ -48.6287253, -28.071431099999984 ], [ -48.628647, -28.071343 ], [ -48.628609399999966, -28.071216499999917 ], [ -48.62861, -28.071056299999949 ], [ -48.628489799999954, -28.071028199999933 ], [ -48.628483099999983, -28.070879299999937 ], [ -48.628412299999987, -28.07078609999996 ], [ -48.628316899999959, -28.070684199999956 ], [ -48.628258899999942, -28.070586799999944 ], [ -48.628263299999958, -28.07040249999994 ], [ -48.628250399999949, -28.07031609999996 ], [ -48.628179499999931, -28.07024059999998 ], [ -48.628128099999977, -28.070158799999945 ], [ -48.628125899999986, -28.070043299999952 ], [ -48.628161599999949, -28.069945899999926 ], [ -48.628153099999963, -28.069892399999961 ], [ -48.628082099999972, -28.069861599999964 ], [ -48.628013099999976, -28.069771 ], [ -48.627964299999967, -28.069651299999972 ], [ -48.62794039999995, -28.069551399999956 ], [ -48.6278875, -28.069492199999946 ], [ -48.627768, -28.069434 ], [ -48.627726, -28.069365699999931 ], [ -48.62771829999997, -28.069228899999928 ], [ -48.627569699999981, -28.069027 ], [ -48.627380499999965, -28.068703699999954 ], [ -48.627249499999948, -28.068508699999931 ], [ -48.627136299999961, -28.06843559999993 ], [ -48.627038699999957, -28.068242199999936 ], [ -48.626871699999981, -28.067982199999971 ], [ -48.626782599999956, -28.06773319999996 ], [ -48.626853599999954, -28.067600899999945 ], [ -48.626816199999944, -28.067367799999939 ], [ -48.626958099999968, -28.066999199999938 ], [ -48.627234199999975, -28.066419899999975 ], [ -48.62738109999998, -28.066082199999975 ], [ -48.627489499999967, -28.065856799999949 ], [ -48.627586, -28.065671399999932 ], [ -48.627820299999939, -28.065501199999972 ], [ -48.62785759999997, -28.065379 ], [ -48.627973699999984, -28.06528139999995 ], [ -48.628125599999976, -28.065214199999954 ], [ -48.628189799999966, -28.065170299999977 ], [ -48.628228199999967, -28.065103299999972 ], [ -48.62822, -28.064994499999955 ], [ -48.628144099999986, -28.064906199999946 ], [ -48.628046899999951, -28.064907699999932 ], [ -48.627986299999975, -28.064837599999972 ], [ -48.627964199999951, -28.064745 ], [ -48.627958799999924, -28.06464649999997 ], [ -48.627907199999981, -28.064484 ], [ -48.627851699999951, -28.064192099999964 ], [ -48.627758299999989, -28.063901699999974 ], [ -48.62769429999998, -28.063614499999968 ], [ -48.627598, -28.063402 ], [ -48.627537, -28.063219599999965 ], [ -48.627425899999935, -28.063057199999935 ], [ -48.627289, -28.062927799999947 ], [ -48.627137699999942, -28.062783299999989 ], [ -48.62706529999997, -28.062623 ], [ -48.627041299999973, -28.062463099999945 ], [ -48.62697849999995, -28.062393799999938 ], [ -48.6269195, -28.062318399999977 ], [ -48.626908499999963, -28.062199299999971 ], [ -48.626901499999981, -28.062123399999962 ], [ -48.626904699999962, -28.061988399999954 ], [ -48.626857599999937, -28.061903399999949 ], [ -48.626817599999981, -28.06180379999995 ], [ -48.626735599999954, -28.06181719999995 ], [ -48.626504699999948, -28.061839099999933 ], [ -48.626424, -28.06175729999995 ], [ -48.626361699999961, -28.061639899999918 ], [ -48.626332399999967, -28.06157579999995 ], [ -48.62624569999997, -28.061525299999978 ], [ -48.626141, -28.061445899999956 ], [ -48.625731599999931, -28.060979699999965 ], [ -48.625625499999956, -28.060855899999975 ], [ -48.625521199999987, -28.060725699999974 ], [ -48.625380899999982, -28.060550899999953 ], [ -48.625348299999978, -28.060459099999942 ], [ -48.625243799999964, -28.060375699999952 ], [ -48.62523269999997, -28.060186099999967 ], [ -48.625321499999984, -28.059789 ], [ -48.625449299999964, -28.059546599999969 ], [ -48.625646699999947, -28.059280399999981 ], [ -48.625944099999963, -28.058905499999984 ], [ -48.626259199999936, -28.058606299999951 ], [ -48.626836199999957, -28.058180399999973 ], [ -48.626955699999939, -28.058072299999925 ], [ -48.627085099999924, -28.057964899999945 ], [ -48.628075199999962, -28.057646299999927 ], [ -48.628673899999967, -28.057426699999954 ], [ -48.62916039999994, -28.057189199999979 ], [ -48.629675299999974, -28.056897799999934 ], [ -48.630123699999956, -28.056643799999964 ], [ -48.630692699999948, -28.05628059999998 ], [ -48.63124369999997, -28.05593059999995 ], [ -48.631516899999951, -28.055731099999946 ], [ -48.631943, -28.055527099999939 ], [ -48.632245799999964, -28.055421599999924 ], [ -48.632627199999952, -28.055201899999929 ], [ -48.633163, -28.054917299999936 ], [ -48.63332859999997, -28.054875199999959 ], [ -48.633652, -28.05479089999994 ], [ -48.633813099999948, -28.054673399999942 ], [ -48.63429619999993, -28.0544738 ], [ -48.634607499999966, -28.054279399999924 ], [ -48.634881699999937, -28.054140099999987 ], [ -48.635187, -28.053981499999953 ], [ -48.635325799999983, -28.053869399999943 ], [ -48.635625899999987, -28.053885 ], [ -48.635894199999939, -28.053866299999981 ], [ -48.636174899999951, -28.053855399999968 ], [ -48.636367299999961, -28.053890899999942 ] ] ] ] } }
]
}
