{
"type": "FeatureCollection",
"name": "4209003",
"crs": { "type": "name", "properties": { "name": "urn:ogc:def:crs:OGC:1.3:CRS84" } },
"features": [
{ "type": "Feature", "properties": { "CD_MUN": "4209003", "NM_MUN": "Joaçaba" }, "geometry": { "type": "MultiPolygon", "coordinates": [ [ [ [ -51.53543929999995, -27.188816 ], [ -51.535491599999943, -27.188794599999941 ], [ -51.535581499999971, -27.188776399999941 ], [ -51.535694599999943, -27.188765299999947 ], [ -51.535818, -27.18872979999998 ], [ -51.535903499999954, -27.188639199999955 ], [ -51.535994399999936, -27.188537399999966 ], [ -51.536079699999952, -27.188445599999959 ], [ -51.536168899999957, -27.188357899999975 ], [ -51.536279599999951, -27.188267599999964 ], [ -51.536334199999935, -27.188196299999966 ], [ -51.536367299999938, -27.188153 ], [ -51.536484199999961, -27.187963699999948 ], [ -51.536567599999955, -27.187848899999938 ], [ -51.536651799999959, -27.187727899999967 ], [ -51.536756, -27.187618 ], [ -51.536883099999955, -27.187490499999956 ], [ -51.537, -27.187339299999966 ], [ -51.537084099999959, -27.18726039999996 ], [ -51.537220799999936, -27.187121899999966 ], [ -51.5373522, -27.186952499999961 ], [ -51.53782769999998, -27.186341699999957 ], [ -51.538283599999943, -27.185961099999925 ], [ -51.53871439999994, -27.185552699999967 ], [ -51.539019599999961, -27.185226899999972 ], [ -51.53942109999997, -27.184868399999971 ], [ -51.539854899999966, -27.184611 ], [ -51.540302099999963, -27.184336 ], [ -51.54052879999994, -27.184140799999966 ], [ -51.540746799999965, -27.184007799999957 ], [ -51.541003799999942, -27.183851 ], [ -51.541515299999965, -27.183673199999923 ], [ -51.541928699999971, -27.183471699999931 ], [ -51.542331399999959, -27.18330809999998 ], [ -51.54247179999993, -27.183254499999975 ], [ -51.5426791, -27.183138099999944 ], [ -51.54283669999996, -27.183050399999946 ], [ -51.543023799999958, -27.182976 ], [ -51.543200199999944, -27.182933299999945 ], [ -51.543363899999967, -27.182889599999953 ], [ -51.543491, -27.182871899999949 ], [ -51.543662599999948, -27.182829 ], [ -51.543778499999974, -27.18276969999993 ], [ -51.543890099999935, -27.182732599999948 ], [ -51.544078599999978, -27.182691199999969 ], [ -51.544262499999945, -27.182664799999941 ], [ -51.544392, -27.182629 ], [ -51.544540399999953, -27.18259179999994 ], [ -51.544661399999939, -27.182584799999962 ], [ -51.544953299999975, -27.182615199999926 ], [ -51.545079099999953, -27.18259769999997 ], [ -51.545194199999969, -27.182595099999954 ], [ -51.545267699999961, -27.18263259999998 ], [ -51.545319099999972, -27.182659 ], [ -51.545414899999976, -27.182693299999986 ], [ -51.545527099999958, -27.182729099999953 ], [ -51.545649899999944, -27.182747 ], [ -51.545765299999978, -27.182743399999925 ], [ -51.545859199999938, -27.182752099999952 ], [ -51.545939299999986, -27.182777499999929 ], [ -51.545981699999977, -27.182810299999979 ], [ -51.546028399999955, -27.18289 ], [ -51.546102499999961, -27.182983099999944 ], [ -51.546178399999974, -27.183055 ], [ -51.546288299999958, -27.183112099999953 ], [ -51.546446099999976, -27.183132599999954 ], [ -51.546596699999959, -27.183096399999954 ], [ -51.546755, -27.183064199999926 ], [ -51.546883199999975, -27.183043199999929 ], [ -51.547002299999981, -27.182993299999964 ], [ -51.547105299999942, -27.182977299999937 ], [ -51.547254799999969, -27.182998499999943 ], [ -51.547378699999967, -27.183016199999948 ], [ -51.547395599999959, -27.183018599999972 ], [ -51.547467599999955, -27.183036199999943 ], [ -51.547543, -27.183092899999973 ], [ -51.547648, -27.183188399999956 ], [ -51.547726899999986, -27.183256299999982 ], [ -51.547833499999975, -27.183322799999928 ], [ -51.547947299999983, -27.183361699999985 ], [ -51.550131499999971, -27.182497799999965 ], [ -51.556702799999975, -27.188966699999973 ], [ -51.55900129999997, -27.187067 ], [ -51.557734899999957, -27.185640299999939 ], [ -51.558236799999982, -27.185234 ], [ -51.558541799999951, -27.184369599999975 ], [ -51.559747799999968, -27.181635199999956 ], [ -51.560577599999924, -27.18069979999996 ], [ -51.560554099999933, -27.180654599999965 ], [ -51.560536299999967, -27.180602599999936 ], [ -51.560503099999949, -27.18049719999992 ], [ -51.56048119999997, -27.180443099999927 ], [ -51.560456899999963, -27.18037 ], [ -51.560455399999967, -27.180324399999964 ], [ -51.560458299999937, -27.180264699999956 ], [ -51.560470899999984, -27.180227499999933 ], [ -51.560493799999954, -27.180192799999926 ], [ -51.560530799999988, -27.180153899999937 ], [ -51.560551499999967, -27.180133399999935 ], [ -51.560591399999964, -27.180084899999944 ], [ -51.560638199999971, -27.180028899999972 ], [ -51.560684899999963, -27.179974899999937 ], [ -51.560810899999986, -27.17990269999995 ], [ -51.560829299999959, -27.179890899999972 ], [ -51.560849499999968, -27.179877899999955 ], [ -51.560890699999966, -27.179851699999979 ], [ -51.560951299999935, -27.179818399999935 ], [ -51.561062, -27.17974289999994 ], [ -51.561098, -27.179720699999955 ], [ -51.561132699999973, -27.17969079999995 ], [ -51.561153799999936, -27.179677099999942 ], [ -51.561172099999965, -27.17966679999995 ], [ -51.561211599999979, -27.179653399999946 ], [ -51.561241899999963, -27.179636799999969 ], [ -51.561277699999941, -27.179613199999945 ], [ -51.561306599999973, -27.179586799999974 ], [ -51.561330699999985, -27.179569 ], [ -51.561339199999964, -27.179563 ], [ -51.561356799999942, -27.179548799999964 ], [ -51.561371399999985, -27.179531499999936 ], [ -51.56138489999995, -27.179514199999968 ], [ -51.561421599999953, -27.179491599999949 ], [ -51.56151779999994, -27.17946169999993 ], [ -51.561546499999963, -27.179458 ], [ -51.561570299999971, -27.179444 ], [ -51.56158419999997, -27.179436399999933 ], [ -51.561598599999975, -27.179422 ], [ -51.561612599999926, -27.179416799999949 ], [ -51.561623299999958, -27.17941279999997 ], [ -51.561649099999961, -27.179401699999968 ], [ -51.561683599999981, -27.179372 ], [ -51.561715499999934, -27.179337 ], [ -51.561743099999944, -27.179303 ], [ -51.561769199999958, -27.179266699999964 ], [ -51.561776, -27.179254899999933 ], [ -51.561795299999964, -27.179226699999958 ], [ -51.561801299999956, -27.179216399999969 ], [ -51.561810299999934, -27.179179599999941 ], [ -51.561818, -27.179093 ], [ -51.561834, -27.179028 ], [ -51.561846799999962, -27.178978399999941 ], [ -51.561859399999946, -27.178855199999923 ], [ -51.561862799999979, -27.178789699999982 ], [ -51.561877, -27.178720799999944 ], [ -51.561904799999979, -27.178628299999964 ], [ -51.561923799999938, -27.178580699999937 ], [ -51.561952199999951, -27.178471599999977 ], [ -51.561976399999928, -27.178408899999955 ], [ -51.562011199999972, -27.178346499999979 ], [ -51.562047699999937, -27.178274599999956 ], [ -51.562067099999986, -27.178220299999968 ], [ -51.56208769999995, -27.178192699999958 ], [ -51.562104399999953, -27.17817209999998 ], [ -51.562116199999942, -27.178145399999938 ], [ -51.562129299999981, -27.178115099999957 ], [ -51.562130799999984, -27.178085099999969 ], [ -51.562131299999983, -27.178058699999948 ], [ -51.562131399999942, -27.178034499999967 ], [ -51.562128, -27.178017399999941 ], [ -51.562125099999946, -27.177994599999963 ], [ -51.562112699999943, -27.177968 ], [ -51.562108799999976, -27.17795859999995 ], [ -51.562093199999936, -27.17793179999995 ], [ -51.562077399999964, -27.177912299999939 ], [ -51.562031499999939, -27.177850199999956 ], [ -51.561997899999938, -27.177825499999983 ], [ -51.561975199999949, -27.1778 ], [ -51.561961399999966, -27.17778259999994 ], [ -51.561947599999939, -27.177746299999963 ], [ -51.561941699999977, -27.177717 ], [ -51.561928399999935, -27.177687499999941 ], [ -51.561907499999968, -27.177665899999969 ], [ -51.561875899999961, -27.177643199999981 ], [ -51.561842299999967, -27.177613099999974 ], [ -51.561814099999928, -27.177598399999962 ], [ -51.561777699999936, -27.177579599999945 ], [ -51.561748899999948, -27.177568 ], [ -51.561723599999944, -27.177559 ], [ -51.561700399999957, -27.177562199999951 ], [ -51.56167, -27.177569899999977 ], [ -51.561643099999976, -27.177580099999936 ], [ -51.56162559999995, -27.177586699999953 ], [ -51.561598599999961, -27.177589399999935 ], [ -51.561583399999968, -27.177588299999972 ], [ -51.561528799999955, -27.177567799999956 ], [ -51.561473499999977, -27.177524199999937 ], [ -51.56144, -27.177497599999977 ], [ -51.561422399999977, -27.17746969999995 ], [ -51.561400699999979, -27.177426399999948 ], [ -51.561389399999946, -27.177397899999967 ], [ -51.561374, -27.177349399999958 ], [ -51.561360899999947, -27.17729919999994 ], [ -51.561317899999949, -27.177148399999961 ], [ -51.56129929999998, -27.17710429999995 ], [ -51.561283399999972, -27.177063399999945 ], [ -51.561258499999951, -27.177014499999927 ], [ -51.561237599999977, -27.176975099999932 ], [ -51.561196399999972, -27.176907899999946 ], [ -51.561164099999985, -27.176841699999962 ], [ -51.5611598, -27.176829199999922 ], [ -51.561138699999951, -27.176753099999935 ], [ -51.561139399999945, -27.176695 ], [ -51.561143299999969, -27.176623799999962 ], [ -51.561151599999967, -27.176575499999949 ], [ -51.561164599999977, -27.176532699999935 ], [ -51.561189799999973, -27.176496099999945 ], [ -51.561210299999971, -27.17646509999997 ], [ -51.561234899999938, -27.176436099999933 ], [ -51.561254199999944, -27.176382499999921 ], [ -51.561258199999941, -27.176347 ], [ -51.561262499999934, -27.176258899999929 ], [ -51.561263599999961, -27.176108799999945 ], [ -51.561289099999954, -27.176019699999983 ], [ -51.561331599999953, -27.17595909999994 ], [ -51.561359899999957, -27.175937799999943 ], [ -51.561386099999943, -27.175914499999976 ], [ -51.561425399999969, -27.175886099999957 ], [ -51.561482099999985, -27.175860199999939 ], [ -51.561512499999935, -27.175848199999962 ], [ -51.561568399999942, -27.175838499999944 ], [ -51.561599199999932, -27.175833099999977 ], [ -51.561629, -27.17581939999997 ], [ -51.561694299999942, -27.175780799999931 ], [ -51.561741599999948, -27.175758399999953 ], [ -51.56177629999997, -27.175744699999932 ], [ -51.561811, -27.17572179999997 ], [ -51.561835599999938, -27.175692799999975 ], [ -51.561875699999973, -27.175643799999936 ], [ -51.561907099999985, -27.175607499999952 ], [ -51.561943399999961, -27.175552699999979 ], [ -51.561958399999988, -27.175525199999989 ], [ -51.561970899999942, -27.17548909999994 ], [ -51.561984699999982, -27.175444599999935 ], [ -51.561998099999983, -27.175405699999953 ], [ -51.562022099999979, -27.175370099999949 ], [ -51.562042299999973, -27.175348299999936 ], [ -51.56207, -27.175321299999965 ], [ -51.562097299999948, -27.175298099999967 ], [ -51.562120599999957, -27.175272699999944 ], [ -51.562214799999936, -27.175175199999952 ], [ -51.562244599999985, -27.175133299999988 ], [ -51.562256899999966, -27.175099899999964 ], [ -51.562298599999963, -27.174981399999979 ], [ -51.562319, -27.174914599999969 ], [ -51.56233949999995, -27.174836499999977 ], [ -51.562350699999975, -27.174780599999956 ], [ -51.562360099999978, -27.174681299999964 ], [ -51.562369399999973, -27.174621499999947 ], [ -51.562378299999985, -27.174576799999961 ], [ -51.562390899999968, -27.174530299999955 ], [ -51.562404399999934, -27.174480199999952 ], [ -51.562416699999964, -27.174457299999965 ], [ -51.562424899999947, -27.174411299999978 ], [ -51.562426399999936, -27.174335699999975 ], [ -51.562444299999989, -27.174234399999921 ], [ -51.562466, -27.17415189999997 ], [ -51.5625, -27.174041899999949 ], [ -51.562525799999946, -27.173945199999924 ], [ -51.562579099999937, -27.173806 ], [ -51.562768599999977, -27.173609799999941 ], [ -51.562923399999931, -27.173488399999947 ], [ -51.563044499999926, -27.173391299999942 ], [ -51.563138699999968, -27.173312399999936 ], [ -51.563307099999975, -27.173215099999936 ], [ -51.563428599999952, -27.173184399999972 ], [ -51.5644147, -27.172620499999933 ], [ -51.564861, -27.172348799999945 ], [ -51.568379799999946, -27.170206399999987 ], [ -51.570573199999956, -27.173216299999986 ], [ -51.579713699999957, -27.169138699999976 ], [ -51.594065599999965, -27.16118349999994 ], [ -51.594827899999984, -27.161200499999943 ], [ -51.595737299999939, -27.161169799999985 ], [ -51.596106499999955, -27.161156099999967 ], [ -51.596940699999941, -27.161132199999948 ], [ -51.597344099999987, -27.161091099999968 ], [ -51.597798799999971, -27.161012499999963 ], [ -51.598082599999941, -27.160920199999961 ], [ -51.598492799999974, -27.160735599999942 ], [ -51.600267099999947, -27.159805699999939 ], [ -51.601077399999951, -27.159368099999941 ], [ -51.601545699999974, -27.159132199999924 ], [ -51.602038, -27.158896299999977 ], [ -51.602167899999984, -27.158869 ], [ -51.60229789999994, -27.158879199999948 ], [ -51.61105809999998, -27.154874399999976 ], [ -51.61149329999995, -27.154676499999933 ], [ -51.611318399999959, -27.154484199999967 ], [ -51.608606, -27.150242299999938 ], [ -51.607907099999984, -27.149357499999947 ], [ -51.606103, -27.146369099999951 ], [ -51.606123499999967, -27.146321699999934 ], [ -51.6061486, -27.14622439999993 ], [ -51.606160799999934, -27.1461341 ], [ -51.606167299999981, -27.146033099999947 ], [ -51.606163799999941, -27.145938199999932 ], [ -51.606158799999946, -27.145829499999934 ], [ -51.606149899999942, -27.145732099999975 ], [ -51.606139099999957, -27.145672599999951 ], [ -51.606135099999953, -27.145672299999937 ], [ -51.606038699999942, -27.145641599999976 ], [ -51.605975699999924, -27.145592599999922 ], [ -51.605950899999989, -27.14557259999998 ], [ -51.605867699999976, -27.145488799999956 ], [ -51.605839099999969, -27.145460099999976 ], [ -51.60577, -27.14537329999996 ], [ -51.605733399999963, -27.145334299999934 ], [ -51.605707699999982, -27.145301899999932 ], [ -51.60569849999996, -27.14528909999996 ], [ -51.605682899999977, -27.145267899999975 ], [ -51.605668599999944, -27.145242099999955 ], [ -51.605655, -27.145215199999935 ], [ -51.60564, -27.145174299999944 ], [ -51.605629199999953, -27.145135099999955 ], [ -51.605610399999932, -27.145036099999963 ], [ -51.605601599999943, -27.144942 ], [ -51.605596299999945, -27.144815399999974 ], [ -51.605573499999927, -27.144675199999934 ], [ -51.605554299999937, -27.144570399999974 ], [ -51.60552389999998, -27.144475299999943 ], [ -51.605485399999964, -27.144374899999956 ], [ -51.605437199999983, -27.144286 ], [ -51.605395, -27.144198199999934 ], [ -51.605342299999961, -27.144125499999962 ], [ -51.605314099999987, -27.144090199999937 ], [ -51.605200299999979, -27.14410839999994 ], [ -51.605091399999928, -27.144118799999937 ], [ -51.604950899999942, -27.144133099999973 ], [ -51.604838699999959, -27.144138699999925 ], [ -51.604726899999946, -27.144137 ], [ -51.604622399999982, -27.144131 ], [ -51.6045, -27.144100099999942 ], [ -51.604409099999941, -27.144058299999983 ], [ -51.604295699999966, -27.143983799999948 ], [ -51.604252, -27.143942599999942 ], [ -51.604176799999948, -27.143859 ], [ -51.604115799999931, -27.14376679999997 ], [ -51.604057, -27.143652299999921 ], [ -51.604004, -27.143541 ], [ -51.603949399999983, -27.143436799999964 ], [ -51.603891899999951, -27.143335799999932 ], [ -51.603843899999958, -27.143246899999944 ], [ -51.603783399999934, -27.143144 ], [ -51.603740499999965, -27.143045799999985 ], [ -51.603687899999954, -27.142932299999934 ], [ -51.603623899999945, -27.142806599999982 ], [ -51.603572799999938, -27.142721299999959 ], [ -51.603507099999945, -27.142640599999929 ], [ -51.603438599999947, -27.14255449999996 ], [ -51.603364399999982, -27.142468699999931 ], [ -51.603292899999985, -27.142358 ], [ -51.603233099999962, -27.14226149999995 ], [ -51.603187199999979, -27.14217569999995 ], [ -51.603141099999959, -27.142081599999987 ], [ -51.603066599999977, -27.142003099999943 ], [ -51.602983499999937, -27.14193969999997 ], [ -51.602951, -27.141955399999969 ], [ -51.602851199999975, -27.142001499999932 ], [ -51.602802399999973, -27.142037599999977 ], [ -51.602759899999974, -27.142069099999961 ], [ -51.602706, -27.142119099999952 ], [ -51.602685099999974, -27.142138499999927 ], [ -51.602596199999937, -27.142184799999942 ], [ -51.602514, -27.142243299999951 ], [ -51.602438499999948, -27.142326099999938 ], [ -51.602380799999935, -27.142409299999944 ], [ -51.602321699999948, -27.142493599999963 ], [ -51.602246099999945, -27.142582699999934 ], [ -51.602177899999958, -27.142649699999939 ], [ -51.602092, -27.142721899999973 ], [ -51.60199669999998, -27.142793499999989 ], [ -51.601897099999974, -27.142859099999946 ], [ -51.601763, -27.142967 ], [ -51.601687, -27.143046799999976 ], [ -51.601616599999936, -27.143143799999969 ], [ -51.601556199999948, -27.143249 ], [ -51.601494299999963, -27.143379799999931 ], [ -51.601428399999975, -27.143505 ], [ -51.601359399999986, -27.143584099999959 ], [ -51.601287099999979, -27.143668599999959 ], [ -51.60122019999995, -27.143750899999922 ], [ -51.601151, -27.143826499999932 ], [ -51.601099599999941, -27.143930399999931 ], [ -51.601058299999977, -27.144033799999935 ], [ -51.601005499999985, -27.144119199999988 ], [ -51.600939599999947, -27.144215599999935 ], [ -51.600888199999979, -27.144294199999923 ], [ -51.600552599999958, -27.14461229999996 ], [ -51.600456499999957, -27.144675599999971 ], [ -51.600345699999941, -27.144737 ], [ -51.600231399999984, -27.144796199999973 ], [ -51.600131899999951, -27.144843199999968 ], [ -51.600009, -27.144892099999936 ], [ -51.599886299999973, -27.14493519999996 ], [ -51.599746699999969, -27.144968199999941 ], [ -51.599647099999977, -27.144985199999955 ], [ -51.599536899999976, -27.14499759999995 ], [ -51.599418, -27.145007499999974 ], [ -51.599279899999942, -27.145016099999967 ], [ -51.599109399999982, -27.145030199999958 ], [ -51.599055899999939, -27.145034499999955 ], [ -51.598926599999977, -27.145045 ], [ -51.598814299999958, -27.145059 ], [ -51.598703299999954, -27.145075399999939 ], [ -51.598590699999932, -27.145097299999978 ], [ -51.598493899999944, -27.145124699999933 ], [ -51.598379099999931, -27.145179599999953 ], [ -51.598299, -27.145260499999956 ], [ -51.598239, -27.145379599999949 ], [ -51.59821089999997, -27.145484599999975 ], [ -51.59818729999995, -27.145594499999959 ], [ -51.598165399999964, -27.145698899999953 ], [ -51.598132099999987, -27.145794699999954 ], [ -51.598082499999975, -27.145886799999978 ], [ -51.598009, -27.145963499999926 ], [ -51.597900799999934, -27.146044799999977 ], [ -51.597803, -27.14610809999995 ], [ -51.597687499999942, -27.146183099999973 ], [ -51.597589799999987, -27.146247799999955 ], [ -51.597483599999975, -27.146307699999959 ], [ -51.59737279999996, -27.146365199999938 ], [ -51.597314599999947, -27.146389899999981 ], [ -51.597270399999957, -27.146408599999965 ], [ -51.597132399999971, -27.146469 ], [ -51.597011799999962, -27.146517699999951 ], [ -51.596923, -27.146562399999944 ], [ -51.596820199999975, -27.146631899999939 ], [ -51.596727399999963, -27.146701199999935 ], [ -51.596618099999944, -27.1467914 ], [ -51.596508599999943, -27.146909099999959 ], [ -51.596416199999965, -27.147017 ], [ -51.5963546, -27.147106599999976 ], [ -51.596283, -27.14718809999993 ], [ -51.596189799999934, -27.147260899999935 ], [ -51.596166, -27.147275799999928 ], [ -51.596065199999941, -27.147312499999948 ], [ -51.596037099999933, -27.147322799999984 ], [ -51.595911299999955, -27.147342199999965 ], [ -51.595753599999966, -27.147334699999931 ], [ -51.595615499999944, -27.147321 ], [ -51.595512799999938, -27.147308699999943 ], [ -51.595381499999974, -27.147314899999973 ], [ -51.595228399999939, -27.147319799999931 ], [ -51.595088099999941, -27.147332099999961 ], [ -51.594954099999939, -27.147357499999934 ], [ -51.594837899999959, -27.147382399999962 ], [ -51.594731299999978, -27.147403099999956 ], [ -51.594633899999963, -27.147428899999976 ], [ -51.594516799999958, -27.147477599999949 ], [ -51.594418899999944, -27.147556399999932 ], [ -51.594402699999925, -27.147576299999965 ], [ -51.594365499999981, -27.147660799999979 ], [ -51.594346199999961, -27.14774 ], [ -51.594340299999949, -27.147811499999914 ], [ -51.594336899999973, -27.147846599999976 ], [ -51.594332699999939, -27.147890099999987 ], [ -51.594322199999965, -27.147973899999947 ], [ -51.594286599999975, -27.14804509999993 ], [ -51.594231299999933, -27.148114599999936 ], [ -51.594151599999982, -27.14815649999996 ], [ -51.594036299999971, -27.148178199999968 ], [ -51.593920399999945, -27.148157499999975 ], [ -51.593788599999982, -27.148128399999958 ], [ -51.593669599999942, -27.148108099999938 ], [ -51.593536099999945, -27.148114699999944 ], [ -51.5934099, -27.148134599999928 ], [ -51.593336, -27.148156799999974 ], [ -51.593232799999953, -27.148199899999945 ], [ -51.593182699999943, -27.148236799999953 ], [ -51.593155399999944, -27.148279599999956 ], [ -51.593149299999936, -27.148361699999949 ], [ -51.593162599999978, -27.148464 ], [ -51.593200699999954, -27.148593399999978 ], [ -51.593239399999959, -27.14866 ], [ -51.593276, -27.148718599999935 ], [ -51.5933328, -27.148797299999945 ], [ -51.593377499999967, -27.148859199999947 ], [ -51.593436899999972, -27.148951299999968 ], [ -51.593471799999975, -27.149017799999964 ], [ -51.593499099999974, -27.149093199999967 ], [ -51.593514199999959, -27.149163699999981 ], [ -51.593519, -27.149241299999975 ], [ -51.593513099999939, -27.149317199999924 ], [ -51.593479299999956, -27.149391899999959 ], [ -51.593420499999979, -27.149447 ], [ -51.59335649999997, -27.149479299999939 ], [ -51.593326299999951, -27.149488099999928 ], [ -51.5932557, -27.149496899999971 ], [ -51.593196599999942, -27.149494499999946 ], [ -51.593105799999933, -27.149480299999926 ], [ -51.593004699999945, -27.149452099999955 ], [ -51.592931299999975, -27.149442099999931 ], [ -51.592843099999982, -27.14944069999996 ], [ -51.592749799999979, -27.149451699999933 ], [ -51.592659499999961, -27.149478599999956 ], [ -51.592585299999939, -27.149515 ], [ -51.592498199999966, -27.149555899999932 ], [ -51.592414499999968, -27.149589699999972 ], [ -51.592328799999969, -27.149619799999979 ], [ -51.592231, -27.149650799999961 ], [ -51.592159, -27.149664499999968 ], [ -51.592086599999966, -27.149662699999979 ], [ -51.592012699999941, -27.149644199999958 ], [ -51.591959799999984, -27.149620399999936 ], [ -51.58775, -27.143219 ], [ -51.587362199999973, -27.143316 ], [ -51.587179299999946, -27.143377699999977 ], [ -51.586992699999939, -27.143483 ], [ -51.586830599999985, -27.143595599999973 ], [ -51.586730799999941, -27.14363069999996 ], [ -51.586573, -27.143620899999981 ], [ -51.586471899999928, -27.143578699999974 ], [ -51.58615, -27.143352499999935 ], [ -51.585882199999958, -27.143209899999928 ], [ -51.585724099999936, -27.143165499999956 ], [ -51.585384199999964, -27.143143799999962 ], [ -51.585022599999945, -27.143163 ], [ -51.584680099999957, -27.143227 ], [ -51.584457, -27.143354 ], [ -51.584308599999986, -27.143459599999968 ], [ -51.583599199999981, -27.144208 ], [ -51.58176, -27.145259 ], [ -51.581235699999979, -27.14559979999996 ], [ -51.58072089999996, -27.145218499999935 ], [ -51.580072899999948, -27.144326299999943 ], [ -51.580036199999945, -27.144323099999951 ], [ -51.579964699999955, -27.144280699999968 ], [ -51.579919699999955, -27.144242199999944 ], [ -51.57988759999995, -27.144227 ], [ -51.57984689999995, -27.144220099999931 ], [ -51.579771799999946, -27.144227799999953 ], [ -51.579641899999956, -27.144237599999929 ], [ -51.57962619999995, -27.144237499999974 ], [ -51.579599599999938, -27.14423659999995 ], [ -51.579577099999938, -27.144234399999952 ], [ -51.579552399999955, -27.144233 ], [ -51.579535299999982, -27.144235 ], [ -51.579519399999981, -27.144240099999941 ], [ -51.57945239999998, -27.144271799999952 ], [ -51.579386899999967, -27.144298799999945 ], [ -51.579326399999957, -27.144327399999952 ], [ -51.5792742, -27.144372299999933 ], [ -51.57923889999995, -27.144438 ], [ -51.579202599999974, -27.1445007 ], [ -51.579179499999945, -27.144530499999981 ], [ -51.579156899999987, -27.144559699999952 ], [ -51.57908759999998, -27.14460489999993 ], [ -51.579000599999972, -27.144635699999967 ], [ -51.57891, -27.14464919999994 ], [ -51.578839599999981, -27.144646299999977 ], [ -51.57882079999996, -27.144644899999935 ], [ -51.578755699999931, -27.144639799999936 ], [ -51.57867449999997, -27.144638699999977 ], [ -51.578587, -27.144632699999931 ], [ -51.578549499999951, -27.144626699999943 ], [ -51.578514499999983, -27.144621 ], [ -51.578431899999941, -27.144609399999972 ], [ -51.578326899999979, -27.144601799999975 ], [ -51.578245799999934, -27.144600099999927 ], [ -51.5781621, -27.144600599999926 ], [ -51.578084499999925, -27.144609399999982 ], [ -51.577995699999974, -27.144630799999948 ], [ -51.577917399999933, -27.144647 ], [ -51.577836599999955, -27.144669 ], [ -51.57776419999994, -27.144693 ], [ -51.577695699999936, -27.144718399999945 ], [ -51.577633499999934, -27.144752399999962 ], [ -51.577566099999956, -27.144802399999939 ], [ -51.577477099999946, -27.144881199999929 ], [ -51.577404399999985, -27.144946099999974 ], [ -51.577344699999969, -27.144993499999941 ], [ -51.577276399999967, -27.145042399999962 ], [ -51.577199399999984, -27.145094099999941 ], [ -51.577108, -27.145153299999947 ], [ -51.577004599999952, -27.145215499999949 ], [ -51.576631, -27.145377 ], [ -51.576549599999964, -27.145403599999945 ], [ -51.576465499999976, -27.14543 ], [ -51.576386299999967, -27.145458499999958 ], [ -51.576292199999955, -27.145506699999935 ], [ -51.576212099999964, -27.145560299999946 ], [ -51.57613189999995, -27.145637 ], [ -51.576056499999936, -27.145720099999952 ], [ -51.575985099999976, -27.145798399999936 ], [ -51.575910599999986, -27.14587639999997 ], [ -51.57583859999994, -27.145947699999951 ], [ -51.575768799999942, -27.145992499999977 ], [ -51.575682099999938, -27.146022399999929 ], [ -51.575596199999943, -27.146029 ], [ -51.575520499999975, -27.146031399999973 ], [ -51.575445699999939, -27.146044899999932 ], [ -51.575370899999932, -27.146062399999948 ], [ -51.575295799999935, -27.146083499999964 ], [ -51.575210899999945, -27.146112799999962 ], [ -51.575113699999982, -27.14614089999997 ], [ -51.575022, -27.146174599999927 ], [ -51.574936899999955, -27.146223099999922 ], [ -51.574868199999969, -27.146278799999951 ], [ -51.574791099999977, -27.146342199999935 ], [ -51.574734199999966, -27.146383 ], [ -51.574675, -27.146416099999954 ], [ -51.574595499999987, -27.146461499999941 ], [ -51.574516299999971, -27.146494799999964 ], [ -51.574447499999962, -27.146516199999951 ], [ -51.574349699999964, -27.146534799999987 ], [ -51.574268699999948, -27.146524399999983 ], [ -51.574203699999941, -27.146481599999962 ], [ -51.574148099999945, -27.146440899999966 ], [ -51.574071699999926, -27.146405699999946 ], [ -51.573989, -27.146370499999932 ], [ -51.573903499999972, -27.146340799999962 ], [ -51.573826399999973, -27.14631159999993 ], [ -51.573756799999948, -27.146286299999936 ], [ -51.573675199999968, -27.146253699999932 ], [ -51.573596499999951, -27.14622119999995 ], [ -51.573526199999954, -27.146174799999983 ], [ -51.573467799999946, -27.146122799999944 ], [ -51.573382, -27.146056899999948 ], [ -51.573338399999955, -27.146032599999959 ], [ -51.573243899999973, -27.14599769999996 ], [ -51.573167899999937, -27.145981399999986 ], [ -51.573080499999946, -27.145975799999974 ], [ -51.572982199999963, -27.145978299999971 ], [ -51.572866399999945, -27.145995199999952 ], [ -51.572750799999937, -27.146020299999975 ], [ -51.57266489999995, -27.146039 ], [ -51.572571799999942, -27.146065 ], [ -51.572461799999985, -27.14608219999997 ], [ -51.572367499999984, -27.146095099999961 ], [ -51.572270299999957, -27.14610109999996 ], [ -51.572178299999962, -27.146090299999983 ], [ -51.572093099999968, -27.146072 ], [ -51.572014, -27.146043399999943 ], [ -51.571942499999984, -27.146002699999944 ], [ -51.571874599999951, -27.14595659999997 ], [ -51.571803899999971, -27.145889299999965 ], [ -51.57174729999997, -27.145806699999969 ], [ -51.571695, -27.145739699999975 ], [ -51.571623599999945, -27.14570539999994 ], [ -51.571539399999949, -27.145717099999956 ], [ -51.571447599999935, -27.145749399999946 ], [ -51.571350299999949, -27.145779499999939 ], [ -51.571274699999954, -27.145787499999983 ], [ -51.571190599999966, -27.14578569999998 ], [ -51.571102799999942, -27.145779199999939 ], [ -51.571015399999965, -27.145777499999941 ], [ -51.570915799999973, -27.1457784 ], [ -51.570875499999943, -27.14578169999993 ], [ -51.57084459999998, -27.145784099999958 ], [ -51.570739599999968, -27.1457928 ], [ -51.570666299999971, -27.145796099999924 ], [ -51.570576899999942, -27.145801299999963 ], [ -51.57049909999995, -27.145807699999978 ], [ -51.570394499999964, -27.145819099999976 ], [ -51.570317599999953, -27.14582949999993 ], [ -51.570232099999949, -27.145846199999941 ], [ -51.570179599999953, -27.145862499999957 ], [ -51.570140099999954, -27.145874799999945 ], [ -51.570047799999948, -27.145906699999944 ], [ -51.56996, -27.145939199999933 ], [ -51.569878, -27.145970699999975 ], [ -51.569799899999964, -27.145999499999967 ], [ -51.569733, -27.146027399999973 ], [ -51.56967139999994, -27.146047599999967 ], [ -51.569595399999969, -27.146069899999929 ], [ -51.569510599999944, -27.146092899999925 ], [ -51.569423699999966, -27.146113899999925 ], [ -51.569347299999947, -27.146134199999953 ], [ -51.569262199999969, -27.14615369999996 ], [ -51.569178299999983, -27.146164799999937 ], [ -51.569099799999947, -27.146168499999938 ], [ -51.568994099999941, -27.146167899999966 ], [ -51.568924599999953, -27.146161899999978 ], [ -51.5688229, -27.146155299999979 ], [ -51.56871479999996, -27.14615 ], [ -51.568612199999954, -27.146147699999972 ], [ -51.568513899999971, -27.14616089999998 ], [ -51.56844719999998, -27.146182799999949 ], [ -51.568366799999978, -27.146219399999943 ], [ -51.56831719999996, -27.14626729999998 ], [ -51.568273099999942, -27.146339399999938 ], [ -51.568237499999952, -27.146397899999954 ], [ -51.568195899999978, -27.146449199999957 ], [ -51.568143, -27.146509599999948 ], [ -51.568072, -27.146572799999944 ], [ -51.567994399999975, -27.146616199999976 ], [ -51.567908899999964, -27.14664219999997 ], [ -51.567817099999957, -27.146655899999928 ], [ -51.56774189999993, -27.146656699999937 ], [ -51.56765809999996, -27.146651899999927 ], [ -51.5675682, -27.146638 ], [ -51.567474399999981, -27.146619899999962 ], [ -51.56740079999998, -27.146608399999941 ], [ -51.567307899999946, -27.14659719999997 ], [ -51.567207799999949, -27.146590799999952 ], [ -51.567129499999965, -27.146588799999954 ], [ -51.567042, -27.146593399999965 ], [ -51.566957799999962, -27.146609299999962 ], [ -51.566886199999942, -27.146632099999973 ], [ -51.56680869999996, -27.146662299999939 ], [ -51.566720599999933, -27.146693699999965 ], [ -51.566638399999931, -27.146714599999932 ], [ -51.56651, -27.146760299999983 ], [ -51.566443399999962, -27.146790099999972 ], [ -51.566353499999941, -27.146831699999954 ], [ -51.566257299999968, -27.146882 ], [ -51.56614749999995, -27.146947299999962 ], [ -51.566022199999964, -27.147015699999937 ], [ -51.565950299999948, -27.147056 ], [ -51.565886499999976, -27.147093699999978 ], [ -51.565814899999964, -27.147141399999938 ], [ -51.565735799999977, -27.147192499999949 ], [ -51.565658299999939, -27.14724559999997 ], [ -51.565579, -27.147294899999963 ], [ -51.565503199999966, -27.147333099999969 ], [ -51.565431599999961, -27.147357799999941 ], [ -51.56538, -27.147365799999928 ], [ -51.565341499999931, -27.147371799999977 ], [ -51.565267499999948, -27.147373599999977 ], [ -51.565174599999978, -27.147372299999958 ], [ -51.565067499999941, -27.147367299999924 ], [ -51.564982599999951, -27.147367099999947 ], [ -51.564893499999982, -27.147366 ], [ -51.564798099999962, -27.147363299999938 ], [ -51.564726699999945, -27.147362 ], [ -51.564648399999946, -27.14736009999995 ], [ -51.56456449999996, -27.147353299999956 ], [ -51.564482799999958, -27.147346099999936 ], [ -51.564409599999983, -27.147338399999963 ], [ -51.564335099999937, -27.147324599999923 ], [ -51.564248699999951, -27.147313299999947 ], [ -51.564137499999951, -27.14730469999995 ], [ -51.564046199999943, -27.14729739999996 ], [ -51.563963499999943, -27.147283499999958 ], [ -51.563879099999951, -27.147271199999967 ], [ -51.563795299999981, -27.147259399999946 ], [ -51.563702499999977, -27.147251199999964 ], [ -51.563603199999932, -27.147249399999957 ], [ -51.563501599999945, -27.147257399999944 ], [ -51.56338889999995, -27.147274099999944 ], [ -51.563250899999957, -27.147314199999979 ], [ -51.563155799999947, -27.147349799999969 ], [ -51.563068799999947, -27.147394299999977 ], [ -51.562977499999938, -27.147451499999935 ], [ -51.562957199999964, -27.147465699999934 ], [ -51.5628847, -27.147516399999979 ], [ -51.56279939999996, -27.147589399999958 ], [ -51.56272679999995, -27.147642799999968 ], [ -51.5626238, -27.147723699999982 ], [ -51.562566699999934, -27.147773699999959 ], [ -51.5625, -27.147822899999952 ], [ -51.562428099999977, -27.147871399999929 ], [ -51.562360799999972, -27.147913199999948 ], [ -51.562270799999965, -27.147965799999952 ], [ -51.562215, -27.147992299999949 ], [ -51.562153399999936, -27.148031099999976 ], [ -51.562099799999942, -27.148054699999935 ], [ -51.562025499999947, -27.148064899999952 ], [ -51.561947799999984, -27.148046499999964 ], [ -51.561869099999967, -27.148016099999946 ], [ -51.561781599999961, -27.147973 ], [ -51.561680199999955, -27.147934 ], [ -51.56158789999995, -27.147921499999939 ], [ -51.5614667, -27.147920899999985 ], [ -51.561333799999943, -27.147954 ], [ -51.561213399999986, -27.147986799999952 ], [ -51.560980899999947, -27.148146699999984 ], [ -51.560826299999981, -27.148318 ], [ -51.560756, -27.148349499999949 ], [ -51.560673099999981, -27.148377599999936 ], [ -51.560558499999949, -27.148400599999938 ], [ -51.560463299999988, -27.148436499999949 ], [ -51.560308499999962, -27.148525299999953 ], [ -51.56021759999993, -27.148576099999957 ], [ -51.560118799999941, -27.148645599999956 ], [ -51.560031499999987, -27.148673899999945 ], [ -51.559958499999937, -27.148680899999935 ], [ -51.55979549999995, -27.148663099999968 ], [ -51.559694599999943, -27.148658099999974 ], [ -51.559598399999963, -27.148671799999939 ], [ -51.559483699999923, -27.148721799999983 ], [ -51.559355399999966, -27.148807199999968 ], [ -51.559226699999961, -27.148877699999957 ], [ -51.559167899999984, -27.148944099999945 ], [ -51.559111, -27.149027699999973 ], [ -51.559050199999952, -27.149130199999941 ], [ -51.559, -27.149266399999934 ], [ -51.5589662, -27.149315699999942 ], [ -51.558912399999947, -27.14935439999994 ], [ -51.558827299999962, -27.14936889999996 ], [ -51.558751199999953, -27.149352099999938 ], [ -51.558633299999947, -27.149343799999929 ], [ -51.558531899999934, -27.149316399999979 ], [ -51.558367799999985, -27.14925949999996 ], [ -51.558236499999964, -27.149217899999943 ], [ -51.558118799999932, -27.149224599999961 ], [ -51.557967399999939, -27.149270599999969 ], [ -51.55786679999995, -27.149288099999971 ], [ -51.55777, -27.149286699999937 ], [ -51.557685699999972, -27.149281399999943 ], [ -51.557597299999941, -27.149279799999931 ], [ -51.557517399999938, -27.149281799999972 ], [ -51.557446399999954, -27.149309699999939 ], [ -51.557358399999941, -27.149361699999933 ], [ -51.557255, -27.149415499999975 ], [ -51.55713829999997, -27.149474599999959 ], [ -51.557025499999952, -27.149522299999941 ], [ -51.556813199999972, -27.149550599999934 ], [ -51.556811, -27.149551 ], [ -51.556809199999982, -27.149551599999931 ], [ -51.556806499999936, -27.149553 ], [ -51.556793399999947, -27.149611799999935 ], [ -51.556785299999937, -27.149641 ], [ -51.55678, -27.149655899999964 ], [ -51.556762699999979, -27.14969879999996 ], [ -51.556744399999957, -27.149746599999958 ], [ -51.5567387, -27.149759399999947 ], [ -51.556731799999966, -27.149772499999983 ], [ -51.556719399999956, -27.149792 ], [ -51.556708599999979, -27.149806799999968 ], [ -51.556697399999962, -27.149820399999946 ], [ -51.556685499999951, -27.14983279999996 ], [ -51.556672, -27.149845199999966 ], [ -51.556650599999962, -27.149862599999949 ], [ -51.556627899999967, -27.149879599999956 ], [ -51.556611199999971, -27.149891 ], [ -51.556598699999938, -27.149898499999946 ], [ -51.556583599999946, -27.149906299999941 ], [ -51.556564699999974, -27.149915 ], [ -51.556542199999967, -27.149924199999937 ], [ -51.556517599999943, -27.149933299999923 ], [ -51.556492599999963, -27.149941499999954 ], [ -51.556480399999934, -27.149945 ], [ -51.556457299999977, -27.149950699999977 ], [ -51.556435, -27.149954599999941 ], [ -51.556412599999938, -27.149957399999952 ], [ -51.556376199999939, -27.149960199999953 ], [ -51.556335099999956, -27.149962199999951 ], [ -51.556258799999966, -27.149964199999953 ], [ -51.556192199999941, -27.149965 ], [ -51.556137699999965, -27.149965 ], [ -51.556018399999971, -27.149964 ], [ -51.555979199999967, -27.149964099999966 ], [ -51.555942099999982, -27.149964699999945 ], [ -51.555906899999961, -27.14996589999998 ], [ -51.555857399999979, -27.149968499999947 ], [ -51.555758799999978, -27.14997579999994 ], [ -51.555729799999931, -27.149977499999977 ], [ -51.55571539999994, -27.149977599999943 ], [ -51.55569509999998, -27.149976 ], [ -51.555621, -27.149965799999972 ], [ -51.555583599999977, -27.149961299999976 ], [ -51.555561299999972, -27.14995939999994 ], [ -51.555530099999942, -27.149958299999973 ], [ -51.555508799999984, -27.149958499999965 ], [ -51.555485699999963, -27.149959499999966 ], [ -51.555435199999977, -27.149963 ], [ -51.555399199999954, -27.149966399999972 ], [ -51.555337399999985, -27.149974199999981 ], [ -51.555317499999944, -27.149975899999948 ], [ -51.555305699999963, -27.149976399999964 ], [ -51.555289899999934, -27.14997609999994 ], [ -51.555276399999968, -27.149974899999961 ], [ -51.555264899999941, -27.149973099999951 ], [ -51.555254799999943, -27.149970699999987 ], [ -51.555242799999967, -27.149967199999931 ], [ -51.555234399999954, -27.149964099999977 ], [ -51.555226199999936, -27.149960399999934 ], [ -51.555210399999972, -27.149951099999946 ], [ -51.555147899999952, -27.149909699999952 ], [ -51.555123599999945, -27.149894799999963 ], [ -51.555111, -27.149887599999936 ], [ -51.555098499999986, -27.149880799999949 ], [ -51.555073099999959, -27.149868399999946 ], [ -51.555047299999949, -27.149857199999939 ], [ -51.555020799999959, -27.149847299999969 ], [ -51.554993599999932, -27.149838499999934 ], [ -51.554965399999951, -27.14983049999995 ], [ -51.554936, -27.14982319999995 ], [ -51.554905199999951, -27.149816599999944 ], [ -51.554872699999983, -27.149810399999971 ], [ -51.554838399999937, -27.149804699999951 ], [ -51.554802299999956, -27.149799499999972 ], [ -51.554764499999976, -27.149795099999942 ], [ -51.554704599999972, -27.14978989999997 ], [ -51.554664099999961, -27.149787499999935 ], [ -51.554624699999977, -27.149786 ], [ -51.554587899999952, -27.149785199999936 ], [ -51.5545547, -27.149785299999966 ], [ -51.554524399999941, -27.149786099999965 ], [ -51.554495899999942, -27.149787699999933 ], [ -51.554468, -27.14979 ], [ -51.554426199999966, -27.149794799999945 ], [ -51.554386699999952, -27.149800699999957 ], [ -51.554363199999962, -27.14980509999997 ], [ -51.554342799999972, -27.149809699999935 ], [ -51.554324799999961, -27.149814599999964 ], [ -51.554308099999957, -27.149820199999965 ], [ -51.554283599999962, -27.149829899999936 ], [ -51.55424289999997, -27.149848799999972 ], [ -51.554216099999962, -27.149862299999949 ], [ -51.5542, -27.149870899999943 ], [ -51.554185399999938, -27.149879499999923 ], [ -51.5541755, -27.149885899999955 ], [ -51.554148599999962, -27.149905299999936 ], [ -51.55412339999998, -27.149925 ], [ -51.55410349999994, -27.149941199999954 ], [ -51.554084399999972, -27.149957499999964 ], [ -51.554061599999955, -27.149978299999933 ], [ -51.554041199999972, -27.149998 ], [ -51.554022499999974, -27.150017199999983 ], [ -51.554009699999931, -27.150031799999958 ], [ -51.553997899999956, -27.150047199999953 ], [ -51.55399029999996, -27.150059199999916 ], [ -51.553986499999951, -27.150066099999943 ], [ -51.553978799999982, -27.150082 ], [ -51.553971, -27.150101199999945 ], [ -51.553959599999978, -27.15013359999995 ], [ -51.553952799999934, -27.1501555 ], [ -51.553947199999982, -27.150175799999943 ], [ -51.553942599999964, -27.150194099999968 ], [ -51.553928099999958, -27.15025839999992 ], [ -51.553917199999944, -27.150299 ], [ -51.553906899999959, -27.150333299999943 ], [ -51.553888499999971, -27.150391499999955 ], [ -51.553879799999955, -27.150415499999951 ], [ -51.553872599999984, -27.150431899999941 ], [ -51.553859099999954, -27.150457599999974 ], [ -51.553843399999948, -27.150483499999943 ], [ -51.553827199999951, -27.150508299999956 ], [ -51.553806099999974, -27.150538499999989 ], [ -51.553780499999966, -27.150572799999953 ], [ -51.553760399999931, -27.150598099999971 ], [ -51.553740399999974, -27.150621599999969 ], [ -51.553720599999963, -27.15064289999998 ], [ -51.553706199999965, -27.150657 ], [ -51.553692399999932, -27.15066939999997 ], [ -51.553679099999954, -27.150680099999924 ], [ -51.55366639999994, -27.150689299999947 ], [ -51.553653899999972, -27.150697399999956 ], [ -51.553645199999949, -27.150702299999963 ], [ -51.553635899999961, -27.150706899999928 ], [ -51.553606299999963, -27.150720399999948 ], [ -51.553592099999953, -27.150727799999974 ], [ -51.553583199999942, -27.150733399999964 ], [ -51.553574599999934, -27.150739599999941 ], [ -51.553562099999972, -27.150750499999965 ], [ -51.553545799999938, -27.150767799999976 ], [ -51.553530499999958, -27.150786299999936 ], [ -51.553515299999958, -27.150805899999959 ], [ -51.553472699999986, -27.150863199999929 ], [ -51.55345159999996, -27.15088929999996 ], [ -51.553429, -27.150914899999979 ], [ -51.553360299999952, -27.150987899999951 ], [ -51.553306799999966, -27.151047699999939 ], [ -51.553295499999933, -27.151058899999963 ], [ -51.553282499999973, -27.151070699999938 ], [ -51.553208299999937, -27.151132299999972 ], [ -51.553194599999976, -27.151144199999969 ], [ -51.553179799999945, -27.151158099999968 ], [ -51.553155799999956, -27.1511829 ], [ -51.553111499999943, -27.151232399999977 ], [ -51.55309189999997, -27.151253399999973 ], [ -51.553048399999966, -27.151297699999926 ], [ -51.552982799999938, -27.151362399999979 ], [ -51.552939, -27.151405 ], [ -51.552896499999974, -27.151444299999977 ], [ -51.552870499999983, -27.151466599999935 ], [ -51.552846, -27.151485699999959 ], [ -51.552834, -27.151494299999975 ], [ -51.552822, -27.151502499999939 ], [ -51.552797599999963, -27.151517499999954 ], [ -51.552785, -27.151524599999952 ], [ -51.552759099999946, -27.15153789999993 ], [ -51.552745899999934, -27.151544199999936 ], [ -51.552719399999951, -27.151555499999972 ], [ -51.552706199999932, -27.151560699999951 ], [ -51.55268029999997, -27.15156979999994 ], [ -51.552655599999973, -27.151577299999925 ], [ -51.552632299999978, -27.151583099999979 ], [ -51.552621299999934, -27.151585399999931 ], [ -51.552601099999947, -27.151588799999963 ], [ -51.552583099999936, -27.151590499999944 ], [ -51.552566899999931, -27.151590899999981 ], [ -51.552559, -27.15159059999996 ], [ -51.552543399999934, -27.15158909999996 ], [ -51.552518499999962, -27.151585199999946 ], [ -51.552490499999969, -27.151579499999968 ], [ -51.552435699999933, -27.151566699999918 ], [ -51.552385199999947, -27.151554 ], [ -51.552345599999967, -27.151543 ], [ -51.552305599999947, -27.151530399999956 ], [ -51.552278599999958, -27.151520799999961 ], [ -51.552251299999966, -27.151509799999918 ], [ -51.552223599999934, -27.151497499999941 ], [ -51.552195699999977, -27.151484 ], [ -51.552167699999984, -27.151469699999954 ], [ -51.552111899999943, -27.151439799999935 ], [ -51.55204619999995, -27.151403499999947 ], [ -51.552000699999951, -27.151377699999955 ], [ -51.551979499999952, -27.151364699999924 ], [ -51.551958299999967, -27.151350599999937 ], [ -51.551947499999976, -27.15134269999994 ], [ -51.551925, -27.151325299999932 ], [ -51.551901799999946, -27.151306 ], [ -51.551878399999964, -27.151285299999987 ], [ -51.551855299999943, -27.151264 ], [ -51.551832799999943, -27.15124239999993 ], [ -51.551810899999971, -27.15122 ], [ -51.551789299999939, -27.151196099999936 ], [ -51.551778599999977, -27.151183299999953 ], [ -51.551767799999944, -27.151169899999964 ], [ -51.551746199999968, -27.151141 ], [ -51.551714, -27.151094299999961 ], [ -51.551653299999948, -27.151001699999931 ], [ -51.551624699999927, -27.150959699999927 ], [ -51.551596099999983, -27.150921 ], [ -51.551576099999977, -27.150896599999953 ], [ -51.551554399999986, -27.150872199999984 ], [ -51.551530299999961, -27.150846599999969 ], [ -51.551502699999958, -27.15081889999993 ], [ -51.551457099999936, -27.150774699999943 ], [ -51.551413, -27.150733399999975 ], [ -51.551377299999956, -27.150701 ], [ -51.551348, -27.150676499999985 ], [ -51.551328199999944, -27.15066179999997 ], [ -51.551305499999955, -27.150646499999944 ], [ -51.551278799999977, -27.150629599999935 ], [ -51.551247899999971, -27.150611 ], [ -51.551193699999942, -27.150579599999954 ], [ -51.551105799999959, -27.150530499999942 ], [ -51.550809399999935, -27.150367599999988 ], [ -51.550747599999966, -27.150332899999967 ], [ -51.550635499999942, -27.150269 ], [ -51.550582399999939, -27.150239499999941 ], [ -51.550555899999942, -27.150225199999966 ], [ -51.550529099999949, -27.15021129999996 ], [ -51.550474299999962, -27.150184199999966 ], [ -51.550419399999946, -27.15015859999993 ], [ -51.550366299999951, -27.150134799999929 ], [ -51.550294, -27.150103499999947 ], [ -51.550251499999945, -27.150085799999957 ], [ -51.55021179999995, -27.150070499999959 ], [ -51.550172899999943, -27.150057499999949 ], [ -51.550153199999954, -27.150051799999968 ], [ -51.550133, -27.150046599999932 ], [ -51.550112299999967, -27.150041799999936 ], [ -51.550069299999961, -27.15003319999995 ], [ -51.550023899999985, -27.150025299999978 ], [ -51.549874299999942, -27.150001399999965 ], [ -51.54979869999994, -27.149988 ], [ -51.549751399999934, -27.149978599999937 ], [ -51.549617199999943, -27.149949399999969 ], [ -51.549568699999959, -27.149939899999936 ], [ -51.54949119999997, -27.14992679999995 ], [ -51.549415299999957, -27.149916199999936 ], [ -51.549369499999948, -27.149910899999949 ], [ -51.549329, -27.149907299999946 ], [ -51.549292899999955, -27.14990489999996 ], [ -51.549260599999968, -27.149903499999947 ], [ -51.549191, -27.149901799999959 ], [ -51.548947399999975, -27.149898899999975 ], [ -51.548899, -27.149897199999941 ], [ -51.548863099999949, -27.149895099999963 ], [ -51.548789899999974, -27.149889399999946 ], [ -51.548716399999932, -27.149882099999964 ], [ -51.548672, -27.149876499999944 ], [ -51.548505199999965, -27.149853599999972 ], [ -51.548479, -27.149849399999937 ], [ -51.548452199999986, -27.149844399999942 ], [ -51.548322, -27.149816799999936 ], [ -51.548170699999957, -27.149787599999964 ], [ -51.547966899999949, -27.149747099999956 ], [ -51.547895099999948, -27.14973179999998 ], [ -51.547762, -27.149701199999988 ], [ -51.54772909999997, -27.149694199999942 ], [ -51.547679399999936, -27.14968469999997 ], [ -51.547572399999972, -27.149666299999982 ], [ -51.547520699999943, -27.149658199999976 ], [ -51.5474842, -27.14965379999995 ], [ -51.547401, -27.149647 ], [ -51.547355, -27.149641399999954 ], [ -51.547333199999969, -27.149638 ], [ -51.547303599999971, -27.149632699999977 ], [ -51.547242799999935, -27.149619499999972 ], [ -51.547219699999971, -27.149615099999949 ], [ -51.547198499999979, -27.149611899999975 ], [ -51.547145299999954, -27.149605499999954 ], [ -51.547129599999955, -27.1496031 ], [ -51.547116199999948, -27.149599899999941 ], [ -51.547099199999934, -27.149594499999974 ], [ -51.546986, -27.149553299999965 ], [ -51.546938599999976, -27.149536899999937 ], [ -51.546808799999951, -27.149496099999965 ], [ -51.546753699999954, -27.149477499999932 ], [ -51.546722099999961, -27.149465899999932 ], [ -51.546703299999933, -27.14945849999998 ], [ -51.546616499999971, -27.149421299999968 ], [ -51.546558299999965, -27.149397799999988 ], [ -51.546537499999936, -27.149390899999958 ], [ -51.546528299999984, -27.149388699999975 ], [ -51.546518599999956, -27.149387199999975 ], [ -51.546507499999962, -27.149386199999977 ], [ -51.546487, -27.149385599999956 ], [ -51.546394799999966, -27.149386699999983 ], [ -51.546355299999966, -27.149386199999977 ], [ -51.546320099999946, -27.149384399999974 ], [ -51.546277299999986, -27.149380299999962 ], [ -51.546237899999944, -27.149375 ], [ -51.546192899999937, -27.149368099999943 ], [ -51.546151499999951, -27.149361399999982 ], [ -51.546112499999943, -27.149354499999962 ], [ -51.546068899999966, -27.149345599999943 ], [ -51.545963699999959, -27.149321599999947 ], [ -51.545924799999973, -27.149313899999981 ], [ -51.545908599999954, -27.14931149999995 ], [ -51.545895099999946, -27.149310099999976 ], [ -51.54588339999998, -27.149309499999962 ], [ -51.545866899999965, -27.149309599999988 ], [ -51.545841899999971, -27.149310599999982 ], [ -51.545818, -27.149312699999946 ], [ -51.545748199999935, -27.149322099999949 ], [ -51.545699, -27.14932779999997 ], [ -51.545544099999972, -27.14934059999996 ], [ -51.545514499999967, -27.149344099999954 ], [ -51.545490299999983, -27.149348 ], [ -51.54547, -27.149352499999964 ], [ -51.545452099999977, -27.149357499999944 ], [ -51.545435099999963, -27.149363299999933 ], [ -51.545418699999971, -27.149370099999945 ], [ -51.545402699999961, -27.149378199999958 ], [ -51.5453869, -27.149387699999973 ], [ -51.545371, -27.149398899999934 ], [ -51.54535489999995, -27.149411799999939 ], [ -51.545330199999967, -27.149434599999942 ], [ -51.545304599999952, -27.149461399999954 ], [ -51.545279499999936, -27.14949049999996 ], [ -51.545264199999963, -27.149509499999969 ], [ -51.545250899999985, -27.149527399999947 ], [ -51.54523469999998, -27.149552 ], [ -51.545225899999934, -27.149568299999938 ], [ -51.545221899999937, -27.149576699999958 ], [ -51.545214299999941, -27.149594699999966 ], [ -51.545204, -27.149624599999978 ], [ -51.545195399999962, -27.149656699999973 ], [ -51.545190699999978, -27.149678699999974 ], [ -51.545187, -27.149700899999971 ], [ -51.545183, -27.149734099999929 ], [ -51.54518139999994, -27.149755799999973 ], [ -51.545180499999958, -27.149777 ], [ -51.545180399999943, -27.149797799999927 ], [ -51.545181, -27.149817899999963 ], [ -51.545183799999954, -27.14985639999998 ], [ -51.54518859999996, -27.149894 ], [ -51.545197199999961, -27.149944 ], [ -51.545206, -27.14998669999995 ], [ -51.545213699999977, -27.150019299999936 ], [ -51.545222899999942, -27.150052899999924 ], [ -51.545230499999953, -27.150076599999981 ], [ -51.545244599999926, -27.150115099999944 ], [ -51.545255499999939, -27.150141599999987 ], [ -51.54527319999994, -27.150179699999974 ], [ -51.545285199999967, -27.150201899999949 ], [ -51.545291199999951, -27.150212 ], [ -51.545303299999944, -27.150230399999923 ], [ -51.545316, -27.150247299999926 ], [ -51.545329399999957, -27.15026389999997 ], [ -51.545351599999954, -27.150289499999928 ], [ -51.545368099999969, -27.150307399999971 ], [ -51.54538609999998, -27.150326099999965 ], [ -51.545437899999968, -27.150377499999941 ], [ -51.545459599999958, -27.150401199999958 ], [ -51.545470299999977, -27.150414099999981 ], [ -51.54548079999995, -27.15042769999997 ], [ -51.545490899999955, -27.150442 ], [ -51.545500499999953, -27.150457 ], [ -51.545509599999946, -27.150472299999919 ], [ -51.545526, -27.150502799999966 ], [ -51.545533099999943, -27.150517499999975 ], [ -51.545544799999959, -27.150544699999951 ], [ -51.545549199999982, -27.150556699999974 ], [ -51.545555899999954, -27.150577699999925 ], [ -51.545564599999977, -27.150612499999969 ], [ -51.545569299999954, -27.150628799999936 ], [ -51.5455755, -27.150645499999943 ], [ -51.545579199999963, -27.15065419999997 ], [ -51.545588099999975, -27.150672499999924 ], [ -51.545605599999931, -27.150702699999957 ], [ -51.545627399999944, -27.150735699999927 ], [ -51.545651, -27.150768799999984 ], [ -51.545694599999941, -27.150827199999974 ], [ -51.545707499999935, -27.150846199999929 ], [ -51.545713599999942, -27.150856199999968 ], [ -51.545725199999936, -27.150877299999934 ], [ -51.545759299999986, -27.150946299999934 ], [ -51.545787599999976, -27.15099809999997 ], [ -51.545802699999967, -27.151024399999972 ], [ -51.545834499999955, -27.151076 ], [ -51.545845899999961, -27.151095699999921 ], [ -51.54585359999998, -27.151112099999985 ], [ -51.54585869999994, -27.151127899999953 ], [ -51.54586379999995, -27.151152799999974 ], [ -51.545868399999954, -27.151182399999982 ], [ -51.545881799999961, -27.151296 ], [ -51.545886399999972, -27.151321799999952 ], [ -51.545895399999949, -27.151359899999928 ], [ -51.545898099999938, -27.151373699999969 ], [ -51.545900299999978, -27.151390199999963 ], [ -51.545900599999989, -27.151401399999923 ], [ -51.545900299999971, -27.151408899999982 ], [ -51.545898899999941, -27.151421 ], [ -51.545892499999979, -27.151458099999953 ], [ -51.545888599999955, -27.151486499999976 ], [ -51.54588449999995, -27.151526399999977 ], [ -51.545878799999976, -27.151597599999945 ], [ -51.545875599999931, -27.151630399999952 ], [ -51.545870699999966, -27.151669899999934 ], [ -51.545855299999964, -27.151779399999949 ], [ -51.545849799999985, -27.151826499999977 ], [ -51.54584659999994, -27.151861599999965 ], [ -51.545843, -27.151917599999937 ], [ -51.545842199999989, -27.151960299999921 ], [ -51.545845299999932, -27.152040799999941 ], [ -51.545850299999984, -27.152117699999962 ], [ -51.545851499999976, -27.152153899999977 ], [ -51.545851299999981, -27.152170599999966 ], [ -51.545850499999972, -27.152178399999972 ], [ -51.545848, -27.152189199999949 ], [ -51.545844399999972, -27.152199 ], [ -51.545833899999927, -27.152223 ], [ -51.545830399999943, -27.15223509999992 ], [ -51.545828399999948, -27.152245099999949 ], [ -51.545826, -27.152262 ], [ -51.545824899999964, -27.152274 ], [ -51.545824299999943, -27.152292299999942 ], [ -51.545824699999962, -27.152310099999958 ], [ -51.54582639999996, -27.152336899999963 ], [ -51.545828599999936, -27.152355599999961 ], [ -51.545831899999946, -27.152372799999974 ], [ -51.545835799999963, -27.152385799999934 ], [ -51.545839399999977, -27.152395099999978 ], [ -51.545846799999936, -27.152410899999943 ], [ -51.545884699999931, -27.152483599999982 ], [ -51.545895599999938, -27.152505699999946 ], [ -51.545903299999971, -27.152522699999967 ], [ -51.545908299999951, -27.152535799999953 ], [ -51.545912499999986, -27.152550799999979 ], [ -51.545915599999951, -27.15256759999993 ], [ -51.54591639999996, -27.152580899999965 ], [ -51.545915699999966, -27.15259189999994 ], [ -51.545913799999944, -27.152603399999972 ], [ -51.545906399999978, -27.152638299999978 ], [ -51.545899899999938, -27.15267149999994 ], [ -51.545896199999959, -27.152687599999968 ], [ -51.545888899999966, -27.152711899999922 ], [ -51.545869699999976, -27.152766199999977 ], [ -51.545865099999951, -27.152782799999962 ], [ -51.545863799999957, -27.152791399999948 ], [ -51.545863399999973, -27.152799699999939 ], [ -51.545863499999939, -27.152811199999977 ], [ -51.545864499999936, -27.152823199999947 ], [ -51.545866499999931, -27.15283509999994 ], [ -51.545868799999937, -27.152843799999971 ], [ -51.545871799999986, -27.152852199999984 ], [ -51.545875699999954, -27.152860699999966 ], [ -51.545886399999965, -27.152878 ], [ -51.545920099999925, -27.152925299999936 ], [ -51.545935299999947, -27.152948599999945 ], [ -51.545942399999937, -27.152961199999933 ], [ -51.545949099999973, -27.152974899999954 ], [ -51.545961099999943, -27.153004399999922 ], [ -51.545970799999971, -27.153032 ], [ -51.545980299999947, -27.153062899999952 ], [ -51.546004499999981, -27.153156 ], [ -51.54601219999995, -27.153183 ], [ -51.546019599999966, -27.15320509999998 ], [ -51.546042199999931, -27.153267199999959 ], [ -51.546051399999961, -27.153294399999925 ], [ -51.54606339999998, -27.153334799999985 ], [ -51.546073299999932, -27.15337669999996 ], [ -51.54607969999995, -27.153399499999974 ], [ -51.54611459999996, -27.153505199999973 ], [ -51.546118499999977, -27.153515899999938 ], [ -51.546121399999947, -27.153522199999934 ], [ -51.546128199999941, -27.153534 ], [ -51.546141599999942, -27.153552399999967 ], [ -51.546157199999975, -27.153571 ], [ -51.546169099999986, -27.153583099999928 ], [ -51.546189199999958, -27.153600199999975 ], [ -51.546220199999944, -27.153624299999947 ], [ -51.546247199999982, -27.153644399999948 ], [ -51.546282899999937, -27.15366969999997 ], [ -51.546317, -27.153692799999934 ], [ -51.54632589999995, -27.153698399999939 ], [ -51.546333799999957, -27.153702599999985 ], [ -51.546347199999964, -27.153708 ], [ -51.546381, -27.153718899999941 ], [ -51.546403599999962, -27.153727 ], [ -51.546424499999951, -27.153736399999953 ], [ -51.546443099999983, -27.153746699999949 ], [ -51.546454399999959, -27.153754 ], [ -51.546465099999978, -27.153761699999947 ], [ -51.546525299999985, -27.153809399999943 ], [ -51.546545099999946, -27.153824199999967 ], [ -51.546568, -27.153840099999975 ], [ -51.546608399999968, -27.15386589999996 ], [ -51.546692599999972, -27.153917299999922 ], [ -51.546724799999943, -27.153939 ], [ -51.546764499999938, -27.153967299999973 ], [ -51.546784699999932, -27.153980199999985 ], [ -51.54680429999997, -27.153991099999931 ], [ -51.546832299999949, -27.154005 ], [ -51.546855799999953, -27.154015499999954 ], [ -51.546872899999983, -27.15402209999997 ], [ -51.546891099999982, -27.154028399999959 ], [ -51.546910499999967, -27.154034199999955 ], [ -51.546993699999973, -27.15405589999995 ], [ -51.547013799999938, -27.154061399999936 ], [ -51.547032399999978, -27.154067099999967 ], [ -51.547048899999943, -27.154073 ], [ -51.547063199999975, -27.15407929999996 ], [ -51.547075899999982, -27.154086199999931 ], [ -51.547087599999941, -27.154094199999985 ], [ -51.547098799999965, -27.154103599999921 ], [ -51.547109799999937, -27.154114299999936 ], [ -51.547125299999948, -27.154131299999953 ], [ -51.547152699999977, -27.154163399999959 ], [ -51.547162599999972, -27.154174099999977 ], [ -51.547174599999941, -27.154185899999955 ], [ -51.547205499999961, -27.154213399999943 ], [ -51.547277799999961, -27.154273099999962 ], [ -51.547292699999957, -27.154286399999943 ], [ -51.547308099999945, -27.154301299999929 ], [ -51.547331899999953, -27.15432629999998 ], [ -51.547396699999979, -27.154398399999938 ], [ -51.547482299999956, -27.154490899999928 ], [ -51.547502399999985, -27.15451419999993 ], [ -51.54751349999998, -27.154529 ], [ -51.547517499999969, -27.154536099999973 ], [ -51.547518799999978, -27.154539699999926 ], [ -51.547519699999953, -27.154544499999929 ], [ -51.547520499999955, -27.154560199999931 ], [ -51.547520199999951, -27.154565099999971 ], [ -51.547519199999954, -27.15457 ], [ -51.547517299999981, -27.154575099999946 ], [ -51.547514199999966, -27.154580799999952 ], [ -51.547492799999986, -27.15461229999994 ], [ -51.547469199999966, -27.15465059999995 ], [ -51.547463299999954, -27.154661799999921 ], [ -51.547461299999945, -27.154667299999971 ], [ -51.54746039999997, -27.154672099999971 ], [ -51.547460299999955, -27.15468049999998 ], [ -51.54746149999994, -27.154686099999932 ], [ -51.547463099999959, -27.154690199999948 ], [ -51.547465299999935, -27.154694 ], [ -51.547468, -27.154697099999961 ], [ -51.547471299999984, -27.154699699999973 ], [ -51.54747679999997, -27.154702399999966 ], [ -51.547482, -27.154703899999966 ], [ -51.547488399999963, -27.154705099999951 ], [ -51.547498799999971, -27.154706199999953 ], [ -51.547507499999938, -27.154706699999966 ], [ -51.547519299999976, -27.154706499999978 ], [ -51.547527699999925, -27.154705699999962 ], [ -51.547538199999956, -27.154703899999955 ], [ -51.547548699999936, -27.154700899999956 ], [ -51.547608299999986, -27.154680899999963 ], [ -51.547620799999954, -27.154678199999985 ], [ -51.547630799999979, -27.154677299999953 ], [ -51.547644799999951, -27.154677499999927 ], [ -51.547656099999976, -27.154679199999986 ], [ -51.547669099999951, -27.154683299999927 ], [ -51.54768, -27.154688499999953 ], [ -51.547693299999935, -27.15469719999993 ], [ -51.547708499999942, -27.154709699999948 ], [ -51.547799499999947, -27.154789799999943 ], [ -51.547822499999938, -27.154811 ], [ -51.547845399999972, -27.15483289999997 ], [ -51.547878699999963, -27.154866199999965 ], [ -51.547909, -27.154898399999983 ], [ -51.547942599999949, -27.154936299999971 ], [ -51.547970899999939, -27.154970199999976 ], [ -51.547977799999956, -27.154979 ], [ -51.547983199999983, -27.154986799999961 ], [ -51.547990299999981, -27.155 ], [ -51.54800379999994, -27.155031799999961 ], [ -51.548020399999984, -27.155075899999932 ], [ -51.548027799999943, -27.155091899999942 ], [ -51.548040199999953, -27.155112499999966 ], [ -51.548068099999966, -27.155155 ], [ -51.54807389999997, -27.155162499999957 ], [ -51.548081, -27.155170299999952 ], [ -51.548138699999974, -27.15522829999998 ], [ -51.548177299999963, -27.155268199999966 ], [ -51.548199899999986, -27.155292599999939 ], [ -51.548228499999944, -27.155324899999986 ], [ -51.548271, -27.155375799999952 ], [ -51.548356499999954, -27.155483 ], [ -51.548419899999949, -27.155559899999965 ], [ -51.548430899999971, -27.155574599999962 ], [ -51.548441299999986, -27.155590399999934 ], [ -51.548479599999951, -27.155655299999982 ], [ -51.548501099999953, -27.155689599999963 ], [ -51.548565699999976, -27.155786099999954 ], [ -51.548578299999974, -27.15580749999998 ], [ -51.54859, -27.15583009999995 ], [ -51.548635399999966, -27.155922699999973 ], [ -51.548689099999933, -27.156030499999929 ], [ -51.548743299999963, -27.156143399999969 ], [ -51.548764799999958, -27.156186099999953 ], [ -51.548781499999969, -27.156215599999936 ], [ -51.548794099999959, -27.15623549999998 ], [ -51.548814799999953, -27.156265699999938 ], [ -51.548870299999983, -27.15634289999997 ], [ -51.548885399999961, -27.15636579999995 ], [ -51.548899899999981, -27.156389699999973 ], [ -51.548914599999932, -27.156416099999937 ], [ -51.54892939999997, -27.156445399999935 ], [ -51.548943899999983, -27.156476699999924 ], [ -51.548966, -27.156527199999964 ], [ -51.5489793, -27.156553699999968 ], [ -51.548990799999956, -27.156574399999958 ], [ -51.549035699999934, -27.156651199999938 ], [ -51.549050899999941, -27.15667939999997 ], [ -51.549061199999983, -27.156702399999968 ], [ -51.549065399999961, -27.156714499999971 ], [ -51.549079899999988, -27.156761899999932 ], [ -51.549096599999984, -27.156824599999933 ], [ -51.549104399999983, -27.156856299999955 ], [ -51.549110599999949, -27.156887 ], [ -51.549113399999953, -27.156906599999946 ], [ -51.549116, -27.15693419999997 ], [ -51.54911709999994, -27.15696719999994 ], [ -51.549116699999956, -27.15700209999995 ], [ -51.549114399999958, -27.157048399999944 ], [ -51.549111499999981, -27.157079 ], [ -51.549108099999955, -27.157099799999962 ], [ -51.549101499999949, -27.157128199999942 ], [ -51.549093799999987, -27.157154199999969 ], [ -51.54908649999993, -27.157173399999976 ], [ -51.549082299999952, -27.15718139999996 ], [ -51.549076699999944, -27.157188699999953 ], [ -51.54906839999996, -27.157196 ], [ -51.54906, -27.157200899999967 ], [ -51.549052499999966, -27.157203599999942 ], [ -51.549041099999954, -27.157205699999967 ], [ -51.549028199999952, -27.157206599999931 ], [ -51.549015199999985, -27.157206099999943 ], [ -51.548995099999956, -27.157204 ], [ -51.54896569999994, -27.1572 ], [ -51.548922, -27.157193199999945 ], [ -51.548894499999953, -27.157188399999942 ], [ -51.548866299999986, -27.157182599999945 ], [ -51.548818299999937, -27.157170599999969 ], [ -51.548794599999944, -27.157165099999929 ], [ -51.548760799999975, -27.15715879999993 ], [ -51.548726599999959, -27.157153899999965 ], [ -51.548709, -27.15715229999995 ], [ -51.548687699999952, -27.15715239999998 ], [ -51.548669799999971, -27.157153799999943 ], [ -51.548596699999955, -27.157161299999927 ], [ -51.548578599999985, -27.157162299999985 ], [ -51.548567099999964, -27.157162 ], [ -51.548558499999956, -27.157160699999967 ], [ -51.548547399999961, -27.157157899999955 ], [ -51.548535499999964, -27.157153899999969 ], [ -51.548499699999986, -27.157140499999976 ], [ -51.548479099999952, -27.157133499999929 ], [ -51.548459799999932, -27.157128 ], [ -51.548446899999938, -27.157125299999958 ], [ -51.54843039999998, -27.157123299999963 ], [ -51.54841289999996, -27.157122699999942 ], [ -51.548363599999959, -27.157124899999928 ], [ -51.548347399999955, -27.157124899999936 ], [ -51.548337699999934, -27.157124199999942 ], [ -51.548324399999956, -27.157122199999943 ], [ -51.548315899999977, -27.157120099999922 ], [ -51.548303, -27.157116099999943 ], [ -51.54829019999994, -27.157111099999938 ], [ -51.548277499999983, -27.157105299999941 ], [ -51.548265199999946, -27.157098799999972 ], [ -51.548253099999961, -27.15709129999993 ], [ -51.548214399999942, -27.157063299999944 ], [ -51.548203299999955, -27.157056099999977 ], [ -51.54819039999996, -27.157048599999936 ], [ -51.548174899999928, -27.157040799999947 ], [ -51.548156399999982, -27.157032899999926 ], [ -51.548122399999954, -27.157020599999953 ], [ -51.548069799999951, -27.157003899999953 ], [ -51.547929099999976, -27.156961499999973 ], [ -51.547855499999976, -27.156939899999941 ], [ -51.54777119999995, -27.156916499999962 ], [ -51.547751799999965, -27.156910599999946 ], [ -51.547719, -27.156899399999926 ], [ -51.54765169999996, -27.156873499999964 ], [ -51.547626199999975, -27.156865 ], [ -51.547598699999988, -27.156856799999957 ], [ -51.547568199999951, -27.156848599999936 ], [ -51.547535799999935, -27.156840499999934 ], [ -51.547504899999979, -27.156833499999937 ], [ -51.547487099999962, -27.15683 ], [ -51.547471799999983, -27.15682739999993 ], [ -51.547452399999941, -27.15682489999994 ], [ -51.547435299999961, -27.156823699999954 ], [ -51.547417399999972, -27.156823599999953 ], [ -51.547402599999941, -27.156824599999936 ], [ -51.547383799999977, -27.15682669999995 ], [ -51.547289699999965, -27.15684089999996 ], [ -51.5472372, -27.156847699999961 ], [ -51.547142299999962, -27.156857599999963 ], [ -51.547055099999966, -27.156864199999973 ], [ -51.547022799999979, -27.156867599999934 ], [ -51.547000799999985, -27.156871399999947 ], [ -51.546984799999969, -27.156875099999972 ], [ -51.546902699999976, -27.156897 ], [ -51.546873, -27.156903699999933 ], [ -51.546858899999954, -27.156905799999944 ], [ -51.546801099999975, -27.156911599999951 ], [ -51.546765899999968, -27.156915599999934 ], [ -51.546739399999979, -27.156919599999977 ], [ -51.546718599999963, -27.156923699999933 ], [ -51.546696299999951, -27.156929499999922 ], [ -51.546623199999949, -27.156953299999955 ], [ -51.546549299999981, -27.15697809999994 ], [ -51.546384299999943, -27.157032699999945 ], [ -51.546264199999939, -27.157073199999957 ], [ -51.546114799999941, -27.15712509999997 ], [ -51.545960299999933, -27.157181499999986 ], [ -51.545899, -27.157202899999959 ], [ -51.545856, -27.157216899999973 ], [ -51.54581109999998, -27.157230799999979 ], [ -51.545764099999985, -27.157244399999961 ], [ -51.545715199999961, -27.157257499999957 ], [ -51.545620599999943, -27.157281 ], [ -51.545465199999967, -27.157316399999957 ], [ -51.545354399999951, -27.15734439999995 ], [ -51.54531529999997, -27.157353799999953 ], [ -51.545280199999986, -27.157361499999979 ], [ -51.54525, -27.157366899999943 ], [ -51.545232599999956, -27.157369299999971 ], [ -51.545216599999954, -27.157370599999972 ], [ -51.545201399999939, -27.157371199999943 ], [ -51.545178599999986, -27.157370899999929 ], [ -51.545147899999961, -27.157369 ], [ -51.54509, -27.157364399999949 ], [ -51.5450704, -27.157362199999962 ], [ -51.545051699999938, -27.157359 ], [ -51.545039699999961, -27.157356099999944 ], [ -51.545027799999964, -27.157352499999941 ], [ -51.54501589999996, -27.157347899999927 ], [ -51.545009799999946, -27.157344899999934 ], [ -51.544996699999949, -27.157337499999979 ], [ -51.544989599999951, -27.157332799999946 ], [ -51.544973899999945, -27.157320899999956 ], [ -51.544965199999979, -27.157313499999937 ], [ -51.544888, -27.157244199999976 ], [ -51.544806099999953, -27.157175399999961 ], [ -51.5447784, -27.15715119999993 ], [ -51.544764899999954, -27.157138699999972 ], [ -51.54473849999993, -27.157113399999957 ], [ -51.544676399999958, -27.157052199999963 ], [ -51.544641699999943, -27.157018899999965 ], [ -51.544619399999924, -27.156995499999933 ], [ -51.544608599999947, -27.156982799999987 ], [ -51.544597899999985, -27.156969 ], [ -51.544587299999932, -27.156953899999966 ], [ -51.544576899999981, -27.156937299999985 ], [ -51.544566599999939, -27.156919499999951 ], [ -51.544546499999967, -27.156881399999975 ], [ -51.544508599999972, -27.156805 ], [ -51.544491, -27.156771499999927 ], [ -51.544466299999961, -27.156727599999947 ], [ -51.544416199999944, -27.156642299999934 ], [ -51.544398, -27.156609299999953 ], [ -51.54438209999995, -27.156577399999954 ], [ -51.544351699999936, -27.156511899999931 ], [ -51.544344199999955, -27.156497 ], [ -51.54433389999997, -27.156478299999947 ], [ -51.544325, -27.156463899999945 ], [ -51.54431469999998, -27.156450199999938 ], [ -51.544301399999938, -27.156436699999965 ], [ -51.544290299999943, -27.156428 ], [ -51.544273499999974, -27.156417199999957 ], [ -51.544249099999952, -27.156403499999957 ], [ -51.544218599999965, -27.156387699999986 ], [ -51.54413779999993, -27.156347199999985 ], [ -51.544115199999965, -27.156334899999923 ], [ -51.544093899999943, -27.156322099999951 ], [ -51.544074099999932, -27.156308899999942 ], [ -51.544047399999954, -27.156288599999982 ], [ -51.544024, -27.156268499999957 ], [ -51.543983699999949, -27.156230699999984 ], [ -51.543970599999973, -27.156219099999941 ], [ -51.543949699999985, -27.156202499999939 ], [ -51.543934299999933, -27.156191399999948 ], [ -51.543917199999953, -27.156180099999972 ], [ -51.543888199999969, -27.156162199999979 ], [ -51.543824599999937, -27.156125499999977 ], [ -51.543798, -27.156111299999967 ], [ -51.543785299999968, -27.15610549999997 ], [ -51.543771899999967, -27.156100299999931 ], [ -51.543742199999947, -27.156090899999985 ], [ -51.543689399999948, -27.156077 ], [ -51.543608499999955, -27.156057699999952 ], [ -51.539969, -27.149833799999957 ], [ -51.539942399999973, -27.149788399999984 ], [ -51.53991079999998, -27.14973589999995 ], [ -51.539823499999954, -27.149585099999953 ], [ -51.538416799999936, -27.147429699999975 ], [ -51.536576199999956, -27.146628099999923 ], [ -51.528831299999972, -27.143255199999938 ], [ -51.5284683, -27.144072 ], [ -51.527628899999968, -27.145070199999974 ], [ -51.526606499999964, -27.14568 ], [ -51.526606299999969, -27.145751899999937 ], [ -51.526579, -27.145820399999945 ], [ -51.526549599999946, -27.145875099999959 ], [ -51.526524399999971, -27.145901299999927 ], [ -51.526501699999983, -27.145911499999947 ], [ -51.526445499999966, -27.145930299999971 ], [ -51.5264059, -27.14594529999993 ], [ -51.526370499999985, -27.14595659999997 ], [ -51.52635109999995, -27.145970299999931 ], [ -51.526326099999949, -27.145996299999972 ], [ -51.526300899999967, -27.146035299999934 ], [ -51.526269699999943, -27.146057699999965 ], [ -51.526215499999985, -27.146085799999987 ], [ -51.52617719999995, -27.146110699999952 ], [ -51.526154199999951, -27.146142199999922 ], [ -51.526135299999964, -27.146177499999975 ], [ -51.526112299999966, -27.146211 ], [ -51.526095199999986, -27.14623969999996 ], [ -51.526080799999932, -27.146268199999962 ], [ -51.526064, -27.146300099999962 ], [ -51.526032599999958, -27.146346599999958 ], [ -51.525992199999969, -27.146371599999956 ], [ -51.525927499999966, -27.146405299999962 ], [ -51.525904499999967, -27.146425799999967 ], [ -51.525872199999981, -27.146476699999941 ], [ -51.525865899999978, -27.146489699999961 ], [ -51.525844899999981, -27.146525 ], [ -51.52581569999996, -27.146547399999971 ], [ -51.525780099999963, -27.146579099999947 ], [ -51.525757, -27.146607 ], [ -51.525744399999951, -27.146634899999974 ], [ -51.525735899999972, -27.146659099999962 ], [ -51.525723299999989, -27.146686899999967 ], [ -51.525664699999936, -27.14673549999997 ], [ -51.525627099999951, -27.14675979999998 ], [ -51.525553099999975, -27.146796199999972 ], [ -51.525519699999961, -27.146809299999973 ], [ -51.525497899999948, -27.146830599999916 ], [ -51.525483199999947, -27.146849299999921 ], [ -51.525474699999968, -27.146886399999975 ], [ -51.525471899999957, -27.146913099999953 ], [ -51.52546609999996, -27.146986499999965 ], [ -51.525455199999961, -27.147018299999957 ], [ -51.525420699999984, -27.147067499999931 ], [ -51.525347199999949, -27.147147799999978 ], [ -51.525315699999972, -27.147177699999943 ], [ -51.525257199999942, -27.147196499999943 ], [ -51.525207099999932, -27.147202399999973 ], [ -51.52512889999997, -27.14720739999996 ], [ -51.525072499999965, -27.147217 ], [ -51.525049499999966, -27.147224499999925 ], [ -51.525009799999964, -27.147226599999954 ], [ -51.524968, -27.147226799999945 ], [ -51.524928399999965, -27.147221399999978 ], [ -51.524903299999949, -27.147223399999966 ], [ -51.524890899999939, -27.147208599999942 ], [ -51.524891, -27.147191899999939 ], [ -51.524882699999978, -27.147177099999965 ], [ -51.524861899999962, -27.147166099999939 ], [ -51.524845199999966, -27.147158699999974 ], [ -51.524820199999965, -27.147151399999917 ], [ -51.524793, -27.147168299999972 ], [ -51.524776199999955, -27.147183199999969 ], [ -51.524757299999976, -27.147205599999957 ], [ -51.52473619999995, -27.147226199999977 ], [ -51.524700499999931, -27.147229199999973 ], [ -51.524675399999978, -27.147225399999964 ], [ -51.524652399999972, -27.147217799999957 ], [ -51.524635499999931, -27.147200799999958 ], [ -51.524632199999985, -27.14718669999996 ], [ -51.52462369999995, -27.147169799999965 ], [ -51.524615199999971, -27.147160299999939 ], [ -51.524592299999931, -27.147160299999939 ], [ -51.524569499999984, -27.147171599999975 ], [ -51.524554, -27.147189399999945 ], [ -51.524556299999979, -27.147200799999947 ], [ -51.524569, -27.147217699999942 ], [ -51.524575399999947, -27.147229099999947 ], [ -51.524575599999935, -27.147247899999961 ], [ -51.524570499999982, -27.147258299999979 ], [ -51.524551899999949, -27.14727339999995 ], [ -51.524531199999956, -27.147288399999983 ], [ -51.524506399999957, -27.147305399999937 ], [ -51.524474199999986, -27.147325099999929 ], [ -51.524443, -27.14733259999997 ], [ -51.5244244, -27.147347699999948 ], [ -51.524388, -27.147361799999949 ], [ -51.524365299999943, -27.147376899999976 ], [ -51.524320699999976, -27.147400399999967 ], [ -51.524293599999964, -27.147406 ], [ -51.524213399999951, -27.147427599999961 ], [ -51.524191399999957, -27.147426699999983 ], [ -51.52416009999996, -27.147426599999974 ], [ -51.524088699999936, -27.147441199999943 ], [ -51.524075699999969, -27.147444499999946 ], [ -51.524057399999947, -27.147452499999932 ], [ -51.524036599999931, -27.147457199999963 ], [ -51.523974499999944, -27.147472699999973 ], [ -51.523948499999968, -27.147482099999927 ], [ -51.52394, -27.147484 ], [ -51.523910499999943, -27.147504299999973 ], [ -51.523897099999942, -27.147522199999969 ], [ -51.523883099999978, -27.147537799999956 ], [ -51.523865599999965, -27.147551 ], [ -51.523849, -27.147572699999959 ], [ -51.523845499999936, -27.147596799999977 ], [ -51.523836099999983, -27.147641699999948 ], [ -51.523828499999979, -27.147660099999936 ], [ -51.523817699999945, -27.147682299999918 ], [ -51.523806, -27.147708299999984 ], [ -51.523794699999947, -27.147727199999977 ], [ -51.523784899999953, -27.147739 ], [ -51.523774599999967, -27.147755 ], [ -51.523764899999946, -27.147775299999982 ], [ -51.523764, -27.14778949999992 ], [ -51.52377, -27.147808899999962 ], [ -51.523808599999938, -27.147852899999972 ], [ -51.523815499999955, -27.14787039999992 ], [ -51.523815799999966, -27.147890199999953 ], [ -51.523804, -27.147909599999931 ], [ -51.523790499999961, -27.147920899999971 ], [ -51.523779699999977, -27.147934599999932 ], [ -51.523765199999957, -27.147945 ], [ -51.523745299999973, -27.147954499999962 ], [ -51.5237087, -27.147959199999946 ], [ -51.523694599999949, -27.147964499999937 ], [ -51.523683699999943, -27.147980099999977 ], [ -51.523673899999949, -27.147998499999975 ], [ -51.523659, -27.148021699999955 ], [ -51.523645599999959, -27.148034 ], [ -51.52363419999994, -27.148045299999975 ], [ -51.5236096, -27.148052399999965 ], [ -51.523586699999953, -27.148057099999964 ], [ -51.523553199999988, -27.148057099999956 ], [ -51.523527, -27.148051399999925 ], [ -51.523480799999966, -27.148038099999944 ], [ -51.523443099999952, -27.148027899999935 ], [ -51.523370199999931, -27.148008199999932 ], [ -51.523333499999978, -27.147999699999957 ], [ -51.523294199999953, -27.147987699999931 ], [ -51.523245199999963, -27.147972199999966 ], [ -51.523212599999965, -27.14796269999994 ], [ -51.523189599999967, -27.147959899999925 ], [ -51.523169799999955, -27.147968299999942 ], [ -51.523155399999951, -27.147979599999921 ], [ -51.523141199999941, -27.147988699999932 ], [ -51.523127699999975, -27.147991499999929 ], [ -51.523105699999974, -27.147992399999964 ], [ -51.523064799999986, -27.147985799999947 ], [ -51.523035399999969, -27.147975299999917 ], [ -51.523011799999949, -27.147961599999967 ], [ -51.52298339999993, -27.147947399999961 ], [ -51.522966499999946, -27.147941699999929 ], [ -51.522908799999982, -27.147927499999984 ], [ -51.522881499999983, -27.14791989999998 ], [ -51.522841699999958, -27.147919799999947 ], [ -51.52279979999998, -27.147916 ], [ -51.522755099999983, -27.147903599999946 ], [ -51.522719299999956, -27.147886599999932 ], [ -51.522668699999933, -27.147863799999978 ], [ -51.522630799999938, -27.147852499999946 ], [ -51.522565799999946, -27.147843 ], [ -51.522509399999933, -27.147841 ], [ -51.522471699999983, -27.147841 ], [ -51.522420299999965, -27.147859 ], [ -51.522371799999974, -27.14789879999995 ], [ -51.522343799999931, -27.147943299999962 ], [ -51.522331899999983, -27.147977299999976 ], [ -51.52231409999996, -27.148006699999936 ], [ -51.522289499999943, -27.148038799999945 ], [ -51.5222553, -27.148089 ], [ -51.522220699999941, -27.148116499999965 ], [ -51.522179499999929, -27.148154199999958 ], [ -51.522122499999959, -27.148215699999984 ], [ -51.522111, -27.148226099999928 ], [ -51.522092199999982, -27.148235099999969 ], [ -51.52205639999994, -27.14824719999995 ], [ -51.522030799999982, -27.148250599999976 ], [ -51.521982199999968, -27.148252199999948 ], [ -51.521925499999959, -27.148248099999932 ], [ -51.521893899999959, -27.148235399999972 ], [ -51.521873, -27.148215399999966 ], [ -51.521843599999954, -27.148187099999962 ], [ -51.521797199999988, -27.148170099999962 ], [ -51.521687899999961, -27.148145399999972 ], [ -51.521611899999989, -27.148115099999934 ], [ -51.521524199999924, -27.148087 ], [ -51.521456599999965, -27.148074399999921 ], [ -51.521389699999986, -27.148068 ], [ -51.521337899999942, -27.148079 ], [ -51.521277699999985, -27.148120799999962 ], [ -51.521229199999944, -27.148155499999977 ], [ -51.521180699999945, -27.148218199999974 ], [ -51.521152799999989, -27.148290099999944 ], [ -51.521108099999935, -27.148337699999946 ], [ -51.521030399999972, -27.148428399999943 ], [ -51.520994599999938, -27.148482299999959 ], [ -51.52099759999993, -27.148602 ], [ -51.521062, -27.148830199999978 ], [ -51.521080299999937, -27.148878199999952 ], [ -51.521104099999945, -27.148927 ], [ -51.52112039999998, -27.148949399999928 ], [ -51.521130399999947, -27.148967099999933 ], [ -51.521153499999969, -27.149005299999946 ], [ -51.52116529999995, -27.149056699999957 ], [ -51.52117219999996, -27.149083799999968 ], [ -51.521171799999927, -27.149108099999975 ], [ -51.521170499999982, -27.149138099999952 ], [ -51.521167, -27.149168099999937 ], [ -51.521136099999971, -27.149320699999979 ], [ -51.521111599999983, -27.14939489999994 ], [ -51.521091499999962, -27.14942949999994 ], [ -51.521034199999974, -27.149489199999941 ], [ -51.520988199999984, -27.149543699999981 ], [ -51.52093959999997, -27.149571599999945 ], [ -51.520902299999939, -27.149589299999938 ], [ -51.520870799999955, -27.149593899999957 ], [ -51.520799099999977, -27.149576699999947 ], [ -51.520780199999933, -27.14957169999996 ], [ -51.520751799999971, -27.149573599999943 ], [ -51.520708099999972, -27.149589299999946 ], [ -51.520662899999927, -27.149589299999946 ], [ -51.520634599999937, -27.149591899999962 ], [ -51.520570299999974, -27.149624199999941 ], [ -51.520541499999979, -27.14965159999997 ], [ -51.520510299999948, -27.149710699999957 ], [ -51.520438499999955, -27.149783899999932 ], [ -51.520391299999972, -27.149834499999933 ], [ -51.520343799999978, -27.14987 ], [ -51.520292199999972, -27.149911099999926 ], [ -51.520263199999931, -27.149931799999933 ], [ -51.520219399999966, -27.149942799999966 ], [ -51.520187799999974, -27.149944599999973 ], [ -51.52008079999996, -27.149955199999958 ], [ -51.519962699999951, -27.149947099999952 ], [ -51.51991, -27.149945199999923 ], [ -51.519832299999962, -27.149952699999975 ], [ -51.519670699999949, -27.149974799999928 ], [ -51.519639599999948, -27.149993699999985 ], [ -51.519562499999957, -27.150031099999971 ], [ -51.51950659999995, -27.150081399999983 ], [ -51.51946339999995, -27.150130299999955 ], [ -51.519409899999971, -27.150184699999969 ], [ -51.519362199999939, -27.150220299999937 ], [ -51.51932039999997, -27.15024459999994 ], [ -51.519274399999972, -27.150265 ], [ -51.519241099999931, -27.15028929999993 ], [ -51.519189099999949, -27.150324899999919 ], [ -51.519085099999984, -27.150405399999947 ], [ -51.519033399999962, -27.150454299999968 ], [ -51.518977199999938, -27.150504899999941 ], [ -51.518936, -27.15055 ], [ -51.518840799999964, -27.150642199999933 ], [ -51.518797499999948, -27.150681899999945 ], [ -51.518757699999981, -27.150706299999957 ], [ -51.518720199999969, -27.15072519999995 ], [ -51.518561099999943, -27.150798499999954 ], [ -51.518481299999955, -27.150839699999956 ], [ -51.518435099999977, -27.150851 ], [ -51.518361599999935, -27.150862299999968 ], [ -51.518253699999946, -27.150886499999949 ], [ -51.518089699999962, -27.150929699999946 ], [ -51.518009799999959, -27.15094479999993 ], [ -51.517967299999953, -27.150952199999931 ], [ -51.517902499999934, -27.150974899999941 ], [ -51.517856499999937, -27.150991799999929 ], [ -51.51780969999998, -27.150999299999963 ], [ -51.517727299999933, -27.151019899999941 ], [ -51.517637299999933, -27.151046299999965 ], [ -51.517580399999979, -27.151070699999938 ], [ -51.517540499999939, -27.151082099999936 ], [ -51.5174856, -27.151082 ], [ -51.517432399999961, -27.151068699999929 ], [ -51.517381799999946, -27.15104979999996 ], [ -51.517340499999932, -27.151011899999958 ], [ -51.517333199999939, -27.150960899999969 ], [ -51.517304599999932, -27.150921099999945 ], [ -51.517299699999967, -27.150902099999939 ], [ -51.517257399999956, -27.150853099999953 ], [ -51.517214, -27.150815199999951 ], [ -51.517132499999946, -27.150777299999952 ], [ -51.517054299999984, -27.150754099999965 ], [ -51.516974599999969, -27.150724099999934 ], [ -51.516907099999969, -27.150701399999942 ], [ -51.516820099999961, -27.15069 ], [ -51.516758699999976, -27.150684199999933 ], [ -51.516711399999963, -27.150682099999983 ], [ -51.516651899999943, -27.150674499999976 ], [ -51.516594599999962, -27.150664899999978 ], [ -51.516543899999931, -27.1506649 ], [ -51.516463899999962, -27.150672399999966 ], [ -51.516388699999929, -27.150687099999978 ], [ -51.516294099999982, -27.150702199999959 ], [ -51.516209099999969, -27.150715199999972 ], [ -51.516126199999981, -27.150726299999974 ], [ -51.51604569999995, -27.150739899999969 ], [ -51.515947699999963, -27.150773799999968 ], [ -51.515904399999961, -27.150796799999959 ], [ -51.515870399999983, -27.150842599999972 ], [ -51.515835, -27.150907799999977 ], [ -51.515824699999932, -27.15096489999997 ], [ -51.515809899999972, -27.150989699999958 ], [ -51.515790899999963, -27.151016499999969 ], [ -51.51578139999998, -27.151065799999969 ], [ -51.515765499999986, -27.151113399999918 ], [ -51.515758099999964, -27.151164599999959 ], [ -51.515748699999968, -27.151217799999984 ], [ -51.515735899999981, -27.15128789999995 ], [ -51.515720299999941, -27.151367699999973 ], [ -51.515712399999984, -27.151430299999966 ], [ -51.515700799999934, -27.151506199999982 ], [ -51.515664699999945, -27.151603499999958 ], [ -51.515630799999947, -27.151655299999955 ], [ -51.515605299999955, -27.151703099999974 ], [ -51.515590499999973, -27.151779199999961 ], [ -51.515584899999965, -27.151870199999955 ], [ -51.515572799999973, -27.151934899999958 ], [ -51.51555829999996, -27.151992099999966 ], [ -51.515555499999948, -27.152050899999949 ], [ -51.515556, -27.152111599999952 ], [ -51.515560299999954, -27.152164799999987 ], [ -51.515546899999947, -27.152273299999937 ], [ -51.515520899999963, -27.152361399999968 ], [ -51.515503, -27.152414899999929 ], [ -51.515482, -27.152448 ], [ -51.515456, -27.152490499999949 ], [ -51.515430299999927, -27.152536899999962 ], [ -51.515403499999941, -27.152583 ], [ -51.515398, -27.152604399999966 ], [ -51.515392399999946, -27.152648299999949 ], [ -51.515402, -27.15269939999995 ], [ -51.515415099999984, -27.15275829999997 ], [ -51.515423499999933, -27.152781199999936 ], [ -51.515430499999979, -27.152845899999939 ], [ -51.515424899999964, -27.152887899999932 ], [ -51.515401199999985, -27.152959299999964 ], [ -51.515394, -27.153045899999935 ], [ -51.515398299999958, -27.15319669999996 ], [ -51.515405099999946, -27.153257799999942 ], [ -51.515415499999961, -27.153324199999922 ], [ -51.515436, -27.153430899999947 ], [ -51.51544309999997, -27.153470899999945 ], [ -51.515450499999986, -27.153535699999971 ], [ -51.515450199999968, -27.153586899999929 ], [ -51.515440099999978, -27.153625399999957 ], [ -51.515431199999966, -27.153646699999978 ], [ -51.515388, -27.15368159999997 ], [ -51.515294799999936, -27.153723499999966 ], [ -51.515224299999943, -27.153748 ], [ -51.515167699999957, -27.15377169999994 ], [ -51.51510779999996, -27.15376909999998 ], [ -51.515049499999975, -27.153755099999955 ], [ -51.515001199999979, -27.153752699999931 ], [ -51.514916299999982, -27.153765699999962 ], [ -51.51482539999995, -27.153794899999973 ], [ -51.514753299999931, -27.153807599999936 ], [ -51.514685899999968, -27.153809399999933 ], [ -51.514625299999977, -27.153795399999986 ], [ -51.514563399999986, -27.153796599999954 ], [ -51.51449359999998, -27.153796499999935 ], [ -51.514353, -27.15377779999994 ], [ -51.514271599999972, -27.153761 ], [ -51.51419389999996, -27.153732699999967 ], [ -51.514109899999937, -27.153733799999944 ], [ -51.514068, -27.153738899999944 ], [ -51.514008199999978, -27.15374 ], [ -51.513948099999944, -27.153724599999972 ], [ -51.513886799999959, -27.153708199999983 ], [ -51.513807499999984, -27.15370589999997 ], [ -51.513742599999944, -27.153722799999972 ], [ -51.51367289999996, -27.153739199999951 ], [ -51.513608699999963, -27.153771199999944 ], [ -51.513553399999971, -27.153806799999987 ], [ -51.513510199999985, -27.153839799999957 ], [ -51.513413599999986, -27.153926399999929 ], [ -51.513330399999965, -27.153973399999973 ], [ -51.513252, -27.15401 ], [ -51.51311969999994, -27.154081699999953 ], [ -51.513017799999943, -27.154160499999939 ], [ -51.512702299999951, -27.153752799999946 ], [ -51.512442299999982, -27.153655099999977 ], [ -51.506763399999954, -27.150567599999931 ], [ -51.506562599999938, -27.15073759999996 ], [ -51.506285699999985, -27.150925099999924 ], [ -51.506105699999985, -27.151079399999961 ], [ -51.50574789999996, -27.15142869999994 ], [ -51.505104699999947, -27.151963099999932 ], [ -51.505053699999962, -27.152057099999976 ], [ -51.504989599999938, -27.152130199999938 ], [ -51.504897199999959, -27.152195299999956 ], [ -51.504770299999961, -27.152254499999973 ], [ -51.504648599999946, -27.152346199999954 ], [ -51.504107, -27.152813699999967 ], [ -51.503994799999987, -27.152926099999949 ], [ -51.501760899999965, -27.149440899999949 ], [ -51.492773, -27.153975899999974 ], [ -51.49235189999996, -27.15014269999994 ], [ -51.492581, -27.15 ], [ -51.492600699999969, -27.149915799999963 ], [ -51.492656799999963, -27.149775399999946 ], [ -51.492715799999985, -27.149660299999926 ], [ -51.492741, -27.149590199999974 ], [ -51.492735399999958, -27.149525599999937 ], [ -51.492696099999939, -27.149379599999975 ], [ -51.492633, -27.149253299999938 ], [ -51.492508, -27.14913259999997 ], [ -51.492056099999949, -27.148759299999931 ], [ -51.491702399999951, -27.148433599999979 ], [ -51.491651899999965, -27.148338199999955 ], [ -51.491587299999928, -27.14820339999995 ], [ -51.491534799999961, -27.14815759999993 ], [ -51.489612499999964, -27.143193299999943 ], [ -51.48956469999996, -27.143054899999981 ], [ -51.48950949999994, -27.143068499999973 ], [ -51.48937479999995, -27.143088299999931 ], [ -51.489358899999957, -27.143090599999937 ], [ -51.489267899999959, -27.143101099999964 ], [ -51.489207099999931, -27.143100799999953 ], [ -51.489142099999988, -27.143102599999949 ], [ -51.489089099999944, -27.143116099999919 ], [ -51.489027199999953, -27.143145699999941 ], [ -51.488922099999968, -27.14322459999994 ], [ -51.488873799999965, -27.143266099999934 ], [ -51.488812599999967, -27.143303699999937 ], [ -51.488782499999964, -27.143340499999965 ], [ -51.488727899999958, -27.143416099999961 ], [ -51.488683199999969, -27.143481499999943 ], [ -51.488647799999967, -27.143530499999951 ], [ -51.488609799999949, -27.143573599999964 ], [ -51.488548299999934, -27.143589399999939 ], [ -51.488476899999966, -27.143593399999929 ], [ -51.48840069999995, -27.143591599999983 ], [ -51.48833529999996, -27.143619899999972 ], [ -51.488252899999964, -27.143640499999947 ], [ -51.488153199999942, -27.143653399999948 ], [ -51.488027499999923, -27.143666499999931 ], [ -51.487986099999944, -27.143647299999945 ], [ -51.487921299999982, -27.143624199999969 ], [ -51.487873599999944, -27.143628599999946 ], [ -51.487838899999986, -27.143648799999937 ], [ -51.487788399999943, -27.143685 ], [ -51.487749399999984, -27.143693299999935 ], [ -51.487714799999935, -27.143669899999974 ], [ -51.487674399999946, -27.143634599999917 ], [ -51.48762689999996, -27.14359949999994 ], [ -51.487576699999977, -27.143552699999926 ], [ -51.487508899999973, -27.143537699999971 ], [ -51.487452499999961, -27.143569899999935 ], [ -51.487388799999962, -27.143606299999938 ], [ -51.487310699999966, -27.143654499999975 ], [ -51.48720789999993, -27.143711099999972 ], [ -51.487108199999966, -27.143739699999973 ], [ -51.486939199999931, -27.143725599999978 ], [ -51.486848299999956, -27.143679099999922 ], [ -51.486766099999954, -27.143652199999959 ], [ -51.486679499999987, -27.143633299999976 ], [ -51.486618799999974, -27.143610199999952 ], [ -51.486523599999941, -27.143611199999945 ], [ -51.486406599999953, -27.143651899999949 ], [ -51.486364299999934, -27.143727599999977 ], [ -51.486300299999982, -27.143779799999951 ], [ -51.486201599999966, -27.143848099999961 ], [ -51.486128, -27.143892299999948 ], [ -51.486033499999962, -27.143948799999965 ], [ -51.485955599999954, -27.143973199999945 ], [ -51.485809899999936, -27.144022599999971 ], [ -51.485710199999971, -27.144035399999947 ], [ -51.485623699999962, -27.144095399999976 ], [ -51.485546399999976, -27.144155699999938 ], [ -51.485451799999971, -27.144212299999928 ], [ -51.485370199999977, -27.144304199999969 ], [ -51.485318899999982, -27.144380099999978 ], [ -51.485282599999948, -27.144443099999926 ], [ -51.485254599999955, -27.144491799999951 ], [ -51.485190299999942, -27.144607299999965 ], [ -51.485121699999986, -27.144723 ], [ -51.485048699999936, -27.144830699999943 ], [ -51.484984, -27.144902299999952 ], [ -51.484867499999957, -27.144994599999965 ], [ -51.484755299999961, -27.14505939999998 ], [ -51.484647399999972, -27.14511119999997 ], [ -51.48456479999993, -27.145128 ], [ -51.484463299999952, -27.145132699999984 ], [ -51.48441269999995, -27.145058299999953 ], [ -51.484379299999951, -27.145030799999962 ], [ -51.48436049999998, -27.145015399999977 ], [ -51.484299599999979, -27.144984299999983 ], [ -51.484212799999966, -27.144957499999975 ], [ -51.484161299999982, -27.144948099999958 ], [ -51.484047899999958, -27.144927299999949 ], [ -51.483909099999956, -27.144908799999939 ], [ -51.483805, -27.144901799999946 ], [ -51.483727299999941, -27.144937899999942 ], [ -51.483632, -27.144990599999975 ], [ -51.483554, -27.144995199999968 ], [ -51.483458499999976, -27.144972399999965 ], [ -51.483354199999951, -27.144929899999969 ], [ -51.483245499999953, -27.144879699999937 ], [ -51.483180299999951, -27.144852599999979 ], [ -51.483067299999959, -27.144810299999961 ], [ -51.482976199999939, -27.144791399999974 ], [ -51.482871399999965, -27.144769299999954 ], [ -51.482651, -27.144794599999951 ], [ -51.482575299999951, -27.144807 ], [ -51.482488399999973, -27.144816 ], [ -51.482390899999984, -27.144816799999948 ], [ -51.482239399999976, -27.144818199999968 ], [ -51.482153699999969, -27.14482339999995 ], [ -51.481896299999967, -27.144817899999964 ], [ -51.481662399999948, -27.144808099999974 ], [ -51.481506299999971, -27.144782 ], [ -51.48138929999994, -27.14477119999998 ], [ -51.481222, -27.14477 ], [ -51.481189399999948, -27.144773399999949 ], [ -51.481139799999937, -27.144778599999949 ], [ -51.481060599999985, -27.144799599999939 ], [ -51.481000199999983, -27.144819899999945 ], [ -51.480889, -27.144849699999956 ], [ -51.480712899999958, -27.144895899999934 ], [ -51.480670599999947, -27.144910699999972 ], [ -51.480624, -27.14492689999998 ], [ -51.480525299999947, -27.144978899999956 ], [ -51.480470799999978, -27.145022 ], [ -51.480421, -27.145061599999959 ], [ -51.48046039999997, -27.145142099999926 ], [ -51.480505099999966, -27.145224099999947 ], [ -51.480556799999931, -27.145308599999961 ], [ -51.480617099999961, -27.145396799999961 ], [ -51.480684599999968, -27.145488599999975 ], [ -51.48075769999997, -27.145584 ], [ -51.480913199999968, -27.145785199999967 ], [ -51.48099209999998, -27.145890799999965 ], [ -51.481069299999945, -27.145999499999967 ], [ -51.481143199999963, -27.146111299999976 ], [ -51.481212199999959, -27.146226199999951 ], [ -51.481244299999958, -27.146285 ], [ -51.481276399999956, -27.146343799999958 ], [ -51.481336599999963, -27.146464099999939 ], [ -51.481393, -27.146587 ], [ -51.481446299999966, -27.146712199999978 ], [ -51.481496899999968, -27.146839699999919 ], [ -51.481545399999966, -27.146969199999948 ], [ -51.481592399999947, -27.147100699999953 ], [ -51.481638099999941, -27.147234 ], [ -51.481682799999938, -27.147369 ], [ -51.481726399999957, -27.14750569999995 ], [ -51.481769, -27.147644 ], [ -51.481810599999953, -27.147783899999975 ], [ -51.48185129999996, -27.147925399999959 ], [ -51.481891, -27.148068399999943 ], [ -51.481929799999939, -27.148212799999957 ], [ -51.481967599999969, -27.148358599999931 ], [ -51.48200449999996, -27.148505 ], [ -51.48204039999996, -27.14865159999993 ], [ -51.482075099999975, -27.148797499999944 ], [ -51.482108499999981, -27.148942099999932 ], [ -51.48214059999998, -27.149084799999965 ], [ -51.482171399999963, -27.149224799999953 ], [ -51.482200599999942, -27.14936159999996 ], [ -51.482228299999974, -27.14949449999995 ], [ -51.482254499999954, -27.149623799999969 ], [ -51.482279299999966, -27.149749799999938 ], [ -51.482302899999979, -27.149872899999924 ], [ -51.482325299999964, -27.149993299999952 ], [ -51.482367099999976, -27.150227699999963 ], [ -51.48238669999995, -27.15034239999995 ], [ -51.482405399999948, -27.150455799999975 ], [ -51.482422899999968, -27.150568 ], [ -51.482438599999966, -27.150679299999982 ], [ -51.482452099999932, -27.150789899999957 ], [ -51.482462799999951, -27.150899799999934 ], [ -51.482470299999932, -27.151009199999969 ], [ -51.482474, -27.151118299999958 ], [ -51.482473399999947, -27.151227199999934 ], [ -51.482468399999959, -27.151336 ], [ -51.48246, -27.151444199999958 ], [ -51.48244949999998, -27.151551299999944 ], [ -51.482427399999949, -27.151760199999956 ], [ -51.48241859999996, -27.151860799999955 ], [ -51.482413099999974, -27.151958199999964 ], [ -51.482412099999976, -27.152051799999974 ], [ -51.482416599999965, -27.15214149999996 ], [ -51.482425599999942, -27.15222829999993 ], [ -51.482437499999946, -27.152313799999941 ], [ -51.482464799999946, -27.152486499999945 ], [ -51.482477199999941, -27.152576599999968 ], [ -51.482486899999969, -27.152671299999945 ], [ -51.482492399999956, -27.152771899999951 ], [ -51.482492499999971, -27.152879399999957 ], [ -51.482487799999944, -27.152992599999944 ], [ -51.482479, -27.153109599999937 ], [ -51.482466699999982, -27.153228699999936 ], [ -51.482451699999956, -27.153348 ], [ -51.482434699999942, -27.153465899999958 ], [ -51.482416599999965, -27.153580399999953 ], [ -51.482397899999967, -27.153689799999938 ], [ -51.482379299999941, -27.153793 ], [ -51.482360299999982, -27.153891699999974 ], [ -51.482340099999938, -27.153987899999944 ], [ -51.482318199999959, -27.154084199999936 ], [ -51.482293899999945, -27.154182599999952 ], [ -51.48226649999998, -27.15428559999998 ], [ -51.482235299999964, -27.15439529999998 ], [ -51.482199599999944, -27.154514099999986 ], [ -51.482159099999926, -27.154643699999948 ], [ -51.482114, -27.154783199999944 ], [ -51.482065, -27.154931399999953 ], [ -51.482012599999955, -27.155086699999973 ], [ -51.481957399999942, -27.155247899999946 ], [ -51.4819, -27.155413499999948 ], [ -51.481781, -27.155752499999942 ], [ -51.481659199999967, -27.156095 ], [ -51.481535, -27.156441099999935 ], [ -51.481342199999972, -27.15697219999992 ], [ -51.481208399999964, -27.157337199999976 ], [ -51.480942, -27.158061199999956 ], [ -51.480875099999935, -27.158244299999968 ], [ -51.480790499999955, -27.158476399999987 ], [ -51.480717899999938, -27.158678499999962 ], [ -51.480673, -27.158806299999981 ], [ -51.480632299999975, -27.158925499999949 ], [ -51.480595499999936, -27.159038 ], [ -51.480562, -27.159145799999976 ], [ -51.480531599999956, -27.159250699999966 ], [ -51.480503799999958, -27.159354499999953 ], [ -51.480478299999959, -27.15945929999997 ], [ -51.480454699999939, -27.159566399999964 ], [ -51.480432899999975, -27.15967529999994 ], [ -51.480413099999971, -27.159785299999946 ], [ -51.480395099999953, -27.159895399999979 ], [ -51.480379, -27.160004699999941 ], [ -51.480364799999961, -27.160112499999972 ], [ -51.480352499999981, -27.160217599999953 ], [ -51.480342199999939, -27.160319399999942 ], [ -51.480333599999938, -27.160417199999983 ], [ -51.480326699999978, -27.160511099999937 ], [ -51.480320799999959, -27.160601899999953 ], [ -51.48031119999996, -27.160772499999936 ], [ -51.480301599999962, -27.160943099999944 ], [ -51.48029589999993, -27.161025599999956 ], [ -51.480275699999936, -27.161273499999933 ], [ -51.480270299999965, -27.161357199999941 ], [ -51.480266799999981, -27.161441899999939 ], [ -51.480265899999949, -27.161527799999927 ], [ -51.480268399999943, -27.161615199999975 ], [ -51.480275099999972, -27.161704299999951 ], [ -51.480286399999954, -27.161795199999972 ], [ -51.480298299999959, -27.161865099999947 ], [ -51.480321499999945, -27.161979599999938 ], [ -51.480343899999987, -27.162071399999949 ], [ -51.480368899999974, -27.162161799999982 ], [ -51.48039579999994, -27.162249899999953 ], [ -51.480424, -27.162335 ], [ -51.480452899999932, -27.162416 ], [ -51.480482, -27.162492499999924 ], [ -51.480511399999955, -27.162564799999927 ], [ -51.480541199999948, -27.16263339999993 ], [ -51.48057149999994, -27.162699 ], [ -51.480602499999975, -27.162762099999952 ], [ -51.4806344, -27.162823399999979 ], [ -51.480667199999971, -27.162883399999934 ], [ -51.480701199999942, -27.162942799999925 ], [ -51.480736399999955, -27.16300189999998 ], [ -51.480772699999932, -27.163060599999941 ], [ -51.480810099999985, -27.163118399999977 ], [ -51.480848399999964, -27.163174899999934 ], [ -51.48088759999996, -27.163229799999954 ], [ -51.480927599999973, -27.163282699999964 ], [ -51.480968099999984, -27.163333099999925 ], [ -51.481009199999967, -27.163380699999948 ], [ -51.481050899999957, -27.163425199999942 ], [ -51.481093399999963, -27.163466799999973 ], [ -51.481137499999932, -27.163506 ], [ -51.481183599999959, -27.163543 ], [ -51.481232299999931, -27.163578399999952 ], [ -51.481284, -27.163612299999954 ], [ -51.481339399999968, -27.163645299999931 ], [ -51.481398899999931, -27.163677699999937 ], [ -51.481463, -27.163709799999939 ], [ -51.4815316, -27.163741399999935 ], [ -51.481604599999969, -27.163772599999962 ], [ -51.481681799999926, -27.163803 ], [ -51.481763099999959, -27.163832599999974 ], [ -51.48184839999994, -27.163861199999932 ], [ -51.481937399999943, -27.163888699999962 ], [ -51.482030099999974, -27.163914899999959 ], [ -51.482126299999955, -27.163939699999954 ], [ -51.482226199999957, -27.163963199999955 ], [ -51.48233, -27.163985499999971 ], [ -51.482438, -27.164006699999959 ], [ -51.482550299999957, -27.164027099999945 ], [ -51.48266719999998, -27.164046599999949 ], [ -51.482788799999973, -27.164065499999928 ], [ -51.482915499999926, -27.164083799999947 ], [ -51.48304719999993, -27.164101799999965 ], [ -51.483183099999955, -27.164119399999944 ], [ -51.483322299999934, -27.164136899999953 ], [ -51.483893399999943, -27.164207 ], [ -51.484034899999983, -27.164225199999986 ], [ -51.4841742, -27.164243799999952 ], [ -51.484447699999976, -27.164282199999938 ], [ -51.485123699999974, -27.16438079999994 ], [ -51.4854, -27.164419599999974 ], [ -51.485539199999948, -27.16443849999996 ], [ -51.485678299999961, -27.164456899999941 ], [ -51.485816799999952, -27.164474599999952 ], [ -51.485954299999946, -27.164491599999963 ], [ -51.486090199999978, -27.164507799999967 ], [ -51.48622389999997, -27.164522899999945 ], [ -51.486355099999969, -27.164536899999966 ], [ -51.486483699999944, -27.164549599999923 ], [ -51.48660979999994, -27.164560699999971 ], [ -51.486733399999935, -27.16457 ], [ -51.486854699999981, -27.164577199999954 ], [ -51.486973699999965, -27.164582 ], [ -51.487090599999931, -27.164584399999974 ], [ -51.487205199999956, -27.164583899999961 ], [ -51.487318, -27.164580599999962 ], [ -51.487429599999984, -27.164574599999977 ], [ -51.487540799999977, -27.164566499999975 ], [ -51.487652599999933, -27.164556699999924 ], [ -51.487765699999954, -27.16454559999994 ], [ -51.487999699999925, -27.164521299999947 ], [ -51.488122299999979, -27.164509 ], [ -51.48824939999998, -27.164497299999944 ], [ -51.488380399999983, -27.164486599999965 ], [ -51.488514499999951, -27.164477599999941 ], [ -51.488650599999971, -27.164470899999973 ], [ -51.488788, -27.16446709999996 ], [ -51.488925599999966, -27.164466799999957 ], [ -51.489062599999961, -27.164470599999959 ], [ -51.489198, -27.164479099999927 ], [ -51.489331099999958, -27.164492799999952 ], [ -51.489508199999932, -27.164520199999977 ], [ -51.4895911, -27.164535499999943 ], [ -51.489718499999981, -27.164564099999946 ], [ -51.489844499999947, -27.164597399999941 ], [ -51.489969499999972, -27.164635099999934 ], [ -51.490093799999954, -27.164677099999938 ], [ -51.490217499999979, -27.164723199999965 ], [ -51.490340899999971, -27.164773299999986 ], [ -51.490463499999969, -27.164827 ], [ -51.490584399999932, -27.164884 ], [ -51.490703, -27.164944199999987 ], [ -51.490818599999955, -27.165007 ], [ -51.490930599999956, -27.165072399999939 ], [ -51.491038099999969, -27.165139899999922 ], [ -51.491140499999972, -27.165209399999974 ], [ -51.491237399999932, -27.165280399999983 ], [ -51.4913289, -27.165353099999944 ], [ -51.49141579999997, -27.165427199999961 ], [ -51.491498499999977, -27.165502899999979 ], [ -51.491577699999944, -27.165579899999944 ], [ -51.491653699999979, -27.165658499999942 ], [ -51.49172729999998, -27.165738399999952 ], [ -51.491798899999942, -27.165819599999963 ], [ -51.491869099999981, -27.165902499999955 ], [ -51.491934699999938, -27.165984199999965 ], [ -51.492005899999981, -27.16607919999996 ], [ -51.492072899999982, -27.16617669999993 ], [ -51.492139099999974, -27.166282499999962 ], [ -51.492265899999943, -27.16641639999995 ], [ -51.492367099999974, -27.166529699999952 ], [ -51.492499399999986, -27.166668099999967 ], [ -51.492716299999984, -27.167008099999979 ], [ -51.492952499999944, -27.167261199999924 ], [ -51.493102499999964, -27.167360099999936 ], [ -51.493414299999984, -27.167566 ], [ -51.494438799999955, -27.168056699999958 ], [ -51.495426, -27.168531899999966 ], [ -51.496491699999979, -27.169125799999961 ], [ -51.496907, -27.169357199999979 ], [ -51.497768599999972, -27.170058599999944 ], [ -51.498378899999977, -27.170721799999964 ], [ -51.499136699999958, -27.171498299999929 ], [ -51.499175399999956, -27.171531599999984 ], [ -51.499420099999959, -27.171772699999966 ], [ -51.499635399999931, -27.172004699999949 ], [ -51.499672699999969, -27.172041799999928 ], [ -51.499804299999937, -27.172172099999951 ], [ -51.5, -27.172355799999938 ], [ -51.500036099999939, -27.172386799999959 ], [ -51.500679799999936, -27.172940099999952 ], [ -51.501121499999954, -27.173345899999958 ], [ -51.501533299999949, -27.173986099999969 ], [ -51.501675399999954, -27.174207 ], [ -51.501924699999961, -27.174785399999962 ], [ -51.502122399999962, -27.175389799999945 ], [ -51.502112299999965, -27.175870499999967 ], [ -51.502040499999971, -27.176367299999988 ], [ -51.501958599999973, -27.177187 ], [ -51.501985599999962, -27.177755 ], [ -51.502079799999933, -27.178402 ], [ -51.502095599999961, -27.178510399999936 ], [ -51.50217269999996, -27.178987299999974 ], [ -51.502168199999971, -27.17969289999996 ], [ -51.50216649999993, -27.179965199999977 ], [ -51.502181199999946, -27.18052229999995 ], [ -51.502248699999932, -27.181090199999982 ], [ -51.502280699999964, -27.18136 ], [ -51.502371299999943, -27.181892599999969 ], [ -51.502460099999951, -27.18261329999995 ], [ -51.502513699999952, -27.182835199999939 ], [ -51.502684299999942, -27.183541099999953 ], [ -51.502926399999978, -27.184292 ], [ -51.503218899999972, -27.18522669999993 ], [ -51.503269299999936, -27.185554199999949 ], [ -51.503234299999974, -27.185947699999929 ], [ -51.503225, -27.186592299999969 ], [ -51.503277, -27.187291299999963 ], [ -51.503426799999943, -27.187968099999978 ], [ -51.503590299999985, -27.188453 ], [ -51.503717299999948, -27.189453699999945 ], [ -51.50379369999996, -27.190178499999941 ], [ -51.503849399999986, -27.190331199999942 ], [ -51.50390509999994, -27.19048389999994 ], [ -51.504114099999981, -27.19074539999998 ], [ -51.504421599999944, -27.191011099999969 ], [ -51.505341199999982, -27.191586799999982 ], [ -51.50654209999994, -27.192194299999979 ], [ -51.507644599999935, -27.192649199999948 ], [ -51.508369099999982, -27.192934199999964 ], [ -51.508895199999984, -27.193232399999939 ], [ -51.509473799999974, -27.193869699999933 ], [ -51.509732899999968, -27.194371399999977 ], [ -51.509783, -27.19464429999994 ], [ -51.509833199999953, -27.194917199999963 ], [ -51.509812, -27.195653699999983 ], [ -51.509704499999941, -27.196211299999959 ], [ -51.509559899999942, -27.196692499999983 ], [ -51.509123599999953, -27.197535299999966 ], [ -51.5085711, -27.199101399999957 ], [ -51.508455899999944, -27.200804299999952 ], [ -51.508612199999959, -27.202611 ], [ -51.50875689999998, -27.203742899999959 ], [ -51.508765199999978, -27.203807699999956 ], [ -51.509151, -27.204849699999954 ], [ -51.50949769999994, -27.205386599999933 ], [ -51.509983599999941, -27.205845399999937 ], [ -51.510622299999966, -27.206441 ], [ -51.511299299999955, -27.207010399999941 ], [ -51.511350399999962, -27.207053399999943 ], [ -51.511942099999935, -27.207391799999982 ], [ -51.51244719999994, -27.207620599999927 ], [ -51.513209, -27.207772599999934 ], [ -51.513717799999938, -27.207871299999962 ], [ -51.513933699999939, -27.207892299999969 ], [ -51.514372699999967, -27.207874 ], [ -51.514508299999932, -27.207850299999958 ], [ -51.514735499999972, -27.207810599999963 ], [ -51.514979499999981, -27.20772479999993 ], [ -51.515226099999957, -27.207599699999953 ], [ -51.515668899999987, -27.207299399999958 ], [ -51.51583439999996, -27.20716949999996 ], [ -51.515977199999945, -27.207023199999981 ], [ -51.516133399999944, -27.206880799999965 ], [ -51.516650299999981, -27.206517799999961 ], [ -51.517074099999945, -27.206302299999944 ], [ -51.517621599999984, -27.20609319999993 ], [ -51.518601299999943, -27.205806199999984 ], [ -51.5190181, -27.20572229999993 ], [ -51.519612599999959, -27.205637199999956 ], [ -51.520384099999951, -27.205427299999926 ], [ -51.52112, -27.205204499999972 ], [ -51.522234599999933, -27.204710199999958 ], [ -51.523231899999985, -27.204277599999948 ], [ -51.524014299999976, -27.203977 ], [ -51.524563699999931, -27.203732099999968 ], [ -51.524986199999951, -27.203453699999955 ], [ -51.525028, -27.203211099999976 ], [ -51.525093, -27.201882599999987 ], [ -51.525324799999972, -27.197145699999965 ], [ -51.525571, -27.192113799999962 ], [ -51.530835599999932, -27.190531 ], [ -51.53543929999995, -27.188816 ] ] ], [ [ [ -51.656401199999948, -27.155615899999937 ], [ -51.65644419999996, -27.155672699999968 ], [ -51.656472799999968, -27.155754599999966 ], [ -51.656461599999943, -27.155843599999976 ], [ -51.656445799999972, -27.155887099999969 ], [ -51.656397399999946, -27.155948 ], [ -51.656371299999932, -27.155973699999944 ], [ -51.656305399999958, -27.156022 ], [ -51.656246799999963, -27.156064799999971 ], [ -51.656188, -27.156106599999926 ], [ -51.656113199999936, -27.156157699999937 ], [ -51.6560353, -27.156207699999978 ], [ -51.655977, -27.156244099999984 ], [ -51.655917099999961, -27.156285299999983 ], [ -51.655857899999944, -27.156327899999951 ], [ -51.655790599999939, -27.156389 ], [ -51.655711699999983, -27.156454199999921 ], [ -51.655633599999931, -27.156508499999966 ], [ -51.655564, -27.156550899999957 ], [ -51.65549539999995, -27.15660059999993 ], [ -51.655413299999964, -27.15665459999996 ], [ -51.655331699999977, -27.156697099999963 ], [ -51.655259599999965, -27.156733399999954 ], [ -51.655155799999932, -27.156786899999922 ], [ -51.655042799999933, -27.156837 ], [ -51.654960099999983, -27.156878499999952 ], [ -51.654893, -27.156909699999968 ], [ -51.654822499999966, -27.156942599999983 ], [ -51.654751099999942, -27.156979099999948 ], [ -51.654681199999978, -27.157015699999917 ], [ -51.654618299999974, -27.15705649999995 ], [ -51.654572099999939, -27.157088599999934 ], [ -51.654551899999944, -27.15710259999997 ], [ -51.65449, -27.157163599999915 ], [ -51.654484199999949, -27.157222 ], [ -51.654479399999957, -27.157270099999945 ], [ -51.654476099999961, -27.157340799999933 ], [ -51.654454499999986, -27.157439499999956 ], [ -51.65442939999997, -27.157532699999923 ], [ -51.654415499999971, -27.157598099999976 ], [ -51.654410699999971, -27.157667599999968 ], [ -51.654412899999961, -27.157715099999962 ], [ -51.654436499999974, -27.157781099999973 ], [ -51.654483299999981, -27.15780849999992 ], [ -51.654559, -27.157849499999944 ], [ -51.654619399999945, -27.157882299999986 ], [ -51.654696699999931, -27.157921499999933 ], [ -51.654758, -27.157966399999967 ], [ -51.654811799999955, -27.158040499999974 ], [ -51.654844199999957, -27.158115799999972 ], [ -51.654875199999935, -27.15820539999994 ], [ -51.65489139999994, -27.158267299999988 ], [ -51.654907699999967, -27.158359299999972 ], [ -51.654917599999969, -27.158452499999942 ], [ -51.654922399999982, -27.158515799999968 ], [ -51.654928799999936, -27.158597899999958 ], [ -51.65494369999994, -27.158680699999923 ], [ -51.654951099999941, -27.158754599999945 ], [ -51.654940699999948, -27.15882 ], [ -51.654924199999982, -27.158895799999989 ], [ -51.654922899999974, -27.15896679999998 ], [ -51.654916399999941, -27.159022599999954 ], [ -51.654904599999959, -27.15911 ], [ -51.654888599999936, -27.159187799999987 ], [ -51.654860599999942, -27.159251099999953 ], [ -51.654805299999971, -27.159295899999954 ], [ -51.654760399999986, -27.159310899999983 ], [ -51.654674699999987, -27.159312199999924 ], [ -51.654599599999983, -27.159303399999931 ], [ -51.654512299999965, -27.159282699999952 ], [ -51.654435599999942, -27.159256199999959 ], [ -51.654367099999945, -27.159220299999962 ], [ -51.654295499999932, -27.159183699999968 ], [ -51.654225199999978, -27.159138 ], [ -51.654162799999945, -27.159086799999947 ], [ -51.65410449999996, -27.159036199999942 ], [ -51.65406679999996, -27.159014 ], [ -51.653966, -27.159025799999934 ], [ -51.65394509999993, -27.159051799999929 ], [ -51.653928299999968, -27.159113799999947 ], [ -51.653913899999964, -27.159197 ], [ -51.653903399999933, -27.159281599999929 ], [ -51.653877199999954, -27.159438899999945 ], [ -51.653863299999955, -27.159509899999929 ], [ -51.653846299999941, -27.159630399999973 ], [ -51.653830099999929, -27.159705599999942 ], [ -51.653814599999983, -27.159776 ], [ -51.653782799999924, -27.159858199999981 ], [ -51.653756, -27.159946299999937 ], [ -51.65372959999997, -27.160025199999957 ], [ -51.653709499999934, -27.160089699999954 ], [ -51.653673499999968, -27.160165899999974 ], [ -51.653626299999985, -27.160226499999975 ], [ -51.653571099999965, -27.160278499999954 ], [ -51.653512399999954, -27.16031549999996 ], [ -51.653435, -27.160352599999964 ], [ -51.653335199999958, -27.160391 ], [ -51.653247699999952, -27.160422799999935 ], [ -51.653138299999966, -27.160457399999931 ], [ -51.653064199999967, -27.160482099999971 ], [ -51.652973699999968, -27.16051 ], [ -51.652904599999943, -27.160532299999932 ], [ -51.652831699999986, -27.160554299999941 ], [ -51.652757499999957, -27.160588799999967 ], [ -51.652684899999933, -27.160636099999966 ], [ -51.652610099999947, -27.160704 ], [ -51.652531699999948, -27.160806399999956 ], [ -51.652489799999948, -27.160872199999975 ], [ -51.652438599999982, -27.160956199999926 ], [ -51.652405299999941, -27.161019899999925 ], [ -51.652368299999985, -27.16108 ], [ -51.652316599999949, -27.161139 ], [ -51.652250099999954, -27.161211099999935 ], [ -51.65220249999993, -27.161262699999959 ], [ -51.652170499999961, -27.161292099999962 ], [ -51.652087599999966, -27.161373299999976 ], [ -51.652034699999952, -27.161432099999956 ], [ -51.652021099999956, -27.161449599999958 ], [ -51.651978899999968, -27.161503799999927 ], [ -51.651925299999959, -27.161589199999973 ], [ -51.651896299999976, -27.16166029999993 ], [ -51.651864699999969, -27.161742299999965 ], [ -51.651850599999932, -27.161810699999936 ], [ -51.651833299999964, -27.161909899999944 ], [ -51.65179789999997, -27.162010699999936 ], [ -51.651776599999955, -27.162076 ], [ -51.651754099999948, -27.162148799999947 ], [ -51.651706899999958, -27.162211 ], [ -51.651651399999942, -27.162256799999966 ], [ -51.651586499999951, -27.162295 ], [ -51.651520799999965, -27.162323399999924 ], [ -51.651447299999973, -27.16235649999993 ], [ -51.651367599999958, -27.162395199999946 ], [ -51.651280099999951, -27.162425699999968 ], [ -51.651212, -27.162444199999982 ], [ -51.651135, -27.16246179999996 ], [ -51.651063199999953, -27.162473399999964 ], [ -51.650975699999947, -27.162484499999941 ], [ -51.650880399999942, -27.162491299999932 ], [ -51.650791599999934, -27.162494199999966 ], [ -51.650694299999948, -27.16249229999994 ], [ -51.650621299999955, -27.162491299999935 ], [ -51.650538099999949, -27.162484599999971 ], [ -51.65045589999994, -27.162474199999973 ], [ -51.650371299999968, -27.162461399999973 ], [ -51.650291199999977, -27.162448199999965 ], [ -51.650185499999964, -27.162450099999941 ], [ -51.650108, -27.16246429999995 ], [ -51.650031399999932, -27.162484399999975 ], [ -51.649956399999958, -27.162511699999982 ], [ -51.64987049999997, -27.162558899999947 ], [ -51.649778, -27.162618699999932 ], [ -51.649724699999979, -27.162665099999959 ], [ -51.649647399999942, -27.162726499999955 ], [ -51.649587, -27.162764 ], [ -51.649521899999968, -27.162798499999948 ], [ -51.649485699999957, -27.162815599999924 ], [ -51.649364299999952, -27.162874399999961 ], [ -51.649269699999941, -27.162923 ], [ -51.649160799999947, -27.16298 ], [ -51.649099299999939, -27.163014499999971 ], [ -51.649036, -27.163054499999944 ], [ -51.648976699999935, -27.163090899999926 ], [ -51.648893799999939, -27.163142799999946 ], [ -51.648818, -27.163200899999936 ], [ -51.648803799999939, -27.163215799999936 ], [ -51.648755, -27.163266799999985 ], [ -51.648594899999978, -27.163595699999973 ], [ -51.648585299999986, -27.163675199999933 ], [ -51.648580399999958, -27.163766 ], [ -51.648578499999985, -27.163833699999941 ], [ -51.64857429999995, -27.163944299999969 ], [ -51.648585299999979, -27.164017799999957 ], [ -51.648600599999952, -27.164092 ], [ -51.648627599999941, -27.164163199999958 ], [ -51.648659599999974, -27.164226699999972 ], [ -51.648698299999978, -27.164286099999966 ], [ -51.648748699999942, -27.164352299999958 ], [ -51.648809599999929, -27.164405899999966 ], [ -51.648855099999935, -27.164466199999932 ], [ -51.648892899999971, -27.164540699999968 ], [ -51.648911, -27.164606399999958 ], [ -51.648878199999956, -27.164686099999972 ], [ -51.648812699999951, -27.164742 ], [ -51.648751499999953, -27.164786099999969 ], [ -51.648691499999977, -27.164823499999954 ], [ -51.648636899999985, -27.164874199999925 ], [ -51.648657499999949, -27.164937499999947 ], [ -51.648696399999949, -27.164992299999934 ], [ -51.648700899999938, -27.165081499999925 ], [ -51.648711599999963, -27.165147 ], [ -51.648729799999956, -27.165214299999928 ], [ -51.648746699999947, -27.16528279999994 ], [ -51.648750199999938, -27.165350499999928 ], [ -51.648755499999936, -27.165424399999957 ], [ -51.64876309999994, -27.16549179999998 ], [ -51.648776899999966, -27.165563099999936 ], [ -51.648800199999982, -27.165629399999954 ], [ -51.648825299999942, -27.165691199999976 ], [ -51.64887369999996, -27.16577819999997 ], [ -51.648909599999968, -27.165837 ], [ -51.648958799999946, -27.165896299999932 ], [ -51.649003, -27.165949199999936 ], [ -51.649047399999979, -27.166008899999952 ], [ -51.649099899999953, -27.166059 ], [ -51.649139599999955, -27.166085099999982 ], [ -51.649209699999965, -27.166119499999976 ], [ -51.649259899999954, -27.166136499999933 ], [ -51.649333099999971, -27.166154299999963 ], [ -51.649393399999951, -27.1661521 ], [ -51.64944829999996, -27.16611609999995 ], [ -51.649471699999943, -27.166031199999967 ], [ -51.64949009999998, -27.165961099999944 ], [ -51.649530299999988, -27.165917099999938 ], [ -51.649581799999964, -27.165910399999976 ], [ -51.649653199999932, -27.165947599999978 ], [ -51.649699299999959, -27.165996299999954 ], [ -51.649733399999946, -27.166054699999968 ], [ -51.64976159999997, -27.166122799999989 ], [ -51.64978449999996, -27.166194199999943 ], [ -51.649806099999978, -27.166256899999951 ], [ -51.649848, -27.166351299999981 ], [ -51.649879599999963, -27.16641959999998 ], [ -51.649906299999941, -27.166480799999913 ], [ -51.649947499999939, -27.166551299999981 ], [ -51.649979599999938, -27.166595199999964 ], [ -51.649992399999974, -27.166612599999951 ], [ -51.65003059999998, -27.166665399999953 ], [ -51.650034099999971, -27.16667 ], [ -51.650036399999969, -27.166796699999967 ], [ -51.650071499999967, -27.166765799999947 ], [ -51.650146699999937, -27.166723699999984 ], [ -51.650200599999948, -27.166702399999966 ], [ -51.650258399999977, -27.16668119999996 ], [ -51.650285799999942, -27.16667 ], [ -51.6503034, -27.166660099999937 ], [ -51.650368799999967, -27.166632399999969 ], [ -51.650448299999944, -27.166601399999941 ], [ -51.650521899999944, -27.166573799999984 ], [ -51.650607899999954, -27.166541399999971 ], [ -51.650695599999942, -27.166503 ], [ -51.650758, -27.166471899999973 ], [ -51.650842699999949, -27.166439 ], [ -51.650933799999969, -27.166399799999976 ], [ -51.650993799999988, -27.166365 ], [ -51.651067899999987, -27.16631469999993 ], [ -51.651130299999977, -27.166275699999961 ], [ -51.651201399999934, -27.166231199999981 ], [ -51.651268099999982, -27.166193 ], [ -51.651359899999932, -27.166119699999971 ], [ -51.651462799999933, -27.166040099999979 ], [ -51.65154959999996, -27.16597209999998 ], [ -51.651618899999967, -27.165916899999953 ], [ -51.651678799999956, -27.165869 ], [ -51.651827699999956, -27.165735699999985 ], [ -51.651878199999942, -27.165684399999975 ], [ -51.651962799999978, -27.165590299999955 ], [ -51.652027, -27.165520699999952 ], [ -51.652099099999987, -27.165448299999976 ], [ -51.652161799999931, -27.165389499999954 ], [ -51.652224899999965, -27.16533829999997 ], [ -51.65228719999994, -27.165295899999922 ], [ -51.652357199999983, -27.165247399999942 ], [ -51.652497899999965, -27.165150099999956 ], [ -51.652604599999961, -27.165067799999974 ], [ -51.652675399999957, -27.165006699999946 ], [ -51.652732499999956, -27.164954799999975 ], [ -51.652791899999954, -27.164901199999978 ], [ -51.652880899999957, -27.164862 ], [ -51.653145599999959, -27.164771699999964 ], [ -51.653225899999939, -27.164744299999949 ], [ -51.653323099999973, -27.164713499999941 ], [ -51.653403399999952, -27.164687599999976 ], [ -51.653480699999925, -27.164664499999944 ], [ -51.65355969999996, -27.164640199999944 ], [ -51.653667, -27.164613699999958 ], [ -51.653769699999948, -27.164603 ], [ -51.653864, -27.164592499999973 ], [ -51.653949799999971, -27.164576799999967 ], [ -51.654055799999981, -27.164580399999981 ], [ -51.654084799999964, -27.164586799999928 ], [ -51.654149299999972, -27.164613099999936 ], [ -51.65418909999994, -27.16464649999995 ], [ -51.654259, -27.16469869999997 ], [ -51.654327899999934, -27.164745599999943 ], [ -51.65439259999993, -27.164782599999967 ], [ -51.654477399999969, -27.164811299999943 ], [ -51.654537199999936, -27.1648125 ], [ -51.654620099999931, -27.164788899999962 ], [ -51.65469249999996, -27.164745899999957 ], [ -51.654717399999981, -27.164724499999977 ], [ -51.654773599999942, -27.164669199999924 ], [ -51.654797699999961, -27.164639499999964 ], [ -51.6548428, -27.164580499999939 ], [ -51.654866299999988, -27.16455059999992 ], [ -51.654918499999951, -27.16450089999994 ], [ -51.655002399999951, -27.164471 ], [ -51.655068899999947, -27.164482699999958 ], [ -51.655127, -27.164533 ], [ -51.65514289999993, -27.164557899999988 ], [ -51.655167699999943, -27.164618699999949 ], [ -51.655211299999962, -27.164771599999938 ], [ -51.655237, -27.164860899999955 ], [ -51.655267299999934, -27.164956099999984 ], [ -51.655306699999983, -27.165026799999961 ], [ -51.655369199999939, -27.165088099999934 ], [ -51.65544449999993, -27.165122299999947 ], [ -51.655521, -27.165146199999988 ], [ -51.655595399999982, -27.165159199999955 ], [ -51.655668, -27.165159199999945 ], [ -51.655711699999983, -27.165158099999935 ], [ -51.655793899999935, -27.165152499999973 ], [ -51.655883299999971, -27.165137699999946 ], [ -51.655960599999958, -27.165108399999951 ], [ -51.65601259999994, -27.165061099999932 ], [ -51.656052199999976, -27.164995399999938 ], [ -51.656086, -27.164938199999934 ], [ -51.656115, -27.164879799999937 ], [ -51.65614249999993, -27.164821299999982 ], [ -51.656174799999981, -27.164755599999989 ], [ -51.656211599999956, -27.164685499999969 ], [ -51.656262899999938, -27.164602299999959 ], [ -51.656316, -27.164539399999967 ], [ -51.656395699999969, -27.164448899999975 ], [ -51.656473, -27.164381299999945 ], [ -51.656544499999946, -27.164333399999979 ], [ -51.656612799999948, -27.164303 ], [ -51.656693299999979, -27.164283499999964 ], [ -51.656774799999937, -27.164268499999928 ], [ -51.656867799999986, -27.164246899999959 ], [ -51.65695889999995, -27.164235099999928 ], [ -51.657058, -27.164222 ], [ -51.657149499999946, -27.164208599999945 ], [ -51.657233899999945, -27.164186799999975 ], [ -51.657312, -27.164159799999947 ], [ -51.657381399999963, -27.164134199999967 ], [ -51.657451899999955, -27.164094 ], [ -51.657512799999957, -27.164035199999944 ], [ -51.657578499999943, -27.163982499999971 ], [ -51.657643699999944, -27.16395179999995 ], [ -51.657714899999974, -27.163933899999961 ], [ -51.657896899999969, -27.163902099999973 ], [ -51.658076, -27.163904099999979 ], [ -51.658154, -27.163916899999936 ], [ -51.658239599999945, -27.163951099999949 ], [ -51.658297199999936, -27.163991799999952 ], [ -51.658353799999986, -27.164042199999979 ], [ -51.658408099999974, -27.164100499999961 ], [ -51.658450799999969, -27.164153499999948 ], [ -51.658510399999955, -27.164224799999946 ], [ -51.658561599999985, -27.164294 ], [ -51.65862519999996, -27.164382099999951 ], [ -51.658669499999981, -27.16443349999998 ], [ -51.658732399999963, -27.16447949999997 ], [ -51.658798499999925, -27.164521399999956 ], [ -51.65886839999996, -27.164549399999942 ], [ -51.658946799999967, -27.164572099999923 ], [ -51.659018099999976, -27.164595599999917 ], [ -51.659115299999939, -27.164619899999927 ], [ -51.659208599999943, -27.164644799999966 ], [ -51.659290899999981, -27.164656799999921 ], [ -51.659374799999966, -27.164668 ], [ -51.659463099999982, -27.164686099999987 ], [ -51.659529299999967, -27.164696099999954 ], [ -51.65965209999996, -27.164706 ], [ -51.659733099999983, -27.164708399999938 ], [ -51.65981, -27.164699399999954 ], [ -51.659886099999937, -27.16467849999998 ], [ -51.659962599999965, -27.164658 ], [ -51.660034099999962, -27.164641599999982 ], [ -51.660108, -27.164628499999946 ], [ -51.660193699999972, -27.164615599999944 ], [ -51.660267799999986, -27.164611599999937 ], [ -51.660370899999975, -27.164606499999934 ], [ -51.660461099999971, -27.164606099999968 ], [ -51.66054139999995, -27.164607099999952 ], [ -51.66062919999996, -27.164606499999937 ], [ -51.660721799999976, -27.164608599999951 ], [ -51.660799799999957, -27.164617699999951 ], [ -51.660902, -27.164624699999933 ], [ -51.660974299999964, -27.164605499999947 ], [ -51.661035399999946, -27.164560199999986 ], [ -51.66110149999998, -27.164522399999957 ], [ -51.661164, -27.164474499999979 ], [ -51.661218099999985, -27.164423499999945 ], [ -51.661277699999964, -27.164386699999962 ], [ -51.661342499999932, -27.164358199999985 ], [ -51.661408699999988, -27.164329499999948 ], [ -51.661488399999939, -27.164312799999948 ], [ -51.66157149999998, -27.164310099999966 ], [ -51.661650499999951, -27.164312699999989 ], [ -51.66172679999994, -27.164320699999958 ], [ -51.661803799999973, -27.164342199999965 ], [ -51.661879599999963, -27.164369599999926 ], [ -51.661956, -27.164404099999956 ], [ -51.662053899999933, -27.164441099999976 ], [ -51.662140299999983, -27.164480799999975 ], [ -51.662211899999932, -27.164522 ], [ -51.662296599999927, -27.164554399999933 ], [ -51.662382099999945, -27.164568599999921 ], [ -51.662404899999956, -27.164573099999934 ], [ -51.662455799999975, -27.164583199999978 ], [ -51.662529, -27.164596699999954 ], [ -51.662601699999982, -27.16460509999996 ], [ -51.662678399999947, -27.164612199999958 ], [ -51.662760799999944, -27.164618899999933 ], [ -51.662849699999981, -27.164620499999952 ], [ -51.662937899999967, -27.164619899999938 ], [ -51.66305379999995, -27.16461709999993 ], [ -51.66314859999995, -27.164598099999981 ], [ -51.6632259, -27.164586399999973 ], [ -51.663305699999967, -27.164566 ], [ -51.663346, -27.164550099999932 ], [ -51.663441499999983, -27.164508799999947 ], [ -51.663520599999977, -27.164467599999963 ], [ -51.6635864, -27.164432599999945 ], [ -51.663665499999979, -27.164391799999983 ], [ -51.663734399999953, -27.164358399999969 ], [ -51.663779899999952, -27.164334599999947 ], [ -51.663617299999942, -27.164204699999974 ], [ -51.663445299999978, -27.164128099999974 ], [ -51.662900399999955, -27.163939399999933 ], [ -51.658126, -27.154817399999953 ], [ -51.657711799999952, -27.154487899999936 ], [ -51.656171499999971, -27.155113399999951 ], [ -51.65615, -27.155317599999922 ], [ -51.65613959999996, -27.155336299999931 ], [ -51.656134299999955, -27.15540719999996 ], [ -51.656144199999972, -27.155434599999975 ], [ -51.656182799999954, -27.15549 ], [ -51.656212399999959, -27.155513199999977 ], [ -51.656273799999951, -27.155547399999936 ], [ -51.656343299999953, -27.155576599999961 ], [ -51.656401199999948, -27.155615899999937 ] ] ], [ [ [ -51.602591499999967, -27.108626599999976 ], [ -51.602583699999975, -27.108647 ], [ -51.602498499999975, -27.108757499999957 ], [ -51.602491399999963, -27.108764099999977 ], [ -51.602480599999978, -27.108770799999945 ], [ -51.602470899999958, -27.108775099999946 ], [ -51.602458499999955, -27.108780899999932 ], [ -51.602444799999944, -27.108787899999985 ], [ -51.602431499999966, -27.108795099999952 ], [ -51.602417499999945, -27.108802899999958 ], [ -51.602402599999948, -27.108812099999959 ], [ -51.602384599999937, -27.10882249999996 ], [ -51.602362299999989, -27.108837499999936 ], [ -51.602337899999952, -27.108856199999927 ], [ -51.602320899999938, -27.10887189999994 ], [ -51.602301199999943, -27.108892499999964 ], [ -51.602285299999949, -27.108912399999955 ], [ -51.602269299999932, -27.108934099999939 ], [ -51.602253399999938, -27.10895569999996 ], [ -51.60223689999998, -27.108977899999964 ], [ -51.602219399999974, -27.108998699999972 ], [ -51.602202499999976, -27.109016699999984 ], [ -51.602181499999972, -27.109033899999918 ], [ -51.602160399999953, -27.10905 ], [ -51.602136899999948, -27.10906609999995 ], [ -51.602112699999971, -27.109081699999933 ], [ -51.602088199999969, -27.10909409999994 ], [ -51.602062599999954, -27.109104099999957 ], [ -51.602034799999956, -27.10911039999996 ], [ -51.602008499999954, -27.109113 ], [ -51.601985299999967, -27.109112199999977 ], [ -51.601964799999962, -27.109107099999953 ], [ -51.601943699999943, -27.109099799999971 ], [ -51.601920899999989, -27.109088199999981 ], [ -51.601898, -27.109073899999935 ], [ -51.601872699999952, -27.109060099999962 ], [ -51.601848, -27.109047499999974 ], [ -51.601822, -27.10903379999996 ], [ -51.601796099999945, -27.10902109999995 ], [ -51.601769899999972, -27.109011599999974 ], [ -51.601744399999973, -27.10900829999996 ], [ -51.601719699999933, -27.109010099999974 ], [ -51.601694699999946, -27.10901889999996 ], [ -51.601665799999978, -27.10903419999994 ], [ -51.60163509999996, -27.109052899999927 ], [ -51.60160019999995, -27.109081299999957 ], [ -51.601558299999965, -27.109121399999928 ], [ -51.601519399999979, -27.109158599999947 ], [ -51.601493699999928, -27.109176699999967 ], [ -51.601465199999957, -27.109194499999937 ], [ -51.601439499999969, -27.109210399999938 ], [ -51.601415899999957, -27.109227099999941 ], [ -51.601395199999956, -27.109241699999924 ], [ -51.601374399999941, -27.109253599999942 ], [ -51.601354799999967, -27.109264299999943 ], [ -51.601335899999981, -27.10927329999997 ], [ -51.601316599999969, -27.109283699999938 ], [ -51.601297299999949, -27.109292399999966 ], [ -51.601278699999966, -27.10930169999995 ], [ -51.601258799999982, -27.109311499999926 ], [ -51.601238299999977, -27.109322499999962 ], [ -51.601217499999962, -27.109333199999977 ], [ -51.601195099999984, -27.109344799999963 ], [ -51.60117269999995, -27.109355299999947 ], [ -51.601151899999934, -27.10936489999996 ], [ -51.601133199999936, -27.109373 ], [ -51.601115199999988, -27.109381199999973 ], [ -51.601099, -27.109387599999927 ], [ -51.601083699999947, -27.109394299999963 ], [ -51.601067499999942, -27.109400099999952 ], [ -51.601052299999935, -27.109406299999925 ], [ -51.601037599999984, -27.109413 ], [ -51.60102269999993, -27.109418799999965 ], [ -51.601012099999934, -27.109426299999939 ], [ -51.601006299999938, -27.109430899999943 ], [ -51.601010699999961, -27.109450399999954 ], [ -51.601006499999983, -27.109471099999951 ], [ -51.60099409999998, -27.109494899999959 ], [ -51.600974899999983, -27.10952159999994 ], [ -51.600949299999961, -27.10954809999998 ], [ -51.600915399999963, -27.109573299999969 ], [ -51.600876, -27.109597 ], [ -51.600832299999979, -27.109620699999933 ], [ -51.600787899999943, -27.109642899999979 ], [ -51.600743799999975, -27.109664099999982 ], [ -51.600701299999969, -27.10968569999994 ], [ -51.60066, -27.109708299999973 ], [ -51.600619599999966, -27.109733399999982 ], [ -51.600580799999939, -27.1097559 ], [ -51.600544699999944, -27.109776 ], [ -51.600511499999982, -27.10979159999993 ], [ -51.600483799999949, -27.109801099999967 ], [ -51.600459899999976, -27.109804199999928 ], [ -51.600440299999946, -27.109803399999969 ], [ -51.600420099999944, -27.109802099999957 ], [ -51.600400099999945, -27.109801599999962 ], [ -51.600383299999976, -27.109803199999931 ], [ -51.600366799999961, -27.109806799999941 ], [ -51.600352499999985, -27.109812799999933 ], [ -51.600341, -27.109820599999981 ], [ -51.600328299999937, -27.109831799999945 ], [ -51.600316, -27.109846 ], [ -51.600301599999966, -27.109863799999964 ], [ -51.600289799999985, -27.10988929999996 ], [ -51.600281399999979, -27.109921499999931 ], [ -51.60027759999997, -27.109966399999966 ], [ -51.600275499999952, -27.110019699999953 ], [ -51.600274499999955, -27.110067 ], [ -51.600275699999941, -27.110083699999961 ], [ -51.600272099999984, -27.110106599999934 ], [ -51.600271, -27.110126599999944 ], [ -51.60026849999997, -27.110145599999946 ], [ -51.600264599999953, -27.110165399999964 ], [ -51.600258499999939, -27.1101834 ], [ -51.600250199999955, -27.11020109999998 ], [ -51.600240099999951, -27.110219899999951 ], [ -51.600227899999936, -27.110242399999933 ], [ -51.600211499999943, -27.110269299999967 ], [ -51.600192199999981, -27.110302299999933 ], [ -51.600169499999936, -27.110337799999964 ], [ -51.600028199999947, -27.11047869999992 ], [ -51.599973199999958, -27.110504 ], [ -51.599918299999963, -27.110524599999952 ], [ -51.599891299999967, -27.110537899999933 ], [ -51.59985149999995, -27.110559199999958 ], [ -51.599809899999975, -27.110581 ], [ -51.599767099999944, -27.110603299999973 ], [ -51.599732199999949, -27.110624499999961 ], [ -51.599704299999978, -27.110644099999931 ], [ -51.599682899999941, -27.11066389999996 ], [ -51.599665799999968, -27.110684299999939 ], [ -51.599648699999939, -27.110706799999946 ], [ -51.599630499999932, -27.110732099999943 ], [ -51.599610699999978, -27.110760899999942 ], [ -51.599589799999926, -27.110793699999938 ], [ -51.599570199999967, -27.110828599999927 ], [ -51.599547599999937, -27.110865199999981 ], [ -51.59952409999994, -27.110905399999975 ], [ -51.599500299999931, -27.110949699999946 ], [ -51.599482099999932, -27.110995 ], [ -51.599458099999929, -27.111025099999953 ], [ -51.599435, -27.111054799999977 ], [ -51.599413799999979, -27.111084 ], [ -51.599395, -27.111114199999971 ], [ -51.59937739999998, -27.111142199999961 ], [ -51.599359799999945, -27.111167499999965 ], [ -51.599342699999966, -27.111191699999956 ], [ -51.59932619999995, -27.111214199999942 ], [ -51.599271699999974, -27.1112864 ], [ -51.599253799999985, -27.111313599999963 ], [ -51.599236499999961, -27.111341399999958 ], [ -51.599218, -27.11137129999997 ], [ -51.599203499999938, -27.111402599999966 ], [ -51.599188499999968, -27.111438299999971 ], [ -51.59917779999995, -27.111472799999948 ], [ -51.599161099999947, -27.111500699999961 ], [ -51.599135799999942, -27.111543499999975 ], [ -51.599116099999947, -27.111575099999971 ], [ -51.599097, -27.111602799999954 ], [ -51.599077499999972, -27.111625899999979 ], [ -51.599059399999938, -27.111644899999927 ], [ -51.5990432, -27.111662199999955 ], [ -51.599026, -27.111678699999974 ], [ -51.599011, -27.111695899999969 ], [ -51.59899879999994, -27.111716699999935 ], [ -51.598990899999933, -27.111740699999924 ], [ -51.598987399999949, -27.111766299999939 ], [ -51.598989399999944, -27.111793499999973 ], [ -51.598993899999989, -27.111820599999934 ], [ -51.598998599999959, -27.111847499999961 ], [ -51.599003399999951, -27.111877099999958 ], [ -51.599011, -27.111908 ], [ -51.599018299999962, -27.111940299999958 ], [ -51.599020499999938, -27.111975699999963 ], [ -51.599018099999967, -27.112013599999951 ], [ -51.599010199999952, -27.11205219999994 ], [ -51.598955299999943, -27.112155 ], [ -51.598905299999956, -27.112247699999958 ], [ -51.598830899999939, -27.112323299999961 ], [ -51.598728199999989, -27.112357199999966 ], [ -51.598595699999976, -27.112387 ], [ -51.598491799999977, -27.11245659999997 ], [ -51.59837049999993, -27.112573799999947 ], [ -51.598316799999964, -27.112668199999966 ], [ -51.59828059999996, -27.112765799999963 ], [ -51.598259099999957, -27.112857499999961 ], [ -51.598227, -27.112984099999942 ], [ -51.598202399999934, -27.113073 ], [ -51.598148899999956, -27.113188099999949 ], [ -51.598287799999987, -27.113257799999943 ], [ -51.598432399999972, -27.113475299999955 ], [ -51.598436499999927, -27.113749599999952 ], [ -51.598391299999946, -27.113925899999966 ], [ -51.598449699999954, -27.114216599999963 ], [ -51.598574, -27.11436649999996 ], [ -51.598740899999939, -27.114462199999942 ], [ -51.598828399999945, -27.114488799999947 ], [ -51.598887, -27.11451639999996 ], [ -51.598925, -27.114552 ], [ -51.598937199999966, -27.114577 ], [ -51.598958899999964, -27.114652899999957 ], [ -51.598968099999979, -27.114724399999947 ], [ -51.598962299999982, -27.114789399999957 ], [ -51.598952399999973, -27.114867099999962 ], [ -51.598952199999985, -27.11494949999997 ], [ -51.598966499999953, -27.115016299999976 ], [ -51.598984399999949, -27.115087799999969 ], [ -51.599003699999962, -27.11517259999993 ], [ -51.599020499999938, -27.11525579999994 ], [ -51.599040399999986, -27.115317599999965 ], [ -51.599057699999946, -27.115373299999924 ], [ -51.599076299999986, -27.115451499999939 ], [ -51.599075, -27.115526399999961 ], [ -51.599055599999986, -27.11559079999995 ], [ -51.599029499999979, -27.115660799999947 ], [ -51.599010099999987, -27.115725699999928 ], [ -51.599009899999942, -27.115793399999969 ], [ -51.599010399999941, -27.115878599999977 ], [ -51.5989972, -27.115967099999978 ], [ -51.59897629999994, -27.116052599999929 ], [ -51.598968799999966, -27.116127599999977 ], [ -51.598968, -27.116209399999931 ], [ -51.598981, -27.116289299999956 ], [ -51.59900429999994, -27.116370499999952 ], [ -51.599028199999964, -27.11643419999994 ], [ -51.599052799999974, -27.116496299999945 ], [ -51.599089199999987, -27.116585199999978 ], [ -51.599121, -27.116661899999936 ], [ -51.599150099999974, -27.116738399999971 ], [ -51.599177, -27.11681289999995 ], [ -51.599197399999973, -27.11688439999994 ], [ -51.599212899999941, -27.116961499999942 ], [ -51.599228399999959, -27.117062699999966 ], [ -51.599240399999985, -27.117136199999951 ], [ -51.605761, -27.117215299999948 ], [ -51.605890299999942, -27.117236299999934 ], [ -51.606037199999946, -27.117215299999938 ], [ -51.606206899999961, -27.117196399999948 ], [ -51.607177, -27.115864699999978 ], [ -51.608219299999973, -27.112201899999931 ], [ -51.608215199999954, -27.112180299999981 ], [ -51.608211199999978, -27.112160799999966 ], [ -51.608204299999947, -27.112138399999932 ], [ -51.608196699999944, -27.112113799999971 ], [ -51.60818739999997, -27.112090299999977 ], [ -51.608177099999985, -27.112065399999945 ], [ -51.608164599999959, -27.112041299999927 ], [ -51.608153699999953, -27.112017599999938 ], [ -51.608142499999985, -27.111994599999953 ], [ -51.608131, -27.1119725 ], [ -51.608116499999944, -27.11194989999996 ], [ -51.608096599999953, -27.111921 ], [ -51.608090799999957, -27.11191209999998 ], [ -51.608077599999945, -27.111894499999941 ], [ -51.608061899999932, -27.111876299999956 ], [ -51.608044, -27.111856299999932 ], [ -51.608025399999974, -27.111835099999951 ], [ -51.60801029999994, -27.111816399999956 ], [ -51.607996799999967, -27.11179959999998 ], [ -51.6079855, -27.111786399999971 ], [ -51.60797349999995, -27.111772599999931 ], [ -51.607960899999966, -27.111758299999959 ], [ -51.607945899999947, -27.111741199999987 ], [ -51.607931399999984, -27.111724699999975 ], [ -51.607916899999971, -27.111707699999965 ], [ -51.607901799999986, -27.111691199999939 ], [ -51.607886499999957, -27.111674399999973 ], [ -51.607868, -27.111656 ], [ -51.607848, -27.11163839999994 ], [ -51.607826699999976, -27.111618699999958 ], [ -51.607803199999978, -27.111598099999984 ], [ -51.607781, -27.111578 ], [ -51.60775689999997, -27.11155639999998 ], [ -51.607730299999965, -27.111531899999925 ], [ -51.607703399999934, -27.111508299999965 ], [ -51.607676899999944, -27.11148559999998 ], [ -51.607649699999975, -27.111463399999931 ], [ -51.607625699999971, -27.111445 ], [ -51.607612299999971, -27.111436599999934 ], [ -51.60758629999998, -27.111413799999976 ], [ -51.607563199999959, -27.111396299999971 ], [ -51.607530799999942, -27.111375499999951 ], [ -51.60749439999995, -27.111353399999921 ], [ -51.607458299999962, -27.111330499999948 ], [ -51.607419099999959, -27.111305399999928 ], [ -51.607379599999945, -27.111281099999932 ], [ -51.607340099999931, -27.111257899999941 ], [ -51.607300299999963, -27.111234499999963 ], [ -51.607262, -27.111209599999935 ], [ -51.607223899999951, -27.111180599999969 ], [ -51.607189599999963, -27.111156 ], [ -51.607162499999959, -27.111134899999971 ], [ -51.607135299999982, -27.111113799999941 ], [ -51.607106599999952, -27.111089699999983 ], [ -51.60707629999996, -27.111065799999942 ], [ -51.607047899999934, -27.111042 ], [ -51.607018799999935, -27.11101589999998 ], [ -51.606991799999946, -27.110986799999974 ], [ -51.606972699999972, -27.110967799999973 ], [ -51.606962899999985, -27.110957099999947 ], [ -51.606951, -27.11094219999994 ], [ -51.606935799999974, -27.110924099999977 ], [ -51.606920699999939, -27.110904799999961 ], [ -51.606906899999956, -27.110887699999978 ], [ -51.606893299999975, -27.110871499999977 ], [ -51.606878199999983, -27.110853799999965 ], [ -51.606862799999924, -27.110833199999949 ], [ -51.606848, -27.110814199999929 ], [ -51.606831299999953, -27.110793 ], [ -51.606815499999989, -27.110772599999962 ], [ -51.606798499999968, -27.110751099999948 ], [ -51.606779, -27.110728 ], [ -51.606757699999953, -27.110704899999988 ], [ -51.606735099999987, -27.110681799999956 ], [ -51.606713199999945, -27.110660399999968 ], [ -51.606686599999932, -27.1106382 ], [ -51.606658499999988, -27.1106157 ], [ -51.606628199999932, -27.110591299999957 ], [ -51.606597199999953, -27.110563 ], [ -51.606565199999984, -27.110529499999924 ], [ -51.606540099999961, -27.110502599999965 ], [ -51.606531899999936, -27.110476799999958 ], [ -51.606522799999937, -27.110451399999935 ], [ -51.606511599999976, -27.110426199999953 ], [ -51.606500099999955, -27.110403499999958 ], [ -51.606491099999971, -27.110381399999945 ], [ -51.6064861, -27.110362899999924 ], [ -51.606482099999937, -27.110346799999952 ], [ -51.606477499999983, -27.1103318 ], [ -51.606473299999955, -27.11031939999998 ], [ -51.606468099999972, -27.110305499999978 ], [ -51.606461, -27.110288399999948 ], [ -51.60645049999993, -27.110267699999941 ], [ -51.606439099999939, -27.110247799999968 ], [ -51.6064267, -27.110228199999941 ], [ -51.606412699999964, -27.110206099999964 ], [ -51.606396899999943, -27.11018189999993 ], [ -51.606379899999979, -27.110158199999937 ], [ -51.606361299999939, -27.110133599999983 ], [ -51.606342099999942, -27.110111399999933 ], [ -51.606326299999978, -27.11008819999995 ], [ -51.606300799999985, -27.110058699999961 ], [ -51.606271099999958, -27.110031599999957 ], [ -51.606238499999961, -27.110000799999963 ], [ -51.606206899999954, -27.109969199999966 ], [ -51.606178899999982, -27.109940399999967 ], [ -51.606151699999941, -27.10991319999993 ], [ -51.606126499999952, -27.109885099999932 ], [ -51.606104599999981, -27.109860899999944 ], [ -51.606086899999987, -27.109837199999948 ], [ -51.606069199999979, -27.109810699999962 ], [ -51.606053899999949, -27.109783699999983 ], [ -51.606039799999962, -27.109754899999928 ], [ -51.606026699999966, -27.109726499999962 ], [ -51.606010699999956, -27.109696099999965 ], [ -51.605995099999973, -27.109666499999953 ], [ -51.605986899999948, -27.109653799999936 ], [ -51.605975799999953, -27.109635899999947 ], [ -51.605958699999981, -27.109608899999952 ], [ -51.605939, -27.109576899999983 ], [ -51.6059178, -27.109545699999963 ], [ -51.605897199999966, -27.109515599999956 ], [ -51.605881099999976, -27.109488899999974 ], [ -51.605863599999964, -27.109462099999966 ], [ -51.605846899999968, -27.109437 ], [ -51.60582919999996, -27.109413899999932 ], [ -51.605812499999963, -27.10939209999998 ], [ -51.605796399999967, -27.109368699999955 ], [ -51.605780199999977, -27.109343 ], [ -51.605765599999977, -27.109319299999974 ], [ -51.605751299999952, -27.109296399999938 ], [ -51.605738899999949, -27.10927509999993 ], [ -51.60573409999995, -27.109264899999975 ], [ -51.605725899999975, -27.109249399999957 ], [ -51.605713499999972, -27.109228799999983 ], [ -51.605699799999968, -27.109205299999932 ], [ -51.605688299999933, -27.109184299999974 ], [ -51.605678099999984, -27.109165499999961 ], [ -51.605669, -27.109150899999971 ], [ -51.605660399999977, -27.10913679999992 ], [ -51.605650899999944, -27.109123599999972 ], [ -51.605642699999976, -27.109110399999956 ], [ -51.605632799999967, -27.109094099999925 ], [ -51.605623, -27.109076099999974 ], [ -51.605614299999957, -27.10905479999996 ], [ -51.605603899999949, -27.109026 ], [ -51.605592199999933, -27.108995599999961 ], [ -51.605581, -27.108970499999945 ], [ -51.605573899999968, -27.108955499999983 ], [ -51.605564699999952, -27.108937 ], [ -51.60555539999995, -27.108917399999935 ], [ -51.605546099999962, -27.108897199999944 ], [ -51.605538, -27.108876499999951 ], [ -51.605531199999973, -27.10885739999998 ], [ -51.60552689999998, -27.108839899999957 ], [ -51.60552349999994, -27.108825499999959 ], [ -51.605519899999933, -27.108811899999978 ], [ -51.605516799999975, -27.108796099999946 ], [ -51.605512499999982, -27.108778099999938 ], [ -51.605508399999962, -27.108758199999951 ], [ -51.605504699999983, -27.108741299999949 ], [ -51.6055004, -27.108726 ], [ -51.605496199999941, -27.10871359999993 ], [ -51.605492899999938, -27.108702499999929 ], [ -51.605487799999942, -27.108690299999974 ], [ -51.605483599999964, -27.10867839999997 ], [ -51.60547969999994, -27.108668499999968 ], [ -51.605476099999969, -27.108659299999928 ], [ -51.605471599999937, -27.108649899999936 ], [ -51.605466799999931, -27.108638599999956 ], [ -51.605460699999981, -27.108625 ], [ -51.605454, -27.108611 ], [ -51.605447, -27.108598299999976 ], [ -51.605441199999966, -27.108586699999936 ], [ -51.605435199999931, -27.108575899999952 ], [ -51.605430399999932, -27.108566199999927 ], [ -51.605424699999951, -27.108556799999974 ], [ -51.605419299999937, -27.108547699999974 ], [ -51.605413899999981, -27.108538099999972 ], [ -51.605400399999951, -27.108519399999988 ], [ -51.605387099999973, -27.108504499999974 ], [ -51.605372599999953, -27.108490399999933 ], [ -51.605324899999971, -27.108510899999949 ], [ -51.605277499999943, -27.108527399999957 ], [ -51.605222899999944, -27.108541399999982 ], [ -51.60516819999998, -27.108551399999953 ], [ -51.605117199999938, -27.108560299999958 ], [ -51.605091299999962, -27.108564899999973 ], [ -51.605053099999957, -27.108571599999955 ], [ -51.605014, -27.108575199999958 ], [ -51.60497289999995, -27.108576599999935 ], [ -51.604931199999953, -27.108575199999958 ], [ -51.604891299999963, -27.108571499999982 ], [ -51.604850699999986, -27.108565599999963 ], [ -51.604814499999975, -27.108556799999974 ], [ -51.604783, -27.108547099999953 ], [ -51.60476019999993, -27.108535 ], [ -51.604743, -27.108521099999955 ], [ -51.60472759999994, -27.108503299999942 ], [ -51.60471629999995, -27.108484499999971 ], [ -51.604708699999946, -27.10846349999996 ], [ -51.604700699999967, -27.108439899999951 ], [ -51.604693399999974, -27.108415799999928 ], [ -51.604684699999957, -27.108389399999965 ], [ -51.604675099999959, -27.108362199999931 ], [ -51.604662099999977, -27.108333 ], [ -51.604646799999955, -27.108303099999937 ], [ -51.604626499999945, -27.108273199999932 ], [ -51.604605, -27.108247799999951 ], [ -51.604580799999958, -27.108226699999936 ], [ -51.604555399999981, -27.108211299999944 ], [ -51.604529799999966, -27.108201199999925 ], [ -51.604506199999953, -27.108197299999965 ], [ -51.604484, -27.108199599999988 ], [ -51.604461599999986, -27.108207799999942 ], [ -51.60443829999997, -27.10822249999995 ], [ -51.604416799999967, -27.108245899999929 ], [ -51.604399799999953, -27.108279899999946 ], [ -51.604388099999944, -27.108321799999942 ], [ -51.604380399999968, -27.108366799999942 ], [ -51.604375, -27.108412499999929 ], [ -51.604371399999934, -27.108459399999958 ], [ -51.604366599999942, -27.108504 ], [ -51.604356299999949, -27.108540499999933 ], [ -51.604339599999939, -27.108568099999957 ], [ -51.604318599999942, -27.108588699999935 ], [ -51.604292799999932, -27.108602799999975 ], [ -51.604265699999985, -27.108610799999944 ], [ -51.60424, -27.108611199999928 ], [ -51.604216899999983, -27.108599899999941 ], [ -51.604190799999969, -27.10857939999994 ], [ -51.60416239999995, -27.108552399999965 ], [ -51.604134, -27.108526599999948 ], [ -51.604106, -27.108503299999938 ], [ -51.604079599999984, -27.108482499999983 ], [ -51.604057899999987, -27.108466499999963 ], [ -51.604042099999958, -27.108456 ], [ -51.604024699999968, -27.108447499999947 ], [ -51.603998399999966, -27.10843629999993 ], [ -51.603966799999966, -27.10842029999997 ], [ -51.603935199999967, -27.108408399999973 ], [ -51.603905299999958, -27.108403399999926 ], [ -51.603876699999951, -27.108403 ], [ -51.603848899999946, -27.108404199999942 ], [ -51.60382009999995, -27.108409099999953 ], [ -51.603790799999956, -27.108416799999933 ], [ -51.6037611, -27.108427099999972 ], [ -51.603730599999949, -27.108439299999922 ], [ -51.603700699999933, -27.108451599999974 ], [ -51.603672399999944, -27.108463499999967 ], [ -51.60364309999995, -27.108472399999986 ], [ -51.603613799999941, -27.108480099999941 ], [ -51.60358309999998, -27.1084868 ], [ -51.603551799999934, -27.108489399999936 ], [ -51.603519199999944, -27.108488799999979 ], [ -51.603487099999938, -27.108485199999961 ], [ -51.603455599999961, -27.10847779999995 ], [ -51.603422199999955, -27.108465299999981 ], [ -51.603387699999985, -27.108448499999952 ], [ -51.603354699999961, -27.108428699999926 ], [ -51.603328499999975, -27.108402499999965 ], [ -51.603309399999944, -27.108370899999958 ], [ -51.603294099999971, -27.10833869999993 ], [ -51.603278799999941, -27.108309899999938 ], [ -51.603262399999942, -27.108285 ], [ -51.603246299999959, -27.108263799999971 ], [ -51.603230899999978, -27.108246499999954 ], [ -51.60321689999995, -27.108233799999937 ], [ -51.603187299999945, -27.108226299999963 ], [ -51.603150099999937, -27.108217799999967 ], [ -51.603113, -27.108209799999944 ], [ -51.603075499999932, -27.108202099999971 ], [ -51.603041499999961, -27.108197499999964 ], [ -51.603008899999956, -27.10819459999993 ], [ -51.602976799999958, -27.108192199999952 ], [ -51.602945399999953, -27.108189299999928 ], [ -51.602916199999974, -27.108188199999962 ], [ -51.602886099999978, -27.108188599999952 ], [ -51.602857899999954, -27.108190699999959 ], [ -51.602833899999958, -27.108194199999943 ], [ -51.60281759999998, -27.108197799999971 ], [ -51.602806399999963, -27.108200199999949 ], [ -51.602796099999985, -27.108202799999951 ], [ -51.602785099999949, -27.108205499999944 ], [ -51.602773299999967, -27.108209599999952 ], [ -51.602760199999977, -27.108214299999936 ], [ -51.602744499999964, -27.10822139999993 ], [ -51.602733799999953, -27.108227899999971 ], [ -51.60272109999994, -27.108236899999952 ], [ -51.602709399999981, -27.108247199999937 ], [ -51.602699499999964, -27.108258599999949 ], [ -51.602691299999954, -27.108273099999973 ], [ -51.602683799999966, -27.108290899999925 ], [ -51.602678399999945, -27.108317199999931 ], [ -51.602671199999982, -27.108353099999928 ], [ -51.602663599999971, -27.108402 ], [ -51.6026581, -27.108411099999948 ], [ -51.60264959999995, -27.108428099999976 ], [ -51.602641499999955, -27.108444299999967 ], [ -51.602634499999972, -27.108460499999982 ], [ -51.602628899999949, -27.108475499999951 ], [ -51.602624399999968, -27.108490499999956 ], [ -51.602621499999948, -27.1085035 ], [ -51.602618, -27.108518199999931 ], [ -51.602614299999971, -27.108534899999942 ], [ -51.602610299999981, -27.108555799999973 ], [ -51.602605299999937, -27.10857819999995 ], [ -51.602598299999954, -27.108602499999968 ], [ -51.602591499999967, -27.108626599999976 ] ] ] ] } }
]
}
