{
"type": "FeatureCollection",
"name": "4215703",
"crs": { "type": "name", "properties": { "name": "urn:ogc:def:crs:OGC:1.3:CRS84" } },
"features": [
{ "type": "Feature", "properties": { "CD_MUN": "4215703", "NM_MUN": "Santo Amaro da Imperatriz" }, "geometry": { "type": "MultiPolygon", "coordinates": [ [ [ [ -48.864680899999932, -27.722127799999953 ], [ -48.864703399999939, -27.722045899999952 ], [ -48.864716499999979, -27.722001199999966 ], [ -48.864745899999946, -27.721907 ], [ -48.864778799999961, -27.721809599999968 ], [ -48.864796299999966, -27.721761 ], [ -48.864832699999972, -27.721666199999959 ], [ -48.864869699999986, -27.72157709999993 ], [ -48.86490589999994, -27.721496199999937 ], [ -48.864939599999957, -27.721426399999924 ], [ -48.86495529999997, -27.721396299999984 ], [ -48.86497079999998, -27.721368399999953 ], [ -48.864987099999951, -27.721341599999963 ], [ -48.865004799999952, -27.721314699999933 ], [ -48.865024899999973, -27.72128649999997 ], [ -48.865048199999933, -27.72125589999996 ], [ -48.865075499999932, -27.721221599999975 ], [ -48.86514509999995, -27.721137899999974 ], [ -48.865233699999976, -27.721034399999937 ], [ -48.865592699999972, -27.720622 ], [ -48.865687, -27.720512 ], [ -48.865731599999947, -27.720458699999934 ], [ -48.865774499999986, -27.720406399999938 ], [ -48.865815599999955, -27.720354899999965 ], [ -48.86585469999995, -27.720304099999961 ], [ -48.865892, -27.720253799999963 ], [ -48.865927499999948, -27.720204099999933 ], [ -48.865961299999988, -27.720154899999947 ], [ -48.865993599999968, -27.720106 ], [ -48.866024599999946, -27.720057599999958 ], [ -48.866054499999962, -27.720009499999943 ], [ -48.866111299999943, -27.719914199999952 ], [ -48.866138499999977, -27.719867 ], [ -48.866190499999966, -27.719774399999945 ], [ -48.866238399999986, -27.719686 ], [ -48.866300699999954, -27.71956589999996 ], [ -48.866335099999958, -27.719496399999976 ], [ -48.866411899999939, -27.719337899999974 ], [ -48.8664644, -27.71923419999996 ], [ -48.866523099999938, -27.719124399999931 ], [ -48.866562499999986, -27.719054499999963 ], [ -48.866581699999976, -27.719022 ], [ -48.866617799999972, -27.718963599999924 ], [ -48.86665069999998, -27.718913699999966 ], [ -48.86668, -27.718871399999941 ], [ -48.866716599999961, -27.718820599999948 ], [ -48.866745299999941, -27.718782 ], [ -48.86676209999996, -27.718761 ], [ -48.866787, -27.718733599999958 ], [ -48.866804799999954, -27.718716799999978 ], [ -48.866824, -27.718701099999976 ], [ -48.866845199999943, -27.718686199999972 ], [ -48.8668565, -27.718679099999971 ], [ -48.866880899999956, -27.718665599999945 ], [ -48.866893699999935, -27.71865919999993 ], [ -48.866919899999978, -27.718647599999937 ], [ -48.866946, -27.718637699999928 ], [ -48.866971099999944, -27.718629899999943 ], [ -48.866983199999929, -27.718626799999978 ], [ -48.867006499999945, -27.718622099999951 ], [ -48.867029299999956, -27.718618899999967 ], [ -48.867051899999971, -27.718616899999976 ], [ -48.867074699999932, -27.718615799999956 ], [ -48.867097399999977, -27.718615399999983 ], [ -48.867119799999948, -27.71861569999993 ], [ -48.867152099999942, -27.718617399999978 ], [ -48.867182799999966, -27.718621 ], [ -48.8672031, -27.718625 ], [ -48.867223799999977, -27.718630799999968 ], [ -48.867245099999934, -27.718638499999933 ], [ -48.867267299999988, -27.718647799999921 ], [ -48.867390299999954, -27.718703199999943 ], [ -48.867507099999955, -27.71875719999996 ], [ -48.867542699999952, -27.718771299999954 ], [ -48.867577199999978, -27.718782199999968 ], [ -48.867613, -27.71879059999997 ], [ -48.867638799999952, -27.718795199999931 ], [ -48.867666699999972, -27.718798499999941 ], [ -48.867696799999976, -27.718800199999972 ], [ -48.8677292, -27.718799699999977 ], [ -48.86774639999993, -27.718798499999941 ], [ -48.867782299999938, -27.718794099999961 ], [ -48.867800799999934, -27.718790899999938 ], [ -48.867838399999989, -27.718782099999931 ], [ -48.867857299999969, -27.718776599999959 ], [ -48.867876, -27.71877029999996 ], [ -48.867894599999936, -27.718763199999952 ], [ -48.867912899999965, -27.71875539999996 ], [ -48.867931099999964, -27.718746899999928 ], [ -48.867966699999947, -27.718728099999964 ], [ -48.868001499999934, -27.718707599999952 ], [ -48.86803539999994, -27.718685899999972 ], [ -48.86808469999994, -27.718651599999934 ], [ -48.86811629999994, -27.71862769999996 ], [ -48.868147, -27.718603 ], [ -48.868194399999936, -27.718561799999971 ], [ -48.868322199999966, -27.718448 ], [ -48.868331599999969, -27.718422799999924 ], [ -48.868343799999927, -27.718397 ], [ -48.868358799999953, -27.718370399999969 ], [ -48.868376799999965, -27.718342599999964 ], [ -48.868397899999934, -27.718313399999943 ], [ -48.868422299999963, -27.718282399999964 ], [ -48.868450199999984, -27.718249299999965 ], [ -48.868481499999973, -27.718214099999948 ], [ -48.868515599999967, -27.718177199999946 ], [ -48.868551799999977, -27.718139299999962 ], [ -48.868627199999928, -27.718063199999964 ], [ -48.868701899999969, -27.717990899999954 ], [ -48.868828, -27.717874299999941 ], [ -48.868853699999939, -27.71785 ], [ -48.868877099999963, -27.717826599999963 ], [ -48.868898299999962, -27.717803599999964 ], [ -48.868917399999937, -27.717780599999969 ], [ -48.868934499999966, -27.717756899999976 ], [ -48.868949599999951, -27.717732099999981 ], [ -48.86896269999994, -27.717706199999945 ], [ -48.868973699999977, -27.717679099999931 ], [ -48.868982799999969, -27.717650799999944 ], [ -48.868989799999959, -27.717621099999974 ], [ -48.868994799999939, -27.717590199999954 ], [ -48.868997799999931, -27.717557899999981 ], [ -48.86899869999997, -27.717524199999961 ], [ -48.868997499999978, -27.717489099999966 ], [ -48.868994399999956, -27.717452399999964 ], [ -48.868989399999975, -27.717414099999932 ], [ -48.868982599999981, -27.717374 ], [ -48.868974099999953, -27.717332199999923 ], [ -48.868964, -27.717288299999954 ], [ -48.868952299999933, -27.717242499999944 ], [ -48.868939199999936, -27.717194499999945 ], [ -48.868909, -27.717092499999968 ], [ -48.868874899999987, -27.716986199999937 ], [ -48.868838599999947, -27.716880199999931 ], [ -48.868801499999961, -27.716779199999952 ], [ -48.868783199999946, -27.716731899999957 ], [ -48.868747399999961, -27.716644899999956 ], [ -48.868713, -27.716568399999964 ], [ -48.868696499999935, -27.716534399999937 ], [ -48.868680399999967, -27.71650319999997 ], [ -48.868664899999949, -27.716475 ], [ -48.868649799999957, -27.716449699999927 ], [ -48.868635, -27.716427 ], [ -48.86862, -27.716406499999945 ], [ -48.868604599999962, -27.716387599999955 ], [ -48.868588199999976, -27.71637 ], [ -48.868570699999971, -27.716353099999932 ], [ -48.868551599999932, -27.716336599999966 ], [ -48.868530599999978, -27.71632 ], [ -48.868507299999976, -27.716302899999953 ], [ -48.868482099999937, -27.716285299999985 ], [ -48.868426499999941, -27.716249 ], [ -48.868365899999951, -27.716211599999951 ], [ -48.868174299999964, -27.716098899999963 ], [ -48.868114099999964, -27.716062299999976 ], [ -48.86805929999997, -27.716026599999953 ], [ -48.868034499999965, -27.716009199999963 ], [ -48.868011399999943, -27.715991899999942 ], [ -48.867969, -27.715957799999966 ], [ -48.867930399999977, -27.715923799999931 ], [ -48.86789349999998, -27.715889499999953 ], [ -48.867802699999963, -27.715802799999953 ], [ -48.867750599999965, -27.715755 ], [ -48.867717499999976, -27.715726899999929 ], [ -48.867685699999974, -27.715702399999941 ], [ -48.867654799999968, -27.715681699999948 ], [ -48.867639699999977, -27.715672899999955 ], [ -48.867624699999972, -27.715665099999963 ], [ -48.867609799999968, -27.715658299999962 ], [ -48.867594899999972, -27.715652599999942 ], [ -48.867579699999965, -27.715648 ], [ -48.867564199999954, -27.715644399999967 ], [ -48.867548, -27.715641899999977 ], [ -48.867531199999974, -27.71564039999998 ], [ -48.86751339999995, -27.715639899999932 ], [ -48.867494499999964, -27.715640499999946 ], [ -48.867474399999928, -27.715642099999958 ], [ -48.867452799999967, -27.715645 ], [ -48.867429399999935, -27.715649199999973 ], [ -48.867404, -27.715654899999937 ], [ -48.867376199999974, -27.71566229999997 ], [ -48.867346, -27.715671599999947 ], [ -48.867312899999952, -27.715682899999923 ], [ -48.867276799999956, -27.71569639999996 ], [ -48.867237499999931, -27.715712099999962 ], [ -48.867195799999934, -27.71572979999997 ], [ -48.867108599999945, -27.715769 ], [ -48.867064799999987, -27.715789799999975 ], [ -48.866981399999986, -27.71583129999992 ], [ -48.86690909999993, -27.71587 ], [ -48.866878, -27.715887899999924 ], [ -48.866849499999951, -27.715905399999929 ], [ -48.866823399999937, -27.715922499999973 ], [ -48.866799099999973, -27.715939799999958 ], [ -48.866776099999981, -27.715957499999949 ], [ -48.866753899999935, -27.715975799999963 ], [ -48.866732099999979, -27.715995199999949 ], [ -48.866710299999966, -27.716015799999976 ], [ -48.866666099999982, -27.716060199999962 ], [ -48.866574499999956, -27.716154399999933 ], [ -48.866526299999975, -27.716200499999946 ], [ -48.866501599999935, -27.716222699999943 ], [ -48.86647679999993, -27.716244099999976 ], [ -48.866427099999953, -27.716284199999954 ], [ -48.866402599999958, -27.716302699999972 ], [ -48.866355, -27.716336199999937 ], [ -48.866332099999966, -27.716351 ], [ -48.866309699999931, -27.716364499999944 ], [ -48.866287399999983, -27.716376899999936 ], [ -48.866264899999983, -27.716388199999979 ], [ -48.866242099999965, -27.716398499999968 ], [ -48.866218499999945, -27.716407899999979 ], [ -48.866194, -27.71641649999998 ], [ -48.866168099999982, -27.716424499999963 ], [ -48.866140799999982, -27.716431799999945 ], [ -48.866111799999949, -27.716438599999933 ], [ -48.8660809, -27.716445 ], [ -48.866047899999948, -27.716450899999973 ], [ -48.86597519999998, -27.716461899999963 ], [ -48.8658923, -27.716472099999962 ], [ -48.865585, -27.716504499999921 ], [ -48.865469699999956, -27.716518099999966 ], [ -48.865351499999974, -27.716533899999938 ], [ -48.865049599999963, -27.716576699999958 ], [ -48.864928799999973, -27.716591899999969 ], [ -48.864808199999963, -27.716605 ], [ -48.864686199999937, -27.716616199999972 ], [ -48.864561399999957, -27.716625699999959 ], [ -48.864432399999941, -27.716633899999973 ], [ -48.86423469999994, -27.716643799999925 ], [ -48.864105499999937, -27.716648699999944 ], [ -48.863983099999984, -27.716652099999976 ], [ -48.863818699999968, -27.716654399999978 ], [ -48.863723199999981, -27.716654 ], [ -48.863639699999965, -27.716652099999965 ], [ -48.863602599999986, -27.716650599999983 ], [ -48.863537499999957, -27.716646599999933 ], [ -48.863509099999924, -27.716644 ], [ -48.863459199999966, -27.716637699999975 ], [ -48.863416899999955, -27.716629899999919 ], [ -48.86338, -27.716620499999973 ], [ -48.863363199999981, -27.716615199999975 ], [ -48.863347299999937, -27.716609399999975 ], [ -48.863332399999933, -27.716603 ], [ -48.863318299999946, -27.716595899999959 ], [ -48.863305, -27.716588199999929 ], [ -48.863292399999978, -27.716579799999987 ], [ -48.863280599999946, -27.716570499999939 ], [ -48.863269399999979, -27.716560399999924 ], [ -48.863258699999953, -27.716549399999966 ], [ -48.863248699999986, -27.716537499999948 ], [ -48.863239299999975, -27.716524499999935 ], [ -48.863230399999964, -27.716510399999951 ], [ -48.863222199999932, -27.716495199999944 ], [ -48.863214399999954, -27.716478799999948 ], [ -48.863207199999984, -27.71646109999994 ], [ -48.863200599999978, -27.716442 ], [ -48.863194399999948, -27.716421099999938 ], [ -48.863188499999985, -27.71639759999994 ], [ -48.86318289999997, -27.716371199999973 ], [ -48.863177499999949, -27.716341099999966 ], [ -48.863166899999953, -27.716267899999938 ], [ -48.863156099999969, -27.716173799999986 ], [ -48.863131199999934, -27.715940099999958 ], [ -48.863116, -27.71582009999997 ], [ -48.863107499999956, -27.715763699999979 ], [ -48.86309829999994, -27.715711 ], [ -48.863088399999981, -27.715662099999964 ], [ -48.863077699999963, -27.715616699999941 ], [ -48.863066299999957, -27.715574599999968 ], [ -48.863054199999972, -27.715535399999972 ], [ -48.863041299999963, -27.715499099999938 ], [ -48.863027599999945, -27.715465199999983 ], [ -48.863013099999932, -27.715433599999987 ], [ -48.86299779999996, -27.715404 ], [ -48.862981699999978, -27.71537619999998 ], [ -48.862965, -27.71535 ], [ -48.862947699999957, -27.715325199999935 ], [ -48.862929899999983, -27.715301699999944 ], [ -48.862911599999961, -27.715279199999944 ], [ -48.862892899999956, -27.71525749999995 ], [ -48.862873899999954, -27.715236499999953 ], [ -48.862804799999942, -27.715163499999967 ], [ -48.862756599999955, -27.715109399999953 ], [ -48.862737, -27.715085199999979 ], [ -48.862717599999947, -27.715059199999924 ], [ -48.86269839999995, -27.715031299999957 ], [ -48.862679499999956, -27.715001299999987 ], [ -48.862661, -27.714969099999955 ], [ -48.862643, -27.71493479999998 ], [ -48.862625599999951, -27.714898199999929 ], [ -48.862608899999941, -27.714859299999944 ], [ -48.862593, -27.714818 ], [ -48.862578099999951, -27.714774299999931 ], [ -48.862564099999986, -27.714728299999923 ], [ -48.862551199999984, -27.714680499999929 ], [ -48.86253929999998, -27.714631499999935 ], [ -48.862528499999939, -27.714582099999966 ], [ -48.862518799999982, -27.714533 ], [ -48.862510299999947, -27.714484699999954 ], [ -48.862505899999974, -27.714457499999988 ], [ -48.862491399999961, -27.714352099999921 ], [ -48.862487199999983, -27.714312799999949 ], [ -48.862473399999949, -27.714166 ], [ -48.862464399999965, -27.714089799999947 ], [ -48.86245839999998, -27.714048899999959 ], [ -48.862451299999982, -27.714006299999948 ], [ -48.862443099999957, -27.713962399999961 ], [ -48.862433699999947, -27.713917599999952 ], [ -48.862423199999967, -27.713872399999946 ], [ -48.862416899999978, -27.713847799999925 ], [ -48.862398799999937, -27.71378239999996 ], [ -48.862384899999938, -27.713738499999963 ], [ -48.862369799999954, -27.713695799999986 ], [ -48.862353599999942, -27.713654399999939 ], [ -48.862336099999936, -27.713614 ], [ -48.862317299999972, -27.713574499999936 ], [ -48.862297299999966, -27.713535899999968 ], [ -48.862275899999986, -27.713498 ], [ -48.862253099999968, -27.713460699999942 ], [ -48.862229, -27.71342379999993 ], [ -48.862203399999949, -27.713387399999924 ], [ -48.862176599999941, -27.713351399999961 ], [ -48.862148599999955, -27.713315899999937 ], [ -48.862119699999937, -27.713281199999987 ], [ -48.86209, -27.713247299999981 ], [ -48.862059699999975, -27.713214399999977 ], [ -48.862029, -27.713182599999978 ], [ -48.861998, -27.713151899999946 ], [ -48.86196689999997, -27.713122599999956 ], [ -48.861935799999976, -27.713094699999928 ], [ -48.861904599999946, -27.713068199999952 ], [ -48.861873399999972, -27.71304339999994 ], [ -48.861842099999933, -27.713020199999967 ], [ -48.861811, -27.71299879999998 ], [ -48.861779899999938, -27.712979299999962 ], [ -48.861748799999937, -27.712961699999934 ], [ -48.861717899999981, -27.712946099999954 ], [ -48.861686799999973, -27.712932399999939 ], [ -48.861655399999961, -27.712920599999965 ], [ -48.861623499999943, -27.712910499999953 ], [ -48.861590699999972, -27.712902 ], [ -48.861557, -27.712895 ], [ -48.861522, -27.712889499999967 ], [ -48.861485499999958, -27.712885299999982 ], [ -48.861447399999975, -27.712882299999936 ], [ -48.861407699999972, -27.712880499999979 ], [ -48.861366399999959, -27.712880099999946 ], [ -48.861323699999957, -27.712880899999959 ], [ -48.861279499999974, -27.712883199999954 ], [ -48.861234, -27.712886799999978 ], [ -48.861187299999983, -27.712891799999969 ], [ -48.861139299999934, -27.712898299999946 ], [ -48.861090199999978, -27.712906299999929 ], [ -48.86104, -27.712915699999936 ], [ -48.86098869999995, -27.7129265 ], [ -48.86093649999998, -27.712938599999976 ], [ -48.860883299999948, -27.712951899999947 ], [ -48.860829199999955, -27.712966399999967 ], [ -48.860774299999946, -27.712981899999928 ], [ -48.860718499999962, -27.712998499999962 ], [ -48.860604599999931, -27.713034399999962 ], [ -48.860487499999969, -27.713073499999954 ], [ -48.860367199999978, -27.713115299999981 ], [ -48.860180499999963, -27.713181699999947 ], [ -48.860112699999938, -27.713206299999971 ], [ -48.859917699999983, -27.713278399999982 ], [ -48.859848799999959, -27.713304799999932 ], [ -48.859706299999978, -27.71336139999994 ], [ -48.859557599999967, -27.71342339999995 ], [ -48.859405, -27.713489399999961 ], [ -48.859251399999955, -27.713557899999962 ], [ -48.85909989999994, -27.713626899999944 ], [ -48.858591899999965, -27.713864 ], [ -48.858322, -27.713987199999963 ], [ -48.858222099999978, -27.714032 ], [ -48.85807559999995, -27.714096899999959 ], [ -48.857969399999945, -27.714143299999932 ], [ -48.857736899999963, -27.714243899999925 ], [ -48.85761489999993, -27.714295099999966 ], [ -48.857556699999982, -27.714318899999959 ], [ -48.857445399999961, -27.714363 ], [ -48.857392399999988, -27.714383199999915 ], [ -48.857341799999972, -27.714401499999944 ], [ -48.8572913, -27.714419899999928 ], [ -48.857243299999936, -27.714436399999961 ], [ -48.857198, -27.714451199999925 ], [ -48.857152699999979, -27.714465899999936 ], [ -48.857069199999962, -27.714490699999939 ], [ -48.857030099999974, -27.714501399999957 ], [ -48.856992499999933, -27.714510899999929 ], [ -48.856956, -27.714519099999965 ], [ -48.856920199999934, -27.714525899999952 ], [ -48.856884899999955, -27.714531499999964 ], [ -48.856849699999948, -27.714535499999961 ], [ -48.856814199999974, -27.71453809999996 ], [ -48.856778, -27.714539199999937 ], [ -48.856741, -27.714538599999958 ], [ -48.856702699999978, -27.714536399999933 ], [ -48.856663199999957, -27.714532399999936 ], [ -48.856622099999981, -27.714526499999966 ], [ -48.85657939999993, -27.714518599999955 ], [ -48.856534899999978, -27.714508799999976 ], [ -48.856488299999967, -27.71449669999998 ], [ -48.856439599999938, -27.714482499999963 ], [ -48.856388599999946, -27.714466 ], [ -48.856335799999947, -27.714447199999952 ], [ -48.856281799999977, -27.714426099999965 ], [ -48.856227099999955, -27.714402799999949 ], [ -48.856172299999969, -27.714377199999937 ], [ -48.856118, -27.71434939999995 ], [ -48.856064599999975, -27.71431949999992 ], [ -48.856012899999939, -27.71428739999994 ], [ -48.855963, -27.714253099999947 ], [ -48.855914799999937, -27.714216799999978 ], [ -48.855867799999942, -27.714178399999984 ], [ -48.855821299999945, -27.714138199999976 ], [ -48.855775, -27.714096 ], [ -48.855728199999938, -27.714052099999947 ], [ -48.855580599999946, -27.713910199999933 ], [ -48.855473, -27.713808399999948 ], [ -48.855416099999957, -27.713755899999963 ], [ -48.855357, -27.71370249999995 ], [ -48.85529589999993, -27.713648399999947 ], [ -48.855232499999943, -27.713593799999956 ], [ -48.855166799999949, -27.713538899999957 ], [ -48.855098899999973, -27.713483799999942 ], [ -48.855029499999944, -27.713428699999948 ], [ -48.854819899999939, -27.713264099999947 ], [ -48.854752099999985, -27.713209699999933 ], [ -48.85468659999998, -27.713155699999959 ], [ -48.854624299999962, -27.713102199999977 ], [ -48.854565699999966, -27.713049299999966 ], [ -48.854504599999984, -27.712991499999923 ], [ -48.854466799999962, -27.712954499999974 ], [ -48.854265, -27.712751499999968 ], [ -48.854218199999934, -27.712706399999931 ], [ -48.854171099999974, -27.712662899999941 ], [ -48.854123299999976, -27.712620899999941 ], [ -48.854074899999951, -27.712580199999934 ], [ -48.854025699999958, -27.712540899999972 ], [ -48.853975499999933, -27.712502699999963 ], [ -48.8539244, -27.712465499999954 ], [ -48.853872199999962, -27.712429199999985 ], [ -48.853818799999942, -27.71239369999995 ], [ -48.853764199999944, -27.712358799999947 ], [ -48.853708499999982, -27.71232469999994 ], [ -48.853652199999942, -27.71229129999994 ], [ -48.853595499999983, -27.712258899999945 ], [ -48.853538699999945, -27.712227499999976 ], [ -48.853482099999944, -27.712197099999969 ], [ -48.853426, -27.712167899999933 ], [ -48.853359699999942, -27.712134499999941 ], [ -48.853157799999963, -27.712035299999972 ], [ -48.85310549999997, -27.712008399999959 ], [ -48.853053099999961, -27.71198 ], [ -48.85300029999997, -27.711949599999965 ], [ -48.852946899999949, -27.711916699999968 ], [ -48.85289279999995, -27.711880899999979 ], [ -48.852838199999951, -27.711842399999963 ], [ -48.852783299999935, -27.711801799999929 ], [ -48.852728499999955, -27.711759599999937 ], [ -48.852674099999945, -27.711716099999926 ], [ -48.852620399999985, -27.711672 ], [ -48.852567699999952, -27.711627599999915 ], [ -48.852466399999969, -27.711539899999934 ], [ -48.852370599999972, -27.711453799999948 ], [ -48.852278599999977, -27.711367499999941 ], [ -48.852233499999954, -27.711323499999946 ], [ -48.852188599999977, -27.711278699999983 ], [ -48.852143799999958, -27.711232699999982 ], [ -48.852099, -27.71118539999998 ], [ -48.852054199999934, -27.711136799999966 ], [ -48.852009799999962, -27.711087299999971 ], [ -48.851965899999982, -27.711037 ], [ -48.851923, -27.710986199999983 ], [ -48.85186669999996, -27.710916599999969 ], [ -48.851840699999968, -27.710883599999924 ], [ -48.851801899999934, -27.710832299999936 ], [ -48.851764899999978, -27.710781299999955 ], [ -48.851729699999957, -27.710730799999961 ], [ -48.851696199999942, -27.710681 ], [ -48.851664299999989, -27.710632099999945 ], [ -48.851599399999941, -27.710529499999954 ], [ -48.851523899999961, -27.710409 ], [ -48.851498699999972, -27.71036979999996 ], [ -48.851473699999985, -27.710332499999936 ], [ -48.851448699999935, -27.710297 ], [ -48.851423099999977, -27.710263099999956 ], [ -48.851396799999975, -27.710231 ], [ -48.851369299999931, -27.710200399999952 ], [ -48.851340199999989, -27.710171199999934 ], [ -48.851309199999946, -27.710143499999951 ], [ -48.851276, -27.710116899999946 ], [ -48.851240299999972, -27.710091 ], [ -48.851201799999956, -27.710065399999962 ], [ -48.851160299999947, -27.710039799999947 ], [ -48.851115399999969, -27.710013899999975 ], [ -48.851066899999978, -27.70998719999994 ], [ -48.850958099999957, -27.709930299999929 ], [ -48.850836299999969, -27.709869499999964 ], [ -48.850708599999969, -27.709808 ], [ -48.850582199999955, -27.709749099999954 ], [ -48.850464299999949, -27.709696299999962 ], [ -48.85035819999996, -27.709651 ], [ -48.850309299999942, -27.709631199999926 ], [ -48.850219299999942, -27.70959669999996 ], [ -48.850178, -27.709582099999984 ], [ -48.850139099999986, -27.709569099999953 ], [ -48.850102399999969, -27.709557699999941 ], [ -48.850067599999939, -27.709547799999932 ], [ -48.850034499999936, -27.709539299999964 ], [ -48.850002599999982, -27.709532 ], [ -48.849971899999957, -27.709525899999971 ], [ -48.849941899999976, -27.709520699999928 ], [ -48.849912299999971, -27.709516499999957 ], [ -48.849882899999962, -27.70951309999997 ], [ -48.849823799999967, -27.709508299999975 ], [ -48.849794399999951, -27.709506899999955 ], [ -48.849765099999956, -27.709506399999949 ], [ -48.849736199999938, -27.709506599999944 ], [ -48.849707699999961, -27.709507799999979 ], [ -48.84967979999994, -27.709509799999978 ], [ -48.849652599999963, -27.709512699999944 ], [ -48.849626099999966, -27.709516599999969 ], [ -48.849600499999951, -27.709521399999975 ], [ -48.849575699999953, -27.709526699999952 ], [ -48.849551899999938, -27.709532599999928 ], [ -48.849507, -27.709545099999961 ], [ -48.849495099999956, -27.709548799999933 ], [ -48.849429699999973, -27.709569099999953 ], [ -48.849382299999945, -27.709584599999971 ], [ -48.849335799999949, -27.709601799999977 ], [ -48.84929649999998, -27.709617299999934 ], [ -48.849270499999939, -27.709624899999952 ], [ -48.849255399999947, -27.709627899999923 ], [ -48.849238399999933, -27.709630499999943 ], [ -48.849219299999966, -27.709632299999949 ], [ -48.849197799999949, -27.709633299999943 ], [ -48.8491739, -27.709633299999954 ], [ -48.849147399999943, -27.709632 ], [ -48.849118399999952, -27.709629299999964 ], [ -48.849086599999964, -27.709625 ], [ -48.849052, -27.709618899999953 ], [ -48.84901449999996, -27.709610799999947 ], [ -48.848974099999964, -27.709600599999931 ], [ -48.848931299999947, -27.709588599999961 ], [ -48.84888669999998, -27.709574899999957 ], [ -48.848841, -27.709559899999928 ], [ -48.848794899999973, -27.709543899999968 ], [ -48.848748899999975, -27.709527199999975 ], [ -48.848659899999973, -27.709492899999933 ], [ -48.848577599999942, -27.709458899999952 ], [ -48.848423799999978, -27.709392799999918 ], [ -48.848345399999971, -27.709360799999953 ], [ -48.848304299999938, -27.70934509999994 ], [ -48.848218299999978, -27.709314399999979 ], [ -48.848173599999939, -27.709299599999966 ], [ -48.848127699999964, -27.70928529999998 ], [ -48.848080899999964, -27.709271499999943 ], [ -48.84803329999994, -27.709258199999962 ], [ -48.847984899999979, -27.709245599999978 ], [ -48.847956799999963, -27.709238899999939 ], [ -48.847935799999959, -27.709233799999932 ], [ -48.847886299999963, -27.709222699999927 ], [ -48.847836699999952, -27.709212399999959 ], [ -48.847787399999959, -27.709203099999961 ], [ -48.847738499999934, -27.709194599999918 ], [ -48.847690499999942, -27.709187199999974 ], [ -48.847643599999969, -27.709180799999956 ], [ -48.847598099999971, -27.70917559999998 ], [ -48.847554199999934, -27.709171499999975 ], [ -48.847511899999972, -27.709168499999979 ], [ -48.84747079999994, -27.709166699999972 ], [ -48.847430799999984, -27.709166099999941 ], [ -48.847391499999965, -27.709166499999977 ], [ -48.847352899999976, -27.709168099999943 ], [ -48.84731469999997, -27.709170799999971 ], [ -48.8472766, -27.709174699999945 ], [ -48.847238499999946, -27.709179599999977 ], [ -48.847200099999952, -27.709185399999967 ], [ -48.847000899999962, -27.70922 ], [ -48.846958699999959, -27.709226499999943 ], [ -48.84687109999993, -27.709237799999986 ], [ -48.846779699999963, -27.709247099999985 ], [ -48.84668529999994, -27.709254799999936 ], [ -48.846351, -27.709277299999936 ], [ -48.846269499999956, -27.709283499999977 ], [ -48.846234099999947, -27.709286699999943 ], [ -48.846175199999955, -27.709293299999938 ], [ -48.846060899999941, -27.709310199999948 ], [ -48.846030399999961, -27.709313399999928 ], [ -48.845984499999986, -27.709315399999969 ], [ -48.845936, -27.709314899999978 ], [ -48.84578369999997, -27.709307 ], [ -48.845718199999972, -27.709304799999984 ], [ -48.845671199999977, -27.709305199999964 ], [ -48.845646499999937, -27.709306199999954 ], [ -48.845594499999947, -27.709310299999974 ], [ -48.845567, -27.709313599999973 ], [ -48.845538799999986, -27.709317799999951 ], [ -48.845510199999978, -27.709322799999928 ], [ -48.8454814, -27.709328599999939 ], [ -48.845452899999941, -27.709335199999941 ], [ -48.845424799999932, -27.709342499999938 ], [ -48.845397499999933, -27.709350599999933 ], [ -48.845371299999954, -27.70935929999996 ], [ -48.845346299999967, -27.709368799999929 ], [ -48.845322699999947, -27.709378799999968 ], [ -48.845300299999963, -27.709389299999934 ], [ -48.845279, -27.709400099999979 ], [ -48.84523919999998, -27.70942249999996 ], [ -48.845185399999934, -27.709456499999931 ], [ -48.845153099999948, -27.70947869999998 ], [ -48.845138099999986, -27.709489699999949 ], [ -48.845110899999945, -27.70951169999994 ], [ -48.84509879999996, -27.709522699999983 ], [ -48.845087699999972, -27.709533799999971 ], [ -48.845077899999986, -27.709545 ], [ -48.845069099999932, -27.709556399999943 ], [ -48.845061199999975, -27.709568199999978 ], [ -48.845054199999943, -27.709580499999962 ], [ -48.845048, -27.709593499999979 ], [ -48.845042499999977, -27.709607299999963 ], [ -48.845033099999966, -27.709637799999928 ], [ -48.845020499999968, -27.709691899999939 ], [ -48.845009199999936, -27.709732899999942 ], [ -48.845001699999955, -27.709754599999943 ], [ -48.844992399999967, -27.709776899999962 ], [ -48.844981, -27.709799799999914 ], [ -48.844967099999963, -27.709823199999953 ], [ -48.844950799999928, -27.709847299999989 ], [ -48.844932, -27.709872599999979 ], [ -48.844895, -27.70991749999995 ], [ -48.844860199999971, -27.709957299999925 ], [ -48.84472489999996, -27.710105199999933 ], [ -48.844691599999976, -27.710141299999965 ], [ -48.844615, -27.710222299999948 ], [ -48.844540699999982, -27.71029829999997 ], [ -48.84450609999994, -27.710332399999977 ], [ -48.84447369999998, -27.710362899999947 ], [ -48.844443399999932, -27.710390099999977 ], [ -48.844414699999959, -27.710414199999946 ], [ -48.844387299999944, -27.71043539999992 ], [ -48.844360699999982, -27.710454199999962 ], [ -48.844334499999938, -27.71047069999997 ], [ -48.844308399999939, -27.710485299999966 ], [ -48.844281799999976, -27.71049829999998 ], [ -48.844254499999984, -27.71051 ], [ -48.844226799999944, -27.710520599999928 ], [ -48.8441165, -27.710557699999981 ], [ -48.844090699999981, -27.710567099999935 ], [ -48.844066199999986, -27.710576899999978 ], [ -48.844043299999953, -27.710587599999929 ], [ -48.844021899999973, -27.710599 ], [ -48.844002, -27.710611099999934 ], [ -48.843983599999952, -27.710623899999973 ], [ -48.843966599999931, -27.710637399999936 ], [ -48.843951, -27.7106515 ], [ -48.843936699999972, -27.710666099999973 ], [ -48.843923699999941, -27.710681199999954 ], [ -48.843911899999966, -27.710696799999941 ], [ -48.84390129999997, -27.710712899999972 ], [ -48.84389189999996, -27.710729599999979 ], [ -48.843883499999954, -27.710746699999962 ], [ -48.843876199999954, -27.710764499999982 ], [ -48.843869899999966, -27.710782799999937 ], [ -48.843864599999961, -27.710801799999956 ], [ -48.843860199999945, -27.710821399999926 ], [ -48.843856599999981, -27.710841699999943 ], [ -48.843853899999949, -27.710862599999924 ], [ -48.843850399999951, -27.710906199999965 ], [ -48.843848899999948, -27.710951799999975 ], [ -48.843848799999932, -27.710999099999981 ], [ -48.84384979999993, -27.711073 ], [ -48.843852399999946, -27.711190699999964 ], [ -48.843854799999967, -27.711294599999974 ], [ -48.843855, -27.711359799999961 ], [ -48.843853899999949, -27.711432199999937 ], [ -48.843851099999945, -27.711513199999953 ], [ -48.843837299999961, -27.711791599999959 ], [ -48.843834199999954, -27.711885499999934 ], [ -48.843830799999978, -27.712017399999969 ], [ -48.843829199999959, -27.712057799999965 ], [ -48.843826899999947, -27.712095899999952 ], [ -48.843823799999939, -27.712131399999976 ], [ -48.843819599999968, -27.712164099999935 ], [ -48.843814099999975, -27.712193699999954 ], [ -48.843807399999946, -27.712220699999936 ], [ -48.843799299999944, -27.71224559999996 ], [ -48.843789899999933, -27.712268899999973 ], [ -48.843779299999937, -27.712291199999967 ], [ -48.843767299999968, -27.712313099999957 ], [ -48.843754099999956, -27.712335 ], [ -48.8437388, -27.712358099999953 ], [ -48.843723699999948, -27.712380899999971 ], [ -48.843706699999984, -27.712405099999952 ], [ -48.843688699999966, -27.71242969999998 ], [ -48.843673099999933, -27.712449699999979 ], [ -48.84364979999998, -27.712478199999968 ], [ -48.843629199999945, -27.712501399999944 ], [ -48.843608, -27.712523399999945 ], [ -48.84358629999997, -27.712543699999966 ], [ -48.843564199999953, -27.712562 ], [ -48.843541799999969, -27.71257849999996 ], [ -48.843519299999969, -27.712593099999932 ], [ -48.843496699999953, -27.712606199999975 ], [ -48.843474199999946, -27.712617699999956 ], [ -48.843451799999976, -27.712627799999957 ], [ -48.843429699999945, -27.712636699999969 ], [ -48.843407899999924, -27.71264449999995 ], [ -48.843386599999981, -27.712651199999975 ], [ -48.84336559999997, -27.71265689999996 ], [ -48.843344599999966, -27.712661499999971 ], [ -48.843323499999947, -27.71266489999994 ], [ -48.843302099999967, -27.712667099999972 ], [ -48.843280199999988, -27.712668099999973 ], [ -48.843257599999959, -27.712667699999944 ], [ -48.843234, -27.712666 ], [ -48.843209299999955, -27.712662899999945 ], [ -48.84318369999994, -27.712658599999944 ], [ -48.843130099999939, -27.71264739999998 ], [ -48.843046199999947, -27.71262779999995 ], [ -48.842989799999934, -27.712615699999954 ], [ -48.842935099999984, -27.712606199999975 ], [ -48.842909, -27.712602699999927 ], [ -48.842884199999958, -27.712600299999959 ], [ -48.842861, -27.71259909999997 ], [ -48.842839699999963, -27.712599199999943 ], [ -48.842820499999959, -27.712600799999965 ], [ -48.842803599999968, -27.71260379999995 ], [ -48.842788799999944, -27.712608099999965 ], [ -48.842775699999954, -27.712613199999957 ], [ -48.842742399999963, -27.712629199999981 ], [ -48.842732099999978, -27.712633499999981 ], [ -48.842721499999982, -27.712636699999969 ], [ -48.842710199999935, -27.712638399999946 ], [ -48.842698299999938, -27.712638399999936 ], [ -48.84268569999994, -27.712636699999969 ], [ -48.842672399999977, -27.712633199999964 ], [ -48.842658299999982, -27.712627899999969 ], [ -48.842643499999951, -27.712620699999945 ], [ -48.842627899999968, -27.712611399999961 ], [ -48.842611499999975, -27.712600099999971 ], [ -48.842555699999934, -27.712555799999961 ], [ -48.842533599999967, -27.712539399999969 ], [ -48.842509199999931, -27.712523 ], [ -48.842482, -27.712507399999925 ], [ -48.842451699999977, -27.712492899999965 ], [ -48.842417799999971, -27.712480299999974 ], [ -48.84238019999998, -27.712469899999984 ], [ -48.842339399999958, -27.712461499999961 ], [ -48.842296299999937, -27.712455099999936 ], [ -48.842251499999968, -27.712450399999963 ], [ -48.842206, -27.712447099999956 ], [ -48.842160399999955, -27.712445099999972 ], [ -48.84211559999995, -27.712444 ], [ -48.842073399999954, -27.712444 ], [ -48.842031299999981, -27.712444 ], [ -48.841850299999969, -27.712447499999929 ], [ -48.841783699999951, -27.712446599999957 ], [ -48.841717499999959, -27.712442699999944 ], [ -48.84165169999995, -27.712436699999962 ], [ -48.841555399999947, -27.712427 ], [ -48.841493899999939, -27.712421899999985 ], [ -48.841434499999941, -27.712419199999932 ], [ -48.841405499999958, -27.712418899999928 ], [ -48.841376699999955, -27.712419299999965 ], [ -48.84134819999997, -27.712420499999958 ], [ -48.841319699999985, -27.712422599999954 ], [ -48.841315199999947, -27.712423099999963 ], [ -48.85315259999993, -27.719412199999958 ], [ -48.854710399999931, -27.717248499999975 ], [ -48.864639, -27.722342399999949 ], [ -48.864646799999946, -27.722287199999975 ], [ -48.864651599999945, -27.722258799999967 ], [ -48.864664, -27.722197899999966 ], [ -48.864680899999932, -27.722127799999953 ] ] ], [ [ [ -48.705831399999973, -27.706704499999951 ], [ -48.707313399999975, -27.71266559999998 ], [ -48.714705699999968, -27.711715899999948 ], [ -48.713348499999938, -27.705735099999973 ], [ -48.705831399999973, -27.706704499999951 ] ] ], [ [ [ -48.807799199999984, -27.723267799999977 ], [ -48.807171199999978, -27.725816099999975 ], [ -48.807385299999964, -27.727783099999954 ], [ -48.807486799999936, -27.727983299999959 ], [ -48.807421699999956, -27.729362 ], [ -48.808086299999957, -27.730912 ], [ -48.80823149999997, -27.732474499999967 ], [ -48.809728799999959, -27.733119 ], [ -48.810445, -27.733283399999941 ], [ -48.811408, -27.733283699999962 ], [ -48.811492599999951, -27.733284899999944 ], [ -48.81198, -27.733285 ], [ -48.812266099999924, -27.733239199999968 ], [ -48.813357399999965, -27.733064599999967 ], [ -48.813080199999938, -27.72987749999993 ], [ -48.812547599999959, -27.728620199999963 ], [ -48.81261139999998, -27.72710249999994 ], [ -48.812359599999979, -27.726558899999933 ], [ -48.812290799999971, -27.72609209999997 ], [ -48.812969399999986, -27.723391199999966 ], [ -48.812830899999945, -27.721695199999946 ], [ -48.812077699999968, -27.720817 ], [ -48.811941899999972, -27.720354699999977 ], [ -48.811762499999986, -27.719288799999958 ], [ -48.811604299999942, -27.718425499999963 ], [ -48.811016, -27.717063499999934 ], [ -48.810883199999978, -27.716551499999984 ], [ -48.810736, -27.714647099999976 ], [ -48.811122, -27.714695399999982 ], [ -48.811699, -27.714702599999953 ], [ -48.812586099999983, -27.714587199999983 ], [ -48.813754499999959, -27.714515099999964 ], [ -48.815779, -27.71286469999994 ], [ -48.815766499999938, -27.712862 ], [ -48.815676799999949, -27.712840699999951 ], [ -48.81563349999994, -27.712829399999968 ], [ -48.815591399999967, -27.712817399999949 ], [ -48.81555069999996, -27.712804799999965 ], [ -48.815516, -27.712793 ], [ -48.81547379999995, -27.712777199999959 ], [ -48.815438, -27.712762099999967 ], [ -48.815403899999978, -27.71274579999994 ], [ -48.815366899999965, -27.712725599999928 ], [ -48.81533909999996, -27.712708799999973 ], [ -48.815307299999965, -27.712687399999933 ], [ -48.815275, -27.71266369999995 ], [ -48.815241799999967, -27.712637299999983 ], [ -48.815207, -27.712608 ], [ -48.815170099999932, -27.712575199999947 ], [ -48.815130599999975, -27.712539 ], [ -48.815044399999977, -27.712457399999941 ], [ -48.81490059999993, -27.712318599999946 ], [ -48.814797799999951, -27.712220299999949 ], [ -48.814580799999931, -27.712016 ], [ -48.814524, -27.711961099999932 ], [ -48.814466, -27.711903599999982 ], [ -48.814406699999942, -27.711843 ], [ -48.814346099999966, -27.711779099999944 ], [ -48.814284199999967, -27.711711299999926 ], [ -48.814221099999941, -27.711640499999927 ], [ -48.813962, -27.711343799999948 ], [ -48.813896699999937, -27.711270699999947 ], [ -48.813831599999965, -27.711199799999967 ], [ -48.813767, -27.71113169999995 ], [ -48.813683799999978, -27.711047499999946 ], [ -48.813639699999953, -27.711003899999977 ], [ -48.81357729999997, -27.710943799999924 ], [ -48.813455699999963, -27.710830299999945 ], [ -48.813363, -27.710746199999956 ], [ -48.813283, -27.710673599999954 ], [ -48.813175199999932, -27.710577599999962 ], [ -48.813123499999961, -27.710532599999961 ], [ -48.813073, -27.710489699999986 ], [ -48.813023799999947, -27.710449099999945 ], [ -48.812975799999954, -27.710411099999934 ], [ -48.812929, -27.710375699999929 ], [ -48.812883199999924, -27.710343099999932 ], [ -48.812837299999963, -27.710312799999937 ], [ -48.812790399999976, -27.710284399999974 ], [ -48.812741199999948, -27.710257399999932 ], [ -48.812688699999967, -27.710231199999942 ], [ -48.812631699999947, -27.710205299999924 ], [ -48.812554799999937, -27.710173699999924 ], [ -48.812527399999972, -27.710163099999917 ], [ -48.8125, -27.710152599999965 ], [ -48.812329499999976, -27.710097299999983 ], [ -48.812165099999966, -27.710054899999932 ], [ -48.812007899999969, -27.710017099999952 ], [ -48.811858699999966, -27.709983499999971 ], [ -48.811718499999984, -27.709953699999968 ], [ -48.81158819999996, -27.709927199999974 ], [ -48.811266, -27.709863899999956 ], [ -48.811223599999948, -27.709855199999939 ], [ -48.811181199999972, -27.709846499999966 ], [ -48.811123499999958, -27.70983409999997 ], [ -48.81103359999998, -27.709813599999954 ], [ -48.810966299999961, -27.70979669999997 ], [ -48.810900099999976, -27.709778699999958 ], [ -48.810832799999957, -27.709758899999947 ], [ -48.810770399999967, -27.709739299999967 ], [ -48.810686199999964, -27.709711499999958 ], [ -48.8106059, -27.709684 ], [ -48.810437899999954, -27.709624299999973 ], [ -48.810164, -27.709525399999947 ], [ -48.810111099999972, -27.709506299999916 ], [ -48.810075799999929, -27.709493799999962 ], [ -48.810039099999983, -27.709480899999956 ], [ -48.809907399999986, -27.70943579999993 ], [ -48.809845699999983, -27.709415299999925 ], [ -48.809725299999968, -27.709376599999917 ], [ -48.809471299999984, -27.709297599999953 ], [ -48.809336099999939, -27.709254799999929 ], [ -48.809269, -27.709232699999966 ], [ -48.809203399999952, -27.709210199999969 ], [ -48.809139899999941, -27.709187399999962 ], [ -48.809079599999961, -27.709164399999967 ], [ -48.809022899999945, -27.70914109999995 ], [ -48.80897, -27.709117799999937 ], [ -48.808920599999965, -27.709094599999961 ], [ -48.80887469999994, -27.709071699999974 ], [ -48.808832, -27.709049199999971 ], [ -48.808792499999974, -27.709027199999976 ], [ -48.80875589999993, -27.709006 ], [ -48.808691099999983, -27.708966199999956 ], [ -48.808662, -27.708947099999936 ], [ -48.808634199999972, -27.708927899999932 ], [ -48.808607299999949, -27.708907899999918 ], [ -48.808580399999983, -27.708886499999938 ], [ -48.808552899999945, -27.708863099999974 ], [ -48.808524199999958, -27.708837099999986 ], [ -48.808493699999985, -27.708808 ], [ -48.808377899999989, -27.708692399999961 ], [ -48.808324499999969, -27.708640599999974 ], [ -48.808260099999984, -27.708580099999956 ], [ -48.808182699999982, -27.708509699999972 ], [ -48.808090099999959, -27.70842819999995 ], [ -48.807920799999984, -27.70833429999993 ], [ -48.807843399999967, -27.708255899999973 ], [ -48.807776799999949, -27.708185899999929 ], [ -48.8077196, -27.708123199999921 ], [ -48.807670499999979, -27.70806709999993 ], [ -48.807628399999942, -27.708016599999947 ], [ -48.807592, -27.707970699999979 ], [ -48.807559899999937, -27.707928699999968 ], [ -48.80750409999996, -27.70785259999996 ], [ -48.807408799999969, -27.707719599999965 ], [ -48.807364399999983, -27.707658699999968 ], [ -48.807318899999984, -27.70759889999994 ], [ -48.807295499999952, -27.707569299999935 ], [ -48.807247699999955, -27.707511199999942 ], [ -48.807199599999933, -27.707455799999924 ], [ -48.8071523, -27.707404299999951 ], [ -48.807105899999961, -27.707357199999933 ], [ -48.807058, -27.70731259999997 ], [ -48.807032499999934, -27.707290299999958 ], [ -48.806976199999951, -27.707244099999961 ], [ -48.806910399999943, -27.707193599999979 ], [ -48.806756899999982, -27.707080299999962 ], [ -48.80667829999993, -27.707021399999963 ], [ -48.806604599999957, -27.706963599999941 ], [ -48.80653789999996, -27.706908 ], [ -48.806477699999959, -27.706855099999924 ], [ -48.806423499999937, -27.706805099999933 ], [ -48.80635239999998, -27.70673619999997 ], [ -48.806218499999943, -27.706601899999946 ], [ -48.806183899999944, -27.706569099999964 ], [ -48.80616629999998, -27.706553299999928 ], [ -48.8061297, -27.706522499999934 ], [ -48.806089799999945, -27.706492099999942 ], [ -48.806068099999948, -27.706476799999958 ], [ -48.806021699999974, -27.706446 ], [ -48.805945499999957, -27.706399099999935 ], [ -48.805783299999966, -27.706304099999961 ], [ -48.805734699999967, -27.7062749 ], [ -48.805693799999979, -27.706249 ], [ -48.805677099999969, -27.706237499999926 ], [ -48.805662499999983, -27.706226599999987 ], [ -48.80564929999997, -27.70621559999995 ], [ -48.805636899999968, -27.706204 ], [ -48.805624699999953, -27.706191 ], [ -48.805612, -27.706176299999971 ], [ -48.80559819999997, -27.706159 ], [ -48.805564799999956, -27.706114899999928 ], [ -48.805475499999936, -27.705992099999946 ], [ -48.805319399999973, -27.705772099999926 ], [ -48.805267199999946, -27.70570029999994 ], [ -48.805241299999977, -27.705665699999937 ], [ -48.805215399999959, -27.705632399999953 ], [ -48.805189599999949, -27.705600399999973 ], [ -48.805163899999968, -27.70556989999994 ], [ -48.805138, -27.705540599999949 ], [ -48.805111699999941, -27.705512199999923 ], [ -48.805084699999959, -27.705484099999968 ], [ -48.805056699999966, -27.705456 ], [ -48.804996699999947, -27.705398 ], [ -48.804929599999987, -27.705335099999949 ], [ -48.804855599999932, -27.70526689999997 ], [ -48.804836799999968, -27.70524979999993 ], [ -48.804777599999966, -27.705196099999959 ], [ -48.804698399999957, -27.705125299999974 ], [ -48.804658699999948, -27.705090599999945 ], [ -48.804738099999952, -27.705108299999953 ], [ -48.804795899999931, -27.705120299999972 ], [ -48.804838899999936, -27.705127899999976 ], [ -48.804872, -27.705132399999968 ], [ -48.804899799999937, -27.705134799999946 ], [ -48.804935599999965, -27.705135899999952 ], [ -48.805026299999952, -27.70513329999994 ], [ -48.805059799999981, -27.705133099999966 ], [ -48.805090899999982, -27.705134599999951 ], [ -48.805110899999931, -27.705136899999957 ], [ -48.805141499999941, -27.705143099999933 ], [ -48.805163399999969, -27.705149499999951 ], [ -48.805187499999938, -27.705158599999944 ], [ -48.805214699999972, -27.705171199999928 ], [ -48.805245899999932, -27.705188299999978 ], [ -48.805282, -27.705210499999957 ], [ -48.805322499999932, -27.705237699999945 ], [ -48.805366799999952, -27.705269799999929 ], [ -48.805414599999949, -27.705306499999946 ], [ -48.805465, -27.705347399999944 ], [ -48.805517, -27.705392 ], [ -48.805543299999954, -27.705415299999967 ], [ -48.805595499999981, -27.70546389999997 ], [ -48.805621199999969, -27.70548889999997 ], [ -48.805646399999944, -27.705514199999982 ], [ -48.805694899999935, -27.705565 ], [ -48.80576049999997, -27.705638 ], [ -48.805798099999954, -27.705682 ], [ -48.805857899999978, -27.705754199999941 ], [ -48.805884499999934, -27.705783599999954 ], [ -48.805898, -27.705797 ], [ -48.805912, -27.705809699999968 ], [ -48.805926799999959, -27.705821799999974 ], [ -48.805942599999987, -27.7058335 ], [ -48.805959299999984, -27.705844899999931 ], [ -48.805996, -27.705867599999973 ], [ -48.806060199999934, -27.70590349999997 ], [ -48.806162099999938, -27.705958499999944 ], [ -48.806269499999978, -27.706014399999948 ], [ -48.806344799999984, -27.706051799999951 ], [ -48.806435699999952, -27.706095299999955 ], [ -48.806534399999975, -27.70614189999997 ], [ -48.806599699999936, -27.706171 ], [ -48.806639699999948, -27.706186499999948 ], [ -48.806672499999927, -27.70619709999993 ], [ -48.806699299999934, -27.706204099999972 ], [ -48.806728199999952, -27.70620949999994 ], [ -48.806760199999978, -27.706213 ], [ -48.806773399999948, -27.706213699999974 ], [ -48.806787099999951, -27.706213599999955 ], [ -48.806809199999975, -27.706211 ], [ -48.80682539999998, -27.706207099999975 ], [ -48.806834299999927, -27.706204299999957 ], [ -48.806854199999982, -27.70619639999995 ], [ -48.806877399999962, -27.706185099999963 ], [ -48.806904599999939, -27.706169599999964 ], [ -48.806935399999986, -27.706149199999974 ], [ -48.806969399999964, -27.706123299999952 ], [ -48.806987299999946, -27.706108 ], [ -48.807005899999986, -27.70609109999997 ], [ -48.807025, -27.706072499999948 ], [ -48.807064, -27.7060312 ], [ -48.807083499999983, -27.706009099999957 ], [ -48.80712189999997, -27.705963299999951 ], [ -48.807158, -27.705917499999934 ], [ -48.807222199999956, -27.705832399999974 ], [ -48.807252899999988, -27.705794099999924 ], [ -48.807268499999964, -27.705776199999949 ], [ -48.807284699999968, -27.705759199999935 ], [ -48.80730149999993, -27.705743099999946 ], [ -48.8073103, -27.705735399999973 ], [ -48.80731909999998, -27.705727699999958 ], [ -48.807337399999938, -27.705712899999977 ], [ -48.807376499999975, -27.705684299999966 ], [ -48.807419099999947, -27.705655799999935 ], [ -48.807560899999949, -27.705564399999954 ], [ -48.807603499999971, -27.705535599999958 ], [ -48.807638099999963, -27.705510199999928 ], [ -48.807664099999961, -27.705488 ], [ -48.807674499999962, -27.705477699999975 ], [ -48.807683599999962, -27.705467599999963 ], [ -48.807691599999941, -27.705457499999962 ], [ -48.807695099999933, -27.70545229999993 ], [ -48.807698699999946, -27.705447199999988 ], [ -48.807705299999952, -27.705436499999951 ], [ -48.807717499999967, -27.705413199999953 ], [ -48.807728399999974, -27.705387699999946 ], [ -48.807733399999961, -27.705374199999937 ], [ -48.807742499999961, -27.705345599999927 ], [ -48.807750099999964, -27.705315199999969 ], [ -48.80775639999996, -27.705283199999936 ], [ -48.807761, -27.705249599999945 ], [ -48.807762699999955, -27.705232199999955 ], [ -48.807764799999973, -27.705196199999925 ], [ -48.807765, -27.705158499999978 ], [ -48.807763, -27.705118299999988 ], [ -48.807758699999965, -27.705074699999962 ], [ -48.807753599999955, -27.705039499999923 ], [ -48.807751699999983, -27.705026599999947 ], [ -48.807742, -27.704973799999951 ], [ -48.80773019999998, -27.704918599999932 ], [ -48.807716899999946, -27.704864099999956 ], [ -48.807702799999959, -27.704813099999964 ], [ -48.807688699999972, -27.704768 ], [ -48.807668899999953, -27.704708899999947 ], [ -48.807657299999967, -27.704672399999939 ], [ -48.807647899999949, -27.704636199999978 ], [ -48.807640799999945, -27.704599099999939 ], [ -48.807638099999963, -27.70458 ], [ -48.807634299999954, -27.704540599999984 ], [ -48.807633099999975, -27.704520099999957 ], [ -48.807632399999925, -27.704477199999918 ], [ -48.807633799999969, -27.704432299999954 ], [ -48.807635199999943, -27.704409599999963 ], [ -48.80763989999997, -27.704364399999974 ], [ -48.80764309999995, -27.704342299999954 ], [ -48.807647, -27.704320799999945 ], [ -48.807656599999973, -27.704279899999964 ], [ -48.807668499999977, -27.704241699999962 ], [ -48.807682599999964, -27.704205899999973 ], [ -48.807698799999969, -27.704172199999956 ], [ -48.807716799999987, -27.704140499999934 ], [ -48.807735899999955, -27.704111299999965 ], [ -48.807745599999976, -27.70409779999995 ], [ -48.807764899999938, -27.704073599999948 ], [ -48.807783399999956, -27.704053299999938 ], [ -48.807801199999979, -27.704037199999959 ], [ -48.80781, -27.70403059999995 ], [ -48.807819, -27.704024699999923 ], [ -48.807828299999983, -27.704019599999981 ], [ -48.807837899999988, -27.704015299999984 ], [ -48.807858599999982, -27.704008299999934 ], [ -48.8078814, -27.704003599999954 ], [ -48.807905699999935, -27.704001099999967 ], [ -48.807931, -27.704000699999934 ], [ -48.807956799999943, -27.70400229999996 ], [ -48.807983899999954, -27.704006499999931 ], [ -48.808014799999967, -27.704014199999961 ], [ -48.808051499999983, -27.704026499999934 ], [ -48.808096299999931, -27.704044299999961 ], [ -48.808148199999948, -27.704066799999953 ], [ -48.808202599999959, -27.704091899999977 ], [ -48.808255199999962, -27.704117 ], [ -48.808322099999948, -27.704150299999984 ], [ -48.808376199999948, -27.704178899999942 ], [ -48.808427299999948, -27.704207599999961 ], [ -48.808578499999953, -27.704295599999966 ], [ -48.808632299999942, -27.704324899999964 ], [ -48.80864959999996, -27.704333699999957 ], [ -48.808666799999969, -27.704342499999932 ], [ -48.808701, -27.704358699999933 ], [ -48.80873559999997, -27.704374 ], [ -48.808861199999967, -27.704425299999969 ], [ -48.808916599999975, -27.704449499999953 ], [ -48.809007599999973, -27.704492 ], [ -48.809075099999973, -27.704525499999924 ], [ -48.809118599999977, -27.704549699999976 ], [ -48.809131199999968, -27.704557499999957 ], [ -48.809153199999969, -27.704572699999968 ], [ -48.809162599999979, -27.704580099999927 ], [ -48.809178899999957, -27.704594799999935 ], [ -48.809185899999932, -27.704602099999939 ], [ -48.809197899999958, -27.704616699999967 ], [ -48.809207599999986, -27.704631599999978 ], [ -48.809211599999969, -27.704639199999978 ], [ -48.809218, -27.704655099999979 ], [ -48.809222199999958, -27.704672499999955 ], [ -48.809224099999931, -27.704691699999952 ], [ -48.809223299999985, -27.704713199999951 ], [ -48.809219299999945, -27.704737099999935 ], [ -48.809211499999954, -27.70476369999994 ], [ -48.809205899999938, -27.704778199999971 ], [ -48.809199199999966, -27.704793399999978 ], [ -48.809182699999958, -27.704825499999963 ], [ -48.80915269999997, -27.704876399999932 ], [ -48.809109099999944, -27.704943799999963 ], [ -48.8090294, -27.705062599999959 ], [ -48.809004799999968, -27.705101099999986 ], [ -48.808989899999979, -27.705126199999938 ], [ -48.80897589999995, -27.705151399999981 ], [ -48.808963, -27.705177 ], [ -48.808951699999966, -27.705202799999938 ], [ -48.808942499999944, -27.705228599999948 ], [ -48.808935699999957, -27.705254299999982 ], [ -48.808933399999944, -27.705267 ], [ -48.808930499999974, -27.705291499999927 ], [ -48.80892979999993, -27.705313899999961 ], [ -48.808930199999963, -27.705324199999954 ], [ -48.808932299999981, -27.705342 ], [ -48.808936099999983, -27.705356599999959 ], [ -48.808941899999979, -27.705368699999948 ], [ -48.808950099999947, -27.705379099999952 ], [ -48.808960899999931, -27.70538879999998 ], [ -48.808967399999972, -27.705393399999931 ], [ -48.808983199999943, -27.705402099999962 ], [ -48.808992599999954, -27.705406 ], [ -48.809003099999984, -27.70540949999998 ], [ -48.80901479999995, -27.705412699999943 ], [ -48.809027799999967, -27.70541529999997 ], [ -48.809042299999938, -27.705417499999953 ], [ -48.809058399999977, -27.705419 ], [ -48.809076599999969, -27.705419799999962 ], [ -48.809097099999974, -27.705419899999978 ], [ -48.809120299999961, -27.705419099999968 ], [ -48.809146599999963, -27.705417399999924 ], [ -48.809176099999945, -27.705414699999938 ], [ -48.809209299999964, -27.705410899999944 ], [ -48.8092865, -27.705399899999968 ], [ -48.809373299999947, -27.705385299999925 ], [ -48.809463599999958, -27.705368199999956 ], [ -48.809551099999965, -27.705349499999958 ], [ -48.809630799999979, -27.705330199999938 ], [ -48.809667699999977, -27.705320199999957 ], [ -48.809702699999946, -27.70531 ], [ -48.809736099999959, -27.705299499999967 ], [ -48.809768, -27.7052887 ], [ -48.809798499999943, -27.70527739999995 ], [ -48.809827799999937, -27.705265699999977 ], [ -48.809856, -27.705253499999966 ], [ -48.809883199999945, -27.705240799999959 ], [ -48.809909499999939, -27.705227499999975 ], [ -48.809935099999961, -27.705213599999979 ], [ -48.809959899999967, -27.705198899999985 ], [ -48.809984099999951, -27.705183599999948 ], [ -48.810007799999944, -27.70516739999993 ], [ -48.810031, -27.705150399999987 ], [ -48.810053899999964, -27.705132599999956 ], [ -48.810076199999969, -27.705114199999976 ], [ -48.810118499999923, -27.705076799999979 ], [ -48.810138, -27.705058399999931 ], [ -48.810172699999953, -27.705023899999958 ], [ -48.810187499999984, -27.705008299999967 ], [ -48.810211799999941, -27.704981399999951 ], [ -48.810230099999956, -27.704958799999932 ], [ -48.810244499999953, -27.704938799999979 ], [ -48.810256899999963, -27.704919399999934 ], [ -48.810265299999962, -27.704905199999931 ], [ -48.810268899999983, -27.704899 ], [ -48.81028079999993, -27.704876699999932 ], [ -48.810292499999946, -27.704851299999973 ], [ -48.810304, -27.704822 ], [ -48.810309699999955, -27.704805699999955 ], [ -48.810320699999984, -27.704769799999944 ], [ -48.810326, -27.704750599999958 ], [ -48.810335599999974, -27.70471 ], [ -48.810339899999974, -27.704689 ], [ -48.810343799999934, -27.70466759999994 ], [ -48.810350299999982, -27.704624299999988 ], [ -48.810352799999983, -27.704602599999923 ], [ -48.810356599999977, -27.704559899999939 ], [ -48.81035779999997, -27.704539199999946 ], [ -48.81035879999996, -27.704499599999952 ], [ -48.810358599999979, -27.704480899999947 ], [ -48.810357, -27.704445899999936 ], [ -48.81035349999997, -27.704413299999949 ], [ -48.810348399999953, -27.704382599999974 ], [ -48.810341699999988, -27.704353099999931 ], [ -48.810337599999976, -27.704338399999973 ], [ -48.810327699999959, -27.704307499999974 ], [ -48.810315, -27.70427269999994 ], [ -48.810289, -27.704207799999935 ], [ -48.810266899999931, -27.704155199999963 ], [ -48.810242099999989, -27.704097799999932 ], [ -48.810215399999947, -27.704038299999979 ], [ -48.810173799999973, -27.703950899999931 ], [ -48.810100899999959, -27.703804299999948 ], [ -48.810055599999941, -27.703706299999965 ], [ -48.810046, -27.703687899999984 ], [ -48.810035899999946, -27.703671499999924 ], [ -48.810024599999963, -27.703655899999948 ], [ -48.810011299999978, -27.703640099999973 ], [ -48.809977499999945, -27.703604699999968 ], [ -48.809900399999947, -27.703531 ], [ -48.809883399999933, -27.703514 ], [ -48.809871399999963, -27.703499899999937 ], [ -48.809863299999961, -27.703485899999979 ], [ -48.809857299999983, -27.703468499999929 ], [ -48.809850499999982, -27.703436899999922 ], [ -48.809846299999947, -27.703403199999968 ], [ -48.8098457, -27.703381899999957 ], [ -48.809847199999979, -27.703364299999986 ], [ -48.809849099999951, -27.703354 ], [ -48.809851799999933, -27.703344399999938 ], [ -48.8098581, -27.703330299999948 ], [ -48.809864599999962, -27.70332049999995 ], [ -48.809873499999981, -27.703309899999976 ], [ -48.809884799999963, -27.703298499999963 ], [ -48.809897699999965, -27.703287099999947 ], [ -48.809911599999971, -27.7032766 ], [ -48.809918699999969, -27.703271899999947 ], [ -48.809932899999978, -27.703264 ], [ -48.809940199999971, -27.703260599999954 ], [ -48.809955099999968, -27.703255099999961 ], [ -48.809971099999984, -27.703250699999938 ], [ -48.809988299999979, -27.703247199999957 ], [ -48.81000679999994, -27.703244499999975 ], [ -48.810025599999967, -27.703242899999957 ], [ -48.810044199999936, -27.703242499999924 ], [ -48.810053099999948, -27.70324289999996 ], [ -48.810069899999974, -27.703244799999926 ], [ -48.810085399999934, -27.703248199999962 ], [ -48.810099799999939, -27.703252899999935 ], [ -48.810113299999955, -27.703258699999932 ], [ -48.810126099999934, -27.703265399999957 ], [ -48.810144399999956, -27.703277299999961 ], [ -48.810162099999957, -27.70329129999994 ], [ -48.810179599999969, -27.703307499999926 ], [ -48.810190699999964, -27.70332 ], [ -48.8102009, -27.70333409999995 ], [ -48.810205599999961, -27.703341799999968 ], [ -48.810213899999951, -27.703358599999952 ], [ -48.810220599999987, -27.703376899999974 ], [ -48.810225799999962, -27.703396099999956 ], [ -48.810229199999981, -27.703415599999964 ], [ -48.810230899999965, -27.703435099999986 ], [ -48.810232399999961, -27.703493899999952 ], [ -48.810233299999943, -27.7035 ], [ -48.810234199999968, -27.703506199999936 ], [ -48.8102373, -27.703516799999932 ], [ -48.810242199999955, -27.703526099999976 ], [ -48.810245399999985, -27.70353039999998 ], [ -48.810253499999931, -27.703538399999953 ], [ -48.810265199999947, -27.703546099999979 ], [ -48.810272699999985, -27.703549799999951 ], [ -48.81029209999997, -27.703557199999967 ], [ -48.810318299999956, -27.703564799999985 ], [ -48.810351699999963, -27.703572199999936 ], [ -48.810391899999956, -27.703578899999968 ], [ -48.81043829999993, -27.703584099999929 ], [ -48.810463599999935, -27.703586 ], [ -48.810518099999967, -27.703588 ], [ -48.8106954, -27.703588399999948 ], [ -48.810753, -27.703589399999935 ], [ -48.810794899999969, -27.703591099999979 ], [ -48.810826799999973, -27.703592799999971 ], [ -48.810858699999983, -27.70359459999997 ], [ -48.810905099999957, -27.70359859999996 ], [ -48.810946599999966, -27.703603499999929 ], [ -48.810984099999985, -27.703609299999986 ], [ -48.811019299999934, -27.703616599999979 ], [ -48.811053699999945, -27.70362539999995 ], [ -48.811088299999938, -27.703635899999934 ], [ -48.811140399999942, -27.703654699999962 ], [ -48.811191199999939, -27.703676 ], [ -48.811223699999971, -27.703691299999942 ], [ -48.811307199999931, -27.703732199999926 ], [ -48.81134469999995, -27.703749399999936 ], [ -48.81138459999994, -27.703766699999964 ], [ -48.811537199999975, -27.703830599999943 ], [ -48.811580799999938, -27.703846399999978 ], [ -48.811616, -27.703857 ], [ -48.811656899999946, -27.703867299999963 ], [ -48.811678499999978, -27.703871799999945 ], [ -48.81170039999995, -27.703875599999947 ], [ -48.8117223, -27.703878399999937 ], [ -48.81174359999995, -27.703880199999951 ], [ -48.811764099999955, -27.703880599999934 ], [ -48.811783399999968, -27.703879599999937 ], [ -48.811801499999952, -27.703877099999943 ], [ -48.81181829999997, -27.703873499999919 ], [ -48.811833799999931, -27.703868899999964 ], [ -48.811848, -27.703863299999963 ], [ -48.811860899999935, -27.703857099999944 ], [ -48.81187239999997, -27.703850399999958 ], [ -48.811882599999933, -27.70384329999996 ], [ -48.811891399999979, -27.703836 ], [ -48.811899099999941, -27.703828499999929 ], [ -48.811905699999954, -27.703820599999961 ], [ -48.8119114, -27.703812499999962 ], [ -48.81191639999998, -27.703803899999976 ], [ -48.811925099999939, -27.703785399999955 ], [ -48.811932899999931, -27.703764799999924 ], [ -48.811940499999935, -27.703741699999973 ], [ -48.811947399999944, -27.703716099999948 ], [ -48.811953299999978, -27.703687799999951 ], [ -48.811957899999982, -27.703656699999968 ], [ -48.81196129999995, -27.703623199999981 ], [ -48.811967599999946, -27.703544799999978 ], [ -48.811970299999984, -27.703517499999968 ], [ -48.811974599999985, -27.703482599999976 ], [ -48.811980199999937, -27.703447399999948 ], [ -48.811987099999946, -27.703411099999979 ], [ -48.811995499999966, -27.703372799999951 ], [ -48.812030899999975, -27.703228199999945 ], [ -48.812034699999963, -27.703211599999975 ], [ -48.812044899999933, -27.703166199999949 ], [ -48.812060899999942, -27.703087399999955 ], [ -48.812073899999973, -27.703015199999971 ], [ -48.812078899999968, -27.702981599999923 ], [ -48.8120828, -27.702949399999955 ], [ -48.812085199999949, -27.702918399999927 ], [ -48.812086399999934, -27.70288859999993 ], [ -48.812086399999949, -27.702859899999961 ], [ -48.812085399999944, -27.702832499999932 ], [ -48.812078299999939, -27.702742 ], [ -48.81207679999995, -27.702713299999967 ], [ -48.812076499999932, -27.702665 ], [ -48.812078099999951, -27.702615499999975 ], [ -48.812081299999932, -27.702571299999928 ], [ -48.812084299999981, -27.702545899999954 ], [ -48.812088499999952, -27.702521899999965 ], [ -48.812097899999969, -27.702484099999932 ], [ -48.812106799999981, -27.702455099999952 ], [ -48.812118299999952, -27.702422299999967 ], [ -48.8121326, -27.702385699999976 ], [ -48.81215, -27.702345099999945 ], [ -48.812170699999967, -27.702300899999958 ], [ -48.8122049, -27.702232399999961 ], [ -48.812238399999956, -27.702168799999985 ], [ -48.812293599999975, -27.70206729999995 ], [ -48.812310899999943, -27.702033299999979 ], [ -48.812328899999955, -27.701995699999941 ], [ -48.812347099999954, -27.701955399999967 ], [ -48.812373399999956, -27.701894 ], [ -48.812430699999943, -27.701749 ], [ -48.812444599999935, -27.701715599999936 ], [ -48.812467, -27.701665399999975 ], [ -48.81248869999996, -27.701628099999933 ], [ -48.812493699999941, -27.701618299999947 ], [ -48.812497099999966, -27.701603799999933 ], [ -48.812498699999935, -27.701585099999932 ], [ -48.812497099999973, -27.70151369999995 ], [ -48.812496499999952, -27.701433599999973 ], [ -48.812492199999951, -27.701395699999971 ], [ -48.812486599999943, -27.701374599999959 ], [ -48.812476, -27.701346899999983 ], [ -48.812468, -27.701323 ], [ -48.81246219999997, -27.701302299999956 ], [ -48.812458299999946, -27.701284399999956 ], [ -48.812455899999982, -27.701268599999938 ], [ -48.812454299999963, -27.701241699999965 ], [ -48.812454399999979, -27.701229599999976 ], [ -48.812456099999963, -27.701206799999966 ], [ -48.812461699999972, -27.701173499999989 ], [ -48.81246729999998, -27.70115 ], [ -48.812486399999955, -27.701077399999978 ], [ -48.812500099999966, -27.700962 ], [ -48.812559299999968, -27.700791699999964 ], [ -48.812594699999977, -27.700682099999938 ], [ -48.812627299999974, -27.700635699999967 ], [ -48.812661899999966, -27.700607 ], [ -48.812740899999945, -27.70059149999997 ], [ -48.812838799999959, -27.700563799999937 ], [ -48.812901799999963, -27.700524099999939 ], [ -48.81296569999995, -27.700409699999952 ], [ -48.81302119999998, -27.700248 ], [ -48.813081599999968, -27.700104599999975 ], [ -48.813133099999966, -27.699993499999948 ], [ -48.813138699999968, -27.699946699999941 ], [ -48.813128, -27.699897399999937 ], [ -48.813075, -27.699783699999955 ], [ -48.812888599999958, -27.69946079999994 ], [ -48.812835599999978, -27.699355599999929 ], [ -48.812784499999957, -27.699304 ], [ -48.812728899999968, -27.69926849999996 ], [ -48.812500099999966, -27.699215399999961 ], [ -48.812467499999975, -27.699183899999976 ], [ -48.812436699999985, -27.699164899999968 ], [ -48.812407699999937, -27.699145299999934 ], [ -48.812380299999973, -27.699125199999965 ], [ -48.812354499999969, -27.699105099999937 ], [ -48.812307099999941, -27.699065499999957 ], [ -48.812264899999953, -27.699028599999959 ], [ -48.81222779999996, -27.698995099999934 ], [ -48.812196499999978, -27.698964599999947 ], [ -48.812183199999936, -27.698950299999986 ], [ -48.812171699999965, -27.698936599999961 ], [ -48.812162, -27.69892329999993 ], [ -48.8121541, -27.698910499999947 ], [ -48.812147899999957, -27.698898 ], [ -48.81214319999998, -27.698885899999944 ], [ -48.812139799999954, -27.698874099999951 ], [ -48.812137499999949, -27.698862499999965 ], [ -48.812136, -27.698851099999956 ], [ -48.812135099999985, -27.698828699999972 ], [ -48.812136399999986, -27.6987956 ], [ -48.812139299999956, -27.698773399999929 ], [ -48.812144399999966, -27.698750599999979 ], [ -48.812152, -27.69872689999994 ], [ -48.812162199999939, -27.698702799999978 ], [ -48.81217479999998, -27.698678799999978 ], [ -48.812189799999942, -27.698655899999949 ], [ -48.812206799999956, -27.698634899999941 ], [ -48.812216, -27.698625099999962 ], [ -48.812235099999945, -27.698607 ], [ -48.812281599999956, -27.698566699999944 ], [ -48.81232319999998, -27.698528899999936 ], [ -48.812341199999935, -27.698513699999978 ], [ -48.812362199999939, -27.698498099999938 ], [ -48.812375499999973, -27.698489799999948 ], [ -48.812391599999955, -27.698481 ], [ -48.812411399999974, -27.698471499999979 ], [ -48.812435499999935, -27.698461299999963 ], [ -48.812464899999952, -27.698450099999945 ], [ -48.812500099999959, -27.69843909999997 ], [ -48.812552699999976, -27.6984308 ], [ -48.812594899999972, -27.69842059999996 ], [ -48.812627599999985, -27.698416099999964 ], [ -48.812661399999968, -27.698412099999917 ], [ -48.812705, -27.698407699999969 ], [ -48.812767399999984, -27.698403699999972 ], [ -48.812833399999931, -27.698383799999934 ], [ -48.812884, -27.698356399999959 ], [ -48.812548099999951, -27.698180499999978 ], [ -48.812446099999939, -27.698147899999984 ], [ -48.812197399999953, -27.698115299999984 ], [ -48.812109299999982, -27.698087399999967 ], [ -48.812035099999953, -27.69805 ], [ -48.811828599999956, -27.697911 ], [ -48.811736499999931, -27.697847399999951 ], [ -48.811645799999951, -27.697816099999958 ], [ -48.809533, -27.697639599999938 ], [ -48.802544799999964, -27.697126899999937 ], [ -48.803141799999928, -27.696258199999935 ], [ -48.801965599999967, -27.695716599999965 ], [ -48.800738299999978, -27.697004299999946 ], [ -48.795523299999957, -27.696628199999964 ], [ -48.7960528, -27.69214519999996 ], [ -48.795181699999951, -27.68954389999994 ], [ -48.796083399999986, -27.687547299999942 ], [ -48.79732469999994, -27.688304599999977 ], [ -48.798350499999977, -27.686826 ], [ -48.797496499999966, -27.685473699999928 ], [ -48.796829799999955, -27.68566109999994 ], [ -48.79651089999993, -27.685185199999975 ], [ -48.797007, -27.684598899999969 ], [ -48.79695739999994, -27.684437599999978 ], [ -48.796027899999956, -27.684464399999957 ], [ -48.792735899999961, -27.679542299999973 ], [ -48.796242399999983, -27.669308399999981 ], [ -48.794169899999986, -27.665048199999951 ], [ -48.793455499999936, -27.663579599999935 ], [ -48.793347699999977, -27.663358099999982 ], [ -48.793125399999958, -27.663473099999969 ], [ -48.792174399999958, -27.663973 ], [ -48.792023099999938, -27.664065099999956 ], [ -48.791934699999963, -27.664115899999956 ], [ -48.791889099999935, -27.664146899999928 ], [ -48.791754599999933, -27.664255399999941 ], [ -48.791650599999969, -27.664314299999941 ], [ -48.791624299999974, -27.664333899999964 ], [ -48.791609, -27.664346199999962 ], [ -48.791595299999983, -27.664358199999981 ], [ -48.79158289999998, -27.66437 ], [ -48.791571399999953, -27.664382299999954 ], [ -48.7915541, -27.664403599999961 ], [ -48.79154159999996, -27.664420599999971 ], [ -48.791537799999958, -27.66442609999995 ], [ -48.791520899999966, -27.664450499999926 ], [ -48.791484799999985, -27.664506299999964 ], [ -48.791365399999961, -27.664699 ], [ -48.791344799999933, -27.664729199999954 ], [ -48.791329699999949, -27.664748199999963 ], [ -48.791313799999955, -27.664765899999956 ], [ -48.791297499999985, -27.664782599999956 ], [ -48.79121459999994, -27.66486309999992 ], [ -48.791165399999961, -27.66491 ], [ -48.791098299999931, -27.664971799999925 ], [ -48.791070899999973, -27.664998799999985 ], [ -48.790935399999967, -27.665141699999943 ], [ -48.790855199999953, -27.665232 ], [ -48.790795299999957, -27.665297499999948 ], [ -48.790769399999931, -27.665327499999936 ], [ -48.790731199999982, -27.66537349999993 ], [ -48.790596699999981, -27.665531 ], [ -48.790525, -27.665597699999974 ], [ -48.790438499999937, -27.665714799999929 ], [ -48.790407499999965, -27.665754299999943 ], [ -48.790348499999936, -27.665831299999979 ], [ -48.790301199999931, -27.665884899999988 ], [ -48.790222599999943, -27.665955799999956 ], [ -48.790139, -27.666044299999953 ], [ -48.790015299999936, -27.666192099999932 ], [ -48.789956299999972, -27.666250399999967 ], [ -48.789931899999942, -27.666273499999932 ], [ -48.78990639999995, -27.666295 ], [ -48.789880199999971, -27.666314799999952 ], [ -48.789825099999973, -27.666359199999942 ], [ -48.789746799999939, -27.666405 ], [ -48.789719099999957, -27.66642389999998 ], [ -48.789689, -27.66644639999997 ], [ -48.789670499999943, -27.666462299999978 ], [ -48.789658299999985, -27.666474599999962 ], [ -48.789640099999978, -27.666495199999922 ], [ -48.789584699999978, -27.666563299999943 ], [ -48.789561599999956, -27.666590599999946 ], [ -48.789495299999935, -27.666669899999931 ], [ -48.789423199999931, -27.666757399999927 ], [ -48.789377399999978, -27.666808499999942 ], [ -48.789336699999986, -27.666851799999964 ], [ -48.789307199999939, -27.666881399999966 ], [ -48.789274099999943, -27.666934099999931 ], [ -48.789250399999965, -27.666962699999942 ], [ -48.789079599999987, -27.667114699999956 ], [ -48.789051399999948, -27.667141599999979 ], [ -48.789031, -27.667163799999962 ], [ -48.788987199999944, -27.667215699999932 ], [ -48.788950299999954, -27.667260799999955 ], [ -48.788881299999957, -27.667348 ], [ -48.788786099999982, -27.667466499999932 ], [ -48.788632299999961, -27.667663399999977 ], [ -48.788605699999955, -27.667694799999918 ], [ -48.788556299999989, -27.667746499999957 ], [ -48.7884471, -27.66783479999998 ], [ -48.788095299999959, -27.668192399999949 ], [ -48.78805349999994, -27.668233799999946 ], [ -48.788015799999982, -27.668289099999978 ], [ -48.787984199999983, -27.668322 ], [ -48.787873899999973, -27.668436299999929 ], [ -48.787727899999929, -27.66858789999997 ], [ -48.787697299999941, -27.668620899999954 ], [ -48.78767739999995, -27.668637799999939 ], [ -48.787653499999976, -27.668655899999976 ], [ -48.78756819999996, -27.668717799999975 ], [ -48.787541399999959, -27.668739599999988 ], [ -48.787523799999974, -27.668755499999971 ], [ -48.787506299999961, -27.668772899999976 ], [ -48.787489099999959, -27.668791099999961 ], [ -48.78743, -27.668857099999958 ], [ -48.787388, -27.668902199999938 ], [ -48.787211699999943, -27.669083 ], [ -48.787149599999964, -27.669147599999963 ], [ -48.787103299999956, -27.669197799999953 ], [ -48.787078599999973, -27.669226099999936 ], [ -48.787052899999942, -27.669256699999945 ], [ -48.786882899999974, -27.669466499999952 ], [ -48.786784699999941, -27.669591599999933 ], [ -48.786738399999933, -27.669648099999954 ], [ -48.786707499999977, -27.669684199999946 ], [ -48.786581299999966, -27.669828399999975 ], [ -48.786549199999968, -27.669863499999959 ], [ -48.786519799999951, -27.669892499999953 ], [ -48.786339399999967, -27.670061799999921 ], [ -48.786300299999937, -27.670097699999918 ], [ -48.786274099999964, -27.670120899999958 ], [ -48.786209299999939, -27.670175799999978 ], [ -48.786095099999955, -27.670268599999936 ], [ -48.786040899999925, -27.670313299999972 ], [ -48.785907499999944, -27.670427599999982 ], [ -48.785851399999956, -27.670474199999948 ], [ -48.7857868, -27.670525299999955 ], [ -48.785685799999953, -27.670602 ], [ -48.785654299999976, -27.670626899999945 ], [ -48.785626799999932, -27.670651499999973 ], [ -48.785557499999982, -27.670721 ], [ -48.7855431, -27.670734199999966 ], [ -48.785529299999958, -27.670745799999956 ], [ -48.785516199999968, -27.670755399999965 ], [ -48.785503499999948, -27.670763299999969 ], [ -48.785490599999946, -27.670769699999937 ], [ -48.785483399999968, -27.670772699999933 ], [ -48.785462099999961, -27.670780399999959 ], [ -48.78543829999996, -27.670787099999924 ], [ -48.785413499999947, -27.670792699999932 ], [ -48.785388699999942, -27.670797499999942 ], [ -48.785342199999953, -27.670807299999979 ], [ -48.785307299999943, -27.670812399999932 ], [ -48.7852865, -27.670815699999928 ], [ -48.785264499999982, -27.670818499999935 ], [ -48.785216599999956, -27.670821899999972 ], [ -48.785118299999972, -27.67082559999994 ], [ -48.785074799999961, -27.670827899999956 ], [ -48.785036899999966, -27.67083079999998 ], [ -48.785005899999938, -27.670834399999922 ], [ -48.784948099999951, -27.670843599999944 ], [ -48.784904699999977, -27.670851899999949 ], [ -48.784881899999966, -27.670857199999947 ], [ -48.784858499999984, -27.670863699999984 ], [ -48.784822099999985, -27.670875799999973 ], [ -48.784783099999977, -27.670891399999967 ], [ -48.784755699999941, -27.670903899999924 ], [ -48.784728099999946, -27.670917599999935 ], [ -48.784701599999956, -27.6709317 ], [ -48.784677599999945, -27.670945599999978 ], [ -48.784656899999966, -27.670958599999935 ], [ -48.784639399999946, -27.67097079999996 ], [ -48.784618199999954, -27.670987899999947 ], [ -48.784601299999963, -27.671004399999951 ], [ -48.784587, -27.67102089999997 ], [ -48.784543399999968, -27.671076 ], [ -48.784527499999967, -27.67109379999993 ], [ -48.784516599999961, -27.671104499999959 ], [ -48.784500499999979, -27.671118399999955 ], [ -48.7844846, -27.671129899999972 ], [ -48.784466699999939, -27.671140099999946 ], [ -48.784440299999972, -27.671153 ], [ -48.784207399999957, -27.671273099999951 ], [ -48.784141499999976, -27.671300599999938 ], [ -48.784082099999978, -27.671332199999927 ], [ -48.78401139999994, -27.671353 ], [ -48.78393989999995, -27.671371699999948 ], [ -48.783867799999939, -27.671375199999932 ], [ -48.783816299999948, -27.671379199999926 ], [ -48.783789399999939, -27.671387699999965 ], [ -48.783752799999945, -27.67140349999994 ], [ -48.783689299999935, -27.671430399999956 ], [ -48.78366379999995, -27.67144229999996 ], [ -48.78364519999996, -27.671450099999955 ], [ -48.783614099999966, -27.671461699999952 ], [ -48.783590899999979, -27.671469299999945 ], [ -48.783534799999984, -27.67148519999995 ], [ -48.783481399999964, -27.671498199999974 ], [ -48.783440399999968, -27.671507299999977 ], [ -48.783371899999963, -27.671520899999958 ], [ -48.783322599999963, -27.671529599999918 ], [ -48.783244399999937, -27.671542 ], [ -48.783023399999941, -27.671574499999959 ], [ -48.782945699999971, -27.671585499999939 ], [ -48.782878099999948, -27.671594099999936 ], [ -48.782818299999974, -27.671600299999966 ], [ -48.782759699999986, -27.671605299999939 ], [ -48.782564199999968, -27.671624499999954 ], [ -48.782370699999944, -27.671642 ], [ -48.782170699999938, -27.671652199999976 ], [ -48.782089, -27.671655499999936 ], [ -48.781994799999957, -27.671655199999968 ], [ -48.781886699999973, -27.671644099999973 ], [ -48.781797499999982, -27.671621599999973 ], [ -48.781711899999948, -27.67160089999992 ], [ -48.781659099999956, -27.671586299999934 ], [ -48.781612899999978, -27.671578499999946 ], [ -48.781570799999947, -27.671569299999934 ], [ -48.781508299999985, -27.671566499999972 ], [ -48.781447299999975, -27.671565699999977 ], [ -48.781425199999944, -27.671566199999983 ], [ -48.781394599999949, -27.67156819999996 ], [ -48.781227099999974, -27.67158349999994 ], [ -48.781116599999969, -27.671594399999947 ], [ -48.781063199999942, -27.671599 ], [ -48.780961699999985, -27.671606199999925 ], [ -48.780825, -27.671621099999978 ], [ -48.780691299999944, -27.671624299999966 ], [ -48.780658499999959, -27.67162589999997 ], [ -48.780609899999952, -27.671627099999963 ], [ -48.780473599999937, -27.671632499999934 ], [ -48.780398599999963, -27.671641399999945 ], [ -48.780283399999973, -27.671652 ], [ -48.780235799999964, -27.671656899999952 ], [ -48.780191199999933, -27.671666 ], [ -48.780160699999961, -27.671667699999936 ], [ -48.780106699999976, -27.671670099999972 ], [ -48.779947899999968, -27.671649899999977 ], [ -48.779846799999973, -27.671645399999917 ], [ -48.779765399999967, -27.671643399999937 ], [ -48.779658499999982, -27.671651599999958 ], [ -48.77960939999997, -27.671652899999973 ], [ -48.779569299999935, -27.671644599999976 ], [ -48.7794588, -27.671631599999955 ], [ -48.779391799999985, -27.671638899999948 ], [ -48.77931789999996, -27.67164419999995 ], [ -48.779217699999954, -27.671648299999958 ], [ -48.779160499999939, -27.671651799999939 ], [ -48.779065499999952, -27.671654099999955 ], [ -48.77897709999997, -27.671643599999982 ], [ -48.778911499999936, -27.671642 ], [ -48.77879269999994, -27.671649299999945 ], [ -48.77860789999994, -27.671659399999946 ], [ -48.778454699999934, -27.671671499999942 ], [ -48.778317, -27.671666799999969 ], [ -48.778211599999963, -27.671662299999976 ], [ -48.778081299999947, -27.671656599999945 ], [ -48.777957799999967, -27.671653199999984 ], [ -48.777897599999967, -27.671650699999923 ], [ -48.777859799999931, -27.671655199999982 ], [ -48.777804499999952, -27.671664399999941 ], [ -48.777742199999977, -27.67168079999993 ], [ -48.777669, -27.671693899999976 ], [ -48.777557599999966, -27.671700899999959 ], [ -48.777481899999941, -27.671708699999943 ], [ -48.777416699999947, -27.671713799999964 ], [ -48.777336499999933, -27.671711 ], [ -48.777246599999962, -27.671709199999956 ], [ -48.777145599999983, -27.671706799999978 ], [ -48.776956699999964, -27.671702499999977 ], [ -48.776821, -27.671701299999935 ], [ -48.776647099999927, -27.671699 ], [ -48.77637139999996, -27.671683199999954 ], [ -48.776254299999948, -27.671666699999932 ], [ -48.776141499999937, -27.671657299999932 ], [ -48.776006399999972, -27.67166189999995 ], [ -48.775922699999967, -27.671662399999942 ], [ -48.775848799999949, -27.671664099999933 ], [ -48.77575, -27.671667599999989 ], [ -48.775671399999965, -27.671671299999954 ], [ -48.775617699999941, -27.671674699999983 ], [ -48.775563899999959, -27.671678899999961 ], [ -48.775427399999955, -27.671698899999956 ], [ -48.775236, -27.671715099999982 ], [ -48.775060599999961, -27.671710099999917 ], [ -48.774867, -27.671708199999955 ], [ -48.774409499999933, -27.671697099999964 ], [ -48.774247199999934, -27.671689899999937 ], [ -48.774114, -27.671682 ], [ -48.774010799999985, -27.671682499999978 ], [ -48.773842699999939, -27.671670499999948 ], [ -48.773290599999939, -27.671626399999973 ], [ -48.771694799999977, -27.671698599999949 ], [ -48.770574799999963, -27.671687899999931 ], [ -48.769639199999979, -27.671669199999933 ], [ -48.769222199999945, -27.671746699999971 ], [ -48.768805199999974, -27.671891 ], [ -48.768388199999947, -27.672091499999965 ], [ -48.768118299999976, -27.672297299999968 ], [ -48.767677199999987, -27.672754399999967 ], [ -48.767177299999958, -27.673222199999937 ], [ -48.764469499999961, -27.675839199999931 ], [ -48.763828, -27.676416499999959 ], [ -48.763849399999977, -27.676266799999958 ], [ -48.763886799999966, -27.676250799999934 ], [ -48.76389219999993, -27.676181299999939 ], [ -48.763865399999986, -27.676031599999924 ], [ -48.763790599999936, -27.675956799999934 ], [ -48.763742499999971, -27.675759 ], [ -48.76375319999994, -27.675689499999976 ], [ -48.76378519999998, -27.675625299999975 ], [ -48.763993699999958, -27.675529099999949 ], [ -48.764025799999956, -27.675443499999979 ], [ -48.764036499999975, -27.675299199999976 ], [ -48.763951, -27.674951699999951 ], [ -48.763886799999966, -27.674796699999952 ], [ -48.763913499999951, -27.674566799999972 ], [ -48.763977699999941, -27.674379699999964 ], [ -48.764036499999975, -27.674085599999952 ], [ -48.764025799999956, -27.673834399999976 ], [ -48.764132699999955, -27.673577699999953 ], [ -48.764159499999955, -27.673379899999922 ], [ -48.764234299999941, -27.673123299999922 ], [ -48.764330499999971, -27.673000399999982 ], [ -48.764239699999969, -27.672321399999941 ], [ -48.76418079999997, -27.672086199999963 ], [ -48.764138099999968, -27.671963199999929 ], [ -48.763956299999968, -27.671781399999929 ], [ -48.763817299999978, -27.671728 ], [ -48.763651599999939, -27.671690599999977 ], [ -48.7633843, -27.671685199999949 ], [ -48.762916499999953, -27.671615699999965 ], [ -48.762758799999972, -27.671554199999953 ], [ -48.762694599999975, -27.671420599999969 ], [ -48.762657199999985, -27.670902 ], [ -48.762520899999963, -27.670158899999926 ], [ -48.762414, -27.669859499999966 ], [ -48.76233909999997, -27.669688399999931 ], [ -48.76233869999993, -27.669683799999969 ], [ -48.7622856, -27.669415799999964 ], [ -48.76226429999997, -27.669223299999953 ], [ -48.762275, -27.669095 ], [ -48.762371199999961, -27.668731499999975 ], [ -48.755893, -27.666732599999936 ], [ -48.755608299999949, -27.666635799999927 ], [ -48.755608299999949, -27.666961899999926 ], [ -48.755586899999969, -27.667052799999965 ], [ -48.755453299999942, -27.66716509999997 ], [ -48.755298299999943, -27.667239899999966 ], [ -48.755079099999925, -27.667261299999954 ], [ -48.754908, -27.667229199999959 ], [ -48.754833099999985, -27.667197099999953 ], [ -48.754785, -27.667084899999956 ], [ -48.754736899999955, -27.666999299999926 ], [ -48.754662099999955, -27.666945899999984 ], [ -48.754491, -27.666945899999966 ], [ -48.754330599999946, -27.66696729999995 ], [ -48.754106099999944, -27.66711689999994 ], [ -48.753886899999941, -27.667378899999957 ], [ -48.753694399999972, -27.667731799999967 ], [ -48.753496599999949, -27.66788679999997 ], [ -48.753114799999935, -27.668103499999972 ], [ -48.752793599999961, -27.668048499999941 ], [ -48.752721399999984, -27.667940299999938 ], [ -48.752598499999976, -27.667817299999953 ], [ -48.752427399999924, -27.667501899999937 ], [ -48.752283, -27.667443099999957 ], [ -48.7522082, -27.667491199999972 ], [ -48.752128, -27.667576699999973 ], [ -48.752042499999966, -27.667640899999977 ], [ -48.751978299999962, -27.667635499999953 ], [ -48.751791199999957, -27.667394899999977 ], [ -48.751347499999952, -27.667090199999976 ], [ -48.750736899999936, -27.666647499999957 ], [ -48.750954499999978, -27.666328399999948 ], [ -48.750438, -27.665955199999917 ], [ -48.74800589999996, -27.664258599999975 ], [ -48.746097799999973, -27.665642199999972 ], [ -48.747872799999982, -27.668002699999921 ], [ -48.742007799999961, -27.669423399999957 ], [ -48.739391799999964, -27.672254499999951 ], [ -48.7374794, -27.674276599999935 ], [ -48.735285199999971, -27.676982099999975 ], [ -48.722283399999981, -27.685701 ], [ -48.722425699999981, -27.6858 ], [ -48.722595299999973, -27.685989499999941 ], [ -48.722780899999975, -27.685941299999964 ], [ -48.72303919999996, -27.685868799999984 ], [ -48.723133199999957, -27.685888699999968 ], [ -48.723181099999977, -27.685902199999923 ], [ -48.723213299999941, -27.685922199999936 ], [ -48.723234199999986, -27.685952599999954 ], [ -48.723239899999953, -27.685976899999954 ], [ -48.723240499999974, -27.686009099999978 ], [ -48.723247199999946, -27.68603569999993 ], [ -48.72326019999997, -27.686071699999953 ], [ -48.723283, -27.686109199999976 ], [ -48.723385699999938, -27.686173 ], [ -48.72343409999997, -27.686212399999928 ], [ -48.723454, -27.68623569999993 ], [ -48.723467, -27.686271699999953 ], [ -48.723480799999948, -27.68630219999994 ], [ -48.723493599999976, -27.686321599999928 ], [ -48.723518899999931, -27.686352699999929 ], [ -48.723617699999977, -27.686444099999964 ], [ -48.723671799999977, -27.686501599999936 ], [ -48.723691799999983, -27.686533499999932 ], [ -48.72371359999994, -27.686565499999983 ], [ -48.723737399999948, -27.686611499999977 ], [ -48.723737699999965, -27.686630399999945 ], [ -48.723729399999968, -27.686661199999943 ], [ -48.723699599999982, -27.686719 ], [ -48.723672, -27.686760299999943 ], [ -48.723626699999954, -27.686794799999966 ], [ -48.723577699999964, -27.686819899999929 ], [ -48.72353389999995, -27.686838599999934 ], [ -48.7235075, -27.68685239999996 ], [ -48.723433199999938, -27.686891199999938 ], [ -48.723417499999982, -27.686903199999968 ], [ -48.723408899999981, -27.686914299999955 ], [ -48.723403799999979, -27.686927 ], [ -48.723412299999943, -27.686959099999971 ], [ -48.723476, -27.686959 ], [ -48.723495499999963, -27.686964199999974 ], [ -48.7235065, -27.686986899999962 ], [ -48.723496699999941, -27.687127799999921 ], [ -48.723505, -27.687145799999939 ], [ -48.723526399999962, -27.687158799999967 ], [ -48.723565299999969, -27.687160599999959 ], [ -48.723594599999956, -27.687168899999961 ], [ -48.72361, -27.687189899999961 ], [ -48.723624099999945, -27.687236099999939 ], [ -48.723629899999935, -27.687310699999962 ], [ -48.723635099999967, -27.687352299999915 ], [ -48.723650799999973, -27.687393799999942 ], [ -48.723666399999956, -27.687426599999988 ], [ -48.723679499999946, -27.687465 ], [ -48.723699799999963, -27.687510299999932 ], [ -48.723694399999943, -27.687554399999954 ], [ -48.723680899999977, -27.687590799999946 ], [ -48.723656799999965, -27.687624899999939 ], [ -48.723616399999969, -27.687687699999977 ], [ -48.723602799999988, -27.687719299999966 ], [ -48.723605699999958, -27.687733399999956 ], [ -48.723616599999957, -27.687746599999961 ], [ -48.723629099999982, -27.687756699999969 ], [ -48.723698099999986, -27.687759599999936 ], [ -48.723738699999956, -27.687759099999937 ], [ -48.723784699999953, -27.687762299999974 ], [ -48.723815, -27.687774499999925 ], [ -48.723836499999955, -27.687789899999927 ], [ -48.723840499999945, -27.687816599999952 ], [ -48.723851899999943, -27.68795479999994 ], [ -48.723861599999957, -27.688003499999986 ], [ -48.723885299999957, -27.688045599999938 ], [ -48.723944, -27.688114799999941 ], [ -48.723957699999971, -27.688137399999956 ], [ -48.723959799999932, -27.688157799999949 ], [ -48.723950199999933, -27.688254899999944 ], [ -48.723934899999961, -27.688261399999931 ], [ -48.723854499999959, -27.688361699999977 ], [ -48.72378029999993, -27.688412299999978 ], [ -48.723751499999942, -27.688429199999973 ], [ -48.723733499999987, -27.688460099999926 ], [ -48.723728, -27.688498799999937 ], [ -48.723725299999955, -27.688542799999937 ], [ -48.72371389999995, -27.688597299999959 ], [ -48.723694299999977, -27.688636899999942 ], [ -48.723687599999948, -27.688659399999946 ], [ -48.723680899999977, -27.688681899999953 ], [ -48.723679799999957, -27.688718099999964 ], [ -48.723684499999933, -27.688781699999932 ], [ -48.723704099999964, -27.688838899999958 ], [ -48.723735799999986, -27.688880899999951 ], [ -48.723798799999948, -27.688943699999982 ], [ -48.723949699999935, -27.689078199999976 ], [ -48.723950099999975, -27.689088199999954 ], [ -48.723950599999966, -27.689098199999933 ], [ -48.723950899999977, -27.689131899999953 ], [ -48.723939499999972, -27.689169399999969 ], [ -48.723776799999946, -27.689196799999941 ], [ -48.723605199999952, -27.689246 ], [ -48.723360599999978, -27.689285699999967 ], [ -48.723122899999964, -27.689325299999954 ], [ -48.722869, -27.689388599999972 ], [ -48.722638699999948, -27.68942149999998 ], [ -48.722414199999946, -27.68943749999994 ], [ -48.72220839999995, -27.689462199999976 ], [ -48.722023299999925, -27.689481599999958 ], [ -48.721812799999945, -27.689548699999939 ], [ -48.721728299999938, -27.689574299999943 ], [ -48.721549099999947, -27.689628599999935 ], [ -48.721380699999941, -27.689676399999943 ], [ -48.721104199999957, -27.689763199999959 ], [ -48.720875, -27.689825699999972 ], [ -48.720605299999932, -27.689887299999956 ], [ -48.72034229999997, -27.689972 ], [ -48.720083, -27.690068899999975 ], [ -48.719784299999958, -27.690155299999958 ], [ -48.719529299999977, -27.690270499999944 ], [ -48.719232399999953, -27.690402299999956 ], [ -48.719027299999937, -27.690547799999933 ], [ -48.718805199999963, -27.6906494 ], [ -48.718558099999939, -27.690730199999965 ], [ -48.718336699999945, -27.690771199999979 ], [ -48.718130799999983, -27.690790099999948 ], [ -48.717935099999977, -27.690804699999941 ], [ -48.717734699999944, -27.690801399999938 ], [ -48.717607, -27.690794799999921 ], [ -48.717464699999944, -27.690765699999929 ], [ -48.717334599999965, -27.690759099999987 ], [ -48.717243899999971, -27.690782099999971 ], [ -48.717112699999973, -27.690822299999965 ], [ -48.716982099999946, -27.690838 ], [ -48.716791299999954, -27.690852699999937 ], [ -48.716497299999958, -27.69083 ], [ -48.716297399999974, -27.690802199999951 ], [ -48.716083099999928, -27.690742899999979 ], [ -48.71580419999998, -27.690658 ], [ -48.715605599999954, -27.690567799999922 ], [ -48.715394699999933, -27.690464 ], [ -48.71518089999995, -27.690380199999943 ], [ -48.715046199999961, -27.690351199999952 ], [ -48.714918399999931, -27.690349099999928 ], [ -48.714745, -27.690373 ], [ -48.714664299999981, -27.690400599999982 ], [ -48.714471399999979, -27.690513399999929 ], [ -48.714328199999947, -27.690611899999979 ], [ -48.71424559999997, -27.690724199999973 ], [ -48.713891499999932, -27.69112419999993 ], [ -48.713770899999986, -27.691256 ], [ -48.713569899999982, -27.691402099999952 ], [ -48.713432099999977, -27.691464899999968 ], [ -48.713207899999986, -27.691519199999959 ], [ -48.71297629999998, -27.691571099999972 ], [ -48.712782, -27.691634799999971 ], [ -48.712609799999939, -27.691718899999959 ], [ -48.712417199999948, -27.691820499999942 ], [ -48.712276599999939, -27.691954199999923 ], [ -48.712115199999964, -27.692123199999966 ], [ -48.712028699999962, -27.692216699999964 ], [ -48.711887599999955, -27.692319199999922 ], [ -48.711684499999933, -27.692442599999932 ], [ -48.711501599999963, -27.692525599999943 ], [ -48.711298599999964, -27.692645899999942 ], [ -48.711138299999966, -27.692741799999965 ], [ -48.711030799999946, -27.692795299999947 ], [ -48.710882099999935, -27.69284139999996 ], [ -48.710785199999968, -27.692846 ], [ -48.710689799999955, -27.692866399999961 ], [ -48.710515, -27.692899499999957 ], [ -48.710442399999977, -27.692924899999984 ], [ -48.710282899999989, -27.69298479999998 ], [ -48.710137199999963, -27.693054399999937 ], [ -48.709972099999959, -27.693128299999962 ], [ -48.709797399999964, -27.693221199999986 ], [ -48.709615799999938, -27.69332779999996 ], [ -48.70948889999994, -27.693422699999928 ], [ -48.70932959999994, -27.693557799999951 ], [ -48.70924789999998, -27.693636199999958 ], [ -48.709166299999943, -27.69371469999993 ], [ -48.708982699999979, -27.693902899999951 ], [ -48.708963299999937, -27.693921 ], [ -48.708956399999977, -27.693933299999966 ], [ -48.709191899999958, -27.694198799999985 ], [ -48.709270699999934, -27.694263199999966 ], [ -48.709356699999944, -27.694309299999926 ], [ -48.709610199999986, -27.694416099999952 ], [ -48.709771699999969, -27.694488 ], [ -48.709941, -27.6945828 ], [ -48.71009689999994, -27.694684799999941 ], [ -48.710361599999942, -27.694893299999926 ], [ -48.710506099999975, -27.695044499999931 ], [ -48.710563199999967, -27.695149 ], [ -48.710615899999929, -27.695299599999949 ], [ -48.710733, -27.695648799999969 ], [ -48.710769099999936, -27.695723399999963 ], [ -48.710805499999935, -27.695779899999934 ], [ -48.711462899999958, -27.696491899999959 ], [ -48.711998199999982, -27.697071899999965 ], [ -48.712358, -27.69745079999996 ], [ -48.715694699999972, -27.700996699999955 ], [ -48.718187399999977, -27.703659 ], [ -48.718394799999942, -27.703880699999949 ], [ -48.719746699999973, -27.705330399999983 ], [ -48.721214199999963, -27.70690319999995 ], [ -48.721450499999946, -27.707154899999964 ], [ -48.722397299999955, -27.708165299999948 ], [ -48.723311, -27.709145899999964 ], [ -48.724340099999942, -27.710241899999964 ], [ -48.724486499999955, -27.710407299999925 ], [ -48.724706799999979, -27.710647699999978 ], [ -48.724790299999938, -27.710755899999981 ], [ -48.724859599999945, -27.710908599999971 ], [ -48.724862799999983, -27.711029599999964 ], [ -48.724845699999946, -27.71114539999996 ], [ -48.724788899999965, -27.711285 ], [ -48.724715, -27.711416399999962 ], [ -48.724666799999973, -27.711487 ], [ -48.724111299999947, -27.712122 ], [ -48.723749, -27.712498 ], [ -48.723680499999944, -27.712576599999974 ], [ -48.72361369999993, -27.712702599999943 ], [ -48.723576399999956, -27.71282379999997 ], [ -48.723547199999985, -27.712962399999977 ], [ -48.723534799999982, -27.713388799999951 ], [ -48.723760099999936, -27.714516499999942 ], [ -48.723837599999968, -27.714746 ], [ -48.723994399999981, -27.715054399999921 ], [ -48.724292399999975, -27.715112699999949 ], [ -48.724531399999925, -27.715099 ], [ -48.724765199999979, -27.715068899999949 ], [ -48.725029099999979, -27.715021 ], [ -48.725260499999933, -27.714925899999962 ], [ -48.725736299999937, -27.714627 ], [ -48.72588879999995, -27.714553 ], [ -48.725982199999983, -27.714531899999947 ], [ -48.726090899999974, -27.714526399999951 ], [ -48.726218899999935, -27.714548899999954 ], [ -48.726313499999947, -27.714580499999947 ], [ -48.726615, -27.714678599999953 ], [ -48.726796899999954, -27.714730099999933 ], [ -48.726898, -27.71473229999998 ], [ -48.727252199999953, -27.714718299999966 ], [ -48.727448899999956, -27.714701699999985 ], [ -48.727560799999935, -27.714654599999964 ], [ -48.727644299999959, -27.71457979999996 ], [ -48.727754, -27.714440799999981 ], [ -48.727854199999967, -27.714343799999927 ], [ -48.727946899999957, -27.714304899999934 ], [ -48.728082399999955, -27.714306699999955 ], [ -48.728205, -27.714349399999954 ], [ -48.728528399999966, -27.714491399999932 ], [ -48.729024099999947, -27.714743699999932 ], [ -48.729648699999984, -27.715112199999961 ], [ -48.730099199999984, -27.715357599999951 ], [ -48.7307211, -27.715500699999964 ], [ -48.730943199999956, -27.715547899999926 ], [ -48.73117369999995, -27.715588199999949 ], [ -48.731296499999985, -27.715616299999954 ], [ -48.731407599999955, -27.715693 ], [ -48.73151009999998, -27.715845299999959 ], [ -48.731732099999938, -27.7162484 ], [ -48.731971199999983, -27.716649699999941 ], [ -48.732032299999958, -27.716719799999957 ], [ -48.732094399999937, -27.71688 ], [ -48.732131599999953, -27.716996399999971 ], [ -48.73215, -27.717124699999932 ], [ -48.732116399999946, -27.717326099999973 ], [ -48.732023299999987, -27.717606499999917 ], [ -48.731903799999934, -27.717872499999938 ], [ -48.731717, -27.718136 ], [ -48.731718699999931, -27.7183836 ], [ -48.731744499999941, -27.718588799999964 ], [ -48.731767399999967, -27.718710699999978 ], [ -48.731829799999957, -27.718821399999957 ], [ -48.732076099999979, -27.719119599999932 ], [ -48.732361499999968, -27.719460899999934 ], [ -48.732507699999978, -27.71962359999997 ], [ -48.732592699999948, -27.719946799999942 ], [ -48.732711799999954, -27.720018499999977 ], [ -48.732924199999964, -27.720035499999938 ], [ -48.733114699999931, -27.720030699999931 ], [ -48.733921, -27.717731799999971 ], [ -48.736752299999971, -27.716213799999924 ], [ -48.735753699999982, -27.719405499999944 ], [ -48.751688099999967, -27.717460799999962 ], [ -48.750543199999989, -27.710988 ], [ -48.750635699999975, -27.71115269999996 ], [ -48.750978599999932, -27.711315799999976 ], [ -48.751015199999983, -27.711475499999953 ], [ -48.751161399999944, -27.711444 ], [ -48.751378399999965, -27.711593899999968 ], [ -48.751435099999981, -27.711746199999936 ], [ -48.751587499999978, -27.711740399999943 ], [ -48.751865599999981, -27.711931899999971 ], [ -48.752259099999947, -27.71249819999997 ], [ -48.752390699999978, -27.712887399999943 ], [ -48.75278469999995, -27.713488599999948 ], [ -48.753099499999962, -27.713967099999927 ], [ -48.753926099999944, -27.714812099999957 ], [ -48.754400099999948, -27.713695099999935 ], [ -48.754368299999953, -27.713871599999948 ], [ -48.754347, -27.714013 ], [ -48.754350699999982, -27.714345699999967 ], [ -48.754352799999943, -27.714433699999976 ], [ -48.754383, -27.714534199999946 ], [ -48.754473699999949, -27.714631099999956 ], [ -48.754506, -27.714682399999958 ], [ -48.75454, -27.714721299999947 ], [ -48.754605199999958, -27.71476389999998 ], [ -48.754693799999977, -27.714784699999932 ], [ -48.754815199999939, -27.71481729999994 ], [ -48.755029599999943, -27.714879299999954 ], [ -48.75515, -27.714924899999968 ], [ -48.755254199999968, -27.714964099999971 ], [ -48.755343899999957, -27.714996 ], [ -48.75540969999998, -27.715024499999959 ], [ -48.755547099999937, -27.715125699999938 ], [ -48.755605199999934, -27.715175799999933 ], [ -48.755669099999977, -27.715258699999939 ], [ -48.755745199999986, -27.715358499999986 ], [ -48.755816699999968, -27.715417199999933 ], [ -48.755904599999958, -27.715471799999932 ], [ -48.7559414, -27.715498299999979 ], [ -48.75595629999998, -27.715557799999935 ], [ -48.755966099999966, -27.715638599999966 ], [ -48.755977099999946, -27.71571989999995 ], [ -48.756064099999946, -27.715790399999932 ], [ -48.756201899999951, -27.71586 ], [ -48.756376899999964, -27.715938499999933 ], [ -48.756526399999977, -27.715992 ], [ -48.756617299999959, -27.716006799999938 ], [ -48.756728499999959, -27.716039799999976 ], [ -48.756963, -27.716091699999932 ], [ -48.756989299999987, -27.716115399999971 ], [ -48.757113199999942, -27.716245899999919 ], [ -48.757296899999972, -27.716401299999969 ], [ -48.757564699999939, -27.716590199999924 ], [ -48.757741399999986, -27.716702099999967 ], [ -48.757897299999961, -27.716765499999948 ], [ -48.758006199999947, -27.716769699999933 ], [ -48.758112899999958, -27.71676559999997 ], [ -48.758261499999954, -27.716695699999935 ], [ -48.758408099999933, -27.716633399999978 ], [ -48.758572799999968, -27.71659949999998 ], [ -48.758863799999979, -27.716581699999931 ], [ -48.75892, -27.71658079999996 ], [ -48.759338799999966, -27.716573899999958 ], [ -48.759619899999961, -27.716588299999945 ], [ -48.760188599999935, -27.7167257 ], [ -48.760368299999989, -27.716757199999961 ], [ -48.760499799999934, -27.716819799999943 ], [ -48.76057469999995, -27.716911799999931 ], [ -48.760713399999986, -27.717062799999951 ], [ -48.760926099999949, -27.717079799999958 ], [ -48.761048599999988, -27.716685499999979 ], [ -48.761753499999941, -27.717123499999953 ], [ -48.761793399999938, -27.716977299999936 ], [ -48.761860799999965, -27.716730199999969 ], [ -48.761896499999985, -27.716372699999958 ], [ -48.761825, -27.71590789999993 ], [ -48.761646299999938, -27.71547889999994 ], [ -48.760859699999969, -27.714549399999949 ], [ -48.7603, -27.714302499999981 ], [ -48.76019789999998, -27.71409059999996 ], [ -48.760163499999983, -27.713687499999931 ], [ -48.760150099999976, -27.713304699999977 ], [ -48.759986, -27.712995299999925 ], [ -48.759780599999942, -27.712628299999945 ], [ -48.759892499999978, -27.712362099999947 ], [ -48.76019359999998, -27.712214499999948 ], [ -48.760747299999942, -27.712261299999973 ], [ -48.761066599999936, -27.712266499999934 ], [ -48.761282599999966, -27.712116599999948 ], [ -48.761328599999963, -27.711945899999936 ], [ -48.761167299999961, -27.711502899999978 ], [ -48.761064, -27.711347899999961 ], [ -48.761220099999946, -27.711005699999919 ], [ -48.761246399999955, -27.710757 ], [ -48.761101899999964, -27.710539 ], [ -48.760771099999943, -27.710054499999945 ], [ -48.760689199999945, -27.709843 ], [ -48.760714599999972, -27.70969 ], [ -48.760885299999984, -27.709673799999958 ], [ -48.761097799999966, -27.709696199999943 ], [ -48.761747399999933, -27.710204799999929 ], [ -48.762211799999932, -27.710403599999953 ], [ -48.762486599999939, -27.710503699999951 ], [ -48.762741399999982, -27.7105845 ], [ -48.7628486, -27.710548399999929 ], [ -48.762873799999973, -27.710356599999944 ], [ -48.762458499999987, -27.709794899999959 ], [ -48.762147399999954, -27.709388299999944 ], [ -48.762067299999956, -27.70913789999997 ], [ -48.762137399999979, -27.708833199999948 ], [ -48.76227449999994, -27.708375199999981 ], [ -48.762562099999968, -27.707844699999946 ], [ -48.762652199999934, -27.707654 ], [ -48.762614499999984, -27.707366399999962 ], [ -48.762445399999933, -27.707306799999976 ], [ -48.762062599999979, -27.707280799999968 ], [ -48.761784399999954, -27.707353 ], [ -48.761529, -27.707348899999946 ], [ -48.761381899999947, -27.70725079999993 ], [ -48.761257699999923, -27.707076499999971 ], [ -48.761240699999973, -27.706865899999972 ], [ -48.761295, -27.706292 ], [ -48.761300899999981, -27.706005199999932 ], [ -48.761283899999974, -27.705794599999919 ], [ -48.76114119999994, -27.70548639999998 ], [ -48.760933799999975, -27.7052151 ], [ -48.760597299999972, -27.704960599999936 ], [ -48.760241, -27.70468679999993 ], [ -48.759891599999946, -27.704068399999986 ], [ -48.75953879999998, -27.703622399999972 ], [ -48.759477699999934, -27.703487799999944 ], [ -48.759483599999953, -27.703200099999947 ], [ -48.760111499999937, -27.702687799999978 ], [ -48.760242299999959, -27.702537399999979 ], [ -48.76042, -27.702176599999959 ], [ -48.760574799999972, -27.701891199999974 ], [ -48.76077029999994, -27.701703099999968 ], [ -48.761050299999965, -27.701593 ], [ -48.76137109999997, -27.701521499999959 ], [ -48.761541399999942, -27.701524299999956 ], [ -48.761711299999952, -27.701546 ], [ -48.762248399999976, -27.70137919999997 ], [ -48.762589799999951, -27.701273199999946 ], [ -48.762717499999951, -27.701275299999953 ], [ -48.762844199999961, -27.701373 ], [ -48.762860799999942, -27.70160339999995 ], [ -48.762767499999946, -27.702003399999967 ], [ -48.762763599999971, -27.70219469999995 ], [ -48.762845599999928, -27.702349399999939 ], [ -48.762877799999956, -27.70393429999995 ], [ -48.765827099999967, -27.706956699999978 ], [ -48.766238599999951, -27.707456599999947 ], [ -48.766121599999956, -27.714710399999948 ], [ -48.766126499999984, -27.715193099999958 ], [ -48.767722499999941, -27.715188299999959 ], [ -48.768043899999952, -27.715024199999952 ], [ -48.768153899999966, -27.71491 ], [ -48.769944099999975, -27.712956899999934 ], [ -48.769295199999931, -27.707487 ], [ -48.769096399999974, -27.705460799999962 ], [ -48.769315699999936, -27.704095799999951 ], [ -48.774605, -27.701999599999962 ], [ -48.773971299999978, -27.706752599999962 ], [ -48.775677499999979, -27.707093799999939 ], [ -48.777261799999962, -27.704510099999947 ], [ -48.777871199999936, -27.708824399999973 ], [ -48.778452699999946, -27.708889199999934 ], [ -48.778761899999949, -27.708446699999961 ], [ -48.778807099999938, -27.708336799999984 ], [ -48.778837099999983, -27.708264099999941 ], [ -48.778903499999956, -27.708073599999981 ], [ -48.778946399999938, -27.707976799999983 ], [ -48.778989299999978, -27.707880099999944 ], [ -48.779064399999982, -27.70777819999995 ], [ -48.779083499999956, -27.707752299999985 ], [ -48.779186399999951, -27.707619899999937 ], [ -48.779330099999981, -27.707440799999972 ], [ -48.779408599999954, -27.707288 ], [ -48.77946449999996, -27.707103699999962 ], [ -48.779518399999972, -27.706473399999929 ], [ -48.779543399999966, -27.705935299999968 ], [ -48.779514299999953, -27.705836599999934 ], [ -48.779401399999983, -27.705652899999968 ], [ -48.779234599999938, -27.705384299999928 ], [ -48.779134899999974, -27.705084899999978 ], [ -48.779047499999933, -27.704780899999943 ], [ -48.778954099999964, -27.704570699999969 ], [ -48.77879489999998, -27.704326599999948 ], [ -48.778684899999973, -27.7041402 ], [ -48.778583899999937, -27.70400049999995 ], [ -48.778570199999933, -27.703973699999946 ], [ -48.77854229999997, -27.703918899999959 ], [ -48.778530299999936, -27.703884099999975 ], [ -48.778485499999938, -27.703754299999954 ], [ -48.778429599999981, -27.703581899999953 ], [ -48.778404199999954, -27.703489599999937 ], [ -48.778424399999956, -27.703417699999942 ], [ -48.778479599999969, -27.703361499999968 ], [ -48.77854259999998, -27.70329779999998 ], [ -48.778867899999959, -27.702906899999959 ], [ -48.779061099999979, -27.702669099999977 ], [ -48.77914119999997, -27.702570599999948 ], [ -48.779378799999961, -27.702338699999931 ], [ -48.779673199999941, -27.702077299999921 ], [ -48.779846599999985, -27.70189229999994 ], [ -48.780001299999988, -27.701719699999956 ], [ -48.780152899999962, -27.701586199999944 ], [ -48.780190199999936, -27.701434799999948 ], [ -48.780184699999957, -27.701295599999977 ], [ -48.780200099999952, -27.701146 ], [ -48.780184899999938, -27.700984299999963 ], [ -48.780110399999955, -27.700899299999946 ], [ -48.78005809999997, -27.700765699999973 ], [ -48.780032199999937, -27.700694499999948 ], [ -48.780020199999967, -27.700661499999963 ], [ -48.780009599999971, -27.70057469999994 ], [ -48.780019799999934, -27.700512599999971 ], [ -48.780092, -27.700381 ], [ -48.780677799999985, -27.69956649999995 ], [ -48.781490699999956, -27.699367399999968 ], [ -48.782328799999959, -27.699282599999943 ], [ -48.782885, -27.699220699999952 ], [ -48.782967, -27.699039399999947 ], [ -48.782984799999952, -27.69907569999998 ], [ -48.783006399999984, -27.699120099999963 ], [ -48.783046899999938, -27.699208099999957 ], [ -48.783066699999949, -27.699254 ], [ -48.783107899999948, -27.699354899999943 ], [ -48.783152599999944, -27.699470199999947 ], [ -48.783259, -27.699754599999952 ], [ -48.783397499999978, -27.700120899999945 ], [ -48.783459499999935, -27.700280899999939 ], [ -48.783522399999981, -27.700440399999938 ], [ -48.78361579999995, -27.700671899999978 ], [ -48.783704199999931, -27.700885 ], [ -48.783757899999962, -27.701011699999984 ], [ -48.783806399999946, -27.701123499999937 ], [ -48.783851099999943, -27.701221799999928 ], [ -48.783872599999945, -27.701266799999921 ], [ -48.783894, -27.701309299999927 ], [ -48.783915499999978, -27.701349799999939 ], [ -48.783937199999968, -27.701388399999924 ], [ -48.78395949999998, -27.701425599999929 ], [ -48.783991299999968, -27.701475099999978 ], [ -48.784005599999944, -27.701496599999921 ], [ -48.784029299999986, -27.70153079999994 ], [ -48.784078, -27.701597799999945 ], [ -48.78417879999995, -27.701731799999948 ], [ -48.784229699999969, -27.701798599999961 ], [ -48.784279699999956, -27.701862399999982 ], [ -48.784327699999949, -27.701921 ], [ -48.78435079999997, -27.701947899999929 ], [ -48.784395399999944, -27.701997099999964 ], [ -48.784417199999957, -27.702020099999967 ], [ -48.784467, -27.702086 ], [ -48.784567499999987, -27.702230199999974 ], [ -48.784739, -27.702493599999965 ], [ -48.784740099999972, -27.70288469999997 ], [ -48.784734399999934, -27.702952199999967 ], [ -48.784732199999951, -27.702986499999952 ], [ -48.784729299999981, -27.703055 ], [ -48.78472869999996, -27.703089099999932 ], [ -48.784729399999954, -27.703156099999948 ], [ -48.78473089999995, -27.703188799999964 ], [ -48.784733299999978, -27.703220799999929 ], [ -48.784736399999986, -27.703251899999934 ], [ -48.784740299999953, -27.703282199999929 ], [ -48.784744899999964, -27.703311399999958 ], [ -48.784755699999948, -27.703366199999952 ], [ -48.784768199999966, -27.703415799999966 ], [ -48.784781499999944, -27.703459299999967 ], [ -48.784795699999961, -27.703496899999941 ], [ -48.784811, -27.703529799999959 ], [ -48.784819299999981, -27.703544699999949 ], [ -48.78482809999997, -27.703559 ], [ -48.784847399999926, -27.703585699999952 ], [ -48.784869699999952, -27.703611399999943 ], [ -48.784896, -27.703637399999938 ], [ -48.784927499999988, -27.703665499999936 ], [ -48.784965199999924, -27.703697099999939 ], [ -48.785186699999947, -27.703875399999955 ], [ -48.785239399999966, -27.703919199999973 ], [ -48.785292, -27.703964199999973 ], [ -48.78534429999997, -27.704010499999978 ], [ -48.785396199999987, -27.704058299999932 ], [ -48.7854478, -27.704108 ], [ -48.785499799999961, -27.70416 ], [ -48.785552499999937, -27.704215 ], [ -48.785605799999985, -27.704272899999978 ], [ -48.785657899999933, -27.704332499999968 ], [ -48.785682699999938, -27.70436239999998 ], [ -48.785706399999981, -27.704392 ], [ -48.785728499999948, -27.704421099999934 ], [ -48.785748799999972, -27.704449599999979 ], [ -48.785767099999923, -27.704477299999954 ], [ -48.785783499999987, -27.70450429999994 ], [ -48.785798099999958, -27.704530899999952 ], [ -48.785811099999925, -27.704557299999969 ], [ -48.785822499999938, -27.704583899999928 ], [ -48.785832699999965, -27.704610699999929 ], [ -48.785841699999942, -27.704638099999947 ], [ -48.785849599999949, -27.704666399999955 ], [ -48.785856699999954, -27.704695599999987 ], [ -48.785863, -27.704725699999976 ], [ -48.785868499999935, -27.704756599999939 ], [ -48.785877699999958, -27.704820299999941 ], [ -48.78588469999994, -27.704885599999951 ], [ -48.785892099999955, -27.704984399999947 ], [ -48.785897199999958, -27.705083 ], [ -48.785902, -27.705210499999961 ], [ -48.785908299999967, -27.705365099999938 ], [ -48.785913199999982, -27.705440699999944 ], [ -48.785918299999935, -27.70548359999998 ], [ -48.785922099999944, -27.705503699999955 ], [ -48.785927199999946, -27.705523599999932 ], [ -48.78593369999993, -27.705543399999954 ], [ -48.785941799999932, -27.705563699999978 ], [ -48.785952, -27.705584899999948 ], [ -48.785964299999932, -27.705607099999945 ], [ -48.785978699999937, -27.705630099999958 ], [ -48.785994899999935, -27.705653699999971 ], [ -48.786012699999958, -27.705677499999986 ], [ -48.786031899999955, -27.705701099999931 ], [ -48.786052199999979, -27.70572419999996 ], [ -48.786073599999952, -27.705746399999949 ], [ -48.786095799999941, -27.705767399999957 ], [ -48.786118599999959, -27.705787 ], [ -48.786142799999936, -27.70580549999994 ], [ -48.78616889999995, -27.705823399999932 ], [ -48.786202799999955, -27.705844099999968 ], [ -48.786229599999949, -27.705859199999956 ], [ -48.786265599999986, -27.705878 ], [ -48.786306299999985, -27.70589809999996 ], [ -48.786404199999929, -27.705943499999929 ], [ -48.78652029999995, -27.705994599999933 ], [ -48.786582, -27.706020499999962 ], [ -48.78664409999994, -27.706045599999978 ], [ -48.786705299999944, -27.706069299999953 ], [ -48.786764199999936, -27.706090699999955 ], [ -48.786819499999979, -27.70610929999998 ], [ -48.786870099999931, -27.706124299999942 ], [ -48.786916399999939, -27.706136199999936 ], [ -48.786959199999956, -27.706145399999961 ], [ -48.786999299999934, -27.706152399999951 ], [ -48.787037499999947, -27.706157499999961 ], [ -48.787074599999983, -27.706161399999928 ], [ -48.787226399999959, -27.706172699999957 ], [ -48.787266799999948, -27.706176299999978 ], [ -48.787307799999951, -27.706180699999933 ], [ -48.787349399999982, -27.706186199999919 ], [ -48.787391399999933, -27.706192899999969 ], [ -48.787433599999986, -27.706201299999979 ], [ -48.787475699999959, -27.706211399999962 ], [ -48.787517699999967, -27.706223399999946 ], [ -48.787559499999986, -27.706237199999975 ], [ -48.787601099999961, -27.706252499999952 ], [ -48.787642399999982, -27.706268899999944 ], [ -48.787723099999944, -27.706303799999944 ], [ -48.788038, -27.706444099999935 ], [ -48.788214899999957, -27.706524199999937 ], [ -48.788283499999984, -27.706553599999953 ], [ -48.788318299999965, -27.706567299999968 ], [ -48.788353799999982, -27.706580299999917 ], [ -48.788381199999954, -27.706589399999924 ], [ -48.788427699999943, -27.70660369999996 ], [ -48.788466299999982, -27.706614199999933 ], [ -48.788546899999979, -27.706633699999941 ], [ -48.788719899999933, -27.706672599999926 ], [ -48.78881169999994, -27.70669479999998 ], [ -48.788858599999969, -27.706707099999953 ], [ -48.788905899999982, -27.706720199999936 ], [ -48.788953599999957, -27.706734099999942 ], [ -48.7890015, -27.706749 ], [ -48.789049399999953, -27.706764899999932 ], [ -48.78909729999998, -27.706781899999953 ], [ -48.789145099999985, -27.7068 ], [ -48.789192899999932, -27.706819099999954 ], [ -48.789392499999963, -27.706901399999932 ], [ -48.789446, -27.706922699999943 ], [ -48.78950169999996, -27.706943899999946 ], [ -48.7895597, -27.70696479999998 ], [ -48.789619499999958, -27.706985599999932 ], [ -48.789920099999961, -27.707085399999976 ], [ -48.789975499999976, -27.707104599999969 ], [ -48.790028, -27.70712369999994 ], [ -48.790077499999938, -27.707142499999975 ], [ -48.790124299999952, -27.707161399999965 ], [ -48.790168899999969, -27.7071802 ], [ -48.790211399999976, -27.70719929999996 ], [ -48.790252199999941, -27.707218599999972 ], [ -48.790291499999967, -27.707238299999968 ], [ -48.790329699999972, -27.707258399999947 ], [ -48.790366899999981, -27.707279 ], [ -48.790403199999957, -27.70730009999993 ], [ -48.790438199999976, -27.707321399999962 ], [ -48.790472, -27.70734269999997 ], [ -48.790534899999955, -27.707385 ], [ -48.79056369999995, -27.707405599999962 ], [ -48.790615499999944, -27.707444899999921 ], [ -48.790660199999934, -27.70748229999997 ], [ -48.790680699999939, -27.707500699999962 ], [ -48.790719199999955, -27.707538099999976 ], [ -48.790737899999954, -27.707557599999983 ], [ -48.790775699999976, -27.707599 ], [ -48.79081489999993, -27.707645499999941 ], [ -48.790835299999969, -27.707671299999962 ], [ -48.790856099999985, -27.70769909999995 ], [ -48.790877599999931, -27.707729099999945 ], [ -48.790899599999932, -27.707761699999931 ], [ -48.790922399999943, -27.707797099999937 ], [ -48.79094589999994, -27.707835799999931 ], [ -48.790970699999946, -27.707879199999976 ], [ -48.790997199999936, -27.707929199999967 ], [ -48.791026, -27.707987299999953 ], [ -48.791057599999931, -27.708055399999981 ], [ -48.791092399999968, -27.708135199999948 ], [ -48.791131099999973, -27.708228299999973 ], [ -48.791195799999976, -27.708336499999973 ], [ -48.791261499999962, -27.708446 ], [ -48.791312799999965, -27.708527399999969 ], [ -48.791494799999953, -27.70874 ], [ -48.791598899999947, -27.708893699999969 ], [ -48.791788899999979, -27.709186799999937 ], [ -48.792011599999967, -27.709426 ], [ -48.792300599999983, -27.709785399999927 ], [ -48.792449099999942, -27.710133 ], [ -48.792376399999966, -27.710913499999933 ], [ -48.79222869999996, -27.711266299999973 ], [ -48.792049399999939, -27.71157489999996 ], [ -48.792016099999955, -27.711654799999955 ], [ -48.792008599999974, -27.71169059999993 ], [ -48.791992199999974, -27.711777199999968 ], [ -48.791983599999988, -27.711835 ], [ -48.791977799999984, -27.711890499999981 ], [ -48.791974799999934, -27.711943599999987 ], [ -48.791974599999946, -27.711995 ], [ -48.791976699999964, -27.712045499999924 ], [ -48.791980799999969, -27.712096 ], [ -48.79198649999995, -27.712147299999959 ], [ -48.79199349999994, -27.712200299999935 ], [ -48.792038099999957, -27.712509599999972 ], [ -48.792049199999951, -27.712577699999944 ], [ -48.792061499999939, -27.712645399999932 ], [ -48.792075399999931, -27.712711799999965 ], [ -48.792091099999936, -27.712775599999937 ], [ -48.792108799999937, -27.712835799999937 ], [ -48.792128799999944, -27.712891499999955 ], [ -48.792151, -27.712943599999953 ], [ -48.792175399999969, -27.712993 ], [ -48.792201899999952, -27.713040699999972 ], [ -48.792230399999944, -27.713087799999968 ], [ -48.792260799999951, -27.713135399999942 ], [ -48.792400299999933, -27.713348099999966 ], [ -48.792439499999951, -27.713407299999968 ], [ -48.792480499999947, -27.713467299999937 ], [ -48.792523199999948, -27.713527399999979 ], [ -48.792567799999972, -27.713586499999966 ], [ -48.79261409999998, -27.713643799999943 ], [ -48.792662299999961, -27.713698399999938 ], [ -48.792727199999945, -27.71376349999997 ], [ -48.792764099999935, -27.713797799999959 ], [ -48.792817599999985, -27.713843299999947 ], [ -48.792872599999953, -27.713886599999974 ], [ -48.792929099999981, -27.713928099999968 ], [ -48.792986899999967, -27.713968399999942 ], [ -48.793046, -27.714007899999967 ], [ -48.793167699999962, -27.71408619999994 ], [ -48.793293499999955, -27.714164799999924 ], [ -48.793466899999942, -27.714269 ], [ -48.793556599999931, -27.714321599999941 ], [ -48.793624499999964, -27.714360499999948 ], [ -48.793900399999984, -27.714515299999952 ], [ -48.793968599999971, -27.714554299999971 ], [ -48.794035899999983, -27.714593499999978 ], [ -48.794101699999949, -27.714633199999977 ], [ -48.794165799999973, -27.71467339999997 ], [ -48.794227899999953, -27.714714099999981 ], [ -48.794288399999971, -27.71475509999992 ], [ -48.794464299999959, -27.714877799999957 ], [ -48.79453, -27.714922699999924 ], [ -48.794581499999943, -27.714956799999982 ], [ -48.794641399999932, -27.71499469999997 ], [ -48.794702599999937, -27.715031299999968 ], [ -48.794764599999951, -27.715066299999933 ], [ -48.794826799999953, -27.71509969999995 ], [ -48.794888599999979, -27.715131399999958 ], [ -48.794949199999955, -27.715161299999984 ], [ -48.795008099999968, -27.71518929999996 ], [ -48.795064499999967, -27.715215199999918 ], [ -48.795167799999945, -27.715260699999924 ], [ -48.795214299999934, -27.715280199999949 ], [ -48.795257899999967, -27.715297499999956 ], [ -48.795298699999933, -27.71531269999997 ], [ -48.795337299999971, -27.715325899999979 ], [ -48.795373799999936, -27.715337 ], [ -48.795408799999962, -27.715346099999973 ], [ -48.795433399999979, -27.715351399999978 ], [ -48.795475299999957, -27.715358599999941 ], [ -48.79550769999998, -27.715361899999944 ], [ -48.79554, -27.715363199999949 ], [ -48.795572799999938, -27.715362499999976 ], [ -48.795606399999947, -27.715359599999935 ], [ -48.795641399999965, -27.715354499999933 ], [ -48.795678199999941, -27.715347199999943 ], [ -48.795717199999956, -27.715337599999934 ], [ -48.79575879999993, -27.715325599999968 ], [ -48.795802499999972, -27.715311699999976 ], [ -48.795847799999933, -27.715295899999937 ], [ -48.795894299999986, -27.715278599999973 ], [ -48.795941299999988, -27.715260099999966 ], [ -48.795988299999983, -27.715240699999981 ], [ -48.79603479999998, -27.715220499999919 ], [ -48.796080199999949, -27.7152 ], [ -48.796166599999935, -27.715158599999945 ], [ -48.796359, -27.715062599999957 ], [ -48.7963941, -27.715046099999935 ], [ -48.79642819999998, -27.71503089999992 ], [ -48.796461199999946, -27.715017 ], [ -48.796493199999986, -27.715004399999938 ], [ -48.796524099999935, -27.714993099999962 ], [ -48.79655379999997, -27.714983199999949 ], [ -48.796582299999955, -27.714974599999941 ], [ -48.796609399999966, -27.714967299999955 ], [ -48.796635199999969, -27.714961299999963 ], [ -48.796659599999941, -27.71495659999994 ], [ -48.7966828, -27.714953099999935 ], [ -48.796704799999986, -27.714950599999945 ], [ -48.796726, -27.714949 ], [ -48.796766099999957, -27.714947699999986 ], [ -48.796861099999951, -27.714948799999942 ], [ -48.7969, -27.714948499999934 ], [ -48.796941, -27.71494679999995 ], [ -48.796985199999945, -27.714942799999957 ], [ -48.797008799999958, -27.714939499999954 ], [ -48.797033499999941, -27.714935099999938 ], [ -48.797059299999951, -27.714929099999946 ], [ -48.797086499999985, -27.714921399999977 ], [ -48.797115099999985, -27.71491159999993 ], [ -48.797145099999966, -27.714899499999941 ], [ -48.797176699999966, -27.714884799999929 ], [ -48.79721009999998, -27.714867 ], [ -48.797245699999962, -27.714845699999959 ], [ -48.797284, -27.71482009999994 ], [ -48.797325699999938, -27.714789499999934 ], [ -48.797371399999967, -27.714753199999961 ], [ -48.797421499999984, -27.714710499999967 ], [ -48.797476699999947, -27.714660699999961 ], [ -48.797537399999953, -27.71460309999997 ], [ -48.797604, -27.71453729999995 ], [ -48.797642799999949, -27.71449779999994 ], [ -48.797750199999939, -27.714386299999937 ], [ -48.797826899999961, -27.714303899999951 ], [ -48.797904199999948, -27.714219 ], [ -48.797980699999989, -27.714132899999985 ], [ -48.798054899999954, -27.714047199999985 ], [ -48.798125499999969, -27.713963299999939 ], [ -48.798191399999951, -27.713882499999951 ], [ -48.798252599999955, -27.713804799999934 ], [ -48.798309599999982, -27.713730199999929 ], [ -48.798362699999977, -27.713658599999967 ], [ -48.798412299999939, -27.713589899999938 ], [ -48.798458699999976, -27.713523899999924 ], [ -48.798543799999948, -27.713399599999946 ], [ -48.798620599999929, -27.713284499999929 ], [ -48.798691299999973, -27.713175299999939 ], [ -48.798757599999931, -27.713068 ], [ -48.798789599999964, -27.713013899999972 ], [ -48.798821299999979, -27.712959 ], [ -48.798852699999941, -27.712902599999953 ], [ -48.798884, -27.712844799999978 ], [ -48.798915399999942, -27.712785299999936 ], [ -48.79897839999996, -27.712660799999984 ], [ -48.799017199999973, -27.712580799999962 ], [ -48.799108599999954, -27.712387 ], [ -48.799305299999958, -27.71195489999997 ], [ -48.799335099999951, -27.711890699999962 ], [ -48.799438299999963, -27.71167359999998 ], [ -48.79946, -27.71162669999995 ], [ -48.799479899999938, -27.711581899999928 ], [ -48.799498, -27.711538399999949 ], [ -48.799514299999942, -27.711495799999977 ], [ -48.799528799999969, -27.71145359999997 ], [ -48.79954139999996, -27.711411699999921 ], [ -48.799551899999983, -27.711370099999947 ], [ -48.799560299999932, -27.711328599999941 ], [ -48.799566499999969, -27.711287099999925 ], [ -48.799570299999971, -27.711245699999939 ], [ -48.799571699999944, -27.711204299999963 ], [ -48.799570499999966, -27.711162699999928 ], [ -48.79956679999998, -27.711121 ], [ -48.799560599999957, -27.711079099999946 ], [ -48.799552199999937, -27.711036899999957 ], [ -48.799541799999986, -27.710994499999959 ], [ -48.799529499999949, -27.710951799999968 ], [ -48.799515799999938, -27.710908899999936 ], [ -48.799500599999938, -27.710865699999925 ], [ -48.799484299999953, -27.710822099999973 ], [ -48.799448599999941, -27.710733699999935 ], [ -48.800057899999956, -27.710915199999928 ], [ -48.800103899999954, -27.710902899999947 ], [ -48.800379699999951, -27.710675899999956 ], [ -48.805746399999983, -27.71239589999993 ], [ -48.805627899999934, -27.713096099999969 ], [ -48.805652899999984, -27.714383199999933 ], [ -48.805670899999939, -27.714650299999953 ], [ -48.805844399999955, -27.717222499999938 ], [ -48.806172199999935, -27.718376399999954 ], [ -48.806665199999941, -27.719634 ], [ -48.806970299999932, -27.721260399999945 ], [ -48.80742429999998, -27.722844099999975 ], [ -48.807799199999984, -27.723267799999977 ] ] ], [ [ [ -48.815365399999962, -27.69331579999994 ], [ -48.815504199999957, -27.693289899999971 ], [ -48.815604199999946, -27.693272 ], [ -48.81566619999996, -27.693271399999951 ], [ -48.815913099999932, -27.693287699999932 ], [ -48.816011099999969, -27.69328 ], [ -48.816228899999942, -27.693233499999963 ], [ -48.816411099999982, -27.693202199999963 ], [ -48.816679099999931, -27.69319 ], [ -48.816873099999945, -27.693181399999958 ], [ -48.817249899999979, -27.693134499999925 ], [ -48.817438199999977, -27.693100099999974 ], [ -48.817732699999965, -27.69302529999992 ], [ -48.81787049999997, -27.692984799999977 ], [ -48.818081, -27.692914099999943 ], [ -48.81834889999994, -27.692828199999941 ], [ -48.81856949999996, -27.692774899999961 ], [ -48.818742, -27.692751199999972 ], [ -48.818980199999935, -27.692733099999941 ], [ -48.819157, -27.692711799999973 ], [ -48.819293199999954, -27.692687399999951 ], [ -48.81953139999996, -27.692648499999954 ], [ -48.819647699999955, -27.692613599999952 ], [ -48.819736699999964, -27.692573799999927 ], [ -48.819780099999946, -27.692542699999926 ], [ -48.819941499999977, -27.692379499999952 ], [ -48.820073499999978, -27.692247 ], [ -48.820205699999974, -27.692145599999954 ], [ -48.820288599999969, -27.692101799999936 ], [ -48.820366899999954, -27.692025799999957 ], [ -48.820455599999946, -27.691918699999974 ], [ -48.820487499999956, -27.691880399999945 ], [ -48.820548499999973, -27.691839499999965 ], [ -48.820763799999952, -27.691741899999954 ], [ -48.820848399999932, -27.691704499999947 ], [ -48.820918399999982, -27.691697 ], [ -48.820986199999943, -27.69169919999996 ], [ -48.82104389999995, -27.691719199999966 ], [ -48.821130799999935, -27.691767399999929 ], [ -48.821172899999972, -27.691813799999974 ], [ -48.821192499999945, -27.691838699999952 ], [ -48.821211099999978, -27.691875299999939 ], [ -48.821213699999937, -27.691922699999957 ], [ -48.821215299999942, -27.692016599999924 ], [ -48.821202099999937, -27.692162299999943 ], [ -48.821197599999941, -27.69225549999992 ], [ -48.821208799999965, -27.69231839999998 ], [ -48.821266199999968, -27.692384599999958 ], [ -48.821331099999959, -27.692426199999936 ], [ -48.821388399999925, -27.692435099999962 ], [ -48.821472699999951, -27.692437699999971 ], [ -48.821530399999979, -27.69242179999998 ], [ -48.821621599999951, -27.69237649999997 ], [ -48.821704399999923, -27.692300599999946 ], [ -48.821761, -27.692238299999932 ], [ -48.821822399999974, -27.692134399999919 ], [ -48.821850499999982, -27.692052799999939 ], [ -48.821893199999977, -27.691912399999982 ], [ -48.821919899999955, -27.69186349999995 ], [ -48.822046799999953, -27.691727199999935 ], [ -48.822130199999947, -27.691622799999944 ], [ -48.822134499999947, -27.691616099999987 ], [ -48.822268099999974, -27.691412499999956 ], [ -48.822288199999953, -27.691376 ], [ -48.822307099999932, -27.691355199999972 ], [ -48.822331099999985, -27.691339899999949 ], [ -48.822347099999945, -27.691333899999957 ], [ -48.822403299999955, -27.691334799999943 ], [ -48.82245329999995, -27.691343399999926 ], [ -48.822726499999931, -27.69143309999998 ], [ -48.822779299999972, -27.691466299999945 ], [ -48.822798599999949, -27.691492599999947 ], [ -48.8228084, -27.691525499999948 ], [ -48.822817899999961, -27.69157169999994 ], [ -48.822839299999941, -27.691610799999985 ], [ -48.822894499999961, -27.691635399999953 ], [ -48.822992599999964, -27.691635 ], [ -48.823079599999964, -27.691630399999951 ], [ -48.823250099999939, -27.691569699999945 ], [ -48.823524499999962, -27.691408499999962 ], [ -48.823591199999953, -27.691360399999944 ], [ -48.823680699999962, -27.691319899999936 ], [ -48.823751099999988, -27.691304099999975 ], [ -48.823843299999965, -27.691297499999948 ], [ -48.823937, -27.691299 ], [ -48.82406419999996, -27.691323899999926 ], [ -48.824140199999931, -27.691355199999972 ], [ -48.824228599999969, -27.691393499999947 ], [ -48.824336499999959, -27.691466799999937 ], [ -48.824557299999981, -27.691701499999969 ], [ -48.82464159999995, -27.691799299999957 ], [ -48.82466409999995, -27.691825 ], [ -48.824694199999954, -27.691846899999973 ], [ -48.824740799999979, -27.691849 ], [ -48.82477629999994, -27.691843799999962 ], [ -48.824853, -27.691779699999987 ], [ -48.824896599999938, -27.691735799999943 ], [ -48.824956, -27.69169259999995 ], [ -48.825028599999946, -27.691673199999958 ], [ -48.825105399999984, -27.691673499999979 ], [ -48.825167699999959, -27.691681899999935 ], [ -48.825208099999948, -27.691702699999958 ], [ -48.825254499999971, -27.69174419999996 ], [ -48.825283499999955, -27.691792799999966 ], [ -48.82532439999995, -27.691913299999953 ], [ -48.825361599999958, -27.692051899999971 ], [ -48.825373799999966, -27.6920818 ], [ -48.825383299999935, -27.69209809999996 ], [ -48.825414499999965, -27.692136199999929 ], [ -48.825451299999941, -27.692157 ], [ -48.824420699999962, -27.687570299999944 ], [ -48.824024299999962, -27.686640399999931 ], [ -48.819939199999972, -27.682631499999957 ], [ -48.816982099999962, -27.683713799999971 ], [ -48.815198599999981, -27.685421 ], [ -48.814990299999977, -27.693074399999954 ], [ -48.815067699999986, -27.693084799999955 ], [ -48.815098, -27.693099299999968 ], [ -48.815120799999939, -27.69313689999996 ], [ -48.815189399999944, -27.693253899999938 ], [ -48.815228799999936, -27.693289499999938 ], [ -48.815290299999958, -27.693313 ], [ -48.815365399999962, -27.69331579999994 ] ] ] ] } }
]
}
