{
"type": "FeatureCollection",
"name": "5200308",
"crs": { "type": "name", "properties": { "name": "urn:ogc:def:crs:OGC:1.3:CRS84" } },
"features": [
{ "type": "Feature", "properties": { "CD_MUN": "5200308", "NM_MUN": "Alexânia" }, "geometry": { "type": "MultiPolygon", "coordinates": [ [ [ [ -48.459748799999943, -16.187911599999943 ], [ -48.452407299999955, -16.189970799999973 ], [ -48.451946799999966, -16.189982 ], [ -48.451583599999935, -16.191809699999951 ], [ -48.452629299999955, -16.193644699999943 ], [ -48.454726199999982, -16.195327299999985 ], [ -48.455041499999936, -16.203193 ], [ -48.455243899999971, -16.203180899999946 ], [ -48.455607699999973, -16.203405599999943 ], [ -48.456023499999958, -16.20378009999995 ], [ -48.456387399999983, -16.203979799999949 ], [ -48.456777299999942, -16.204029799999944 ], [ -48.457245199999932, -16.203955 ], [ -48.457687299999975, -16.20368059999992 ], [ -48.458311399999964, -16.203131499999927 ], [ -48.458753399999978, -16.202906899999959 ], [ -48.459351299999987, -16.202807199999945 ], [ -48.460034199999946, -16.202578699999947 ], [ -48.460554099999975, -16.202129599999974 ], [ -48.460918099999965, -16.20150569999992 ], [ -48.461334099999931, -16.200757099999976 ], [ -48.46174039999994, -16.200404299999942 ], [ -48.461724499999953, -16.200118099999937 ], [ -48.461121599999956, -16.195814299999938 ], [ -48.461436899999967, -16.195257799999979 ], [ -48.461631699999934, -16.194552799999951 ], [ -48.461562499999957, -16.193614399999952 ], [ -48.461724499999953, -16.190685 ], [ -48.461715199999958, -16.18933079999994 ], [ -48.46008269999993, -16.188022899999964 ], [ -48.459748799999943, -16.187911599999943 ] ] ], [ [ [ -48.488933599999939, -16.19864449999994 ], [ -48.488777499999969, -16.199118699999932 ], [ -48.488855499999943, -16.199518099999977 ], [ -48.489167399999985, -16.19969279999998 ], [ -48.489687199999935, -16.199742799999974 ], [ -48.490337099999977, -16.199593099999969 ], [ -48.491195, -16.199193799999922 ], [ -48.492156899999941, -16.198594799999967 ], [ -48.493094799999938, -16.198021099999959 ], [ -48.493926499999986, -16.197796599999947 ], [ -48.494654199999957, -16.197646899999935 ], [ -48.495044, -16.197721799999943 ], [ -48.495433899999973, -16.197946499999937 ], [ -48.496057599999972, -16.198046299999934 ], [ -48.496811299999941, -16.198046399999942 ], [ -48.497617, -16.197771899999967 ], [ -48.498058899999926, -16.197422499999956 ], [ -48.498422799999965, -16.196998199999943 ], [ -48.498942599999964, -16.196873499999981 ], [ -48.499358399999949, -16.196873499999977 ], [ -48.499826299999938, -16.19704819999993 ], [ -48.500502, -16.197048199999912 ], [ -48.501125799999954, -16.196773699999934 ], [ -48.501749599999982, -16.196299499999942 ], [ -48.502217499999972, -16.195850199999949 ], [ -48.50258139999994, -16.195326099999928 ], [ -48.50325719999995, -16.195001599999944 ], [ -48.503907, -16.194826899999956 ], [ -48.504556799999932, -16.194777 ], [ -48.504946699999948, -16.195001599999959 ], [ -48.505388499999974, -16.195426 ], [ -48.505734299999979, -16.195625799999966 ], [ -48.506176099999948, -16.195551 ], [ -48.506747899999937, -16.195251499999934 ], [ -48.507189799999935, -16.195126699999935 ], [ -48.507709599999949, -16.195151599999978 ], [ -48.50846329999996, -16.195276399999944 ], [ -48.509061, -16.195775599999934 ], [ -48.509372899999967, -16.196299699999944 ], [ -48.509788699999945, -16.196699099999925 ], [ -48.510464499999955, -16.196923699999957 ], [ -48.5113482, -16.197098399999948 ], [ -48.51215389999993, -16.197123299999923 ], [ -48.51293359999994, -16.197223199999936 ], [ -48.5139473, -16.197323 ], [ -48.514415199999981, -16.197572499999975 ], [ -48.515013, -16.197897 ], [ -48.515532899999982, -16.198196499999927 ], [ -48.51607869999998, -16.198196399999976 ], [ -48.516910499999938, -16.198021699999966 ], [ -48.51763829999993, -16.197797 ], [ -48.5180802, -16.197572399999949 ], [ -48.518326099999967, -16.197346499999966 ], [ -48.518385399999943, -16.197061699999956 ], [ -48.518247, -16.196663099999959 ], [ -48.517910899999947, -16.196207499999947 ], [ -48.51745619999997, -16.195695 ], [ -48.516988499999968, -16.194951599999971 ], [ -48.516598699999975, -16.194128 ], [ -48.516260799999941, -16.193304299999973 ], [ -48.51623479999995, -16.192805099999923 ], [ -48.516286799999932, -16.192280899999947 ], [ -48.516572499999938, -16.191877299999931 ], [ -48.517196399999932, -16.191253199999952 ], [ -48.517501399999958, -16.190883499999931 ], [ -48.5175857, -16.190397699999941 ], [ -48.517473299999949, -16.189803899999959 ], [ -48.517051599999945, -16.1891831 ], [ -48.516658199999945, -16.188589299999933 ], [ -48.516545699999938, -16.188130499999943 ], [ -48.51682679999994, -16.187914599999953 ], [ -48.517248399999971, -16.187914499999984 ], [ -48.51761369999997, -16.188022499999935 ], [ -48.518316399999946, -16.188022499999938 ], [ -48.51907529999994, -16.188076399999947 ], [ -48.519553099999939, -16.187995399999966 ], [ -48.520002799999986, -16.187725499999942 ], [ -48.52025569999995, -16.187212599999945 ], [ -48.520424399999975, -16.186672799999926 ], [ -48.520677299999932, -16.186213899999935 ], [ -48.521042699999953, -16.185971 ], [ -48.52154859999996, -16.185944 ], [ -48.522167, -16.185970899999962 ], [ -48.522729199999958, -16.185943899999938 ], [ -48.523263199999981, -16.185646899999938 ], [ -48.523544299999969, -16.185188 ], [ -48.523797299999963, -16.184675199999948 ], [ -48.523937799999949, -16.183919399999979 ], [ -48.524162699999977, -16.18319049999997 ], [ -48.524443699999949, -16.182704599999973 ], [ -48.524697499999945, -16.182341299999973 ], [ -48.524725599999954, -16.181963499999945 ], [ -48.524472599999967, -16.181639599999922 ], [ -48.524219599999981, -16.181234799999963 ], [ -48.524332, -16.180991799999955 ], [ -48.524725499999924, -16.180910799999946 ], [ -48.525203299999923, -16.180937799999981 ], [ -48.525905899999948, -16.18088379999994 ], [ -48.526524199999983, -16.180964699999958 ], [ -48.527030099999934, -16.181045599999944 ], [ -48.527536, -16.181207499999971 ], [ -48.527845199999945, -16.181612299999923 ], [ -48.528041899999941, -16.18190919999995 ], [ -48.528463499999923, -16.182044099999938 ], [ -48.529278599999941, -16.182044099999924 ], [ -48.530037399999962, -16.181936 ], [ -48.530796299999963, -16.18172 ], [ -48.531217899999952, -16.181477 ], [ -48.531723799999945, -16.181045099999945 ], [ -48.532201499999985, -16.180343299999947 ], [ -48.532651199999975, -16.179371499999942 ], [ -48.532791699999962, -16.178669699999951 ], [ -48.532875899999965, -16.17799489999992 ], [ -48.533157, -16.177104099999962 ], [ -48.533381799999972, -16.176591199999969 ], [ -48.533747199999937, -16.175997299999946 ], [ -48.533972, -16.175430399999971 ], [ -48.534000099999957, -16.175052499999932 ], [ -48.53383139999994, -16.174701699999961 ], [ -48.533409799999959, -16.174242799999938 ], [ -48.533143199999984, -16.173864599999948 ], [ -48.533199399999951, -16.173432799999944 ], [ -48.533564699999943, -16.173189799999928 ], [ -48.534182899999962, -16.173189799999925 ], [ -48.534773099999946, -16.173216699999969 ], [ -48.53556, -16.17318959999994 ], [ -48.536150099999986, -16.173027599999955 ], [ -48.536740299999963, -16.172784599999954 ], [ -48.537414699999943, -16.17273049999994 ], [ -48.538089199999952, -16.172730399999974 ], [ -48.538932299999949, -16.17283829999996 ], [ -48.540000299999974, -16.173027 ], [ -48.540731, -16.173026899999968 ], [ -48.5411807, -16.172783899999956 ], [ -48.541433599999948, -16.172541 ], [ -48.541770799999945, -16.17181219999997 ], [ -48.541770699999979, -16.171164399999956 ], [ -48.542079699999931, -16.170354499999963 ], [ -48.542445, -16.169490699999919 ], [ -48.542979, -16.168977799999944 ], [ -48.543681599999964, -16.16886969999997 ], [ -48.544749599999932, -16.168842399999956 ], [ -48.545649, -16.168869199999964 ], [ -48.546436099999937, -16.169139 ], [ -48.547054499999945, -16.169381799999929 ], [ -48.5473636, -16.169327699999936 ], [ -48.547476, -16.168949799999947 ], [ -48.547447899999952, -16.168544899999976 ], [ -48.547223, -16.168005099999966 ], [ -48.546803799999964, -16.167339 ], [ -48.546745599999959, -16.166920599999962 ], [ -48.54677879999997, -16.166863199999966 ], [ -48.546219199999939, -16.166598699999941 ], [ -48.545997799999952, -16.16558839999994 ], [ -48.54612689999994, -16.16472 ], [ -48.54580859999993, -16.164059799999968 ], [ -48.545794799999953, -16.163802799999925 ], [ -48.545725599999976, -16.163528099999954 ], [ -48.545628699999952, -16.16316919999996 ], [ -48.545421099999942, -16.163018499999964 ], [ -48.545273499999951, -16.162859 ], [ -48.545236599999953, -16.162690599999966 ], [ -48.544941299999948, -16.162473499999987 ], [ -48.544816699999956, -16.162331699999964 ], [ -48.544752199999955, -16.162247499999971 ], [ -48.544445399999972, -16.161908499999971 ], [ -48.54413169999998, -16.161531899999957 ], [ -48.543642699999964, -16.160641299999938 ], [ -48.543107499999962, -16.15995 ], [ -48.542535499999985, -16.159666499999958 ], [ -48.542028, -16.159400599999973 ], [ -48.541659, -16.159099299999983 ], [ -48.541317599999964, -16.159055 ], [ -48.540431799999965, -16.158975199999944 ], [ -48.540025799999967, -16.159046099999951 ], [ -48.539555299999961, -16.159001799999942 ], [ -48.539075499999967, -16.158966399999944 ], [ -48.538738699999953, -16.158711599999943 ], [ -48.538563399999937, -16.158162099999984 ], [ -48.538332799999978, -16.157719 ], [ -48.538222, -16.15728479999996 ], [ -48.538148199999966, -16.156868299999935 ], [ -48.537931399999934, -16.155807 ], [ -48.53759, -16.15586019999995 ], [ -48.53727169999997, -16.155926599999937 ], [ -48.537087199999974, -16.155939899999957 ], [ -48.536773499999974, -16.156033 ], [ -48.536450499999944, -16.156055099999957 ], [ -48.536279899999961, -16.156072899999963 ], [ -48.535943099999947, -16.156081699999966 ], [ -48.535504799999956, -16.156170399999951 ], [ -48.535094199999953, -16.156188099999959 ], [ -48.534074699999962, -16.155660799999954 ], [ -48.533811699999937, -16.155581 ], [ -48.533382699999954, -16.155674099999938 ], [ -48.532872899999973, -16.155808099999948 ], [ -48.532554599999969, -16.155790399999951 ], [ -48.531562799999961, -16.155480199999943 ], [ -48.531322899999957, -16.155493499999974 ], [ -48.5311799, -16.155639699999934 ], [ -48.53100459999996, -16.155843599999958 ], [ -48.530294099999935, -16.156003099999957 ], [ -48.530160299999977, -16.156082799999979 ], [ -48.529496, -16.156783 ], [ -48.529242299999972, -16.156973499999921 ], [ -48.528684099999957, -16.157305799999964 ], [ -48.528019799999981, -16.157879599999941 ], [ -48.527526099999932, -16.158367099999975 ], [ -48.527004799999986, -16.158810199999948 ], [ -48.526778799999931, -16.159062699999929 ], [ -48.526635799999951, -16.159368499999953 ], [ -48.526220599999938, -16.160394299999954 ], [ -48.525939199999982, -16.160669 ], [ -48.525228699999957, -16.161222899999938 ], [ -48.524370599999934, -16.161973899999964 ], [ -48.523955399999977, -16.162563199999973 ], [ -48.523602499999981, -16.163040699999954 ], [ -48.523205799999971, -16.163448299999974 ], [ -48.522910499999966, -16.164334499999921 ], [ -48.522788299999945, -16.166682899999966 ], [ -48.522776699999952, -16.166869 ], [ -48.522559899999976, -16.167287699999981 ], [ -48.522327, -16.167502599999967 ], [ -48.521912899999961, -16.167742899999947 ], [ -48.52165, -16.167840399999925 ], [ -48.521474599999976, -16.167937899999963 ], [ -48.521225499999957, -16.168062 ], [ -48.521045599999979, -16.168166099999958 ], [ -48.520748099999935, -16.168276899999956 ], [ -48.52042739999996, -16.168343299999943 ], [ -48.519857699999932, -16.168320599999973 ], [ -48.519555499999967, -16.168353799999981 ], [ -48.519306399999955, -16.16842029999998 ], [ -48.519075699999966, -16.168566499999951 ], [ -48.518566, -16.16882129999993 ], [ -48.518321499999956, -16.169015099999974 ], [ -48.518030799999963, -16.169400599999957 ], [ -48.517904, -16.169750699999955 ], [ -48.517746, -16.170013199999968 ], [ -48.51725689999995, -16.1706867 ], [ -48.51649459999993, -16.171730699999951 ], [ -48.516319299999964, -16.171965499999935 ], [ -48.516065599999934, -16.172142699999942 ], [ -48.515510799999966, -16.172852199999969 ], [ -48.515003299999933, -16.173381699999936 ], [ -48.514864899999964, -16.173538899999937 ], [ -48.514414, -16.173867899999948 ], [ -48.514257099999959, -16.173898899999919 ], [ -48.514154499999961, -16.174000299999918 ], [ -48.514071499999943, -16.174213 ], [ -48.51387079999995, -16.174576299999941 ], [ -48.513773899999926, -16.174713599999958 ], [ -48.51350629999996, -16.175032599999959 ], [ -48.513427899999954, -16.175266399999934 ], [ -48.513224899999955, -16.175616399999971 ], [ -48.513021899999956, -16.175840099999959 ], [ -48.512764699999934, -16.176104899999928 ], [ -48.512601, -16.176149199999941 ], [ -48.512379499999952, -16.176186799999968 ], [ -48.512188099999946, -16.17619349999995 ], [ -48.511685199999931, -16.176020699999977 ], [ -48.511237699999974, -16.175808 ], [ -48.510951699999964, -16.175821299999928 ], [ -48.510564199999983, -16.17598519999996 ], [ -48.51021819999994, -16.176388399999961 ], [ -48.510107499999947, -16.17654349999998 ], [ -48.50982149999993, -16.176729599999931 ], [ -48.50930939999995, -16.176999899999945 ], [ -48.509041799999984, -16.177137199999947 ], [ -48.508571299999979, -16.177571399999977 ], [ -48.508156099999951, -16.178005599999963 ], [ -48.507261099999937, -16.178916099999974 ], [ -48.506730599999969, -16.179438899999973 ], [ -48.506158499999977, -16.179895299999938 ], [ -48.505955499999978, -16.180090199999935 ], [ -48.50554029999995, -16.180276299999949 ], [ -48.505185099999949, -16.180564299999972 ], [ -48.503593499999965, -16.181873499999934 ], [ -48.502820099999951, -16.182519699999951 ], [ -48.502126499999981, -16.182072899999977 ], [ -48.501434499999959, -16.181700699999965 ], [ -48.500788599999957, -16.18085 ], [ -48.500391, -16.180452599999956 ], [ -48.500413599999945, -16.18042579999997 ], [ -48.499127899999962, -16.180167699999959 ], [ -48.496175299999948, -16.178129699999932 ], [ -48.495068199999935, -16.175754799999943 ], [ -48.492872199999958, -16.176180199999969 ], [ -48.492318599999976, -16.175240899999952 ], [ -48.491617399999939, -16.175435799999953 ], [ -48.491968, -16.176446 ], [ -48.491156099999955, -16.177917 ], [ -48.491193, -16.178661299999938 ], [ -48.490141199999989, -16.179476599999926 ], [ -48.489550699999938, -16.182117199999951 ], [ -48.490196499999968, -16.183003299999935 ], [ -48.495459699999977, -16.185486499999968 ], [ -48.494296299999981, -16.186774399999923 ], [ -48.492966, -16.188202799999946 ], [ -48.491469299999949, -16.189921599999931 ], [ -48.490756799999986, -16.191337799999921 ], [ -48.48988, -16.192420299999988 ], [ -48.489692299999952, -16.192845499999972 ], [ -48.489319, -16.193691399999981 ], [ -48.48928, -16.19438729999996 ], [ -48.489228099999934, -16.195311799999967 ], [ -48.489227299999989, -16.19532949999995 ], [ -48.489179899999954, -16.195771299999933 ], [ -48.48958389999995, -16.195674299999954 ], [ -48.489999699999942, -16.195849099999975 ], [ -48.490259599999952, -16.196223499999963 ], [ -48.490363499999951, -16.196997299999968 ], [ -48.490207399999981, -16.197521399999978 ], [ -48.489765499999976, -16.198045499999974 ], [ -48.489245499999981, -16.198320099999926 ], [ -48.488933599999939, -16.19864449999994 ] ] ], [ [ [ -48.58811859999998, -16.140246 ], [ -48.587458599999934, -16.139950399999968 ], [ -48.586349899999959, -16.139323 ], [ -48.585370099999977, -16.142092099999964 ], [ -48.584766799999954, -16.143252299999968 ], [ -48.584586299999962, -16.14351529999993 ], [ -48.584364599999951, -16.144371299999932 ], [ -48.584349099999947, -16.144577599999923 ], [ -48.583967499999979, -16.145119 ], [ -48.583838599999979, -16.145413 ], [ -48.583838599999979, -16.145768799999939 ], [ -48.583946899999944, -16.146155499999967 ], [ -48.58410159999994, -16.146459699999976 ], [ -48.584246, -16.14723319999997 ], [ -48.584488399999948, -16.148151099999957 ], [ -48.584498699999983, -16.148584299999971 ], [ -48.584442, -16.148945199999961 ], [ -48.584271799999954, -16.149270099999971 ], [ -48.586977699999977, -16.15124829999997 ], [ -48.587143399999945, -16.151054899999966 ], [ -48.587636799999984, -16.150383099999939 ], [ -48.588356199999964, -16.149434599999953 ], [ -48.588849599999946, -16.14886149999996 ], [ -48.589219799999967, -16.148723099999934 ], [ -48.589507699999963, -16.148802 ], [ -48.589754599999928, -16.149157499999934 ], [ -48.589734199999953, -16.149473499999939 ], [ -48.589631499999946, -16.149908199999963 ], [ -48.589652299999955, -16.15042179999994 ], [ -48.589652499999943, -16.150915699999917 ], [ -48.58992, -16.151290899999925 ], [ -48.590228499999974, -16.151547599999962 ], [ -48.590866099999971, -16.151547299999951 ], [ -48.591380199999946, -16.151448399999946 ], [ -48.5921, -16.151112199999936 ], [ -48.592840199999955, -16.15059829999996 ], [ -48.593171699999971, -16.150134799999929 ], [ -48.593194599999947, -16.150086799999936 ], [ -48.59185889999997, -16.147032099999933 ], [ -48.591728299999943, -16.146241399999944 ], [ -48.591700799999956, -16.144907599999957 ], [ -48.591687, -16.144680699999981 ], [ -48.591234499999985, -16.143507599999968 ], [ -48.590449399999954, -16.141999299999956 ], [ -48.59016749999995, -16.14179989999997 ], [ -48.589837499999938, -16.141277299999956 ], [ -48.58860679999998, -16.140356 ], [ -48.588393599999961, -16.140266599999954 ], [ -48.58811859999998, -16.140246 ] ] ], [ [ [ -48.590176499999984, -16.119762 ], [ -48.590156699999966, -16.119777599999949 ], [ -48.590106299999945, -16.119817399999921 ], [ -48.590131699999979, -16.11987769999995 ], [ -48.590353299999954, -16.120405899999966 ], [ -48.590469299999938, -16.120675899999981 ], [ -48.590607199999965, -16.121001 ], [ -48.590884099999982, -16.121423399999962 ], [ -48.591467499999972, -16.122313399999936 ], [ -48.59252, -16.123817499999959 ], [ -48.593529499999931, -16.125287399999937 ], [ -48.593721399999936, -16.125561699999935 ], [ -48.594372899999946, -16.12647659999994 ], [ -48.594662899999946, -16.126923699999949 ], [ -48.595138, -16.127656 ], [ -48.595335899999959, -16.127975799999938 ], [ -48.595787099999946, -16.128704499999955 ], [ -48.595874099999939, -16.128852799999962 ], [ -48.595961399999965, -16.129001799999962 ], [ -48.595979599999957, -16.129027199999946 ], [ -48.596043499999951, -16.129116099999983 ], [ -48.596127899999949, -16.129233799999938 ], [ -48.596204399999984, -16.129340399999933 ], [ -48.596447499999961, -16.129679099999979 ], [ -48.596955599999951, -16.13038709999995 ], [ -48.597257499999955, -16.130978899999945 ], [ -48.59745909999998, -16.131470399999959 ], [ -48.597633199999962, -16.132143899999953 ], [ -48.597820899999931, -16.132817399999961 ], [ -48.598023199999943, -16.133539399999961 ], [ -48.598360099999979, -16.134672799999965 ], [ -48.598606399999937, -16.135511599999983 ], [ -48.598700299999962, -16.135870399999945 ], [ -48.598786299999972, -16.136317399999928 ], [ -48.598842299999951, -16.136808499999969 ], [ -48.598866499999986, -16.137196499999956 ], [ -48.598785399999947, -16.139294 ], [ -48.598731099999952, -16.140543099999938 ], [ -48.598758499999981, -16.141227599999986 ], [ -48.598834399999937, -16.141662699999934 ], [ -48.598977399999967, -16.142209799999929 ], [ -48.599184299999934, -16.14272869999996 ], [ -48.599481299999979, -16.143256399999931 ], [ -48.599879599999952, -16.143799399999981 ], [ -48.600163899999984, -16.144105399999937 ], [ -48.600489799999941, -16.144404299999962 ], [ -48.600595799999958, -16.144288699999947 ], [ -48.600537399999943, -16.144113599999955 ], [ -48.600516, -16.144022899999985 ], [ -48.600573099999963, -16.143940799999932 ], [ -48.600688899999966, -16.143889399999971 ], [ -48.600934799999955, -16.143872299999945 ], [ -48.6025001, -16.143775599999966 ], [ -48.602473699999969, -16.143758899999966 ], [ -48.601671199999949, -16.14324809999993 ], [ -48.601106699999946, -16.142686299999973 ], [ -48.600832, -16.141714099999945 ], [ -48.600821899999978, -16.140766399999958 ], [ -48.600781199999965, -16.139818699999985 ], [ -48.600415, -16.139452299999956 ], [ -48.600333599999942, -16.139027299999949 ], [ -48.60050149999995, -16.138538699999973 ], [ -48.600305699999971, -16.138289599999958 ], [ -48.600291699999957, -16.138155299999941 ], [ -48.600206499999956, -16.137929299999946 ], [ -48.59978179999996, -16.137258799999913 ], [ -48.599460199999953, -16.136888099999961 ], [ -48.599394099999984, -16.136789799999963 ], [ -48.599279599999939, -16.135991099999941 ], [ -48.599127, -16.135413599999943 ], [ -48.599031499999967, -16.13504189999998 ], [ -48.599009799999976, -16.134957699999969 ], [ -48.598948699999937, -16.134719899999951 ], [ -48.599127, -16.134668199999965 ], [ -48.599319, -16.134598599999933 ], [ -48.5992356, -16.134100599999957 ], [ -48.599077399999942, -16.133619099999986 ], [ -48.598813199999945, -16.132786699999929 ], [ -48.598862099999963, -16.132483599999944 ], [ -48.599174499999947, -16.132419599999942 ], [ -48.59906239999998, -16.132027199999975 ], [ -48.59905429999997, -16.132002899999978 ], [ -48.598606099999984, -16.130580399999936 ], [ -48.598195599999933, -16.129963399999966 ], [ -48.598271599999975, -16.129765399999933 ], [ -48.598415799999934, -16.12953669999996 ], [ -48.598223, -16.129302299999928 ], [ -48.5975572, -16.128373199999945 ], [ -48.597263899999973, -16.128121899999936 ], [ -48.59721259999997, -16.128078 ], [ -48.59660649999995, -16.127558599999933 ], [ -48.596200799999963, -16.127433799999938 ], [ -48.5954407, -16.12630519999993 ], [ -48.593865899999969, -16.124199499999982 ], [ -48.593173199999967, -16.123342099999949 ], [ -48.593135199999949, -16.123292699999983 ], [ -48.593108199999968, -16.123252599999947 ], [ -48.591451199999938, -16.12079819999996 ], [ -48.590970699999964, -16.120568 ], [ -48.590693199999976, -16.119921199999968 ], [ -48.590667599999968, -16.119393 ], [ -48.590397199999984, -16.119596099999967 ], [ -48.59032509999998, -16.119650299999929 ], [ -48.590255299999967, -16.11970279999996 ], [ -48.590246299999933, -16.119709499999935 ], [ -48.590176499999984, -16.119762 ] ] ], [ [ [ -48.518093, -16.093378899999937 ], [ -48.518609399999946, -16.092875799999938 ], [ -48.518642, -16.092846299999959 ], [ -48.519068899999979, -16.092481199999963 ], [ -48.519312099999979, -16.092326599999978 ], [ -48.517325, -16.090863 ], [ -48.518090299999983, -16.089966499999953 ], [ -48.520200399999965, -16.088845799999937 ], [ -48.520438699999943, -16.086717199999949 ], [ -48.51926119999996, -16.087172299999953 ], [ -48.51835049999994, -16.087279099999932 ], [ -48.518243899999959, -16.087291599999954 ], [ -48.517556099999972, -16.087508 ], [ -48.517327699999953, -16.087575099999988 ], [ -48.517212, -16.087609099999955 ], [ -48.516255699999931, -16.087881699999961 ], [ -48.515029299999981, -16.088244199999966 ], [ -48.514721499999951, -16.088389799999966 ], [ -48.514701299999956, -16.088345699999934 ], [ -48.51430339999996, -16.087475799999943 ], [ -48.514093799999955, -16.087673199999937 ], [ -48.513741299999936, -16.087466099999968 ], [ -48.513407599999937, -16.087832399999968 ], [ -48.512885499999982, -16.087346 ], [ -48.513009, -16.087297399999958 ], [ -48.513119699999947, -16.087235599999932 ], [ -48.513239, -16.087160099999949 ], [ -48.513332799999944, -16.087009199999947 ], [ -48.513345899999933, -16.086914399999948 ], [ -48.513379599999951, -16.08687439999995 ], [ -48.513467499999933, -16.086847 ], [ -48.513574099999971, -16.086839499999947 ], [ -48.51366029999997, -16.086807099999948 ], [ -48.513708899999983, -16.086754699999975 ], [ -48.513795, -16.0866 ], [ -48.513815, -16.086443299999939 ], [ -48.513850699999971, -16.086250499999945 ], [ -48.513786899999964, -16.085988799999932 ], [ -48.513784799999947, -16.085870799999952 ], [ -48.513925899999947, -16.08568119999995 ], [ -48.513910299999971, -16.085453199999961 ], [ -48.513678399999947, -16.085209799999969 ], [ -48.513652399999955, -16.085107899999969 ], [ -48.513430299999982, -16.084958599999936 ], [ -48.513406499999981, -16.084695099999966 ], [ -48.513391899999938, -16.084612399999966 ], [ -48.513397599999962, -16.084379199999951 ], [ -48.51450049999994, -16.084321899999949 ], [ -48.515171699999946, -16.083684599999959 ], [ -48.515389199999959, -16.083920699999965 ], [ -48.517331, -16.08241019999997 ], [ -48.517066299999961, -16.08214559999994 ], [ -48.516789199999955, -16.082062199999939 ], [ -48.51750629999998, -16.081478 ], [ -48.51808779999994, -16.081005 ], [ -48.518297799999971, -16.080132099999947 ], [ -48.517676, -16.080391799999955 ], [ -48.517640399999955, -16.080063099999975 ], [ -48.517593599999948, -16.079481 ], [ -48.517523099999956, -16.07878369999996 ], [ -48.517560399999986, -16.078749399999928 ], [ -48.517622, -16.078689599999965 ], [ -48.519008299999946, -16.077997799999949 ], [ -48.519786299999964, -16.077605699999928 ], [ -48.521059399999949, -16.075007299999989 ], [ -48.521081799999926, -16.074964399999946 ], [ -48.521275399999979, -16.074939 ], [ -48.522038799999969, -16.074875499999951 ], [ -48.523567899999939, -16.074747699999921 ], [ -48.524619599999937, -16.072205899999975 ], [ -48.522223899999972, -16.072843199999966 ], [ -48.522049899999949, -16.071574699999918 ], [ -48.521852, -16.07015359999998 ], [ -48.522473699999978, -16.068590299999972 ], [ -48.523550099999966, -16.066034 ], [ -48.523883499999954, -16.066188099999977 ], [ -48.526037299999984, -16.067220799999966 ], [ -48.526368199999986, -16.066368 ], [ -48.526632899999981, -16.065756299999986 ], [ -48.526882599999965, -16.065119 ], [ -48.527142799999986, -16.064499899999937 ], [ -48.533587799999964, -16.06683639999995 ], [ -48.532592099999931, -16.069413699999924 ], [ -48.532335199999977, -16.070046799999943 ], [ -48.532069399999955, -16.07066989999992 ], [ -48.531877599999973, -16.071186499999953 ], [ -48.531846799999983, -16.071269699999963 ], [ -48.533369899999968, -16.071316699999958 ], [ -48.53689449999996, -16.071428299999976 ], [ -48.538313199999948, -16.071462899999965 ], [ -48.538502899999976, -16.071467499999923 ], [ -48.538028799999957, -16.07064959999996 ], [ -48.537533199999984, -16.069734799999924 ], [ -48.537067399999948, -16.068852899999953 ], [ -48.536617199999959, -16.067943099999983 ], [ -48.536309699999947, -16.067364499999943 ], [ -48.536361299999953, -16.067338699999947 ], [ -48.536698399999977, -16.067091 ], [ -48.537002899999948, -16.066880899999948 ], [ -48.537257799999963, -16.066624199999982 ], [ -48.53732789999998, -16.066537399999959 ], [ -48.537592, -16.06625519999994 ], [ -48.537566699999964, -16.065332699999928 ], [ -48.537577599999963, -16.064761 ], [ -48.53779829999997, -16.063748 ], [ -48.537953199999947, -16.063071899999944 ], [ -48.538322899999969, -16.062706099999954 ], [ -48.538945099999971, -16.062159699999938 ], [ -48.539607199999978, -16.061566399999943 ], [ -48.540732399999968, -16.060600399999931 ], [ -48.539448, -16.059457099999982 ], [ -48.538109399999939, -16.059073599999955 ], [ -48.537574, -16.058892699999944 ], [ -48.536976499999987, -16.058632 ], [ -48.535655, -16.05976069999997 ], [ -48.533603299999982, -16.060006599999948 ], [ -48.532914099999964, -16.059862399999933 ], [ -48.530471899999959, -16.058646699999944 ], [ -48.52993649999997, -16.057749499999943 ], [ -48.528260799999941, -16.057675799999966 ], [ -48.528173799999934, -16.057386499999943 ], [ -48.528801199999975, -16.055773799999944 ], [ -48.52937339999994, -16.054347799999945 ], [ -48.529410199999973, -16.054253699999951 ], [ -48.529954199999963, -16.052865599999972 ], [ -48.530258299999957, -16.052314 ], [ -48.530891299999951, -16.050708099999948 ], [ -48.531516599999975, -16.050439099999945 ], [ -48.531593, -16.050407199999931 ], [ -48.531503099999952, -16.050253099999971 ], [ -48.531245599999977, -16.050060599999945 ], [ -48.530556699999984, -16.049510799999954 ], [ -48.530488399999975, -16.049456399999926 ], [ -48.530260899999973, -16.049279099999978 ], [ -48.529593299999931, -16.048758899999932 ], [ -48.528191699999979, -16.047647799999936 ], [ -48.528158299999973, -16.047622299999951 ], [ -48.527201499999933, -16.04689309999997 ], [ -48.525577299999952, -16.045657299999959 ], [ -48.521913, -16.042661699999933 ], [ -48.521885199999986, -16.042638799999963 ], [ -48.521850499999978, -16.042667099999953 ], [ -48.520971799999984, -16.044679099999929 ], [ -48.518890399999975, -16.047029799999969 ], [ -48.518877099999941, -16.047050199999951 ], [ -48.518560099999952, -16.046931399999952 ], [ -48.518004299999973, -16.048294599999963 ], [ -48.517399599999976, -16.048073699999964 ], [ -48.517180899999978, -16.048525899999959 ], [ -48.517052899999946, -16.04883709999995 ], [ -48.517014199999949, -16.049116899999948 ], [ -48.517063299999961, -16.049314099999947 ], [ -48.517219099999984, -16.04952929999995 ], [ -48.51743509999995, -16.049641199999943 ], [ -48.517515199999934, -16.049682699999948 ], [ -48.51807279999997, -16.049894199999915 ], [ -48.518742799999984, -16.050148099999941 ], [ -48.519412799999948, -16.050403 ], [ -48.520019399999967, -16.050631399999919 ], [ -48.520678299999986, -16.05088029999995 ], [ -48.521369899999975, -16.051145199999944 ], [ -48.52201679999996, -16.051389799999978 ], [ -48.52238129999995, -16.051527599999925 ], [ -48.522667299999974, -16.051647 ], [ -48.523006599999974, -16.051788699999967 ], [ -48.523270499999967, -16.051954199999958 ], [ -48.523145799999945, -16.052227799999969 ], [ -48.522877899999969, -16.052864799999963 ], [ -48.522461199999952, -16.053848599999974 ], [ -48.522415499999966, -16.054406299999989 ], [ -48.521949899999989, -16.054592199999934 ], [ -48.521934699999974, -16.054569699999941 ], [ -48.521481299999948, -16.054066299999931 ], [ -48.520912699999947, -16.054352 ], [ -48.520325499999963, -16.053818 ], [ -48.51956179999997, -16.054517399999952 ], [ -48.519049099999954, -16.054038899999966 ], [ -48.51671349999998, -16.056230799999977 ], [ -48.516695699999964, -16.056247099999965 ], [ -48.517487499999959, -16.056980199999941 ], [ -48.517469799999958, -16.056992199999968 ], [ -48.5166751, -16.057584499999962 ], [ -48.515702, -16.058432899999943 ], [ -48.515237899999931, -16.059403499999974 ], [ -48.515169, -16.059827 ], [ -48.51521189999994, -16.060249699999918 ], [ -48.515528099999983, -16.060761899999935 ], [ -48.514892499999974, -16.062194499999979 ], [ -48.514398599999936, -16.063408 ], [ -48.515054299999974, -16.063616699999965 ], [ -48.515746599999943, -16.06384919999994 ], [ -48.516373199999975, -16.064053099999974 ], [ -48.516469599999944, -16.064084799999932 ], [ -48.516130499999967, -16.065292799999959 ], [ -48.516744299999978, -16.06564219999996 ], [ -48.517233399999952, -16.066236 ], [ -48.518580799999938, -16.066974599999966 ], [ -48.51646489999996, -16.068741199999984 ], [ -48.516155499999968, -16.06934 ], [ -48.51608559999994, -16.070118499999985 ], [ -48.515626499999939, -16.071221399999963 ], [ -48.51579129999994, -16.071310199999957 ], [ -48.515821, -16.071326199999923 ], [ -48.515739799999949, -16.071502 ], [ -48.513826599999959, -16.070801099999919 ], [ -48.513531199999932, -16.07138139999994 ], [ -48.513372699999934, -16.07176289999995 ], [ -48.513096399999945, -16.072405599999957 ], [ -48.513050899999939, -16.072403899999916 ], [ -48.512535499999963, -16.072384499999952 ], [ -48.510337899999975, -16.073437599999977 ], [ -48.510298099999943, -16.073456699999944 ], [ -48.510039699999943, -16.073279299999967 ], [ -48.509790199999941, -16.07292 ], [ -48.5095616, -16.072692199999949 ], [ -48.509331099999947, -16.072351099999935 ], [ -48.509236299999948, -16.072021799999948 ], [ -48.509116499999948, -16.071832099999941 ], [ -48.508955599999979, -16.071713299999956 ], [ -48.508737199999985, -16.071582599999942 ], [ -48.50860129999996, -16.071415 ], [ -48.508364299999982, -16.070781099999969 ], [ -48.508417799999961, -16.070589499999933 ], [ -48.508107199999984, -16.070240299999963 ], [ -48.507976699999979, -16.069839399999978 ], [ -48.507939399999941, -16.069569099999967 ], [ -48.503688199999949, -16.071331099999952 ], [ -48.503063599999962, -16.071359 ], [ -48.50313239999997, -16.072118699999972 ], [ -48.50313749999998, -16.072174299999961 ], [ -48.502697399999931, -16.07222159999996 ], [ -48.501634, -16.072336 ], [ -48.501126399999976, -16.072456199999976 ], [ -48.500734199999954, -16.072799599999943 ], [ -48.500408299999947, -16.07315489999997 ], [ -48.500161599999956, -16.073044 ], [ -48.500094799999943, -16.073051699999951 ], [ -48.499665499999942, -16.072128199999945 ], [ -48.498267, -16.071275099999983 ], [ -48.497274199999936, -16.071261099999951 ], [ -48.496518699999967, -16.07340389999997 ], [ -48.496505, -16.07344269999993 ], [ -48.492610699999943, -16.071818299999972 ], [ -48.491749199999958, -16.071324699999938 ], [ -48.489854, -16.071026599999978 ], [ -48.487218, -16.068951599999934 ], [ -48.487218399999961, -16.068949799999935 ], [ -48.487297499999961, -16.068451499999988 ], [ -48.487290399999956, -16.068437599999978 ], [ -48.487214699999981, -16.06829 ], [ -48.487185299999972, -16.068309399999976 ], [ -48.487029299999961, -16.068412099999929 ], [ -48.487023499999964, -16.068477599999937 ], [ -48.487007699999943, -16.06865479999993 ], [ -48.487005599999975, -16.068686499999941 ], [ -48.486991099999955, -16.068907399999951 ], [ -48.486733199999946, -16.06899569999997 ], [ -48.486486299999967, -16.069103 ], [ -48.486403099999961, -16.069276199999944 ], [ -48.486479699999968, -16.069444899999947 ], [ -48.486654199999975, -16.069628799999965 ], [ -48.486834, -16.069748299999951 ], [ -48.486926, -16.069917 ], [ -48.486961399999984, -16.070085499999955 ], [ -48.486888899999947, -16.070169399999955 ], [ -48.486682799999983, -16.070183699999987 ], [ -48.486513, -16.070128699999945 ], [ -48.486441399999933, -16.069999699999979 ], [ -48.486382299999946, -16.069875599999925 ], [ -48.486114299999947, -16.06990949999993 ], [ -48.485939099999946, -16.069899 ], [ -48.485815499999944, -16.069898599999913 ], [ -48.485738199999965, -16.069883499999946 ], [ -48.485614199999986, -16.069967399999946 ], [ -48.485562199999947, -16.070081099999975 ], [ -48.485463799999927, -16.070194699999949 ], [ -48.485347399999966, -16.070276299999929 ], [ -48.485203199999944, -16.070261 ], [ -48.485084799999981, -16.070225899999958 ], [ -48.484992099999943, -16.07019089999994 ], [ -48.484940199999983, -16.070270099999963 ], [ -48.485017299999981, -16.070334799999941 ], [ -48.485037299999931, -16.07045879999993 ], [ -48.484825499999943, -16.070582 ], [ -48.484768499999973, -16.070661099999938 ], [ -48.484608199999968, -16.070774599999925 ], [ -48.484525, -16.070947699999969 ], [ -48.484256599999988, -16.07107569999993 ], [ -48.484060299999953, -16.071199 ], [ -48.483766199999934, -16.071287199999968 ], [ -48.48364719999995, -16.071344699999955 ], [ -48.483466199999953, -16.071473 ], [ -48.483259, -16.071700199999956 ], [ -48.483042299999966, -16.0717739 ], [ -48.482836, -16.071812899999937 ], [ -48.482763199999965, -16.071966199999963 ], [ -48.4827471, -16.072114799999955 ], [ -48.482633099999937, -16.072258 ], [ -48.482530099999963, -16.072252799999948 ], [ -48.482453099999923, -16.072193099999929 ], [ -48.482210499999951, -16.072306199999968 ], [ -48.481813399999965, -16.072399099999924 ], [ -48.481628399999977, -16.072363799999955 ], [ -48.481433699999968, -16.072135399999983 ], [ -48.4810629, -16.072094599999954 ], [ -48.48068609999995, -16.072251899999976 ], [ -48.480459199999977, -16.072511499999969 ], [ -48.480375899999956, -16.072714499999947 ], [ -48.480381099999931, -16.072714499999968 ], [ -48.480457099999974, -16.073026899999945 ], [ -48.480558799999983, -16.073384 ], [ -48.480815599999971, -16.073577899999972 ], [ -48.480773499999948, -16.073795699999948 ], [ -48.480602399999952, -16.074077399999968 ], [ -48.480373199999974, -16.074371899999957 ], [ -48.480232799999946, -16.074673699999952 ], [ -48.480025199999943, -16.075034699999946 ], [ -48.479994499999975, -16.075207 ], [ -48.479777299999974, -16.075364899999943 ], [ -48.479473, -16.075433299999926 ], [ -48.479204599999953, -16.075551399999945 ], [ -48.479116099999949, -16.075784 ], [ -48.47880669999995, -16.075842499999965 ], [ -48.478486899999957, -16.075930599999946 ], [ -48.478254399999969, -16.076113199999963 ], [ -48.478115099999968, -16.076157299999974 ], [ -48.478032099999957, -16.076325399999973 ], [ -48.478000499999943, -16.076543199999936 ], [ -48.478147, -16.076771 ], [ -48.478180099999975, -16.076821599999963 ], [ -48.476915099999985, -16.07673769999997 ], [ -48.476852199999939, -16.07673489999997 ], [ -48.475494899999937, -16.075542499999933 ], [ -48.474647499999946, -16.074802899999941 ], [ -48.474534099999971, -16.074698899999934 ], [ -48.473795699999982, -16.074022 ], [ -48.473155799999972, -16.073453399999934 ], [ -48.47289429999995, -16.073221 ], [ -48.472530199999937, -16.072897299999969 ], [ -48.471987499999962, -16.072414899999945 ], [ -48.47198039999995, -16.072408399999983 ], [ -48.471203199999934, -16.071697399999945 ], [ -48.471443199999953, -16.071364199999952 ], [ -48.472743599999951, -16.069559199999944 ], [ -48.472837399999953, -16.069409599999982 ], [ -48.472867899999983, -16.069210099999971 ], [ -48.472895499999936, -16.069029799999939 ], [ -48.473037199999965, -16.068718099999952 ], [ -48.47309649999994, -16.068245699999974 ], [ -48.47346239999996, -16.06721719999997 ], [ -48.475273399999935, -16.0650611 ], [ -48.47552509999997, -16.064756799999945 ], [ -48.475547199999937, -16.06473 ], [ -48.475534599999946, -16.064721299999977 ], [ -48.47526449999998, -16.064534799999933 ], [ -48.475211599999966, -16.064314099999933 ], [ -48.475079099999959, -16.064025399999938 ], [ -48.474911199999951, -16.063864099999936 ], [ -48.474487199999949, -16.063340299999929 ], [ -48.473312299999968, -16.062712099999942 ], [ -48.473085499999968, -16.062615199999982 ], [ -48.473069099999975, -16.062615199999982 ], [ -48.473040399999945, -16.062615199999975 ], [ -48.472843299999965, -16.062520499999959 ], [ -48.472654499999976, -16.062374599999949 ], [ -48.472317799999985, -16.062283799999918 ], [ -48.471964799999967, -16.062015499999962 ], [ -48.471956599999949, -16.061999799999974 ], [ -48.471624099999985, -16.061822199999934 ], [ -48.47104939999997, -16.0615658 ], [ -48.470856499999968, -16.061404 ], [ -48.470560899999953, -16.061344899999945 ], [ -48.470322099999976, -16.061376399999965 ], [ -48.470166099999972, -16.061321199999945 ], [ -48.470043, -16.061159399999948 ], [ -48.469841799999983, -16.060930599999939 ], [ -48.469714599999975, -16.060693899999933 ], [ -48.469612, -16.060520299999951 ], [ -48.4694186, -16.060323199999964 ], [ -48.46935289999994, -16.060204799999944 ], [ -48.469274899999959, -16.060086499999962 ], [ -48.4691969, -16.059968099999928 ], [ -48.46911479999995, -16.059908899999989 ], [ -48.469049199999979, -16.059873399999962 ], [ -48.468946499999959, -16.059810299999985 ], [ -48.468876699999953, -16.059786599999928 ], [ -48.468704299999956, -16.059794499999942 ], [ -48.468638699999985, -16.059731399999972 ], [ -48.468630499999961, -16.059628799999928 ], [ -48.468630499999961, -16.059565699999961 ], [ -48.468630499999961, -16.059471 ], [ -48.468630499999961, -16.059384199999947 ], [ -48.468532, -16.059242199999975 ], [ -48.468466299999932, -16.059151499999917 ], [ -48.468363699999948, -16.059068599999929 ], [ -48.468291, -16.059035199999979 ], [ -48.468147399999964, -16.059015499999916 ], [ -48.468011899999965, -16.059019399999961 ], [ -48.46800369999994, -16.059023399999941 ], [ -48.46797909999998, -16.059031299999955 ], [ -48.467884599999934, -16.059031299999958 ], [ -48.467802499999941, -16.058956299999974 ], [ -48.467798399999936, -16.058830099999955 ], [ -48.467790199999975, -16.058751199999964 ], [ -48.467782, -16.058688 ], [ -48.467732799999965, -16.058640699999966 ], [ -48.467638399999949, -16.058609099999945 ], [ -48.46753159999998, -16.058601199999931 ], [ -48.467437199999956, -16.058573599999928 ], [ -48.467412599999932, -16.058498699999983 ], [ -48.467445399999974, -16.058427699999989 ], [ -48.467453599999949, -16.058344799999936 ], [ -48.467453699999965, -16.058238299999971 ], [ -48.467429, -16.058127899999945 ], [ -48.467404399999957, -16.058041099999972 ], [ -48.467383899999959, -16.057946399999928 ], [ -48.46731, -16.057855699999937 ], [ -48.46720739999995, -16.05777669999997 ], [ -48.467104799999959, -16.057642599999959 ], [ -48.467063699999983, -16.057551899999979 ], [ -48.467002099999952, -16.057480899999973 ], [ -48.466957, -16.057416299999939 ], [ -48.46698159999994, -16.057337399999927 ], [ -48.466998099999955, -16.057254499999953 ], [ -48.46701859999996, -16.057132299999989 ], [ -48.46698989999993, -16.0570494 ], [ -48.466961099999928, -16.05695469999996 ], [ -48.466903699999939, -16.056891599999979 ], [ -48.466796899999963, -16.05684029999998 ], [ -48.466735399999941, -16.05676139999996 ], [ -48.46675589999996, -16.056678599999941 ], [ -48.466776399999958, -16.056615499999964 ], [ -48.466772299999946, -16.056501099999931 ], [ -48.466714899999943, -16.056386699999965 ], [ -48.466652099999976, -16.056338699999969 ], [ -48.466545399999966, -16.056342699999963 ], [ -48.466434599999957, -16.056295299999938 ], [ -48.466409899999974, -16.056295299999928 ], [ -48.466393499999981, -16.056295299999931 ], [ -48.466377099999931, -16.056299299999978 ], [ -48.466311399999938, -16.056303199999949 ], [ -48.466249799999957, -16.056311099999963 ], [ -48.466176, -16.05626379999994 ], [ -48.4661349, -16.056184899999963 ], [ -48.466118499999936, -16.056106 ], [ -48.466089799999963, -16.056070399999946 ], [ -48.466048699999931, -16.05604279999994 ], [ -48.465991299999985, -16.05605469999994 ], [ -48.465974799999969, -16.055956 ], [ -48.465937899999972, -16.055825899999945 ], [ -48.465827099999956, -16.055565499999943 ], [ -48.465814799999976, -16.055293299999949 ], [ -48.465736799999945, -16.055044799999969 ], [ -48.465617799999954, -16.054910599999971 ], [ -48.465474099999938, -16.054744899999942 ], [ -48.465346899999986, -16.054685699999919 ], [ -48.465195, -16.05462659999996 ], [ -48.465174499999932, -16.054512199999973 ], [ -48.465108799999946, -16.054409599999921 ], [ -48.46495689999994, -16.054358299999944 ], [ -48.464878899999974, -16.054571299999957 ], [ -48.464866599999937, -16.054839599999976 ], [ -48.464977399999952, -16.055151199999951 ], [ -48.464951, -16.055514799999965 ], [ -48.464681099999957, -16.055973499999936 ], [ -48.46468109999995, -16.056432299999919 ], [ -48.464577299999974, -16.056891099999973 ], [ -48.46436969999997, -16.057010699999971 ], [ -48.464162099999953, -16.057250099999973 ], [ -48.464245099999964, -16.057788599999984 ], [ -48.464369599999941, -16.058466799999948 ], [ -48.464494099999968, -16.059005399999943 ], [ -48.464099699999963, -16.05938429999998 ], [ -48.463726099999974, -16.059763299999936 ], [ -48.463393899999978, -16.059982599999955 ], [ -48.462903299999937, -16.060051199999982 ], [ -48.462057899999934, -16.061089099999954 ], [ -48.461557, -16.061389899999938 ], [ -48.461040399999945, -16.061660599999978 ], [ -48.460680399999944, -16.061690699999936 ], [ -48.460257699999943, -16.06200659999995 ], [ -48.459850699999947, -16.062457799999944 ], [ -48.459255799999937, -16.062833799999964 ], [ -48.458363499999962, -16.06336019999998 ], [ -48.4577551, -16.063315499999931 ], [ -48.456741599999923, -16.063100599999927 ], [ -48.454254299999945, -16.065899 ], [ -48.45431149999996, -16.066078799999964 ], [ -48.454633699999931, -16.066493299999941 ], [ -48.454638799999948, -16.066693099999956 ], [ -48.454721899999981, -16.067193899999946 ], [ -48.454857, -16.067398699999956 ], [ -48.455023299999937, -16.067468699999939 ], [ -48.455137699999966, -16.067523599999955 ], [ -48.455253299999981, -16.068086599999951 ], [ -48.45533729999994, -16.068592399999943 ], [ -48.455432599999938, -16.068838299999967 ], [ -48.455587799999932, -16.069238599999963 ], [ -48.455642099999977, -16.069516599999918 ], [ -48.455696399999958, -16.06979449999994 ], [ -48.455698499999983, -16.069805 ], [ -48.455692099999965, -16.069827699999951 ], [ -48.455308599999974, -16.07119119999993 ], [ -48.455010699999953, -16.07184229999995 ], [ -48.453097, -16.075232899999939 ], [ -48.45211739999997, -16.07839179999997 ], [ -48.452348, -16.079955 ], [ -48.452418699999953, -16.080790599999947 ], [ -48.452560199999937, -16.081477 ], [ -48.452562599999965, -16.081488599999954 ], [ -48.453702499999963, -16.081706099999966 ], [ -48.453713399999977, -16.081708199999973 ], [ -48.454162099999962, -16.08177169999994 ], [ -48.454518499999949, -16.081733699999976 ], [ -48.455379199999982, -16.081896699999955 ], [ -48.455389399999952, -16.081898599999942 ], [ -48.456170499999985, -16.081898699999954 ], [ -48.456198799999981, -16.08189869999995 ], [ -48.456207699999936, -16.081898699999957 ], [ -48.45622439999994, -16.081906199999935 ], [ -48.456405599999982, -16.081987499999972 ], [ -48.456854299999975, -16.081911399999967 ], [ -48.457276599999943, -16.081835399999932 ], [ -48.45775169999996, -16.081848099999938 ], [ -48.458306, -16.081848199999961 ], [ -48.458701899999944, -16.081797499999926 ], [ -48.459031899999964, -16.081683399999974 ], [ -48.45946739999993, -16.081556699999972 ], [ -48.459916099999937, -16.081582099999935 ], [ -48.460272399999951, -16.081442599999935 ], [ -48.460668299999952, -16.081315799999963 ], [ -48.460932299999968, -16.08134119999994 ], [ -48.461183, -16.081455399999978 ], [ -48.461486499999985, -16.081709 ], [ -48.461578899999957, -16.082038699999941 ], [ -48.461578799999984, -16.082571299999927 ], [ -48.461486399999963, -16.082926399999959 ], [ -48.461416, -16.08320439999995 ], [ -48.461416, -16.083286899999962 ], [ -48.461416, -16.083369299999955 ], [ -48.461323599999957, -16.083800399999973 ], [ -48.461257599999954, -16.08405409999995 ], [ -48.461231099999964, -16.084459799999923 ], [ -48.461257499999938, -16.084776899999948 ], [ -48.461363099999971, -16.08500509999994 ], [ -48.461679799999956, -16.085195399999975 ], [ -48.461890899999965, -16.085512399999974 ], [ -48.461930499999937, -16.085791399999952 ], [ -48.46197, -16.086235199999987 ], [ -48.461956799999946, -16.086501499999933 ], [ -48.462075599999935, -16.086679099999962 ], [ -48.462365899999952, -16.086958099999947 ], [ -48.462537399999974, -16.087199 ], [ -48.462748599999948, -16.087401899999968 ], [ -48.462893699999945, -16.087795 ], [ -48.463157599999931, -16.088150099999957 ], [ -48.463342399999931, -16.088467099999942 ], [ -48.463606299999988, -16.088644699999982 ], [ -48.464028599999942, -16.088961699999967 ], [ -48.464292499999942, -16.089152 ], [ -48.464398099999975, -16.089570399999953 ], [ -48.464411199999972, -16.090014199999935 ], [ -48.464701599999962, -16.090331299999946 ], [ -48.464859899999965, -16.090521499999966 ], [ -48.465396199999986, -16.090579599999963 ], [ -48.465398, -16.090620199999936 ], [ -48.465366499999966, -16.090758899999976 ], [ -48.465365899999938, -16.090907499999954 ], [ -48.465483699999936, -16.091056499999983 ], [ -48.465504599999974, -16.091225399999924 ], [ -48.465426799999925, -16.091329299999924 ], [ -48.465225499999974, -16.091393099999955 ], [ -48.465091199999954, -16.091471899999938 ], [ -48.465059799999949, -16.091575899999949 ], [ -48.465111, -16.09165529999996 ], [ -48.465224, -16.091735 ], [ -48.465218099999966, -16.091918299999978 ], [ -48.465160499999968, -16.092126199999928 ], [ -48.46512869999998, -16.092348899999944 ], [ -48.46504589999995, -16.09259719999994 ], [ -48.464983199999949, -16.092785299999939 ], [ -48.464828, -16.092938299999961 ], [ -48.464734899999947, -16.093012299999931 ], [ -48.464724799999935, -16.09312639999996 ], [ -48.464822, -16.093295299999976 ], [ -48.464919399999985, -16.093434399999978 ], [ -48.464898199999944, -16.093568099999974 ], [ -48.464784499999951, -16.093642099999958 ], [ -48.464701799999943, -16.09369629999998 ], [ -48.464721699999984, -16.093869799999929 ], [ -48.464870199999957, -16.094093199999968 ], [ -48.465070099999942, -16.094356299999959 ], [ -48.465075499999955, -16.094552 ], [ -48.464982099999986, -16.09469549999994 ], [ -48.464848, -16.09471979999995 ], [ -48.464781399999943, -16.094625399999931 ], [ -48.464688899999942, -16.094550799999979 ], [ -48.464580599999969, -16.094570199999968 ], [ -48.464523499999984, -16.094659299999936 ], [ -48.464461099999944, -16.094807799999952 ], [ -48.464305899999943, -16.094931199999952 ], [ -48.464320399999963, -16.095174 ], [ -48.464479699999977, -16.09530339999997 ], [ -48.464597599999941, -16.095447399999944 ], [ -48.464545699999967, -16.095556199999983 ], [ -48.464334299999955, -16.095580299999938 ], [ -48.464102199999957, -16.095634099999931 ], [ -48.463973099999976, -16.095722799999976 ], [ -48.463972299999959, -16.095935699999931 ], [ -48.463940299999926, -16.096198 ], [ -48.463986599999942, -16.096325399999962 ], [ -48.464136099999962, -16.096321 ], [ -48.464306099999938, -16.096326499999979 ], [ -48.464502299999936, -16.096242899999929 ], [ -48.464729499999976, -16.096129599999919 ], [ -48.464894399999942, -16.096145 ], [ -48.464950599999952, -16.096254199999976 ], [ -48.464826099999982, -16.096457 ], [ -48.464624599999986, -16.096585099999984 ], [ -48.464345699999967, -16.096732799999916 ], [ -48.464277899999956, -16.096935699999968 ], [ -48.46417409999998, -16.097148199999939 ], [ -48.463972799999965, -16.097236699999939 ], [ -48.463849299999943, -16.097186799999971 ], [ -48.463824099999954, -16.097058 ], [ -48.463700399999944, -16.097057599999971 ], [ -48.463556, -16.097091799999941 ], [ -48.463432099999977, -16.097170599999966 ], [ -48.463391499999943, -16.097414899999929 ], [ -48.46348329999995, -16.097672899999949 ], [ -48.463544099999979, -16.097940699999977 ], [ -48.463460699999978, -16.098183199999941 ], [ -48.463294799999971, -16.098445199999968 ], [ -48.463247499999966, -16.098672799999967 ], [ -48.463056199999983, -16.09885049999998 ], [ -48.462808699999982, -16.098941299999986 ], [ -48.462756499999962, -16.099089799999938 ], [ -48.462488099999973, -16.099193099999979 ], [ -48.462395199999953, -16.099227399999958 ], [ -48.462302299999976, -16.099261799999955 ], [ -48.46215269999994, -16.099286099999979 ], [ -48.46206989999996, -16.099389899999959 ], [ -48.461940599999934, -16.099503399999943 ], [ -48.461770799999954, -16.099438499999955 ], [ -48.461774599999956, -16.099362499999941 ], [ -48.461776299999947, -16.099329499999953 ], [ -48.461725099999967, -16.099250099999935 ], [ -48.461555, -16.099239599999979 ], [ -48.461374299999932, -16.099333199999936 ], [ -48.461275899999983, -16.099481499999968 ], [ -48.461197699999964, -16.099743799999953 ], [ -48.461079499999983, -16.099802399999938 ], [ -48.461068699999949, -16.099807799999958 ], [ -48.460958199999936, -16.099832699999965 ], [ -48.46092729999998, -16.09989829999996 ], [ -48.46089529999994, -16.099967699999979 ], [ -48.460847699999924, -16.100142699999935 ], [ -48.460849499999945, -16.100145199999925 ], [ -48.460910299999966, -16.100253899999927 ], [ -48.461021599999981, -16.100316299999967 ], [ -48.461155299999973, -16.100347699999933 ], [ -48.461197299999981, -16.100383599999933 ], [ -48.461209399999973, -16.10046229999995 ], [ -48.461186699999985, -16.100574199999915 ], [ -48.461151599999937, -16.100674199999947 ], [ -48.461062099999943, -16.100735899999957 ], [ -48.460990199999976, -16.100747499999951 ], [ -48.46091679999995, -16.100672099999947 ], [ -48.46085939999994, -16.100604199999971 ], [ -48.460710899999988, -16.100546499999954 ], [ -48.460659199999959, -16.10044859999994 ], [ -48.460515599999944, -16.100393299999954 ], [ -48.460396499999945, -16.100423899999939 ], [ -48.460303, -16.100555 ], [ -48.460165, -16.100725799999964 ], [ -48.460095499999966, -16.10073749999998 ], [ -48.460038399999981, -16.100782599999953 ], [ -48.459936099999943, -16.101001399999976 ], [ -48.459903599999961, -16.101094099999948 ], [ -48.45993569999996, -16.101137099999971 ], [ -48.459940299999971, -16.101272799999936 ], [ -48.459987099999971, -16.101351499999961 ], [ -48.460028299999976, -16.101486399999935 ], [ -48.460030499999959, -16.101557899999925 ], [ -48.460075599999989, -16.10170539999995 ], [ -48.46008919999997, -16.101749199999968 ], [ -48.460099599999978, -16.101800599999937 ], [ -48.460104, -16.101858099999962 ], [ -48.460106, -16.101903199999978 ], [ -48.46135449999997, -16.101814099999949 ], [ -48.462120799999973, -16.101855499999946 ], [ -48.462684399999951, -16.10188589999996 ], [ -48.464136699999976, -16.102020599999946 ], [ -48.465227099999943, -16.102042199999964 ], [ -48.465952799999968, -16.101980899999951 ], [ -48.466685099999957, -16.101853299999945 ], [ -48.46737509999997, -16.10165649999994 ], [ -48.468799599999954, -16.101155099999968 ], [ -48.469582, -16.100848199999984 ], [ -48.470889799999952, -16.10035 ], [ -48.471849899999938, -16.099988 ], [ -48.474082899999985, -16.099164799999912 ], [ -48.474765099999964, -16.098934099999951 ], [ -48.475945899999935, -16.098730399999965 ], [ -48.477052799999967, -16.098539799999962 ], [ -48.478893699999958, -16.098221 ], [ -48.480488499999971, -16.097898899999961 ], [ -48.481416199999956, -16.097711399999987 ], [ -48.481678299999935, -16.097642699999941 ], [ -48.482423899999965, -16.097390299999979 ], [ -48.483452899999975, -16.097003499999968 ], [ -48.484269099999956, -16.096696699999946 ], [ -48.484820199999938, -16.096489499999965 ], [ -48.485307199999966, -16.096306399999946 ], [ -48.485323599999951, -16.096342799999952 ], [ -48.485902699999947, -16.097626699999982 ], [ -48.486948599999955, -16.097241599999954 ], [ -48.486975799999982, -16.097231599999926 ], [ -48.487112899999943, -16.097967199999974 ], [ -48.48723259999997, -16.098580599999938 ], [ -48.487472199999964, -16.100028 ], [ -48.487481799999955, -16.101126599999926 ], [ -48.487414499999943, -16.101407899999966 ], [ -48.487514899999951, -16.101766499999943 ], [ -48.487568399999986, -16.101746499999937 ], [ -48.488691, -16.101327099999924 ], [ -48.488283899999949, -16.100481799999955 ], [ -48.489241, -16.099627199999929 ], [ -48.490912899999955, -16.098123199999964 ], [ -48.492245099999934, -16.096927599999947 ], [ -48.493461099999941, -16.098081199999964 ], [ -48.494710399999967, -16.096978 ], [ -48.493546899999963, -16.095787399999946 ], [ -48.494892799999946, -16.094492 ], [ -48.496264199999985, -16.093186799999945 ], [ -48.496518899999955, -16.092484899999931 ], [ -48.496940499999937, -16.093263399999952 ], [ -48.497630799999961, -16.09400329999993 ], [ -48.498364099999947, -16.094755299999953 ], [ -48.498839199999971, -16.095064 ], [ -48.500029599999948, -16.09575109999998 ], [ -48.50029909999995, -16.09543919999993 ], [ -48.500538599999963, -16.09561889999998 ], [ -48.500668399999938, -16.095474199999956 ], [ -48.500813099999959, -16.09559389999993 ], [ -48.501354599999949, -16.095007599999974 ], [ -48.50155419999993, -16.095167299999964 ], [ -48.5018, -16.094922699999923 ], [ -48.502475, -16.095523199999946 ], [ -48.502569699999981, -16.09672079999995 ], [ -48.504228799999971, -16.096597899999942 ], [ -48.504278299999953, -16.096590199999973 ], [ -48.504209699999933, -16.095954799999969 ], [ -48.504205699999943, -16.095913 ], [ -48.504232299999956, -16.095910499999938 ], [ -48.504609499999965, -16.095875899999946 ], [ -48.504569599999968, -16.095426599999932 ], [ -48.504529699999978, -16.094906399999957 ], [ -48.505172499999958, -16.094858299999952 ], [ -48.505166699999968, -16.094741299999956 ], [ -48.50583789999996, -16.094486499999945 ], [ -48.506030599999974, -16.094107399999917 ], [ -48.506877699999961, -16.093772399999978 ], [ -48.50715219999995, -16.093859799999958 ], [ -48.507319299999949, -16.093837299999965 ], [ -48.507516499999952, -16.093600299999935 ], [ -48.508594399999936, -16.093420599999938 ], [ -48.509268099999986, -16.093425599999929 ], [ -48.50947519999994, -16.09347049999996 ], [ -48.510206599999947, -16.094149299999977 ], [ -48.510049199999969, -16.09462509999997 ], [ -48.510411199999965, -16.094736499999939 ], [ -48.510728699999952, -16.094670199999946 ], [ -48.510862299999978, -16.09447039999997 ], [ -48.510730299999977, -16.09425259999994 ], [ -48.510994799999942, -16.093990799999979 ], [ -48.510897699999937, -16.093681 ], [ -48.51190049999996, -16.092566 ], [ -48.513829299999941, -16.094110499999935 ], [ -48.513875299999938, -16.094045899999973 ], [ -48.514557899999943, -16.094552199999939 ], [ -48.515271499999983, -16.094647 ], [ -48.516938299999943, -16.094929 ], [ -48.517149599999982, -16.094976899999949 ], [ -48.51720679999994, -16.094989899999973 ], [ -48.517263599999986, -16.094967199999935 ], [ -48.51764929999996, -16.094874499999953 ], [ -48.517735899999927, -16.094769 ], [ -48.517825899999934, -16.094662699999962 ], [ -48.517644699999948, -16.094507699999955 ], [ -48.517679, -16.094481599999927 ], [ -48.517738099999981, -16.094436599999923 ], [ -48.517775, -16.094408599999952 ], [ -48.517886399999959, -16.094329899999941 ], [ -48.517658799999928, -16.093965099999938 ], [ -48.517664899999943, -16.093926799999974 ], [ -48.517662599999937, -16.093854499999964 ], [ -48.518093, -16.093378899999937 ] ] ], [ [ [ -48.58918, -16.018402 ], [ -48.589130299999965, -16.018703799999958 ], [ -48.58861909999996, -16.019034699999953 ], [ -48.588604, -16.019044499999954 ], [ -48.588450899999948, -16.019210199999975 ], [ -48.588058599999954, -16.019541599999979 ], [ -48.587905499999984, -16.019772099999965 ], [ -48.587833799999942, -16.019857199999933 ], [ -48.587762, -16.019942399999934 ], [ -48.58747969999996, -16.020076 ], [ -48.5874032, -16.020255399999936 ], [ -48.587365, -16.020407199999976 ], [ -48.587432099999951, -16.020591199999963 ], [ -48.587393899999938, -16.020848899999965 ], [ -48.587360599999961, -16.021143299999938 ], [ -48.587351199999951, -16.021482199999976 ], [ -48.58749969999996, -16.021689199999965 ], [ -48.587676899999963, -16.021863899999971 ], [ -48.58779659999994, -16.021965099999935 ], [ -48.587959399999939, -16.02199719999992 ], [ -48.588232299999966, -16.022116699999962 ], [ -48.588450299999977, -16.022151699999934 ], [ -48.58855, -16.022356599999959 ], [ -48.588540499999965, -16.022568299999943 ], [ -48.588473599999986, -16.022756899999919 ], [ -48.588310899999954, -16.022904199999982 ], [ -48.588023799999974, -16.023083799999938 ], [ -48.587717599999962, -16.023235799999949 ], [ -48.587397, -16.02347519999994 ], [ -48.587213599999977, -16.023707699999925 ], [ -48.587089299999946, -16.02394239999995 ], [ -48.587084599999969, -16.0242 ], [ -48.587180499999938, -16.024526599999938 ], [ -48.587266899999975, -16.024857799999946 ], [ -48.587185699999964, -16.025230799999978 ], [ -48.587051799999983, -16.025566699999967 ], [ -48.586750499999937, -16.025967099999935 ], [ -48.586582299999982, -16.026263699999955 ], [ -48.586429299999963, -16.026443199999967 ], [ -48.586228299999966, -16.026636599999968 ], [ -48.586003499999954, -16.026848299999926 ], [ -48.585783399999968, -16.027018599999963 ], [ -48.585664799999961, -16.027244499999927 ], [ -48.585530799999958, -16.0274378 ], [ -48.585368199999955, -16.027635699999951 ], [ -48.58521989999997, -16.027930199999965 ], [ -48.585129199999983, -16.028275299999969 ], [ -48.585201099999949, -16.028551299999958 ], [ -48.585407099999948, -16.028847699999968 ], [ -48.585512499999936, -16.029100699999951 ], [ -48.58553649999994, -16.029201899999975 ], [ -48.5855605, -16.029303099999943 ], [ -48.585613299999977, -16.029551499999972 ], [ -48.585656499999978, -16.029818299999935 ], [ -48.585565699999968, -16.030048399999949 ], [ -48.585713699999985, -16.030113399999944 ], [ -48.586135099999979, -16.030324899999972 ], [ -48.58648229999995, -16.030654599999945 ], [ -48.587084699999934, -16.03113819999993 ], [ -48.590067099999942, -16.034026899999965 ], [ -48.590636699999948, -16.032869499999943 ], [ -48.592470699999978, -16.033925899999922 ], [ -48.5926626, -16.032753899999943 ], [ -48.592846399999978, -16.031537899999936 ], [ -48.592881899999952, -16.031039499999956 ], [ -48.592912299999966, -16.031006699999981 ], [ -48.593414699999983, -16.030464 ], [ -48.592571499999963, -16.029543399999969 ], [ -48.593181099999974, -16.027743199999986 ], [ -48.593903799999971, -16.02799349999998 ], [ -48.59480079999998, -16.028276399999978 ], [ -48.595599299999947, -16.028535099999949 ], [ -48.59587589999996, -16.027983799999959 ], [ -48.595900699999959, -16.027934499999958 ], [ -48.595918699999977, -16.027898599999954 ], [ -48.596409499999936, -16.026982499999985 ], [ -48.597186199999953, -16.025535299999945 ], [ -48.597357599999953, -16.025268799999939 ], [ -48.598599599999943, -16.023048899999942 ], [ -48.598944499999959, -16.022387799999926 ], [ -48.599248799999941, -16.021768799999965 ], [ -48.599432399999948, -16.021322899999962 ], [ -48.599795699999959, -16.020608699999972 ], [ -48.598768199999938, -16.020408699999972 ], [ -48.598145199999976, -16.020271899999962 ], [ -48.597490899999968, -16.020131799999952 ], [ -48.596773899999953, -16.020000499999973 ], [ -48.596095199999979, -16.019867199999961 ], [ -48.595402399999955, -16.019727799999949 ], [ -48.594684299999983, -16.019591499999937 ], [ -48.593995499999949, -16.019446099999985 ], [ -48.593313799999976, -16.019321799999936 ], [ -48.592567399999943, -16.01917909999996 ], [ -48.59246939999997, -16.018929399999944 ], [ -48.592312499999942, -16.01878209999995 ], [ -48.592156299999942, -16.018717799999926 ], [ -48.591982699999967, -16.018654 ], [ -48.591677599999976, -16.018539099999945 ], [ -48.591341599999964, -16.0184293 ], [ -48.590770699999958, -16.018319899999934 ], [ -48.590733099999966, -16.018318699999963 ], [ -48.59003759999996, -16.018296299999971 ], [ -48.590008099999977, -16.018298499999958 ], [ -48.589186899999959, -16.018359899999943 ], [ -48.58918, -16.018402 ] ] ], [ [ [ -48.386039799999935, -16.304536699999979 ], [ -48.386796799999956, -16.304475 ], [ -48.387488, -16.304413199999935 ], [ -48.388245199999972, -16.304267399999958 ], [ -48.388783099999948, -16.304068399999949 ], [ -48.389397699999961, -16.303911699999961 ], [ -48.390158099999951, -16.303734299999974 ], [ -48.39083839999995, -16.303619799999979 ], [ -48.391167399999972, -16.303641499999969 ], [ -48.391507199999985, -16.303789599999956 ], [ -48.391879599999982, -16.304043 ], [ -48.392273799999941, -16.304296499999968 ], [ -48.392723499999938, -16.304265799999939 ], [ -48.393173699999977, -16.304066699999964 ], [ -48.393668299999945, -16.3035834 ], [ -48.394053299999946, -16.30306829999995 ], [ -48.394504199999965, -16.302553299999943 ], [ -48.394877699999938, -16.302280299999953 ], [ -48.395184899999947, -16.302259899999957 ], [ -48.39553559999996, -16.302397399999958 ], [ -48.395864099999983, -16.302629699999947 ], [ -48.396225799999975, -16.30277779999993 ], [ -48.396577, -16.302673199999944 ], [ -48.396873699999965, -16.302463199999984 ], [ -48.397093899999952, -16.30207409999996 ], [ -48.397270699999972, -16.301453299999942 ], [ -48.397524099999941, -16.300959 ], [ -48.397786699999983, -16.300452899999982 ], [ -48.397985, -16.300021699999949 ], [ -48.398117899999932, -16.299411299999974 ], [ -48.39825089999993, -16.29877989999995 ], [ -48.398318199999956, -16.298095799999953 ], [ -48.398341399999936, -16.297495699999942 ], [ -48.398232299999954, -16.297211299999955 ], [ -48.397871099999975, -16.296873699999924 ], [ -48.397575699999948, -16.296515199999924 ], [ -48.397280599999931, -16.296032699999941 ], [ -48.396985599999937, -16.295495199999941 ], [ -48.396865799999951, -16.295073799999969 ], [ -48.39685639999994, -16.294631 ], [ -48.397076599999934, -16.29424189999996 ], [ -48.397285699999941, -16.293905399999971 ], [ -48.397505899999949, -16.293516299999975 ], [ -48.397792, -16.293095799999946 ], [ -48.398165699999929, -16.292717599999936 ], [ -48.39850609999997, -16.292528699999924 ], [ -48.398890499999936, -16.292266299999934 ], [ -48.399209299999939, -16.291951099999956 ], [ -48.399649199999935, -16.291394 ], [ -48.400088599999947, -16.2911 ], [ -48.400472499999978, -16.291069199999985 ], [ -48.400867, -16.291248899999964 ], [ -48.401096399999972, -16.291670499999963 ], [ -48.40128169999997, -16.292218299999956 ], [ -48.401445199999955, -16.292713399999958 ], [ -48.401773799999951, -16.292914 ], [ -48.402157699999975, -16.292935799999945 ], [ -48.402673599999957, -16.292726299999963 ], [ -48.403321499999954, -16.292390599999983 ], [ -48.403911, -16.292160399999943 ], [ -48.404371599999934, -16.292150799999945 ], [ -48.404942, -16.292141399999934 ], [ -48.405424899999957, -16.29199489999996 ], [ -48.405721699999958, -16.291690199999941 ], [ -48.405744199999958, -16.291416499999976 ], [ -48.405547599999977, -16.291037199999945 ], [ -48.405383899999947, -16.290615699999933 ], [ -48.405319199999951, -16.290120799999951 ], [ -48.405440799999951, -16.289668399999982 ], [ -48.40573789999997, -16.289216199999949 ], [ -48.406188299999947, -16.288848599999945 ], [ -48.406627599999979, -16.288586299999974 ], [ -48.40706629999994, -16.288618699999962 ], [ -48.407526699999949, -16.28874589999997 ], [ -48.408094499999947, -16.288999699999973 ], [ -48.408609699999943, -16.289127 ], [ -48.40893889999996, -16.289065899999962 ], [ -48.409312199999931, -16.288845599999945 ], [ -48.409696799999949, -16.288498899999968 ], [ -48.410004499999957, -16.288215199999968 ], [ -48.410279399999979, -16.287878899999946 ], [ -48.410728699999943, -16.287392499999942 ], [ -48.411057399999954, -16.287043399999956 ], [ -48.411385899999971, -16.286764299999966 ], [ -48.411400399999934, -16.286757099999935 ], [ -48.411574299999984, -16.28667129999997 ], [ -48.411520699999983, -16.286344599999953 ], [ -48.411395299999981, -16.286109499999952 ], [ -48.411120899999958, -16.285869199999969 ], [ -48.41082229999995, -16.28559 ], [ -48.410588299999979, -16.285334199999951 ], [ -48.410435, -16.285024099999919 ], [ -48.410257599999959, -16.284636499999962 ], [ -48.410055899999975, -16.284380699999929 ], [ -48.409708899999941, -16.284078299999983 ], [ -48.409499099999955, -16.28381469999994 ], [ -48.409361899999972, -16.283644099999943 ], [ -48.409305499999967, -16.283411599999972 ], [ -48.409370199999955, -16.283186899999976 ], [ -48.40953989999997, -16.282923499999971 ], [ -48.409572499999975, -16.282889599999976 ], [ -48.40982269999995, -16.282629099999959 ], [ -48.41020229999998, -16.282365799999976 ], [ -48.410541399999943, -16.282218699999923 ], [ -48.410848299999941, -16.282143899999934 ], [ -48.411147, -16.282120799999966 ], [ -48.411486099999934, -16.282136499999979 ], [ -48.411801, -16.282136599999959 ], [ -48.412059299999953, -16.282098 ], [ -48.412301599999978, -16.281989599999964 ], [ -48.412552, -16.281811499999947 ], [ -48.412754, -16.281548099999949 ], [ -48.412875199999966, -16.281214899999963 ], [ -48.412875399999962, -16.280959099999951 ], [ -48.412802899999974, -16.280641299999953 ], [ -48.412657699999947, -16.280246 ], [ -48.412553, -16.27989719999993 ], [ -48.412448199999972, -16.279532899999946 ], [ -48.412237699999942, -16.27911649999994 ], [ -48.412180499999984, -16.278841199999931 ], [ -48.412192199999943, -16.27848889999995 ], [ -48.412169399999989, -16.278191599999968 ], [ -48.412203899999952, -16.277993499999972 ], [ -48.412364499999974, -16.277828399999972 ], [ -48.4125825, -16.277751399999939 ], [ -48.412938, -16.277806599999966 ], [ -48.41319029999994, -16.277938899999967 ], [ -48.413442499999981, -16.27811509999998 ], [ -48.413648899999941, -16.278269399999939 ], [ -48.41392419999994, -16.278346599999946 ], [ -48.414176499999947, -16.278379699999977 ], [ -48.414463199999943, -16.278379799999989 ], [ -48.414692699999932, -16.278291899999935 ], [ -48.414899199999979, -16.278071799999974 ], [ -48.41500259999998, -16.277774499999961 ], [ -48.415025699999944, -16.27741119999996 ], [ -48.414957099999981, -16.277102899999928 ], [ -48.414808099999952, -16.276794599999963 ], [ -48.414556, -16.276398099999941 ], [ -48.414303799999978, -16.276111699999952 ], [ -48.414017099999967, -16.275913399999979 ], [ -48.41370749999993, -16.275770099999917 ], [ -48.413420899999949, -16.275593899999926 ], [ -48.413145699999973, -16.275318499999965 ], [ -48.412893599999968, -16.275010099999964 ], [ -48.412744599999947, -16.274789799999951 ], [ -48.412664399999983, -16.27459159999994 ], [ -48.412710399999973, -16.274411499999925 ], [ -48.412871099999961, -16.274169399999948 ], [ -48.41310059999995, -16.273927199999942 ], [ -48.413353, -16.273773199999933 ], [ -48.413605299999979, -16.273718299999921 ], [ -48.413972399999977, -16.273718399999943 ], [ -48.414419599999974, -16.273839699999943 ], [ -48.414878299999941, -16.274005099999957 ], [ -48.415325499999938, -16.274159399999959 ], [ -48.415876, -16.274324799999938 ], [ -48.416265899999985, -16.274402099999971 ], [ -48.416575599999938, -16.274391199999975 ], [ -48.41697709999994, -16.274336299999952 ], [ -48.417263899999966, -16.274292399999979 ], [ -48.417470399999964, -16.274182399999976 ], [ -48.417642599999965, -16.273962199999975 ], [ -48.417780299999954, -16.273676 ], [ -48.417998499999953, -16.273279699999939 ], [ -48.41814769999997, -16.273037 ], [ -48.418228099999965, -16.272739799999947 ], [ -48.418182399999978, -16.272420499999946 ], [ -48.418022, -16.271958 ], [ -48.417850199999975, -16.271528499999938 ], [ -48.417678299999977, -16.271153399999935 ], [ -48.417437499999949, -16.270867099999975 ], [ -48.417128, -16.270668699999931 ], [ -48.416864199999964, -16.270514499999937 ], [ -48.416612, -16.27030519999995 ], [ -48.416245099999969, -16.270018799999935 ], [ -48.415901199999958, -16.269776399999941 ], [ -48.415511299999935, -16.269600099999924 ], [ -48.415132899999946, -16.269467799999973 ], [ -48.414765899999963, -16.269390499999925 ], [ -48.414341499999978, -16.269335299999973 ], [ -48.41405489999994, -16.269247099999973 ], [ -48.413882899999969, -16.269103899999934 ], [ -48.413814199999933, -16.268916699999984 ], [ -48.413825799999984, -16.268674499999964 ], [ -48.413894699999965, -16.268465299999949 ], [ -48.413975099999959, -16.268157099999947 ], [ -48.414124299999969, -16.26791489999993 ], [ -48.414250599999939, -16.267705799999941 ], [ -48.414480099999935, -16.267466899999921 ], [ -48.414778399999932, -16.267191799999985 ], [ -48.415122599999961, -16.266872699999954 ], [ -48.415432499999945, -16.266586599999975 ], [ -48.415742199999954, -16.266333499999977 ], [ -48.416029099999939, -16.266124399999971 ], [ -48.416235599999936, -16.265904299999939 ], [ -48.41641919999995, -16.265728199999945 ], [ -48.416579799999965, -16.265684299999979 ], [ -48.416728899999953, -16.265761399999974 ], [ -48.416797599999931, -16.265926599999954 ], [ -48.416797499999973, -16.266234899999969 ], [ -48.416797299999978, -16.26648809999995 ], [ -48.416843099999937, -16.266653299999973 ], [ -48.417015099999958, -16.266763399999942 ], [ -48.417359199999964, -16.266796599999953 ], [ -48.417623, -16.266719599999924 ], [ -48.418001599999975, -16.266576699999966 ], [ -48.418311399999943, -16.266356599999948 ], [ -48.418621199999961, -16.266059499999926 ], [ -48.41885079999998, -16.265718199999974 ], [ -48.419068899999964, -16.265432099999948 ], [ -48.419378699999982, -16.265201 ], [ -48.419757299999958, -16.264958899999964 ], [ -48.420055599999955, -16.264815899999963 ], [ -48.420285, -16.264782899999947 ], [ -48.420525899999973, -16.264772 ], [ -48.420697899999936, -16.264860199999919 ], [ -48.42094139999994, -16.265069599999951 ], [ -48.421182199999976, -16.265322899999951 ], [ -48.421377099999972, -16.26541109999993 ], [ -48.421640899999943, -16.265433199999958 ], [ -48.42189319999995, -16.265422299999948 ], [ -48.422099699999933, -16.265345299999979 ], [ -48.422260399999978, -16.265180199999971 ], [ -48.422329299999944, -16.264938 ], [ -48.422295099999978, -16.264651699999952 ], [ -48.422203399999944, -16.264332399999937 ], [ -48.422111799999989, -16.26398919999998 ], [ -48.422020199999963, -16.263614799999957 ], [ -48.42194, -16.263306499999942 ], [ -48.421882899999957, -16.262844 ], [ -48.421871599999974, -16.262546699999962 ], [ -48.421883199999961, -16.262249499999946 ], [ -48.421952199999964, -16.261952199999936 ], [ -48.421963699999935, -16.261721 ], [ -48.42187209999998, -16.261434699999935 ], [ -48.421688699999947, -16.261214399999968 ], [ -48.421493799999958, -16.261016199999961 ], [ -48.421310399999982, -16.260784899999965 ], [ -48.421069599999953, -16.260663699999959 ], [ -48.420771399999985, -16.260641499999952 ], [ -48.420519099999986, -16.260674499999922 ], [ -48.420301099999961, -16.26085049999994 ], [ -48.420209199999938, -16.261081699999977 ], [ -48.420060099999944, -16.261246799999984 ], [ -48.419819099999977, -16.261389799999957 ], [ -48.419635599999935, -16.261389799999943 ], [ -48.419429199999975, -16.261257499999939 ], [ -48.419268799999941, -16.261070299999957 ], [ -48.419200099999955, -16.260850099999985 ], [ -48.419165799999966, -16.260508699999953 ], [ -48.419223299999942, -16.260211499999954 ], [ -48.419349599999975, -16.259914299999938 ], [ -48.4195218, -16.259566099999969 ], [ -48.419716899999969, -16.259147799999944 ], [ -48.419866199999952, -16.258795599999939 ], [ -48.419992399999963, -16.25858639999996 ], [ -48.42018749999994, -16.25847639999995 ], [ -48.420405499999958, -16.258278299999969 ], [ -48.420554699999968, -16.257992099999964 ], [ -48.420646599999941, -16.257749899999968 ], [ -48.420727, -16.257430699999922 ], [ -48.420704199999932, -16.257221499999964 ], [ -48.420624, -16.25696819999995 ], [ -48.420486499999988, -16.25677 ], [ -48.420371899999964, -16.256527699999946 ], [ -48.420280299999945, -16.256274399999935 ], [ -48.420349199999983, -16.256021899999947 ], [ -48.420486899999958, -16.255823099999926 ], [ -48.420750799999958, -16.255592 ], [ -48.421003199999973, -16.255504699999967 ], [ -48.421302499999967, -16.255521199999976 ], [ -48.421546299999925, -16.255454499999928 ], [ -48.421720499999935, -16.255287399999929 ], [ -48.421801899999934, -16.254964299999934 ], [ -48.421813599999943, -16.254610799999963 ], [ -48.421744199999978, -16.254251099999962 ], [ -48.4217096, -16.253727399999949 ], [ -48.421675199999981, -16.252902799999951 ], [ -48.421629299999957, -16.251677 ], [ -48.421537, -16.250376299999978 ], [ -48.421595199999956, -16.250053199999975 ], [ -48.421723099999959, -16.24975239999997 ], [ -48.421850899999988, -16.249378299999925 ], [ -48.421932199999958, -16.249122 ], [ -48.421978899999942, -16.248665199999952 ], [ -48.422037, -16.248375499999959 ], [ -48.422095199999944, -16.24815259999998 ], [ -48.422292599999935, -16.247863 ], [ -48.422594599999968, -16.247484299999943 ], [ -48.422989399999949, -16.247027499999945 ], [ -48.42318309999996, -16.246751 ], [ -48.423345699999977, -16.24656159999995 ], [ -48.423438599999933, -16.246316499999963 ], [ -48.423438699999963, -16.246037899999973 ], [ -48.423288, -16.245781599999937 ], [ -48.422905199999946, -16.24534679999994 ], [ -48.422510699999975, -16.244990099999946 ], [ -48.422243899999962, -16.244700199999961 ], [ -48.422023499999966, -16.244455 ], [ -48.421907499999982, -16.244232099999973 ], [ -48.421896, -16.243986899999971 ], [ -48.422012199999983, -16.243708399999949 ], [ -48.422232899999983, -16.2434522 ], [ -48.422546299999972, -16.243285199999953 ], [ -48.422929399999937, -16.243029 ], [ -48.423045599999966, -16.242806199999961 ], [ -48.423080599999935, -16.242471899999938 ], [ -48.422999399999981, -16.242170199999961 ], [ -48.422744199999954, -16.241902599999943 ], [ -48.422431, -16.241635099999936 ], [ -48.422129299999945, -16.241356399999983 ], [ -48.421955399999945, -16.241111199999981 ], [ -48.421885799999984, -16.24084369999996 ], [ -48.421897599999973, -16.240542799999954 ], [ -48.421967299999949, -16.240308799999973 ], [ -48.422199499999977, -16.240119499999935 ], [ -48.422524599999967, -16.240019399999934 ], [ -48.423151299999979, -16.239930499999954 ], [ -48.42376649999995, -16.239908399999944 ], [ -48.42443969999993, -16.239819599999979 ], [ -48.424787899999956, -16.239775099999974 ], [ -48.425147699999968, -16.239675 ], [ -48.425321899999972, -16.239541299999924 ], [ -48.425403199999948, -16.239363099999935 ], [ -48.425473, -16.239006499999952 ], [ -48.42555039999997, -16.238769 ], [ -48.425685099999946, -16.238584399999986 ], [ -48.425761399999942, -16.238364899999965 ], [ -48.42584729999993, -16.238044599999974 ], [ -48.425809299999969, -16.237733499999941 ], [ -48.425723699999942, -16.23741329999995 ], [ -48.425590499999942, -16.236974 ], [ -48.425514399999948, -16.236672099999954 ], [ -48.425486, -16.236287799999953 ], [ -48.425505199999982, -16.235940099999947 ], [ -48.425600599999939, -16.235665599999951 ], [ -48.425791299999958, -16.235409499999935 ], [ -48.426058199999943, -16.235208299999961 ], [ -48.426353699999936, -16.235043799999971 ], [ -48.426601499999947, -16.234989 ], [ -48.426916, -16.234934199999945 ], [ -48.427201899999943, -16.234916 ], [ -48.42744979999997, -16.234833699999974 ], [ -48.42774529999997, -16.23466 ], [ -48.42804079999997, -16.234477099999943 ], [ -48.428298199999979, -16.23427589999995 ], [ -48.428527, -16.233946599999964 ], [ -48.428670099999984, -16.233635599999943 ], [ -48.428794099999955, -16.233351899999956 ], [ -48.429019799999942, -16.233061299999974 ], [ -48.429191399999986, -16.232805199999977 ], [ -48.429334399999959, -16.232594799999962 ], [ -48.42945839999993, -16.232448399999939 ], [ -48.429649, -16.232302099999966 ], [ -48.429811099999938, -16.232201499999974 ], [ -48.430001699999934, -16.232210799999958 ], [ -48.430268499999954, -16.232320699999942 ], [ -48.430554299999983, -16.232494599999939 ], [ -48.430878199999945, -16.232741799999935 ], [ -48.431259299999965, -16.233034699999958 ], [ -48.431507, -16.233126299999974 ], [ -48.431821499999955, -16.233208799999936 ], [ -48.432078799999942, -16.23325459999996 ], [ -48.432278899999972, -16.233218099999938 ], [ -48.432564899999932, -16.233126699999957 ], [ -48.432889, -16.232989599999936 ], [ -48.433270199999981, -16.232843299999946 ], [ -48.433771199999967, -16.23276119999996 ], [ -48.433980899999938, -16.232669699999978 ], [ -48.434152399999959, -16.232587399999932 ], [ -48.434352599999954, -16.232404499999973 ], [ -48.434467099999956, -16.232185 ], [ -48.434514799999938, -16.231919599999959 ], [ -48.434534, -16.231617699999958 ], [ -48.434457899999984, -16.231251699999973 ], [ -48.43437229999995, -16.230958899999962 ], [ -48.434219899999952, -16.230720899999941 ], [ -48.433962699999938, -16.23051949999995 ], [ -48.433772099999935, -16.230382199999948 ], [ -48.433600699999943, -16.230199199999962 ], [ -48.433534099999974, -16.229924599999947 ], [ -48.433600899999931, -16.229714199999936 ], [ -48.433686699999953, -16.229503799999971 ], [ -48.433853399999968, -16.229317899999955 ], [ -48.434169199999985, -16.229059799999959 ], [ -48.434531799999945, -16.228891599999944 ], [ -48.434964399999963, -16.228790699999934 ], [ -48.435549199999976, -16.228611299999944 ], [ -48.435853199999933, -16.228544 ], [ -48.436133799999936, -16.228499199999931 ], [ -48.436379399999964, -16.228364599999967 ], [ -48.43654319999996, -16.228151299999976 ], [ -48.436613499999964, -16.227915599999967 ], [ -48.43661359999993, -16.227702199999946 ], [ -48.43655519999993, -16.227331699999979 ], [ -48.436485199999936, -16.226916299999978 ], [ -48.436508799999963, -16.226433599999943 ], [ -48.436614199999958, -16.22609679999994 ], [ -48.436707799999965, -16.225793699999937 ], [ -48.4368133, -16.22529969999994 ], [ -48.436871899999971, -16.224809899999965 ], [ -48.436872, -16.22457409999992 ], [ -48.436930599999982, -16.224293499999931 ], [ -48.437035899999955, -16.224102599999977 ], [ -48.437189, -16.223943699999957 ], [ -48.437318499999947, -16.223849499999979 ], [ -48.437461299999946, -16.223802399999954 ], [ -48.43760889999993, -16.223788499999941 ], [ -48.43792469999994, -16.2237886 ], [ -48.438205299999943, -16.223777499999912 ], [ -48.438389499999978, -16.223747 ], [ -48.438550199999952, -16.223691299999935 ], [ -48.438675199999977, -16.223631399999935 ], [ -48.438746599999945, -16.223562899999934 ], [ -48.438809099999958, -16.223502899999971 ], [ -48.438889299999964, -16.223487699999964 ], [ -48.439009899999974, -16.223498699999936 ], [ -48.439134799999977, -16.223511599999938 ], [ -48.439273199999953, -16.223490199999972 ], [ -48.439389199999944, -16.223447399999934 ], [ -48.439465099999957, -16.223366 ], [ -48.439491699999962, -16.223261399999959 ], [ -48.439503499999944, -16.223036899999958 ], [ -48.439456699999937, -16.222761 ], [ -48.439456799999959, -16.222447199999969 ], [ -48.439511399999965, -16.222159499999979 ], [ -48.439661299999955, -16.221767299999961 ], [ -48.439906599999972, -16.221257499999961 ], [ -48.439947599999982, -16.220956799999946 ], [ -48.4398796, -16.220695199999959 ], [ -48.439798, -16.220368299999961 ], [ -48.439702799999964, -16.220132899999946 ], [ -48.439662, -16.22000219999995 ], [ -48.439689199999975, -16.219858399999975 ], [ -48.439771, -16.219662299999982 ], [ -48.440098, -16.219165499999974 ], [ -48.440397699999949, -16.218825599999931 ], [ -48.44079279999994, -16.21828969999995 ], [ -48.441010899999981, -16.217832099999946 ], [ -48.441133499999978, -16.21757069999996 ], [ -48.441133599999951, -16.217335299999931 ], [ -48.441079299999956, -16.216969199999944 ], [ -48.440943199999936, -16.216603 ], [ -48.440657399999957, -16.216236799999933 ], [ -48.440344299999936, -16.215949099999929 ], [ -48.440153699999946, -16.215870499999937 ], [ -48.439949399999939, -16.215883499999954 ], [ -48.439677, -16.216014199999954 ], [ -48.439527199999986, -16.216040299999975 ], [ -48.439350299999951, -16.215935599999959 ], [ -48.439227799999969, -16.215674099999948 ], [ -48.439214299999946, -16.215347199999933 ], [ -48.439282499999933, -16.215007299999961 ], [ -48.439377899999954, -16.214717199999935 ], [ -48.439527899999973, -16.214364299999932 ], [ -48.439745799999976, -16.214063599999971 ], [ -48.440104099999978, -16.213772799999969 ], [ -48.440494099999967, -16.213498399999938 ], [ -48.440754099999928, -16.213248899999932 ], [ -48.439593699999939, -16.213054 ], [ -48.43875179999997, -16.212763899999963 ], [ -48.437193399999956, -16.212444 ], [ -48.43509309999996, -16.211775099999954 ], [ -48.434065399999952, -16.211017 ], [ -48.433806899999979, -16.210826299999944 ], [ -48.433596, -16.210510799999959 ], [ -48.433457699999963, -16.210304 ], [ -48.433023299999952, -16.209741099999977 ], [ -48.432852699999955, -16.20952 ], [ -48.43274189999994, -16.208780899999962 ], [ -48.432495699999947, -16.207932499999959 ], [ -48.432152399999957, -16.206438199999976 ], [ -48.432336, -16.205526599999931 ], [ -48.432769, -16.204441799999927 ], [ -48.433008899999955, -16.203638499999943 ], [ -48.432971, -16.201914199999983 ], [ -48.432940599999938, -16.200784399999968 ], [ -48.432920799999977, -16.199893199999952 ], [ -48.432645, -16.198348299999967 ], [ -48.432703799999956, -16.197703 ], [ -48.432348099999956, -16.197681 ], [ -48.431896, -16.197539199999941 ], [ -48.430881099999965, -16.197539199999923 ], [ -48.429986099999951, -16.19741509999994 ], [ -48.428205399999975, -16.197184799999935 ], [ -48.426267799999955, -16.196892399999957 ], [ -48.424524, -16.197450599999961 ], [ -48.424081099999967, -16.198221399999969 ], [ -48.42287239999996, -16.198823899999976 ], [ -48.423066199999937, -16.199603599999943 ], [ -48.420750299999952, -16.200206099999949 ], [ -48.420907199999938, -16.200932699999964 ], [ -48.417613299999971, -16.200580499999941 ], [ -48.417253499999958, -16.199348899999968 ], [ -48.417428799999982, -16.198294499999964 ], [ -48.417078099999969, -16.1973819 ], [ -48.416353899999933, -16.196801599999958 ], [ -48.413733499999978, -16.195534499999962 ], [ -48.412912299999959, -16.195880099999943 ], [ -48.412386399999939, -16.196544599999982 ], [ -48.411436099999953, -16.196633199999958 ], [ -48.406380599999977, -16.192624499999965 ], [ -48.406357599999986, -16.192759199999955 ], [ -48.406407799999954, -16.193899799999933 ], [ -48.406547699999976, -16.194955299999933 ], [ -48.406563099999971, -16.195490799999963 ], [ -48.406414699999964, -16.19595379999992 ], [ -48.406176599999981, -16.196358099999937 ], [ -48.405755099999972, -16.197077 ], [ -48.405386499999963, -16.197795199999973 ], [ -48.405113199999967, -16.198475399999953 ], [ -48.404871199999945, -16.198980799999951 ], [ -48.40449109999998, -16.199478599999953 ], [ -48.404058, -16.199886699999972 ], [ -48.403728799999961, -16.200298199999956 ], [ -48.403190199999983, -16.201155599999939 ], [ -48.40276879999994, -16.201728399999975 ], [ -48.402499199999966, -16.202223599999964 ], [ -48.402101, -16.203054899999934 ], [ -48.401898099999975, -16.203298199999949 ], [ -48.400746199999958, -16.204656899999978 ], [ -48.400270099999943, -16.205225899999956 ], [ -48.400129599999957, -16.205458899999947 ], [ -48.400172299999952, -16.20590829999998 ], [ -48.400269399999964, -16.206610499999947 ], [ -48.400167899999985, -16.206865199999989 ], [ -48.399824499999973, -16.207329399999942 ], [ -48.399422499999964, -16.20778989999997 ], [ -48.399183499999936, -16.208198299999921 ], [ -48.398976399999981, -16.208924799999981 ], [ -48.398784699999965, -16.210052499999961 ], [ -48.398628499999973, -16.210625499999928 ], [ -48.398214799999948, -16.211074699999934 ], [ -48.397540799999952, -16.211923399999939 ], [ -48.397212799999984, -16.212571099999938 ], [ -48.397044799999946, -16.213284299999948 ], [ -48.396888499999932, -16.213846 ], [ -48.39663029999997, -16.214524699999973 ], [ -48.396403799999966, -16.215048899999935 ], [ -48.396075599999968, -16.216191899999945 ], [ -48.396020799999981, -16.216615099999956 ], [ -48.396106299999985, -16.217128499999948 ], [ -48.396534899999949, -16.217975099999933 ], [ -48.396847299999941, -16.218565299999955 ], [ -48.396920099999925, -16.219896499999958 ], [ -48.396472499999959, -16.221315499999935 ], [ -48.396006799999952, -16.222771899999938 ], [ -48.395853399999972, -16.223261 ], [ -48.395845, -16.224553799999967 ], [ -48.395902199999966, -16.22520849999994 ], [ -48.396005599999974, -16.225677199999954 ], [ -48.396185499999945, -16.226111299999964 ], [ -48.39633079999993, -16.226608 ], [ -48.396457, -16.227034699999944 ], [ -48.396602399999956, -16.227413599999977 ], [ -48.396874099999941, -16.22813039999993 ], [ -48.397061599999972, -16.228590199999932 ], [ -48.397158, -16.228922599999969 ], [ -48.397409599999953, -16.229790199999965 ], [ -48.397489899999982, -16.230194799999929 ], [ -48.397462899999937, -16.230481699999931 ], [ -48.397454399999951, -16.230509099999953 ], [ -48.397249699999975, -16.231152799999961 ], [ -48.397042299999953, -16.231385 ], [ -48.396813499999951, -16.231590099999949 ], [ -48.396777, -16.23162219999994 ], [ -48.396626699999949, -16.231789599999949 ], [ -48.396567499999946, -16.231836 ], [ -48.39650829999993, -16.231882299999928 ], [ -48.396324899999968, -16.23191 ], [ -48.396070099999974, -16.231848399999919 ], [ -48.395891099999972, -16.231811299999947 ], [ -48.395676199999969, -16.231776099999941 ], [ -48.395499099999938, -16.231801799999975 ], [ -48.395334899999973, -16.231742599999972 ], [ -48.395250899999951, -16.231647099999975 ], [ -48.395149799999963, -16.231610299999947 ], [ -48.395025499999974, -16.231589699999969 ], [ -48.394930899999963, -16.231530599999946 ], [ -48.39491, -16.231447499999931 ], [ -48.394809799999962, -16.231265 ], [ -48.394761499999959, -16.231220299999965 ], [ -48.394671099999982, -16.231147099999923 ], [ -48.394553099999939, -16.231102199999956 ], [ -48.394309399999941, -16.231036199999945 ], [ -48.394058499999971, -16.231053499999959 ], [ -48.393923599999944, -16.231081399999926 ], [ -48.393879399999946, -16.231046799999959 ], [ -48.393806, -16.230945399999936 ], [ -48.393715699999966, -16.230811499999962 ], [ -48.393601099999955, -16.230638299999949 ], [ -48.393474899999951, -16.230550899999979 ], [ -48.393319099999985, -16.230503699999925 ], [ -48.392884799999933, -16.230368599999945 ], [ -48.392640599999943, -16.230282599999949 ], [ -48.392392, -16.230200699999948 ], [ -48.392226499999943, -16.230104699999973 ], [ -48.392037, -16.23003319999998 ], [ -48.391908499999943, -16.23000239999994 ], [ -48.391731399999976, -16.230022 ], [ -48.391737699999965, -16.230018 ], [ -48.391554099999944, -16.230080099999959 ], [ -48.391488699999968, -16.230085899999949 ], [ -48.391192399999966, -16.230137499999952 ], [ -48.391004599999981, -16.230191499999936 ], [ -48.390882, -16.230310399999961 ], [ -48.390708599999982, -16.230487899999957 ], [ -48.390537599999959, -16.230588399999935 ], [ -48.390321699999959, -16.230645299999939 ], [ -48.390138, -16.230725599999975 ], [ -48.390101799999968, -16.230820599999962 ], [ -48.390139399999953, -16.230915899999957 ], [ -48.390113799999938, -16.231008899999953 ], [ -48.390026899999953, -16.231144099999934 ], [ -48.390013799999963, -16.231289699999937 ], [ -48.389933299999946, -16.231420799999967 ], [ -48.38981949999993, -16.231416399999951 ], [ -48.389739499999962, -16.231389799999921 ], [ -48.389642399999964, -16.23145409999994 ], [ -48.389549599999953, -16.231514499999946 ], [ -48.389429399999983, -16.231552399999945 ], [ -48.3893576, -16.231608799999954 ], [ -48.389108299999975, -16.23171039999994 ], [ -48.38888239999995, -16.231828899999972 ], [ -48.388746699999956, -16.231793199999974 ], [ -48.388565399999948, -16.231786499999931 ], [ -48.388411299999973, -16.231854799999955 ], [ -48.388348199999946, -16.231816099999953 ], [ -48.388301899999938, -16.231797699999952 ], [ -48.38819, -16.231862099999937 ], [ -48.388084399999975, -16.231906199999969 ], [ -48.388016899999968, -16.231942399999966 ], [ -48.388031399999932, -16.232017299999942 ], [ -48.388020499999982, -16.232114399999947 ], [ -48.387978, -16.23220729999997 ], [ -48.387906299999941, -16.232251499999968 ], [ -48.387819699999966, -16.232307799999951 ], [ -48.38771829999996, -16.232392399999981 ], [ -48.387659, -16.232509399999966 ], [ -48.387633199999982, -16.232673499999972 ], [ -48.387576, -16.23277249999996 ], [ -48.387516699999942, -16.232843099999961 ], [ -48.387514599999975, -16.232843099999958 ], [ -48.387466199999949, -16.232824699999973 ], [ -48.387405, -16.232862899999922 ], [ -48.387316199999923, -16.232955699999934 ], [ -48.387298899999962, -16.233095099999943 ], [ -48.387311199999935, -16.233206399999975 ], [ -48.387283599999932, -16.233271 ], [ -48.38719279999998, -16.23332929999998 ], [ -48.387186499999984, -16.233333299999966 ], [ -48.387076799999939, -16.233409699999985 ], [ -48.386929299999963, -16.233527099999954 ], [ -48.386798599999963, -16.233554899999955 ], [ -48.386644799999942, -16.233550299999919 ], [ -48.386476199999947, -16.233598199999964 ], [ -48.386474099999923, -16.233596199999962 ], [ -48.386288, -16.233623799999982 ], [ -48.386183799999969, -16.233753899999964 ], [ -48.386116, -16.23383459999997 ], [ -48.386126299999944, -16.233923699999927 ], [ -48.386098399999987, -16.234053099999919 ], [ -48.38609839999998, -16.234061199999939 ], [ -48.386024299999981, -16.234152 ], [ -48.385842799999978, -16.234238299999955 ], [ -48.385682499999973, -16.23431059999994 ], [ -48.385385399999961, -16.234402499999945 ], [ -48.385222899999974, -16.234501 ], [ -48.385079399999938, -16.234567199999947 ], [ -48.384997, -16.23466389999993 ], [ -48.384819899999968, -16.234768899999949 ], [ -48.384819899999968, -16.234758799999948 ], [ -48.384712, -16.23490809999992 ], [ -48.384604199999963, -16.235027099999968 ], [ -48.38444149999998, -16.235188299999955 ], [ -48.384234899999967, -16.23528459999994 ], [ -48.384068799999966, -16.235465199999975 ], [ -48.383803099999966, -16.235545199999937 ], [ -48.38359209999993, -16.235609199999939 ], [ -48.383370799999966, -16.235626599999947 ], [ -48.383129499999946, -16.235508399999961 ], [ -48.382959, -16.23546529999993 ], [ -48.382817699999983, -16.235497099999982 ], [ -48.382623899999942, -16.235543 ], [ -48.382425899999937, -16.235526099999962 ], [ -48.382255099999952, -16.235553799999927 ], [ -48.382248799999957, -16.235553799999938 ], [ -48.382010699999967, -16.235548899999973 ], [ -48.381755599999963, -16.23540429999996 ], [ -48.38166949999993, -16.235290599999928 ], [ -48.381477799999971, -16.235257599999947 ], [ -48.381311299999943, -16.235252899999974 ], [ -48.381119399999932, -16.235272499999947 ], [ -48.381055, -16.235223699999942 ], [ -48.381019499999979, -16.235122299999954 ], [ -48.380920699999926, -16.235038899999942 ], [ -48.380851799999967, -16.234830099999954 ], [ -48.380768, -16.234665699999937 ], [ -48.380645199999947, -16.234358099999962 ], [ -48.380583299999962, -16.234108 ], [ -48.380497599999956, -16.233925599999964 ], [ -48.380399099999977, -16.233783499999948 ], [ -48.380307099999989, -16.233580699999951 ], [ -48.3802, -16.233444599999931 ], [ -48.380004299999939, -16.233332499999975 ], [ -48.379713599999945, -16.233236199999954 ], [ -48.379492399999947, -16.233156399999924 ], [ -48.379117199999939, -16.233146 ], [ -48.378900099999953, -16.233139099999956 ], [ -48.37866379999997, -16.233164599999945 ], [ -48.378552099999979, -16.233162199999967 ], [ -48.378288099999963, -16.233122699999964 ], [ -48.378056599999979, -16.233000399999987 ], [ -48.377869299999986, -16.23287809999994 ], [ -48.377703099999962, -16.232766 ], [ -48.377054299999941, -16.232501099999972 ], [ -48.376784799999946, -16.232382599999941 ], [ -48.376362599999943, -16.232016699999964 ], [ -48.376225899999945, -16.231927099999954 ], [ -48.375988099999972, -16.231770299999948 ], [ -48.375457499999989, -16.231491 ], [ -48.375050899999962, -16.231424699999931 ], [ -48.375046599999962, -16.231430799999931 ], [ -48.374874299999931, -16.231233699999969 ], [ -48.374765099999927, -16.231099599999943 ], [ -48.374764, -16.231096599999944 ], [ -48.374763, -16.231093499999929 ], [ -48.374671099999951, -16.230839599999975 ], [ -48.374549599999966, -16.230638699999922 ], [ -48.374451099999938, -16.230470199999957 ], [ -48.374371299999943, -16.230378699999967 ], [ -48.374057899999968, -16.230150699999957 ], [ -48.373792899999962, -16.229943299999949 ], [ -48.37361, -16.229790699999963 ], [ -48.373483599999986, -16.229739599999956 ], [ -48.37326319999994, -16.229657699999969 ], [ -48.373153399999985, -16.229689699999948 ], [ -48.373020399999966, -16.229744 ], [ -48.372934, -16.229739599999959 ], [ -48.372801199999969, -16.229704699999964 ], [ -48.372797, -16.229700599999937 ], [ -48.372630599999972, -16.229635199999958 ], [ -48.372498, -16.229541499999979 ], [ -48.372343099999966, -16.229370899999946 ], [ -48.372246399999938, -16.229271299999944 ], [ -48.372186399999968, -16.229243699999934 ], [ -48.371545, -16.22895959999995 ], [ -48.3714672, -16.228912599999944 ], [ -48.371462, -16.22891589999994 ], [ -48.370326899999952, -16.228371699999961 ], [ -48.369354899999962, -16.227964099999941 ], [ -48.369293399999954, -16.227938299999945 ], [ -48.36861289999996, -16.227901899999942 ], [ -48.368552199999954, -16.22803109999996 ], [ -48.368419099999983, -16.228231499999946 ], [ -48.368295699999976, -16.228377199999962 ], [ -48.368096199999968, -16.228550199999979 ], [ -48.367877799999981, -16.228668599999946 ], [ -48.367716399999949, -16.228768699999929 ], [ -48.367517, -16.228887 ], [ -48.36729859999997, -16.229005399999942 ], [ -48.367127599999947, -16.229132799999938 ], [ -48.367004199999947, -16.229278599999923 ], [ -48.366961, -16.229384299999928 ], [ -48.366960899999988, -16.229496799999939 ], [ -48.366986899999979, -16.229665599999983 ], [ -48.367032299999948, -16.229828199999918 ], [ -48.367110299999979, -16.229997 ], [ -48.367194799999936, -16.230190899999968 ], [ -48.367266299999983, -16.230347199999908 ], [ -48.36735079999994, -16.230497299999971 ], [ -48.367396299999946, -16.230628599999928 ], [ -48.367415699999981, -16.230828599999928 ], [ -48.367415599999958, -16.231003699999977 ], [ -48.367422, -16.231197499999944 ], [ -48.367402299999981, -16.231347499999977 ], [ -48.367395699999975, -16.231528799999971 ], [ -48.367369499999946, -16.231666299999983 ], [ -48.367304299999951, -16.231803799999966 ], [ -48.367206499999959, -16.231966199999917 ], [ -48.367082699999969, -16.232097399999926 ], [ -48.366958899999986, -16.232241099999953 ], [ -48.36681429999993, -16.232347399999981 ], [ -48.366631899999959, -16.232478499999957 ], [ -48.36651459999996, -16.232591 ], [ -48.36637769999993, -16.232747199999949 ], [ -48.366279899999945, -16.232934599999947 ], [ -48.36619509999997, -16.233115899999973 ], [ -48.366110399999961, -16.23329709999997 ], [ -48.366006099999936, -16.233447099999964 ], [ -48.36589529999997, -16.23360329999996 ], [ -48.365810499999952, -16.23375319999996 ], [ -48.365738799999974, -16.233915699999958 ], [ -48.365654, -16.234128199999923 ], [ -48.365621299999923, -16.234297 ], [ -48.365588599999967, -16.234534499999935 ], [ -48.365555899999947, -16.234734499999949 ], [ -48.365529699999975, -16.234959599999971 ], [ -48.365497, -16.235134599999984 ], [ -48.365438199999964, -16.235318899999989 ], [ -48.365385899999971, -16.235575099999959 ], [ -48.365301199999983, -16.2357689 ], [ -48.365196799999985, -16.235950099999968 ], [ -48.365086, -16.23615 ], [ -48.36494909999994, -16.236406299999942 ], [ -48.364818699999951, -16.236637499999979 ], [ -48.364681799999978, -16.236818699999969 ], [ -48.364597099999969, -16.236956099999936 ], [ -48.364531899999974, -16.237112399999951 ], [ -48.364453599999933, -16.237337399999937 ], [ -48.36440129999994, -16.23754989999998 ], [ -48.3643881, -16.237787399999945 ], [ -48.364336399999956, -16.23803079999993 ], [ -48.364297199999953, -16.238262099999925 ], [ -48.364251399999937, -16.23853709999997 ], [ -48.364160099999935, -16.238755899999948 ], [ -48.364042799999943, -16.238912099999943 ], [ -48.363958, -16.239043299999924 ], [ -48.363912299999981, -16.239205799999976 ], [ -48.363815699999975, -16.239373199999935 ], [ -48.363743899999974, -16.239548199999945 ], [ -48.363704699999971, -16.239798299999965 ], [ -48.363678499999935, -16.239967 ], [ -48.363658799999939, -16.240210799999954 ], [ -48.363645199999958, -16.240439099999943 ], [ -48.36359669999996, -16.240655899999979 ], [ -48.363531899999941, -16.240919099999935 ], [ -48.363459199999966, -16.241159099999948 ], [ -48.363346099999944, -16.241360399999973 ], [ -48.363225, -16.241491899999982 ], [ -48.363079699999957, -16.24160019999993 ], [ -48.36287, -16.241662 ], [ -48.362587699999956, -16.241685099999938 ], [ -48.362321499999958, -16.241661699999959 ], [ -48.362055399999981, -16.241669199999933 ], [ -48.361829499999942, -16.241669099999978 ], [ -48.361482699999954, -16.241676599999941 ], [ -48.361176199999925, -16.241730499999971 ], [ -48.360837399999987, -16.241792299999926 ], [ -48.360393699999982, -16.241822899999935 ], [ -48.3600388, -16.241838099999942 ], [ -48.359684, -16.241837899999947 ], [ -48.359385599999939, -16.241783499999944 ], [ -48.358974299999943, -16.24168249999996 ], [ -48.358506599999949, -16.241535 ], [ -48.358167899999955, -16.241441899999927 ], [ -48.357845399999974, -16.241371899999933 ], [ -48.357506599999965, -16.241371699999959 ], [ -48.35723239999993, -16.24137149999995 ], [ -48.3569581, -16.241425499999927 ], [ -48.356691799999965, -16.241533699999923 ], [ -48.356578799999973, -16.241688499999949 ], [ -48.356514099999963, -16.241944 ], [ -48.356457399999954, -16.242222699999942 ], [ -48.356376499999961, -16.242439499999925 ], [ -48.356368299999986, -16.242625399999962 ], [ -48.356343899999956, -16.242873099999933 ], [ -48.35628729999997, -16.243066699999911 ], [ -48.35615, -16.243298899999949 ], [ -48.355988499999967, -16.243500099999935 ], [ -48.355843199999981, -16.243639399999939 ], [ -48.355617299999949, -16.243724399999969 ], [ -48.355472099999979, -16.243693399999923 ], [ -48.355327, -16.243561599999957 ], [ -48.355101299999944, -16.243398799999966 ], [ -48.354762699999981, -16.243181799999945 ], [ -48.354448299999945, -16.242995699999941 ], [ -48.354115399999955, -16.242800299999949 ], [ -48.353857399999974, -16.242683899999975 ], [ -48.353688, -16.242691599999937 ], [ -48.353494399999931, -16.242714599999939 ], [ -48.353308799999979, -16.242838399999979 ], [ -48.353147299999932, -16.243031899999952 ], [ -48.353090699999939, -16.243186699999974 ], [ -48.353082499999971, -16.243395799999977 ], [ -48.353138799999954, -16.243635899999969 ], [ -48.353195, -16.243876 ], [ -48.353243199999959, -16.244123799999954 ], [ -48.35320279999997, -16.24429409999993 ], [ -48.353097799999944, -16.244418 ], [ -48.352928299999974, -16.244510699999971 ], [ -48.352662099999975, -16.244549299999946 ], [ -48.352363699999962, -16.244549 ], [ -48.351984699999953, -16.244494599999936 ], [ -48.351589499999932, -16.244393599999956 ], [ -48.351202499999943, -16.244284899999958 ], [ -48.350807299999985, -16.24417619999997 ], [ -48.350436399999985, -16.244028799999981 ], [ -48.350025199999948, -16.243904499999914 ], [ -48.349549399999944, -16.243819 ], [ -48.34913, -16.243756699999942 ], [ -48.348646199999962, -16.243678899999953 ], [ -48.34834769999997, -16.243686399999948 ], [ -48.3479928, -16.243748099999944 ], [ -48.347678099999939, -16.243879499999931 ], [ -48.347403699999973, -16.24404189999996 ], [ -48.34721, -16.244235399999972 ], [ -48.347088799999938, -16.244467599999957 ], [ -48.346991699999933, -16.244777299999964 ], [ -48.346959199999958, -16.245056 ], [ -48.347007399999931, -16.245296099999965 ], [ -48.347047599999946, -16.245513 ], [ -48.347077499999955, -16.245765299999956 ], [ -48.347077199999944, -16.24608279999995 ], [ -48.347068899999954, -16.246353799999945 ], [ -48.347125199999937, -16.246562899999955 ], [ -48.347270099999946, -16.2469192 ], [ -48.34735859999995, -16.247151599999921 ], [ -48.347519599999941, -16.247500199999941 ], [ -48.347640299999973, -16.24780229999994 ], [ -48.347720799999934, -16.24805009999994 ], [ -48.347736699999984, -16.248336699999975 ], [ -48.347720299999935, -16.248654199999965 ], [ -48.347655499999973, -16.248940599999962 ], [ -48.347494, -16.249196 ], [ -48.347292199999963, -16.249319799999963 ], [ -48.347042199999976, -16.249342799999965 ], [ -48.346832499999955, -16.249296199999939 ], [ -48.346719699999944, -16.249156699999954 ], [ -48.346631199999933, -16.248932099999944 ], [ -48.346526499999982, -16.248738399999965 ], [ -48.346357199999936, -16.248552399999944 ], [ -48.346204199999931, -16.248312199999926 ], [ -48.346059299999986, -16.247994599999974 ], [ -48.345898299999938, -16.247646099999933 ], [ -48.345793699999945, -16.247313 ], [ -48.345664899999974, -16.246987699999963 ], [ -48.345495699999958, -16.246763 ], [ -48.345294199999962, -16.246615699999943 ], [ -48.345076899999981, -16.246572599999972 ], [ -48.344762299999957, -16.246611099999949 ], [ -48.344520299999942, -16.246711599999969 ], [ -48.3443104, -16.246912799999961 ], [ -48.344156899999973, -16.247129499999978 ], [ -48.344076099999938, -16.247377199999956 ], [ -48.344075399999959, -16.24758269999996 ], [ -48.344107599999973, -16.247729799999938 ], [ -48.344196199999942, -16.247900299999962 ], [ -48.344276699999966, -16.248055199999968 ], [ -48.344308799999965, -16.248233299999988 ], [ -48.344340899999963, -16.248450199999969 ], [ -48.344389, -16.248736699999935 ], [ -48.344388699999975, -16.24904649999996 ], [ -48.344372899999946, -16.249266899999942 ], [ -48.344340399999965, -16.249576599999951 ], [ -48.344283599999983, -16.249901799999986 ], [ -48.34419459999998, -16.250257899999941 ], [ -48.344105499999962, -16.250645099999929 ], [ -48.34400039999997, -16.250970199999916 ], [ -48.343855, -16.251179199999964 ], [ -48.343677399999933, -16.251388099999929 ], [ -48.343507899999963, -16.251511899999958 ], [ -48.343346499999939, -16.251573699999938 ], [ -48.343144799999948, -16.25161229999998 ], [ -48.342902899999956, -16.251612099999921 ], [ -48.342652899999969, -16.251573199999942 ], [ -48.342410899999948, -16.251549699999927 ], [ -48.342128599999967, -16.251557199999976 ], [ -48.34173329999993, -16.251618899999986 ], [ -48.341338, -16.251680499999967 ], [ -48.34098309999996, -16.251680199999949 ], [ -48.340644299999944, -16.251710899999981 ], [ -48.340410299999974, -16.251734 ], [ -48.3402167, -16.251772599999981 ], [ -48.340071499999972, -16.251857599999934 ], [ -48.339966499999946, -16.251989199999972 ], [ -48.339917899999932, -16.252128499999969 ], [ -48.339909699999971, -16.252368599999951 ], [ -48.339924299999943, -16.252664699999968 ], [ -48.339924, -16.253009199999958 ], [ -48.339930299999942, -16.253347799999975 ], [ -48.339907599999947, -16.25370979999996 ], [ -48.339891, -16.254037299999926 ], [ -48.339825799999971, -16.254310299999929 ], [ -48.339711899999941, -16.254434899999968 ], [ -48.339557499999955, -16.254544 ], [ -48.339338099999964, -16.254590599999972 ], [ -48.339037599999983, -16.254582599999939 ], [ -48.338728899999985, -16.254512099999932 ], [ -48.338282199999981, -16.254363599999966 ], [ -48.337892399999937, -16.25423069999993 ], [ -48.337657, -16.254082299999929 ], [ -48.337478399999945, -16.253895 ], [ -48.337381199999989, -16.253637599999927 ], [ -48.337267599999961, -16.25348149999996 ], [ -48.33705649999996, -16.253387699999962 ], [ -48.336820899999964, -16.253379699999968 ], [ -48.336560899999938, -16.253418499999935 ], [ -48.336398299999985, -16.253512 ], [ -48.336243799999977, -16.253730199999961 ], [ -48.336137899999983, -16.254034299999944 ], [ -48.336064599999979, -16.254229199999941 ], [ -48.335950699999955, -16.25439289999996 ], [ -48.335885599999983, -16.254525399999988 ], [ -48.335853, -16.254720299999963 ], [ -48.335877099999941, -16.254985499999968 ], [ -48.335974199999953, -16.255375599999976 ], [ -48.336030899999976, -16.255617399999956 ], [ -48.336140199999939, -16.255875799999949 ], [ -48.336261799999932, -16.256070899999937 ], [ -48.336367299999949, -16.256211299999961 ], [ -48.336513399999951, -16.256344 ], [ -48.336683899999969, -16.25644559999995 ], [ -48.336878799999965, -16.256523699999935 ], [ -48.337122399999942, -16.2566409 ], [ -48.337422899999979, -16.256828299999928 ], [ -48.337585099999963, -16.257046799999955 ], [ -48.33771489999998, -16.257249699999925 ], [ -48.337812199999981, -16.257522699999967 ], [ -48.33784449999996, -16.257764499999947 ], [ -48.337779299999966, -16.257982899999952 ], [ -48.337673499999937, -16.25814649999996 ], [ -48.337535299999956, -16.258279 ], [ -48.337315899999957, -16.258356799999948 ], [ -48.337039699999927, -16.258325399999944 ], [ -48.336755399999966, -16.258262799999947 ], [ -48.336463099999946, -16.258168899999927 ], [ -48.336081399999955, -16.257997 ], [ -48.335724099999936, -16.257833 ], [ -48.335407399999951, -16.257661099999957 ], [ -48.335107, -16.257450299999956 ], [ -48.334798499999984, -16.257216099999926 ], [ -48.334530599999937, -16.257036499999977 ], [ -48.334254499999986, -16.256919299999929 ], [ -48.333978399999971, -16.25686449999996 ], [ -48.333677799999975, -16.256872 ], [ -48.333434099999984, -16.256840599999975 ], [ -48.333149899999967, -16.256731199999923 ], [ -48.33289, -16.256567199999946 ], [ -48.332711399999944, -16.256512399999949 ], [ -48.332565099999954, -16.25651229999994 ], [ -48.332443199999943, -16.256574599999961 ], [ -48.332329399999935, -16.256707099999975 ], [ -48.33228859999997, -16.256878599999929 ], [ -48.332304699999952, -16.257042399999929 ], [ -48.332353199999943, -16.257260799999926 ], [ -48.332377399999984, -16.257448 ], [ -48.332369099999937, -16.257635199999989 ], [ -48.332344499999977, -16.257915899999929 ], [ -48.332303699999954, -16.258142099999919 ], [ -48.332230399999958, -16.258376 ], [ -48.332140799999934, -16.258633299999939 ], [ -48.332043099999972, -16.258820399999934 ], [ -48.331856099999989, -16.258984 ], [ -48.33164469999997, -16.259132 ], [ -48.331441599999948, -16.259186399999972 ], [ -48.331262899999956, -16.25918629999995 ], [ -48.331092299999966, -16.259131499999953 ], [ -48.330921799999942, -16.25903 ], [ -48.330775699999947, -16.258928499999957 ], [ -48.3306214, -16.258795799999984 ], [ -48.33045089999996, -16.258678599999943 ], [ -48.330247899999968, -16.258608299999931 ], [ -48.330061, -16.258623699999923 ], [ -48.329857799999957, -16.25873269999995 ], [ -48.329670799999974, -16.258857399999957 ], [ -48.329500099999962, -16.259013199999963 ], [ -48.329378, -16.2592471 ], [ -48.329296499999941, -16.259481 ], [ -48.329215, -16.259753899999957 ], [ -48.329146199999975, -16.260050699999976 ], [ -48.3291134, -16.260284699999954 ], [ -48.32912129999994, -16.260526399999939 ], [ -48.329145499999981, -16.260744799999937 ], [ -48.329194, -16.260963299999958 ], [ -48.329266899999936, -16.261220699999967 ], [ -48.329388499999936, -16.261470399999958 ], [ -48.32941269999997, -16.261673099999953 ], [ -48.32942879999996, -16.261821299999951 ], [ -48.329509899999941, -16.262024199999939 ], [ -48.329558399999939, -16.262227 ], [ -48.329598799999978, -16.262492199999926 ], [ -48.329606599999977, -16.262812 ], [ -48.329622599999929, -16.263139499999973 ], [ -48.329646599999933, -16.263490499999925 ], [ -48.329662599999949, -16.263794699999945 ], [ -48.329613699999982, -16.263958399999989 ], [ -48.329532299999983, -16.264122099999941 ], [ -48.329402199999947, -16.264293599999966 ], [ -48.329247799999969, -16.264355899999938 ], [ -48.329069, -16.264418099999943 ], [ -48.32869519999997, -16.264488 ], [ -48.328329499999938, -16.26455 ], [ -48.327955799999977, -16.264588699999933 ], [ -48.327630799999952, -16.264572799999932 ], [ -48.327370899999949, -16.264518 ], [ -48.327054199999964, -16.264416299999937 ], [ -48.326721199999952, -16.264299099999949 ], [ -48.326469399999951, -16.264267599999972 ], [ -48.326241899999964, -16.26429859999995 ], [ -48.326055, -16.264353099999944 ], [ -48.325851799999946, -16.264438699999982 ], [ -48.325705399999954, -16.264571099999941 ], [ -48.32565649999998, -16.26473489999994 ], [ -48.325672599999962, -16.264875299999964 ], [ -48.32577809999998, -16.265062499999946 ], [ -48.325940399999979, -16.26521089999995 ], [ -48.326078399999979, -16.265312399999974 ], [ -48.326248899999939, -16.265421699999933 ], [ -48.326468199999972, -16.265538899999957 ], [ -48.326679199999944, -16.26570289999994 ], [ -48.326916799999935, -16.265862199999965 ], [ -48.327152199999944, -16.265995 ], [ -48.327444499999949, -16.266174599999932 ], [ -48.327712399999939, -16.266377599999934 ], [ -48.327907299999936, -16.266541499999963 ], [ -48.328029, -16.266736599999948 ], [ -48.328085599999959, -16.26694719999994 ], [ -48.32815039999997, -16.267150099999988 ], [ -48.328158299999977, -16.267368399999949 ], [ -48.328117499999969, -16.267641399999945 ], [ -48.328011599999968, -16.267890799999982 ], [ -48.327881399999967, -16.268093499999956 ], [ -48.327718799999957, -16.268249299999976 ], [ -48.327531799999974, -16.268436399999924 ], [ -48.327328499999965, -16.268576599999971 ], [ -48.327084699999951, -16.268662099999972 ], [ -48.326743399999941, -16.268755399999986 ], [ -48.326499599999977, -16.268841 ], [ -48.326223299999981, -16.2689655 ], [ -48.326029199999944, -16.26909859999995 ], [ -48.325915299999963, -16.269262199999957 ], [ -48.325850099999968, -16.269441599999947 ], [ -48.325825499999951, -16.269644299999985 ], [ -48.325760299999956, -16.269901599999958 ], [ -48.325711299999966, -16.270151099999953 ], [ -48.325606199999982, -16.270339799999938 ], [ -48.325520899999958, -16.270496399999949 ], [ -48.325513599999965, -16.270646199999934 ], [ -48.325478099999948, -16.27077549999996 ], [ -48.325421199999944, -16.27092529999992 ], [ -48.325371299999972, -16.27110909999994 ], [ -48.32533559999996, -16.271401899999944 ], [ -48.325307, -16.271653799999971 ], [ -48.325292599999955, -16.271878499999968 ], [ -48.325285199999939, -16.272205399999958 ], [ -48.325306099999978, -16.27258 ], [ -48.325284599999975, -16.272791 ], [ -48.325234799999983, -16.272988499999929 ], [ -48.325156599999964, -16.273117799999959 ], [ -48.325064399999974, -16.273151799999926 ], [ -48.324922399999934, -16.273185699999946 ], [ -48.324574799999937, -16.273205799999975 ], [ -48.324241399999948, -16.273225899999943 ], [ -48.324000199999944, -16.273253 ], [ -48.323829799999942, -16.273320899999938 ], [ -48.323702099999942, -16.2733957 ], [ -48.323623899999973, -16.273518199999963 ], [ -48.323609599999941, -16.273627199999964 ], [ -48.323637799999972, -16.273838299999955 ], [ -48.32366589999998, -16.27409259999995 ], [ -48.323679899999945, -16.274358199999927 ], [ -48.32366549999994, -16.274562499999959 ], [ -48.32363689999994, -16.274753099999941 ], [ -48.32358, -16.274950599999954 ], [ -48.32354429999998, -16.275148 ], [ -48.323544099999935, -16.275434 ], [ -48.323508299999958, -16.275713199999924 ], [ -48.323476199999959, -16.275939699999981 ], [ -48.323426299999937, -16.27612349999993 ], [ -48.323319799999979, -16.276225599999968 ], [ -48.323156499999989, -16.276320799999937 ], [ -48.322943599999974, -16.27645 ], [ -48.322780399999942, -16.27651109999994 ], [ -48.322631299999962, -16.276558699999953 ], [ -48.322524899999955, -16.276558599999937 ], [ -48.32239729999997, -16.276510799999937 ], [ -48.322269699999943, -16.276422099999937 ], [ -48.32218469999998, -16.276272299999967 ], [ -48.322092599999962, -16.276122399999956 ], [ -48.321957899999973, -16.276033699999964 ], [ -48.321745099999923, -16.275972199999959 ], [ -48.321525299999962, -16.275931199999945 ], [ -48.321369199999936, -16.275910599999971 ], [ -48.321227299999975, -16.275965 ], [ -48.32112079999996, -16.276053399999974 ], [ -48.321, -16.276209899999962 ], [ -48.320886399999942, -16.276339199999928 ], [ -48.320758599999976, -16.276482099999946 ], [ -48.320637799999986, -16.276645399999953 ], [ -48.320552499999962, -16.276802 ], [ -48.320509799999968, -16.276999399999966 ], [ -48.320488299999958, -16.277156 ], [ -48.320481099999938, -16.277333 ], [ -48.320551899999941, -16.277448899999968 ], [ -48.320722099999948, -16.277544399999954 ], [ -48.320920599999965, -16.277626299999937 ], [ -48.321069499999965, -16.277694499999946 ], [ -48.321161699999948, -16.277783099999958 ], [ -48.3212324, -16.277939799999952 ], [ -48.321253599999977, -16.278116899999922 ], [ -48.321303, -16.278300799999965 ], [ -48.321317099999924, -16.278443799999934 ], [ -48.321281399999975, -16.278634399999923 ], [ -48.321196099999945, -16.278838599999968 ], [ -48.321167599999967, -16.278988399999946 ], [ -48.321174499999984, -16.279165499999969 ], [ -48.321238199999982, -16.279315399999977 ], [ -48.321344499999945, -16.279444899999923 ], [ -48.321465, -16.279560699999923 ], [ -48.321621, -16.279622199999949 ], [ -48.321812499999965, -16.279686599999931 ], [ -48.321968399999946, -16.279829799999952 ], [ -48.322145499999969, -16.280054599999971 ], [ -48.322280199999966, -16.280238599999965 ], [ -48.322421899999938, -16.280368099999976 ], [ -48.322613299999951, -16.280490899999958 ], [ -48.322811799999954, -16.280661299999966 ], [ -48.322925199999986, -16.280831599999928 ], [ -48.323017099999959, -16.281097299999949 ], [ -48.323066599999947, -16.281362899999973 ], [ -48.323101799999968, -16.281601299999966 ], [ -48.323122899999937, -16.281805599999938 ], [ -48.323108399999967, -16.282098399999931 ], [ -48.323072699999962, -16.282316299999923 ], [ -48.322973199999979, -16.282527299999977 ], [ -48.322866599999934, -16.28271789999997 ], [ -48.3227955, -16.282901699999968 ], [ -48.322731399999959, -16.283133199999948 ], [ -48.322667399999943, -16.283317 ], [ -48.322575, -16.283487199999957 ], [ -48.322468399999941, -16.28370579999995 ], [ -48.32237589999994, -16.283930399999967 ], [ -48.322276399999964, -16.284127799999947 ], [ -48.322155599999974, -16.284297899999952 ], [ -48.322013699999957, -16.284359099999964 ], [ -48.321850499999982, -16.284365799999936 ], [ -48.321595099999968, -16.284406399999977 ], [ -48.321410499999956, -16.284494699999982 ], [ -48.32124019999997, -16.284589899999958 ], [ -48.321048499999968, -16.284698699999968 ], [ -48.320871099999977, -16.284766699999963 ], [ -48.320644, -16.284848199999949 ], [ -48.320388499999979, -16.284963699999928 ], [ -48.320214, -16.28510179999995 ], [ -48.320043599999956, -16.285278699999939 ], [ -48.319915699999967, -16.285455699999936 ], [ -48.319830299999978, -16.285700799999958 ], [ -48.319759099999942, -16.28596629999992 ], [ -48.319709199999977, -16.286225 ], [ -48.319723199999949, -16.286477 ], [ -48.319730099999958, -16.286613199999966 ], [ -48.319765399999937, -16.286783399999926 ], [ -48.319850499999973, -16.286885699999974 ], [ -48.319985199999962, -16.286933499999968 ], [ -48.320190899999943, -16.286974499999911 ], [ -48.320339899999958, -16.286988299999962 ], [ -48.320524399999954, -16.286974799999939 ], [ -48.320630699999981, -16.287022599999943 ], [ -48.32077959999998, -16.287152099999965 ], [ -48.320907099999943, -16.287349699999943 ], [ -48.321006199999943, -16.287554099999962 ], [ -48.32107689999998, -16.287806099999958 ], [ -48.321105099999954, -16.28805809999994 ], [ -48.321126099999958, -16.288330499999972 ], [ -48.32110449999994, -16.288602899999933 ], [ -48.321064399999962, -16.288880199999927 ], [ -48.321065099999942, -16.289006899999958 ], [ -48.321109799999931, -16.289117599999944 ], [ -48.321148099999967, -16.289265099999952 ], [ -48.321147899999971, -16.289406399999969 ], [ -48.321134899999947, -16.289658299999921 ], [ -48.321109, -16.289928699999972 ], [ -48.321070299999974, -16.290248099999918 ], [ -48.321018699999961, -16.290659799999947 ], [ -48.320935, -16.291114399999973 ], [ -48.320896299999959, -16.29144869999994 ], [ -48.320876899999973, -16.291608399999962 ], [ -48.320870299999967, -16.29179889999995 ], [ -48.320902099999955, -16.29199559999995 ], [ -48.320966, -16.292192299999943 ], [ -48.321036199999988, -16.292401199999976 ], [ -48.321087199999965, -16.292567199999951 ], [ -48.321080699999982, -16.29272079999992 ], [ -48.321042, -16.292972699999961 ], [ -48.321003299999973, -16.293255299999938 ], [ -48.320945399999978, -16.293556299999985 ], [ -48.320900299999948, -16.293867299999935 ], [ -48.320861699999973, -16.294088499999937 ], [ -48.32085509999996, -16.294303599999974 ], [ -48.32081009999996, -16.294481699999945 ], [ -48.320739499999945, -16.294672099999953 ], [ -48.320643299999979, -16.294862499999976 ], [ -48.320527899999945, -16.295046799999966 ], [ -48.32040609999995, -16.295206399999927 ], [ -48.32027149999994, -16.295372199999967 ], [ -48.320194499999964, -16.295513399999937 ], [ -48.320143099999939, -16.295673199999964 ], [ -48.320149399999941, -16.295808299999976 ], [ -48.320187699999956, -16.295949699999944 ], [ -48.32029, -16.296115699999969 ], [ -48.320398599999969, -16.296281699999938 ], [ -48.320443299999965, -16.296478399999948 ], [ -48.320442599999986, -16.296682899999951 ], [ -48.320442399999941, -16.296903299999943 ], [ -48.32039229999998, -16.29710439999997 ], [ -48.320332199999939, -16.297305499999933 ], [ -48.320242199999932, -16.297516199999968 ], [ -48.320102199999951, -16.29773639999997 ], [ -48.319922399999939, -16.297927799999975 ], [ -48.319702599999971, -16.29813839999996 ], [ -48.319482799999946, -16.29834889999994 ], [ -48.319312899999943, -16.298540399999968 ], [ -48.319203, -16.298712699999967 ], [ -48.319122899999968, -16.2989042 ], [ -48.319082799999933, -16.299105399999977 ], [ -48.319082599999952, -16.299364 ], [ -48.319122199999981, -16.299670599999953 ], [ -48.319221599999935, -16.300025199999922 ], [ -48.319341099999981, -16.300351 ], [ -48.319440599999957, -16.300628899999943 ], [ -48.319550199999988, -16.300916399999959 ], [ -48.319689599999947, -16.301251799999928 ], [ -48.319925599999983, -16.301822899999937 ], [ -48.320224299999957, -16.302483399999961 ], [ -48.320440399999939, -16.302948199999953 ], [ -48.320903899999962, -16.303776899999939 ], [ -48.321075499999957, -16.304131599999941 ], [ -48.321151799999939, -16.304315099999936 ], [ -48.321202499999977, -16.304504699999928 ], [ -48.321208799999972, -16.304657499999955 ], [ -48.321183099999985, -16.304810299999932 ], [ -48.321087399999961, -16.304993699999958 ], [ -48.321023499999967, -16.305201499999949 ], [ -48.320966, -16.305415399999966 ], [ -48.320914799999969, -16.305611 ], [ -48.320850899999989, -16.305855499999954 ], [ -48.320793299999941, -16.306075499999967 ], [ -48.320716799999964, -16.306209899999931 ], [ -48.320627499999944, -16.306344399999933 ], [ -48.320552799999973, -16.306470899999965 ], [ -48.320468099999971, -16.30664209999998 ], [ -48.320449199999985, -16.306813399999946 ], [ -48.320533599999976, -16.306966699999975 ], [ -48.320693, -16.307192299999951 ], [ -48.320955699999963, -16.307508 ], [ -48.321199699999966, -16.307832799999979 ], [ -48.321406, -16.308112499999925 ], [ -48.321584299999984, -16.308283899999939 ], [ -48.321772099999976, -16.308365199999955 ], [ -48.321978799999954, -16.308374399999931 ], [ -48.322176099999972, -16.308347599999944 ], [ -48.322354499999967, -16.308356799999945 ], [ -48.322589299999947, -16.308420099999964 ], [ -48.32285219999995, -16.308564599999954 ], [ -48.32300719999995, -16.308634399999949 ], [ -48.323209599999984, -16.308703499999975 ], [ -48.323509899999983, -16.308735099999968 ], [ -48.323764599999947, -16.308747899999961 ], [ -48.324032299999942, -16.308735599999984 ], [ -48.324208599999963, -16.308754599999919 ], [ -48.324391399999968, -16.308804899999927 ], [ -48.324554499999977, -16.308905299999939 ], [ -48.324652299999961, -16.309030699999948 ], [ -48.324717499999963, -16.30921879999995 ], [ -48.324743399999932, -16.309406799999984 ], [ -48.324789, -16.309557299999938 ], [ -48.324854099999975, -16.309720299999984 ], [ -48.32492579999996, -16.309877 ], [ -48.324964899999941, -16.310002399999966 ], [ -48.324990799999966, -16.310146599999943 ], [ -48.32496459999993, -16.310328299999988 ], [ -48.324912199999972, -16.310472399999981 ], [ -48.324859799999956, -16.310641499999978 ], [ -48.324859599999975, -16.310798199999972 ], [ -48.324872499999977, -16.310961199999959 ], [ -48.324865799999941, -16.311144799999973 ], [ -48.324826499999979, -16.311339099999955 ], [ -48.324793599999964, -16.311520799999975 ], [ -48.324760799999979, -16.311721299999924 ], [ -48.324727899999971, -16.311928099999935 ], [ -48.324708099999945, -16.312153699999961 ], [ -48.324649099999931, -16.312448199999945 ], [ -48.324590099999973, -16.312629899999923 ], [ -48.324518199999943, -16.312767699999927 ], [ -48.324387399999985, -16.3129 ], [ -48.324224099999981, -16.313006399999949 ], [ -48.324113, -16.31309409999994 ], [ -48.324021499999958, -16.313213099999928 ], [ -48.32394289999997, -16.313401 ], [ -48.323903599999937, -16.313557599999964 ], [ -48.323890399999989, -16.313751899999954 ], [ -48.32389019999993, -16.3139462 ], [ -48.323903099999946, -16.314121699999934 ], [ -48.323955099999971, -16.314316 ], [ -48.324066, -16.314466499999977 ], [ -48.324176899999941, -16.314529299999954 ], [ -48.324327099999948, -16.314585799999968 ], [ -48.324594699999977, -16.314661299999955 ], [ -48.324895, -16.314736699999969 ], [ -48.325136599999958, -16.314755699999974 ], [ -48.325384699999972, -16.314824899999959 ], [ -48.325587, -16.314931599999955 ], [ -48.325704499999965, -16.315038299999962 ], [ -48.325782699999941, -16.315157399999979 ], [ -48.325841299999979, -16.315339199999983 ], [ -48.325854299999946, -16.315495899999974 ], [ -48.325847599999967, -16.315671399999932 ], [ -48.325880099999949, -16.315834399999968 ], [ -48.325893, -16.315988399999981 ], [ -48.325918799999961, -16.31623279999997 ], [ -48.325925199999972, -16.316433399999937 ], [ -48.325911899999937, -16.316652699999963 ], [ -48.325879099999952, -16.316859499999978 ], [ -48.32582009999993, -16.317066199999946 ], [ -48.325741499999936, -16.31729179999996 ], [ -48.325617299999976, -16.317467199999957 ], [ -48.325499699999973, -16.317510899999938 ], [ -48.325349499999959, -16.317492 ], [ -48.325186299999984, -16.31741659999993 ], [ -48.325029699999966, -16.317316199999947 ], [ -48.324905799999947, -16.317146899999962 ], [ -48.324847199999965, -16.316958799999956 ], [ -48.32477549999993, -16.316770799999979 ], [ -48.324664699999971, -16.316614 ], [ -48.324514599999986, -16.3165011 ], [ -48.324331799999975, -16.31641939999998 ], [ -48.32412949999997, -16.316369099999978 ], [ -48.323907399999939, -16.31636269999996 ], [ -48.323691899999965, -16.316400099999949 ], [ -48.323528599999975, -16.316481399999926 ], [ -48.323404399999966, -16.316600399999977 ], [ -48.323345499999967, -16.316757 ], [ -48.323321599999986, -16.316925199999957 ], [ -48.323311799999942, -16.317014199999949 ], [ -48.323338599999936, -16.317107899999939 ], [ -48.323399399999971, -16.317178099999982 ], [ -48.323453, -16.317285899999945 ], [ -48.323482, -16.317421399999947 ], [ -48.323525899999936, -16.317590299999953 ], [ -48.323540399999963, -16.317707299999938 ], [ -48.323540299999941, -16.317835099999954 ], [ -48.323533599999962, -16.318029299999981 ], [ -48.323574199999939, -16.318165799999978 ], [ -48.323961, -16.318304599999976 ], [ -48.32436139999993, -16.318598599999966 ], [ -48.324942399999941, -16.319224399999943 ], [ -48.325361, -16.319844 ], [ -48.32564119999995, -16.320539099999973 ], [ -48.325781199999938, -16.321222899999952 ], [ -48.325711, -16.321783399999966 ], [ -48.325535599999967, -16.322355 ], [ -48.325395299999968, -16.322736099999926 ], [ -48.325395199999946, -16.323195699999932 ], [ -48.325453499999981, -16.323610399999946 ], [ -48.325628599999959, -16.323879499999961 ], [ -48.326049, -16.324294299999963 ], [ -48.326364199999951, -16.324866099999955 ], [ -48.326609399999946, -16.325471499999924 ], [ -48.326691, -16.325908699999953 ], [ -48.326784399999951, -16.32620009999992 ], [ -48.327053, -16.32650279999995 ], [ -48.327578499999959, -16.326783199999952 ], [ -48.327963899999986, -16.326895399999948 ], [ -48.328372799999947, -16.326861799999971 ], [ -48.328956799999958, -16.326637799999951 ], [ -48.32959939999995, -16.326212 ], [ -48.330148399999985, -16.325752499999972 ], [ -48.33047559999995, -16.325237 ], [ -48.330662599999989, -16.324631699999948 ], [ -48.330820899999935, -16.32362379999994 ], [ -48.330972899999956, -16.322872699999945 ], [ -48.33114819999998, -16.322413199999964 ], [ -48.331417, -16.322020899999924 ], [ -48.331732399999964, -16.321707099999973 ], [ -48.332188, -16.321471799999934 ], [ -48.332620199999951, -16.3213598 ], [ -48.333414399999981, -16.321292699999955 ], [ -48.334337199999943, -16.321281699999936 ], [ -48.334804399999939, -16.321270599999931 ], [ -48.335248199999967, -16.321125 ], [ -48.335633699999953, -16.320822399999951 ], [ -48.336358099999984, -16.320004199999978 ], [ -48.337000699999976, -16.319085199999961 ], [ -48.337818499999969, -16.318143699999965 ], [ -48.338332499999979, -16.317639399999962 ], [ -48.338729799999953, -16.317247099999971 ], [ -48.339091899999971, -16.317135099999973 ], [ -48.339524099999949, -16.317124 ], [ -48.33989779999996, -16.317180099999973 ], [ -48.34020929999997, -16.317359899999918 ], [ -48.34073479999995, -16.317797199999966 ], [ -48.341190299999937, -16.318077499999969 ], [ -48.341891099999941, -16.318324299999976 ], [ -48.342393399999935, -16.318425199999979 ], [ -48.342860599999938, -16.318380499999922 ], [ -48.343211, -16.318257199999941 ], [ -48.343421299999939, -16.318066699999953 ], [ -48.343538099999932, -16.317853699999937 ], [ -48.34376009999994, -16.317708 ], [ -48.344052099999949, -16.317696899999923 ], [ -48.344425899999983, -16.317786599999984 ], [ -48.345056499999941, -16.318156599999956 ], [ -48.345675499999977, -16.318728399999937 ], [ -48.34602579999995, -16.319288899999947 ], [ -48.346329299999987, -16.320163299999944 ], [ -48.346481099999956, -16.320566899999967 ], [ -48.346714699999943, -16.320802299999979 ], [ -48.347018299999938, -16.320903199999965 ], [ -48.347520599999939, -16.320936899999936 ], [ -48.348116299999951, -16.320836099999948 ], [ -48.348653599999977, -16.320645599999967 ], [ -48.34944789999998, -16.32018619999997 ], [ -48.350382399999944, -16.319603399999945 ], [ -48.351270099999958, -16.319188799999949 ], [ -48.351924199999985, -16.318975899999948 ], [ -48.352835299999974, -16.318841399999933 ], [ -48.3539229, -16.31869579999994 ], [ -48.354612, -16.318628699999959 ], [ -48.355359599999986, -16.31866239999993 ], [ -48.355791699999941, -16.31864 ], [ -48.356107099999974, -16.318471899999967 ], [ -48.35644579999996, -16.318124399999927 ], [ -48.356749599999944, -16.317530399999953 ], [ -48.35681969999996, -16.317059599999947 ], [ -48.35676129999996, -16.316734499999939 ], [ -48.356551099999933, -16.316364599999915 ], [ -48.35635259999998, -16.316140399999934 ], [ -48.356294199999979, -16.315837699999971 ], [ -48.356352699999945, -16.315557499999947 ], [ -48.356598, -16.315344499999973 ], [ -48.357006799999972, -16.315142799999926 ], [ -48.357392199999936, -16.315098 ], [ -48.357836, -16.31518769999996 ], [ -48.358268199999941, -16.315512799999965 ], [ -48.358606799999961, -16.316084499999921 ], [ -48.358922099999965, -16.316970099999939 ], [ -48.359027199999957, -16.317474499999935 ], [ -48.359027099999935, -16.317855599999984 ], [ -48.358945299999959, -16.318427299999929 ], [ -48.358945299999959, -16.318864499999954 ], [ -48.359050299999979, -16.319290399999936 ], [ -48.359200699999981, -16.319738 ], [ -48.359377299999949, -16.32006929999994 ], [ -48.359656599999944, -16.320311599999965 ], [ -48.360162199999934, -16.320627499999937 ], [ -48.360964899999942, -16.32094339999998 ], [ -48.361735399999986, -16.321328599999962 ], [ -48.362353399999961, -16.321798499999939 ], [ -48.36301949999995, -16.322407099999964 ], [ -48.363717799999961, -16.322907799999928 ], [ -48.364375899999978, -16.323192799999951 ], [ -48.365170499999977, -16.323477899999936 ], [ -48.365732299999934, -16.323601199999924 ], [ -48.366221899999978, -16.323578099999956 ], [ -48.366551, -16.323485699999939 ], [ -48.366823899999986, -16.323208399999942 ], [ -48.367016499999977, -16.322892599999943 ], [ -48.367120899999975, -16.322468899999937 ], [ -48.367112899999938, -16.322053 ], [ -48.367088799999976, -16.321660099999978 ], [ -48.367129, -16.321224199999971 ], [ -48.367233399999982, -16.320492399999974 ], [ -48.367305599999959, -16.31983 ], [ -48.367321699999934, -16.319183 ], [ -48.367353899999955, -16.318474299999941 ], [ -48.367426099999939, -16.318112299999942 ], [ -48.367642799999942, -16.317627 ], [ -48.367723099999978, -16.317203399999979 ], [ -48.367658899999981, -16.316779699999937 ], [ -48.367461799999944, -16.316486599999955 ], [ -48.367004399999985, -16.316101399999976 ], [ -48.366715499999941, -16.315808699999934 ], [ -48.366619199999953, -16.315531399999927 ], [ -48.366603099999963, -16.315261799999973 ], [ -48.366699399999959, -16.314930599999965 ], [ -48.366763699999986, -16.314591599999968 ], [ -48.366763699999979, -16.314237299999949 ], [ -48.366707499999961, -16.313859899999958 ], [ -48.366683499999965, -16.313474699999954 ], [ -48.36678779999994, -16.313120399999946 ], [ -48.366980499999961, -16.312843099999945 ], [ -48.367269399999948, -16.312573499999917 ], [ -48.367542299999968, -16.312488799999922 ], [ -48.367751, -16.312504199999978 ], [ -48.367887399999979, -16.312619799999936 ], [ -48.368063899999981, -16.313012599999979 ], [ -48.368256499999973, -16.313428599999938 ], [ -48.368505299999981, -16.313713599999964 ], [ -48.36874609999996, -16.313852299999944 ], [ -48.369011, -16.313875399999983 ], [ -48.369267799999932, -16.313806099999969 ], [ -48.36946039999998, -16.313682799999981 ], [ -48.369556699999976, -16.313444099999984 ], [ -48.369540699999966, -16.313089699999978 ], [ -48.369384699999955, -16.31268539999996 ], [ -48.369170199999985, -16.312267599999934 ], [ -48.369073099999987, -16.311774699999937 ], [ -48.369156399999952, -16.311388399999935 ], [ -48.369259199999938, -16.311193499999948 ], [ -48.369428399999947, -16.311033099999971 ], [ -48.369683799999962, -16.310988799999951 ], [ -48.370089599999964, -16.311036 ], [ -48.370808, -16.311202 ], [ -48.371154899999958, -16.311242 ], [ -48.371314499999976, -16.311218 ], [ -48.371459, -16.311125599999961 ], [ -48.371640699999944, -16.310802399999943 ], [ -48.371904399999941, -16.310256299999942 ], [ -48.372168099999961, -16.309896599999956 ], [ -48.372501199999931, -16.309736799999929 ], [ -48.372751099999967, -16.309750099999963 ], [ -48.373056399999939, -16.310003199999933 ], [ -48.373278499999969, -16.310269599999984 ], [ -48.373583799999949, -16.310482799999939 ], [ -48.373864199999957, -16.310540499999941 ], [ -48.374093899999934, -16.310493299999962 ], [ -48.374281599999961, -16.310319199999981 ], [ -48.374350799999945, -16.3101119 ], [ -48.374330699999973, -16.309843899999979 ], [ -48.374256399999979, -16.30959359999996 ], [ -48.374114399999939, -16.309309 ], [ -48.373961699999938, -16.308908699999968 ], [ -48.373897, -16.308434799999919 ], [ -48.373941899999984, -16.307950599999963 ], [ -48.374121199999934, -16.30757379999995 ], [ -48.374549599999966, -16.307322099999965 ], [ -48.37497749999995, -16.307238699999974 ], [ -48.375416099999939, -16.307334399999949 ], [ -48.375854699999934, -16.307398399999954 ], [ -48.376282799999956, -16.307251899999923 ], [ -48.376557499999933, -16.307031399999968 ], [ -48.376744699999968, -16.306684399999934 ], [ -48.376745599999936, -16.306305399999939 ], [ -48.376647799999944, -16.305905199999934 ], [ -48.376440199999934, -16.305525699999968 ], [ -48.376013399999977, -16.305103799999934 ], [ -48.375809799999956, -16.304809599999949 ], [ -48.375668099999984, -16.304419799999938 ], [ -48.375636, -16.304072299999973 ], [ -48.375713499999968, -16.303746099999959 ], [ -48.376086899999962, -16.303546899999947 ], [ -48.37664639999997, -16.303463799999982 ], [ -48.377359299999966, -16.303528399999948 ], [ -48.378773399999943, -16.303899799999954 ], [ -48.379727399999986, -16.304070199999938 ], [ -48.380275299999937, -16.304145 ], [ -48.380626, -16.304272099999935 ], [ -48.380965799999956, -16.304399099999952 ], [ -48.381328, -16.304284 ], [ -48.381657599999983, -16.304032 ], [ -48.381800799999958, -16.303779599999917 ], [ -48.381834499999968, -16.30341129999994 ], [ -48.381627099999939, -16.302958099999966 ], [ -48.381309699999974, -16.302641699999981 ], [ -48.380882399999962, -16.302451299999966 ], [ -48.380487599999988, -16.30241889999996 ], [ -48.379960899999958, -16.302502099999963 ], [ -48.379467199999965, -16.302564199999946 ], [ -48.379138099999977, -16.302553 ], [ -48.37893, -16.302426299999986 ], [ -48.378777, -16.302194399999966 ], [ -48.378755899999938, -16.301816299999935 ], [ -48.378822299999968, -16.30152169999997 ], [ -48.379141199999943, -16.301164399999951 ], [ -48.37960239999996, -16.30092319999995 ], [ -48.380085199999947, -16.30085049999996 ], [ -48.380710299999976, -16.300925499999948 ], [ -48.3813239, -16.301200399999967 ], [ -48.381981299999957, -16.301528099999928 ], [ -48.382583599999975, -16.301950399999964 ], [ -48.383141699999953, -16.302541099999925 ], [ -48.383443599999964, -16.303004899999969 ], [ -48.38366179999997, -16.30353179999997 ], [ -48.384110299999982, -16.304069599999945 ], [ -48.384559099999926, -16.304523099999933 ], [ -48.384964699999955, -16.304608199999965 ], [ -48.386039799999935, -16.304536699999979 ] ] ], [ [ [ -48.376637299999977, -16.205894899999986 ], [ -48.379950699999938, -16.202326599999946 ], [ -48.379215599999959, -16.199480599999955 ], [ -48.381251199999951, -16.19884919999992 ], [ -48.380846, -16.197718299999977 ], [ -48.381590399999936, -16.197294299999964 ], [ -48.378282699999943, -16.191508099999968 ], [ -48.377764399999933, -16.191781299999956 ], [ -48.376699499999972, -16.192657799999942 ], [ -48.37517279999998, -16.193647299999945 ], [ -48.374239899999971, -16.19393 ], [ -48.372355099999943, -16.194118399999986 ], [ -48.37165779999998, -16.194391699999926 ], [ -48.37114889999998, -16.194872299999929 ], [ -48.370800199999969, -16.195484899999936 ], [ -48.370536299999969, -16.19648379999995 ], [ -48.370010099999945, -16.197607299999962 ], [ -48.370562399999983, -16.197907099999966 ], [ -48.371087099999961, -16.198205799999982 ], [ -48.371536799999951, -16.198473499999984 ], [ -48.371986499999934, -16.198761799999939 ], [ -48.372189899999967, -16.198967699999972 ], [ -48.372329, -16.199225 ], [ -48.372425299999975, -16.19942049999996 ], [ -48.372553699999969, -16.19962629999997 ], [ -48.372714199999962, -16.19989389999995 ], [ -48.372778199999971, -16.200202499999932 ], [ -48.372810099999981, -16.200531699999949 ], [ -48.372788499999956, -16.200871199999927 ], [ -48.372681099999966, -16.201251699999951 ], [ -48.372563, -16.201560199999964 ], [ -48.37239139999997, -16.201879 ], [ -48.372198399999945, -16.202156599999952 ], [ -48.372000599999978, -16.20231009999997 ], [ -48.371920199999977, -16.202415299999931 ], [ -48.371883499999967, -16.202569499999978 ], [ -48.371890699999945, -16.202744899999978 ], [ -48.371963599999958, -16.202941299999956 ], [ -48.372087599999986, -16.203165799999976 ], [ -48.372284699999966, -16.203334299999941 ], [ -48.37246719999996, -16.203425599999949 ], [ -48.372679, -16.20348179999996 ], [ -48.37292, -16.203531099999967 ], [ -48.373058699999945, -16.203594299999956 ], [ -48.373248499999931, -16.203727699999945 ], [ -48.373467499999954, -16.203917199999982 ], [ -48.373701099999948, -16.204106699999965 ], [ -48.373932699999962, -16.20428249999997 ], [ -48.374180899999942, -16.20443 ], [ -48.374451, -16.204612499999936 ], [ -48.374589699999952, -16.204752899999963 ], [ -48.374721, -16.20492129999997 ], [ -48.374757399999964, -16.20509659999993 ], [ -48.374706199999927, -16.205307 ], [ -48.374603799999932, -16.205475299999936 ], [ -48.374340699999948, -16.205664399999936 ], [ -48.374085, -16.205839599999941 ], [ -48.373836599999947, -16.205993699999954 ], [ -48.373566199999971, -16.206126799999918 ], [ -48.373332399999981, -16.206252899999981 ], [ -48.373157099999958, -16.206344 ], [ -48.373040099999969, -16.206463099999951 ], [ -48.373003499999975, -16.206631399999928 ], [ -48.372996099999966, -16.206785699999958 ], [ -48.373032499999972, -16.20694 ], [ -48.37312, -16.207122499999969 ], [ -48.373251299999936, -16.207325899999937 ], [ -48.373373099999981, -16.207559199999928 ], [ -48.373489799999959, -16.207797699999954 ], [ -48.373548099999937, -16.208001199999948 ], [ -48.373577199999943, -16.20820459999992 ], [ -48.373591599999941, -16.208408 ], [ -48.373569599999939, -16.208639399999974 ], [ -48.373489099999972, -16.208863799999968 ], [ -48.373394, -16.209039 ], [ -48.37335, -16.209214399999954 ], [ -48.373313399999972, -16.209410699999985 ], [ -48.37332779999997, -16.209642199999955 ], [ -48.373371399999947, -16.209957799999916 ], [ -48.373407599999958, -16.210420699999922 ], [ -48.37342909999996, -16.210947899999937 ], [ -48.373472599999964, -16.211438899999955 ], [ -48.373516199999983, -16.211747499999937 ], [ -48.373574499999968, -16.211993 ], [ -48.373727699999961, -16.212245599999964 ], [ -48.373917399999982, -16.212491199999924 ], [ -48.37417419999997, -16.212835 ], [ -48.37437129999995, -16.21310159999997 ], [ -48.374619399999972, -16.213333199999976 ], [ -48.374904, -16.213691099999949 ], [ -48.375064599999973, -16.213929699999941 ], [ -48.375166699999966, -16.214119099999955 ], [ -48.375246899999986, -16.214357599999968 ], [ -48.375246699999934, -16.214568 ], [ -48.37521, -16.214804099999967 ], [ -48.3751587, -16.215077599999969 ], [ -48.37503439999994, -16.215323 ], [ -48.376529499999954, -16.217114599999935 ], [ -48.377842199999968, -16.219173 ], [ -48.379816399999982, -16.220238899999984 ], [ -48.383708399999932, -16.217732099999978 ], [ -48.379373499999986, -16.213171 ], [ -48.379262699999977, -16.210476 ], [ -48.381884, -16.210640399999928 ], [ -48.382174699999958, -16.209488699999952 ], [ -48.37882, -16.208229599999971 ], [ -48.376637299999977, -16.205894899999986 ] ] ], [ [ [ -48.426835199999978, -16.144046699999937 ], [ -48.426757499999958, -16.144158 ], [ -48.42668759999998, -16.144256299999945 ], [ -48.425907299999942, -16.145353899999982 ], [ -48.425147399999958, -16.146261599999931 ], [ -48.42423789999998, -16.147573099999939 ], [ -48.423881599999959, -16.148164699999938 ], [ -48.423635499999932, -16.148606099999924 ], [ -48.423470699999939, -16.148669099999953 ], [ -48.423279099999945, -16.148729399999976 ], [ -48.422954699999934, -16.148774 ], [ -48.42256359999994, -16.148827799999928 ], [ -48.422079599999961, -16.148852199999951 ], [ -48.421450499999935, -16.148839199999934 ], [ -48.420250799999955, -16.14892649999997 ], [ -48.420189, -16.148931 ], [ -48.420274399999983, -16.149031199999968 ], [ -48.421017599999971, -16.149617499999984 ], [ -48.421467799999959, -16.149862799999944 ], [ -48.421506699999945, -16.149884 ], [ -48.42170109999995, -16.150131699999978 ], [ -48.42238779999996, -16.150752599999979 ], [ -48.4225383, -16.150865399999933 ], [ -48.422808, -16.151006499999941 ], [ -48.423350399999947, -16.151222899999947 ], [ -48.423696799999966, -16.151382099999978 ], [ -48.423814499999935, -16.151436099999962 ], [ -48.424626599999954, -16.151912699999961 ], [ -48.424883699999953, -16.152085199999934 ], [ -48.425169, -16.152339099999942 ], [ -48.42524549999996, -16.152412199999951 ], [ -48.425382199999945, -16.152543 ], [ -48.425730299999941, -16.15279379999993 ], [ -48.426128499999948, -16.153076 ], [ -48.426247499999938, -16.153178399999948 ], [ -48.426214099999981, -16.153092699999938 ], [ -48.426139, -16.152580799999967 ], [ -48.426123199999957, -16.152473099999956 ], [ -48.426115699999968, -16.152431699999955 ], [ -48.425944399999935, -16.151491499999953 ], [ -48.425963099999933, -16.151444499999965 ], [ -48.427282099999957, -16.148128299999929 ], [ -48.427694899999949, -16.1470361 ], [ -48.427699699999948, -16.147023599999955 ], [ -48.429856699999966, -16.146339799999957 ], [ -48.430475899999976, -16.146147 ], [ -48.430900899999983, -16.146010299999944 ], [ -48.431863599999978, -16.14571449999994 ], [ -48.432409, -16.145546 ], [ -48.4326243, -16.145474699999969 ], [ -48.433361099999956, -16.145230799999975 ], [ -48.43377049999998, -16.14509319999997 ], [ -48.434021099999946, -16.144993599999967 ], [ -48.434015, -16.144984499999975 ], [ -48.433805399999983, -16.144780399999942 ], [ -48.433605399999969, -16.144556199999958 ], [ -48.433441799999969, -16.144313799999956 ], [ -48.433284199999953, -16.144053199999981 ], [ -48.4331873, -16.143756299999954 ], [ -48.433084299999969, -16.143568399999928 ], [ -48.432884299999955, -16.143392699999925 ], [ -48.432424899999937, -16.143294799999978 ], [ -48.432666099999956, -16.143053299999952 ], [ -48.433023699999978, -16.142926099999951 ], [ -48.433163, -16.142804899999927 ], [ -48.43315089999993, -16.142544299999944 ], [ -48.433247899999969, -16.142350399999934 ], [ -48.433484199999953, -16.142071699999981 ], [ -48.433799299999976, -16.14184749999993 ], [ -48.434114399999942, -16.141647499999976 ], [ -48.434484099999963, -16.141368799999956 ], [ -48.434896099999946, -16.141156699999943 ], [ -48.43544749999996, -16.140811299999935 ], [ -48.435932299999934, -16.1406416 ], [ -48.436277699999948, -16.140502199999951 ], [ -48.436532199999931, -16.140368899999949 ], [ -48.436592799999971, -16.14024169999993 ], [ -48.436489799999947, -16.140102299999977 ], [ -48.436223199999972, -16.140059899999926 ], [ -48.435869499999967, -16.140114799999932 ], [ -48.434950599999979, -16.140187099999935 ], [ -48.434029599999974, -16.13964169999997 ], [ -48.433811399999968, -16.13926 ], [ -48.433690199999944, -16.138629799999926 ], [ -48.433514499999944, -16.138629799999944 ], [ -48.432805499999979, -16.138866099999966 ], [ -48.432278299999957, -16.138805499999929 ], [ -48.431829899999975, -16.138684299999969 ], [ -48.431514799999945, -16.138260099999965 ], [ -48.43143, -16.137920799999961 ], [ -48.431363299999923, -16.137629899999986 ], [ -48.431223899999971, -16.137454199999986 ], [ -48.430957299999932, -16.137223899999974 ], [ -48.430575599999941, -16.13683 ], [ -48.430399799999975, -16.136466499999933 ], [ -48.430205899999983, -16.136163499999945 ], [ -48.430005899999969, -16.135939299999961 ], [ -48.429848399999969, -16.135721099999955 ], [ -48.429775699999936, -16.135515099999949 ], [ -48.429418199999986, -16.135563599999951 ], [ -48.429430299999979, -16.135224199999978 ], [ -48.429484799999955, -16.134963699999954 ], [ -48.42955749999993, -16.134751599999952 ], [ -48.429599899999978, -16.134539499999946 ], [ -48.429642399999985, -16.134315299999951 ], [ -48.429678699999954, -16.134097099999956 ], [ -48.429927199999952, -16.133872899999982 ], [ -48.430199899999941, -16.133642699999935 ], [ -48.430466499999966, -16.1334548 ], [ -48.430666399999943, -16.133248799999944 ], [ -48.430951299999947, -16.133109399999963 ], [ -48.431223899999964, -16.133115499999967 ], [ -48.431593599999985, -16.133115499999985 ], [ -48.431884399999944, -16.133121499999955 ], [ -48.43229039999995, -16.132879099999972 ], [ -48.432623699999965, -16.132721599999961 ], [ -48.432975199999923, -16.132673099999973 ], [ -48.433332699999944, -16.132733699999964 ], [ -48.433684199999959, -16.132897299999957 ], [ -48.433944699999984, -16.133067 ], [ -48.43408409999995, -16.133109399999963 ], [ -48.434184099999982, -16.133038199999941 ], [ -48.43419849999998, -16.132916099999932 ], [ -48.434162899999933, -16.132770099999949 ], [ -48.434011399999974, -16.132594299999937 ], [ -48.433762899999977, -16.132485299999939 ], [ -48.433550899999943, -16.132394399999963 ], [ -48.433363, -16.132321599999965 ], [ -48.432957, -16.131703599999966 ], [ -48.432591199999941, -16.131053799999954 ], [ -48.432381299999982, -16.130418899999938 ], [ -48.43212079999995, -16.130225 ], [ -48.431932899999936, -16.130079599999934 ], [ -48.431811699999976, -16.129982599999948 ], [ -48.431872299999952, -16.129831099999929 ], [ -48.432181399999926, -16.129503899999978 ], [ -48.432587399999932, -16.129285699999954 ], [ -48.433005499999979, -16.129091799999962 ], [ -48.435637899999961, -16.127061499999968 ], [ -48.433941699999934, -16.126396799999942 ], [ -48.433505399999945, -16.126009 ], [ -48.432947899999931, -16.126348299999965 ], [ -48.432535899999948, -16.125984699999954 ], [ -48.43289759999994, -16.125646499999956 ], [ -48.433179299999956, -16.125413199999972 ], [ -48.433506499999972, -16.125225399999977 ], [ -48.433676199999979, -16.125067799999957 ], [ -48.433818599999931, -16.124983 ], [ -48.43409429999997, -16.12498 ], [ -48.434376099999952, -16.124961799999944 ], [ -48.434706399999982, -16.125016299999974 ], [ -48.435019399999931, -16.125009899999942 ], [ -48.435306299999986, -16.124898099999943 ], [ -48.435445599999987, -16.124843599999959 ], [ -48.433408499999985, -16.123197299999962 ], [ -48.430807, -16.121210799999972 ], [ -48.432812699999943, -16.119017199999981 ], [ -48.437636199999986, -16.118865699999954 ], [ -48.437663499999985, -16.118593 ], [ -48.438239199999934, -16.118665799999967 ], [ -48.43921169999993, -16.119308099999955 ], [ -48.440102499999959, -16.120589699999982 ], [ -48.442241599999932, -16.120156399999928 ], [ -48.441581099999951, -16.116811499999933 ], [ -48.441582299999929, -16.116554699999945 ], [ -48.441068499999965, -16.113577299999978 ], [ -48.441059199999984, -16.113523699999963 ], [ -48.441044599999941, -16.113439299999968 ], [ -48.44104009999996, -16.113413099999953 ], [ -48.441036599999968, -16.113392099999949 ], [ -48.44089519999995, -16.112554899999953 ], [ -48.432429799999966, -16.115039399999958 ], [ -48.430302299999937, -16.116313599999959 ], [ -48.430252699999983, -16.116343299999929 ], [ -48.426764, -16.11843279999993 ], [ -48.424352299999946, -16.1196811 ], [ -48.42383109999998, -16.118820699999954 ], [ -48.421207299999935, -16.11891159999993 ], [ -48.420195299999932, -16.119147899999973 ], [ -48.416050499999983, -16.118057099999938 ], [ -48.415123299999948, -16.117711699999962 ], [ -48.410627099999942, -16.118341899999965 ], [ -48.410621499999934, -16.118341199999978 ], [ -48.410562399999939, -16.118333699999933 ], [ -48.401864799999942, -16.11722089999995 ], [ -48.400452799999989, -16.116954299999982 ], [ -48.40096189999997, -16.114651599999956 ], [ -48.401077, -16.114609199999961 ], [ -48.401345099999958, -16.113336599999961 ], [ -48.400415699999947, -16.114091099999932 ], [ -48.400188799999967, -16.114152299999947 ], [ -48.399279499999977, -16.113659299999927 ], [ -48.397825199999936, -16.113604799999944 ], [ -48.397148, -16.113877499999948 ], [ -48.396502699999985, -16.113854699999941 ], [ -48.396532199999967, -16.112960899999944 ], [ -48.394799199999966, -16.112991199999946 ], [ -48.394428299999959, -16.112995399999935 ], [ -48.394396899999954, -16.112995799999968 ], [ -48.394401799999969, -16.113009699999967 ], [ -48.394469699999945, -16.113204799999952 ], [ -48.394513599999982, -16.113433599999958 ], [ -48.394543899999981, -16.113777499999962 ], [ -48.394772499999931, -16.114477 ], [ -48.394807599999979, -16.114691099999963 ], [ -48.394810499999942, -16.114709199999929 ], [ -48.394821099999945, -16.114894 ], [ -48.394613599999957, -16.115143899999961 ], [ -48.394356699999953, -16.115409299999943 ], [ -48.394301699999971, -16.115466099999935 ], [ -48.39417629999997, -16.115521899999969 ], [ -48.394021199999941, -16.115590799999939 ], [ -48.392910799999981, -16.116066499999938 ], [ -48.392803, -16.11612769999995 ], [ -48.392603799999961, -16.116240699999953 ], [ -48.393126699999982, -16.116668 ], [ -48.39340239999995, -16.116869399999935 ], [ -48.393761399999967, -16.117096699999944 ], [ -48.394309799999981, -16.117381499999968 ], [ -48.394865799999934, -16.117602699999967 ], [ -48.394886399999969, -16.11760879999996 ], [ -48.395359699999972, -16.11775109999996 ], [ -48.395889899999986, -16.117849599999946 ], [ -48.396600399999954, -16.117970799999956 ], [ -48.396967699999948, -16.118025399999954 ], [ -48.396952299999953, -16.118061099999984 ], [ -48.39691879999998, -16.118139099999958 ], [ -48.396910699999971, -16.118157899999979 ], [ -48.396891799999935, -16.118202 ], [ -48.396872299999977, -16.118247499999949 ], [ -48.396745499999952, -16.118521099999963 ], [ -48.396325099999963, -16.119225299999979 ], [ -48.394385299999954, -16.122474 ], [ -48.395192299999962, -16.123113 ], [ -48.400798899999984, -16.123682399999943 ], [ -48.401504199999984, -16.121512199999923 ], [ -48.402198399999982, -16.12174749999998 ], [ -48.404625099999976, -16.121843599999966 ], [ -48.404849899999938, -16.121735699999935 ], [ -48.405524399999933, -16.121577199999944 ], [ -48.405841799999969, -16.121558199999971 ], [ -48.405874899999958, -16.121558199999971 ], [ -48.406000599999963, -16.121475699999966 ], [ -48.406305599999939, -16.121108799999949 ], [ -48.407255299999974, -16.121570499999972 ], [ -48.409171599999986, -16.122214599999946 ], [ -48.410310599999939, -16.122462499999934 ], [ -48.410952699999946, -16.122527399999978 ], [ -48.411567, -16.122539099999919 ], [ -48.415831899999937, -16.122334799999976 ], [ -48.417566599999986, -16.122210899999974 ], [ -48.422689899999973, -16.121960399999985 ], [ -48.42300739999996, -16.121943499999933 ], [ -48.423592299999939, -16.13154389999994 ], [ -48.423595299999938, -16.131592699999935 ], [ -48.423787199999929, -16.134741399999928 ], [ -48.426548799999978, -16.135930799999926 ], [ -48.426584899999973, -16.135946399999963 ], [ -48.426671599999963, -16.137110299999957 ], [ -48.426729199999954, -16.138096499999975 ], [ -48.426822499999957, -16.139710199999971 ], [ -48.426827599999967, -16.139799299999936 ], [ -48.426844299999978, -16.142200399999982 ], [ -48.426844299999971, -16.143821399999986 ], [ -48.426835199999978, -16.144046699999937 ] ] ], [ [ [ -48.357892699999979, -16.144952399999969 ], [ -48.357448899999959, -16.143966399999957 ], [ -48.356734, -16.143645899999964 ], [ -48.355415099999952, -16.143658199999955 ], [ -48.354441399999978, -16.143855399999939 ], [ -48.352974599999982, -16.144028 ], [ -48.352296699999954, -16.143941699999957 ], [ -48.351754299999982, -16.144052599999949 ], [ -48.3517174, -16.143004899999941 ], [ -48.351865299999986, -16.142117499999916 ], [ -48.352259699999934, -16.141353299999931 ], [ -48.352333699999974, -16.140527399999943 ], [ -48.352136399999949, -16.139787899999913 ], [ -48.352025499999975, -16.139331799999987 ], [ -48.353738799999981, -16.137692499999954 ], [ -48.353960699999966, -16.136915899999966 ], [ -48.353812799999957, -16.13634889999998 ], [ -48.353295099999976, -16.135855899999967 ], [ -48.352580199999977, -16.13547379999995 ], [ -48.353356699999942, -16.134968399999934 ], [ -48.356869599999982, -16.135831199999924 ], [ -48.358003599999968, -16.136583099999942 ], [ -48.35874309999997, -16.136768 ], [ -48.359593599999982, -16.137236399999949 ], [ -48.360136, -16.137976 ], [ -48.362132799999983, -16.138284099999961 ], [ -48.362342299999966, -16.135979199999944 ], [ -48.363143499999978, -16.135942199999931 ], [ -48.363192799999979, -16.135387499999986 ], [ -48.361997199999962, -16.135301199999962 ], [ -48.361775299999984, -16.132663499999968 ], [ -48.36120829999993, -16.13238 ], [ -48.360407099999982, -16.132232099999946 ], [ -48.359384099999943, -16.132232099999939 ], [ -48.358693799999969, -16.132059499999958 ], [ -48.357960399999961, -16.131535699999983 ], [ -48.356999, -16.130586599999948 ], [ -48.356314899999973, -16.129538899999947 ], [ -48.355821899999967, -16.129452599999983 ], [ -48.35587739999994, -16.128614399999947 ], [ -48.355889699999985, -16.128059699999927 ], [ -48.355519899999933, -16.127381799999966 ], [ -48.354201, -16.12674089999997 ], [ -48.353732699999966, -16.126334099999941 ], [ -48.353794299999947, -16.12564389999995 ], [ -48.353929899999969, -16.12469479999994 ], [ -48.353757299999984, -16.124004499999952 ], [ -48.353510799999988, -16.123215699999943 ], [ -48.357566, -16.120627199999937 ], [ -48.360770799999955, -16.119838299999973 ], [ -48.36056119999995, -16.11840849999993 ], [ -48.362212899999975, -16.116399399999963 ], [ -48.363420799999979, -16.115117499999933 ], [ -48.364949199999948, -16.114082099999962 ], [ -48.366561599999955, -16.112207099999974 ], [ -48.36687569999998, -16.112461299999939 ], [ -48.366879099999949, -16.112464 ], [ -48.367457799999954, -16.112885199999944 ], [ -48.368182, -16.113267 ], [ -48.368475199999978, -16.113512 ], [ -48.368727299999932, -16.113722799999952 ], [ -48.368761599999978, -16.113751399999956 ], [ -48.368772799999924, -16.113760799999962 ], [ -48.369048499999963, -16.113988099999979 ], [ -48.369436699999937, -16.114386199999942 ], [ -48.369609, -16.114530399999978 ], [ -48.369912, -16.114851599999934 ], [ -48.369926599999978, -16.114865699999942 ], [ -48.370039299999974, -16.114974799999967 ], [ -48.37058769999993, -16.115506 ], [ -48.370829799999967, -16.115707199999974 ], [ -48.370933399999956, -16.115793399999983 ], [ -48.371066799999944, -16.115904299999947 ], [ -48.371339399999961, -16.116130699999928 ], [ -48.371649399999967, -16.116388399999959 ], [ -48.371914699999934, -16.116608899999967 ], [ -48.372082299999938, -16.116748699999953 ], [ -48.37246209999995, -16.117065499999971 ], [ -48.372481299999947, -16.117081499999912 ], [ -48.372824, -16.117342299999954 ], [ -48.373487199999943, -16.117863199999924 ], [ -48.373959899999939, -16.118172299999973 ], [ -48.374307399999964, -16.118344899999958 ], [ -48.374712399999957, -16.118514599999973 ], [ -48.375141499999984, -16.118651 ], [ -48.375161399999968, -16.118655699999969 ], [ -48.375411299999939, -16.118715399999932 ], [ -48.375483899999949, -16.118732799999982 ], [ -48.375741399999988, -16.118787299999955 ], [ -48.376135, -16.118832299999955 ], [ -48.376756799999953, -16.118844899999935 ], [ -48.377122, -16.118808 ], [ -48.377287399999943, -16.118798199999954 ], [ -48.377286299999987, -16.118766 ], [ -48.377288499999963, -16.118496299999936 ], [ -48.377304099999954, -16.118174499999945 ], [ -48.377417299999927, -16.117803899999952 ], [ -48.377392799999939, -16.117464299999931 ], [ -48.377395099999951, -16.117009299999957 ], [ -48.377508299999931, -16.116523199999968 ], [ -48.377517099999977, -16.116252399999951 ], [ -48.377490499999972, -16.115957199999972 ], [ -48.377503799999943, -16.115786299999982 ], [ -48.37747939999997, -16.115380099999985 ], [ -48.377437199999974, -16.115007199999983 ], [ -48.377235299999938, -16.11463879999997 ], [ -48.377202, -16.114117199999956 ], [ -48.377179799999965, -16.113755399999945 ], [ -48.377130899999941, -16.113331499999958 ], [ -48.377088799999967, -16.113098399999956 ], [ -48.3769822, -16.112854299999974 ], [ -48.376847699999985, -16.112575599999946 ], [ -48.376671499999986, -16.112323799999949 ], [ -48.376669299999953, -16.112206199999957 ], [ -48.376644899999974, -16.112117399999917 ], [ -48.376684799999964, -16.111995299999933 ], [ -48.376727, -16.11187549999994 ], [ -48.376700299999982, -16.11173789999998 ], [ -48.376673699999976, -16.111638 ], [ -48.376694099999952, -16.111519899999951 ], [ -48.37665149999998, -16.111371599999934 ], [ -48.376591599999983, -16.111080899999926 ], [ -48.376551599999971, -16.110765699999945 ], [ -48.376464, -16.110236899999958 ], [ -48.376428199999971, -16.110132599999929 ], [ -48.376323, -16.109584899999962 ], [ -48.376358499999981, -16.10907 ], [ -48.37502029999996, -16.103791199999918 ], [ -48.37498439999996, -16.103619 ], [ -48.374851399999955, -16.103631199999935 ], [ -48.374795799999958, -16.10369089999994 ], [ -48.374703599999975, -16.103738299999968 ], [ -48.374523199999942, -16.10376 ], [ -48.373990199999987, -16.103754599999945 ], [ -48.37357929999996, -16.103722099999967 ], [ -48.373019199999931, -16.103701699999931 ], [ -48.372608299999968, -16.103718 ], [ -48.372563499999956, -16.103713899999949 ], [ -48.372523, -16.103712199999961 ], [ -48.372374399999956, -16.103755199999959 ], [ -48.372252199999934, -16.10377259999996 ], [ -48.372129899999955, -16.103814199999928 ], [ -48.372041599999932, -16.103880399999984 ], [ -48.371909499999965, -16.104012 ], [ -48.371785799999941, -16.104189699999957 ], [ -48.371620899999989, -16.104388799999978 ], [ -48.371598399999982, -16.104415899999928 ], [ -48.371474, -16.10452939999994 ], [ -48.371323899999936, -16.104559399999964 ], [ -48.371199199999978, -16.104550199999942 ], [ -48.371031299999977, -16.104584199999984 ], [ -48.370607, -16.104830599999968 ], [ -48.370044899999982, -16.105154 ], [ -48.369700899999941, -16.105297699999923 ], [ -48.369465199999979, -16.10539679999993 ], [ -48.369257199999943, -16.10548429999994 ], [ -48.36887, -16.105519 ], [ -48.368722, -16.105515099999945 ], [ -48.368397899999934, -16.105530199999968 ], [ -48.368159799999944, -16.105682899999977 ], [ -48.368119099999944, -16.105709 ], [ -48.367778899999962, -16.105997099999982 ], [ -48.367604499999963, -16.106087199999923 ], [ -48.367537899999952, -16.106068199999985 ], [ -48.367418599999951, -16.106034099999931 ], [ -48.366881499999977, -16.106074499999984 ], [ -48.366515399999969, -16.106121799999968 ], [ -48.36624739999997, -16.106148699999952 ], [ -48.366031499999963, -16.106162299999937 ], [ -48.365817799999945, -16.106151899999929 ], [ -48.365609899999988, -16.106089499999928 ], [ -48.365476, -16.106080299999974 ], [ -48.365384699999936, -16.106111499999948 ], [ -48.365248399999984, -16.106201499999948 ], [ -48.365064799999978, -16.106401299999952 ], [ -48.36483839999994, -16.106618499999971 ], [ -48.364676799999984, -16.106752399999937 ], [ -48.36433489999996, -16.106955699999958 ], [ -48.364159299999983, -16.107029599999976 ], [ -48.364066899999962, -16.107140499999964 ], [ -48.364020799999935, -16.107219 ], [ -48.363973399999963, -16.107356499999966 ], [ -48.36386369999996, -16.107515899999949 ], [ -48.363740099999973, -16.107647499999917 ], [ -48.363535099999979, -16.107880199999954 ], [ -48.363362399999964, -16.108035599999926 ], [ -48.363175299999966, -16.108121 ], [ -48.362975499999941, -16.108123299999939 ], [ -48.362768799999962, -16.108101399999946 ], [ -48.362564399999947, -16.108115299999941 ], [ -48.362387199999944, -16.108213299999935 ], [ -48.36238069999996, -16.10821689999996 ], [ -48.362245599999937, -16.108253799999943 ], [ -48.36222829999997, -16.108258499999966 ], [ -48.362004199999937, -16.108263099999924 ], [ -48.361765199999979, -16.108307 ], [ -48.361740499999947, -16.108341499999941 ], [ -48.361605899999972, -16.108529799999925 ], [ -48.3616, -16.108538 ], [ -48.361458, -16.108512 ], [ -48.361113699999976, -16.108469499999956 ], [ -48.360994799999958, -16.108467499999968 ], [ -48.360822499999983, -16.108464599999927 ], [ -48.360410399999978, -16.108494899999972 ], [ -48.36001959999993, -16.108543399999963 ], [ -48.359616599999981, -16.10867979999994 ], [ -48.357939199999976, -16.109443799999951 ], [ -48.356045499999944, -16.110231299999942 ], [ -48.355022399999939, -16.110579499999972 ], [ -48.354349399999933, -16.110688399999948 ], [ -48.35264049999995, -16.110816199999924 ], [ -48.351287899999932, -16.110893499999982 ], [ -48.35127829999994, -16.111007099999931 ], [ -48.350988799999982, -16.111723799999933 ], [ -48.35101659999998, -16.112225599999942 ], [ -48.351435599999945, -16.113650499999952 ], [ -48.351687399999953, -16.113883599999959 ], [ -48.352228199999956, -16.114116799999987 ], [ -48.352312099999956, -16.114206399999929 ], [ -48.352363, -16.115166099999957 ], [ -48.352272, -16.115608199999929 ], [ -48.351487099999986, -16.11686579999996 ], [ -48.351350799999985, -16.117214499999925 ], [ -48.350935799999945, -16.117594199999921 ], [ -48.350488299999938, -16.117942699999951 ], [ -48.350326099999968, -16.118415899999938 ], [ -48.350345299999965, -16.118783399999941 ], [ -48.350604399999952, -16.119194499999928 ], [ -48.351148799999976, -16.119468699999974 ], [ -48.351344299999944, -16.119619799999956 ], [ -48.351418799999976, -16.119870699999989 ], [ -48.351269199999933, -16.120748599999949 ], [ -48.350919199999964, -16.121451699999962 ], [ -48.350914399999965, -16.121675699999972 ], [ -48.351819299999931, -16.123428199999971 ], [ -48.352312599999955, -16.124110499999976 ], [ -48.352747099999931, -16.124501499999958 ], [ -48.353051299999947, -16.124812899999931 ], [ -48.353087499999958, -16.125247399999989 ], [ -48.352848499999936, -16.125703599999937 ], [ -48.352785799999936, -16.12602489999994 ], [ -48.352701399999951, -16.126211799999947 ], [ -48.352614299999978, -16.126436699999932 ], [ -48.352701, -16.126768399999943 ], [ -48.352959899999981, -16.127090899999924 ], [ -48.353569599999958, -16.12742819999994 ], [ -48.354270799999938, -16.127736399999929 ], [ -48.354952199999964, -16.127989499999959 ], [ -48.355271399999943, -16.128305399999942 ], [ -48.355337, -16.12863029999993 ], [ -48.355252299999968, -16.129072299999965 ], [ -48.354989199999977, -16.129397 ], [ -48.353759399999952, -16.130602199999938 ], [ -48.353078599999947, -16.131201099999938 ], [ -48.352514099999951, -16.131552199999934 ], [ -48.351995399999964, -16.131918 ], [ -48.351552899999945, -16.132313099999958 ], [ -48.351430499999935, -16.132752499999974 ], [ -48.351521499999933, -16.133367699999944 ], [ -48.35161259999996, -16.133953699999946 ], [ -48.351520799999953, -16.134246599999916 ], [ -48.351396299999976, -16.134559399999944 ], [ -48.350940499999986, -16.13533829999994 ], [ -48.350589199999945, -16.136026399999928 ], [ -48.350451699999958, -16.136348499999951 ], [ -48.350526199999933, -16.136570799999948 ], [ -48.350737599999945, -16.136757299999939 ], [ -48.351019599999979, -16.13685909999997 ], [ -48.351372199999965, -16.136757799999934 ], [ -48.351813, -16.136605699999976 ], [ -48.352189499999952, -16.136392099999966 ], [ -48.35255159999997, -16.136334199999972 ], [ -48.353029499999941, -16.136413899999976 ], [ -48.353320199999985, -16.136696899999944 ], [ -48.353333699999951, -16.136993199999953 ], [ -48.353304699999967, -16.137232099999938 ], [ -48.353094699999986, -16.137521799999934 ], [ -48.352797799999962, -16.137804199999945 ], [ -48.35214609999997, -16.138253199999948 ], [ -48.351733299999978, -16.138571799999959 ], [ -48.351370299999985, -16.138976599999967 ], [ -48.351141, -16.139213499999986 ], [ -48.351052599999953, -16.139484399999962 ], [ -48.351158199999986, -16.139772299999954 ], [ -48.351412099999948, -16.140180799999939 ], [ -48.351549, -16.140576399999926 ], [ -48.351579199999946, -16.141030499999953 ], [ -48.351472099999974, -16.141455199999939 ], [ -48.351304099999936, -16.141748 ], [ -48.351075099999953, -16.142114 ], [ -48.351029, -16.142612 ], [ -48.35099809999997, -16.143051399999941 ], [ -48.351073899999967, -16.143578799999947 ], [ -48.351119299999937, -16.144018299999967 ], [ -48.351195299999972, -16.144369899999955 ], [ -48.351271099999956, -16.144785299999967 ], [ -48.351255499999986, -16.14521009999994 ], [ -48.351209399999966, -16.145693399999974 ], [ -48.351132799999959, -16.146118099999974 ], [ -48.350934299999956, -16.146440199999969 ], [ -48.350796799999955, -16.146791599999961 ], [ -48.3507049, -16.147245599999962 ], [ -48.350552, -16.147772799999935 ], [ -48.35058209999994, -16.148329499999935 ], [ -48.35056609999998, -16.149121299999933 ], [ -48.350504399999977, -16.149926799999953 ], [ -48.350430699999954, -16.150942099999941 ], [ -48.354834399999952, -16.15114529999995 ], [ -48.360474499999953, -16.152086599999969 ], [ -48.36099879999994, -16.150893499999935 ], [ -48.361233, -16.150129299999936 ], [ -48.361233, -16.149439099999931 ], [ -48.36120829999993, -16.148711799999941 ], [ -48.361356199999925, -16.14815719999995 ], [ -48.361738299999956, -16.147577899999934 ], [ -48.360481099999966, -16.146936899999954 ], [ -48.358656899999971, -16.146345299999943 ], [ -48.358237799999976, -16.145765899999962 ], [ -48.357892699999979, -16.144952399999969 ] ] ], [ [ [ -48.369878799999981, -16.100990399999954 ], [ -48.370028399999967, -16.101091099999969 ], [ -48.370553199999954, -16.101353499999949 ], [ -48.370657, -16.101481699999969 ], [ -48.370974299999943, -16.102149899999972 ], [ -48.371117699999957, -16.102275 ], [ -48.371551099999984, -16.102497799999973 ], [ -48.372487899999953, -16.10279069999995 ], [ -48.374096, -16.10266869999997 ], [ -48.374624699999977, -16.102622899999968 ], [ -48.374669699999977, -16.102582899999966 ], [ -48.374390299999959, -16.101259199999962 ], [ -48.37432519999993, -16.100970699999952 ], [ -48.374257399999976, -16.100697699999948 ], [ -48.374230299999965, -16.10052949999994 ], [ -48.374390299999959, -16.099601899999975 ], [ -48.374574799999948, -16.098441 ], [ -48.374688699999979, -16.097852399999958 ], [ -48.374691399999961, -16.097692299999952 ], [ -48.374619199999984, -16.097262099999963 ], [ -48.374558499999978, -16.096932899999949 ], [ -48.374498799999969, -16.096314399999923 ], [ -48.374460899999974, -16.095812599999924 ], [ -48.374384899999932, -16.095435599999977 ], [ -48.374246899999953, -16.094842299999971 ], [ -48.37415539999995, -16.094519799999937 ], [ -48.37411869999994, -16.094517799999959 ], [ -48.372451599999977, -16.093368399999978 ], [ -48.370262699999955, -16.09191589999995 ], [ -48.369845699999985, -16.091763299999965 ], [ -48.367941499999965, -16.091079799999935 ], [ -48.366385299999934, -16.090498 ], [ -48.365394599999952, -16.090115499999957 ], [ -48.365060899999953, -16.089932399999942 ], [ -48.36454139999995, -16.089647299999964 ], [ -48.364492299999938, -16.089814499999921 ], [ -48.364325799999961, -16.090114399999951 ], [ -48.364040499999938, -16.090392699999938 ], [ -48.363796699999973, -16.090556099999962 ], [ -48.36366339999995, -16.090573699999929 ], [ -48.363539199999941, -16.090551599999959 ], [ -48.363456499999984, -16.090480899999918 ], [ -48.363401299999964, -16.09034389999994 ], [ -48.363323299999934, -16.089875499999945 ], [ -48.363176399999986, -16.089354 ], [ -48.362923599999931, -16.088934199999922 ], [ -48.362707599999965, -16.088646899999947 ], [ -48.362601799999936, -16.088576099999962 ], [ -48.362482299999954, -16.088567299999973 ], [ -48.362371899999971, -16.088589299999967 ], [ -48.362261499999939, -16.088713 ], [ -48.361668, -16.089450699999929 ], [ -48.361345799999981, -16.090082399999975 ], [ -48.361161599999946, -16.090594899999935 ], [ -48.361170799999968, -16.090731899999987 ], [ -48.361258099999986, -16.090873299999938 ], [ -48.361373, -16.090970599999931 ], [ -48.361547799999983, -16.091014799999975 ], [ -48.361786899999977, -16.091001599999959 ], [ -48.362458399999987, -16.090807499999972 ], [ -48.362738899999947, -16.090781099999958 ], [ -48.363005599999958, -16.090825399999964 ], [ -48.363102199999958, -16.090953499999952 ], [ -48.363088299999959, -16.09114789999996 ], [ -48.362913399999968, -16.091417399999958 ], [ -48.362697199999957, -16.091580799999971 ], [ -48.362476399999942, -16.091691199999957 ], [ -48.362292499999967, -16.091708799999928 ], [ -48.362103899999966, -16.091651299999977 ], [ -48.361786699999982, -16.091558399999933 ], [ -48.361487699999941, -16.091562699999944 ], [ -48.360876, -16.091734799999934 ], [ -48.360394, -16.092173 ], [ -48.359999799999969, -16.092906099999951 ], [ -48.359934, -16.093410699999929 ], [ -48.359991299999933, -16.093647199999964 ], [ -48.360139, -16.093812899999929 ], [ -48.360188099999952, -16.094033699999958 ], [ -48.360188, -16.094325399999956 ], [ -48.360327299999938, -16.094767 ], [ -48.360884799999951, -16.096028699999987 ], [ -48.361032499999965, -16.096115499999939 ], [ -48.361409899999963, -16.096218199999953 ], [ -48.361672499999933, -16.096376 ], [ -48.36174619999997, -16.096849099999933 ], [ -48.36167219999993, -16.097046199999969 ], [ -48.36147039999998, -16.09726539999998 ], [ -48.361189, -16.097407899999947 ], [ -48.360939, -16.097460399999939 ], [ -48.360673299999981, -16.097452799999939 ], [ -48.36046239999996, -16.097392599999974 ], [ -48.359907599999985, -16.097362399999955 ], [ -48.359360699999975, -16.097482299999978 ], [ -48.35929219999997, -16.097543 ], [ -48.360785399999941, -16.098237899999955 ], [ -48.362176899999952, -16.098921499999971 ], [ -48.363763699999936, -16.099757599999965 ], [ -48.364819499999953, -16.100337299999975 ], [ -48.366180399999955, -16.101008699999966 ], [ -48.367553599999958, -16.100789 ], [ -48.368048, -16.100746199999946 ], [ -48.369207499999959, -16.10085 ], [ -48.369878799999981, -16.100990399999954 ] ] ] ] } }
]
}
